import,count
.,23218
numpy,17069
blaze,15824
os,13421
..,11110
sys,10853
torch,9351
matplotlib,6512
__future__,5593
scipy,4921
stdio.h,4581
argparse,4110
string.h,4097
stdint.h,3983
stdlib.h,3981
tensorflow,3866
typing,3826
time,3602
logging,3490
collections,3372
pandas,3272
math,3029
sklearn,2969
re,2900
boost,2881
json,2779
string,2716
django,2635
vector,2613
utils,2571
openssl,2545
keras,2408
mbedtls,2390
astropy,2357
datetime,2349
flwr,2258
iostream,2228
random,2166
math.h,1795
scripts,1747
subprocess,1625
abipy,1529
copy,1471
pathlib,1395
warnings,1393
fs,1364
itertools,1359
allennlp,1345
stdbool.h,1338
glob,1333
morph,1305
pickle,1290
common,1289
mozilla,1286
shutil,1269
gsl,1186
ggplot2,1111
ps,1070
stddef.h,1051
functools,1046
tqdm,1028
unistd.h,1000
aminer,994
algorithm,988
utility,981
torchvision,979
fstream,975
memory,922
java.util.list,911
openvdb,907
comma,893
util,891
lib,891
sdk_common.h,884
assert.h,866
map,852
manimlib,851
csv,826
cmath,818
models,804
multiprocessing,802
six,763
cv2,748
theano,746
pil,738
config.h,727
path,717
nrf_log.h,709
unicode,703
google,682
urllib,679
tempfile,672
simulation2,663
internal,660
time.h,654
io,649
dplyr,646
errno.h,645
mex.h,645
app_util.h,645
base,643
sstream,634
org.eclipse.emf.ecore.eobject,625
acados,606
sciwing,605
skpro,596
skimage,592
openatlas,587
js,587
antismash,585
linux,573
qualitycontrol,569
graphics,566
abc,562
renderer,562
h5py,553
gym,547
aleph,545
pinocchio,541
robosuite,533
grape,531
bio,524
baselines,524
streamflow,523
config,522
java.util.collection,520
sqlalchemy,507
requests,506
xml,500
precompiled.h,498
limits.h,497
java.util.arraylist,492
redis,488
sample_factory,488
nrf.h,479
pylab,473
secuml,473
ctype.h,467
igl,459
org.eclipse.emf.common.notify.notification,448
threading,445
cstdlib,445
ble_serialization.h,438
app_error.h,437
struct,432
org.eclipse.gmf.runtime.notation.view,429
fcntl.h,427
type_traits,427
ns3,426
app_config.h,423
cstring,416
cellranger,415
data.table,414
importlib,413
optparse,413
emane,409
qgis,406
networkx,399
tidyverse,399
sdk_config.h,399
opencv2,397
model,396
inspect,394
acolite,391
bluesky,390
test_support,389
windows.h,386
pthread.h,384
limits,383
gzip,374
org.eclipse.emf.ecore.eclass,371
stdarg.h,368
ble.h,368
flask,367
nordic_common.h,365
operator,364
cassert,362
sdk_errors.h,360
nrf_error.h,360
_process,359
pyqt5,358
eigen,356
set,352
pdb,352
hashlib,348
tools,348
traceback,346
detectron2,346
gensim,342
visvis,337
array,336
agi.foundation.compatibility.,335
tenkit,331
lizmap,330
llvm,328
enum,325
cond_field_serialization.h,324
list,317
ln-service,315
netinet,312
java.util.map,311
seaborn,307
javax.annotation.nonnull,307
optiga,307
maths,307
reshape2,305
nrfx.h,304
grid,303
java.util.iterator,301
docqa,300
theforce,299
dataclasses,298
caffe,298
socket,294
inttypes.h,294
functional,292
imgaug,291
nltk,290
utils.h,290
contextlib,283
pprint,281
builtins,281
chainer,281
scriptinterface,276
ase,271
spm1d,270
configparser,268
lasagne,268
yaml,267
queue,266
systemc,265
async,264
tkinter,263
plyr,263
sqlite3,263
ble_srv_common.h,262
core,261
amon,260
java.util.collections,258
java.io.ioexception,256
clearml,256
iomanip,255
ant_struct_serialization.h,255
signal.h,254
unordered_map,252
org.eclipse.core.runtime.iadaptable,250
rcolorbrewer,249
helpers,247
vtam,247
gtest,247
monty,247
py_entitymatching,247
torchani,247
cml,246
yadda,246
platform,243
cstddef,243
types,241
data,241
db,239
gui,239
cstdio,239
rest_framework,239
cstdint,238
paths,237
utilities,236
stdexcept,235
pytadbit,232
app_timer.h,232
app_util_platform.h,231
airtest,231
pytraj,229
react,228
iterator,226
nrf_assert.h,226
chrono,223
nrf_log_ctrl.h,223
uuid,222
allennlp_models,222
acpi.h,221
dns,220
bitcoinlib,219
mpl_toolkits,218
accommon.h,218
aima,214
dosma,214
spn,213
ctime,211
ants,211
dgtal,209
allocore,209
ctypes,208
java.util.hashmap,208
shapeworld,207
omp.h,205
unittest,203
parse_options.sh,203
hbaselines,203
float.h,201
stdafx.h,201
apercal,201
swad_global.h,201
asyncio,200
zipfile,199
ialog.h,198
base64,197
cesiumlanguagewriter.,197
datasets,195
tbb,195
gridextra,194
igraph,194
ipython,192
net,191
org.eclipse.emf.common.notify.adapterfactory,191
ast,190
swad_database.h,190
mass,189
stringr,188
boards.h,188
nrf_soc.h,188
signal,187
meshroom,187
pyrep,187
tarfile,186
org.eclipse.emf.common.util.elist,186
org.eclipse.core.runtime.iprogressmonitor,186
arpa,184
constants,184
lxml,184
modules,184
quickosm,183
network_diffusion,183
http,182
numba,181
nrf_gpio.h,179
api,178
swad_error.h,178
pyqt4,177
ctl,175
nrf_svc.h,175
interfaces,174
pymatgen,174
easytransfer,174
tobject.h,172
interface.h,172
impl,171
dateutil,169
click,169
jpeglib.h,169
aesl_pkg.h,169
tcpdump-stdinc.h,169
org.eclipse.gmf.runtime.emf.type.core.ielementtype,169
nrf_sdh_ble.h,169
twisted,169
dark,168
spectral_cube,167
framelib_maxclass.h,167
parallel,166
joblib,166
common.h,165
util.h,165
errno,164
systemc.h,164
dolfin,164
org.eclipse.gmf.runtime.diagram.ui.editparts.igraphicaleditpart,163
zlib.h,161
javax.xml.bind.annotation.xmltype,161
oflib,161
libxml,160
falco,160
ble_gap.h,159
codecs,158
java.util.arrays,158
src,158
wx,158
htslib,158
org.eclipse.emf.edit.provider.iitempropertydescriptor,158
adaptivepele,157
org.eclipse.gef.commands.command,157
prop-types,157
kivy,156
antispoofing,156
javax.xml.bind.annotation.xmlaccesstype,155
javax.xml.bind.annotation.xmlaccessortype,155
aesl_fp_comp.h,152
plotly,151
scales,150
cowplot,149
gl,149
htmd,149
implement.h,149
textwrap,148
ble_err.h,148
meross_iot,147
gibson,147
nrf_log_default_backends.h,147
nrf_sdh.h,147
gips,147
jinclude.h,146
yafs,146
numbers,145
vtksmartpointer.h,145
recipes,145
iio,145
tidyr,144
cpickle,144
albumentations,144
nanovdb,144
crowddynamics,143
podio,142
org.eclipse.emf.ecore.resource.resource,142
maskrcnn_benchmark,142
clade,142
org.eclipse.gef.editpart,141
freetype,141
dataset,140
java.util.linkedlist,140
agent,140
org.eclipse.core.commands.executionexception,140
mjrl,140
lalcheck,140
tuple,139
org.eclipse.emf.ecore.epackage,139
enlib,139
cesiumlanguagewriter.advanced.,139
fcdocument,139
hal,138
jstypes.h,138
maestro.h,138
pkg_resources,137
jquery,137
distutils,137
martian,137
nrf_delay.h,137
ble_types.h,137
encodermap,137
flwr_datasets,137
mne,136
flann,136
io.h,136
org.eclipse.emf.ecore.impl.enotificationimpl,136
amanzi_xml,136
qstring,136
nrf_crypto_error.h,136
org.eclipse.draw2d.ifigure,135
py_eddy_tracker,135
org.eclipse.swt.graphics.image,134
shlex,133
mvtnorm,133
immunedb,133
poem,133
qdebug,132
swad_action_list.h,132
_shims,132
simso,132
asyncjs-util,132
qrassh,132
getopt.h,131
org.eclipse.emf.ecore.internaleobject,131
org.eclipse.jface.viewers.istructuredselection,131
org.eclipse.emf.common.util.uri,131
marlin,131
mpi4py,130
__browserify_process,130
misc,129
algosdk,129
java.util.set,129
calibu,129
org.eclipse.core.resources.ifile,129
org.eclipse.gmf.runtime.draw2d.ui.figures.wrappinglabel,129
thread,128
vencode,128
pymavlink,127
extract.h,127
wled.h,126
ant_app.h,126
ant_conn.h,126
jsx,126
react-i18next,126
exceptions,125
org.eclipse.gef.request,125
acados_template,124
framework,124
anndata,124
org.eclipse.swt.swt,124
org.eclipse.gmf.runtime.common.core.command.commandresult,124
mutex,123
matrix.h,123
setuptools,123
getopt,123
org.junit.test,123
org.eclipse.emf.common.util.resourcelocator,123
ancile,122
transformers,122
matrix,122
constants.h,122
argoverse,122
avr,121
doparallel,121
course,121
arduino.h,120
gplots,120
pygad,120
java.io.file,120
dislopy,120
mxnet,119
org.eclipse.gmf.runtime.emf.core.util.eobjectadapter,119
mpi.h,118
types.h,118
drivers,118
static,117
bsp.h,117
shapely,116
netcdf4,116
ostream,116
swad_parameter.h,116
topostats,116
error.h,115
typing_extensions,115
org.eclipse.emf.edit.provider.composeableadapterfactory,115
org.eclipse.gef.editpolicy,115
proselint,115
fnmatch,114
acnamesp.h,114
foreach,113
shiny,113
org.eclipse.swt.graphics.color,113
gtk,112
swad_form.h,112
py_stringmatching,112
gymnasium,112
java.io.,111
network,111
adcc,111
gc,110
qtwidgets,110
pyparsing,110
begin_code.h,110
close_code.h,110
java.awt.color,109
swad_html.h,109
moleculekit,109
rl,109
statsmodels,108
crypto,108
exercise,108
ros,108
ace,108
stable_baselines,108
bwapi,107
rpy2,106
malloc.h,105
dask,105
imageio,105
genomicranges,105
swad_box.h,105
org.eclipse.emf.transaction.transactionaleditingdomain,105
org.eclipse.gmf.runtime.notation.diagram,105
amrex_real.h,105
cxxtest,105
lost,105
memory.h,104
waldo,104
grpcpp,104
tvector3.h,103
exception,103
org.eclipse.emf.common.notify.notificationchain,103
sgmcmc_ssm,103
tclap,103
pyriemann,102
pixell,102
org.eclipse.emf.edit.provider.iitemlabelprovider,102
ble_hci.h,102
ble_ranges.h,102
acl_anthology,101
pandasgui,101
ape,100
examples,100
readoutcard,100
org.eclipse.emf.ecore.util.ecoreutil,100
ln-sync,100
neml,100
nrf_sdh_ant.h,100
deque,99
metrics,99
spacy,99
java.io.serializable,99
java.util.logging.logger,99
acados_c,99
werkzeug,99
concurrent,98
raster,98
pysam,98
string_view,98
org.eclipse.emf.edit.provider.viewernotification,98
prob.h,98
aad,98
sdk_macros.h,98
_logger,98
charms,98
nenupy,98
analysis,97
org.eclipse.ui.partinitexception,97
nrf_crypto_ecc.h,97
gnuradio,96
allegro5,96
layers,96
casadi,96
org.eclipse.emf.edit.provider.iitempropertysource,96
org.eclipse.draw2d.label,96
wtforms,95
imp,95
readr,95
python.h,95
javax.xml.bind.annotation.xmlelement,95
caret,94
tensorboardx,94
headers,94
inspyred,94
org.eclipse.emf.edit.provider.ieditingdomainitemprovider,94
org.eclipse.emf.edit.provider.istructureditemcontentprovider,94
org.eclipse.emf.edit.provider.itreeitemcontentprovider,94
r3shapes,94
compiler_abstraction.h,94
sf_examples,94
packet.h,93
libvex_basictypes.h,93
banditpylib,93
pykickstart,93
vtkimagedata.h,93
timeit,92
openflow,92
citeomatic,92
alembic,91
netdb.h,91
polars,91
timemanager,91
pymhlib,91
ai2thor,91
ble_gattc.h,91
despot,91
sp,90
magrittr,90
java.util.hashset,90
debug.h,90
settings,90
optional,89
org.eclipse.emf.ecore.impl.minimaleobjectimpl,89
org.eclipse.gmf.runtime.notation.notationpackage,89
smc_sampler_functions,89
unicodedata,88
qvector,88
complex,88
xarray,88
org.eclipse.gmf.runtime.common.ui.services.parser.iparser,88
org.eclipse.papyrus.infra.gmfdiag.tooling.runtime.edit.policies.labels.irefreshablefeedbackeditpolicy,88
nrf_pwr_mgmt.h,88
ilisa,87
sympy,87
cube,87
addrtoname.h,87
nyx.h,87
winsock2.h,86
devtools,86
root,86
org.eclipse.emf.ecore.estructuralfeature,86
swad_alert.h,86
aslcompiler.h,86
pyxdh,86
child_process,85
parameters.h,85
simple_joints_lstm,85
agi.foundation.compatibility.func1,85
agi.foundation.compatibility.lazy,85
zipint.h,85
atomic,84
logger.h,84
forms,84
xtable,84
pyart,84
sage,84
magnum,84
framelib_dsp.h,84
ant_interface.h,84
bs4,83
qwidget,83
helper,83
plistlib,83
database,83
org.eclipse.jface.viewers.iselection,83
org.eclipse.gmf.runtime.emf.type.core.commands.editelementcommand,83
vl,83
qobject,82
html,82
amlcode.h,82
agi.foundation.compatibility.using,82
stdinc.h,82
timer.h,81
flask_wtf,81
odl,81
@angular,81
absl,81
mysql,81
pcntoolkit,81
sdl_stdinc.h,81
org.eclipse.gmf.runtime.diagram.ui.requests.requestconstants,81
ser_config.h,81
dirent.h,80
opengl,80
casacore,80
th1.h,80
felionlib,80
traitlets,80
altar,80
org.eclipse.gmf.runtime.common.ui.services.parser.parseroptions,80
org.eclipse.gmf.runtime.diagram.ui.editparts.itextawareeditpart,80
org.eclipse.gmf.runtime.notation.fontstyle,80
org.eclipse.swt.graphics.fontdata,80
unit,80
snappy,80
apel,80
ant_parameters.h,80
crys_error.h,80
errors,79
java.util.logging.level,79
compat,79
fuel,79
org.eclipse.emf.ecore.resource.resourceset,79
ble_db_discovery.h,79
ssi_pal_types.h,79
+i+,78
discevolution,78
radiativetransfer,78
operators,78
org.eclipse.core.runtime.coreexception,78
org.eclipse.ui.part.fileeditorinput,78
org.eclipse.gmf.runtime.emf.type.core.requests.createelementrequest,78
nrf_crypto_types.h,78
access.h,78
amrex_gpumemory.h,78
latanalyze,77
bisect,77
readxl,77
activate,77
limma,77
preprocessing,77
context,77
zlib,77
networks,77
org.eclipse.gmf.runtime.diagram.ui.editpolicies.editpolicyroles,77
edu.toronto.cs.se.mmint.mmintexception,77
allscale,77
nrf_drv_clock.h,77
vtkrenderer.h,77
dislocker,77
numeric,76
list.h,76
catalyst,76
fftw-int.h,75
cgal,75
swad_parameter_code.h,75
new,75
org.eclipse.emf.ecore.eannotation,75
org.eclipse.draw2d.geometry.point,75
indexdefines.h,75
agi.foundation.compatibility.testcontextrule,75
org.junit.classrule,75
org.junit.fixmethodorder,75
org.junit.rule,75
org.junit.runners.methodsorters,75
stm32f10x.h,75
onmt,75
ble_gatt.h,75
futils,75
fourpisky,75
amrex_farraybox.h,74
overrides,73
radio_beam,73
dlfcn.h,73
statistics,73
compat.h,73
bokeh,73
freertos.h,73
org.eclipse.emf.workspace.util.workspacesynchronizer,73
biocparallel,72
decimal,72
docopt,72
rich,72
followthemoney,72
org.eclipse.emf.transaction.runnablewithresult,72
org.eclipse.gef.accessibleeditpart,72
org.eclipse.gef.requests.directeditrequest,72
org.eclipse.gef.tools.directeditmanager,72
org.eclipse.gmf.runtime.common.ui.services.parser.iparsereditstatus,72
org.eclipse.gmf.runtime.diagram.ui.editpolicies.labeldirecteditpolicy,72
org.eclipse.gmf.runtime.diagram.ui.l10n.diagramcolorregistry,72
org.eclipse.gmf.runtime.diagram.ui.label.ilabeldelegate,72
org.eclipse.gmf.runtime.diagram.ui.label.wrappinglabeldelegate,72
org.eclipse.gmf.runtime.diagram.ui.tools.textdirecteditmanager,72
org.eclipse.gmf.runtime.emf.ui.services.parser.isemanticparser,72
org.eclipse.papyrus.infra.gmfdiag.tooling.runtime.draw2d.labels.simplelabeldelegate,72
org.eclipse.jface.text.contentassist.icontentassistprocessor,72
org.eclipse.jface.viewers.icelleditorvalidator,72
org.eclipse.swt.accessibility.accessibleevent,72
amrex_parmparse.h,72
folly,72
scapy,72
nrf_mesh.h,72
aida,72
iaimagedata.h,72
regex,71
pyspeckit,71
climits,71
packaging,71
osgeo,71
event,71
psm_user.h,71
flask_babel,71
task.h,71
org.eclipse.core.resources.iresource,71
org.eclipse.gmf.runtime.common.ui.services.parser.parsereditstatus,71
nrf_ble_gq.h,71
pytorch_lightning,70
viridis,70
lse.neko.nekoprocess,70
libs,70
future,70
bpy,70
std_msgs,70
qpainter,70
vdjmatch,70
specs,70
swad_hierarchy_type.h,70
includedefine.h,70
gmock,70
hmisc,69
rdflib,69
logger,69
java.lang.reflect.invocationtargetexception,69
allrank,69
org.eclipse.core.resources.resourcesplugin,69
org.eclipse.ui.iworkbenchpart,69
amrex_geometry.h,69
app_usbd.h,69
daisy,69
gloox.h,69
ether_sql,69
rocr,68
leveldb,68
psycopg2,68
ssl,68
java.util.,68
r2jags,68
org.eclipse.ui.ieditorinput,68
org.eclipse.gmf.runtime.emf.type.core.requests.createrelationshiprequest,68
npinputparser.h,68
qlabel,68
iaprogress.h,68
reshape,67
boto3,67
geometry,67
decs.h,67
architectures,67
org.eclipse.emf.ecore.eattribute,67
loader,67
org.eclipse.jface.viewers.structuredselection,67
org.eclipse.ui.iworkbenchpage,67
yt,67
newhash.h,67
psutil,66
tcanvas.h,66
ggpubr,66
java.io.inputstream,66
omegaconf,66
assimp,66
org.eclipse.ui.ieditorpart,66
acinterp.h,66
ble_struct_serialization.h,66
i18nsetup,66
cryptography,65
plot,65
defines.h,65
pyqt6,65
dismod_pde,65
org.eclipse.core.runtime.path,65
grpc,65
fftw.h,64
maps,64
iosfwd,64
org.eclipse.emf.ecore.util.internalelist,64
org.eclipse.emf.common.notify.adapter,64
org.eclipse.emf.common.notify.notifier,64
org.eclipse.emf.edit.provider.itempropertydescriptor,64
rabbitmq-c,64
dada2,64
ble_advdata.h,64
app_scheduler.h,64
nrf_cli.h,64
extfunc.h,64
vegan,63
rgdal,63
parser,63
defs.h,63
qcolor,63
org.eclipse.core.runtime.ipath,63
r2shapes,63
npvdetector.h,63
nrf_crypto_shared.h,63
pelec.h,63
version,62
jinja2,62
longranger,62
lubridate,62
asm,62
sensor_msgs,62
discopy,62
org.eclipse.jface.action.imenumanager,62
org.eclipse.gmf.runtime.emf.type.core.requests.reorientrelationshiprequest,62
extvab.h,62
qapplication,61
strings.h,61
qmap,61
scanpy,61
mogp_emulator,61
libcdsbasics.h,61
zephyr,61
org.eclipse.gmf.runtime.common.core.command.icommand,61
org.eclipse.gmf.runtime.notation.edge,61
export.h,61
dynamo_logger,61
lse.neko.util.logging.nekologger,60
java.util.random,60
~,60
pcl,60
ipdb,60
sodium,60
3v0fpo,60
org.eclipse.gmf.runtime.emf.type.core.requests.configurerequest,60
org.eclipse.gmf.runtime.emf.type.core.requests.destroyelementrequest,60
aiohttp,60
tool,60
nrf_crypto_mem.h,60
nrf_crypto_ecc_shared.h,60
hd,60
node:path,59
glog,59
email,59
glm,59
unordered_set,59
edu.toronto.cs.se.mmint.mid.midpackage,59
edu.toronto.cs.se.mmint.mid.relationship.diagram.part.midvisualidregistry,59
pyscf,59
dipde,59
autordf,59
iamdichild.h,59
ssixa,59
backend_api,59
org.hs.eg.db,58
qmessagebox,58
param,58
heapq,58
hpipm,58
cartopy,58
thrust,58
userprofile,58
rdkit,58
matmul_hw.h,58
qstringlist,58
solver,58
grafeno,58
edu.toronto.cs.se.mmint.mid.relationship.relationshippackage,58
edu.toronto.cs.se.mmint.mid.relationship.diagram.providers.midelementtypes,58
errorwarning.h,58
fasterrcnn,58
pyaca,58
charmhelpers,58
stats,57
xgboost,57
qfileinfo,57
blasfeo_d_aux.h,57
proxy,57
components,57
org.eclipse.emf.common.ui.urieditorinput,57
tensorpack,57
cgatcore,57
evkit,57
ogrdb,57
fvcore,57
ble_conn_state.h,57
44b.h,57
pyregion,57
bella,57
typeinfo,56
aio.h,56
astroquery,56
aplpy,56
tasks,56
tflearn,56
meep,56
mytype.h,56
nrf_strerror.h,56
iamathutility.h,56
feather,55
panel,55
parameters,55
java.util.vector,55
survival,55
cuda_runtime.h,55
pymms,55
flow,55
pyside6,55
randomforest,55
analysisfunction.h,55
qdatastream,55
org.eclipse.jface.viewers.viewer,55
org.eclipse.ui.actions.workspacemodifyoperation,55
org.eclipse.gmf.runtime.notation.node,55
edu.toronto.cs.se.mmint.mid.relationship.modelrel,55
pysat,55
nusquids,55
fds.h,55
amti,55
csbgnpy,55
iamainwindow.h,55
bz2,54
stat,54
ggrepel,54
lse.neko.nekomessage,54
functions,54
healpy,54
tensortools,54
pyparrot,54
org.eclipse.jface.dialogs.messagedialog,54
org.eclipse.ui.platformui,54
allantools,54
nrf_drv_usbd.h,54
pelephysics.h,54
biomart,53
binascii,53
purrr,53
lse.neko.senderinterface,53
grid_picas_launcher,53
qfiledialog,53
ipywidgets,53
mexutils.h,53
cmsis_compiler.h,53
acmp_fmul.h,53
org.eclipse.emf.edit.provider.composedadapterfactory,53
mac_common.h,53
rar.hpp,53
arkime.h,53
sched.h,52
locale,52
stacked_capsule_autoencoders,52
rechun,52
log.h,52
locale.h,52
evolopy,52
apps.h,52
org.eclipse.emf.edit.provider.itemprovideradapter,52
org.eclipse.core.runtime.nullprogressmonitor,52
org.eclipse.swt.widgets.composite,52
org.eclipse.gmf.runtime.emf.type.core.commands.destroyelementcommand,52
npcalibrationmanager.h,52
fileformats,52
action_execution,52
gavel,52
units.h,52
nrf_sdh_soc.h,52
nrf_atomic.h,52
punctuation,52
python,52
bwapi.h,52
gear,52
prism,52
ddimage,52
events,51
tornado,51
pytz,51
fields,51
biostrings,51
java.io.bufferedreader,51
intrin.h,51
qtcore,51
org.eclipse.emf.ecore.ereference,51
qtextstream,51
anthology,51
swad_user.h,51
libvex.h,51
org.eclipse.jface.wizard.wizard,51
org.eclipse.core.runtime.istatus,51
edu.toronto.cs.se.modelepedia.gsn.gsnpackage,51
ardrone_autonomy,51
antlr4,51
shortread,51
peer_manager_types.h,51
nrf_crypto_rng.h,51
parser.h,50
ttree.h,50
pycocotools,50
arcpy,50
geometry.h,50
blasfeo_d_blas.h,50
rtracklayer,50
qsettings,50
detail,50
org.processmining.framework.plugin.plugincontext,50
parallel.h,50
edu.toronto.cs.se.mmint.mid.model,50
org.dom4j.element,50
acparser.h,50
environments,50
synthesis,50
persimmon,50
react-router-dom,50
pygfnn,50
alps,50
head,50
sweetalert2,50
seurat,49
patchwork,49
graphviz,49
serial,49
doctest,49
nibabel,49
features,49
macros.h,49
zmq,49
qfile,49
datapath.h,49
aioquic,49
edu.toronto.cs.se.mmint.mid.extendibleelement,49
zutil.h,49
masp,49
fixer_util,49
fault_injector,49
ble_gatts.h,49
pox,49
global_data.h,49
deseq2,48
edger,48
genome.h,48
getpass,48
java.net.url,48
wasabi,48
_bench,48
qlist,48
task,48
sebcolour,48
ddpg,48
multiagent,48
org.eclipse.gmf.runtime.emf.commands.core.command.compositetransactionalcommand,48
org.eclipse.osgi.util.nls,48
agi.foundation.compatibility.maphelper,48
nrf_dfu_types.h,48
nrf_mesh_config_core.h,48
abceconomics,48
tagging.h,48
rl_baselines,48
iaguibase_export.h,48
vtkproperty.h,48
lattice,47
tabulate,47
pymongo,47
java.io.filenotfoundexception,47
urllib2,47
org.junit.before,47
kernel,47
pima,47
matrixstats,47
bitops.h,47
dpsnn_environmentselection.h,47
gym_pcgrl,47
axios,47
mch,47
ocbpy,47
vtkactor.h,47
app_usbd_core.h,47
lasagne_wrapper,47
recoder,47
iatypedcallhelper.h,47
pathlib2,47
e1071,46
queue.h,46
lse.neko.receiverinterface,46
skmultilearn,46
random.h,46
main.h,46
cuda.h,46
flask_login,46
invsolve,46
refnx,46
amrex_print.h,46
main_util.h,46
@testing-library,46
pysyrenn,46
nrf_ble_gatt.h,46
nrf_section.h,46
lazysizes,46
prob_parm.h,46
vcfkit,46
fractions,45
node:fs,45
org.eclipse.emf.ecore.util.eobjectcontainmentelist,45
java.util.hashtable,45
sqlparse,45
redpy,45
enact,45
ops,45
dpsnn_debug.h,45
blackboxauditing,45
org.eclipse.gmf.runtime.diagram.ui.commands.icommandproxy,45
htsint,45
qjsonobject,45
modsim,45
e3,45
mi3gpu,45
cram,45
org.applause.lang.applausedsl.applausedslpackage,45
nrf_bootloader_info.h,45
cc310_backend_mutex.h,45
cc310_backend_shared.h,45
macs2,45
argschema,45
problemspecificfunctions.h,45
baikal,45
scicite,45
propara,45
imutils,44
express,44
bsgenome.hsapiens.ucsc.hg19,44
poll.h,44
dt,44
urllib3,44
wchar.h,44
seqtree,44
dpsnn_datastructdims.h,44
swad_constant.h,44
gala,44
cimg.h,44
pcap-int.h,44
org.eclipse.emf.edit.domain.editingdomain,44
org.eclipse.jface.viewers.iselectionchangedlistener,44
org.eclipse.jface.viewers.selectionchangedevent,44
org.eclipse.gmf.runtime.diagram.ui.editparts.compartmenteditpart,44
edu.toronto.cs.se.modelepedia.istar.diagram.part.istarvisualidregistry,44
acdispat.h,44
my,44
wepy,44
nativedroid,44
see,44
vtkpolydatamapper.h,44
soilprofile.h,44
nrf_sdm.h,44
stride.h,44
bioblend,44
mechanism.h,44
citysim3d,44
skbase,44
vtkcolortransferfunction.h,44
ibgs.h,44
deepfigures,44
process.h,43
bam.h,43
java.util.properties,43
imfun,43
fastapi,43
sdsl,43
shared.h,43
gles2,43
swad_action.h,43
moirai,43
braille_rl,43
org.eclipse.core.resources.imarker,43
org.eclipse.emf.edit.ui.provider.adapterfactorylabelprovider,43
org.eclipse.gmf.runtime.draw2d.ui.figures.constrainedtoolbarlayout,43
org.eclipse.gmf.runtime.diagram.core.commands.deletecommand,43
org.eclipse.emf.transaction.util.transactionutil,43
org.eclipse.swt.widgets.shell,43
insieme,43
fca,43
ldns,43
goldengate,43
peer_manager.h,43
amrex_gpuqualifiers.h,43
adet,43
tmdbv3api,43
_version,42
parsers,42
@playwright,42
pyproj,42
webpack,42
atexit,42
com.google.inject.inject,42
soc,42
immintrin.h,42
cfloat,42
lme4,42
benchmark,42
cuda,42
acmp_fadd.h,42
nbdt,42
binauralspatializer,42
pygame,42
image_interpolation.h,42
org.eclipse.core.runtime.platform,42
edu.toronto.cs.se.mmint.mid.diagram.part.midvisualidregistry,42
tf,42
react-dom,42
parsing,42
kstring.h,42
saml2,42
cmsis_version.h,42
general,42
gwasdb,42
scvelo,42
l1_convert,42
natsort,41
th2.h,41
tfile.h,41
generator,41
data_structures,41
transforms,41
include,41
genome,41
th1f.h,41
libgen.h,41
celery,41
mdtraj,41
bprmeth,41
atrope,41
cl,41
org.eclipse.gmf.runtime.emf.commands.core.command.abstracttransactionalcommand,41
pure,41
glue,41
lodstats,41
org.junit.after,41
kgp,41
fnet,41
sensorsim.h,41
nrf_error_soc.h,41
pk.h,41
vlog.h,41
kmerhash.h,41
iatoolsvtk.h,41
oic,41
angr,40
pytest,40
system,40
ga,40
obqa,40
main,40
qtgui,40
emcee,40
external,40
graph_tool,40
bitset,40
decorators,40
qmouseevent,40
disco.h,40
sandbox,40
aoclutils,40
comdtypes.h,40
acapps.h,40
aslcompiler.y.h,40
configuration,40
readalign.h,40
nwb,40
vtkcamera.h,40
ant_channel_config.h,40
nrf_crypto_init.h,40
nrf_mesh_assert.h,40
bioscrape,40
ultimatelabeling,40
44blib.h,40
pythia8,40
croupier_plugin,40
stringio,39
transparency,39
java.io.stringwriter,39
at_learner_core,39
blasfeo_d_aux_ext_dep.h,39
initializer_list,39
exit.h,39
simpleitk,39
pymia,39
tree,39
input,39
weakref,39
qdialog,39
qvboxlayout,39
dpsnn_parameters.h,39
pcap.h,39
south,39
swad_figure.h,39
abelfunctions,39
org.eclipse.gmf.runtime.emf.type.core.requests.reorientreferencerelationshiprequest,39
edu.toronto.cs.se.mmint.mid.diagram.providers.midelementtypes,39
edu.toronto.cs.se.modelepedia.istar.diagram.providers.istarelementtypes,39
geometry_msgs,39
qgridlayout,39
object_detection,39
react-query,39
sequencefuns.h,39
recycling,39
nrf_crypto_hash_shared.h,39
vectorfield,39
org.mozilla.javascript.,39
scheduler.h,39
iastringhelper.h,39
dill,38
ggthemes,38
urlparse,38
rcpp,38
java.util.linkedhashmap,38
java.io.fileinputstream,38
emmintrin.h,38
webpage,38
org.eclipse.emf.ecore.edatatype,38
unidecode,38
rospy,38
source,38
stack,38
md.h,38
abc.h,38
vtkpolydata.h,38
swad_hierarchy.h,38
swad_config.h,38
tf_agents,38
cudarray,38
models_neural,38
crispy_forms,38
java.util.stream.collectors,38
org.eclipse.viatra.query.runtime.api.viatraqueryengine,38
org.eclipse.emf.common.ui.viewer.iviewerprovider,38
org.eclipse.emf.edit.domain.ieditingdomainprovider,38
org.eclipse.emf.edit.ui.action.editingdomainactionbarcontributor,38
org.eclipse.jface.action.imenulistener,38
org.eclipse.jface.action.itoolbarmanager,38
org.eclipse.jface.action.menumanager,38
org.eclipse.jface.action.separator,38
org.eclipse.jface.viewers.iselectionprovider,38
org.eclipse.gmf.runtime.diagram.core.util.viewutil,38
org.eclipse.gmf.runtime.diagram.core.preferences.preferenceshint,38
edu.toronto.cs.se.mmint.mid.mid,38
metadata,38
ge,38
prompt_toolkit,38
typer,38
generic.h,38
syrenn_server,38
gat,38
dune,38
abstractcalculator.h,38
ser_hal_transport.h,38
nrf_erratas.h,38
benchmark_utils,38
stanzaextension.h,38
vtkrenderwindow.h,38
domc,37
progressbar,37
motrackers,37
atom.h,37
difflib,37
java.util.linkedhashset,37
java.awt.dimension,37
khash.h,37
version.h,37
vgam,37
graph,37
cordova,37
stringi,37
engine,37
pcse,37
gan,37
dbbact_server,37
dsl,37
sdl_error.h,37
org.eclipse.emf.edit.domain.adapterfactoryeditingdomain,37
npvspectra.h,37
xutils,37
radiomics,37
streamfuns.h,37
rstanarm,37
nrf_queue.h,37
lcio.h,37
quit,37
nptdms,37
alloca.h,36
splines,36
qdir,36
webbrowser,36
variables,36
losses,36
cctype,36
classifier,36
tr1,36
platero,36
malloc_wrap.h,36
processing,36
multiple_os_thread.h,36
w+dgdo,36
allensdk,36
org.eclipse.draw2d.colorconstants,36
org.eclipse.gmf.runtime.emf.core.gmfeditingdomainfactory,36
org.eclipse.gmf.runtime.common.core.service.ioperation,36
edu.toronto.cs.se.mmint.types.gsn.templates.gsntemplatespackage,36
qpushbutton,36
agi.foundation.compatibility.annotations.cs2jwarning,36
stm32f4xx.h,36
bamtools,36
mac_task_scheduler.h,36
nrf_crypto_ecdh_shared.h,36
app_usbd_descriptor.h,36
nfc_ndef_record.h,36
microbench,36
pkgutil,35
header.h,35
ws2tcpip.h,35
org.apache.java.util.configurations,35
java.io.filereader,35
pendulum_model,35
th2f.h,35
authorization,35
cache,35
aiida,35
vtkpointdata.h,35
torch_geometric,35
multtest,35
pybind11.h,35
backend,35
org.eclipse.jface.action.action,35
org.eclipse.jface.action.iaction,35
org.eclipse.ui.iactionbars,35
org.eclipse.ui.dialogs.wizardnewfilecreationpage,35
org.eclipse.gmf.runtime.diagram.ui.requests.createviewrequest,35
org.eclipse.draw2d.shape,35
org.eclipse.draw2d.stacklayout,35
org.eclipse.gef.editpolicies.layouteditpolicy,35
org.eclipse.gef.requests.createrequest,35
org.eclipse.gmf.runtime.diagram.ui.editparts.shapenodeeditpart,35
org.eclipse.gmf.runtime.gef.ui.figures.defaultsizenodefigure,35
org.eclipse.gmf.runtime.gef.ui.figures.nodefigure,35
crc32.h,35
acdisasm.h,35
qmenu,35
wordbatch,35
bmtk,35
agi.foundation.compatibility.iequatable,35
servicefuns.cpp,35
sim1000g,35
hardfault.h,35
nrf_mesh_defines.h,35
vrrp.h,35
vtktable.h,35
javax.xml.bind.annotation.xmlattribute,35
pheatmap,34
wopmars,34
java.util.stringtokenizer,34
sam.h,34
read.h,34
node.h,34
caml,34
gflags,34
globals.h,34
def,34
vignette_generator.h,34
vision_problem_tools.h,34
dendextend,34
pytorch_transformers,34
storage,34
texsoup,34
aotools,34
moment,34
heatsequer,34
mpiml,34
jax,34
java.util.optional,34
memutils.h,34
performancetimers.h,34
org.eclipse.gmf.runtime.common.core.service.abstractprovider,34
elfie,34
bamsurgeon,34
agi.foundation.compatibility.asserthelper,34
gip,34
ble_conn_params.h,34
trajectory,34
iaattributes.h,34
vtklookuptable.h,34
shotdetect,34
+u+,33
pyvex,33
cluster,33
venndiagram,33
$1,33
resnet,33
nlme,33
java.awt.graphics,33
selenium,33
event2,33
misc.h,33
x11,33
gettext,33
swad_setting.h,33
swad_string.h,33
pybind11,33
deeppy,33
vr,33
openmm,33
org.eclipse.emf.edit.ui.provider.adapterfactorycontentprovider,33
fcaps,33
actables.h,33
kernel.h,33
gippy,33
ln-telegram,33
ble_advertising.h,33
segger_rtt.h,33
nrf_dfu_req_handler.h,33
nrf_dfu_settings.h,33
crys_hash.h,33
app_usbd_class_base.h,33
ser_sd_transport.h,33
model_common.h,33
scenarioeditor,33
gameinterface,33
siscone,33
iafiletyperegistry.h,33
bionlp,33
car,32
rdfstats,32
qcheckbox,32
qthread,32
eigen3,32
modal,32
cio_output.h,32
url,32
lse.neko.protocolimpl,32
hash.h,32
fda,32
fileinput,32
knitr,32
vector.h,32
ete2,32
global.h,32
x,32
gpflow,32
$usepath,32
server,32
trandom3.h,32
rhoeqn.h,32
hardware,32
results,32
linkcells.h,32
crc.h,32
hyperdash,32
org.eclipse.emf.common.emfplugin,32
org.eclipse.papyrus.infra.gmfdiag.tooling.runtime.edit.policies.defaultnodelabeldragpolicy,32
org.eclipse.draw2d.rectanglefigure,32
org.eclipse.gmf.runtime.emf.type.core.requests.destroyreferencerequest,32
org.eclipse.ui.imemento,32
org.eclipse.ui.navigator.icommoncontentextensionsite,32
acevents.h,32
inputtypes.h,32
@hookform,32
hpx,32
org.applause.lang.applausedsl.entity,32
ble_l2cap.h,32
bsp_btn_ble.h,32
minds,32
mic,32
iatoolsitk.h,32
vtkpiecewisefunction.h,32
ssd.h,32
desolve,31
data_loader,31
update.h,31
preprocess,31
jni.h,31
couchdb,31
lse.neko.nekosystem,31
javax.swing.jpanel,31
log,31
ntpath,31
blasfeo_common.h,31
thumt,31
org.eclipse.emf.ecore.impl.efactoryimpl,31
org.eclipse.emf.ecore.plugin.ecoreplugin,31
org.eclipse.emf.ecore.impl.epackageimpl,31
org.eclipse.emf.ecore.efactory,31
org.eclipse.emf.common.notify.impl.adapterfactoryimpl,31
org.eclipse.emf.ecore.util.switch,31
javax.xml.bind.annotation.xmlseealso,31
graph.h,31
mimetypes,31
here,31
power1d,31
adafruit_gpio,31
general.h,31
boot,31
nanobind,31
qcombobox,31
qlineedit,31
sets,31
androguard,31
pycuda,31
swad_photo.h,31
swad_role.h,31
simpful,31
halotools,31
banal,31
agents,31
tgraph.h,31
vinf,31
glad,31
java.util.objects,31
edu.toronto.cs.se.modelepedia.classdiagram.classdiagrampackage,31
pngpriv.h,31
qhboxlayout,31
@fortawesome,31
xsbench_header.h,31
nrf_nvmc.h,31
crys_rnd.h,31
hydra,31
ext_tools,31
methods,30
go.db,30
github.com,30
pygments,30
libssh,30
inference,30
java.io.inputstreamreader,30
bigalloc.h,30
pydantic,30
rsamtools,30
ns,30
plotrix,30
_utils,30
torchtext,30
tastypie,30
swad_hidden_visible.h,30
scrattch.io,30
java.io.filewriter,30
dictionary,30
e_os.h,30
ec_lcl.h,30
test.h,30
igzip_lib.h,30
java.util.stream.stream,30
org.eclipse.emf.common.util.diagnostic,30
org.eclipse.gmf.runtime.diagram.core.services.viewservice,30
edu.toronto.cs.se.mmint.mid.modelendpoint,30
edu.toronto.cs.se.mmint.mid.relationship.modelelementreference,30
edu.toronto.cs.se.modelepedia.istar.istarpackage,30
edu.toronto.cs.se.modelepedia.relationaldatabase.diagram.part.relationaldatabasevisualidregistry,30
udm,30
acdebug.h,30
senteval,30
transcript.h,30
phenotypedb,30
imdb,30
pmdarima,30
nrf_drv_uart.h,30
nrf_crypto.h,30
nrf_balloc.h,30
nrf_crypto_ecdh.h,30
nrf_crypto_ecdsa_shared.h,30
ser_phy.h,30
pathnet,30
soundmanager,30
ap_manager.h,30
pk_config.h,30
starter_code,30
iabase_export.h,30
cprofile,29
libkern,29
adegenet,29
tmath.h,29
tables,29
pracma,29
select,29
phyloseq,29
java.io.printwriter,29
compare,29
crtdbg.h,29
stream,29
params,29
apex,29
javax.swing.jcomponent,29
org.apache.log4j.logger,29
easyar,29
dreambeam,29
gtable,29
cloudpickle,29
filters,29
kseq.h,29
jsonschema,29
qaction,29
dpsnn_neuron.h,29
librosa,29
adafruitio_wifi.h,29
network.h,29
org.processmining.framework.plugin.annotations.plugin,29
decomposition.h,29
bn_lcl.h,29
ssl_locl.h,29
poppy_helpers,29
org.eclipse.draw2d.marginborder,29
java.math.biginteger,29
edu.toronto.cs.se.modelepedia.classdiagram.diagram.part.classdiagramvisualidregistry,29
org.dom4j.,29
console,29
rdfstatinterface,29
react-dev-utils,29
javax.annotation.nullable,29
sleef.h,29
pruning,29
casatools,29
org.eclipse.xtext.xbase.lib.extension,29
nrf_fstorage.h,29
anova,29
processors,29
cppunit,29
list_head.h,29
iaqvtkwidget.h,29
iafilterdefault.h,29
qt3d,29
libadcc,29
auxkernel.h,29
reach,29
adler,28
tifffile,28
cgi,28
cio_commandline.h,28
tchar.h,28
invoke,28
plot3d,28
lse.neko.messagetypes,28
javax.swing.jlabel,28
feature,28
hdf5.h,28
sanitizer_internal_defs.h,28
gtools,28
code,28
rstan,28
search,28
pgapack.h,28
compiler,28
e13tools,28
core_cm4.h,28
aesl_comp.h,28
amplitf,28
brms,28
mdanalysis,28
psm2_hal.h,28
clinicadl,28
latex2exp,28
cnn_helpers,28
ray,28
condition_variable,28
timers.h,28
org.eclipse.viatra.query.runtime.api.impl.basegeneratedemfpquery,28
org.eclipse.viatra.query.runtime.matchers.backend.queryevaluationhint,28
org.eclipse.viatra.query.runtime.matchers.psystem.pbody,28
org.eclipse.viatra.query.runtime.matchers.psystem.pvariable,28
org.eclipse.viatra.query.runtime.matchers.psystem.basicdeferred.exportedparameter,28
org.eclipse.viatra.query.runtime.matchers.psystem.queries.pparameter,28
org.eclipse.viatra.query.runtime.matchers.psystem.queries.pparameterdirection,28
org.eclipse.viatra.query.runtime.matchers.psystem.queries.pvisibility,28
org.eclipse.viatra.query.runtime.matchers.tuple.tuples,28
org.eclipse.draw2d.connectionlocator,28
org.eclipse.gmf.runtime.diagram.ui.editparts.labeleditpart,28
sigprofilermatrixgenerator,28
mujoco,28
calc3_utils.h,28
hail,28
toolbelt,28
sacremoses,28
org.junit.assert,28
libvex_ir.h,28
agi.foundation.compatibility.stringhelper,28
itkimage.h,28
dgl,28
nrf_ble_qwr.h,28
clevercsv,28
abstract,28
ophiuchus,28
eutelescope.h,28
backend_interface,28
ko.h,28
node,27
vtk,27
machine,27
vcfr,27
ggmap,27
glmnet,27
troot.h,27
sigar.h,27
java.util.treeset,27
complex.h,27
envs,27
nn,27
acclimate.h,27
java.awt.,27
setjmp.h,27
sophus,27
nska_deserialize,27
phonopy,27
assert,27
pycoqc,27
constant,27
dpsnn_localnet.h,27
dpsnn_random.h,27
maptools,27
fsspec,27
mesh,27
swad_notification_type.h,27
swad_user_database.h,27
trainer,27
leaflet,27
rtthread.h,27
face_recognition,27
java.util.function.consumer,27
org.eclipse.viatra.query.runtime.api.ipatternmatch,27
org.eclipse.viatra.query.runtime.api.iqueryspecification,27
org.eclipse.viatra.query.runtime.api.impl.basegeneratedemfqueryspecification,27
org.eclipse.viatra.query.runtime.api.impl.basematcher,27
org.eclipse.viatra.query.runtime.api.impl.basepatternmatch,27
org.eclipse.viatra.query.runtime.emf.types.eclasstransitiveinstanceskey,27
org.eclipse.viatra.query.runtime.matchers.psystem.basicenumerables.typeconstraint,27
org.eclipse.viatra.query.runtime.matchers.tuple.tuple,27
org.eclipse.viatra.query.runtime.util.viatraqueryloggingutil,27
org.eclipse.swt.dnd.transfer,27
org.eclipse.ui.dialogs.saveasdialog,27
org.eclipse.ui.ide.igotomarker,27
org.eclipse.emf.ecore.util.econtentadapter,27
org.eclipse.emf.edit.provider.reflectiveitemprovideradapterfactory,27
org.eclipse.emf.edit.provider.resource.resourceitemprovideradapterfactory,27
org.eclipse.emf.edit.ui.dnd.localtransfer,27
org.eclipse.emf.ecore.eclassifier,27
org.eclipse.emf.ecore.xmi.xmlresource,27
org.eclipse.emf.edit.ui.provider.extendedimageregistry,27
org.eclipse.ui.inewwizard,27
org.eclipse.ui.iworkbench,27
org.eclipse.gef.editpolicies.nonresizableeditpolicy,27
org.eclipse.emf.ecore.ecorepackage,27
edu.toronto.cs.se.mmint.mid.relationship.extendibleelementreference,27
edu.toronto.cs.se.mmint.mid.relationship.mappingreference,27
edu.toronto.cs.se.mmint.mid.relationship.diagram.providers.midparserprovider,27
npvanalysis.h,27
phyrec,27
fmt,27
scispacy,27
fletcher,27
bits,27
pybrain,27
cesiumlanguagewriter.colorcesiumwriter,27
astronet,27
opentimelineio,27
framelib_unary_objects.h,27
ant_sdm_utils.h,27
ble_date_time.h,27
es_slot.h,27
nrf_twi_sensor.h,27
ble_gap_struct_serialization.h,27
cipher.h,27
packets.h,27
deepcalcium,27
libyuv,27
ampligraph,27
qdockwidget,27
_abstract_recurrent_cell,27
lib.h,27
scatterplot3d,26
lua.h,26
wprogram.h,26
colorspace,26
mainwindow.h,26
qmainwindow,26
qspinbox,26
qtimer,26
vocab,26
fcntl,26
calendar,26
resource,26
model.h,26
thirdparty,26
java.util.enumeration,26
mem.h,26
corner,26
attr,26
leapp_functions,26
variant,26
pyglet,26
qvariant,26
libraries,26
support,26
swad_date.h,26
imagenet,26
d4m,26
rapidjson,26
hahlsimulation,26
pcap,26
os-proto.h,26
org.eclipse.papyrus.infra.gmfdiag.tooling.runtime.edit.policies.defaultlinklabeldragpolicy,26
org.eclipse.draw2d.geometry.dimension,26
org.eclipse.gmf.runtime.diagram.ui.editpolicies.canonicaleditpolicy,26
edu.toronto.cs.se.mmint.mid.relationship.modelendpointreference,26
edu.toronto.cs.se.mmint.mid.relationship.diagram.edit.policies.midtextselectioneditpolicy,26
edu.toronto.cs.se.modelepedia.classdiagram.diagram.providers.classdiagramelementtypes,26
org.dom4j.qname,26
jdct.h,26
$(dirname,26
npreaction.h,26
epac,26
shelve,26
host_generic_regs.h,26
syrenn_proto,26
cesiumlanguagewriter.doublecesiumwriter,26
reproject,26
heliosat,26
util.hpp,26
taskinit,26
autoquant,26
nrf_nvic.h,26
peer_manager_handler.h,26
nrf_peripherals.h,26
timeval.h,26
antlr3defs.h,26
filterabledatatable,26
jid.h,26
vtkobjectfactory.h,26
cocotte,26
bundle_test,26
script_common.sh,26
videos,26
simplejson,25
endian.h,25
colorsys,25
deactivate,25
semaphore.h,25
scheduler,25
markdown,25
lse.neko.unexpectedmessageexception,25
cupy,25
site,25
direct.h,25
javax.xml.bind.annotation.xmlrootelement,25
android,25
classes,25
nets,25
_pickle,25
wrappers.hpp,25
deepxi,25
transformer,25
libxio.h,25
termios.h,25
image.hpp,25
psm_mq_internal.h,25
dns.h,25
app,25
mope,25
picturedrocks,25
sdl_video.h,25
org.eclipse.viatra.query.runtime.matchers.psystem.basicdeferred.equality,25
org.eclipse.emf.edit.provider.changenotifier,25
org.eclipse.emf.edit.provider.ichangenotifier,25
org.eclipse.emf.edit.provider.idisposable,25
org.eclipse.emf.edit.provider.inotifychangedlistener,25
org.eclipse.jface.util.localselectiontransfer,25
org.eclipse.jface.viewers.treeviewer,25
org.eclipse.swt.layout.griddata,25
org.eclipse.papyrus.infra.gmfdiag.tooling.runtime.edit.policies.reparent.creationeditpolicywithcustomreparent,25
org.eclipse.gmf.runtime.emf.core.util.emfcoreutil,25
edu.toronto.cs.se.mmint.mid.operator.operatorpackage,25
org.eclipse.emf.edit.provider.ichildcreationextender,25
edu.toronto.cs.se.mmint.mid.relationship.binarymodelrel,25
edu.toronto.cs.se.mmint.mid.relationship.relationshipfactory,25
edu.toronto.cs.se.modelepedia.statemachine.diagram.part.statemachinevisualidregistry,25
org.dom4j.node,25
vocabs,25
sigma,25
inftrees.h,25
datatables.net,25
pywsd,25
a2c_ppo_acktr,25
mathop.h,25
libadalang,25
core_cminstr.h,25
core_cmfunc.h,25
gatenumbers.h,25
compiler_defs.h,25
abstractmotion.h,25
nrf_drv_gpiote.h,25
nrf_dfu_utils.h,25
nrf_drv_power.h,25
easylogging++.h,25
avif,25
jspubtd.h,25
genome_integration,25
cr_module.h,25
eutelutility.h,25
iavec3.h,25
iaguimoduleinterface.h,25
iaitkio.h,25
iacsvconfig.h,25
rsbench.h,25
fedavg,25
iio-private.h,25
iio-config.h,25
genotypes,25
mach,24
$this_dir,24
pb.h,24
py2exe,24
e_version.h,24
nnet,24
targetver.h,24
err.h,24
platform.h,24
pytorch_pretrained_bert,24
gmp.h,24
@actions,24
https,24
continuityerrs.h,24
arguments,24
cv_bridge,24
func_run_shell_cmd,24
org.apache.hadoop.io.,24
hedonometer,24
__builtin__,24
slim,24
plotting,24
sn,24
mnists,24
addtoruntimeselectiontable.h,24
compressiblecontinuityerrs.h,24
msdos,24
org.eclipse.viatra.query.runtime.emf.types.estructuralfeatureinstanceskey,24
org.eclipse.draw2d.connection,24
org.eclipse.gmf.runtime.diagram.ui.editparts.connectionnodeeditpart,24
org.eclipse.gmf.runtime.diagram.ui.editparts.itreebrancheditpart,24
org.eclipse.gmf.runtime.draw2d.ui.figures.polylineconnectionex,24
org.eclipse.gmf.runtime.diagram.ui.editparts.diagrameditpart,24
org.eclipse.gmf.runtime.emf.type.core.commands.destroyreferencecommand,24
org.eclipse.core.runtime.iadapterfactory,24
org.eclipse.jface.resource.imagedescriptor,24
org.eclipse.gmf.runtime.diagram.ui.resources.editor.document.idiagramdocument,24
org.eclipse.gef.editpartviewer,24
edu.toronto.cs.se.mmint.mid.operator.operator,24
org.eclipse.emf.ecore.eoperation,24
edu.toronto.cs.se.mmint.productline.plpackage,24
edu.toronto.cs.se.mmint.mid.diagram.part.middiagrameditorplugin,24
blas.h,24
ccarl,24
vue,24
my_generator,24
optimizable_graph.h,24
pybullet,24
bitsequence.h,24
bitsequencebuilder.h,24
commonconstants,24
pyspaz,24
reactstrap,24
polyglot,24
agi.foundation.compatibility.enumeration,24
agi.foundation.compatibility.annotations.cs2jinfo,24
spectral,24
custom_validators,24
boxes,24
multidict,24
@alexbosworth,24
outputcatalog.h,24
ant_bsc_utils.h,24
nrf_ble_cgms.h,24
peer_manager_internal.h,24
peer_database.h,24
nrf_block_dev.h,24
nrf_dfu_transport.h,24
app_usbd_string_desc.h,24
nrf_crypto_ecdsa.h,24
nrf_crypto_hmac_shared.h,24
uecc.h,24
ble_gatts_struct_serialization.h,24
timer_scheduler.h,24
toolchain.h,24
def.h,24
ap_generic.h,24
o3djs.math,24
pelecutilities.h,24
pyspatialopt,24
libnftnl,24
iavaluetypevectorhelpers.h,24
iafileutils.h,24
iaslicermode.h,24
vtkrenderwindowinteractor.h,24
predictionio,24
afrihealthsites,24
[mathjax],24
definition,24
voluptuous,24
objs,24
xmltodict,23
ete3,23
rtsne,23
r.utils,23
+m.replace(,23
comm.h,23
fftw3.h,23
commands,23
java.util.comparator,23
java.io.bufferedwriter,23
java.io.fileoutputstream,23
node:assert,23
visualize,23
syslog.h,23
paramiko,23
obspy,23
pwd.h,23
views,23
run_amanzi_standard,23
javax.swing.,23
git,23
complexheatmap,23
cuda_runtime_api.h,23
bgzf.h,23
knetfile.h,23
boilr,23
attrs,23
vtkdoublearray.h,23
swad_id.h,23
swad_autolink.h,23
@jest,23
scrattch.vis,23
stream.h,23
adsws,23
java.net.uri,23
java.awt.geom.point2d,23
rgeos,23
ext_dat.h,23
org.eclipse.core.resources.icontainer,23
org.eclipse.draw2d.graphics,23
edu.toronto.cs.se.mmint.mid.genericelement,23
rnbasics,23
gzguts.h,23
ade4,23
connection,23
gym_unemployment,23
npenergyloss.h,23
qjsonarray,23
proper,23
py_utils,23
ieee802154,23
rlcsa.h,23
batchelor,23
flask_table,23
fmultivar,23
rrcov,23
ap_coeff.h,23
pk_vector.h,23
nashi,23
check_api.h,23
vamdclib,23
types_,23
iaconnector.h,23
iaautoregistration.h,23
iaqttouiconnector.h,23
iafileio.h,23
iaqwidgethelper.h,23
vtktextproperty.h,23
peft,23
mininet,22
arch,22
pstats,22
arepo_package,22
gurobipy,22
mclust,22
readline,22
domain.h,22
catools,22
cte_lambda.h,22
java.awt.event.actionlistener,22
globals,22
print.h,22
optimizer,22
sdkddkver.h,22
mdso,22
cython,22
java.rmi.remoteexception,22
coda,22
tensorlayer,22
fastjet,22
options,22
png.h,22
nn_index.h,22
selenium-webdriver,22
support.h,22
except.h,22
acmp_mul_ss.h,22
device,22
org.w3c.dom.document,22
glproc.hpp,22
dpsnn_messagepassing.h,22
waflib,22
patsy,22
swad_timeline.h,22
mayavi,22
dorng,22
cstdarg,22
servicelayer,22
secrets,22
httpx,22
properties.h,22
yeqn.h,22
teqn.h,22
control_parameters.h,22
picamera,22
helpers.h,22
sdl_platform.h,22
java.util.eventobject,22
org.eclipse.draw2d.rotatabledecoration,22
edu.toronto.cs.se.mmint.mid.midfactory,22
performance,22
mathutils,22
g2o_core_api.h,22
lv2,22
deepfish,22
defaults,22
basic.h,22
ktree.h,22
corrade,22
cesiumlanguagewriter.booleancesiumwriter,22
gym_pomdps,22
themispy,22
illuminahumanv4.db,22
nodes,22
latex_info,22
nrf_drv_timer.h,22
nrf_drv_twi.h,22
nrf_drv_rng.h,22
mem_manager.h,22
nrf_mesh_prov.h,22
mesh_opt.h,22
serial_packet.h,22
access_reliable.h,22
fmath,22
atlasobject,22
sde,22
pk_satmat.h,22
pk_matrix.h,22
mudata,22
core-math,22
core-util,22
line_to_image_list,22
phildb,22
iaattributedescriptor.h,22
iatransferfunction.h,22
iachanneldata.h,22
syntcomp,22
debugging,22
vampire,22
universalmutator,22
baseline,21
meter,21
lauxlib.h,21
sampling,21
elasticsearch,21
wire.h,21
wandb,21
tm,21
ccl_clausesets.h,21
cio_signals.h,21
conf,21
broom,21
java.awt.borderlayout,21
java.io.writer,21
loss,21
zconf.h,21
xmmintrin.h,21
sonnet,21
text,21
transforms3d,21
sanitizer_common.h,21
botocore,21
java.net.malformedurlexception,21
solver.h,21
gm_hmm,21
prettytable,21
colorama,21
visdom,21
java.awt.event.,21
lib_files,21
gelatolab,21
sse.hpp,21
arboreto,21
autograd,21
umap,21
jerror.h,21
org.apache.hadoop.fs.path,21
ngraph.events,21
qregularexpression,21
dpsnn_spike.h,21
pyemma,21
swad_language.h,21
swad_resource_database.h,21
swad_theme.h,21
orphics,21
rgl,21
leda,21
actions,21
ipaddress,21
client.h,21
socket.h,21
rllab,21
django_tables2,21
optim,21
bio_lcl.h,21
pyside,21
org.eclipse.emf.ecore.resource.impl.resourcesetimpl,21
org.eclipse.jface.wizard.wizardpage,21
org.eclipse.swt.layout.gridlayout,21
org.eclipse.swt.widgets.label,21
edu.toronto.cs.se.mmint.mid.relationship.binarymappingreference,21
edu.toronto.cs.se.mmint.mid.relationship.diagram.part.middiagrameditorplugin,21
edu.toronto.cs.se.modelepedia.relationaldatabase.diagram.providers.relationaldatabaseelementtypes,21
edu.toronto.cs.se.modelepedia.statemachine.diagram.providers.statemachineelementtypes,21
edu.toronto.cs.se.modelepedia.statemachine.statemachinepackage,21
cogsciabc,21
neural_processes,21
tinitialconditions.h,21
moe,21
rtwtypes.h,21
mpfr.h,21
generators,21
executionblackbox.h,21
rtypes.h,21
main_globals.h,21
pgen2,21
tsar.h,21
finsh.h,21
spyre,21
numberandcoordinate.h,21
lie_learn,21
org.json.simple.jsonobject,21
org.eclipse.xtend2.lib.stringconcatenation,21
nrf_drv_ppi.h,21
phy_common.h,21
nrf_ble_escs.h,21
ble_ots.h,21
id_manager.h,21
peer_data_storage.h,21
nrf_log_instance.h,21
nrf_dfu_handling_error.h,21
app_uart.h,21
ble_gattc_struct_serialization.h,21
ble_l2cap_struct_serialization.h,21
vexflow,21
distbayesianmc,21
safe_explorer,21
samexplorer,21
oauth_provider,21
optional_imports,21
aztarna,21
gluonnlp,21
vrrp_ipaddress.h,21
iacolortheme.h,21
iachartwithfunctionswidget.h,21
iaparameterdlg.h,21
vtkmath.h,21
iadockwidgetwrapper.h,21
iacsvdatastorage.h,21
help,21
javax.xml.bind.annotation.xmlschematype,21
illustris_python,20
pegas,20
accimage,20
heap.h,20
cvxpy,20
termcolor,20
utime.h,20
coordinates.h,20
java.util.sortedset,20
lse.neko.nekothread,20
java.awt.event.actionevent,20
java.util.missingresourceexception,20
tracer,20
boto,20
filesystem,20
options.h,20
zone.js,20
targetconditionals.h,20
cityscapesscripts,20
mgcv,20
parse,20
commontool,20
scrapy,20
compare_field_results,20
tomllib,20
openxlsx,20
easymode,20
tcrdist,20
voeventparse,20
posixpath,20
fenv.h,20
ut,20
javax.xml.parsers.documentbuilder,20
javax.xml.parsers.documentbuilderfactory,20
callbacks,20
context.h,20
opencv,20
swad_browser.h,20
swad_notification_database.h,20
pyqtgraph,20
adblockplus,20
ips_proto.h,20
array.h,20
cbasefunction.h,20
integral_types.h,20
barreldata,20
starlette,20
pagerank,20
org.eclipse.ui.views.contentoutline.icontentoutlinepage,20
org.eclipse.papyrus.infra.gmfdiag.tooling.runtime.directedit.textdirecteditmanager2,20
org.eclipse.jface.viewers.ilabelprovider,20
edu.toronto.cs.se.mmint.mid.utils.fileutils,20
edu.toronto.cs.se.mmint.mid.modelelement,20
edu.toronto.cs.se.modelepedia.classdiagram.diagram.part.classdiagramdiagrameditorplugin,20
edu.toronto.cs.se.modelepedia.istar.istarfactory,20
edu.toronto.cs.se.modelepedia.istar.intention,20
edu.toronto.cs.se.modelepedia.istar.diagram.part.istardiagrameditorplugin,20
edu.toronto.cs.se.modelepedia.relationaldatabase.diagram.part.relationaldatabasediagrameditorplugin,20
edu.toronto.cs.se.modelepedia.statemachine.diagram.part.statemachinediagrameditorplugin,20
mmlfrontend,20
semeval,20
alloc.h,20
backbones,20
strcodec.h,20
qtpy,20
@storybook,20
hyper_graph.h,20
glpk.h,20
agapiatoccode.h,20
bcf.h,20
adg,20
build,20
guest_generic_bb_to_ir.h,20
timefunctions.h,20
typedefs,20
framelib_binary_objects.h,20
ignite,20
enterprise_gwecc,20
app_button.h,20
nrf_drv_spi.h,20
ser_conn_handlers.h,20
bignum.h,20
threading.h,20
device_state_manager.h,20
dfu_types_mesh.h,20
test_utils,20
ofpbuf.h,20
atpy,20
iqhandler.h,20
arbitrator.h,20
astron_common_functions,20
option.h,20
skmultiflow,20
uip.h,20
fastai,20
fitness.h,20
inspector_gcs,20
r.matlab,19
thread.h,19
env,19
qimage,19
group.h,19
tests,19
nbformat,19
cli,19
gulp,19
cnn,19
aligneroptions.h,19
lodash,19
sha256.h,19
javax.xml.namespace.qname,19
clang,19
expr.h,19
type.h,19
libintl.h,19
driver,19
dataloader,19
labmtsimple,19
latticeextra,19
setrootcase.h,19
createtime.h,19
circlize,19
definitions,19
entities,19
phonolammps,19
openvdb_ax,19
cmsis_ccs.h,19
goseq,19
func_track,19
learn,19
view,19
qdoublespinbox,19
directxtexp.h,19
md5.h,19
image,19
corrplot,19
swad_browser_database.h,19
swad_group_database.h,19
dp,19
past,19
timereg,19
inception_v3,19
normality,19
myerror.h,19
crc16.h,19
opencl,19
utilities.h,19
zsi,19
org.processmining.contexts.uitopia.annotations.uitopiavariant,19
counterfactual,19
pcap-stdinc.h,19
netlink,19
pymoo,19
prediction,19
des_locl.h,19
eng_int.h,19
gym_throwandpush,19
org.eclipse.emf.edit.ui.action.controlaction,19
org.eclipse.emf.edit.ui.action.createchildaction,19
org.eclipse.emf.edit.ui.action.createsiblingaction,19
org.eclipse.emf.edit.ui.action.loadresourceaction,19
org.eclipse.emf.edit.ui.action.validateaction,19
org.eclipse.jface.action.actioncontributionitem,19
org.eclipse.jface.action.icontributionmanager,19
org.eclipse.jface.action.subcontributionitem,19
org.eclipse.core.resources.iresourcechangeevent,19
org.eclipse.core.resources.iresourcechangelistener,19
org.eclipse.core.resources.iresourcedelta,19
org.eclipse.core.resources.iresourcedeltavisitor,19
org.eclipse.jface.action.istatuslinemanager,19
org.eclipse.jface.dialogs.progressmonitordialog,19
org.eclipse.jface.viewers.columnweightdata,19
org.eclipse.jface.viewers.listviewer,19
org.eclipse.jface.viewers.structuredviewer,19
org.eclipse.jface.viewers.tablelayout,19
org.eclipse.jface.viewers.tableviewer,19
org.eclipse.swt.custom.ctabfolder,19
org.eclipse.swt.dnd.dnd,19
org.eclipse.swt.events.controladapter,19
org.eclipse.swt.events.controlevent,19
org.eclipse.swt.layout.filllayout,19
org.eclipse.swt.widgets.tablecolumn,19
org.eclipse.swt.widgets.tree,19
org.eclipse.swt.widgets.treecolumn,19
org.eclipse.ui.ieditorsite,19
org.eclipse.ui.ipartlistener,19
org.eclipse.ui.part.multipageeditorpart,19
org.eclipse.ui.views.contentoutline.contentoutline,19
org.eclipse.ui.views.contentoutline.contentoutlinepage,19
org.eclipse.ui.views.properties.ipropertysheetpage,19
org.eclipse.ui.views.properties.propertysheet,19
org.eclipse.ui.views.properties.propertysheetpage,19
org.eclipse.emf.common.command.basiccommandstack,19
org.eclipse.emf.common.command.commandstack,19
org.eclipse.emf.common.command.commandstacklistener,19
org.eclipse.emf.common.ui.markerhelper,19
org.eclipse.emf.common.ui.viewerpane,19
org.eclipse.emf.common.ui.editor.problemeditorpart,19
org.eclipse.emf.common.util.basicdiagnostic,19
org.eclipse.emf.edit.provider.adapterfactoryitemdelegator,19
org.eclipse.emf.edit.ui.celleditor.adapterfactorytreeeditor,19
org.eclipse.emf.edit.ui.dnd.editingdomainviewerdropadapter,19
org.eclipse.emf.edit.ui.dnd.viewerdragadapter,19
org.eclipse.emf.edit.ui.provider.unwrappingselectionprovider,19
org.eclipse.emf.edit.ui.util.edituimarkerhelper,19
org.eclipse.emf.edit.ui.util.edituiutil,19
org.eclipse.emf.edit.ui.view.extendedpropertysheetpage,19
org.eclipse.emf.common.commonplugin,19
org.eclipse.core.resources.ifolder,19
org.eclipse.core.resources.iproject,19
org.eclipse.swt.events.modifylistener,19
org.eclipse.swt.events.modifyevent,19
org.eclipse.swt.widgets.combo,19
org.eclipse.ui.part.isetselectiontarget,19
org.eclipse.draw2d.geometry.rectangle,19
edu.toronto.cs.se.mmint.mid.extendibleelementendpoint,19
edu.toronto.cs.se.modelepedia.istar.diagram.edit.parts.istareditpart,19
edu.toronto.cs.se.modelepedia.relationaldatabase.diagram.edit.parts.relationaldatabaseeditpart,19
edu.toronto.cs.se.modelepedia.relationaldatabase.relationaldatabasepackage,19
inflate.h,19
inffast.h,19
anapsid,19
qtablewidget,19
lzproduction,19
qumat_qdp,19
mumin,19
react-hook-form,19
agi.foundation.compatibility.colorhelper,19
ucos_ii.h,19
astra,19
diffbind,19
quantization,19
utallocore.h,19
casatasks,19
sublayer.h,19
nrf_gpiote.h,19
nrf_section_iter.h,19
nrf_error_sdm.h,19
catamidb,19
bootbca,19
ap_dimension.h,19
reader,19
automata,19
fits_tools,19
vrrp_data.h,19
vrrp_if.h,19
lemrinterface,19
iacharts_export.h,19
iarenderer.h,19
iaslicer.h,19
iatool.h,19
iagemseconstants.h,19
pysofaconventions,19
atomium,19
proc,18
sva,18
force.h,18
ccl_formulafunc.h,18
lualib.h,18
flm_common,18
java.io.outputstreamwriter,18
error,18
envstats,18
iokit,18
detector,18
analysis.h,18
grid_lrt,18
qtglobal,18
egl,18
easy_io.h,18
createmesh.h,18
system_error,18
resource.h,18
github,18
arm_neon.h,18
popper.js,18
simulation,18
_feat_probe,18
evaluation,18
soundfile,18
loaders,18
hls_design_meta.h,18
hls_design.h,18
schifra_reed_solomon_block.hpp,18
schifra_galois_field.hpp,18
"""$1""",18
vtkpoints.h,18
dpsnn_chrono.h,18
args,18
swad_message.h,18
swad_profile.h,18
swad_pagination.h,18
swad_figure_cache.h,18
pyfits,18
pycda,18
neuron,18
load,18
ngsolve,18
jevents.h,18
java.awt.geom.rectangle2d,18
ruamel,18
ethertype.h,18
streams,18
gym_ergojr,18
camera.h,18
org.eclipse.gmf.runtime.diagram.ui.commands.deferredlayoutcommand,18
org.eclipse.gmf.runtime.diagram.ui.commands.setviewmutabilitycommand,18
org.eclipse.gmf.runtime.diagram.ui.parts.diagrameditor,18
org.eclipse.gmf.runtime.diagram.ui.actions.actionids,18
org.eclipse.jface.window.window,18
org.eclipse.draw2d.flowlayout,18
edu.toronto.cs.se.mmint.midtypehierarchy,18
edu.toronto.cs.se.mmint.mid.diagram.providers.midparserprovider,18
edu.toronto.cs.se.mmint.mid.relationship.modelelementendpointreference,18
edu.toronto.cs.se.modelepedia.classdiagram.diagram.edit.parts.classdiagrameditpart,18
edu.toronto.cs.se.modelepedia.sequencediagram.sequencediagrampackage,18
edu.toronto.cs.se.modelepedia.statemachine.diagram.edit.parts.statemachineeditpart,18
nav_msgs,18
gazebo,18
arrow,18
gelistgenome.h,18
amrex_vismf.h,18
tvector2.h,18
blng,18
rewards,18
_smote,18
dcstats,18
tnt,18
ccdb,18
muoncommon,18
opt_einsum,18
mapview,18
imports,18
react-notifications,18
bitvector.h,18
agi.foundation.compatibility.argumentexception,18
agi.foundation.compatibility.immutablevaluetype,18
globalvariables.h,18
solofeature.h,18
portmacro.h,18
bayestestr,18
bitcoinjs-lib,18
pgp_lib,18
metadata_tools,18
dimension.h,18
ant_hrm_utils.h,18
ble_dis.h,18
es_security.h,18
twi_master.h,18
dfu-cc.pb.h,18
nrf_dfu_flash.h,18
nrf_mbr.h,18
nrf_crypto_aead_shared.h,18
nrf_crypto_rng_shared.h,18
nfc_ble_pair_common.h,18
nrf_gzll.h,18
app_ble_gap_sec_keys.h,18
ble_gatt_struct_serialization.h,18
ser_phy_config_app.h,18
conn_ble_gap_sec_keys.h,18
mpu_armv8.h,18
uart.h,18
ssl.h,18
ecp.h,18
bl_if.h,18
aristomini,18
japron.h,18
dimensions,18
masked_cubes,18
real_robots,18
srl_zoo,18
codebase,18
tfpy,18
vtkrenderercollection.h,18
ltl_to_atm,18
discodop,18
summarizedexperiment,17
rastervis,17
zoo,17
3dti_audiotoolkit,17
ccl_clauses.h,17
java.io.bytearrayoutputstream,17
java.lang.reflect.method,17
builders,17
lola,17
albucore,17
capstone.h,17
proto,17
modeling,17
org.eclipse.xtext.generator.ifilesystemaccess,17
release,17
backports,17
winapifamily.h,17
tensorflow_probability,17
clusterprofiler,17
spi.h,17
get-intrinsic,17
aplus_auth,17
pytensor,17
pymc,17
base_model,17
vgg,17
server.h,17
hmac,17
pruner,17
viroconcom,17
budget_app,17
seqinr,17
compiler.h,17
phangorn,17
stack.h,17
aes.h,17
cdjpeg.h,17
matmul_hw_fadd_32bkb.h,17
matmul_hw_fmul_32cud.h,17
schifra_sequential_root_generator_polynomial_creator.hpp,17
frame.h,17
fitting,17
tokafatso,17
swad_enrolment_database.h,17
swad_tree.h,17
swad_timeline_database.h,17
atmosphere,17
nsga2,17
experiment,17
basic,17
trees,17
surface,17
page,17
pybindgen,17
block.h,17
defcdb,17
volfields.h,17
data_reader.h,17
javax.swing.borderfactory,17
costfunctions,17
configargparse,17
parmed,17
einops,17
jsonlite,17
erasure_code.h,17
coreminimal.h,17
org.eclipse.emf.ecore.util.eobjectwithinverseresolvingelist,17
org.eclipse.swt.dnd.filetransfer,17
org.eclipse.emf.ecore.ecorefactory,17
edu.toronto.cs.se.mmint.mid.utils.midregistry,17
edu.toronto.cs.se.mmint.mid.midlevel,17
edu.toronto.cs.se.mmint.mid.diagram.edit.parts.mideditpart,17
edu.toronto.cs.se.mmint.mid.diagram.edit.policies.midtextselectioneditpolicy,17
edu.toronto.cs.se.mmint.mid.relationship.diagram.edit.parts.modelreleditpart,17
edu.toronto.cs.se.modelepedia.gsn.goal,17
guardian,17
amrex_amrlevel.h,17
amrex_multifab.h,17
constants_cosmo.h,17
acresrc.h,17
th1d.h,17
qgroupbox,17
module,17
file.h,17
data.hpp,17
markupsafe,17
fitcommon,17
core_allvars.h,17
li_constants,17
xassert,17
aacgmv2,17
rac.h,17
ac_int.h,17
django_tenants,17
petrel,17
agi.foundation.compatibility.action,17
agi.foundation.typeliteral,17
cvsslib,17
allentune,17
climatelearn,17
cnn_models,17
yarl,17
framelib_vector_objects.h,17
ci,17
dijit._widget,17
org.applause.lang.applausedsl.screen,17
radio.h,17
qwt_scale_engine.h,17
sys_utils.h,17
radio_config.h,17
ssi_aes.h,17
sns_silib.h,17
nfc_ndef_msg.h,17
dp_actions.h,17
accounts,17
numeric_constants.h,17
hadoop,17
ddalpha,17
calamari_ocr,17
panda3d,17
common_constants,17
core-graphics,17
momentum.h,17
iafilterregistry.h,17
iasplomdata.h,17
iajoblistview.h,17
vtkcelldata.h,17
iaobjectsdata.h,17
vtkfloatarray.h,17
pygpu,17
de.unihalle.informatik.mitobo.core.operator.,17
de.unihalle.informatik.mitobo.core.exceptions.,17
web3,17
backend_config,17
stsc,17
py_eddy_tracker_sample,17
cemodules,17
patrace,17
longformer,16
mdot_to_lbol,16
truffle-hdwallet-provider,16
pylons,16
optimization,16
kernlab,16
fix.h,16
eos,16
star,16
msgpack,16
clb_simple_stuff.h,16
webpack-merge,16
lineqgpr,16
java.io.outputstream,16
java.awt.graphics2d,16
java.awt.component,16
frame,16
prior,16
bhlight,16
deprecated,16
podio_gen,16
unixio.h,16
pydicom,16
nlp_util,16
file_utils,16
java.sql.connection,16
alb_mm_functions,16
lmdb,16
shinybs,16
symboltable.h,16
program.h,16
operations,16
gpytorch,16
xlsxwriter,16
org.eclipse.emf.ecore.eenum,16
socketserver,16
serializers,16
inc,16
sgx_trts.h,16
dash,16
message,16
initcontinuityerrs.h,16
setproctitle,16
debug,16
process,16
cycler,16
vectorclass.h,16
openvdbgrid,16
arm_math.h,16
cmsis_iar.h,16
org.apache.hadoop.conf.configuration,16
org.apache.hadoop.conf.configured,16
org.apache.hadoop.mapreduce.job,16
org.apache.hadoop.mapreduce.mapper,16
org.apache.hadoop.mapreduce.lib.input.fileinputformat,16
org.apache.hadoop.mapreduce.lib.input.textinputformat,16
org.apache.hadoop.mapreduce.lib.output.fileoutputformat,16
org.apache.hadoop.mapreduce.lib.output.textoutputformat,16
org.apache.hadoop.util.tool,16
org.apache.hadoop.util.toolrunner,16
instrain_lite,16
schifra_reed_solomon_encoder.hpp,16
schifra_reed_solomon_decoder.hpp,16
files,16
cli.hpp,16
os_string.hpp,16
state_writer.hpp,16
dpsnn_stat.h,16
dpsnn_synapse.h,16
+timeframes[key]+,16
re2,16
visualization,16
+l+,16
swad_exam_database.h,16
swad_setting_database.h,16
swad_logo.h,16
swad_test.h,16
canstrat_codes,16
biobase,16
tensorboard,16
cerrno,16
factominer,16
bwt.h,16
tf1.h,16
guiuat,16
java.util.date,16
map.h,16
intervaltree,16
feed,16
"""$(dirname",16
ip.h,16
ether.h,16
asn1_locl.h,16
connectivity,16
org.eclipse.jface.action.icontributionitem,16
org.eclipse.swt.graphics.point,16
org.eclipse.swt.widgets.menu,16
org.eclipse.swt.widgets.table,16
org.eclipse.emf.common.command.command,16
org.eclipse.ui.iworkbenchwindow,16
org.eclipse.papyrus.infra.gmfdiag.tooling.runtime.edit.helpers.generatededithelperbase,16
org.eclipse.draw2d.roundedrectangle,16
org.eclipse.gmf.runtime.emf.type.core.requests.duplicateelementsrequest,16
org.eclipse.gmf.runtime.common.core.command.icompositecommand,16
org.eclipse.draw2d.figure,16
org.eclipse.draw2d.figurelistener,16
org.eclipse.core.runtime.platformobject,16
org.eclipse.ui.navigator.icommoncontentprovider,16
org.eclipse.ui.views.properties.ipropertysourceprovider,16
org.eclipse.ui.navigator.icommonlabelprovider,16
org.eclipse.core.commands.executionevent,16
org.eclipse.jface.dialogs.errordialog,16
org.eclipse.jface.operation.irunnablewithprogress,16
org.eclipse.gef.palette.paletteroot,16
org.eclipse.gmf.runtime.diagram.ui.resources.editor.document.idocument,16
org.eclipse.ui.ieditormatchingstrategy,16
org.eclipse.ui.ieditorreference,16
org.eclipse.core.commands.operations.operationhistoryfactory,16
org.eclipse.gmf.runtime.diagram.ui.parts.idiagramworkbenchpart,16
org.eclipse.swt.widgets.display,16
org.eclipse.gmf.runtime.diagram.core.services.view.creatediagramviewoperation,16
org.eclipse.core.expressions.propertytester,16
org.eclipse.jface.preference.ipreferencestore,16
org.eclipse.gmf.runtime.emf.type.core.elementtyperegistry,16
org.eclipse.gmf.runtime.diagram.ui.services.decorator.abstractdecorator,16
org.eclipse.gmf.runtime.diagram.ui.services.decorator.createdecoratorsoperation,16
org.eclipse.gmf.runtime.diagram.ui.services.decorator.idecoratorprovider,16
org.eclipse.gmf.runtime.diagram.ui.services.decorator.idecoratortarget,16
edu.toronto.cs.se.modelepedia.classdiagram.classdiagram,16
edu.toronto.cs.se.mmint.mid.provider.mideditplugin,16
edu.toronto.cs.se.mmint.mid.relationship.mapping,16
edu.toronto.cs.se.mmint.mid.diagram.edit.parts.modelendpoint2editpart,16
edu.toronto.cs.se.mmint.mid.diagram.edit.parts.modelendpoint3editpart,16
edu.toronto.cs.se.mmint.mid.diagram.edit.parts.modelendpointeditpart,16
edu.toronto.cs.se.mmint.mid.relationship.diagram.edit.parts.extendibleelementreferencesupertyperefeditpart,16
edu.toronto.cs.se.mmint.mid.relationship.diagram.edit.parts.modelelementendpointreference2editpart,16
edu.toronto.cs.se.mmint.mid.relationship.diagram.edit.parts.modelelementendpointreferenceeditpart,16
edu.toronto.cs.se.mmint.mid.relationship.diagram.edit.parts.modelelementreference2editpart,16
edu.toronto.cs.se.mmint.mid.relationship.diagram.edit.parts.modelelementreference3editpart,16
edu.toronto.cs.se.mmint.mid.relationship.diagram.edit.parts.modelelementreferenceeditpart,16
edu.toronto.cs.se.modelepedia.gsn.safetycase,16
edu.toronto.cs.se.modelepedia.istar.diagram.edit.parts.contributioneditpart,16
edu.toronto.cs.se.modelepedia.istar.diagram.edit.parts.decompositioneditpart,16
edu.toronto.cs.se.modelepedia.istar.diagram.edit.parts.dependeelinkeditpart,16
edu.toronto.cs.se.modelepedia.istar.diagram.edit.parts.dependerlinkeditpart,16
edu.toronto.cs.se.modelepedia.istar.diagram.edit.parts.meansendeditpart,16
org.dom4j.documentfactory,16
qiskit,16
runner,16
gravity.h,16
tlist.h,16
qdialogbuttonbox,16
ruffus,16
fi,16
manager,16
liblwgeom.h,16
robust_kernel.h,16
faust,16
yup,16
sync_batchnorm,16
mbed-client,16
rt_nonfinite.h,16
alf,16
rnnseg,16
mysql_priv.h,16
ampel,16
alloutil,16
$wdmerger_home,16
utils_v2,16
nrf_ble_ancs_c.h,16
es_app_config.h,16
app_usbd_cdc_acm.h,16
tile_lib.h,16
bearer_event.h,16
transport.h,16
integration_test_ssi_data.h,16
dismo,16
wiring_private.h,16
oflib-exp,16
zope,16
data_structures.h,16
messagehandler.h,16
mcrm,16
ap_scalar.h,16
ap_global0.h,16
itv.h,16
fpp.h,16
fpp_internal.h,16
goldrusher,16
optimist,16
gym_xplane,16
check_parser.h,16
track_file.h,16
smtp.h,16
check_data.h,16
iafilter.h,16
iaplottypes.h,16
iadatasetrenderer.h,16
vtktransform.h,16
iavolumeviewer.h,16
iacompvisoptions.h,16
iacomphistogramtabledata.h,16
iaimagetreenode.h,16
prog_bar,16
de.unihalle.informatik.alida.operator.,16
de.unihalle.informatik.alida.exceptions.,16
lufa,16
simplegaspropertiesbase.h,16
scitsr,16
output.h,15
skvideo,15
tomo_problem,15
port,15
pb_common.h,15
rdf,15
arc_solvers,15
dpkt,15
txdb.hsapiens.ucsc.hg19.knowngene,15
flatcat,15
dicedesign,15
java.io.bytearrayinputstream,15
progress,15
data_manipulation,15
pipes,15
__version__,15
wrappers,15
linalg.hpp,15
karma-jasmine,15
karma-chrome-launcher,15
java.sql.sqlexception,15
xlsx,15
output,15
shinythemes,15
darknet,15
io.github.abelgomez.ps.pspackage,15
org.eclipse.emf.common.util.enumerator,15
functions.h,15
protocol,15
train,15
parameter.h,15
survminer,15
ggridges,15
vioplot,15
`dirname,15
qwind,15
pyprind,15
ctlsimdinterpreter.h,15
pxr,15
smtplib,15
horovod,15
venv,15
containers,15
retrace.hpp,15
qstandarditemmodel,15
qpen,15
winapi,15
dialect,15
spam,15
vtkcellarray.h,15
highfreq,15
eval,15
traffic_generator.h,15
swad_forum_database.h,15
swad_project.h,15
swad_www.h,15
swad_cryptography.h,15
swad_course.h,15
pyfftw,15
tomli,15
istream,15
noise,15
actsims,15
rcpparmadillo,15
sc2,15
cpu.h,15
opensmokeradiationmodel.h,15
fluxes.h,15
mturk,15
org.processmining.framework.plugin.events.logger.messagelevel,15
org.processmining.framework.plugin.annotations.pluginvariant,15
org.processmining.models.graphbased.attributemap,15
ip6.h,15
cdlp,15
deeptime,15
org.eclipse.draw2d.polylinedecoration,15
org.eclipse.papyrus.infra.gmfdiag.tooling.runtime.update.updaterlinkdescriptor,15
edu.toronto.cs.se.mmint.midtyperegistry,15
edu.toronto.cs.se.mmint.productline.productline,15
edu.toronto.cs.se.modelepedia.gsn.strategy,15
edu.toronto.cs.se.mmint.types.lts.ltspackage,15
loading,15
org.dom4j.document,15
rnbasics.h,15
deepsleep,15
cwl_utils,15
optuna,15
fin_benefits,15
rat,15
quantities,15
utee,15
basenode.h,15
mapper.h,15
lowcat,15
scater,15
core_proto.h,15
full_ref,15
stillleben,15
libvex_emnote.h,15
flask_restful,15
__init__,15
cesiumlanguagewriter.distancedisplayconditioncesiumwriter,15
agi.foundation.compatibility.cultureinfohelper,15
transcriptome.h,15
"""$projectdir",15
lenstronomy,15
sqair,15
third_party,15
vtkcubesource.h,15
densepose,15
geom.hpp,15
org.applause.lang.applausedsl.attribute,15
org.applause.lang.generator.ios.model.typeextensions,15
cyclus,15
libaktualizr,15
abstractprofileoutput.h,15
timeseriesmotion.h,15
ess.h,15
maternal.h,15
ss.h,15
sys_queue.h,15
ant_key_manager.h,15
ant_hrm.h,15
ble_bas.h,15
gatts_cache_manager.h,15
es_flash.h,15
nrf_atflags.h,15
nrf_atfifo.h,15
nrf_dfu_mbr.h,15
nrf_ringbuf.h,15
nrf_log_backend_interface.h,15
nrf_cli_uart.h,15
crys_ecpki_types.h,15
app_usbd_hid.h,15
nrf_gzp.h,15
ser_phy_hci.h,15
ser_phy_config_conn.h,15
conn_ble_user_mem.h,15
asn1.h,15
mesh_config.h,15
aci,15
qbee,15
ofl.h,15
crabtable,15
vectoralgebra,15
uv0d,15
uv1d,15
nonparam_old,15
ap_expr0.h,15
num.h,15
pk_representation.h,15
pylearn2,15
rng.hpp,15
common_types.h,15
vmadump.h,15
pyradex,15
shapefit,15
phidl,15
state_representation,15
make_env,15
core-mesh,15
application-d3d11,15
pyebm,15
vrrp_track.h,15
ipwrapper.h,15
eutelgeometrytelescopegeodescription.h,15
adopy,15
iaaabb.h,15
iahistogramdata.h,15
vtkunsignedchararray.h,15
xlearn,15
mocap,15
yolo,15
nparticleoperator,15
noise_layers,15
hansel,15
qi,15
alphatwirl,15
power_spectra,15
fourier_estimators,15
imc,15
wgcna,14
$dir,14
ckan,14
alternate_marking.h,14
lea,14
ecsub,14
tstring.h,14
wesanderson,14
gerryfair,14
environment,14
qelapsedtimer,14
cstringio,14
httplib,14
compute.h,14
cmd,14
keras_contrib,14
evaluate,14
node:os,14
commands.h,14
java.util.nosuchelementexception,14
org.xml.sax.saxexception,14
mavproxy,14
angular,14
bzlib_private.h,14
sysconfig,14
acados_solver_{{ name }}.h,14
sio,14
event.h,14
protractor,14
karma-jasmine-html-reporter,14
jasmine-spec-reporter,14
body-parser,14
alloc-inl.h,14
java.lang.reflect.,14
java.io.printstream,14
shinydashboard,14
features.h,14
samples,14
ggtree,14
cxxabi.h,14
simulators,14
kafka,14
evaluator,14
external_services,14
apps,14
aplus,14
sortedcontainers,14
curl,14
htmlwidgets,14
definitions.h,14
htmltools,14
fvcfd.h,14
result_set.h,14
"""${dir_script}""",14
uncertainties,14
pkg,14
java.util.bitset,14
_sklearn_tree,14
pointdatagrid.h,14
maya,14
ksort.h,14
io_lib_config.h,14
util_run_experiment,14
schifra_galois_field_polynomial.hpp,14
os.hpp,14
khr,14
randdev.h,14
model_parameters,14
hydro.h,14
planet.h,14
swad_group.h,14
swad_layout.h,14
swad_notification.h,14
swad_exam_print.h,14
swad_question.h,14
cx_freeze,14
gpy,14
qvalue,14
m2fs_utils,14
mujoco_py,14
domcentres,14
dumbo,14
stringbuffer.h,14
resources,14
vars,14
sextante,14
amrvac_pytools,14
mochikit.base,14
flask_security,14
cs_algorithms,14
tibanna,14
django_filters,14
updateproperties.h,14
jacobianevaluation.h,14
java.lang.annotation.elementtype,14
java.lang.annotation.retention,14
java.lang.annotation.retentionpolicy,14
java.lang.annotation.target,14
org.processmining.contexts.uitopia.uiplugincontext,14
yamloutput.h,14
timestep.h,14
rsa_locl.h,14
ec_base_vsx.h,14
topology,14
org.eclipse.emf.common.ui.eclipseuiplugin,14
org.eclipse.gmf.runtime.diagram.core.edithelpers.createelementrequestadapter,14
org.eclipse.gmf.runtime.diagram.ui.requests.createviewandelementrequest,14
org.eclipse.core.runtime.status,14
edu.toronto.cs.se.modelepedia.necsis14_classdiagram.necsis14_classdiagrampackage,14
edu.toronto.cs.se.mmint.mmintconstants,14
edu.toronto.cs.se.mmint.mid.diagram.edit.parts.extendibleelementsupertypeeditpart,14
edu.toronto.cs.se.mmint.mid.relationship.diagram.edit.parts.mappingreference2editpart,14
edu.toronto.cs.se.mmint.mid.relationship.diagram.edit.parts.mappingreferenceeditpart,14
edu.toronto.cs.se.mmint.mid.relationship.diagram.edit.parts.modelendpointreference2editpart,14
edu.toronto.cs.se.mmint.mid.relationship.diagram.edit.parts.modelendpointreferenceeditpart,14
edu.toronto.cs.se.modelepedia.gsn.template,14
edu.toronto.cs.se.modelepedia.gsn.context,14
edu.toronto.cs.se.modelepedia.gsn.gsnfactory,14
fourlang,14
org.w3c.dom.element,14
ranger,14
rootoutput.h,14
qformlayout,14
qframe,14
procedures.h,14
classes.h,14
memorypool.h,14
blender,14
batch_stats.h,14
g2o_types_slam3d_api.h,14
glib.h,14
avahi-common,14
qpad.h,14
trajopt,14
pybullet_data,14
regions,14
ujson,14
includes.h,14
calc3_defs.h,14
raisd.h,14
faidx.h,14
mipp.h,14
commonutils,14
mice,14
draw_functions,14
core.h,14
fissix,14
agi.foundation.compatibility.argumentnullexception,14
intrinsics.h,14
bntseq.h,14
cell.hpp,14
windspharm,14
genetic_algorithm,14
dijit._templated,14
javax.xml.transform.transformer,14
javax.xml.transform.transformerfactory,14
javax.xml.transform.dom.domsource,14
javax.xml.transform.stream.streamresult,14
opencmiss,14
org.applause.lang.applausedsl.datasource,14
d3ploy,14
abstractoutput.h,14
qscrollarea,14
soiltype.h,14
mango,14
ant_bpwr.h,14
ant_bsc.h,14
ant_sdm.h,14
nrf_dfu.h,14
nrf_crypto_hmac.h,14
nrfx_ppi.h,14
portmacro_cmsis.h,14
ssi_pal_types_plat.h,14
core_tx.h,14
nrf_mesh_serial.h,14
coordinate_system.h,14
tile.h,14
ofl-actions.h,14
ofl-structs.h,14
dp_buffers.h,14
group_table.h,14
meter_table.h,14
signal_slot,14
jslib,14
tabs,14
config_constants.h,14
tag.h,14
logsink.h,14
i18n,14
itv_linearize.h,14
vicalib,14
bubbleimg,14
works,14
amen,14
gw_mathsconfig.h,14
vrrp_firewall.h,14
lm,14
envisage,14
iadataset.h,14
vtkcommand.h,14
vtklinesource.h,14
vtktextactor.h,14
featureanalyzerhelpers.h,14
module_generation,14
jetkernel,14
appconfig.h,14
frameworks,14
fedper,14
gaspropertiesbase.h,14
utilis,14
msutils,14
roman_phasec_proper,14
enums,13
filecmp,13
rlang,13
poppr,13
vite,13
array_api_compat,13
sf,13
diagram,13
genomicfeatures,13
qslider,13
base_chem,13
clb_memory.h,13
cio_tempfile.h,13
copy-webpack-plugin,13
abirules_tools,13
abimkdocs,13
tikzdevice,13
tokenization,13
java.io.objectinputstream,13
java.io.streamcorruptedexception,13
javax.swing.jscrollpane,13
mmap,13
vimba,13
shared,13
measures,13
landauvishkin.h,13
dendropy,13
mock,13
availability.h,13
sample,13
clustergeneration,13
flask_cors,13
oauthlib,13
semver,13
isarray,13
aptr.h,13
mpi4pyd,13
"""${dir_script}",13
xlconnect,13
interpolation.h,13
init,13
c,13
console.h,13
sgmcmc_sampler,13
acmp_fcmp_comb.h,13
people,13
index,13
pyspark,13
matlab,13
ncdf4,13
netconf_client,13
open_radar_data,13
keloid_skin_mesh_reference,13
emmail,13
path.sh,13
glut,13
swad_follow.h,13
swad_forum.h,13
swad_program.h,13
swad_center_database.h,13
swad_survey.h,13
swad_media.h,13
status,13
evaluation_tool,13
inputs,13
algorithms,13
soapack,13
autoencoder,13
operators.h,13
pyll,13
pyll_utils,13
slac,13
textbrewer,13
flask_mail,13
requests.h,13
mywin32.h,13
cegwas,13
solidspy,13
java.util.regex.pattern,13
browsing,13
opensmokeabsorptionemissionmodel.h,13
readgravitationalacceleration.h,13
createbasicfields.h,13
readoptions.h,13
creategasfields.h,13
createchemicalfields.h,13
createlaminarsmokethermoclass.h,13
createfvoptions.h,13
createradiationmodel.h,13
memoryallocation.h,13
zmixeqn.h,13
taueqn.h,13
localpostprocessing.h,13
nvector,13
vex,13
mutex.h,13
th2d.h,13
java.io.bufferedinputstream,13
org.processmining.framework.providedobjects.providedobjectid,13
org.processmining.framework.util.pair,13
layer,13
traits,13
traitsui,13
dialogs,13
oui.h,13
signature.h,13
lcc,13
openff,13
eam.h,13
solvers.h,13
cms_lcl.h,13
modes_lcl.h,13
client,13
s2rr,13
edu.toronto.cs.se.modelepedia.classdiagram.association,13
edu.toronto.cs.se.mmint.mid.productline.plmidpackage,13
edu.toronto.cs.se.mmint.mid.diagram.edit.parts.modelrel2editpart,13
edu.toronto.cs.se.mmint.mid.diagram.edit.parts.modelreleditpart,13
edu.toronto.cs.se.modelepedia.classdiagram.class,13
edu.toronto.cs.se.modelepedia.classdiagram.dependency,13
edu.toronto.cs.se.modelepedia.gsn.supportedby,13
edu.toronto.cs.se.modelepedia.gsn.contextualizable,13
org.dom4j.namespace,13
ardrone_tool,13
ply,13
attention,13
amrex_utility.h,13
acconvert.h,13
qheaderview,13
qopenglfunctions,13
ebseq,13
idabincat,13
innvestigate,13
reporters,13
bowvector.h,13
sparse_optimizer.h,13
lodepng.h,13
haven,13
nonstd.h,13
ngraph.generators,13
its,13
dataformatstrd,13
radiautil,13
k2tree-common.h,13
kt_setoperations.h,13
convpoint,13
sam_header.h,13
torch_imports,13
backbone,13
interval,13
photogrammetry_functions,13
amqp_private.h,13
cesiumlanguagewriter.materialcesiumwriter,13
implicit_maml,13
batchprocessing,13
nrm_analysis,13
cgat,13
itkimagetoimagefilter.h,13
cnotcounter.h,13
web_request,13
kgraph.h,13
javax.persistence.entitymanager,13
javax.persistence.persistencecontext,13
org.eclipse.xtext.xbase.lib.iterableextensions,13
org.applause.lang.applausedsl.datasourceaccessmethod,13
objects.h,13
pulp,13
algorithms.h,13
myqwtcompatibility.h,13
pn.hpp,13
ant_encrypt_config.h,13
ant_search_config.h,13
ble_dtm.h,13
ble_racp.h,13
nrf_dfu_ble_svci_bond_sharing.h,13
app_usbd_serial_num.h,13
nrf_crypto_eddsa.h,13
curvpack,13
hmap.h,13
pipeline.h,13
aux_fun.h,13
smote_variants,13
i18n_helper,13
ap_abstract0.h,13
bound.h,13
pk_user.h,13
pk_constructor.h,13
unitgroupmanager.h,13
html_output,13
trajinfo,13
pvextractor,13
h2co_modeling,13
missingfact,13
keepalived_netlink.h,13
eutelexceptions.h,13
euteltrack.h,13
languasito,13
ialookuptable.h,13
vtkidtypearray.h,13
ialut.h,13
vtkspheresource.h,13
iaio_export.h,13
vtkscalarbaractor.h,13
plot_sedfit,13
de.unihalle.informatik.alida.annotations.,13
asv,13
heterofl,13
lmp.h,13
basins.h,13
dbimporter,13
gym_flock,13
jwt,12
builder,12
mayo_util,12
desctools,12
reticulate,12
tstyle.h,12
racs_tools,12
test,12
cairo,12
adafruit_i2cdevice.h,12
amd_internal.h,12
request,12
html-webpack-plugin,12
emmeans,12
ttk,12
interface,12
lse.neko.util.util,12
java.io.objectoutputstream,12
mavlink_types.h,12
wsproto,12
camera,12
timing.hpp,12
rangesplitter.h,12
tables.h,12
karma-coverage-istanbul-reporter,12
batchflow,12
mach-o,12
org.softlang.company.,12
java.sql.preparedstatement,12
org.eclipse.ui.plugin.abstractuiplugin,12
doby,12
fitdistrplus,12
geosphere,12
nlopt.h,12
nail,12
micro.h,12
pyvista,12
tsystem.h,12
tlorentzvector.h,12
rmarkdown,12
shinyjs,12
reportlab,12
openpyxl,12
sparqlwrapper,12
deviations,12
call-bind,12
es-abstract,12
lsmeans,12
nuart,12
qpoint,12
sample.h,12
axmlparserpy,12
ggally,12
matrixcalc,12
repo,12
alva_machinery,12
cinttypes,12
_cluster_common,12
ngraph.graph,12
xlwt,12
dynaphopy,12
rcurl,12
common.hpp,12
nose,12
vec3.h,12
gu,12
execinfo.h,12
sort.h,12
matmul_hw_b_copy_0.h,12
ngraph.random,12
schifra_error_processes.hpp,12
slugify,12
_typeshed,12
trace_parser.hpp,12
apitracecall.h,12
qbrush,12
ios,12
dpsnn_lifcaconnectome.h,12
caper,12
"""$home",12
colour,12
h_p_convergence,12
gdata,12
cmd.sh,12
test_module.h,12
swad_account.h,12
swad_tag_database.h,12
swad_degree_database.h,12
swad_game.h,12
swad_resource.h,12
ldheatmap,12
genetics,12
flow_table.h,12
env.sh,12
resistancegame,12
typeindex,12
input_sieve,12
rxjs,12
bempp,12
func.h,12
nonlinear_fea,12
spatstat,12
compressiblecourantno.h,12
ueqn.2x.h,12
org.processmining.framework.boot.boot,12
org.deckfour.uitopia.api.model.resourcetype,12
org.processmining.framework.util.cast,12
org.w3c.dom.node,12
org.processmining.models.graphbased.directed.directedgraphnode,12
ipproto.h,12
initatoms.h,12
haloexchange.h,12
fuzzer.h,12
pypot,12
texture.h,12
edu.toronto.cs.se.modelepedia.gsn.argumentelement,12
org.eclipse.viatra.query.runtime.api.impl.basegeneratedpatterngroup,12
org.eclipse.jface.viewers.ilabelproviderlistener,12
org.eclipse.emf.common.util.wrappedexception,12
edu.toronto.cs.se.mmint.types.lts.state,12
edu.toronto.cs.se.modelepedia.kleisli.kleislipackage,12
edu.toronto.cs.se.mmint.mmint,12
edu.toronto.cs.se.mmint.productline.plelement,12
edu.toronto.cs.se.mmint.mid.relationship.binarymapping,12
edu.toronto.cs.se.mmint.mid.diagram.edit.parts.binarymodelreleditpart,12
edu.toronto.cs.se.mmint.mid.diagram.edit.parts.model2editpart,12
edu.toronto.cs.se.mmint.mid.diagram.edit.parts.modeleditpart,12
edu.toronto.cs.se.mmint.mid.diagram.edit.parts.operatoreditpart,12
edu.toronto.cs.se.mmint.mid.relationship.diagram.edit.parts.binarymappingreference2editpart,12
edu.toronto.cs.se.mmint.mid.relationship.diagram.edit.parts.binarymappingreferenceeditpart,12
edu.toronto.cs.se.modelepedia.gsn.incontextof,12
edu.toronto.cs.se.modelepedia.relationaldatabase.column,12
edu.toronto.cs.se.modelepedia.relationaldatabase.foreignkey,12
edu.toronto.cs.se.modelepedia.statemachine.statemachine,12
org.w3c.dom.,12
deflate.h,12
inffixed.h,12
ellipse,12
operatorstructures,12
eoevalfunc.h,12
amrex_paralleldescriptor.h,12
amrex_plotfileutil.h,12
acpredef.h,12
aecommon.h,12
rootinput.h,12
tlegend.h,12
qjsonvalue,12
neo,12
readers,12
mexutil.h,12
zab-discovery_synchronization_broadcast2.h,12
neurocity,12
model_manager,12
executor,12
treelstm,12
evomps,12
sparse_block_matrix.h,12
spectrum,12
scrna_helper_functions,12
_wikitext,12
qtoolbutton,12
lcp.h,12
sequencebuilder.h,12
datatypes,12
dataformatsfdd,12
dataformatsft0,12
mchrawelecmap,12
tpcqc,12
varspark,12
ca_constants,12
cagefightr,12
adylist_setoperations.h,12
mindwave,12
ft2build.h,12
pose_utils,12
cesiumlanguagewriter.integercesiumwriter,12
bamfunctions.h,12
readalignchunk.h,12
packedarray.h,12
one_to_one,12
colors,12
capillary_pressure,12
wrm_vangenuchten,12
magic_enum,12
nifty,12
nlopt-util.h,12
itkobject.h,12
itknumerictraits.h,12
vtknew.h,12
textile_filter,12
matlabexception.h,12
web_response,12
framelib_types.h,12
test_case,12
kgraph-data.h,12
edu.stanford.math.plex4.homology.chain_basis.simplex,12
fire,12
ward2icu,12
javax.ejb.localbean,12
javax.ejb.stateless,12
shps,12
classifier_utils,12
com.google.common.base.objects,12
org.applause.lang.applausedsl.datasourcecall,12
myabstracttablemodel.h,12
nonlinearproperty.h,12
siteresponsemodel.h,12
hal_atomic.h,12
nrf_rtc.h,12
sys_time.h,12
ant_sdm_common_data.h,12
ble_link_ctx_manager.h,12
peer_id.h,12
es_adv.h,12
es_gatts.h,12
es_stopwatch.h,12
modes.h,12
ble_ln_common.h,12
cgms_db.h,12
nrf_ble_ots_c.h,12
nrf_memobj.h,12
nrf_ble_lesc.h,12
security_dispatcher.h,12
nrf21540_defs.h,12
nrf_timer.h,12
nrf_fstorage_sd.h,12
nrf_dfu_validation.h,12
nrf_fprintf.h,12
nrf_crypto_aes_shared.h,12
nrf_crypto_eddsa_shared.h,12
cc310_bl_backend_shared.h,12
micro_ecc_backend_ecc.h,12
nrfx_timer.h,12
app_usbd_types.h,12
app_usbd_hid_types.h,12
nfc_ac_rec.h,12
ble_app.h,12
app_ble_user_mem.h,12
ser_dbg_sd_str.h,12
ble_conn.h,12
conn_ble_l2cap_sdu_pool.h,12
mpu_armv7.h,12
x509.h,12
crys_rsa_types.h,12
light_lc_setup_server.h,12
dfu_packet.h,12
nrf_mesh_dfu_types.h,12
net_packet.h,12
nrf_mesh_prov_bearer.h,12
vars.h,12
mruby,12
config_variables.h,12
"""$github_dir",12
source-map,12
opetopy,12
gnutls,12
gloox,12
tarski,12
parameterserver.h,12
bwta.h,12
o3djs.io,12
annieslasso,12
ome_types,12
monitoring,12
cr_private.h,12
filter_data_methods,12
estimation,12
scatters,12
codes3d,12
amazon,12
vrrp_scheduler.h,12
vrrp_iproute.h,12
sockaddr.h,12
euteleventimpl.h,12
eutelstate.h,12
automlstreams,12
masscalc,12
places,12
iamoduledispatcher.h,12
iaabortlistener.h,12
iapolydata.h,12
itkimageregioniterator.h,12
iadefaultsettings.h,12
iacoloredpolyobjectvis.h,12
iaobjectvis_export.h,12
iaimagetreeleaf.h,12
pyhelper,12
remotes,12
strategy,12
schwa,12
adafruit,12
cloudify,12
doberman,12
generated_files,12
tensorboxresnet,12
java.io.optionaldataexception,12
tommytypes.h,12
clint,12
authorize_net,12
jsonlines,11
buffer,11
sphinx,11
pb_decode.h,11
gsif,11
rworldmap,11
session,11
paste,11
adafruit_sensor.h,11
ldl.h,11
extrafont,11
clb_objtrees.h,11
ccl_proofstate.h,11
lua-sigar.h,11
amdtk,11
lse.neko.util.timertask,11
java.io.objectinput,11
java.net.socket,11
org.xml.sax.inputsource,11
java.util.locale,11
c_binding,11
hashtable.h,11
ts-node,11
plot_attributes,11
dygraphs,11
_caffe,11
 + conversion.replace(,11
org.osgi.framework.bundlecontext,11
java.awt.container,11
exceptions.h,11
qpixmap,11
unimorph_inflect,11
availabilitymacros.h,11
regex.h,11
iostream.h,11
tensorboard_logger,11
configurations,11
argo_ams_library,11
spectrumcore,11
scoring,11
hardwareserial.h,11
qapplication.h,11
easydict,11
sgx_tcrypto.h,11
byteswap.h,11
xlrd,11
rtexttools,11
nmf,11
filter,11
logs,11
read_write,11
palettable,11
coffin,11
prune.h,11
morphology.h,11
cffi,11
memory_profiler,11
system.h,11
jquery.select2,11
scan.h,11
guard.h,11
reload.h,11
matmul_hw_fadd_32dee.h,11
matmul_hw_fmul_32eog.h,11
minver_hwa_work.h,11
acmp_dcmp_comb.h,11
acmp_fdiv.h,11
acmp_fpext_comb.h,11
acmp_fsub.h,11
run,11
dlib,11
apitrace.h,11
qmodelindex,11
get_properties,11
net-snmp,11
segmentation,11
swad_attendance_database.h,11
swad_calendar.h,11
swad_match.h,11
swad_session_database.h,11
swad_test_print.h,11
swad_exist.h,11
swad_question_database.h,11
swad_search.h,11
swad_rubric_database.h,11
swad_browser_type.h,11
swad_help.h,11
swad_role_type.h,11
swad_timeline_publication.h,11
plot_scripts,11
ggbeeswarm,11
tibble,11
mcmcglmm,11
webgme,11
fnmatch.h,11
scrna_nn,11
attr.h,11
oslo_config,11
oslo_log,11
utils_glue,11
websocket,11
photutils,11
tc_gan,11
gan2shape,11
point.h,11
taxis.h,11
pals,11
java.util.regex.matcher,11
sacred,11
gstat,11
pins_arduino.h,11
repackage,11
fvpatchfieldmapper.h,11
ueqn.h,11
peqn.h,11
timeseries,11
luminance.h,11
tasklet,11
controller.h,11
java.util.zip.gzipinputstream,11
org.processmining.framework.packages.packagedescriptor,11
java.util.eventlistener,11
org.w3c.dom.nodelist,11
org.processmining.framework.util.cleanable,11
java.text.simpledateformat,11
org.processmining.models.graphbased.viewspecificattributemap,11
mcmodels,11
moments,11
bluetooth,11
trl,11
evp_locl.h,11
x509_lcl.h,11
sdl.h,11
factoextra,11
edu.toronto.cs.se.modelepedia.statemachine.state,11
edu.toronto.cs.se.modelepedia.classdiagram.attribute,11
edu.toronto.cs.se.mmint.mid.ui.middialogs,11
edu.toronto.cs.se.mmint.mid.diagram.edit.policies.midbaseitemsemanticeditpolicy,11
edu.toronto.cs.se.mmint.mid.editor.editor,11
edu.toronto.cs.se.mmint.mid.editor.editorpackage,11
edu.toronto.cs.se.mmint.mid.relationship.diagram.edit.policies.midbaseitemsemanticeditpolicy,11
edu.toronto.cs.se.mmint.mid.relationship.diagram.edit.commands.extendibleelementreferencesupertyperefcreatecommand,11
edu.toronto.cs.se.mmint.mid.relationship.diagram.edit.commands.extendibleelementreferencesupertyperefreorientcommand,11
edu.toronto.cs.se.modelepedia.classdiagram.classdiagramfactory,11
edu.toronto.cs.se.mmint.types.fta.ftapackage,11
edu.toronto.cs.se.mmint.types.gsn.templates.domain,11
edu.toronto.cs.se.modelepedia.gsn.justification,11
edu.toronto.cs.se.modelepedia.gsn.supporter,11
edu.toronto.cs.se.modelepedia.istar.istar,11
edu.toronto.cs.se.modelepedia.istar.diagram.edit.policies.istarbaseitemsemanticeditpolicy,11
edu.toronto.cs.se.modelepedia.istar.dependencyendpoint,11
org.w3c.dom.attr,11
org.dom4j.nodetype,11
external.h,11
amrex_blfort.h,11
amrex_vector.h,11
amrex_buildinfo.h,11
pynput,11
picante,11
wda,11
qevent,11
qopenglwidget,11
pycompat,11
gdk,11
spglib,11
plugin,11
broadcast-function-nested.h,11
recommendation,11
rgbdtam,11
image.h,11
navierstokesbase.h,11
compilationblackbox.h,11
sequence.h,11
dataformatsqualitycontrol,11
mergers,11
qcrepocleaner,11
commondataformat,11
itsmftreconstruction,11
matrixeqtl,11
chalk,11
plyfile,11
probability,11
minkowskiengine,11
config10,11
ntl,11
$scriptdir,11
cpu,11
log4js,11
ac_fixed.h,11
ac_probe.h,11
react-select-event,11
three,11
cesiumlanguagewriter.heightreferencecesiumwriter,11
cesiumlanguagewriter.shadowmodecesiumwriter,11
solocommon.h,11
schema,11
bf,11
ordering.h,11
pose.h,11
qpainterpath,11
bwa.h,11
genomicalignments,11
alloaudio,11
vtkcallbackcommand.h,11
circuitmatrix.h,11
heuristicparameters.h,11
batch,11
structures,11
blockchain_parser,11
web_exceptions,11
framelib_complex_unary_objects.h,11
flows,11
spektral,11
pyeeglab,11
edu.stanford.math.plex4.examples.pointcloudexamples,11
instance_generation,11
javax.persistence.query,11
nz.ac.auckland.abi.entities.patient,11
nz.ac.auckland.abi.entities.pacsstudy,11
javax.naming.initialcontext,11
pysamstats,11
tree.h,11
com.google.common.collect.iterables,11
org.applause.lang.generator.ios.iosoutputconfigurationprovider,11
textlog.h,11
mytableview.h,11
benefits,11
ipow.hpp,11
seqarray,11
zygotic.h,11
ant_state_indicator.h,11
ble_dfu.h,11
nrf_lcd.h,11
nrf_fstorage_nvmc.h,11
nrf_power.h,11
nrf_bootloader_app_start.h,11
nrf_uarte.h,11
segger_rtt_conf.h,11
crys_ecpki_error.h,11
ssi_pal_mem.h,11
nrf_crypto_hash.h,11
nrf_crypto_hkdf.h,11
nrf_twi_mngr.h,11
integration_test_plat_defs.h,11
pt.h,11
tile_config.h,11
mesh_app_utils.h,11
app_transition.h,11
astroml,11
azure,11
c_action,11
rconn.h,11
derfinder,11
bwtaln.h,11
messages.h,11
sparse,11
def2.h,11
ap_lincons0.h,11
itv_linexpr.h,11
box.h,11
oct.h,11
t1p_representation.h,11
facemorpher,11
eb.h,11
sprayparticles.h,11
sgx,11
dermismaturationsteppables,11
muon,11
board,11
irl,11
dust_emissivity,11
approaches,11
getprimfreq.h,11
getprimfreq_types.h,11
editions,11
default,11
askaryan.h,11
itkmacro.h,11
iathemehelper.h,11
iaperformancehelper.h,11
iavismodule.h,11
iacomphistogramvis.h,11
raycast,11
iafiberresult.h,11
iasingleresult.h,11
traits.h,11
pastecs,11
object_library,11
omnetpp.h,11
coref,11
mmcv,11
jsonargparse,11
mospaces,11
psi4,11
eth_utils,11
ucats,11
ie.errity.pd.,11
setup_mnist,11
bigfile,11
history.h,10
transfer,10
rop_gadget,10
phytools,10
foreign,10
qmutex,10
field,10
snap_reader,10
nacl,10
clb_pstacks.h,10
clb_dstrings.h,10
che_hcb.h,10
ccl_relevance.h,10
cte_termbanks.h,10
selectors,10
termios,10
rcpp.h,10
lse.neko.util.guid,10
lse.neko.util.timer,10
java.io.objectoutput,10
pako,10
clustering,10
blasfeo,10
plot_utils,10
acados_ocp,10
winsock.h,10
wincrypt.h,10
directions.h,10
genericfile.h,10
pywt,10
extract-text-webpack-plugin,10
sanitizer_mutex.h,10
decoder,10
java.sql.resultset,10
com.google.inject.injector,10
java.awt.image,10
javax.xml.ws.service,10
valarray,10
sampler,10
${1},10
tmva,10
bson,10
qtextedit,10
qsplitter,10
shinywidgets,10
fitsio.h,10
serialize.h,10
control.h,10
pylti1p3,10
configure,10
stats.h,10
qwt_plot_curve.h,10
inherits,10
dipy,10
syncutils.h,10
ephem,10
caching,10
rpi,10
@angular-devkit,10
$gogoduck_no_main,10
allocator.h,10
saving.h,10
fibheap.h,10
winreg,10
bencoding,10
dnautils,10
coloredlogs,10
distributed,10
fourpiskytools,10
java.util.map.entry,10
ggsci,10
value.h,10
geo,10
mysqldb,10
better-assert,10
cmsis_csm.h,10
autodoc,10
fiona,10
base_parameters,10
bf_locl.h,10
abcfreq.h,10
argstruct.h,10
bambi_interface.h,10
psmcreader.h,10
main_psmc.h,10
read,10
hexbin,10
collection,10
com_ptr.hpp,10
pygccxml,10
dpsnn_stopwatch.h,10
erflib.h,10
ufl,10
simtk,10
activations,10
rsqlite,10
opts,10
integrate.h,10
swad_admin_database.h,10
swad_enrolment.h,10
swad_qr.h,10
swad_assignment_database.h,10
swad_hierarchy_database.h,10
swad_scope.h,10
swad_exam.h,10
swad_exam_session.h,10
qtconsole,10
mapdata,10
mirmedon_src,10
frontends,10
imblearn,10
stratag,10
deoptim,10
geoquery,10
movie_data.h,10
dnnlib,10
frameobject.h,10
experiments,10
bayesian,10
cntk,10
meepgeom.hpp,10
pro_gan_pytorch,10
netgen,10
settings.h,10
java.awt.image.bufferedimage,10
instances.inc,10
java.io.reader,10
funcy,10
more_itertools,10
createmrf.h,10
sundials,10
strings,10
worldframe.h,10
eyeframe.h,10
data_writer.h,10
web,10
trandom.h,10
tlatex.h,10
org.processmining.framework.plugin.plugindescriptor,10
org.processmining.framework.plugin.pluginparameterbinding,10
org.processmining.framework.connections.connection,10
org.processmining.framework.plugin.pluginexecutionresult,10
javax.swing.swingutilities,10
org.deckfour.uitopia.api.event.tasklistener.interactionresult,10
org.jgraph.graph.graphconstants,10
javax.swing.swingconstants,10
org.processmining.models.graphbased.directed.directedgraphedge,10
masks,10
java.nio.file.files,10
jobqueues,10
ljforce.h,10
mycommand.h,10
dsa_locl.h,10
m_pd.h,10
huff_codes.h,10
params_pusher,10
sdl_rwops.h,10
sdl_config.h,10
org.eclipse.viatra.query.runtime.emf.types.edatatypeinslotskey,10
edu.toronto.cs.se.modelepedia.models15_java.models15_javapackage,10
org.eclipse.viatra.query.runtime.matchers.psystem.basicdeferred.inequality,10
org.eclipse.gmf.runtime.diagram.ui.editpolicies.dragdropeditpolicy,10
org.eclipse.gmf.runtime.diagram.ui.figures.resizablecompartmentfigure,10
org.eclipse.gef.editpartfactory,10
org.eclipse.gef.commands.unexecutablecommand,10
org.eclipse.gmf.runtime.diagram.ui.commands.commandproxy,10
org.eclipse.gef.graphicaleditpart,10
org.eclipse.gef.handles.movehandle,10
org.eclipse.gmf.runtime.notation.hinteddiagramlinkstyle,10
org.eclipse.ui.views.properties.ipropertysource,10
org.eclipse.jface.resource.imageregistry,10
org.eclipse.gef.palette.palettecontainer,10
org.eclipse.gef.palette.toolentry,10
org.eclipse.emf.ecore.enamedelement,10
org.eclipse.gmf.runtime.diagram.ui.editparts.graphicaleditpart,10
org.eclipse.ui.isharedimages,10
edu.toronto.cs.se.mmint.mid.utils.midtypefactory,10
org.eclipse.jdt.annotation.nullable,10
edu.toronto.cs.se.mmint.mid.relationship.extendibleelementendpointreference,10
org.eclipse.gmf.runtime.diagram.ui.editpolicies.flowlayouteditpolicy,10
edu.toronto.cs.se.mmint.mid.relationship.modelelementendpoint,10
edu.toronto.cs.se.mmint.primitive.boolean_.booleanpackage,10
edu.toronto.cs.se.mmint.primitive.string.stringpackage,10
org.eclipse.emf.ecore.impl.eobjectimpl,10
edu.toronto.cs.se.mmint.types.gsn.templates.gsntemplatesfactory,10
edu.toronto.cs.se.mmint.types.gsn.templates.enumdomain,10
edu.toronto.cs.se.mmint.types.gsn.templates.intdomain,10
edu.toronto.cs.se.mmint.types.gsn.templates.property,10
edu.toronto.cs.se.mmint.types.gsn.templates.valuedomain,10
edu.toronto.cs.se.modelepedia.gsn.asilfulelement,10
edu.toronto.cs.se.modelepedia.gsn.supportable,10
edu.toronto.cs.se.modelepedia.istar.actor,10
edu.toronto.cs.se.modelepedia.istar.dependeelink,10
edu.toronto.cs.se.modelepedia.istar.dependerlink,10
edu.toronto.cs.se.modelepedia.istar.diagram.providers.istarparserprovider,10
edu.toronto.cs.se.modelepedia.istar.diagram.edit.parts.goal2editpart,10
edu.toronto.cs.se.modelepedia.istar.diagram.edit.parts.resource2editpart,10
edu.toronto.cs.se.modelepedia.istar.diagram.edit.parts.softgoal2editpart,10
edu.toronto.cs.se.modelepedia.istar.diagram.edit.parts.task2editpart,10
edu.toronto.cs.se.modelepedia.relationaldatabase.table,10
edu.toronto.cs.se.modelepedia.relationaldatabase.diagram.edit.parts.columneditpart,10
edu.toronto.cs.se.modelepedia.relationaldatabase.diagram.edit.parts.foreignkeyeditpart,10
edu.toronto.cs.se.modelepedia.statemachine.statemachinefactory,10
edu.toronto.cs.se.modelepedia.statemachine.diagram.edit.parts.transitioneditpart,10
edu.toronto.cs.se.modelepedia.statemachine.diagram.edit.parts.finalstateeditpart,10
edu.toronto.cs.se.modelepedia.statemachine.diagram.edit.parts.initialstateeditpart,10
edu.toronto.cs.se.modelepedia.statemachine.diagram.edit.parts.stateeditpart,10
jmemsys.h,10
ggextra,10
forcing.h,10
henson,10
com.nativelibs4java.opencl.clbuffer,10
com.nativelibs4java.opencl.clcontext,10
com.nativelibs4java.opencl.cldevice.queueproperties,10
com.nativelibs4java.opencl.clevent,10
com.nativelibs4java.opencl.clkernel,10
com.nativelibs4java.opencl.clmem.usage,10
com.nativelibs4java.opencl.clprogram,10
com.nativelibs4java.opencl.clqueue,10
com.nativelibs4java.opencl.javacl,10
org.bridj.pointer,10
tcolor.h,10
tinteractioncoordinates.h,10
qcoreapplication,10
jieba,10
lightkurve,10
benchmarks,10
pycparser,10
vampy,10
license++,10
helper_classes,10
runpy,10
process.hpp,10
pymimic,10
curiosity,10
smhutils,10
vizdoomenv,10
smart_open,10
expressions.h,10
intermediatenode.h,10
redefinitions.h,10
mod2sparse.h,10
hdtmanager.hpp,10
faz_fp_avx2.h,10
ngraph.merge,10
reconstructiondataformats,10
pair.h,10
lcd.h,10
libfqfft,10
ssm,10
daemon,10
pygram,10
gris,10
torchsummary,10
dsec_ca.h,10
gamma,10
www,10
itkobjectfactory.h,10
pins,10
uxas,10
client_exceptions,10
flows_imagenet,10
dojox.storage.provider,10
dojox.storage.manager,10
javax.annotation.resource,10
org.json.simple.jsonarray,10
javax.ejb.remote,10
javax.naming.context,10
chainercv,10
antlr_local,10
compare_images,10
org.applause.lang.generator.ios.icompilermodule,10
responsespectrum.h,10
antennapattern.hpp,10
genutil,10
fly_io.h,10
score.h,10
led_softblink.h,10
ant_error.h,10
nrf_ble_scan.h,10
nrf_bootloader_dfu_timers.h,10
crys_rnd_error.h,10
optiga_backend_ecc.h,10
nrf_mpu_lib.h,10
nrf_ecb.h,10
nrf_drv_spis.h,10
tassert.h,10
prp.h,10
crys_pka_defs_hw.h,10
nrf_mesh_config_examples.h,10
fsm.h,10
nrf_mesh_config_app.h,10
nrf_mesh_opt.h,10
provisioning.h,10
mesh_packet.h,10
rbc_mesh.h,10
light_lc_common.h,10
raw.h,10
cli_utils.h,10
graphaligner.h,10
ofl-log.h,10
dp_exp.h,10
flow_entry.h,10
nordic44,10
aiidalab,10
adafruit_ble.h,10
_base,10
roboptim,10
customcontrols,10
numitv.h,10
num_config.h,10
t1p_internal.h,10
informationmanager.h,10
locations,10
o3djs.util,10
o3djs.primitives,10
gw_config.h,10
krocus,10
transcssr_bc,10
lifelines,10
image_tools,10
lru-cache,10
lglib.h,10
aodncore,10
bfd.h,10
layer4.h,10
alibavabaseprocessor.h,10
lciotypes.h,10
phyc,10
arkime-iptrie,10
iasettings.h,10
iaimagecoordinate.h,10
itkimagefilewriter.h,10
itkimageregionconstiterator.h,10
iaplotdata.h,10
iarunasync.h,10
iachannelslicerdata.h,10
vtkpolyline.h,10
iavtkio.h,10
itkimagefilereader.h,10
ia4dctviswin.h,10
vtkplanesource.h,10
iatoolhelper.h,10
iaparameternames.h,10
secp256k1.h,10
sofaconventions,10
spacy_russian_tokenizer,10
darkcappy,10
_abstract_nalu,10
descriptors.h,10
opponent_process_ploscompbiol2020,10
import_bind,10
aggregate,10
pyresample,10
gspro,10
pylabfea,10
keyframe.h,10
pyforms,10
patches,10
iio_common.h,10
lbsp_16bits_dbcross_1ch.i,10
setup_cifar,10
systemsbio,10
polyester,10
raw1394.h,10
raw1394_private.h,10
bcrypt,9
win32com,9
pch.h,9
+h+,9
tess3r,9
tchain.h,9
ggdendro,9
wordcloud,9
node:url,9
seqlogo,9
respa.h,9
categorizationscheme,9
morfessor,9
rjulia,9
clb_defines.h,9
clb_ptrees.h,9
clb_pdarrays.h,9
clb_stringtrees.h,9
picosat.h,9
ccl_sine.h,9
r.h,9
cte_termtypes.h,9
vcf,9
tracemalloc,9
linecache,9
watchdog,9
javax.swing.joptionpane,9
gulp-uglify,9
gulp-connect,9
ip,9
hdf5_to_dict,9
bitarray,9
basealigner.h,9
paralleltask.h,9
genomeindex.h,9
datareader.h,9
android-ashmem.h,9
calibration.h,9
com.sun.jna.structure,9
com.sun.jna.union,9
capstone.capstone,9
conio.h,9
privateheaders,9
pydot,9
$basedir,9
javax.swing.jbutton,9
java.awt.insets,9
ontology,9
pyarrow,9
_compat,9
mlmetrics,9
blockwise_descent_semisparse,9
subs,9
stringutils.h,9
humanfriendly,9
assertthat,9
annotator,9
decode.h,9
notification,9
viewbase,9
psychopy,9
thejoker,9
distributions,9
spacepy,9
binarydistribution.h,9
quantreg,9
lsa,9
snowfall,9
speaksee,9
py,9
filelock,9
widgets,9
annoy,9
heatplus,9
gviz,9
dispatcher,9
imfheader.h,9
x86intrin.h,9
op,9
prng.h,9
kvec.h,9
com.hazelcast.client.config.clientconfig,9
com.hazelcast.client.hazelcastclient,9
com.hazelcast.core.hazelcastinstance,9
com.hazelcast.core.imap,9
schifra_utilities.hpp,9
paper,9
qlocale,9
qabstracttablemodel,9
psapi.h,9
chardet,9
xradar,9
circular_stats,9
material,9
rcpparmadillo.h,9
riemann.h,9
profiler.h,9
result,9
swad_message_database.h,9
swad_tab.h,9
swad_privacy.h,9
swad_course_database.h,9
swad_game_database.h,9
swad_notice.h,9
swad_test_visibility.h,9
swad_survey_database.h,9
swad_timetable.h,9
swad_info.h,9
swad_department.h,9
swad_exam_type.h,9
subclass_ode_unicycle,9
welly,9
header,9
classy_vision,9
genefilter,9
mrcfile,9
forcats,9
phasing,9
concept,9
rootsolve,9
gprofiler2,9
ips_proto_internal.h,9
ips_expected_proto.h,9
preprocessor,9
java.text.parseexception,9
rez,9
octave,9
ext,9
job,9
native,9
scrattch.hicat,9
ctlgeom.h,9
reader.h,9
buffer.h,9
ftplib,9
rr.h,9
query,9
powerlaw,9
dojo.i18n,9
custom_metrics,9
spinup,9
cpuid.h,9
memoise,9
json.h,9
t,9
deep_sort,9
paddle,9
register,9
parameter,9
sycl,9
dal,9
createadditionalfields.h,9
cvode,9
community,9
xml2,9
threadsafe_queue.h,9
correlator_time.h,9
tline.h,9
org.processmining.framework.plugin.pluginmanager,9
org.deckfour.uitopia.ui.util.imageloader,9
org.processmining.contexts.uitopia.uicontext,9
org.processmining.framework.promid,9
java.awt.event.mouseevent,9
org.processmining.models.graphbased.directed.directedgraph,9
pipeline,9
simpy,9
af.h,9
block,9
flat_hash_map,9
hc.hpp,9
cl_utils.h,9
dh_locl.h,9
ts_lcl.h,9
gameframework,9
org.eclipse.gmf.runtime.diagram.ui.editparts.listcompartmenteditpart,9
org.eclipse.gmf.runtime.diagram.ui.editpolicies.openeditpolicy,9
org.eclipse.gmf.runtime.notation.style,9
org.eclipse.gmf.runtime.notation.location,9
edu.toronto.cs.se.modelepedia.necsis14_databaseschema.necsis14_databaseschemapackage,9
org.eclipse.jdt.annotation.nonnull,9
edu.toronto.cs.se.mmint.mid.extendibleelementconstraint,9
edu.toronto.cs.se.mmint.mid.ui.gmfutils,9
edu.toronto.cs.se.mmint.productline.provider.pleditplugin,9
org.eclipse.emf.common.util.ecollections,9
edu.toronto.cs.se.mmint.mid.diagram.edit.commands.extendibleelementsupertypecreatecommand,9
edu.toronto.cs.se.mmint.mid.diagram.edit.commands.extendibleelementsupertypereorientcommand,9
edu.toronto.cs.se.mmint.mid.diagram.edit.commands.modelendpoint2createcommand,9
edu.toronto.cs.se.mmint.mid.diagram.edit.commands.modelendpoint2reorientcommand,9
edu.toronto.cs.se.mmint.mid.diagram.edit.commands.modelendpoint3createcommand,9
edu.toronto.cs.se.mmint.mid.diagram.edit.commands.modelendpoint3reorientcommand,9
edu.toronto.cs.se.mmint.mid.diagram.edit.commands.modelendpointcreatecommand,9
edu.toronto.cs.se.mmint.mid.diagram.edit.commands.modelendpointreorientcommand,9
edu.toronto.cs.se.mmint.mid.operator.conversionoperator,9
edu.toronto.cs.se.mmint.mid.presentation.mideditorplugin,9
edu.toronto.cs.se.mmint.primitive.presentation.primitiveeditorplugin,9
edu.toronto.cs.se.modelepedia.classdiagram.diagram.edit.policies.classdiagrambaseitemsemanticeditpolicy,9
edu.toronto.cs.se.modelepedia.classdiagram.operation,9
edu.toronto.cs.se.modelepedia.classdiagram.diagram.edit.parts.attributeeditpart,9
edu.toronto.cs.se.modelepedia.classdiagram.diagram.edit.parts.operationeditpart,9
edu.toronto.cs.se.mmint.types.gsn.templates.realdomain,9
edu.toronto.cs.se.modelepedia.gsn.contextual,9
edu.toronto.cs.se.modelepedia.gsn.decoratable,9
edu.toronto.cs.se.modelepedia.gsn.assumption,9
edu.toronto.cs.se.modelepedia.gsn.impactannotation,9
edu.toronto.cs.se.modelepedia.gsn.relationshipdecorator,9
edu.toronto.cs.se.modelepedia.gsn.solution,9
edu.toronto.cs.se.modelepedia.istar.diagram.edit.policies.istartextselectioneditpolicy,9
edu.toronto.cs.se.modelepedia.istar.diagram.edit.commands.dependeelinkcreatecommand,9
edu.toronto.cs.se.modelepedia.istar.diagram.edit.commands.dependeelinkreorientcommand,9
edu.toronto.cs.se.modelepedia.istar.diagram.edit.commands.dependerlinkcreatecommand,9
edu.toronto.cs.se.modelepedia.istar.diagram.edit.commands.dependerlinkreorientcommand,9
edu.toronto.cs.se.mmint.types.lts.transition,9
edu.toronto.cs.se.modelepedia.relationaldatabase.diagram.edit.parts.foreignkeyforeigncolumneditpart,9
edu.toronto.cs.se.modelepedia.relationaldatabase.diagram.edit.parts.foreignkeytablecolumneditpart,9
edu.toronto.cs.se.modelepedia.statemachine.abstractstate,9
edu.toronto.cs.se.modelepedia.statemachine.transition,9
edu.toronto.cs.se.modelepedia.statemachine.diagram.edit.parts.stateactioneditpart,9
image_transport,9
message_filters,9
messages,9
elfi,9
whoosh,9
transformations,9
rates,9
amrex_intvect.h,9
atomic_rates_data.h,9
derive.h,9
amrex_bc_types.h,9
annotation.transform,9
emmreml,9
ddn,9
logbook,9
memtrace.h,9
jxrtest.h,9
tcltk,9
arraylist.h,9
sensor,9
cherrypy,9
cache.h,9
factory.h,9
sampler.h,9
vertex_se3.h,9
filter.h,9
dns_sd.h,9
submodules,9
connection-details.sh,9
"""$current_dir",9
habitat,9
torchnet,9
ionogram,9
mod2dense.h,9
open.h,9
multiworm,9
ngraph.forcelayout,9
dataformatsfv0,9
dataformatsfit,9
simulationdataformat,9
tmatrixd.h,9
tpc,9
giftb128.h,9
float.th,9
adylist.h,9
claripy,9
paleotree,9
it.unimi.dsi.fastutil.,9
$jenkins_home,9
java.awt.image.renderedimage,9
suffixarrayfuns.h,9
readannotations.h,9
ats_xdmf,9
sodium.h,9
ap.h,9
fanogan,9
pyvideomeg,9
semibandits,9
my_global.h,9
qqplotr,9
opt,9
plot_common,9
circconvert.h,9
sequence_format,9
client_reqrep,9
netrc,9
neurosynth,9
nilearn,9
edu.stanford.math.plex4.utility.randomutility,9
edu.stanford.math.plex4.homology.barcodes.barcodecollection,9
edu.stanford.math.plex4.streams.interfaces.abstractfilteredstream,9
threebody,9
ln-accounting,9
bolt07,9
probing,9
caloriesdataset,9
read_format,9
 + this.table_name + ,9
nz.ac.auckland.abi.icmaconfiguration.resourceconfigurationmanager,9
wdmerger,9
_dynstruct,9
idnn,9
imstats,9
before_after_selfcal_quicklooks,9
org.applause.lang.applausedsl.parameter,9
org.applause.lang.applausedsl.screenlistitemcell,9
org.applause.lang.applausedsl.uicomponentmemberdeclaration,9
interpolate.h,9
feat.h,9
svglite,9
rocklayer.h,9
outputstatistics.h,9
motionlibrary.h,9
tablegroupbox.h,9
soiltypecatalog.h,9
clairvoyante_v3_slim,9
clairvoyante_v3,9
mikkola.h,9
nrf_drv_rtc.h,9
mac_time.h,9
ant_bpwr_page_torque.h,9
ant_common_page_80.h,9
ant_common_page_81.h,9
ant_common_page_70.h,9
ble_dtm_hw.h,9
ble_nus.h,9
es_tlm.h,9
es_battery_voltage.h,9
ble_ln_db.h,9
ble_ots_object.h,9
ble_ots_oacp.h,9
cgms_meas.h,9
cgms_sst.h,9
nrf_ble_ots_c_oacp.h,9
nrf_mtx.h,9
nrf_ppi.h,9
ser_phy_debug_app.h,9
nrf_svci.h,9
nrf_bootloader_wdt.h,9
nrf_dfu_serial.h,9
slip.h,9
nrf_log_internal.h,9
nrf_fprintf_format.h,9
cc310_backend_ecc.h,9
crys_ec_edw_api.h,9
crys_hash_error.h,9
nrf_cc310_bl_ecdsa_verify_secp224r1.h,9
nrf_cc310_bl_ecdsa_verify_secp256r1.h,9
nrf_cc310_bl_hash_sha256.h,9
micro_ecc_backend_shared.h,9
app_fifo.h,9
nrfx_rtc.h,9
nrf_sortlist.h,9
app_usbd_request.h,9
nfc_ble_oob_advdata.h,9
nfc_ble_pair_msg.h,9
ser_app_power_system_off.h,9
nrf_soc_struct_serialization.h,9
ser_conn_reset_cmd_decoder.h,9
dtm_uart.h,9
ser_conn_dtm_cmd_decoder.h,9
nrf51_to_nrf52810.h,9
nrf52_to_nrf52810.h,9
nrf51_to_nrf52.h,9
mesh_config_entry.h,9
pyro4,9
divide_tree.h,9
poll-loop.h,9
antlr3collections.h,9
antlr3commontoken.h,9
antlr3,9
radio,9
globalconst.h,9
q8user-betti.h,9
robcalib,9
ksw.h,9
lobby,9
icmpposition.h,9
editablelistctrl,9
robustrl,9
fib.h,9
ap_texpr0.h,9
avo.h,9
gmp.,9
architecture,9
buildordermanager.h,9
basemanager.h,9
moodmanager.h,9
buildingplacer.h,9
helperlibs,9
specific_analysis,9
aragwas,9
pypg,9
polyagamma.h,9
afy,9
blcr_config.h,9
scvectorfield,9
nonuniform1d,9
ros2node,9
rttables.h,9
websmash,9
usgs,9
lambda_functions,9
uipopt.h,9
arkimeconfig.h,9
iavaluetype.h,9
iamapper.h,9
iachartwidget.h,9
iarawfileio.h,9
iaslicerimpl.h,9
vtkstringarray.h,9
vtkgenericopenglrenderwindow.h,9
iadatasetviewer.h,9
iavolumerenderer.h,9
iacsvio.h,9
vtkinteractorstyletrackballcamera.h,9
ia4dctfiledata.h,9
vnl,9
iathresholddefinitions.h,9
iafiberdata.h,9
extern_parameters.h,9
viewer.h,9
view_points,9
sherpa,9
rpgraph,9
vision_msgs,9
_schemas,9
asv_runner,9
kableextra,9
megengine,9
auth_plugin,9
metadata_parse,9
amplitudevector,9
opencolorio,9
initialcondition.h,9
decomposition,9
scoplib_ansi.h,9
md1redef.h,9
section.h,9
nrniv_mf.h,9
md2redef.h,9
orbvocabulary.h,9
eris,9
cloudify_rest_client,9
ops.h,9
patracetools,9
treetransforms,9
javax.xml.bind.annotation.adapters.xmljavatypeadapter,9
kernel-raw1394.h,9
psych,8
input.h,8
calc2d,8
xrop.h,8
pattern,8
uqbar,8
dynesty,8
gdal,8
rnaturalearth,8
hierfstat,8
amap,8
factory,8
tbranch.h,8
vitest,8
_check,8
flask_sqlalchemy,8
encoders,8
furrr,8
amd.h,8
sha,8
math_extra.h,8
random_mars.h,8
clb_numtrees.h,8
ccl_tformulae.h,8
ccl_derivation.h,8
cco_batch_spec.h,8
che_proofcontrol.h,8
tlhelp32.h,8
fkiss,8
curses,8
sctransform,8
par.h,8
grid.h,8
features_loader,8
vae,8
java.util.treemap,8
java.io.dataoutputstream,8
java.awt.font,8
java.awt.rectangle,8
javax.swing.jframe,8
quaternion,8
argcomplete,8
gulp-rename,8
node:crypto,8
bilinearregistrator.h,8
aridec,8
qpoases_e,8
blasfeo_i_aux_ext_dep.h,8
acados_ocp_iterate,8
nlohmann,8
ranges,8
concepts,8
convert,8
dtw,8
numerics,8
meta,8
geometric,8
algo,8
sanitizer_atomic.h,8
org.softlang.company.company,8
java.rmi.server.unicastremoteobject,8
java.rmi.remote,8
org.softlang.company.companymodel,8
org.antlr.runtime.,8
org.ioicompanies.lang.ioi.ioipackage,8
java.util.concurrent.,8
rjson,8
read_arff,8
read_dataset,8
blockwise_descent,8
simulator,8
model_utils,8
tty,8
fasta,8
rasterio,8
sknn,8
news,8
permissions,8
py_siminput,8
magic,8
define.h,8
fasta-parser,8
dominate,8
datastructures.h,8
samples_t.h,8
sgx_edger8r.h,8
dash_html_components,8
annotations,8
pybedtools,8
easy_http_handler.h,8
ggfortify,8
mattersim,8
dist.h,8
iranges,8
contour_statistics,8
gevent,8
cluster_results,8
fastcluster,8
pycuber,8
ctlfunctioncall.h,8
core_cm0.h,8
configurations.h,8
span,8
frk,8
libraio.h,8
space.h,8
geopandas,8
table_batched_embeddings,8
kernels,8
fft.h,8
jconfig.h,8
matmul.h,8
matmul_hw_fadd_32fyi.h,8
matmul_hw_fmul_32g8j.h,8
stb_truetype.h,8
densenet,8
csignal,8
com.hazelcast.config.config,8
org.apache.hadoop.mapred.jobconf,8
java.nio.charset.charset,8
skinnyhmm,8
gage,8
latex,8
os_process.hpp,8
cli_resources.hpp,8
qtooltip,8
qkeyevent,8
d3dstate.hpp,8
msvcrt,8
stdapi,8
sal.h,8
generate_url,8
rethinking,8
cpp,8
vtkmodules,8
dpsnn_memmeasure.h,8
localnetprocess.h,8
data_utils,8
importlib_metadata,8
xdrfile.h,8
lazydict,8
qpe,8
keras_retinanet,8
configs,8
oflops.h,8
mrcnn,8
swad_nickname_database.h,8
swad_button.h,8
swad_attendance.h,8
swad_name.h,8
swad_project_database.h,8
swad_view.h,8
swad_call_for_exam.h,8
swad_place.h,8
swad_hierarchy_config.h,8
swad_institution_database.h,8
swad_statistic.h,8
swad_exam_set.h,8
subclass_ode_mass_on_surface,8
subclass_amgp_normalized,8
searching,8
image_model,8
gmpy2,8
sealabc,8
pophelper,8
io_utils,8
phasing_3d,8
mnist,8
simplehttpserver,8
pytorch_nufft,8
@elastic,8
psm_am_internal.h,8
neural_network,8
submission,8
streambuf,8
suffixarray.h,8
fire_images_dataset,8
phuzzers,8
distribution,8
+a.data_offset+,8
meep.hpp,8
ctl-math.h,8
cereal,8
likelihood,8
structlog,8
prometheus_client,8
home,8
mouse,8
linkpred,8
fsa,8
geonames,8
feedforward,8
radiationcoupledbase.h,8
opensmokescattermodel.h,8
chemistry.h,8
pexpect,8
brahms-1199.h,8
rbokeh,8
input_node_types.h,8
memory_pool.h,8
tprofile.h,8
java.util.concurrent.executionexception,8
org.processmining.contexts.uitopia.annotations.visualizer,8
org.processmining.framework.connections.connectionmanager,8
org.processmining.framework.providedobjects.providedobjectdeletedexception,8
java.util.uuid,8
java.lang.reflect.array,8
org.processmining.framework.plugin.promfuture,8
javax.swing.imageicon,8
javax.swing.scrollpaneconstants,8
java.awt.fontmetrics,8
java.lang.ref.weakreference,8
org.processmining.framework.util.ui.scalableview.scalableviewpanel,8
java.awt.geom.generalpath,8
nglview,8
nipype,8
cmdlineparser.h,8
level.h,8
ct_locl.h,8
ocsp_lcl.h,8
p12_lcl.h,8
conpy,8
crc64.h,8
arm_sve.h,8
unaligned.h,8
writexl,8
pmmintrin.h,8
gles3,8
sdl_joystick.h,8
opengles,8
sdl_pixels.h,8
sdl_rect.h,8
org.eclipse.viatra.query.runtime.matchers.context.common.javatransitiveinstanceskey,8
org.eclipse.viatra.query.runtime.matchers.psystem.basicdeferred.typefilterconstraint,8
org.eclipse.gmf.runtime.diagram.ui.editpolicies.resizablecompartmenteditpolicy,8
org.eclipse.gmf.runtime.diagram.ui.editpolicies.diagramdragdropeditpolicy,8
org.eclipse.gmf.runtime.diagram.ui.requests.dropobjectsrequest,8
org.eclipse.gef.tools.celleditorlocator,8
org.eclipse.papyrus.infra.gmfdiag.tooling.runtime.directedit.locator.celleditorlocatoraccess,8
org.eclipse.gmf.runtime.common.ui.services.parser.commonparserhint,8
org.eclipse.gmf.runtime.emf.commands.core.commands.duplicateeobjectscommand,8
org.eclipse.gef.requests.reconnectrequest,8
org.eclipse.gmf.runtime.diagram.ui.editpolicies.semanticeditpolicy,8
org.eclipse.gmf.runtime.emf.type.core.requests.destroyrequest,8
org.eclipse.gmf.runtime.emf.type.core.requests.geteditcontextrequest,8
org.eclipse.gmf.runtime.emf.type.core.requests.ieditcommandrequest,8
org.eclipse.gmf.runtime.emf.type.core.requests.moverequest,8
org.eclipse.gmf.runtime.emf.type.core.requests.setrequest,8
org.eclipse.gmf.runtime.diagram.ui.editpolicies.nonresizableeditpolicyex,8
org.eclipse.gmf.runtime.diagram.ui.tools.drageditpartstrackerex,8
org.eclipse.gef.editpolicies.selectioneditpolicy,8
org.eclipse.ui.views.properties.tabbed.itabbedpropertysheetpagecontributor,8
org.eclipse.ui.navigator.commonactionprovider,8
org.eclipse.ui.navigator.icommonactionconstants,8
org.eclipse.ui.navigator.icommonactionextensionsite,8
org.eclipse.ui.navigator.icommonviewerworkbenchsite,8
org.eclipse.jface.viewers.itreepathlabelprovider,8
org.eclipse.jface.viewers.labelprovider,8
org.eclipse.jface.viewers.treepath,8
org.eclipse.jface.viewers.viewerlabel,8
org.eclipse.gef.graphicalviewer,8
org.eclipse.ui.navigator.ilinkhelper,8
org.eclipse.jface.viewers.viewersorter,8
org.eclipse.gmf.runtime.common.ui.services.action.contributionitem.contributionitemservice,8
org.eclipse.gmf.runtime.diagram.ui.providers.diagramcontextmenuprovider,8
org.eclipse.gmf.runtime.diagram.ui.parts.diagramactionbarcontributor,8
org.eclipse.jface.action.groupmarker,8
org.eclipse.ui.iworkbenchactionconstants,8
org.eclipse.core.resources.iworkspaceroot,8
org.eclipse.gmf.runtime.common.ui.services.marker.markernavigationservice,8
org.eclipse.gmf.runtime.diagram.ui.parts.diagramdroptargetlistener,8
org.eclipse.gmf.runtime.diagram.ui.resources.editor.document.idocumentprovider,8
org.eclipse.gmf.runtime.diagram.ui.resources.editor.parts.diagramdocumenteditor,8
org.eclipse.jface.dialogs.imessageprovider,8
org.eclipse.swt.dnd.transferdata,8
org.eclipse.ui.ifileeditorinput,8
org.eclipse.ui.navigator.resources.projectexplorer,8
org.eclipse.ui.part.ishowintargetlist,8
org.eclipse.ui.part.showincontext,8
org.eclipse.core.runtime.subprogressmonitor,8
org.eclipse.gmf.runtime.diagram.ui.editparts.iprimaryeditpart,8
org.eclipse.gmf.runtime.diagram.ui.parts.idiagramgraphicalviewer,8
org.eclipse.jface.dialogs.idialogsettings,8
org.eclipse.jface.wizard.wizarddialog,8
org.eclipse.core.commands.ihandler,8
org.eclipse.core.commands.ihandlerlistener,8
org.eclipse.papyrus.infra.gmfdiag.tooling.runtime.update.diagramupdater,8
org.eclipse.core.resources.iresourcestatus,8
org.eclipse.core.resources.istorage,8
org.eclipse.core.runtime.jobs.ischedulingrule,8
org.eclipse.core.runtime.jobs.multirule,8
org.eclipse.emf.transaction.notificationfilter,8
org.eclipse.gmf.runtime.diagram.core.diagrameditingdomainfactory,8
org.eclipse.gmf.runtime.diagram.ui.resources.editor.document.abstractdocumentprovider,8
org.eclipse.gmf.runtime.diagram.ui.resources.editor.document.diagramdocument,8
org.eclipse.gmf.runtime.diagram.ui.resources.editor.document.idiagramdocumentprovider,8
org.eclipse.gmf.runtime.diagram.ui.resources.editor.internal.editorstatuscodes,8
org.eclipse.gmf.runtime.diagram.ui.resources.editor.internal.util.diagramioutil,8
org.eclipse.gmf.runtime.emf.core.resources.gmfresourcefactory,8
org.eclipse.jface.operation.irunnablecontext,8
org.eclipse.jface.viewers.itreecontentprovider,8
org.eclipse.ui.iobjectactiondelegate,8
org.eclipse.papyrus.infra.gmfdiag.tooling.runtime.update.updaternodedescriptor,8
org.eclipse.gef.palette.palettedrawer,8
org.eclipse.papyrus.infra.gmfdiag.tooling.runtime.structure.diagramstructure,8
org.eclipse.emf.ecore.util.diagnostician,8
org.eclipse.emf.validation.model.evaluationmode,8
org.eclipse.emf.validation.model.iconstraintstatus,8
org.eclipse.emf.validation.service.ibatchvalidator,8
org.eclipse.emf.validation.service.modelvalidationservice,8
org.eclipse.gmf.runtime.diagram.ui.offscreeneditpartfactory,8
org.eclipse.ui.actions.workspacemodifydelegatingoperation,8
org.eclipse.gmf.runtime.diagram.ui.preferences.appearancepreferencepage,8
org.eclipse.gmf.runtime.diagram.ui.preferences.connectionspreferencepage,8
org.eclipse.gmf.runtime.diagram.ui.preferences.diagramspreferencepage,8
org.eclipse.core.runtime.preferences.abstractpreferenceinitializer,8
org.eclipse.gmf.runtime.diagram.ui.preferences.printingpreferencepage,8
org.eclipse.gmf.runtime.diagram.ui.preferences.rulergridpreferencepage,8
java.util.identityhashmap,8
org.eclipse.gmf.runtime.common.ui.services.icon.iiconprovider,8
org.eclipse.gmf.runtime.emf.ui.providers.marker.abstractmodelmarkernavigationprovider,8
org.eclipse.gmf.runtime.emf.ui.services.modelingassistant.modelingassistantprovider,8
org.eclipse.ui.dialogs.elementlistselectiondialog,8
org.eclipse.gmf.runtime.common.ui.services.parser.getparseroperation,8
org.eclipse.gmf.runtime.common.ui.services.parser.iparserprovider,8
org.eclipse.gmf.runtime.common.ui.services.parser.parserservice,8
org.eclipse.gmf.runtime.emf.ui.services.parser.parserhintadapter,8
org.eclipse.gmf.runtime.diagram.ui.editparts.connectioneditpart,8
org.eclipse.gmf.runtime.diagram.ui.editparts.shapeeditpart,8
org.eclipse.gef.editdomain,8
org.eclipse.gef.editparts.abstractconnectioneditpart,8
org.eclipse.gmf.runtime.common.ui.resources.filechangemanager,8
org.eclipse.gmf.runtime.common.ui.resources.ifileobserver,8
org.eclipse.gmf.runtime.diagram.ui.parts.diagrameditdomain,8
org.eclipse.gmf.runtime.diagram.ui.services.decorator.idecorator,8
org.eclipse.gmf.runtime.draw2d.ui.mapmode.mapmodeutil,8
org.eclipse.gmf.runtime.diagram.core.providers.iviewprovider,8
org.eclipse.gmf.runtime.diagram.core.services.view.createedgeviewoperation,8
org.eclipse.gmf.runtime.diagram.core.services.view.createnodeviewoperation,8
org.eclipse.gmf.runtime.diagram.core.services.view.createviewforkindoperation,8
org.eclipse.gmf.runtime.diagram.core.services.view.createviewoperation,8
org.eclipse.gmf.runtime.diagram.ui.preferences.ipreferenceconstants,8
org.eclipse.gmf.runtime.draw2d.ui.figures.figureutilities,8
org.eclipse.gmf.runtime.emf.type.core.ihintedtype,8
org.eclipse.gmf.runtime.notation.decorationnode,8
org.eclipse.gmf.runtime.notation.measurementunit,8
org.eclipse.gmf.runtime.notation.notationfactory,8
org.eclipse.jface.preference.preferenceconverter,8
org.eclipse.jface.viewers.baselabelprovider,8
edu.toronto.cs.se.modelepedia.kleisli.kleislimodelendpoint,8
edu.toronto.cs.se.modelepedia.kleisli.kleislimodelrel,8
edu.toronto.cs.se.mmint.mid.productline.plmapping,8
edu.toronto.cs.se.mmint.primitive.provider.primitiveeditplugin,8
edu.toronto.cs.se.mmint.mid.relationship.diagram.providers.midmodelingassistantprovider,8
edu.toronto.cs.se.modelepedia.classdiagram.diagram.edit.parts.associationeditpart,8
edu.toronto.cs.se.modelepedia.classdiagram.diagram.edit.parts.classeditpart,8
edu.toronto.cs.se.modelepedia.classdiagram.diagram.edit.parts.dependencyeditpart,8
edu.toronto.cs.se.modelepedia.classdiagram.composition,8
edu.toronto.cs.se.mmint.types.fta.event,8
edu.toronto.cs.se.mmint.types.gsn.productline.plgsnargumentelement,8
edu.toronto.cs.se.mmint.types.gsn.productline.plgsnpackage,8
edu.toronto.cs.se.modelepedia.gsn.util.gsnbuilder,8
edu.toronto.cs.se.mmint.types.gsn.templates.domaindecompositionstrategy,8
edu.toronto.cs.se.mmint.types.gsn.templates.domaingoal,8
edu.toronto.cs.se.mmint.types.gsn.templates.propertydecompositionstrategy,8
edu.toronto.cs.se.mmint.types.gsn.templates.propertygoal,8
edu.toronto.cs.se.modelepedia.gsn.asil,8
org.eclipse.emf.ecore.util.eobjectcontainmentwithinverseelist,8
edu.toronto.cs.se.modelepedia.istar.contribution,8
edu.toronto.cs.se.modelepedia.istar.decomposition,8
edu.toronto.cs.se.modelepedia.istar.meansend,8
edu.toronto.cs.se.modelepedia.istar.diagram.edit.commands.contributioncreatecommand,8
edu.toronto.cs.se.modelepedia.istar.diagram.edit.commands.contributionreorientcommand,8
edu.toronto.cs.se.modelepedia.istar.diagram.edit.commands.decompositioncreatecommand,8
edu.toronto.cs.se.modelepedia.istar.diagram.edit.commands.decompositionreorientcommand,8
edu.toronto.cs.se.modelepedia.istar.diagram.edit.commands.meansendcreatecommand,8
edu.toronto.cs.se.modelepedia.istar.diagram.edit.commands.meansendreorientcommand,8
edu.toronto.cs.se.modelepedia.istar.diagram.edit.parts.actoreditpart,8
edu.toronto.cs.se.modelepedia.istar.diagram.edit.parts.goaleditpart,8
edu.toronto.cs.se.modelepedia.istar.diagram.edit.parts.resourceeditpart,8
edu.toronto.cs.se.modelepedia.istar.diagram.edit.parts.softgoaleditpart,8
edu.toronto.cs.se.modelepedia.istar.diagram.edit.parts.taskeditpart,8
edu.toronto.cs.se.modelepedia.relationaldatabase.relationaldatabasefactory,8
edu.toronto.cs.se.modelepedia.relationaldatabase.diagram.edit.parts.tableeditpart,8
edu.toronto.cs.se.modelepedia.sequencediagram.activationbox,8
edu.toronto.cs.se.modelepedia.sequencediagram.message,8
org.dom4j.attribute,8
org.w3c.dom.namednodemap,8
org.xml.sax.ext.lexicalhandler,8
java.io.externalizable,8
py_stringsimjoin,8
visualization_msgs,8
cpptl,8
ipa,8
security.h,8
amrex_amr.h,8
nyxparticlecontainer.h,8
amrex_fluxregister.h,8
acpihelp.h,8
win32api,8
tmust2physics.h,8
tgaspardtrackerdata.h,8
tcutg.h,8
augmenters,8
fiberpool.h,8
pxdeeputils.h,8
_common,8
sigprofilerplotting,8
mpmath,8
pybincat,8
sqlite3.h,8
randomsingleton.h,8
responses,8
cmip.h,8
hart,8
component,8
cloudng,8
geom_types.h,8
scikits,8
optimization_algorithm_with_hessian.h,8
g2o_stuff_api.h,8
stlvec.hpp,8
chap11,8
amrex_eb2.h,8
quicklens,8
referencenode.h,8
tgareader.h,8
check.h,8
mod2convert.h,8
rand.h,8
sparse_grad_attn,8
z3++.h,8
bv.h,8
anypytools,8
stringutils.hpp,8
qtconcurrent,8
qfont,8
sha512.h,8
emcalbase,8
fv0base,8
ft0base,8
th2poly.h,8
neural_name_model,8
_data_main,8
cofb.h,8
api.h,8
magpurify,8
trunccomp,8
nodemanager.h,8
timing.h,8
cdefbf537.h,8
razf.h,8
as3,8
learner,8
roi_heads,8
qsubsec,8
libvex_trc_values.h,8
host_generic_avx512.h,8
tools.h,8
bitbuffer.h,8
mearec,8
pose_transform,8
decodinf_i.h,8
comsvcs.h,8
agi.foundation.compatibility.datetimehelper,8
java.time.zoneddatetime,8
agi.foundation.compatibility.pathhelper,8
agi.foundation.compatibility.streamwriterhelper,8
agi.foundation.compatibility.testcontext,8
binarysearch2.h,8
sharedmemory.h,8
gtf.h,8
sjdbclass.h,8
ngtcp2,8
finsh_var.h,8
lib_def.h,8
statmod,8
alglibinternal.h,8
beliefstate.h,8
qtime,8
lex_symbol.h,8
attribute.h,8
facility,8
translation_models,8
meteo,8
univariate,8
impl_common,8
tinyxml.h,8
boxworld2.h,8
scheduling,8
imgt,8
haversine,8
numexpr,8
arm,8
compression_utils,8
base_protocol,8
_websocket,8
iris,8
file,8
edu.stanford.math.plex4.homology.interfaces.abstractpersistencealgorithm,8
squids,8
colorette,8
skcuda,8
dojox.wire._base,8
canvas,8
javax.ejb.singleton,8
javax.ejb.ejb,8
nz.ac.auckland.abi.entities.femmodel,8
org.dcm4che.dict.tags,8
javax.persistence.entity,8
javax.persistence.id,8
viewers,8
mnist_classifier,8
cifar_classifier,8
imaging_parameters,8
org.applause.lang.applausedsl.type,8
org.eclipse.xtext.xbase.lib.procedures.procedure1,8
org.applause.lang.applausedsl.restspecification,8
org.applause.lang.applausedsl.uiaction,8
board.h,8
aes_defs.h,8
dot.h,8
rodbc,8
courlan,8
qwt_plot.h,8
abstractpage.h,8
abstractrvtmotion.h,8
qtabwidget,8
abstracttimeseriesoutput.h,8
profilerandomizer.h,8
qtableview,8
cerberus,8
enterprise,8
orbitalevolution.hpp,8
app_pwm.h,8
mac_security.h,8
sys_debug.h,8
nrf21540.h,8
nrf_drv_saadc.h,8
nrfx_spim.h,8
crys_hmac.h,8
nrf_crypto_aes.h,8
nrf_crypto_aead.h,8
low_power_pwm.h,8
ser_phy_debug_comm.h,8
platform_util.h,8
tile_storage,8
nrfx_power_clock.h,8
system_nrf52840.h,8
sensor_common.h,8
nrf_mesh_config_prov.h,8
nrf_mesh_config_bearer.h,8
packet_buffer.h,8
packet_mesh.h,8
nrf_mesh_prov_types.h,8
generic_level_common.h,8
light_ctl_common.h,8
light_lightness_common.h,8
integration_test_ssi_defs.h,8
diffdist,8
scrnaseq,8
celldex,8
edge.h,8
keggrest,8
oxm-match.h,8
ofl-utils.h,8
ofl-print.h,8
ofp.h,8
secchan.h,8
daemon.h,8
dp_ports.h,8
model_mommy,8
nle,8
aiortc,8
pyprove,8
bsgenome,8
ppimage.h,8
connectionbase.h,8
nsimd,8
neigh_list.h,8
random_park.h,8
mrmc,8
static_cmpilph,8
vo,8
ap_environment.h,8
ap_generator0.h,8
ap_tcons0.h,8
avo_internal.h,8
box_internal.h,8
fpp_user.h,8
pk_bit.h,8
oct_internal.h,8
bilm,8
buildmanager.h,8
unitstates.h,8
o3djs.rendergraph,8
fheap,8
mutation_utils.h,8
evolve,8
coremltools,8
datashader,8
scvi,8
myplot,8
pyspeckit_fitting,8
astrodendro,8
shfi_otf_pipeline,8
org.mozilla.javascript.xml.,8
esprima,8
kassdirs,8
bfd_daemon.h,8
pidfile.h,8
signals.h,8
track_process.h,8
vrrp_iprule.h,8
notify.h,8
vrrp_static_track.h,8
eutelgenericsparsepixel.h,8
opticalgrid,8
plastid,8
outflow_meta,8
voeventdb,8
ndn-cxx,8
itkcastimagefilter.h,8
vtktype.h,8
vtkimageactor.h,8
vtkimagereslice.h,8
iatoolregistry.h,8
vtkactor2d.h,8
vtkproperty2d.h,8
vtkline.h,8
iamultidimensionalscaling.h,8
vtkcontextscene.h,8
iasamplingresults.h,8
iaimagepreviewwidget.h,8
iachartattributemapper.h,8
iachartfilter.h,8
rosbag,8
sofaerror,8
pygsp,8
lnpy,8
create_input_json,8
defs,8
adcmethod,8
veloxchem,8
integratedbc.h,8
adafruit_bbio,8
fluorify,8
mappoint.h,8
kaffe,8
mcda,8
thread-pool.h,8
bgs.h,8
image_compression.hpp,8
make_g,8
javax.swing.plaf.metal.,8
srnadiff,8
javax.xml.bind.annotation.adapters.collapsedstringadapter,8
authorize,8
fftw_mpi.h,7
hermite3_interpolation_csource.h,7
hermite4_interpolation_csource.h,7
hermite6_interpolation_csource.h,7
_cy3,7
_cy2,7
_ctypes,7
rop_block,7
abjad,7
kdcount,7
cosmology,7
gwent,7
pyximport,7
rnaturalearthdata,7
adegraphics,7
hydrogof,7
abind,7
mast,7
mlx,7
@vitejs,7
_backend,7
_docs,7
memory_final_spatial_sumonly_weight_ranking_top1,7
ui_mainwindow.h,7
flashproxy,7
curand.h,7
dust,7
chemistry,7
wget,7
pydmrs,7
nms,7
encoding,7
_ext,7
clb_avlgeneric.h,7
ccl_formula_wrapper.h,7
cio_network.h,7
cio_scanner.h,7
cio_basicparser.h,7
che_clausesetfeatures.h,7
che_wfcb.h,7
mini-css-extract-plugin,7
autoprefixer,7
javasigar.h,7
win32bindings.h,7
sparkr,7
tkfiledialog,7
hmm_utils,7
lse.neko.messagetypeconst,7
lse.neko.util.compressedintset,7
lse.neko.activereceiver,7
java.net.inetaddress,7
java.io.datainputstream,7
java.net.serversocket,7
java.io.stringreader,7
lse.neko.nekoobjectinterface,7
java.awt.point,7
java.awt.basicstroke,7
java.awt.gridlayout,7
org.xml.sax.xmlreader,7
java.io.unsupportedencodingexception,7
gulp-concat,7
biom,7
com.fasterxml.jackson.databind.objectmapper,7
csvprocessing,7
gnsf,7
acados_sim_solver_{{ name }}.h,7
{{ ros_opts.package_name }}_interface,7
affinegap.h,7
mapq.h,7
fileformat.h,7
readsupplierqueue.h,7
variablesizevector.h,7
mongoose,7
gridfs,7
cdflib.h,7
enginefacade.h,7
dropout,7
sre_compile,7
lmdb.h,7
snow,7
org.softlang.company.employee,7
javax.swing.jlist,7
javax.xml.ws.webendpoint,7
javax.xml.ws.webserviceclient,7
javax.xml.ws.webservicefeature,7
javax.jws.webmethod,7
javax.jws.webparam,7
javax.jws.webresult,7
javax.jws.webservice,7
javax.xml.ws.requestwrapper,7
javax.xml.ws.responsewrapper,7
javax.xml.bind.jaxbelement,7
javax.xml.bind.annotation.xmlelementdecl,7
javax.xml.bind.annotation.xmlregistry,7
java.awt.renderinghints,7
mixtools,7
auxiliary,7
jpeg,7
edward,7
lasso,7
read_matfile,7
uniform,7
pymysql,7
spextractor,7
package,7
hardware.h,7
colors.h,7
exercise_models,7
amanzi,7
dotenv,7
cdflib,7
tiffio.h,7
digital_comms,7
shapefile,7
sgx_urts.h,7
sgx_error.h,7
sgx_eid.h,7
dash_core_components,7
ifaddrs.h,7
properties,7
logzero,7
wave,7
javadiff,7
kdtree.h,7
fonttools,7
ceres,7
akima,7
sjplot,7
controller,7
munkres,7
pysdf,7
base_networks,7
imfarray.h,7
ctltype.h,7
signedfloodfill.h,7
$project_chtb00,7
charset_normalizer,7
arm_compat.h,7
cmsis_armcc.h,7
cmsis_armclang.h,7
cmsis_gcc.h,7
core_cm33.h,7
dosnow,7
dbi,7
utm,7
pyiacsun,7
huffman.h,7
realsfs_args.h,7
java.util.queue,7
lgcpy,7
qset,7
qscopedpointer,7
qprocess,7
qprogressbar,7
glws.hpp,7
filters.h,7
gles,7
nmmintrin.h,7
nmt,7
detection,7
apexpy,7
wgpu,7
trimesh,7
glfw,7
cylp,7
echo_class,7
datetime_utils,7
transform,7
reactomepa,7
msg.h,7
workers,7
aucell,7
swad_connected_database.h,7
swad_mail_database.h,7
swad_profile_database.h,7
swad_admin.h,7
swad_agenda.h,7
swad_api.h,7
swad_match_database.h,7
swad_tree_specific.h,7
swad_contracted_expanded.h,7
swad_log.h,7
swad_country_database.h,7
swad_rubric.h,7
swad_question_type.h,7
swad_timeline_note.h,7
subclass_ode_duffling_oscillator,7
mol_vol,7
text_model,7
image_text_model,7
qqman,7
acq4,7
local,7
symmetry_operations,7
bvar_nig,7
cp_probability_model,7
basehttpserver,7
casper,7
@,7
opa_intf.h,7
opa_user.h,7
ptl_ips,7
ips_proto_help.h,7
tfutil,7
lime,7
forward_list,7
experimental,7
helper.h,7
tensor,7
adjusttext,7
utf8statetable.h,7
measurements,7
structure,7
mcmcpack,7
nphc,7
cocos,7
learning,7
gradient_expressions,7
rapidjson.h,7
writer.h,7
antialiased_cnns,7
babel,7
base64.h,7
iphlpapi.h,7
mycrypto.h,7
grp.h,7
seewave,7
irlba,7
snp_meta.h,7
elasticsearch_dsl,7
rtm.h,7
java.awt.datatransfer.,7
imager,7
junit.framework.testcase,7
rcistarget,7
bib,7
laminarsmokethermoclass.h,7
readtimecontrols.h,7
createcontrol.h,7
opensmokepp,7
readoptionssteadystate.h,7
opensmokestdinclude.h,7
java.util.concurrent.cancellationexception,7
org.deckfour.uitopia.api.model.resource,7
org.processmining.framework.connections.connectioncannotbeobtained,7
org.processmining.framework.connections.connectionid,7
org.processmining.framework.providedobjects.providedobjectmanager,7
java.util.zip.gzipoutputstream,7
com.fluxicon.slickerbox.factory.slickerdecorator,7
org.jgraph.graph.cellview,7
org.processmining.framework.util.ui.scalableview.scalablecomponent,7
org.processmining.models.graphbased.attributemapowner,7
shell.h,7
rann,7
allpairs,7
code_pytorch,7
llc.h,7
netdissect.h,7
atheris,7
bc,7
flags.h,7
pthash,7
tmap,7
s_apps.h,7
starlet.h,7
descrip.h,7
sparc_arch.h,7
pcy_int.h,7
pooling,7
rpart,7
edu.toronto.cs.se.mmint.example.jase20.iso26262.hara.harapackage,7
org.eclipse.gmf.runtime.diagram.ui.requests.createunspecifiedtypeconnectionrequest,7
org.eclipse.draw2d.polygondecoration,7
org.eclipse.draw2d.geometry.pointlist,7
org.eclipse.gmf.runtime.diagram.ui.requests.createconnectionviewrequest,7
org.eclipse.gmf.runtime.notation.relativebendpoints,7
org.eclipse.gmf.runtime.notation.routing,7
org.eclipse.gmf.runtime.notation.titlestyle,7
org.eclipse.gmf.runtime.notation.datatype.relativebendpoint,7
edu.toronto.cs.se.modelepedia.necsis14_classdiagram.association,7
edu.toronto.cs.se.modelepedia.necsis14_classdiagram.attribute,7
edu.toronto.cs.se.modelepedia.kleisli.kleislimodelendpointreference,7
edu.toronto.cs.se.modelepedia.kleisli.kleislimodel,7
edu.toronto.cs.se.mmint.mid.productline.plbinarymapping,7
edu.toronto.cs.se.mmint.mid.productline.plmidfactory,7
edu.toronto.cs.se.mmint.mid.productline.plmappingreference,7
edu.toronto.cs.se.mmint.productline.attribute,7
edu.toronto.cs.se.mmint.productline.plfactory,7
edu.toronto.cs.se.mmint.productline.reference,7
edu.toronto.cs.se.mmint.mid.editor.provider.editoritemprovideradapterfactory,7
edu.toronto.cs.se.mmint.mid.operator.provider.operatoritemprovideradapterfactory,7
edu.toronto.cs.se.mmint.mid.provider.miditemprovideradapterfactory,7
edu.toronto.cs.se.mmint.mid.relationship.provider.relationshipitemprovideradapterfactory,7
edu.toronto.cs.se.mmint.mid.operator.operatorfactory,7
edu.toronto.cs.se.mmint.mid.editor.diagram,7
edu.toronto.cs.se.mmint.mid.operator.genericendpoint,7
edu.toronto.cs.se.mmint.mid.operator.randomoperator,7
edu.toronto.cs.se.mmint.mid.operator.workflowoperator,7
edu.toronto.cs.se.mmint.mid.emfinfo,7
edu.toronto.cs.se.mmint.primitive.int_.intpackage,7
edu.toronto.cs.se.mmint.mid.relationship.diagram.edit.commands.modelelementendpointreference2createcommand,7
edu.toronto.cs.se.mmint.mid.relationship.diagram.edit.commands.modelelementendpointreference2reorientcommand,7
edu.toronto.cs.se.mmint.mid.relationship.diagram.edit.commands.modelelementendpointreferencecreatecommand,7
edu.toronto.cs.se.mmint.mid.relationship.diagram.edit.commands.modelelementendpointreferencereorientcommand,7
edu.toronto.cs.se.modelepedia.classdiagram.diagram.providers.classdiagramparserprovider,7
edu.toronto.cs.se.modelepedia.classdiagram.diagram.edit.parts.classnestedineditpart,7
edu.toronto.cs.se.modelepedia.classdiagram.diagram.edit.parts.classsuperclasseditpart,7
edu.toronto.cs.se.modelepedia.classdiagram.datatype,7
edu.toronto.cs.se.modelepedia.classdiagram.typeable,7
edu.toronto.cs.se.mmint.types.fta.gate,7
edu.toronto.cs.se.mmint.types.gsn.productline.plgsntemplate,7
edu.toronto.cs.se.mmint.types.gsn.templates.domaindecompositionelement,7
edu.toronto.cs.se.mmint.types.gsn.templates.filescontext,7
edu.toronto.cs.se.mmint.types.gsn.templates.propertydecompositionelement,7
edu.toronto.cs.se.mmint.types.gsn.templates.util.gsntemplatesbuilder,7
edu.toronto.cs.se.modelepedia.gsn.undeveloped,7
edu.toronto.cs.se.mmint.types.lts.initialstate,7
edu.toronto.cs.se.modelepedia.relationaldatabase.relationaldatabase,7
edu.toronto.cs.se.modelepedia.sequencediagram.sequencediagramfactory,7
edu.toronto.cs.se.modelepedia.sequencediagram.lifeline,7
roslib,7
org.dom4j.tree.namespacestack,7
stanza,7
unix.h,7
headerdecoder.h,7
elfirl,7
stochasticencoder.h,7
uvector.h,7
biocmanager,7
tensorpack_medical,7
evnt_handler.h,7
hci.h,7
javalang,7
meminfo.h,7
amrex.h,7
amrex_mlmg.h,7
godunov.h,7
amrex_iarraybox.h,7
acutils.h,7
amlresrc.h,7
acpidump.h,7
acpisrc.h,7
npnucleus.h,7
ez_setup,7
qopenglbuffer,7
statement,7
sigprofilerextractor,7
tflite,7
nprogress,7
element-ui,7
common_functions,7
textual,7
winternl.h,7
idaapi,7
read_data,7
pyskelton,7
curses.h,7
wctype.h,7
work,7
extended_stencil,7
efind_buffer_manager.h,7
py_models,7
sqltablebase,7
statuses,7
normalizers,7
mutations,7
timestamp.h,7
hyper_graph_action.h,7
wordexp.h,7
isometry3d_gradients.h,7
parameter_se3_offset.h,7
table,7
goffice,7
avahi-client,7
sv_algorithm.hpp,7
box,7
gridbase,7
${pyenv},7
_spans,7
rospkg,7
navierstokes.h,7
pyx,7
rcode.h,7
blocklstm,7
fexpr_infr.h,7
cpputils.h,7
permutation.h,7
format,7
ttext.h,7
fddbase,7
dataformatsglobaltracking,7
itsbase,7
mid,7
dataformatsphos,7
tpccalibration,7
ethnicolr,7
baffles,7
exofile,7
cdefbf527.h,7
ethernet.h,7
usb.h,7
utils10,7
openstreetmap,7
singlecellexperiment,7
libff,7
amqp_socket.h,7
amqp_time.h,7
frames_dataset,7
rlcsa_builder.h,7
community.hpp,7
network.hpp,7
agi.foundation.compatibility.textwriterhelper,7
agi.foundation.compatibility.argumentoutofrangeexception,7
threadcontrol.h,7
langkit,7
sentence_transformers,7
auth,7
opentelemetry,7
rule_utils.h,7
cpu_core.h,7
sensorweb4r,7
serial.h,7
uhd,7
policy,7
hip,7
pytok,7
nabor,7
codecvt,7
itkvector.h,7
itklinearinterpolateimagefunction.h,7
convertcoordinate.h,7
arrayofmatrices.h,7
deepmatcher,7
macrotestingframework,7
colormap,7
pypownet,7
afrl,7
env.h,7
skfeature,7
web_app,7
framelib_errors.h,7
framelib_multistream.h,7
xbee,7
hydro_mc,7
strstream,7
annotation,7
edu.stanford.math.plex4.metric.impl.euclideanmetricspace,7
ssl_h.h,7
cbor,7
foo,7
dojox.lang.functional.lambda,7
nz.ac.auckland.abi.dcm4chee.dcmaccessmanager,7
org.dcm4che.data.dataset,7
javax.persistence.column,7
icma,7
parse_contdotdat,7
org.eclipse.emf.common.util.treeiterator,7
org.eclipse.xtext.xbase.lib.iteratorextensions,7
org.applause.lang.generator.ios.model.entityclassextensions,7
org.applause.lang.applausedsl.restmethodcall,7
org.applause.lang.applausedsl.uicomponentmembercall,7
org.applause.lang.applausedsl.uicomponentmemberconfiguration,7
si1020_defs.h,7
lumihumanall.db,7
deduplication,7
compatiblervtmotion.h,7
rvtmotion.h,7
sourcetheoryrvtmotion.h,7
qstatusbar,7
ant_encrypt_negotiation_slave.h,7
nrf_svci_async_function.h,7
es.h,7
ble_gls.h,7
ble_hrs.h,7
nrf_dfu_trigger_usb.h,7
nrf_svci_async_handler.h,7
bsp_btn_ant.h,7
bsp_cli.h,7
nrf_libuarte_async.h,7
ssi_aes_error.h,7
crys_ecpki_kg.h,7
nrf_drv_csense.h,7
nrf_font.h,7
nfc_t2t_lib.h,7
nfc_t4t_cc_file.h,7
adafruit_pn532.h,7
nrf_esb.h,7
nrf_esb_error_codes.h,7
semphr.h,7
nrfx_clock.h,7
generic_level_server.h,7
light_lightness_setup_server.h,7
generic_onoff_server.h,7
mesh_adv.h,7
flash_manager.h,7
nrf_mesh_events.h,7
c_datasets,7
graphandindex.h,7
vconn.h,7
command-line.h,7
action_set.h,7
wilderness,7
k6,7
antlr3string.h,7
seqschart,7
sys_config,7
_noisefilter,7
avifutil.h,7
donkey_gym,7
crabplot,7
sygma,7
q8.h,7
autocmake,7
tf2_ros,7
multi.h,7
fcollada.h,7
enet,7
compiler-macros.h,7
stanza.h,7
miniupnpc_declspec.h,7
netmessage.h,7
device.h,7
icmpterrain.h,7
windows,7
sgan,7
darray.h,7
renderapi,7
functii_auxiliare,7
ap_linexpr0.h,7
rlp.h,7
fppol_domain.h,7
jgmp.h,7
pk_extract.h,7
pk_meetjoin.h,7
gkg.h,7
rankprod,7
secmet,7
eos.h,7
cantera,7
survclust,7
noiseq,7
modeler,7
zarr,7
sf3dmodels,7
isodate,7
multiconfiguration,7
dynode,7
ads,7
accfft.h,7
wcsaxes,7
commdefs,7
sksurv,7
adafruit_charlcd,7
adafruit_register,7
core-base,7
openmesh,7
global_parser.h,7
vrrp_vmac.h,7
vrrp_sync.h,7
alibava.h,7
tvectord.h,7
eutelexcludedplanes.h,7
fast5file,7
miinclude.h,7
patricia.h,7
brundle,7
qcolordialog,7
iascatterplot.h,7
qboxlayout,7
vtkcellpicker.h,7
iachannelid.h,7
vtkappendpolydata.h,7
vtkmatrix4x4.h,7
iarendererviewsync.h,7
vtkscalarbarwidget.h,7
vtkcontextview.h,7
vtkvariant.h,7
iacomptableinteractorstyle.h,7
iacompuniformbinningdata.h,7
iaimagetree.h,7
iavtkvr.h,7
iaxrfdata.h,7
iasimpleslicerwidget.h,7
spdnet,7
foolbox,7
cm.h,7
basicrundora,7
cbor.h,7
config_tree,7
dasha,7
fedbn,7
feddebug,7
niid_bench,7
fedrag,7
whisper_example,7
fedopt,7
object_store,7
pyhdf,7
adcmatrix,7
oneparticleoperator,7
timings,7
electronicstates,7
import_data,7
ofxssupportprivate.h,7
org.apache.spark.sparkconf,7
org.apache.spark.api.java.javapairrdd,7
org.apache.spark.api.java.javardd,7
org.apache.spark.api.java.javasparkcontext,7
org.apache.spark.api.java.function.function2,7
scala.tuple2,7
nengo,7
xmath.h,7
keyframedatabase.h,7
svd_utils,7
${base},7
seqan,7
opencvlegacyincludes.h,7
image_io.hpp,7
enchant-provider.h,7
grid_params.h,7
tool_utils,7
fftw_threads-int.h,6
pika,6
.env,6
classy,6
_ffi,6
rop_chain,6
rv_mod,6
exostriker,6
groupcat,6
truncatedsvd,6
phyilpd,6
liblinear,6
fpc,6
svd,6
tsne,6
flexmix,6
meshlabxml,6
sass,6
classification,6
spatialtools,6
argparser,6
yargs,6
modify.h,6
variable.h,6
shape,6
syscall.h,6
clb_intmap.h,6
clb_os_wrapper.h,6
ccl_clausefunc.h,6
ccl_inferencedoc.h,6
ccl_pdtrees.h,6
cte_typecheck.h,6
cte_ho_csu.h,6
che_new_autoschedule.h,6
che_clauseweight.h,6
che_to_params.h,6
che_termweights.h,6
cto_ocb.h,6
clb_plocalstacks.h,6
pcl_protocol.h,6
cte_simpletypes.h,6
cte_termfunc.h,6
cte_pattern_match_mgu.h,6
cte_subst.h,6
js-yaml,6
debug_tools.h,6
token,6
java.io.bufferedoutputstream,6
lse.neko.protocol,6
java.awt.event.windowevent,6
org.xml.sax.attributes,6
org.xml.sax.helpers.defaulthandler,6
java.text.messageformat,6
mpld3,6
del,6
gulp-plumber,6
vm,6
bzlib.h,6
competition_actions,6
seqtools,6
snap,6
wrapper,6
expressionevaluator,6
_collections,6
blasfeo_v_aux_ext_dep.h,6
sensitivity_utils,6
acados_model,6
acados_dims,6
{{ ros_opts.package_name }},6
pointcnn,6
commandprocessor.h,6
fastq.h,6
alignerstats.h,6
alignmentresult.h,6
core-js,6
passport,6
serve-favicon,6
tls,6
map_probes,6
lola_dice,6
huggingface_hub,6
ucontext.h,6
sanitizer_platform.h,6
sip,6
dbplyr,6
org.softlang.company.shared.,6
javax.swing.jtextfield,6
org.softlang.swing.model.model,6
org.softlang.company.department,6
java.awt.gridbagconstraints,6
java.awt.gridbaglayout,6
qtreewidget,6
java.util.stack,6
javax.swing.defaultlistmodel,6
splitstackshape,6
mixture_model_1dim,6
fit,6
script,6
gdb,6
httr,6
testthat,6
openmp.h,6
rands.h,6
cg,6
programs.h,6
closedcurve,6
curve,6
tclonesarray.h,6
cloudant,6
pdblib,6
ashr,6
gseabase,6
calculate_unsupervised_auroc,6
legacy,6
viewer,6
crtdefs.h,6
need_errno.h,6
$script_dir,6
org.eclipse.uml2.uml.message,6
fcn_declare.h,6
lwip,6
ipaddress.h,6
wstring.h,6
define-properties,6
__main__,6
multiprocess,6
likelihood_helpers,6
qmath.h,6
qstyle,6
base64-js,6
readable-stream,6
lib_services_t.h,6
samples.h,6
readpng.h,6
svrt,6
assembly,6
reaction.h,6
cfg,6
response,6
gelato,6
calc.h,6
globalvariables,6
shelljs,6
pangolin,6
pynini,6
kdtree_index.h,6
kmeans_index.h,6
mmh3,6
common_utils,6
browserify,6
vinyl-source-stream,6
knn,6
gen_vdjam,6
tcrdist_samples,6
tcrmatch_samples,6
filterpy,6
contexts,6
svm,6
lawstat,6
half.h,6
bayeslogit,6
openexr,6
attributearray.h,6
attributeset.h,6
valuetransformer.h,6
log4cplus,6
validators,6
expect.js,6
querystring,6
core_cm3.h,6
dharma,6
devicedefs.h,6
java.h,6
tokenize,6
aten,6
c10,6
particle_filters,6
wavelettrans,6
sha.h,6
bfs.h,6
gemm.h,6
spmv.h,6
stencil.h,6
wcclibm.h,6
acmp_urem.h,6
matmul_hw_mul_32scud.h,6
minver_hwa_fsub_3bkb.h,6
minver_hwa_fmul_3cud.h,6
minver_hwa_fdiv_3dee.h,6
minver_hwa_fpext_eog.h,6
minver_hwa_fcmp_3fyi.h,6
minver_hwa_dcmp_6g8j.h,6
imgui.h,6
arvisualizer.hpp,6
mobilenet,6
abccallgenotypes.h,6
abcgetfasta.h,6
zstd.h,6
safreader.h,6
spacefortress,6
util_search,6
schifra_reed_solomon_bitio.hpp,6
pypdf,6
trace_callset.hpp,6
os_time.hpp,6
qtextdocument,6
graphing,6
glretrace.hpp,6
glstate.hpp,6
dxgi,6
ebimage,6
dpsnn_apenet.h,6
dpsnn_connectome.h,6
dpsnn_messagemeasure.h,6
keras_applications,6
upsetr,6
config_utils,6
hdf5storage,6
grid_mapper,6
simple_moment_calculations,6
monolithic,6
bimaterial,6
align.h,6
hdbscan,6
keras_resnet,6
wand,6
rlist,6
splinelayer,6
aquaexception.h,6
domain,6
thop,6
spatial_transforms,6
onnx,6
peewee,6
ansible,6
pydocumentdb,6
swad_network.h,6
swad_nickname.h,6
swad_record_database.h,6
swad_test_config.h,6
swad_banner.h,6
swad_icon.h,6
swad_center.h,6
swad_degree.h,6
swad_cookie.h,6
swad_institution.h,6
swad_exam_result.h,6
swad_exam_log.h,6
swad_question_tf.h,6
swad_exam_sheet.h,6
swad_follow_database.h,6
swad_tag.h,6
swad_program_resource.h,6
global_functions,6
flow.h,6
cifar,6
protocols,6
gpu,6
annotationdbi,6
bx,6
arangopipe,6
debugutils.h,6
autoopts,6
partsegcore,6
misc_functions,6
mongodb,6
tilec,6
psm_uuid.h,6
psm_gdrcpy.h,6
psm2_mock_testing.h,6
pwd,6
clinica,6
indigox,6
_mingw.h,6
cast.h,6
fmin,6
basics.h,6
bitstring.h,6
rampl,6
gin,6
measure,6
popbio,6
journal,6
about,6
connector,6
notebook,6
ssnode,6
analyzers,6
fruitbat,6
simple,6
alexnet,6
sentry_sdk,6
uvloop,6
myrand.h,6
expm,6
ordnor,6
create_custom_unet_model,6
subspacemethods,6
vsp,6
ultrasync,6
ustools,6
janitor,6
rcompanion,6
webshot,6
java.sql.statement,6
java.util.concurrent.executor,6
java.sql.timestamp,6
java.util.calendar,6
ocperf,6
rdpmc.h,6
glob.h,6
selu,6
open3d,6
load_model,6
reversion,6
createdrgfields.h,6
setinitialdeltat.h,6
setdeltat.h,6
policy_reactiontransport.h,6
policy_momentumreactiontransport.h,6
pceqn.h,6
rapidxml.hpp,6
unsupported,6
amaz_augumentationcustom,6
delay_table_akima.h,6
correlator_node_types.h,6
log_writer.h,6
memory_pool_elements.h,6
org.processmining.framework.plugin.progress,6
java.net.urisyntaxexception,6
org.processmining.framework.boot.boot.level,6
org.processmining.framework.plugin.plugincontextid,6
org.processmining.framework.packages.packagemanager,6
com.fluxicon.slickerbox.factory.slickerfactory,6
org.processmining.models.graphbased.expandable,6
org.processmining.models.connections.graphlayoutconnection,6
org.processmining.models.jgraph.views.jgraphshapeview,6
org.jgraph.graph.edgeview,6
org.processmining.framework.plugin.,6
org.processmining.framework.plugin.annotations.,6
org.processmining.contexts.uitopia.annotations.,6
weka.core.instances,6
psd,6
robust,6
julia,6
java.nio.file.path,6
nlpid.h,6
tcp.h,6
udp.h,6
logging.h,6
bfs,6
sssp,6
wcc,6
names.h,6
data_library,6
mitdeeplearning,6
cfmm_nipype_interfaces,6
utils_trajectories,6
fefas.h,6
solvers,6
sanitizer,6
dso_locl.h,6
fnames,6
dnashapedtfbs,6
altivec.h,6
encode_df.h,6
raid.h,6
engine.h,6
keyboard,6
mesh.h,6
sdl_endian.h,6
sdl_mutex.h,6
org.eclipse.papyrus.infra.gmfdiag.tooling.runtime.actions.defaultdeleteelementaction,6
org.eclipse.papyrus.infra.gmfdiag.tooling.runtime.actions.defaultloadresourceaction,6
org.eclipse.papyrus.infra.gmfdiag.tooling.runtime.part.defaultmodelelementselectionpage,6
org.eclipse.papyrus.infra.gmfdiag.tooling.runtime.part.defaultdiagrameditorutil,6
org.eclipse.emf.ecore.util.featuremap,6
org.eclipse.emf.edit.provider.iwrapperitemprovider,6
org.eclipse.papyrus.infra.gmfdiag.tooling.runtime.providers.defaulteditpartprovider,6
org.eclipse.papyrus.infra.gmfdiag.tooling.runtime.providers.diagramelementtypeimages,6
org.eclipse.papyrus.infra.gmfdiag.tooling.runtime.providers.diagramelementtypes,6
org.eclipse.papyrus.infra.gmfdiag.tooling.runtime.providers.defaultelementtypeiconprovider,6
org.eclipse.gmf.runtime.notation.shape,6
org.eclipse.papyrus.infra.gmfdiag.tooling.runtime.sheet.defaultpropertysection,6
edu.toronto.cs.se.modelepedia.necsis14_classdiagram.classdiagram,6
edu.toronto.cs.se.modelepedia.kleisli.binarykleislimodelrel,6
edu.toronto.cs.se.modelepedia.kleisli.kleislifactory,6
org.eclipse.emf.edit.command.commandparameter,6
edu.toronto.cs.se.mmint.mid.reasoning.midconstraintchecker,6
edu.toronto.cs.se.mmint.mid.modelorigin,6
edu.toronto.cs.se.mmint.mid.productline.plbinarymappingreference,6
edu.toronto.cs.se.mmint.mid.productline.plbinarymodelrel,6
edu.toronto.cs.se.mmint.mid.productline.plmodelrel,6
org.eclipse.viatra.query.runtime.matchers.psystem.basicenumerables.positivepatterncall,6
edu.toronto.cs.se.mmint.mid.diagram.part.messages,6
edu.toronto.cs.se.mmint.mid.diagram.providers.midmodelingassistantprovider,6
edu.toronto.cs.se.mmint.mid.operator.nestingoperator,6
edu.toronto.cs.se.mmint.papyrus.umlmodel,6
edu.toronto.cs.se.mmint.operatorgeneric,6
edu.toronto.cs.se.mmint.operatorinput,6
edu.toronto.cs.se.modelepedia.classdiagram.diagram.edit.policies.classdiagramtextselectioneditpolicy,6
edu.toronto.cs.se.modelepedia.classdiagram.diagram.part.messages,6
edu.toronto.cs.se.mmint.types.fta.faulttree,6
edu.toronto.cs.se.mmint.types.gsn.productline.plgsnanalytictemplate,6
edu.toronto.cs.se.mmint.types.gsn.productline.plgsnrelationshipdecorator,6
edu.toronto.cs.se.modelepedia.gsn.impacttype,6
edu.toronto.cs.se.mmint.types.gsn.templates.analytictemplate,6
edu.toronto.cs.se.mmint.types.gsn.templates.domaindecompositiontemplate,6
edu.toronto.cs.se.mmint.types.gsn.templates.propertydecompositiontemplate,6
edu.toronto.cs.se.modelepedia.istar.goal,6
edu.toronto.cs.se.modelepedia.istar.resource,6
edu.toronto.cs.se.modelepedia.istar.softgoal,6
edu.toronto.cs.se.modelepedia.istar.task,6
edu.toronto.cs.se.modelepedia.istar.diagram.edit.parts.actoractorintentionscompartmenteditpart,6
edu.toronto.cs.se.mmint.types.lts.labeledelement,6
edu.toronto.cs.se.mmint.types.lts.lts,6
edu.toronto.cs.se.modelepedia.relationaldatabase.diagram.providers.relationaldatabaseparserprovider,6
edu.toronto.cs.se.modelepedia.relationaldatabase.diagram.part.messages,6
edu.toronto.cs.se.modelepedia.sequencediagram.actor,6
edu.toronto.cs.se.modelepedia.sequencediagram.component,6
edu.toronto.cs.se.modelepedia.sequencediagram.sequencediagram,6
edu.toronto.cs.se.modelepedia.statemachine.finalstate,6
edu.toronto.cs.se.modelepedia.statemachine.initialstate,6
edu.toronto.cs.se.modelepedia.statemachine.stateaction,6
org.dom4j.tree.defaultelement,6
org.dom4j.rule.pattern,6
org.dom4j.elementhandler,6
org.dom4j.visitor,6
lexicon,6
std_srvs,6
jversion.h,6
trees.h,6
pylibfreenect2,6
timeblockbuffer.h,6
cachebox,6
hyperopt,6
cc3000_common.h,6
commented_code_detector,6
databasetables,6
databasetools,6
d3heatmap,6
libtcc.h,6
slang,6
eoop.h,6
amrex_errorlist.h,6
amrex_blprofiler.h,6
amrex_levelbld.h,6
amrex_particles.h,6
uuid.h,6
mbed.h,6
tsharcphysics.h,6
tgaspardtrackerphysics.h,6
gaspardtrackermodule.h,6
thyde2trackerdata.h,6
npglobalsystemofunits.h,6
npphysicalconstants.h,6
tidevice,6
fiberpoint.h,6
qstandardpaths,6
coordinates,6
astar,6
attacks,6
rtree,6
utilities_az,6
jxrglue.h,6
eval_util,6
video_level_models,6
permute,6
exc,6
errormsg.h,6
ncursesw,6
ase_md_logger,6
jsdom,6
plugins,6
remote,6
store,6
sweed.h,6
wikipedia,6
efind_temporal_control.h,6
"""$(",6
py_dataset,6
scatter,6
render_rirs,6
torchnlp,6
featurevector.h,6
base_edge.h,6
creators.h,6
estimate_propagator.h,6
optimization_algorithm.h,6
matrix_operations.h,6
string_tools.h,6
glib,6
glib-object.h,6
gio,6
mainfrm.h,6
omni,6
gseapy,6
basic_cnn,6
filefunctions,6
futile.logger,6
scenarios,6
vizdoom,6
iamr_constants.h,6
amrex_ebfarraybox.h,6
amrex_ebmultifabutil.h,6
amrex_bcrec.h,6
"""${casa_setup_binsets}""",6
config_path,6
sparql,6
colormaps,6
behavior,6
measurementinfo.h,6
data_tools.hpp,6
chronoml,6
update,6
grouplinearlayer,6
expr_infr.h,6
littledarwin,6
hdt.hpp,6
clocks.h,6
ngraph.physics.simulator,6
tprofile2d.h,6
focalreconstruction,6
dataformatsitsmft,6
dataformatsmch,6
tof,6
object,6
d3-selection,6
pysmt,6
imopv.h,6
host.h,6
svm.h,6
dbscan.h,6
elfesteem,6
pyopencl,6
matrixhelper.h,6
misbits.h,6
errmod.h,6
tracef.h,6
skai,6
box_head,6
metrics_utils,6
dirq,6
ir_match.h,6
host_generic_simd64.h,6
etats.h,6
surround,6
augmentation,6
qwheelevent,6
plotting_conventions,6
file_io.hpp,6
aframe,6
conditional_gan,6
pose_dataset,6
mtxattr.h,6
agi.foundation.compatibility.notfinitenumberexception,6
chimericalign.h,6
outsj.h,6
outcomeaggregator,6
smoggy,6
conan,6
corefoundation,6
security,6
outbound_proxy.h,6
croutine.h,6
frconfig.h,6
freertosconfig.h,6
reent.h,6
finsh_error.h,6
cpsc_utils,6
consts,6
my_sys.h,6
my_dir.h,6
protocol.h,6
query_tree.h,6
expression.h,6
vigra,6
ubiquiti,6
kml,6
clustercrit,6
chippeakanno,6
otbapplication,6
text_utils,6
internals,6
linbox,6
plotgooglemaps,6
inference_alg,6
encoder,6
auxiliarfunctions,6
fabric,6
matlabmatrix.h,6
matlabscalar.h,6
matlabstring.h,6
lasagne_layers,6
postprocessing,6
box_regression,6
omegaplus.h,6
avtas,6
http_parser,6
framelib_threading.h,6
fetch,6
epitator,6
lumi,6
w_transform,6
numdifftools,6
sslprint.h,6
phage_init,6
ann_config,6
train_sig,6
dojo,6
dojox.wire.ml.util,6
javax.ejb.transactionattribute,6
javax.ejb.transactionattributetype,6
nz.ac.auckland.abi.entities.usstudyinstances,6
org.json.simple.parser.jsonparser,6
java.nio.file.paths,6
writer,6
models_imagenet,6
ajax,6
model_handler,6
org.applause.lang.applausedsl.restverb,6
org.applause.lang.generator.ios.ui.defaultlistscreenclassextensions,6
org.applause.lang.applausedsl.listitemcelldeclaration,6
org.applause.lang.applausedsl.screensection,6
org.applause.lang.applausedsl.screensectionitems,6
org.applause.lang.applausedsl.uiactionspecification,6
org.applause.lang.applausedsl.datatype,6
generic_functions,6
aes,6
fdpexpect,6
modbus.h,6
customnonlinearproperty.h,6
qwt_text.h,6
editactions.h,6
abstractsteppedprofileoutput.h,6
qitemdelegate,6
nonlinearpropertyrandomizer.h,6
qinputdialog,6
soillayer.h,6
clairvoyante_v2,6
labels,6
flaw,6
eccentricresiduals.hpp,6
numericalwaveform.hpp,6
httpd.h,6
torchdiffeq,6
iotools.h,6
nrf52840.h,6
nrf52840_bitfields.h,6
phy_pd_data.h,6
sys_events.h,6
ant_bpwr_common_data.h,6
ant_bpwr_utils.h,6
ant_bpwr_page_1.h,6
ant_bpwr_page_16.h,6
ant_bpwr_page_17.h,6
ant_bpwr_page_18.h,6
ant_bsc_combined_page_0.h,6
ant_bsc_page_0.h,6
ant_bsc_page_1.h,6
ant_bsc_page_2.h,6
ant_bsc_page_3.h,6
ant_bsc_page_4.h,6
ant_bsc_page_5.h,6
ant_request_controller.h,6
ant_hrm_page_0.h,6
ant_hrm_page_1.h,6
ant_hrm_page_2.h,6
ant_hrm_page_3.h,6
ant_hrm_page_4.h,6
ant_sdm_page_1.h,6
ant_sdm_page_16.h,6
ant_sdm_page_2.h,6
ant_sdm_page_22.h,6
ant_sdm_page_3.h,6
ble_gatt_db.h,6
ancs_app_attr_get.h,6
ancs_attr_parser.h,6
ble_sc_ctrlpt.h,6
ble_sensor_location.h,6
nrf_bitmask.h,6
escs_defs.h,6
ble_gls_db.h,6
sdk_os.h,6
es_adv_frame.h,6
es_adv_timing.h,6
es_adv_timing_resolver.h,6
es_gatts_read.h,6
es_gatts_write.h,6
es_slot_reg.h,6
ble_ln_cp.h,6
ble_lns.h,6
ble_ots_l2cap.h,6
nrf_ble_gatts_c.h,6
cgms_racp.h,6
cgms_socp.h,6
nrf_ble_ots_c_l2cap.h,6
auth_status_tracker.h,6
gatt_cache_manager.h,6
pm_buffer.h,6
security_manager.h,6
pca10000.h,6
pca10040.h,6
sdio.h,6
nrf21540_spi.h,6
nrf21540_gpio.h,6
nrf21540_types.h,6
spi_5w_master.h,6
ser_config_5w_app.h,6
twi_master_config.h,6
nrf_serial_flash_params.h,6
app_sdcard.h,6
nrf_dfu_ble.h,6
app_usbd_nrf_dfu_trigger.h,6
nrf_dfu_ver_validation.h,6
nrf_bootloader_fw_activation.h,6
nrf_cli_types.h,6
task_manager.h,6
nrf_cli_rtt.h,6
cc310_backend_aes.h,6
cc310_backend_aes_aead.h,6
crys_aesccm.h,6
cc310_backend_chacha_poly_aead.h,6
crys_ec_mont_api.h,6
crys_ec_mont_edw_error.h,6
cc310_backend_ecdh.h,6
cc310_backend_ecdsa.h,6
cc310_backend_hash.h,6
cc310_backend_hmac.h,6
cc310_backend_rng.h,6
cc310_bl_backend_ecc.h,6
cc310_bl_backend_ecdsa.h,6
cc310_bl_backend_hash.h,6
nrf_cc310_bl_init.h,6
cifra_backend_aes_aead.h,6
mbedtls_backend_aes.h,6
mbedtls_backend_aes_aead.h,6
mbedtls_backend_ecc.h,6
mbedtls_backend_hash.h,6
mbedtls_backend_hmac.h,6
nrf_hw_backend_rng_mbedtls.h,6
nrf_sw_backend_hash.h,6
oberon_backend_chacha_poly_aead.h,6
oberon_backend_ecc.h,6
ocrypto_ecdh_p256.h,6
ocrypto_curve25519.h,6
ocrypto_ed25519.h,6
oberon_backend_eddsa.h,6
oberon_backend_hash.h,6
ocrypto_sha256.h,6
ocrypto_sha512.h,6
oberon_backend_hmac.h,6
ecdsa_utils.h,6
optiga_backend_rng.h,6
nrf_crypto_aes_backend.h,6
nrf_crypto_hash_backend.h,6
nrf_crypto_rng_backend.h,6
hci_mem_pool.h,6
hci_slip.h,6
nrf_libuarte_drv.h,6
nrfx_gpiote.h,6
nrf_log_types.h,6
nrf_svc_function.h,6
drv_rtc.h,6
app_usbd_langid.h,6
utf.h,6
app_usbd_cdc_types.h,6
nfc_ble_oob_advdata_parser.h,6
nfc_hs_rec.h,6
nfc_le_oob_rec.h,6
nfc_ep_oob_rec.h,6
nfc_launchapp_rec.h,6
nfc_uri_msg.h,6
nfc_uri_rec.h,6
nfc_t4t_apdu.h,6
nfc_t4t_tlv_block.h,6
ble_gap_app.h,6
ble_gattc_app.h,6
ble_gatts_app.h,6
ble_l2cap_app.h,6
nrf_soc_app.h,6
ble_evt_app.h,6
ble_gap_evt_app.h,6
ble_gattc_evt_app.h,6
ble_gatts_evt_app.h,6
ble_l2cap_evt_app.h,6
ble_dtm_app.h,6
dtm_uart_params.h,6
ser_app_hal.h,6
ant_event.h,6
ser_phy_debug_conn.h,6
conn_mw_ant.h,6
ant_event_rx.h,6
conn_mw_ble.h,6
ble_gap_conn.h,6
conn_mw_ble_gap.h,6
ble_gattc_conn.h,6
conn_mw_ble_gattc.h,6
ble_gatts_conn.h,6
conn_mw_ble_gatts.h,6
ble_l2cap_conn.h,6
conn_mw_ble_l2cap.h,6
ble_evt_conn.h,6
ble_gap_evt_conn.h,6
ble_gattc_evt_conn.h,6
ble_gatts_evt_conn.h,6
ble_l2cap_evt_conn.h,6
nrf_soc_conn.h,6
ble_dtm_conn.h,6
conn_mw_nrf_soc.h,6
ser_conn_cmd_decoder.h,6
ser_conn_event_encoder.h,6
ser_conn_pkt_decoder.h,6
blockwise.h,6
handy.h,6
cjson.h,6
stream_buffer.h,6
pal_pin_config.h,6
rsa.h,6
x509_crt.h,6
platform_time.h,6
x509_crl.h,6
tile_assert,6
nrfx_twi_twim.h,6
nrf52810_to_nrf52811.h,6
nrf52_to_nrf52833.h,6
system_nrf51.h,6
system_nrf52.h,6
system_nrf52805.h,6
system_nrf52810.h,6
system_nrf52811.h,6
system_nrf52820.h,6
system_nrf52833.h,6
system_nrf5340_network.h,6
system_nrf9160.h,6
nrf_mesh_gatt.h,6
sensor_messages.h,6
bitfield.h,6
scanner.h,6
nrf_mesh_section.h,6
broadcast.h,6
bearer_handler.h,6
timeslot_timer.h,6
mesh_friendship_types.h,6
advertiser.h,6
nrf_mesh_prov_events.h,6
prov_pdu.h,6
serial_cmd.h,6
generic_ponoff_common.h,6
scene_common.h,6
nrf_gzll_error.h,6
dustmaps,6
position.h,6
wiring.h,6
asyncua,6
new_crane,6
primitives.h,6
latlng.h,6
file_format.h,6
tile_cache.h,6
binless,6
neurite,6
largegraph.h,6
virtualnw.h,6
ofl-messages.h,6
ofl-packets.h,6
netdev.h,6
status.h,6
csum.h,6
dp_capabilities.h,6
group_entry.h,6
meter_entry.h,6
org.apache.http.header,6
org.elasticsearch.client.restclient,6
vis,6
lpc21xx.h,6
funciones.h,6
boolean_ops,6
internal.h,6
_astropy_init,6
write,6
cparser,6
_types,6
dbadmintool,6
weblayer,6
antlr3baserecognizer.h,6
brax,6
plotter,6
trigonometric_constants.h,6
stdft.h,6
eprover,6
metric_learn,6
program_command.h,6
crabbin,6
carfollow,6
thmm.h,6
tagent.h,6
featureio.h,6
mbed-drivers,6
malloc_decls.h,6
jingleplugin.h,6
commonconvert.h,6
serialization.h,6
nmtcreator.h,6
sections,6
style_atom.h,6
neighbor.h,6
gcn,6
writable,6
$headas,6
gulp-notify,6
guiconstants,6
marimo,6
amqplib,6
depth,6
mrfdepth,6
ap_config.h,6
ap_interval.h,6
ap_linexpr1.h,6
ap_linearize_aux.h,6
bt.h,6
pk_resize.h,6
pk_assign.h,6
pk_internal.h,6
t1p_constructor.h,6
t1p_itv_utils.h,6
ckg.h,6
sim.diffproc,6
obsobj,6
kpoints,6
c_slam_msgs,6
roamestimation,6
mesa,6
bwta,6
o3djs.effect,6
o3djs.scene,6
masa.h,6
sootmodel.h,6
sprayinjection.h,6
xstrfixedlenfield,6
lomb_scargle,6
laspack,6
tnt_array1d.h,6
cadd.h,6
abstractscoringlayer,6
polyagammaalt.h,6
polyagammasp.h,6
visualizacion.h,6
oauth2,6
semi_supervised,6
projection,6
imagernn,6
dimension_reduction,6
vector_calculus,6
accfft_gpuf.h,6
constrain_parameters,6
dendrograms,6
make_apex_cubes,6
ratio_cubes,6
sdpy,6
mapie,6
gdspy,6
expectedsarsa,6
geom_2d.h,6
pylsl,6
bfd_data.h,6
bfd_event.h,6
vrrp_parser.h,6
check_http.h,6
check_ssl.h,6
check_daemon.h,6
snmp.h,6
libipvs.h,6
keepalived_magic.h,6
namespaces.h,6
vrrp_nftables.h,6
vrrp_notify.h,6
vrrp_snmp.h,6
eutelgenericpixgeodescr.h,6
tmatrixdsym.h,6
eutelreadergenericlcio.h,6
tpot,6
ch3cn_fits,6
circuit-repo.hpp,6
psock.h,6
rcdk,6
nanocount,6
ssdf_base,6
linear.h,6
legacy.h,6
ianamemapper.h,6
iamoduleinterface.h,6
iachartfunctiontransfer.h,6
iaqsplom.h,6
qlayout,6
vtkimagemaptocolors.h,6
iarendererimpl.h,6
iamoviehelper.h,6
vtkwindowtoimagefilter.h,6
iavtkactorhelper.h,6
iavtksourcepoly.h,6
vtkplane.h,6
vtkopenglrenderer.h,6
iatransferfunctionptrs.h,6
vtkvolumeproperty.h,6
iaexceptionthrowingerrorobserver.h,6
iaobjectvis.h,6
iaobjecttype.h,6
iacsvinputdlg.h,6
iacsvvtktablecreator.h,6
vtkintarray.h,6
qtmath,6
ia4dctdata.h,6
itkbinarythresholdimagefilter.h,6
vtkaxis.h,6
iacompbinning.h,6
iacompkerneldensityestimationdata.h,6
qcustomplot.h,6
iacsvtoqtablewidgetconverter.h,6
iasamplingmethodimpl.h,6
iaparamhistogramdata.h,6
iapreviewwidgetpool.h,6
iaqtcaptionwidget.h,6
iaaccumulatedxrfdata.h,6
iaenergyspectrum.h,6
metafilters_export.h,6
iabarycentrictriangle.h,6
maestroinletbcs.h,6
maestroplot.h,6
modeling_utils,6
fastecdsa,6
pytorch_cifar,6
utils_color,6
anytree,6
packets,6
points-calc,6
snark,6
jetset,6
statscan,6
art.h,6
buildnetwork,6
bert,6
pypio,6
usbapi.h,6
lazymcmc,6
compilersupport_p.h,6
pyneurontoolbox,6
binding,6
catboost,6
allegroai,6
statavg,6
lerobot,6
oauth,6
browser_use,6
augmentor,6
fsaf,6
ee,6
lazymp,6
oneparticledensity,6
ofxsimageeffect.h,6
simplefluidpropertiesbase.h,6
rxns_v5,6
labview_processing,6
qpbo.h,6
gaussfitter,6
anscombe,6
bert_document_classification,6
missmda,6
bgmodel.h,6
lbsp_16bits_dbcross_3ch1t.i,6
lbsp_16bits_dbcross_3ch3t.i,6
eglstate,6
retracer,6
rst2dep,6
gym_go,6
atpbar,6
clever,6
tparticle.h,6
java.io.streamtokenizer,6
tommylist.h,6
javax.xml.bind.annotation.xmlenum,6
javax.xml.bind.annotation.xmlenumvalue,6
javax.xml.bind.annotation.xmlvalue,6
graphene,5
colorlog,5
runtime_ctypes,5
profile,5
rop_value,5
deconv_problem,5
ftrl,5
wincodec.h,5
elevatr,5
distancetocoast,5
org.mm.eg.db,5
gostats,5
modelutils,5
$vagrant_home,5
hydrotsm,5
mmap.h,5
psychiatry,5
mersennetwister.h,5
cryptodome,5
"""$bin""",5
clb_plist.h,5
ccl_clausecpos.h,5
ccl_clausepos.h,5
ccl_subsumption.h,5
ccl_rewrite.h,5
ccl_unfold_defs.h,5
cco_sine.h,5
cco_proc_ctrl.h,5
cco_ho_inferences.h,5
cio_fileops.h,5
cle_patterns.h,5
e_evaluator,5
cte_typebanks.h,5
clean-webpack-plugin,5
node:child_process,5
sigar_ptql.h,5
mkdocs,5
mat.h,5
pyami,5
lse.neko.dispatcher,5
lse.neko.failuredetectors.failuredetectorinterface,5
lse.neko.nekothreadinterface,5
lse.neko.nekoprocessinitializer,5
java.awt.event.keyevent,5
java.awt.event.windowadapter,5
java.io.eofexception,5
org.xml.sax.entityresolver,5
java.util.logging.logrecord,5
java.text.decimalformat,5
line_profiler,5
loguru,5
karma,5
run-sequence,5
cupyx,5
dynamics,5
units,5
soilr,5
fme,5
ws,5
filterer,5
daqp,5
mex_macros.h,5
acados_sim,5
acados_code_gen_options,5
kernels.h,5
search.h,5
fixedsizemap.h,5
affinegapvectorized.h,5
alignercontext.h,5
variablesizemap.h,5
pairedendaligner.h,5
datawriter.h,5
dicom,5
pipelines,5
chai,5
jsonwebtoken,5
xts,5
general_auxiliar.h,5
miscelanices.h,5
coin_game,5
prisoners_dilemma,5
x86geninstrinfo_reduce.inc,5
x86geninstrinfo.inc,5
capstone,5
gi,5
pycaffe,5
selective_search_ijcv_with_python,5
com.hp.hpl.jena.rdf.model.,5
company.h,5
registry.h,5
companyobject.h,5
org.ioicompanies.lang.ioi.position,5
java.awt.frame,5
banking.remote.shared.bank,5
java.beans.propertychangeevent,5
aladyn_config,5
md5,5
pybel,5
parser.hpp,5
gropainter.h,5
pygdsm,5
acxx_demangle.h,5
sunpy,5
tensorflow_datasets,5
xmlrpc,5
graph_operations,5
extensions,5
nlp_utils,5
export,5
$home,5
io.github.abelgomez.ps.resource,5
tft_espi.h,5
u8x8lib.h,5
paho,5
ota_update.h,5
defaults.h,5
transitions,5
shibboleth_login,5
managers,5
submission_models,5
jwcrypto,5
combinat,5
agentinfo.h,5
data_helpers,5
ajv,5
gulp-util,5
iterators,5
visualizer,5
armadillo,5
qwt_plot_histogram.h,5
core-util-is,5
polyphase.h,5
load_data,5
pyemd,5
java.lang.,5
rpc_ocall.h,5
init_services.h,5
samples_u.h,5
memset.h,5
levenshtein,5
totalpopulation.h,5
ggforce,5
questionary,5
clue,5
jira,5
adafruit_ssd1306,5
timer,5
profiles,5
optimizers,5
mxarray.hpp,5
biplist,5
homo.sapiens,5
bedr,5
dataio,5
arviz,5
bottle,5
virocon,5
gpuutils,5
waitress,5
dictionary.h,5
sjmisc,5
essentia,5
csv_xls,5
icu,5
encoder_decoder_model,5
lanenet_model,5
semantic_segmentation_zoo,5
impute,5
forest,5
pydispatch,5
assimilation,5
evapotranspiration,5
root_dynamics,5
leaf_dynamics,5
partitioning,5
dev,5
d3,5
applyctl.h,5
imathvec.h,5
topologycodec.h,5
indexfilter.h,5
pdal,5
ltemplate.h,5
shinysky,5
ggsignif,5
unsafe,5
 + prev + ,5
ms,5
arm_common_tables.h,5
rcppeigen,5
config_settings,5
subprocess32,5
sim_vhpi_c.h,5
rtx.h,5
func_test_missing,5
sparse_embedding_cuda_ops,5
data.h,5
matmul_hw_mul_32sbkb.h,5
abcfilter.h,5
abcmajorminor.h,5
bfgs.h,5
muppile.h,5
simulate,5
org.apache.hadoop.mapred.lib.nlineinputformat,5
org.apache.hadoop.conf.,5
org.apache.hadoop.mapred.,5
org.apache.hadoop.util.,5
positionmatrix,5
pathos,5
javax.xml.parsers.parserconfigurationexception,5
normalize_anth,5
msgspec,5
volume,5
brotli,5
dispatch,5
trace_profiler.hpp,5
graphaxiswidget.h,5
qtoolbar,5
d3dshader.hpp,5
os_thread.hpp,5
glsize.hpp,5
d3d10state.hpp,5
dxgistate.hpp,5
d3d11imports.hpp,5
d3dretrace.hpp,5
wrl,5
config.hpp,5
dlltrace,5
gltrace.hpp,5
smmintrin.h,5
generator_utils,5
paraphrase_questions,5
humanize,5
bin,5
vtkoctreepointlocator.h,5
id,5
nrrd,5
spikedata,5
cvxopt,5
testing,5
gatefilter,5
columnsect,5
plotutils,5
microbenchmark,5
kd_losses,5
seq2seq,5
loompy,5
effsize,5
acid_detectors,5
omega.h,5
swad_mfu.h,5
swad_private_public.h,5
swad_announcement.h,5
swad_old_new.h,5
swad_password.h,5
swad_assignment.h,5
swad_system_link.h,5
swad_building.h,5
swad_degree_type.h,5
swad_match_result.h,5
swad_question_choice.h,5
swad_question_float.h,5
swad_question_int.h,5
swad_question_text.h,5
swad_session.h,5
swad_tree_database.h,5
swad_log_database.h,5
swad_timeline_notification.h,5
swad_timeline_form.h,5
pyramid,5
tailwindcss,5
@rollup,5
canstrat,5
gputil,5
mcml,5
beeswarm,5
blosc,5
protisem,5
training,5
wavelets,5
structmember.h,5
numderiv,5
defparser,5
emit_h,5
minet,5
video,5
rapidfuzz,5
styled-components,5
opa_udebug.h,5
psmi_wrappers.h,5
opa_user_gen1.h,5
rbtree.h,5
pmfe_types.h,5
pytypes.h,5
datetime.h,5
pip,5
ffmpeg,5
slp,5
trie.h,5
records.h,5
virtualenv,5
handler,5
scoreonescriptspan.h,5
embeddings,5
errordetector,5
skge,5
afl,5
rjags,5
keystoneauth1,5
norm,5
mlpp,5
data_model,5
ftfy,5
wgan,5
ssn,5
misctools,5
unicodecsv,5
command.h,5
leaps,5
lpips,5
opt_helpers,5
ngbem,5
dependencies.h,5
white_matter_hyperintensity_segmentation,5
networkit,5
anita.h,5
java.sql.drivermanager,5
tl_io,5
elf.h,5
calibration,5
spatial,5
expr,5
acss,5
prox_tv,5
qa_model,5
qa_dataset,5
sentence_model,5
antpat,5
datefinder,5
autocomplete_light,5
mixedfvpatchfields.h,5
physicochemicalconstants.h,5
iodictionary.h,5
policy_transportreaction.h,5
policy_compact.h,5
policy_momentumtransportreaction.h,5
policy_momentumcompact.h,5
createtimecontrols.h,5
multivariatescheme.h,5
fvoptions.h,5
sootutilities.h,5
sunlinsol,5
opensmokebaseclass.h,5
coin,5
amaz_sampling,5
amaz_util,5
channel_extractor_interface.h,5
input_data_format_reader.h,5
monitor.h,5
services,5
tspline.h,5
org.processmining.framework.plugin.annotations.bootable,5
org.processmining.contexts.uitopia.model.promresource,5
org.processmining.framework.plugin.events.pluginlifecycleeventlistener,5
org.deckfour.uitopia.api.model.action,5
org.deckfour.uitopia.api.model.author,5
java.awt.stroke,5
org.jgraph.jgraph,5
java.lang.annotation.annotation,5
org.w3c.dom.domexception,5
org.processmining.framework.util.ui.widgets.prompropertiespanel,5
org.processmining.contexts.uitopia.,5
lmertest,5
+full_year_range[yearindex]+,5
ridge,5
bct,5
pcap-dos.h,5
gencode.h,5
gmpls.h,5
rpc,5
pico,5
libvex_guest_mips32.h,5
cub,5
protocolinterface,5
hc_math.hpp,5
amp.h,5
aes_locl.h,5
lib$routines.h,5
cast_lcl.h,5
idea_lcl.h,5
rc2_locl.h,5
rc5_locl.h,5
record_locl.h,5
statem_locl.h,5
cryptsoft,5
ddsp,5
envrtype,5
aarch64_multibinary.h,5
riscv64_multibinary.h,5
shader.h,5
sdl_version.h,5
yad2k,5
keras_yolo3,5
train_utils,5
imagenet_utils,5
loss.h,5
edu.toronto.cs.se.mmint.example.jase20.iso26262.gsn.gsnpackage,5
edu.toronto.cs.se.mmint.example.jase20.iso26262.sysml.sysmlpackage,5
edu.toronto.cs.se.mmint.example.jase20.iso26262.hara.hazardousevent,5
edu.toronto.cs.se.modelepedia.models15_java.namedelement,5
org.eclipse.ui.model.workbenchlabelprovider,5
org.eclipse.gmf.runtime.notation.connector,5
edu.toronto.cs.se.modelepedia.necsis14_classdiagram.necsis14_classdiagramfactory,5
edu.toronto.cs.se.modelepedia.necsis14_classdiagram.namedelement,5
edu.toronto.cs.se.mmint.mid.diagram.edit.commands.binarymodelrelcreatecommand,5
edu.toronto.cs.se.mmint.mid.diagram.edit.commands.binarymodelrelreorientcommand,5
org.eclipse.gmf.runtime.diagram.ui.l10n.diagramuimessages,5
org.eclipse.papyrus.infra.gmfdiag.tooling.runtime.loghelper,5
org.eclipse.papyrus.infra.gmfdiag.tooling.runtime.part.defaultelementchooserdialog,5
org.eclipse.ui.model.baseworkbenchcontentprovider,5
edu.toronto.cs.se.mmint.mid.editor.editorfactory,5
edu.toronto.cs.se.mmint.papyrus.papyruspackage,5
edu.toronto.cs.se.mmint.primitive.file.filepackage,5
edu.toronto.cs.se.mmint.mid.relationship.diagram.part.messages,5
edu.toronto.cs.se.mmint.mid.relationship.diagram.edit.parts.modelendpointreferencemodelendpointreferencesupercompartmenteditpart,5
edu.toronto.cs.se.mmint.mid.relationship.diagram.edit.parts.modelendpointreferencemodelendpointreferencecompartmenteditpart,5
edu.toronto.cs.se.modelepedia.classdiagram.diagram.edit.parts.classclassownedattributescompartmenteditpart,5
edu.toronto.cs.se.modelepedia.classdiagram.diagram.edit.parts.classclassownedoperationscompartmenteditpart,5
edu.toronto.cs.se.modelepedia.classdiagram.namedelement,5
edu.toronto.cs.se.modelepedia.classdiagram.typedelement,5
edu.toronto.cs.se.mmint.types.fta.ftafactory,5
edu.toronto.cs.se.mmint.types.gsn.productline.util.plgsnchangestep,5
edu.toronto.cs.se.mmint.types.gsn.templates.decompositiontemplate,5
edu.toronto.cs.se.modelepedia.gsn.util.gsnchangestep,5
org.eclipse.emf.ecore.evalidator,5
edu.toronto.cs.se.modelepedia.istar.diagram.part.messages,5
edu.toronto.cs.se.modelepedia.relationaldatabase.diagram.edit.policies.relationaldatabasebaseitemsemanticeditpolicy,5
edu.toronto.cs.se.modelepedia.relationaldatabase.diagram.edit.policies.relationaldatabasetextselectioneditpolicy,5
edu.toronto.cs.se.modelepedia.relationaldatabase.diagram.edit.parts.tabletablecolumnscompartmenteditpart,5
edu.toronto.cs.se.modelepedia.relationaldatabase.diagram.edit.parts.tabletableforeignkeyscompartmenteditpart,5
edu.toronto.cs.se.modelepedia.statemachine.diagram.part.messages,5
edu.toronto.cs.se.modelepedia.statemachine.diagram.edit.parts.statestateinternalactionscompartmenteditpart,5
edu.toronto.cs.se.modelepedia.statemachine.diagram.providers.statemachinemodelingassistantprovider,5
latent_deformator,5
batchnorm,5
replicate,5
comm,5
org.dom4j.documentexception,5
com.sun.msv.datatype.xsd.xsdatatype,5
org.dom4j.io.saxreader,5
org.jaxen.variablecontext,5
org.xml.sax.contenthandler,5
org.xml.sax.,5
org.dom4j.io.outputformat,5
org.dom4j.io.xmlwriter,5
compile.h,5
traceback.h,5
hector_gazebo_plugins,5
octomap_msgs,5
mptt,5
model_base,5
encoding.h,5
jason.assyntax.literal,5
png,5
ply.h,5
mlibinclude.h,5
div,5
class,5
kubernetes_asyncio,5
specutils,5
lightning,5
amrex_box.h,5
nyx_output.h,5
amrex_tagbox.h,5
agnparticlecontainer.h,5
amrex_array.h,5
amrex_physbcfunct.h,5
amrex_multifabutil.h,5
$script,5
actbinfo.h,5
winbase.h,5
examples.h,5
nptrack.h,5
tsocket.h,5
tnamed.h,5
tpad.h,5
image_registration,5
_io,5
fiber.h,5
qmatrix4x4,5
qvector3d,5
qcloseevent,5
widgetdef.h,5
qdiriterator,5
qopenglvertexarrayobject,5
qopenglshaderprogram,5
qsurfaceformat,5
qjsondocument,5
hmc,5
realism_utils,5
variable,5
swiper,5
norms,5
color_transform,5
db.h,5
sioux.h,5
windowsmediaphoto.h,5
strtransform.h,5
encode.h,5
utils_layer,5
fdupes.h,5
mbstowcs_escape_invalid.h,5
climdex.pcic,5
bit64,5
oifits,5
pymultinest,5
pool,5
threadless,5
zab-discovery_synchronization_broadcast.h,5
shared_mutex,5
rmath.h,5
pyang,5
dpath,5
behave,5
efind_read_buffer_policies.h,5
efind_page_handler.h,5
efind_page_handler_augmented.h,5
fast_buffer.h,5
fast_log_module.h,5
fast_index.h,5
log_messages.h,5
postgres.h,5
echogram,5
array_sht_filters,5
spawn.h,5
rte_log.h,5
rte_per_lcore.h,5
utils_squad_evaluate,5
motifsinfo,5
os_specific.h,5
property.h,5
vertex_pointxyz.h,5
parameter_camera.h,5
isometry3d_mappings.h,5
alexmods,5
robust_polyfit,5
qpaddoc.h,5
pipe.h,5
rcistarget.hg19.motifdbs.cisbponly.500bp,5
squad,5
wikitextparser,5
boolean.h,5
mathimf.h,5
amrex_eb_redistribution.h,5
amrex_ebcellflag.h,5
"""$casa_root_dir",5
treemodel.h,5
qest,5
calblitz,5
asignmentnode.h,5
whilenode.h,5
cmodulecode.h,5
cubist,5
blockio.h,5
int2bin.h,5
intrinsic,5
appdata,5
flhcart,5
blocks_core,5
layer_conn_attention,5
mixed,5
javaparser,5
hdtvocabulary.hpp,5
qdatetime,5
libcdstrees.h,5
languages,5
noisy.h,5
aims,5
grdevices,5
tpavetext.h,5
phos,5
dataformatstpc,5
dataformatszdc,5
intern,5
fibers,5
zoom.h,5
webpack-hot-middleware,5
readdata,5
mathop_sse2.h,5
mathop_avx.h,5
bitrankw32int.h,5
smiletrain,5
font,5
http.h,5
headstage.h,5
stepslibrary,5
conv,5
unet10,5
bam2bcf.h,5
udyngraphmemeff.h,5
minimist,5
timelocal.h,5
layer_optimizer,5
roi_align,5
anchor_generator,5
taxopy,5
host_amd64_defs.h,5
host_generic_simd128.h,5
featuredetect_functions,5
coregistration_functions,5
featuretracking_functions,5
acl2_bridge,5
react-diff-viewer-continued,5
react-select,5
automate.h,5
keras_model,5
thrift,5
nrlmfb,5
alphabet.h,5
succinctvector.h,5
sasamples.h,5
lcpsamples.h,5
pywrapfst,5
clusterlib,5
mj_envs,5
th.h,5
luat.h,5
generic,5
thgeneratefloattypes.h,5
thcgeneral.h,5
tfg,5
cell,5
mstring.h,5
baxter_interface,5
module1_i.h,5
agi.foundation.compatibility.doublehelper,5
agi.foundation.compatibility.objecthelper,5
agi.foundation.compatibility.inthelper,5
cesiumlanguagewriter.classificationtypecesiumwriter,5
cesiumlanguagewriter.positionlistcesiumwriter,5
agi.foundation.compatibility.enumhelper,5
solo.h,5
genomescanfastafiles.h,5
systemfunctions.h,5
hts.h,5
solofeaturetypes.h,5
soloreadfeature.h,5
soloreadbarcode.h,5
hiredis,5
opendf,5
permafrost_model,5
visit_rcparams,5
visit,5
uv.h,5
loopback_dns_server.h,5
upstream_system.h,5
event_groups.h,5
cpsc_config,5
instance.h,5
searchresult.h,5
digital_rf,5
freq_stepper,5
stuffr,5
sweep,5
mysql.h,5
resolver,5
affinities,5
strategies,5
antenna,5
emdbook,5
hexsticker,5
glmmtmb,5
rest,5
annotationhub,5
nlopt,5
newsroom,5
fenics,5
papi.h,5
costs,5
chipseeker,5
bigmemory,5
yaml-cpp,5
poped,5
matcher,5
hypdatatools_img,5
cast,5
dfs.hpp,5
mxfusion,5
itkregistrationimagecoordinator.h,5
itkaddimagefilter.h,5
alloglv,5
pammtools,5
genomesimulator,5
taxize,5
connectionmanager.h,5
cuccaro.h,5
mail,5
receptor_utils,5
fasttext,5
catalog,5
proposal_generator,5
fftbase,5
summary,5
sync,5
skat,5
payload,5
http_exceptions,5
http_writer,5
framelib_global.h,5
framelib_context.h,5
framelib_parameters.h,5
framelib_complex_binary_objects.h,5
framelib_filter_template.h,5
framelib_sorting_functions.h,5
shortcuts,5
iface_msg.hpp,5
sockets_common.hpp,5
edu.stanford.math.plex4.api.plex4,5
edu.stanford.math.plex4.examples.simplexstreamexamples,5
movie,5
plottingtools,5
ogrsf_frmts.h,5
ssl.enums.h,5
angular_evolver,5
crow,5
plotlearning,5
savehistory,5
networkarchitectures,5
dojox.lang.functional.util,5
dojox.wire.wire,5
dojox.xml.parser,5
nz.ac.auckland.abi.dcm4chee.patientrecord,5
nz.ac.auckland.abi.entities.mrstudyinstances,5
java.util.zip.adler32,5
java.util.zip.checkedinputstream,5
java.util.zip.zipentry,5
yolov3,5
save,5
mnist_archs,5
selfcal_heuristics,5
getversion,5
meta_model_repurposer,5
prob,5
org.eclipse.xtext.xbase.lib.stringextensions,5
org.applause.lang.generator.ios.filenameextensions,5
org.eclipse.xtext.xbase.lib.functions.function1,5
org.eclipse.xtext.xbase.lib.listextensions,5
org.applause.lang.applausedsl.absoluteresturl,5
org.applause.lang.applausedsl.urlfragment,5
org.applause.lang.applausedsl.entitymembercall,5
org.applause.lang.applausedsl.entitymembercalltail,5
org.applause.lang.applausedsl.expression,5
org.applause.lang.applausedsl.uiactionnavigateaction,5
openapi_to_mcp_harness,5
tdm.h,5
generate_model,5
models.h,5
crystallography.h,5
sdd,5
softwareserial.h,5
vsn,5
minfi,5
downloads,5
htmlprocessing,5
fitsio,5
abstractdistribution.h,5
abstractlocationoutput.h,5
abstractmutableoutputcatalog.h,5
abstractnonlinearpropertyfactory.h,5
darendelinonlinearproperty.h,5
linearoutputinterpolater.h,5
abstractratiooutput.h,5
onlyincreasingdelegate.h,5
qwt_picker_machine.h,5
qwt_plot_picker.h,5
bedrockdepthvariation.h,5
dampingfactory.h,5
equivalentlinearcalculator.h,5
layerthicknessvariation.h,5
modulusfactory.h,5
qlistview,5
qpointer,5
qicon,5
velocityvariation.h,5
clairvoyante_v2_slim,5
ben_utils,5
googlesheets4,5
distributions.h,5
sys_task_scheduler.h,5
mac_mlme_pib.h,5
antfs.h,5
ble_hids.h,5
ble_ias.h,5
ble_ias_c.h,5
ble_ipsp.h,5
ble_lbs_c.h,5
nrf_block_dev_sdc.h,5
nrf_bootloader.h,5
bsp_nfc.h,5
nrf_cli_libuarte.h,5
crys_hmac_defs.h,5
cifra_eax_aes.h,5
ocrypto_chacha20_poly1305.h,5
nrf_gfx.h,5
nrf_uart.h,5
nrf_spi_mngr.h,5
nrf_stack_guard.h,5
app_usbd_hid_kbd.h,5
app_usbd_hid_mouse.h,5
app_error_weak.h,5
nrf_sdh_freertos.h,5
check_config.h,5
crys_chacha.h,5
tile_service,5
tile_features,5
nrf51.h,5
app_light_lightness.h,5
mesh_stack.h,5
hal.h,5
nrfx_log.h,5
libsbml,5
glove_code,5
_einmix,5
island_tree.h,5
getopt_internal.h,5
qbytearray,5
mconf.h,5
busparse,5
trim.h,5
sander,5
c_analysis,5
check_and_assert,5
cppheaderparser,5
dedisp.h,5
alignertests.h,5
printer,5
port-watcher.h,5
dynamic-string.h,5
vlog-socket.h,5
lpc_fullcan_sw.h,5
utilmlab,5
c_sample.h,5
detect,5
antlr3debugeventlistener.h,5
ipaddr.js,5
ising.hpp,5
snakemake,5
spec_fun.h,5
notes.h,5
contextvars,5
boneseg,5
bumphunter,5
crypto.hpp,5
datatypes.h,5
bwtsw2.h,5
vsim2blender,5
curl.h,5
cxxtest_misc,5
jsapi.h,5
presence.h,5
stdskeletons.h,5
scriptexceptions.h,5
icmpvisual.h,5
icmprangemanager.h,5
atlasobject.h,5
mv0d,5
cal_confidence,5
pywinauto,5
extfunc2.h,5
seq_util.h,5
geonode,5
ap_abstract1.h,5
ap_linearize.h,5
fm.h,5
quasi_linear.h,5
pk_cherni.h,5
numint.h,5
t1p_meetjoin.h,5
pyperplan,5
aakwrapper,5
swsh.h,5
nrutil.h,5
iekg.h,5
hps,5
launcher,5
c_fuzzy,5
commonvariables,5
attackunitplanner.h,5
dragoonmanager.h,5
hashmap.h,5
qualifiers,5
cdscollection,5
protocluster,5
krakensegment,5
lm_nets,5
amrex_eb2_if_rotation.h,5
featurespectralcentroid,5
pmcmr,5
gw_face.h,5
gw_geodesicface.h,5
gw_geodesicvertex.h,5
gw_maths.h,5
tnt_array2d.h,5
control,5
angledescriptor.hpp,5
histogramfile.hpp,5
opticalflowvideo.hpp,5
aics_image,5
ome_zarr,5
at24c04.h,5
lrs,5
backmapping,5
_transformers,5
libcr.h,5
dataloader_utils,5
velocity_field,5
ensembl_versions,5
species,5
ddrtree,5
_track,5
pdfminer,5
accfftf.h,5
accfft_gpu.h,5
full_cubes,5
piecewise_rtotem,5
org.apache.xmlbeans.xmlcursor,5
org.mozilla.javascript.scriptable,5
ngboost,5
adafruit_mpu6050,5
arm_scenario_experiments,5
gputypes.h,5
nntypes.h,5
p3xpc,5
topology.h,5
basestep,5
assert_debug.h,5
bfd_parser.h,5
systemd.h,5
config_notify.h,5
check_bfd.h,5
nftables.h,5
ipvswrapper.h,5
vrrp_dbus.h,5
tracker.h,5
vrrp_iptables.h,5
vrrp_arp.h,5
eutelvirtualcluster.h,5
eutelbasesparsepixel.h,5
tgeomaterial.h,5
tgeomedium.h,5
tgeovolume.h,5
img_tools,5
core_metrics,5
tmwtypes.h,5
_globals,5
rcmdr,5
pyar,5
pygit2,5
ensembledata.h,5
clair,5
profileelem.h,5
sharedvariables.h,5
ialoglevelmappings.h,5
iageometricobject.h,5
itkimagebase.h,5
iavtkdraw.h,5
qopenglpaintdevice,5
iascatterplotviewdata.h,5
iafilestackparams.h,5
iatransferfunctionowner.h,5
vtkimagemapper3d.h,5
vtkinteractorstyleimage.h,5
iaqmenuhelper.h,5
iapreferences.h,5
iafilterrunnergui.h,5
qrect,5
vtksmartvolumemapper.h,5
vtkversionmacros.h,5
iapolyobjectvisactor.h,5
iaobjectvisfactory.h,5
vtkscalarbarrepresentation.h,5
ia4dctsettings.h,5
itkarray.h,5
iabonethickness.h,5
iabonethicknesschartbar.h,5
iabonethicknesstable.h,5
iacompvismain.h,5
iacompbayesianblocksdata.h,5
vtkdatasetattributes.h,5
vtkplot.h,5
vtkalgorithmoutput.h,5
iacompnaturalbreaksdata.h,5
iafeaturescouttool.h,5
qresizeevent,5
iavroctree.h,5
iaannotationtool.h,5
ianmodalobjects.h,5
iatriplemodalitywidget.h,5
basestate.h,5
modeling_bert,5
loggingtools,5
qt3d_v1,5
stereo,5
flycapture.h,5
libfreenect2,5
vimbacpp,5
spectral_shapes,5
gammapy,5
jet_paramters,5
databaseaccess,5
sofapositionvariable,5
ljetsselection.hpp,5
processor.hpp,5
function_library,5
"""$_catkin_setup_dir",5
seedsorter,5
hardwareserial_private.h,5
data_view,5
uvicorn,5
model_statistics,5
fedmeta,5
speechbrain,5
hfedxgboost,5
tamuna,5
pytorch_example,5
tfltransfer,5
custom_mods,5
flowertune_code,5
flowertune_finance,5
flowertune_generalnlp,5
flowertune_medical,5
strategy_utils,5
kerasfcos,5
read_band,5
referencestate,5
twoparticledensity,5
explicit_symmetrisation,5
ocioutils.h,5
git_util,5
dulwich,5
libmesh,5
gstools,5
primeswing.h,5
multimatch_gaze,5
rounded,5
phenograph,5
c_pinmux.h,5
ndtomo,5
tracking.h,5
proscript,5
shapefil.h,5
outrankingtools,5
labelscrnavis,5
dynamic.h,5
iiostream-common.h,5
tinyiiod,5
savefig2,5
msigdf,5
lb,5
randutils.h,5
learnbayes,5
setup_tinyimagenet,5
mstringf.h,5
amrex_plot_tools,5
flavoredneutrinocontainer.h,5
new_sedlib.h,5
java.io.invalidclassexception,5
tommyhash.h,5
neurochem_calculator,5
treebank,5
social_auth,5
djangorestframework,5
ais.h,5
darts,5
calibrate,4
fftw_threads.h,4
rfftw_threads.h,4
hyrectools.h,4
quadrature.h,4
dei_rkck.h,4
background.h,4
thermodynamics.h,4
primordial.h,4
nonlinear.h,4
transfer.h,4
spectra.h,4
lensing.h,4
sparse.h,4
class.h,4
ordereddict,4
tvm,4
decorator,4
rop_effect,4
docutils,4
inferences,4
mltools,4
directxmath.h,4
"""${ssh_env}""",4
biomod2,4
ens,4
tobjarray.h,4
descartes,4
kegg.db,4
pyrvt,4
mean,4
filechooser_utils,4
rms,4
decoders,4
pacman,4
forecast,4
oneprojectorcore.h,4
cv_subpix.h,4
image_registrator.h,4
motioncorrectionthread.h,4
captioningmodel,4
_jsonnet,4
esig,4
co_chem,4
cno_chem,4
disc,4
reconstruction,4
mnist_for_labelshift,4
cifar10_for_labelshift,4
clb_ddarrays.h,4
clb_error.h,4
clb_verbose.h,4
clb_pqueue.h,4
cte_termpos.h,4
ccl_tautologies.h,4
cte_match_mgu_1-1.h,4
cte_replace.h,4
ccl_satinterface.h,4
cte_idx_fp.h,4
ccl_splitting.h,4
che_rawspecfeatures.h,4
che_refinedweight.h,4
cte_signature.h,4
cle_kbdesc.h,4
cle_kbinsert.h,4
cte_termvars.h,4
sigar_fileinfo.h,4
sigar_format.h,4
objbase.h,4
ruby.h,4
ggalt,4
scrublet,4
lhs,4
biocinstaller,4
abstractdriver,4
pvclust,4
radiation.h,4
hdf5_utils.h,4
model_radiation.h,4
dict.h,4
efd,4
ipyparallel,4
lse.neko.consensus.consensusinterface,4
java.util.sortedmap,4
lse.neko.failuredetectors.failuredetectorlistener,4
java.io.datainput,4
org.apache.java.util.extendedproperties,4
java.awt.geom.affinetransform,4
java.awt.toolkit,4
javax.swing.jfilechooser,4
org.xml.sax.errorhandler,4
checksum.h,4
mavlink_conversions.h,4
mavlink_helpers.h,4
rotmat,4
simplekml,4
systems,4
enumerations,4
gulp-jshint,4
community_ext,4
https:,4
rnn,4
configuration.h,4
dronecan,4
state,4
simpleeval,4
visualization_histograms,4
hpmpc,4
brtenv.h,4
export_ocp_solver,4
mpc_parameters,4
acados_ocp_qp,4
acados_ocp_constraints,4
acados_ocp_options,4
org.antlr.v4.runtime.,4
org.antlr.v4.runtime.atn.,4
org.antlr.v4.runtime.dfa.dfa,4
org.antlr.v4.runtime.misc.,4
cppyy,4
strassen.hpp,4
pairedaligner.h,4
bufferedasync.h,4
seedsequencer.h,4
genericfile_blob.h,4
genericfile_map.h,4
seed.h,4
pint,4
through2,4
gulp-load-plugins,4
karma-firefox-launcher,4
mozaik,4
webpack-dev-middleware,4
babel-polyfill,4
hessianflow,4
trattack,4
calfirmino.h,4
matching_pennies,4
corrections,4
pypher,4
cltree,4
x86mapping.h,4
i386,4
sanitizer_libc.h,4
sanitizer_list.h,4
net_spec,4
users,4
java.rmi.naming,4
java.rmi.notboundexception,4
javax.swing.tree.defaultmutabletreenode,4
java.awt.event.keylistener,4
javax.swing.listselectionmodel,4
javax.swing.event.listselectionevent,4
javax.swing.event.listselectionlistener,4
org.eclipse.xtext.junit4.iinjectorprovider,4
org.eclipse.xtext.,4
org.eclipse.xtext.ui.editor.contentassist.antlr.followelement,4
org.eclipse.xtext.ui.editor.contentassist.antlr.internal.abstractinternalcontentassistparser,4
com.google.inject.guice,4
org.ioicompanies.lang.ioi.company,4
org.ioicompanies.lang.ioi.department,4
org.ioicompanies.lang.ioi.employee,4
org.ioicompanies.lang.ioi.manager,4
java.lang.string,4
htmlparser,4
dining.simple.fork,4
com.sun.example.mvc.controller.defaultcontroller,4
java.awt.alphacomposite,4
comparedf,4
deap,4
irr,4
cblas.h,4
armcm4.h,4
ml,4
config_to_namelist,4
gmcm,4
cespace.h,4
grothread.h,4
region,4
fastlz.h,4
aipy,4
pymp,4
dataqa,4
cmod,4
template,4
inline,4
rkrd,4
classifiers,4
guess,4
amberlib,4
ensembtool,4
shinycssloaders,4
electron-html-to,4
interpolationmodel,4
sphviewer,4
particles,4
qtl,4
opentopodata,4
polyline,4
cublas_v2.h,4
tmp,4
svgwrite,4
io.github.abelgomez.ps.updateoperation,4
io.github.abelgomez.ps.service,4
org.eclipse.uml2.uml.interaction,4
platformio,4
node:test,4
pin_manager.h,4
wled_ethernet.h,4
my_config.h,4
pywikibot,4
cogent,4
mem_ops.h,4
netlink.h,4
stringdist,4
rest_framework_extensions,4
edit_course,4
lti_tool,4
playwright,4
reveal_states,4
renderers,4
maxima.h,4
prior_helpers,4
qpolygon,4
qquaternion,4
mrf.h,4
java.net.,4
t5,4
trusted_utils.h,4
argp.h,4
shlobj.h,4
splspm,4
tester,4
turner,4
dash_table,4
fastq,4
bytecode,4
xspec,4
sogma,4
datalogger.h,4
parametersloader.h,4
population.h,4
tcp,4
toml,4
cvtools,4
projects,4
gprofiler,4
atoi,4
puppeteer,4
mpi,4
kdtree_single_index.h,4
composite_index.h,4
linear_index.h,4
dynamic_bitset.h,4
mtimesx_realtimesreal.c,4
isobmff,4
crush,4
lzma,4
variantannotation,4
math_functions,4
longitudinal_score,4
regression_model,4
osmosdr,4
selection,4
dreamtools,4
cmocean,4
assimulo,4
curand_kernel.h,4
electron,4
gulp-eslint,4
aip,4
converter,4
loo_vdjam,4
rimraf,4
evaluators,4
modimagevolsel,4
pathview,4
synapseclient,4
lammps,4
_tree,4
nutrients,4
phenology,4
respiration,4
stem_dynamics,4
storage_organ_dynamics,4
classic_waterbalance,4
style_transfer_model,4
localfarm,4
imfctlapplytransforms.h,4
imfstandardattributes.h,4
imfframebuffer.h,4
imfrgbafile.h,4
iex.h,4
imathmath.h,4
tmvtnorm,4
computeprimitives.h,4
any,4
coord.h,4
indexiterator.h,4
attributegroup.h,4
levelsetutil.h,4
iterator.h,4
treeiterator.h,4
calculator.h,4
sop,4
xaesa_ft,4
v8,4
heatmaply,4
extractors,4
dateparser,4
basetsd.h,4
socket.io-client,4
json3,4
component-emitter,4
ogrdbstats,4
spacetime,4
get_clock.h,4
raio_msg_pool.h,4
raio_bs.h,4
xio_common.h,4
typesdefs.h,4
patchguard.h,4
ctx.h,4
segment.h,4
survey,4
oboparse,4
blowfish.h,4
softfloat.c,4
sparc-gcc.h,4
milieu.h,4
softfloat.h,4
softfloat-macros,4
softfloat-specialize,4
cderror.h,4
jmorecfg.h,4
jpegint.h,4
minver_hwa.h,4
adpcm_main_mul_32bkb.h,4
rwt_init.h,4
rwt_transforms.h,4
resnext,4
abcsaf.h,4
cigstat.h,4
parseargs_bambi.h,4
kprobaln.h,4
hmm_psmc.h,4
safstat.h,4
pooled_alloc.h,4
lark,4
schifra_reed_solomon_file_interleaver.hpp,4
fixedcase,4
pylatexenc,4
trace_model.hpp,4
trace_writer.hpp,4
retrace_swizzle.hpp,4
apitracemodel.h,4
thumbnail.h,4
traceloader.h,4
trace_api.hpp,4
qurl,4
profiling.h,4
graphview.h,4
qvariantmap,4
qhash,4
qpalette,4
qlistwidget,4
glstate_internal.hpp,4
ws.hpp,4
json.hpp,4
glapi,4
bc.h,4
gltrace,4
trace,4
sparql_generator,4
sentence_and_template_generator,4
fetch_ranks_sub,4
tensorflow_hub,4
our_score_base,4
directlabels,4
dal.h,4
dpsnn_getparameters.h,4
pgmspace.h,4
adafruit_gfx.h,4
+reftimeseldecoder().cached+,4
+comptimeseldecoder().cached+,4
appdirs,4
shiftwarp,4
wradlib,4
netcdftime,4
radardisplay,4
arduinowrapper.h,4
rot_conv,4
tigramite,4
aquaparam.h,4
argh,4
packrat,4
temporal_transforms,4
flask_admin,4
normalization,4
scenic,4
dropzone,4
swad_account_database.h,4
swad_id_database.h,4
swad_photo_database.h,4
swad_user_type.h,4
swad_mark.h,4
swad_notice_database.h,4
swad_role_database.h,4
swad_room_database.h,4
swad_rubric_type.h,4
swad_holiday.h,4
swad_call_for_exam_database.h,4
swad_map.h,4
swad_connected.h,4
swad_indicator.h,4
swad_process.h,4
swad_deny_allow.h,4
swad_user_clipboard.h,4
swad_faq.h,4
swad_file.h,4
swad_plugin.h,4
swad_room.h,4
swad_record.h,4
swad_menu.h,4
swad_rubric_criteria.h,4
swad_timeline_post.h,4
swad_timeline_favourite.h,4
reikna,4
class_ode,4
synthetic,4
striplog,4
flow_netlink.h,4
vlan.h,4
vport-internal_dev.h,4
vport-netdev.h,4
animation,4
gyp,4
common_data_utils,4
common_config,4
experiment_helper,4
mc,4
misc.c,4
bubble_helper_progs.c,4
strax,4
straxbra,4
check_param_card,4
bigsnpr,4
metafor,4
ggthemr,4
merge,4
fdrtool,4
amnonutils,4
pls,4
mode.h,4
save-flags.h,4
adafruit_spidevice.h,4
opa_byteorder.h,4
psm2.h,4
psm2_am.h,4
ips_scb.h,4
iotools,4
tsv_utils,4
gmpxx.h,4
pythread.h,4
eval.h,4
buffer_info.h,4
$usepath;,4
binarizer,4
correlation,4
process_data,4
pybullet_envs,4
mchgenalg,4
ri,4
matrix_utils,4
cld2tablesummary.h,4
sdvalidate,4
decisiontree,4
minimizer,4
paramplot,4
rd_james.h,4
superheat,4
annealingmethod,4
archiver,4
linear,4
rollout_iw,4
gridenvs,4
validate,4
patchseqtools,4
train_eval,4
matches,4
utils_ner,4
ptvsd,4
predict_function,4
lasagne_toppings,4
dicts,4
py4j,4
rngstream.h,4
utilityclusteringfunctions.h,4
document.h,4
tabstops,4
authlib,4
elliptic,4
biocgenerics,4
auth.h,4
select.h,4
bootstrap,4
ahio,4
neat,4
downsampler,4
module_plotting_functions,4
space,4
terra,4
metadata_db,4
pymc3,4
mochikit.dom,4
snp.h,4
readindex.h,4
corestruct.h,4
coco,4
ssd,4
registry,4
vispy,4
antspynet,4
airflow,4
cri,4
pygco,4
easygui,4
common.c,4
ggnetwork,4
intergraph,4
java.util.gregoriancalendar,4
gen_level,4
brewer2mpl,4
jsession.h,4
perf-iter.h,4
jsmn.h,4
simple-pebs.h,4
symtab.h,4
freertos,4
sna,4
cifar10,4
jellyfish,4
bmp-utils.h,4
gold.h,4
unicornafl,4
unicorn,4
tweepy,4
mixeduserdefinedfvpatchfields.h,4
fvdom.h,4
autoptr.h,4
runtimeselectiontables.h,4
createbuoyantadditionalfields.h,4
fviooptionlist.h,4
sparkmodel.h,4
laminarbuoyantpimplesmoke.4x.h,4
peqn.22.h,4
peqn.23.h,4
peqn.24.h,4
peqn.3x.h,4
peqn.4x.h,4
peqn.5x.h,4
peqn.6x.h,4
peqn.dev.h,4
ueqn.3x.h,4
ueqn.4x.h,4
opensmokeutilities.h,4
opensmokefunctions.h,4
amaz_augumentation,4
amaz_imagenet,4
cocoframer,4
cordata,4
uvw_model.h,4
sfxc_fft_float.h,4
sfxc_mpi.h,4
tcp_connection.h,4
beaverdam,4
th3f.h,4
mtrack.h,4
org.processmining.framework.plugin.globalcontext,4
java.net.urlclassloader,4
org.processmining.framework.util.commandlineargumentlist,4
javax.swing.box,4
javax.swing.boxlayout,4
org.processmining.framework.plugin.events.progresseventlistener,4
org.processmining.contexts.uitopia.annotations.uiimportplugin,4
java.util.prefs.preferences,4
org.processmining.contexts.uitopia.model.promporesource,4
org.deckfour.uitopia.api.model.view,4
com.thoughtworks.xstream.xstream,4
org.processmining.framework.annotations.authoredtype,4
org.processmining.framework.annotations.icon,4
org.processmining.framework.plugin.events.logger,4
org.deckfour.uitopia.ui.main.overlayable,4
org.processmining.framework.plugin.plugindescriptorid,4
org.processmining.models.graphbased.abstractgraphedge,4
org.processmining.models.graphbased.directed.directedgraphelement,4
org.processmining.models.jgraph.elements.promgraphcell,4
org.processmining.models.jgraph.elements.promgraphedge,4
org.processmining.framework.util.ui.widgets.promtextfield,4
org.processmining.framework.util.ui.widgets.,4
gancheckpoints,4
lda,4
naivebayes,4
subset_selection,4
nonnegative_linear,4
emd,4
stropts.h,4
ppp.h,4
dos.h,4
strerror.h,4
l2vpn.h,4
pcap-missing.h,4
resolv.h,4
nameser.h,4
rpc_auth.h,4
rpc_msg.h,4
cmsis_os.h,4
const,4
bitstring,4
vex_helper,4
libvex_guest_arm.h,4
x86-simd-sort,4
kclique,4
librdkafka,4
cooperative_groups.h,4
decipher,4
plotting_tools,4
spectral_analysis,4
sde_systems,4
transportmaps,4
array_functions.h,4
organism.h,4
inception_utils,4
glif_sdk,4
pub_plot_library,4
java.time.zoneoffset,4
models_phenom,4
comd_info.h,4
petscksp.h,4
petscsys.h,4
amp_math.h,4
corpcor,4
inet.h,4
blake2_locl.h,4
lpdir.h,4
rand_lcl.h,4
stdatomic.h,4
record,4
viz,4
ismev,4
effortless_config,4
_wrapedr,4
crc_common_pmull.h,4
crc_common_vclmul.h,4
bitbuf2.h,4
igzip_level_buf_structs.h,4
isal_api.h,4
hudinteractioninterface.h,4
roxbasepawn.h,4
roxhud.h,4
gym_reacher2,4
framebuffer.h,4
material.h,4
quaternion.h,4
tmmintrin.h,4
sdl_atomic.h,4
sdl_gamecontroller.h,4
sdl_render.h,4
sdl_thread.h,4
mir_toolkit,4
sdl_keyboard.h,4
sdl_touch.h,4
sdl_surface.h,4
sdl_test_images.h,4
editdistance,4
projectionmatrix,4
dependency,4
prox.h,4
c1_1,4
c2_1,4
org.eclipse.viatra.query.runtime.matchers.psystem.basicdeferred.patternmatchcounter,4
edu.toronto.cs.se.mmint.example.jase20.iso26262.hara.hazard,4
edu.toronto.cs.se.mmint.example.jase20.iso26262.hara.operationalsituation,4
edu.toronto.cs.se.modelepedia.models15_java.models15_javafactory,4
org.eclipse.jface.dialogs.dialog,4
org.eclipse.jface.dialogs.idialogconstants,4
org.eclipse.jface.viewers.viewerfilter,4
org.eclipse.swt.widgets.control,4
org.eclipse.ui.model.workbenchcontentprovider,4
org.eclipse.gef.tool,4
org.eclipse.gmf.runtime.diagram.ui.tools.unspecifiedtypecreationtool,4
edu.toronto.cs.se.modelepedia.necsis14_databaseschema.column,4
edu.toronto.cs.se.modelepedia.necsis14_databaseschema.necsis14_databaseschemafactory,4
edu.toronto.cs.se.modelepedia.necsis14_databaseschema.table,4
org.eclipse.emf.ecore.util.eobjectresolvingelist,4
edu.toronto.cs.se.mmint.mid.relationship.util.relationshipswitch,4
edu.toronto.cs.se.mmint.mid.util.midswitch,4
edu.toronto.cs.se.mmint.mid.provider.modelitemprovider,4
edu.toronto.cs.se.mmint.mid.impl.modelimpl,4
edu.toronto.cs.se.mmint.productline.reasoning.iplfeaturestrait,4
edu.toronto.cs.se.mmint.mid.diagram.part.middiagrameditorutil,4
java.math.bigdecimal,4
edu.toronto.cs.se.mmint.mid.diagram.edit.parts.modelendpointname2editpart,4
edu.toronto.cs.se.mmint.mid.diagram.edit.parts.modelendpointnameeditpart,4
edu.toronto.cs.se.mmint.mid.diagram.edit.parts.wrappinglabel10editpart,4
edu.toronto.cs.se.mmint.mid.diagram.edit.parts.wrappinglabel12editpart,4
edu.toronto.cs.se.mmint.mid.diagram.edit.parts.wrappinglabel3editpart,4
edu.toronto.cs.se.mmint.mid.diagram.edit.parts.wrappinglabel5editpart,4
edu.toronto.cs.se.mmint.mid.diagram.edit.parts.wrappinglabel7editpart,4
edu.toronto.cs.se.mmint.mid.diagram.edit.parts.wrappinglabel9editpart,4
edu.toronto.cs.se.mmint.mid.diagram.edit.parts.wrappinglabeleditpart,4
org.eclipse.papyrus.infra.gmfdiag.tooling.runtime.part.lastclickpositionprovider,4
org.eclipse.papyrus.infra.gmfdiag.tooling.runtime.part.defaultlinktoolentry,4
org.eclipse.papyrus.infra.gmfdiag.tooling.runtime.part.defaultnodetoolentry,4
org.eclipse.emf.validation.ivalidationcontext,4
edu.toronto.cs.se.mmint.mid.relationship.diagram.edit.parts.wrappinglabel11editpart,4
edu.toronto.cs.se.mmint.mid.relationship.diagram.edit.parts.wrappinglabel13editpart,4
edu.toronto.cs.se.mmint.mid.relationship.diagram.edit.parts.wrappinglabel15editpart,4
edu.toronto.cs.se.mmint.mid.relationship.diagram.edit.parts.wrappinglabel17editpart,4
edu.toronto.cs.se.mmint.mid.relationship.diagram.edit.parts.wrappinglabel21editpart,4
edu.toronto.cs.se.mmint.mid.relationship.diagram.edit.parts.wrappinglabel25editpart,4
edu.toronto.cs.se.mmint.mid.relationship.diagram.edit.parts.wrappinglabel3editpart,4
edu.toronto.cs.se.mmint.mid.relationship.diagram.edit.parts.wrappinglabel5editpart,4
edu.toronto.cs.se.mmint.mid.relationship.diagram.edit.parts.wrappinglabel7editpart,4
edu.toronto.cs.se.mmint.mid.relationship.diagram.edit.parts.wrappinglabel9editpart,4
edu.toronto.cs.se.mmint.mid.relationship.diagram.edit.parts.wrappinglabeleditpart,4
edu.toronto.cs.se.mmint.mid.ui.editorcreationwizarddialog,4
org.eclipse.emf.common.util.basicelist,4
edu.toronto.cs.se.mmint.operatorparameter,4
edu.toronto.cs.se.modelepedia.classdiagram.diagram.edit.parts.associationnameeditpart,4
edu.toronto.cs.se.modelepedia.classdiagram.diagram.edit.parts.attributenameeditpart,4
edu.toronto.cs.se.modelepedia.classdiagram.diagram.edit.parts.classnameeditpart,4
edu.toronto.cs.se.modelepedia.classdiagram.diagram.edit.parts.operationnameeditpart,4
edu.toronto.cs.se.modelepedia.classdiagram.diagram.providers.classdiagrammodelingassistantprovider,4
edu.toronto.cs.se.mmint.types.gsn.productline.reasoning.iplgsnanalysis,4
edu.toronto.cs.se.mmint.types.gsn.templates.reasoning.ianalysis,4
edu.toronto.cs.se.modelepedia.gsn.asillevel,4
edu.toronto.cs.se.modelepedia.gsn.decoratortype,4
edu.toronto.cs.se.modelepedia.istar.diagram.edit.parts.actornameeditpart,4
edu.toronto.cs.se.modelepedia.istar.diagram.edit.parts.goalname2editpart,4
edu.toronto.cs.se.modelepedia.istar.diagram.edit.parts.goalnameeditpart,4
edu.toronto.cs.se.modelepedia.istar.diagram.edit.parts.resourcename2editpart,4
edu.toronto.cs.se.modelepedia.istar.diagram.edit.parts.resourcenameeditpart,4
edu.toronto.cs.se.modelepedia.istar.diagram.edit.parts.softgoalname2editpart,4
edu.toronto.cs.se.modelepedia.istar.diagram.edit.parts.softgoalnameeditpart,4
edu.toronto.cs.se.modelepedia.istar.diagram.edit.parts.taskname2editpart,4
edu.toronto.cs.se.modelepedia.istar.diagram.edit.parts.tasknameeditpart,4
edu.toronto.cs.se.modelepedia.istar.intentionlink,4
edu.toronto.cs.se.modelepedia.istar.,4
edu.toronto.cs.se.mmint.types.lts.ltsfactory,4
edu.toronto.cs.se.modelepedia.relationaldatabase.diagram.edit.parts.columnnameeditpart,4
edu.toronto.cs.se.modelepedia.relationaldatabase.diagram.edit.parts.foreignkeynameeditpart,4
edu.toronto.cs.se.modelepedia.relationaldatabase.diagram.edit.parts.tablenameeditpart,4
edu.toronto.cs.se.modelepedia.statemachine.diagram.providers.statemachineparserprovider,4
edu.toronto.cs.se.modelepedia.statemachine.diagram.edit.parts.stateactiontriggeractioneditpart,4
edu.toronto.cs.se.modelepedia.statemachine.diagram.edit.parts.statenameeditpart,4
edu.toronto.cs.se.modelepedia.statemachine.diagram.edit.parts.transitiontriggeractioneditpart,4
org.dom4j.elementpath,4
org.dom4j.xpath,4
org.dom4j.documenthelper,4
javax.swing.table.abstracttablemodel,4
java.lang.reflect.constructor,4
dynamic_reconfigure,4
sigma_tile,4
jason.assemantics.unifier,4
jchuff.h,4
jdhuff.h,4
files.h,4
forwards.h,4
fc_graspnet,4
predictor,4
timeblockencoder.h,4
referencing,4
relativepathes.h,4
exception.h,4
listwrapper.h,4
dqnmodel,4
wlan.h,4
nvmem.h,4
sick,4
generate,4
filediff,4
commitsdiff,4
methoddata,4
test_tube,4
basedir,4
geneontologylib,4
worker,4
amrex_carena.h,4
dogimletanalysis.h,4
postprocess_tau_fields.h,4
darkmatterparticlecontainer.h,4
amrex_constants.h,4
neutrinoparticlecontainer.h,4
reeber.h,4
ppm.h,4
amrex_arena.h,4
amrex_dataservices.h,4
annotation.ignore,4
treactionconditions.h,4
npdetectormanager.h,4
npsystemofunits.h,4
tmonitor.h,4
tmessage.h,4
thyde2trackerphysics.h,4
hyde2trackermodule.h,4
tdirectory.h,4
tw1physics.h,4
tgraph2d.h,4
mpl_plot_templates,4
oggm,4
augmentables,4
modified_blackbody,4
normalize_data,4
vidstab,4
defusedxml,4
qradiobutton,4
renderdata.h,4
pxbasedeephelper.h,4
imfparttype.h,4
hardgenerator2,4
hardgenerator,4
snp,4
terser-webpack-plugin,4
galaxy,4
conventions,4
dataarray,4
world,4
meinter,4
downloader,4
cdsapi,4
traffic,4
route,4
celerite2,4
rsubread,4
optimize-css-assets-webpack-plugin,4
gluoncv,4
wbemidl.h,4
idautils,4
cfg.h,4
perftimer.h,4
frame_level_models,4
average_precision_calculator,4
image_data_pipeline,4
np_tif,4
medtest,4
multimed,4
energy,4
flask_bootstrap,4
_math,4
sigint.h,4
getrealpath.h,4
ncurses-print.h,4
climdex.pcic.ncdf,4
defsntools.h,4
cp_tools,4
hsbm,4
nett,4
names,4
boom,4
modify_whiles,4
broadcast-functions-eq.h,4
ngdata,4
pyconfhoarderror,4
dataprovider,4
jquery_unparam,4
old,4
buffer_handler.h,4
efind.h,4
fast_buffer_list_mod.h,4
hilbert_node.h,4
math_util.h,4
spatial_index.h,4
access,4
sph_functions,4
image_source_method,4
spgl1,4
dynamap.h,4
tf_conversions,4
ecos,4
parallelenvironment.hpp,4
algraph.h,4
rte_memory.h,4
rte_memzone.h,4
rte_tailq.h,4
rte_debug.h,4
rte_mempool.h,4
utils_squad,4
command,4
templatedvocabulary.h,4
dexception.h,4
filemodes.h,4
openmp_mutex.h,4
jacobian_workspace.h,4
sparse_block_matrix_ccs.h,4
matrix_structure.h,4
optimization_algorithm_property.h,4
parameter_container.h,4
robust_kernel_factory.h,4
types_sba.h,4
se3_ops.h,4
pyia,4
interpolator,4
libxslt,4
mink,4
primitive,4
exporter,4
flownet2,4
cost_ensemble,4
externals,4
com,4
objfunc.h,4
fa2,4
vireosnp,4
backpack,4
structurefunctions,4
_tag,4
_qdp,4
diffusion.h,4
amrex_mlabeclaplacian.h,4
amrex_boxarray.h,4
nsb_k.h,4
"""$gag_top_dir",4
nox,4
bgen.h,4
effect_corr,4
exp_configs,4
kallsyms.h,4
claireutils.hpp,4
foreachnode.h,4
streams.h,4
executionstrategy.h,4
airqualityindex.h,4
csvtools.h,4
gam,4
tictoc,4
channel.h,4
intio.h,4
segmentation_tools.hpp,4
extrinsic,4
pics,4
vcf.h,4
eleanor,4
ffi,4
atminv,4
context_infr.h,4
pywintypes,4
qpropertyanimation,4
permutationbuilder.h,4
wt_coder.h,4
hdtversion.hpp,4
lookup.h,4
str8.h,4
bleno,4
monocle,4
mda,4
h2o,4
adafruit_ads1x15,4
tmultigraph.h,4
mchrawcommon,4
midraw,4
tpcbase,4
trdqc,4
${fwdir},4
name_dictionaries,4
torch_utils,4
spatial_geometry,4
pivy,4
routines,4
normalizeddistance,4
frame.hpp,4
gift128.h,4
inthist.tc,4
samplinthist.tc,4
imopv.c,4
miasm,4
parallelroutines.h,4
deepchem,4
entry.h,4
nodequeue.h,4
usearch_python,4
nordic_regs.h,4
cdefbf532.h,4
flexdashboard,4
stepslibrary_exp,4
scde,4
wikidatar,4
mt64.h,4
bam_endian.h,4
xcurses.h,4
prob1.h,4
kmin.h,4
load-grunt-tasks,4
slicer,4
multcomp,4
telepimp,4
roi_pool,4
rpn,4
lr_scheduler,4
sort,4
rjava,4
markov,4
org.apache.giraph.function.primitive.,4
libvex_guest_amd64.h,4
input_output_functions,4
ptv_functions,4
 + htmlencode(w.fn) + ,4
pyclibrary,4
rest_framework_api_key,4
papaparse,4
mceq,4
inla,4
cddb,4
rnasamba,4
basic_header.h,4
pytree,4
nrlmf,4
docarray.h,4
floatutils.h,4
timeutils.h,4
diskimager,4
output_file.h,4
datahandeling,4
comdef.h,4
dllmain.h,4
xdlldata.h,4
atlcomcli.h,4
comutil.h,4
cesiumlanguagewriter.uricesiumwriter,4
agi.foundation.compatibility.urihelper,4
blocksoverlap.h,4
parametersclip.h,4
extendalign.h,4
variation.h,4
genomeparameterswrite.h,4
sjdbinsertjunctions.h,4
quantifications.h,4
soloread.h,4
splicegraph.h,4
libadalang.h,4
observability,4
async_timeout,4
info,4
intbitset,4
elevation,4
dns_crypt_utils.h,4
ada.h,4
adyg_cli.h,4
dns_framed.h,4
connection.h,4
upstream_plain.h,4
cm_backtrace.h,4
rthw.h,4
rtdevice.h,4
finsh_node.h,4
finsh_vm.h,4
cpu_def.h,4
cpu_cfg.h,4
linalg.h,4
splines.hpp,4
dialog.h,4
logging.pb.h,4
_job,4
drutils.h,4
alsa,4
iono_config,4
m_string.h,4
m_ctype.h,4
set_var.h,4
sql_yacc.h,4
sha1.h,4
affogato,4
cn_generator,4
wifi,4
mclustcomp,4
effectsize,4
executor_base,4
management,4
txdb.drerio.ucsc.danrer10.refgene,4
org.dr.eg.db,4
ciso646,4
pesco,4
node-fetch,4
utils_gaia_cutouts,4
hypdatatools_gdal,4
automap,4
ggsn,4
triconnectivity.hpp,4
utilities.hpp,4
function_evaluation,4
variational,4
quarry,4
itkcenteredrigid2dtransform.h,4
itkrgbpixel.h,4
itkcenteredaffinetransform.h,4
itkiterativeimageregistrationmethod.h,4
itknormalizedcorrelationimagetoimagemetric.h,4
vtklight.h,4
ngraph.fabric,4
ngraph.three,4
"""$xkb_dir_from",4
computeadditional.h,4
faildistillations.h,4
plumbingpieces.h,4
recyclegate.h,4
matlabprogram.h,4
setup,4
pmw,4
dataset_mapper,4
lvis,4
fpn,4
poolers,4
download,4
pynfft,4
ldap,4
bmesh,4
lmcp,4
localcoords,4
commonfuncs,4
orjson,4
which.h,4
bitcoin,4
tracing,4
mask,4
_cookie_helpers,4
http_websocket,4
compression,4
web_log,4
web_protocol,4
web_urldispatcher,4
flashclust,4
framelib_serialisegraph.h,4
framelib_processingqueue.h,4
framelib_memory.h,4
datasynthesizer,4
xb900hp,4
eventepi,4
cycluster,4
declarative_base,4
edu.stanford.math.plex4.metric.landmark.landmarkselector,4
edu.stanford.math.plex4.test_utility.timing,4
revcomp.hpp,4
databaseconnector,4
povray_file_making,4
nn_nets,4
mlib,4
ssldecode.h,4
angular_solver,4
instance_evolver,4
neo4j-driver,4
bech32,4
paid-services,4
indicnlp,4
dojo.parser,4
dojo.string,4
dojox,4
dojo.io.script,4
dojo.fx,4
dijit._container,4
javax.annotation.postconstruct,4
javax.ejb.schedule,4
nz.ac.auckland.abi.entities.femmodelmodification,4
nz.ac.auckland.abi.entities.patientsource,4
org.dcm4che.data.dcmobjectfactory,4
javax.persistence.lob,4
javax.sql.rowset.serial.serialblob,4
javax.annotation.predestroy,4
voc_eval,4
spectralindex,4
keyring,4
org.applause.lang.generator.ios.dataaccess.apiclientclassextensions,4
org.applause.lang.generator.ios.dataaccess.dataaccessclassextensions,4
org.applause.lang.applausedsl.relativeresturl,4
org.applause.lang.applausedsl.urlpathfragment,4
org.applause.lang.applausedsl.variable,4
org.applause.lang.applausedsl.stringliteral,4
org.applause.lang.applausedsl.uiactiondeleteaction,4
org.applause.lang.applausedsl.model,4
org.applause.lang.applausedsl.namedelement,4
org.applause.lang.applausedsl.datasourcebodyspecification,4
org.applause.lang.applausedsl.loopvariable,4
org.applause.lang.applausedsl.uicomponentdeclaration,4
org.applause.lang.applausedsl.uicomponentordatatype,4
combine.sh,4
dclone,4
gagedata,4
flash.h,4
flash_layout.h,4
si1000_defs.h,4
dma_defs.h,4
custom_input_storm_twocolor,4
custom_input_storm_zstack,4
sliprules.h,4
elasticity.h,4
nemlerror.h,4
dotkws.h,4
score_matches.h,4
dbn,4
snprelate,4
rcircos,4
beadarray,4
arrayqualitymetrics,4
quantro,4
xpaths,4
abstractiterativecalculator.h,4
abstractoutputcatalog.h,4
abstractoutputinterpolater.h,4
boorethompsonpeakcalculator.h,4
dimensionlayout.h,4
qdoublevalidator,4
frequencydependentcalculator.h,4
myrandomnumgenerator.h,4
nonlinearpropertycatalog.h,4
nonlinearpropertyuncertainty.h,4
profilesoutputcatalog.h,4
ratiosoutputcatalog.h,4
soiltypesoutputcatalog.h,4
spectraoutputcatalog.h,4
timeseriesoutputcatalog.h,4
velocitylayer.h,4
importer,4
importlib_resources,4
http2,4
weights,4
dsfmt.h,4
ble_radio_notification.h,4
hal_uart.h,4
sys_fsm.h,4
ant_bpwr_simulator.h,4
ant_bsc_simulator.h,4
ant_hrm_simulator.h,4
ant_sdm_simulator.h,4
ble_ans_c.h,4
ble_bas_c.h,4
ble_bps.h,4
ble_cscs.h,4
ble_cts_c.h,4
ble_dis_c.h,4
ble_hrs_c.h,4
ble_hts.h,4
ble_lbs.h,4
ble_lls.h,4
ble_nus_c.h,4
ble_rscs.h,4
ble_rscs_c.h,4
ble_tps.h,4
nrf_ble_es.h,4
nrf_ble_bms.h,4
nrf_radio.h,4
nrf_atomic_internal.h,4
nrf_block_dev_empty.h,4
nrf_block_dev_qspi.h,4
nrf_drv_qspi.h,4
nrf_block_dev_ram.h,4
nrf_clock.h,4
bsp_config.h,4
nrf_cli_cdc_acm.h,4
crys_chacha_poly.h,4
crys_ecpki_domain.h,4
crys_ecpki_build.h,4
crys_ecpki_dh.h,4
crys_ecpki_ecdsa.h,4
nrf_csense.h,4
app_simple_timer.h,4
app_usbd_audio.h,4
app_usbd_dummy.h,4
app_usbd_hid_generic.h,4
app_usbd_msc.h,4
nfc_launchapp_msg.h,4
nfc_text_rec.h,4
nfc_t2t_parser.h,4
nfc_t4t_hl_detection_procedures.h,4
gf128.h,4
cf_config.h,4
diskio_blkdev.h,4
pal.h,4
crys_poly.h,4
crys_hkdf.h,4
ssi_pal_compiler.h,4
ssi_aes_defs.h,4
ssi_util_key_derivation_defs.h,4
nrf_cc310_bl_ecdsa_verify_common.h,4
pt-sem.h,4
tile_player,4
tile_gatt_db,4
nrfx_i2s.h,4
nrfx_qspi.h,4
nrfx_spi.h,4
sensor_utils.h,4
uri.h,4
timeslot.h,4
nrf_mesh_dfu.h,4
internal_event.h,4
instaburst.h,4
adv_ext_packet.h,4
serial_evt.h,4
mesh_config_backend_file.h,4
heartbeat.h,4
dfu_types_internal.h,4
transport_internal.h,4
serial_types.h,4
config_server_events.h,4
config_messages.h,4
health_common.h,4
generic_dtt_common.h,4
generic_onoff_common.h,4
generic_ponoff_setup_server.h,4
scene_messages.h,4
ble_app_gzll_ui.h,4
_libqpoint,4
prettier,4
tile_loader.h,4
tile_loading_policy.h,4
interrupt,4
validator,4
databases,4
dropletutils,4
format_checker,4
shared_methods,4
mhc-prg.h,4
nextgen,4
win32con,4
underscore,4
dirs.h,4
vconn-ssl.h,4
dp_control.h,4
match_std.h,4
packet_handle_std.h,4
nbee_link,4
org.apache.http.message.basicheader,4
com.fasterxml.jackson.databind.jsonnode,4
setup.h,4
initpath_ap,4
gnatpython,4
randombytes.h,4
cparser_util,4
dict_read_write,4
raphael,4
userena,4
local_settings,4
staging,4
antlr3input.h,4
antlr3intstream.h,4
antlr3basetree.h,4
effects,4
isaacgymenvs,4
c3,4
adafruit_bluefruitle_spi.h,4
adafruit_bluefruitle_uart.h,4
protos,4
enigmap,4
premise,4
enigmatic,4
noise_removal,4
avifjpeg.h,4
avifpng.h,4
y4m.h,4
avifexif.h,4
key.hpp,4
mscn,4
grid_search,4
implicit,4
aegan,4
tgame.h,4
bwamem.h,4
bwt_lite.h,4
ggplotify,4
multiscale.h,4
ppimagefloatoutput.h,4
minar,4
coreservices,4
baseprofilingstack.h,4
mozmemory.h,4
mozjemalloc_types.h,4
mozmemory_wrap.h,4
discohandler.h,4
privatexmlhandler.h,4
clientbase.h,4
taghandler.h,4
connectiondatahandler.h,4
message.h,4
tlsbase.h,4
tlsgnutlsbase.h,4
miniupnpc_socketdef.h,4
maths.h,4
shaderprogram.h,4
vector3d.h,4
netclient.h,4
netenet.h,4
netsession.h,4
miniupnpc,4
cstr.h,4
pipelinestate.h,4
scriptrequest.h,4
pathfinding.h,4
csoundbase.h,4
items,4
atlasobjectimpl.h,4
draggablelistctrl,4
view.h,4
scriptlib,4
scalar,4
fiesta,4
atom_vec.h,4
fragment_memory.h,4
mv1d,4
_spm,4
permuters,4
calculators,4
sigproc,4
loop,4
dirtsqr,4
writableutils,4
dfibheap.h,4
io_func.h,4
schemas,4
messaging_amqp,4
anuga,4
ecp,4
ap_var.h,4
ap_lincons1.h,4
ap_reducedproduct.h,4
box_representation.h,4
ap_global1.h,4
ap_ppl.h,4
pk_test.h,4
t1p_fun.h,4
postprocess,4
heuristic_base,4
pyscm,4
hsc,4
pseudo_dojo,4
gw,4
goplot,4
fuzzyknowledgebase.h,4
fuzzymf.h,4
fuzzyclass.h,4
feature.h,4
hello_uscorebinding.nsmap,4
soaph.h,4
notenoughgoods,4
defensemanager.h,4
armymanager.h,4
unitgroup.h,4
brawn,4
gene,4
promoters,4
at_analysis,4
nrpys,4
audio,4
tfaip,4
o3djs.quaternions,4
o3djs.canvas,4
o3djs.texture,4
o3djs.material,4
o3djs.shape,4
o3djs.error,4
o3djs.pack,4
transcoeff.h,4
configobj,4
validation,4
perform_front_propagation_2d.h,4
anisotropic-fm,4
gw_geodesicmesh.h,4
gw_matrixstatic.h,4
gw_vectorstatic.h,4
tnt_math_utils.h,4
ccd_convex_hull.h,4
foo.h,4
amplitudedescriptor.hpp,4
flofile.hpp,4
graph_partitioner,4
webworker-threads,4
nbodyoctree.h,4
clock.h,4
bomblogic.h,4
playermovement.h,4
iic.h,4
s3cev40.h,4
spot,4
smv.hpp,4
fdfault,4
iteration,4
moldata,4
info_all,4
info_single,4
trajinfo_utils,4
$(conda,4
transcssr,4
scribe,4
locus,4
topography,4
pygam,4
docrep,4
pynndescent,4
pypdf2,4
hdf5,4
fragments,4
accfft_common.h,4
agpy,4
temperature_cubes,4
org.mozilla.javascript.kit,4
javax.swing.event.,4
mcmcarpplot,4
utildirs,4
kflib,4
"""${project_root}""",4
arima,4
stationarity,4
adafruit_bus_device,4
busio,4
sas7bdat,4
voxelgrid.h,4
application-base,4
ext-depthcamera,4
distancefieldpyramid.h,4
tensorforce,4
ros2cli,4
rclpy,4
ros2service,4
protocones.h,4
siscone_error.h,4
vicinity.h,4
split_merge.h,4
ff,4
check_misc.h,4
libmnl,4
check_nftables.h,4
decimal_chars.h,4
libnl_link.h,4
safe_snprintf.h,4
vrrp_daemon.h,4
warnings.h,4
vrrp_ndisc.h,4
vrrp_if_config.h,4
convexprogramming,4
alibavabasehistogrammaker.h,4
euteldafbase.h,4
gearimpl,4
eutelrunheaderimpl.h,4
eutelmillepede.h,4
eutelhit.h,4
eutelgblfitter.h,4
eutelhistogrammanager.h,4
brglm2,4
volatility,4
ch3oh_rotational_diagram_maps,4
pyavm,4
vla_cont_cutout,4
cpprest,4
_coder_getprimfreq_api.h,4
httpd-fs.h,4
molua.h,4
@aws-sdk,4
helmet,4
vashr,4
newfunctions.h,4
iadatasettype.h,4
vtkpolydataalgorithm.h,4
itkconfigure.h,4
iamapperimpl.h,4
vtkalgorithm.h,4
itkrescaleintensityimagefilter.h,4
iaxmlsettings.h,4
iachartfunction.h,4
iaplot.h,4
iaqglwidget.h,4
qopenglframebufferobject,4
qactiongroup,4
iaimagestackfileio.h,4
qstandarditem,4
iarawfileparameters.h,4
vtkimagereader2.h,4
vtkpngreader.h,4
iasavableproject.h,4
qspaceritem,4
iadatasetlistwidget.h,4
vtkassembly.h,4
iamagiclensconstants.h,4
vtkpolydatamapper2d.h,4
iafilterrunnerregistry.h,4
iafilterselectiondlg.h,4
vtkgenericmoviewriter.h,4
iaqwidgetsettingsmapper.h,4
vtkvolume.h,4
iacolmap.h,4
iacsvvectortablecreator.h,4
iaobjectsviewer.h,4
iacylinderobjectvis.h,4
ialineobjectvis.h,4
iaellipsoidobjectvis.h,4
vtktransformpolydatafilter.h,4
vtkdatasetmapper.h,4
vtkcaptionactor2d.h,4
vtkdisksource.h,4
dlg_4dctfileopen.h,4
iavismoduleitem.h,4
ia4dctdefects.h,4
ia4dctmainwin.h,4
itkresampleimagefilter.h,4
vtkdepthsortpolydata.h,4
vtktexture.h,4
itkimagetovtkimagefilter.h,4
vtkproppicker.h,4
vtkpen.h,4
vtkprogrammableglyphfilter.h,4
iacompcurve.h,4
iacomptable.h,4
vtkmapper.h,4
vtkvertexglyphfilter.h,4
iasimilaritydistance.h,4
iadreamcastercommon.h,4
iafunctionalboxplot.h,4
itkimagetohistogramfilter.h,4
okcdata.h,4
iaselection.h,4
iablobcluster.h,4
vtkchartxy.h,4
vtkvariantarray.h,4
featurescout_export.h,4
iarefdistcompute.h,4
iastackedbarchart.h,4
iasignallingwidget.h,4
iavectortypeimpl.h,4
iavectordistanceimpl.h,4
dlg_gemse.h,4
dlg_samplings.h,4
iaimagesampler.h,4
iaseafile.h,4
iaclusterattribchart.h,4
iarepresentative.h,4
iavrenvironment.h,4
iavroctreemetrics.h,4
dlg_inspectr.h,4
iacharacteristicenergy.h,4
iaelementconcentrations.h,4
labelling_export.h,4
ialabelsdlg.h,4
ialabellingobjects.h,4
iabcoord.h,4
iabarycentrictrianglewidget.h,4
iahistogramabstract.h,4
iaremoteportsettings.h,4
iavectorarray.h,4
iaimagegraph.h,4
iavectortype.h,4
machine_learning,4
maestroutil.h,4
state_indices.h,4
pretrain_loss,4
pyqrcode,4
poreduck,4
ellipsoid.h,4
label_shader.h,4
texture_shader.h,4
stereo.h,4
jai_factory.h,4
textfeed,4
trackoptions,4
gridoptions,4
mapoptions,4
cosmo_tools,4
jetkernel_models_dic,4
dataloaders,4
loukas,4
loukas_coarsening,4
lmfit,4
intermine,4
configurationsmap.h,4
beamconv,4
cfast_slic,4
flowdatatypes.h,4
dataprocessor,4
dexparser,4
_dataloader,4
nac,4
pyscenic,4
readplink.h,4
fragment,4
hpbandster,4
datamodel,4
data_entry,4
pescador,4
fedavgm,4
fednova,4
fedpft,4
fedstar,4
fedwav2vec2,4
od,4
devtool,4
embeddedexample,4
secaggexample,4
flowertune_llm,4
quickstart_pennylane,4
pytorchexample,4
authexample,4
ls,4
flower_config,4
supercore,4
client_manager,4
dp_fixed_clipping,4
exit_code,4
tool_schema,4
executors,4
json_utils,4
predict_batch,4
multi_tile_extent,4
molsturm,4
solverstatebase,4
e2e_conv,4
ofxslog.h,4
dgconcentrationfluxbc.h,4
moosevariable.h,4
input_output_processing,4
functions.sh,4
rtoml,4
nengo_ocl,4
states_lib,4
cropping_and_padding_utilities,4
c_pwm.h,4
event_gpio.h,4
maftools,4
libsvm.,4
dictdatum.h,4
kernel_manager.h,4
integerdatum.h,4
loopclosing.h,4
python_utils,4
host,4
trackanimation,4
metame,4
distanceutils.h,4
t2f,4
mastergrids,4
fbo.hpp,4
render_target.hpp,4
dep2rst,4
collector,4
tparticle_azyhydro.h,4
hyperspy,4
fabric-client,4
tommyarray.h,4
paypal,4
monitors,4
csr.h,4
fw.h,4
kulife,4
aquacropr,4
rfit,3
restrictedpython,3
webpack-bundle-tracker,3
hydrogen.h,3
growtable.h,3
arrays.h,3
perturbations.h,3
node_generic,3
flipper,3
get,3
pb_encode.h,3
common\directxhelper.h,3
windows.graphics.directx.direct3d11.interop.h,3
collection.h,3
tkmessagebox,3
csvparser.h,3
assigner,3
radiator,3
codep,3
adespatial,3
phylotools,3
strap,3
dutchauction,3
xrt,3
deseq,3
vite-plugin-solid,3
distance,3
wsgiref,3
pypianoroll,3
discriminators,3
cross-spawn,3
suitesparse_config.h,3
qcommandlineparser,3
movingaverage.h,3
qtdebug,3
snowballc,3
visualsemanticmodel,3
scan,3
fix_bd.h,3
atom_vec_ellipsoid.h,3
pacmodel,3
h2o_chem,3
extended_chem,3
diffusion,3
disc_utils,3
pretrained,3
roialign,3
"""${hama_conf_dir}",3
clb_dstacks.h,3
clb_fixdarrays.h,3
clb_min_heap.h,3
clb_objmaps.h,3
clb_partial_orderings.h,3
clb_permastrings.h,3
clb_regmem.h,3
clb_sysdate.h,3
ccl_clauseinfo.h,3
ccl_clausepos_tree.h,3
clb_properties.h,3
ccl_fcvindexing.h,3
ccl_context_sr.h,3
ccl_def_handling.h,3
ccl_eqn.h,3
ccl_formulasets.h,3
ccl_garbage_coll.h,3
ccl_tcnf.h,3
ccl_global_indices.h,3
ccl_subterm_index.h,3
cte_fp_index.h,3
ccl_subterm_tree.h,3
ccl_paramod.h,3
cco_gproc_ctrl.h,3
cio_simplestuff.h,3
cio_multiplexer.h,3
cco_scheduling.h,3
genericpath,3
cle_indexfunctions.h,3
che_clausefeatures.h,3
che_fcode_featurearrays.h,3
che_to_weightgen.h,3
che_to_precgen.h,3
che_specsigfeatures.h,3
che_termweight.h,3
cle_annoterms.h,3
cle_clauseenc.h,3
cle_tsm.h,3
cle_examplerep.h,3
pcl_analysis.h,3
pcl_expressions.h,3
pcl_steps.h,3
cpr_propsig.h,3
cte_dbvars.h,3
cte_functypes.h,3
typescript,3
sigar_log.h,3
link.h,3
atlbase.h,3
sensitivity,3
mst,3
microbiome,3
flm_tools,3
densities,3
lse.neko.util.contentrb,3
lse.neko.rbcast.rbroadcast,3
java.util.listiterator,3
lse.neko.pullnetworkinterface,3
java.io.dataoutput,3
lse.neko.abstractid,3
lse.neko.nekothreadstaticinterface,3
lse.neko.processreceiver,3
java.lang.reflect.invocationhandler,3
javax.swing.jscrollbar,3
javax.swing.jviewport,3
javax.swing.keystroke,3
javax.swing.jtextarea,3
org.xml.sax.saxparseexception,3
org.xml.sax.helpers.xmlreaderfactory,3
java.util.logging.logmanager,3
java.util.abstractlist,3
java.text.numberformat,3
bn,3
vimba_common,3
event-stream,3
node:http,3
abstract_matrix,3
abstract_model,3
hamiltonian_monte_carlo,3
best_resp_oracle,3
tim,3
params.h,3
shared_mmap.h,3
sprinter.h,3
fastio.h,3
em,3
vehicletype,3
dgram,3
init_model,3
efficientnet,3
pyflow,3
workflows,3
blasfeo_d_blasfeo_api.h,3
export_chain_mass_model,3
param_utils,3
furuta_common,3
tracks,3
simstruc.h,3
simulink.c,3
cg_sfun.h,3
acados_ocp_cost,3
acados_multiphase_ocp,3
acados_ocp_solver,3
acados_sim_solver,3
acados_simulink_opts,3
ros2,3
casadi_function_generation,3
{{ custom_update_header_filename }},3
{{ model.name }}_model,3
rclcpp,3
scaling.hpp,3
aux.h,3
ini.h,3
ev.h,3
winnt.h,3
mbarrier.h,3
..\..\snaplib\stdafx.h,3
alignmentadjuster.h,3
approximatecounter.h,3
fasta.h,3
genericfile_stdio.h,3
histogram.h,3
multiinputreadsupplier.h,3
gzstream.h,3
word2vec,3
pyedflib,3
hmm,3
ts-helpers,3
chai-as-promised,3
babel-register,3
pynn,3
bluebird,3
passport-local,3
morgan,3
express-session,3
psitet,3
aflnet.h,3
pdist,3
density.h,3
calbissecao.h,3
calibrationwrapper.h,3
.\firmino.h,3
method.h,3
exact,3
gen_data,3
augmentations,3
serialization,3
aarch64baseinfo.h,3
armdisassembler.h,3
armgeninstrinfo.inc,3
mipsgenregisterinfo.inc,3
mipsgeninstrinfo.inc,3
mipsinstprinter.h,3
mipsmapping.h,3
ppcgenregisterinfo.inc,3
ppcgeninstrinfo.inc,3
ppcmapping.h,3
sparcmapping.h,3
systemzmapping.h,3
x86genregisterinfo.inc,3
x86disassemblerdecodercommon.h,3
xcoregeninstrinfo.inc,3
xcoremapping.h,3
kern,3
osreldate.h,3
sanitizer_platform_limits_posix.h,3
rts,3
rstoolbox,3
org.softlang.om.,3
javax.swing.tree.treepath,3
org.softlang.util.objectfactory,3
com.hp.hpl.jena.rdf.model.resource,3
com.hp.hpl.jena.query.query,3
com.hp.hpl.jena.query.queryexecution,3
com.hp.hpl.jena.query.queryexecutionfactory,3
com.hp.hpl.jena.query.queryfactory,3
department.h,3
employee.h,3
java.awt.flowlayout,3
org.ioicompanies.lang.services.ioigrammaraccess,3
org.osgi.framework.bundle,3
org.ioicompanies.lang.ioi.,3
org.ioicompanies.lang.ioi.model,3
org.eclipse.xtext.generator.igenerator,3
java.awt.panel,3
java.awt.canvas,3
banking.remote.shared.account,3
java.beans.propertychangelistener,3
japa.parser.ast.compilationunit,3
java.util.scanner,3
javax.xml.bind.jaxbexception,3
javax.xml.stream.xmlstreamexception,3
generate_data_vector2,3
som,3
modlamp,3
tensor.h,3
lapacke.h,3
systemanalysisutils,3
rhandsontable,3
vec.h,3
progressbar.h,3
scenario,3
eae,3
lz4,3
cellengine.h,3
cevector2.h,3
cebody.h,3
gcell.h,3
ccl.h,3
ecoli.h,3
qsize,3
cell.h,3
gridcurves,3
circle,3
zline,3
conformalmap,3
disk,3
stdint-gcc.h,3
handlefiles.h,3
smallcodefunction.h,3
thermodata.h,3
lblspectralgrid.h,3
voigt.h,3
switch_to_2014a,3
clusterpheno,3
functools32,3
entropy,3
infologger,3
learnna_json,3
dummy,3
apeglm,3
adamic_adar,3
jaccard_coefficient,3
common_neighbors,3
preferential_attachment,3
avro,3
fitstatistics,3
text_classification,3
fpdf,3
report,3
sysexits.h,3
io.github.abelgomez.ps.abstractsetter,3
io.github.abelgomez.ps.assignmentoperation,3
io.github.abelgomez.ps.client,3
io.github.abelgomez.ps.,3
artacs,3
 + originallength + ,3
wifiudp.h,3
bme280i2c.h,3
pixels_dice_interface.h,3
dice_state.h,3
fxparticlesystem.h,3
wifi.h,3
const.h,3
net_debug.h,3
rom,3
user_interface.h,3
esp_efuse.h,3
esp8266wifi.h,3
littlefs.h,3
pirs,3
structures.h,3
msgs.h,3
libudis86,3
diploma,3
inheritance,3
function-bind,3
has-symbols,3
has-tostringtag,3
mixins,3
full_serializers,3
colorfield,3
grade,3
course_forms,3
rest_framework_csv,3
basetypes,3
hierarchy,3
colorutils,3
wudesim_py,3
wntr,3
archs,3
rvo.h,3
agentparams.h,3
utils_dispersion_aligned_point_2d,3
$moduleshome,3
fuzzywuzzy,3
multiproc_helpers,3
hypervolume,3
inquirer,3
get_worst_graph,3
interval.h,3
string_decoder,3
bouncybinarysampler.h,3
base_options,3
adafruit_lis3mdl.h,3
adafruit_lsm9ds1.h,3
interval-tree,3
summ_eval,3
javax.swing.uimanager,3
javax.swing.border.,3
rpc_worker.h,3
face_verification.h,3
sgx_uae_service.h,3
mmintrin.h,3
suvm_lib_t.h,3
streamcube.h,3
mkpath.h,3
elasticnet,3
shape.h,3
fasta_lib,3
survidinri,3
easy_time.h,3
echo_packet.h,3
echo_packet_tbnet.h,3
psyco,3
pcaputil,3
packet,3
flair,3
pcg,3
prroc,3
ggraph,3
unittest2,3
lsttheory,3
github3,3
commit,3
pisocontrol.h,3
createfields.h,3
courantno.h,3
nanoflann.hpp,3
fvc.h,3
metalong,3
metagol,3
handlebars,3
unet,3
_pytest,3
disabled,3
sampling.h,3
any.h,3
rgbconvertmex.cpp,3
impadmex.cpp,3
convconst.cpp,3
imresamplemex.cpp,3
gradientmex.cpp,3
certifi,3
pillow_heif,3
liblzfse,3
gtrellis,3
rmysql,3
ensdb.hsapiens.v75,3
yapsa,3
bayesm,3
loo,3
sequences,3
${home},3
exiftool,3
cosnet,3
graph_coloring,3
device_launch_parameters.h,3
hemdag,3
timescan,3
configfile,3
fileoperations,3
allennlp_reasoning_explainqa,3
for-each-line,3
verify,3
distances,3
modtopoanalysis,3
modimpexp,3
lane_detector,3
openbabel,3
variablekiosk,3
crop,3
dbpn,3
dbpn_v1,3
shiboken6,3
encodings,3
attribute,3
imffloatattribute.h,3
dpxheader.h,3
testvarying.h,3
polynomf,3
parallaxsurveys,3
daft,3
nccl.h,3
codec.h,3
tuple.h,3
metadata.h,3
pointgroup.h,3
attributearraystring.h,3
pointattribute.h,3
pointmask.h,3
pointcount.h,3
gridtransformer.h,3
changebackground.h,3
levelsettracker.h,3
velocityfields.h,3
meshtovolume.h,3
leafnode.h,3
ast.h,3
functiontypes.h,3
customdata.h,3
prm,3
$kaldi_root,3
surveys_utils,3
searchplus.h,3
mime-types,3
mime-db,3
punycode,3
xmlhttprequest,3
surfer,3
lmms,3
turboparser,3
nbdx.h,3
raio_command.h,3
raio_buffer.h,3
raio_utils.h,3
reg_utils.h,3
microwatt_soc.h,3
fusesoc,3
func_maf_filter,3
func_hwe,3
mex_utils.hpp,3
untwister.h,3
dbbact_sequence_translator,3
sparse_embedding_cuda,3
submitit,3
prox,3
bf_pi.h,3
backprop.h,3
kmp.h,3
nw.h,3
viterbi.h,3
math_private.h,3
memhelper.h,3
bits.h,3
ammunition_string.h,3
audiobeamlibm.h,3
matmul_hw_mul_32seog.h,3
matmul_hw_mul_32sdee.h,3
minver_hwa_fsub_3ncg.h,3
minver_hwa_fmul_3ocq.h,3
minver_hwa_fdiv_3pca.h,3
minver_hwa_fpext_qck.h,3
minver_hwa_fcmp_3rcu.h,3
minver_hwa_dcmp_6sc4.h,3
abcerror.h,3
abcgl.h,3
abchwe.h,3
abcwritefasta.h,3
abccounts.h,3
abcsmartcounts.h,3
abcpsmc.h,3
abcmcall.h,3
chisquare.h,3
from_samtools.h,3
makereadpool.h,3
pop1_read.h,3
kmath.h,3
fpsmc.h,3
safcat.h,3
multisafreader.hpp,3
realsfs_shared.h,3
guarani,3
searches,3
picklestore,3
brownclusters,3
images,3
rdavidwebservice,3
hwcpipe,3
indexedview,3
counterview,3
schifra_erasure_channel.hpp,3
schifra_reed_solomon_interleaving.hpp,3
filetype,3
openreview,3
person,3
stop_words,3
citeproc,3
cli_pager.hpp,3
trace_option.hpp,3
winsdk_compat.h,3
apisurface.h,3
apitracefilter.h,3
qplaintextedit,3
qscrollbar,3
qscreen,3
qmetatype,3
profiledialog.h,3
qdesktopservices,3
qtextbrowser,3
qactiongroup.h,3
qstack,3
inject.h,3
d3d10imports.hpp,3
dllretrace,3
d3dretrace_dxgi.hpp,3
ws_win32.hpp,3
retrace,3
metric_writer.hpp,3
new.h,3
d3d9types,3
xnamath.h,3
directxpackedvector.h,3
dlopen.hpp,3
integrate,3
decision_tree,3
data_gen,3
flextable,3
officer,3
vtkdatasetsurfacefilter.h,3
vtkdelaunay3d.h,3
chaosmagpy,3
gutenbergdammit,3
diskcache,3
mendelianrandomization,3
piecewisewarp,3
_optimizers,3
cftime,3
attenuation,3
bias_and_noise,3
cfradial,3
uf,3
datatree,3
keloid_skin_mesh_4000,3
keloid_skin_mesh_44000,3
mining,3
region_loss,3
imghdr,3
fid,3
docker,3
netpredictor,3
visnetwork,3
lstm,3
msgbuf.h,3
pcap_track.h,3
timer_event.h,3
wc_event.h,3
oflops_snmp.h,3
module_run.h,3
aquaparamfeature.h,3
row,3
my_bowl_dataset,3
num,3
report.h,3
sink.h,3
hydro,3
metric.h,3
vutil.h,3
msarg_topars.h,3
projectile,3
playhouse,3
django_extensions,3
ini,3
openwhisk,3
commander,3
swad_agenda_database.h,3
swad_announcement_database.h,3
swad_report.h,3
swad_plugin_database.h,3
swad_xml.h,3
swad_bibliography.h,3
swad_bibliography_database.h,3
swad_rss.h,3
swad_closed_open.h,3
swad_test_database.h,3
swad_department_database.h,3
swad_duplicate.h,3
swad_info_database.h,3
swad_faq_database.h,3
swad_file_database.h,3
swad_firewall.h,3
swad_firewall_database.h,3
swad_changed.h,3
swad_mail.h,3
swad_timetable_database.h,3
swad_changelog.h,3
swad_timeline_who.h,3
swad_link.h,3
swad_link_database.h,3
swad_match_print.h,3
swad_project_config.h,3
swad_tag_type.h,3
swad_resource_type.h,3
swad_timeline_share.h,3
wfs,3
@eslint,3
project,3
crs,3
webserver,3
sim_lengths,3
md_simulation,3
periodictable,3
ref_help,3
xgboostexplainer,3
pyomo,3
winsound,3
cosmo_progs.c,3
cosmology.h,3
filter.c,3
dna,3
realfeatures,3
eftscaling,3
jobs,3
awkward,3
mplhep,3
hist,3
useful_utils,3
cpd_p,3
truncnorm,3
collresolve.h,3
cambioni2019,3
duck_3d,3
metamap,3
conceptlite,3
reprlib,3
affy,3
probability_model,3
conn_exceptions,3
ao-strs.h,3
stdnoreturn.h,3
option-xat-attribute.h,3
option-value-type.h,3
infotheo,3
tox,3
tracking,3
humpbacksir,3
opa_service.h,3
ips_proto_params.h,3
psm_config.h,3
am_cuda_memhandle_cache.h,3
cmarw.h,3
ips_epstate.h,3
ips_tid.h,3
ips_tidflow.h,3
ptl_ips.h,3
rational.h,3
numpy.h,3
dmrff,3
${juicedir},3
mwcsr,3
conv_gru_cell,3
var,3
nvvl,3
image_codec,3
video_encoder,3
roboschool,3
selfgrammarindex.h,3
clogger.h,3
grammar.h,3
csd.h,3
csampling.h,3
cqueuing.h,3
ccommunication.h,3
cpartition.h,3
octconv,3
disperse_io,3
lang_script.h,3
generated_ulscript.h,3
patybred,3
orange,3
repairers,3
genetic_operations,3
phuzzer,3
reporter,3
rd_james_dncomp.h,3
keystoneclient,3
monitor,3
recorder,3
fast,3
category,3
skgarden,3
datareader,3
planning_step,3
mlflow,3
nbcomet,3
decoder.h,3
lm.h,3
plotters,3
lorawan,3
img,3
swap.h,3
sofa.h,3
in,3
aiccmodavg,3
learntodrive,3
untangle,3
flask_migrate,3
fingerprints,3
pantomime,3
angular-in-memory-web-api,3
session.h,3
mystrnlen.h,3
tuner,3
${path},3
custom_layers,3
neural_renderer,3
plinkio,3
maxwell_ngbem,3
foresttools,3
optimize,3
snapshothandler.h,3
indexfunction.h,3
struct.h,3
hsp.h,3
fisher.h,3
fisherexacttest.h,3
likelihood_cache.h,3
snpfunctions.h,3
flask_limiter,3
flask_registry,3
sqlalchemy_utils,3
flask_oauthlib,3
lung_segmentation,3
logger_utils,3
sequence_record_functions_pipe,3
clustering.h,3
pander,3
ec2_utils,3
iam_utils,3
synchronisation,3
javax.mail.messagingexception,3
javax.mail.internet.addressexception,3
msr,3
pmudef,3
dump-util.h,3
application_util,3
moviepy,3
filler,3
siamese,3
yacs,3
multiworld,3
read_io.h,3
openai,3
rose,3
fselector,3
klar,3
conversion_utils,3
rewarder.h,3
gsva,3
ica,3
paramset.h,3
dsk.hpp,3
haystack,3
opensmokegreydiffusiveviewfactorfixedvaluefvpatchscalarfield.h,3
absorptioncoeffs.h,3
vector2d.h,3
fvmsup.h,3
createrdeltat.h,3
setrdeltat.h,3
localeulerddtscheme.h,3
fvcsmooth.h,3
batchreactorhomogeneousconstantpressure.h,3
batchreactorhomogeneousconstantvolume.h,3
batchreactorhomogeneousconstantpressurevirtualchemistry.h,3
compressiblecreatephi.h,3
odesystemvirtualclasswithopensmokevectors.h,3
arglist.h,3
odesolverutilities.h,3
pqxx,3
facenet,3
rng.h,3
amaz_datashaping,3
darknet19,3
amaz_optimizer,3
amaz_trainer_batchinbatch,3
layer_utils,3
sfxc_fft.h,3
delay_correction.h,3
correlation_core.h,3
multiple_data_readers_controller.h,3
log_writer_mpi.h,3
data_reader2buffer.h,3
output_header.h,3
ipps.h,3
tbrowser.h,3
ttimer.h,3
java.io.filefilter,3
com.fluxicon.slickerbox.components.roundedpanel,3
org.deckfour.uitopia.api.model.actiontype,3
org.deckfour.uitopia.api.model.parameter,3
org.processmining.contexts.uitopia.annotations.uiexportplugin,3
org.processmining.contexts.uitopia.model.promaction,3
javax.swing.filechooser.filefilter,3
org.processmining.contexts.uitopia.hub.overlay.progressoverlaydialog,3
org.processmining.framework.plugin.events.connectionobjectlistener,3
org.processmining.framework.plugin.events.providedobjectlifecyclelistener,3
org.deckfour.uitopia.api.event.tasklistener,3
org.processmining.contexts.uitopia.model.promtask,3
org.deckfour.uitopia.api.model.viewtype,3
javax.swing.swingworker,3
com.thoughtworks.xstream.converters.converterlookup,3
com.thoughtworks.xstream.mapper.mapper,3
org.processmining.contexts.uitopia.hub.serialization.promreferencemarshaller.referencelistener,3
org.processmining.contexts.uitopia.hub.promresourcemanager,3
org.processmining.contexts.uitopia.hub.promviewmanager,3
org.deckfour.uitopia.ui.overlay.twobuttonoverlaydialog,3
javax.swing.listcellrenderer,3
org.jgraph.graph.vertexview,3
org.processmining.framework.util.collection.multiset,3
java.util.concurrent.timeunit,3
org.processmining.framework.plugin.events.namechangelistener,3
java.lang.reflect.field,3
java.awt.event.mouselistener,3
java.awt.event.mousemotionlistener,3
javax.swing.icon,3
java.awt.geom.dimension2d,3
org.processmining.models.graphbased.abstractgraph,3
org.processmining.models.graphbased.abstractgraphnode,3
org.processmining.models.jgraph.modelowner,3
org.processmining.models.jgraph.promgraphmodel,3
org.processmining.models.jgraph.views.jgraphedgeview,3
org.jgraph.graph.defaultport,3
org.processmining.models.graphbased.directed.boundarydirectedgraphnode,3
org.processmining.models.jgraph.views.jgraphportview,3
org.jgraph.graph.portview,3
org.processmining.models.jgraph.elements.promgraphport,3
org.jgraph.graph.graphlayoutcache,3
org.processmining.models.shapes.shape,3
discgen_utils,3
softmaxregression,3
linearregression,3
lvq,3
qda,3
sklearn_lvq,3
h5fpublic.h,3
utils_3d,3
tasic2016data,3
+allyears[yearindex]+,3
"""$helper_file""",3
beanplot,3
benchcommon,3
parsing_utils,3
color_map,3
cvu_utils,3
java.util.function.predicate,3
dlpisubs.h,3
netpacket,3
packet32.h,3
ip6_misc.h,3
pcap-common.h,3
ntddndis.h,3
setsignal.h,3
getopt_long.h,3
atm.h,3
post_processor,3
pyvex.h,3
core_decomposition,3
kcore,3
cuda_hashmap,3
transport_maps,3
tleap_pyodide,3
openmmforcefields,3
usefulfunctions.h,3
deformation.h,3
computeocl.h,3
fefas-op.h,3
petsctime.h,3
tensorimpl.h,3
unixlib.h,3
ssdef.h,3
arm_arch.h,3
cmll_locl.h,3
ppc_arch.h,3
ui_locl.h,3
shapes,3
eval_metrics,3
gf_vect_mul.h,3
igzip_checksums.h,3
ixrtrackingsystem.h,3
roxplayercontroller.h,3
roxtypes.h,3
torchqrnn,3
pytorch_a2c_ppo_acktr,3
displaymanager.h,3
scenemanager.h,3
cubemap.h,3
stringcomparison.h,3
unknwn.h,3
sdl_keycode.h,3
" + key;
                r = ",3
dog,3
marshal,3
org.eclipse.viatra.query.runtime.matchers.psystem.basicenumerables.constantvalue,3
edu.toronto.cs.se.mmint.example.jase20.iso26262.gsn.,3
edu.toronto.cs.se.mmint.example.jase20.iso26262.gsn.safetygoal,3
edu.toronto.cs.se.mmint.example.jase20.iso26262.hara.,3
edu.toronto.cs.se.mmint.example.jase20.iso26262.sysml.item,3
edu.toronto.cs.se.mmint.example.jase20.iso26262.sysml.,3
org.eclipse.gmf.runtime.diagram.ui.tools.unspecifiedtypeconnectiontool,3
edu.toronto.cs.se.modelepedia.necsis14_databaseschema.databaseschema,3
edu.toronto.cs.se.modelepedia.necsis14_databaseschema.namedelement,3
edu.toronto.cs.se.modelepedia.necsis14_databaseschema.,3
edu.toronto.cs.se.modelepedia.kleisli.reasoning.kleislireasoner,3
org.eclipse.emf.edit.provider.childcreationextendermanager,3
edu.toronto.cs.se.mmint.mid.utils.midoperatorioutils,3
edu.toronto.cs.se.mmint.mid.diagram.edit.policies.modelrelopendiagrameditpolicy,3
org.eclipse.draw2d.ellipse,3
edu.toronto.cs.se.mmint.mid.diagram.expressions.midoclfactory,3
org.eclipse.gmf.runtime.diagram.ui.commands.setboundscommand,3
org.eclipse.gmf.runtime.notation.bounds,3
org.eclipse.gmf.runtime.notation.size,3
edu.toronto.cs.se.mmint.mid.diagram.edit.parts.wrappinglabel11editpart,3
edu.toronto.cs.se.mmint.mid.diagram.edit.parts.wrappinglabel13editpart,3
edu.toronto.cs.se.mmint.mid.diagram.edit.parts.wrappinglabel14editpart,3
edu.toronto.cs.se.mmint.mid.diagram.edit.parts.wrappinglabel15editpart,3
edu.toronto.cs.se.mmint.mid.diagram.edit.parts.wrappinglabel2editpart,3
edu.toronto.cs.se.mmint.mid.diagram.edit.parts.wrappinglabel4editpart,3
edu.toronto.cs.se.mmint.mid.diagram.edit.parts.wrappinglabel6editpart,3
edu.toronto.cs.se.mmint.mid.diagram.edit.parts.wrappinglabel8editpart,3
edu.toronto.cs.se.mmint.papyrus.papyrusfactory,3
edu.toronto.cs.se.mmint.primitive.file.filemodel,3
edu.toronto.cs.se.mmint.primitive.int_.int,3
edu.toronto.cs.se.mmint.primitive.boolean_.provider.booleanitemprovideradapterfactory,3
edu.toronto.cs.se.mmint.primitive.int_.provider.intitemprovideradapterfactory,3
edu.toronto.cs.se.mmint.primitive.string.provider.stringitemprovideradapterfactory,3
edu.toronto.cs.se.mmint.primitive.boolean_.booleanfactory,3
edu.toronto.cs.se.mmint.primitive.string.stringfactory,3
edu.toronto.cs.se.mmint.primitive.file.impl.filepackageimpl,3
edu.toronto.cs.se.mmint.primitive.int_.impl.intpackageimpl,3
edu.toronto.cs.se.mmint.primitive.string.impl.stringpackageimpl,3
edu.toronto.cs.se.mmint.primitive.file.,3
edu.toronto.cs.se.mmint.primitive.boolean_.impl.booleanpackageimpl,3
edu.toronto.cs.se.mmint.primitive.int_.,3
edu.toronto.cs.se.mmint.mid.relationship.diagram.expressions.midoclfactory,3
edu.toronto.cs.se.mmint.mid.relationship.diagram.edit.commands.binarymappingreference2createcommand,3
edu.toronto.cs.se.mmint.mid.relationship.diagram.edit.commands.binarymappingreference2reorientcommand,3
edu.toronto.cs.se.mmint.mid.relationship.diagram.edit.commands.binarymappingreferencecreatecommand,3
edu.toronto.cs.se.mmint.mid.relationship.diagram.edit.commands.binarymappingreferencereorientcommand,3
edu.toronto.cs.se.mmint.mid.relationship.diagram.part.middiagramupdater,3
edu.toronto.cs.se.mmint.mid.relationship.diagram.part.midnodedescriptor,3
edu.toronto.cs.se.mmint.mid.relationship.diagram.edit.parts.wrappinglabel10editpart,3
edu.toronto.cs.se.mmint.mid.relationship.diagram.edit.parts.wrappinglabel12editpart,3
edu.toronto.cs.se.mmint.mid.relationship.diagram.edit.parts.wrappinglabel14editpart,3
edu.toronto.cs.se.mmint.mid.relationship.diagram.edit.parts.wrappinglabel16editpart,3
edu.toronto.cs.se.mmint.mid.relationship.diagram.edit.parts.wrappinglabel18editpart,3
edu.toronto.cs.se.mmint.mid.relationship.diagram.edit.parts.wrappinglabel19editpart,3
edu.toronto.cs.se.mmint.mid.relationship.diagram.edit.parts.wrappinglabel20editpart,3
edu.toronto.cs.se.mmint.mid.relationship.diagram.edit.parts.wrappinglabel22editpart,3
edu.toronto.cs.se.mmint.mid.relationship.diagram.edit.parts.wrappinglabel23editpart,3
edu.toronto.cs.se.mmint.mid.relationship.diagram.edit.parts.wrappinglabel24editpart,3
edu.toronto.cs.se.mmint.mid.relationship.diagram.edit.parts.wrappinglabel26editpart,3
edu.toronto.cs.se.mmint.mid.relationship.diagram.edit.parts.wrappinglabel2editpart,3
edu.toronto.cs.se.mmint.mid.relationship.diagram.edit.parts.wrappinglabel4editpart,3
edu.toronto.cs.se.mmint.mid.relationship.diagram.edit.parts.wrappinglabel6editpart,3
edu.toronto.cs.se.mmint.mid.relationship.diagram.edit.parts.wrappinglabel8editpart,3
edu.toronto.cs.se.mmint.mid.ui.middialogcancellation,3
org.eclipse.emf.ecore.util.edatatypeuniqueelist,3
edu.toronto.cs.se.mmint.mid.impl.midpackageimpl,3
edu.toronto.cs.se.mmint.mid.operator.impl.operatorpackageimpl,3
edu.toronto.cs.se.mmint.mid.relationship.impl.relationshippackageimpl,3
org.eclipse.emf.common.util.emap,3
edu.toronto.cs.se.mmint.mid.editor.impl.editorpackageimpl,3
edu.toronto.cs.se.modelepedia.classdiagram.diagram.part.classdiagramdiagramupdater,3
edu.toronto.cs.se.modelepedia.classdiagram.diagram.part.classdiagramnodedescriptor,3
edu.toronto.cs.se.modelepedia.classdiagram.diagram.part.classdiagramdiagrameditor,3
org.eclipse.gmf.runtime.diagram.ui.printing.render.actions.enhancedprintactionhelper,3
org.eclipse.gmf.runtime.diagram.ui.printing.render.actions.renderedprintpreviewaction,3
edu.toronto.cs.se.mmint.types.fta.gatelogic,3
edu.toronto.cs.se.modelepedia.gsn.provider.gsneditplugin,3
edu.toronto.cs.se.mmint.types.gsn.productline.plgsnfactory,3
edu.toronto.cs.se.mmint.types.gsn.templates.util.decompositionutils,3
edu.toronto.cs.se.mmint.types.gsn.templates.reasoning.igsndecompositiontrait,3
org.eclipse.emf.common.util.diagnosticchain,3
org.eclipse.emf.ecore.util.eobjectvalidator,3
edu.toronto.cs.se.modelepedia.istar.diagram.part.istardiagrameditor,3
edu.toronto.cs.se.modelepedia.relationaldatabase.diagram.part.relationaldatabasediagrameditor,3
edu.toronto.cs.se.modelepedia.relationaldatabase.diagram.part.relationaldatabasediagramupdater,3
edu.toronto.cs.se.modelepedia.relationaldatabase.diagram.part.relationaldatabasenodedescriptor,3
edu.toronto.cs.se.modelepedia.relationaldatabase.namedelement,3
edu.toronto.cs.se.modelepedia.relationaldatabase.,3
edu.toronto.cs.se.modelepedia.sequencediagram.messagetype,3
edu.toronto.cs.se.modelepedia.statemachine.diagram.edit.policies.statemachinebaseitemsemanticeditpolicy,3
edu.toronto.cs.se.modelepedia.statemachine.diagram.edit.policies.statemachinetextselectioneditpolicy,3
edu.toronto.cs.se.modelepedia.statemachine.diagram.edit.commands.transitioncreatecommand,3
edu.toronto.cs.se.modelepedia.statemachine.diagram.edit.commands.transitionreorientcommand,3
edu.toronto.cs.se.modelepedia.statemachine.diagram.part.statemachinediagrameditor,3
edu.toronto.cs.se.modelepedia.statemachine.firingelement,3
edu.toronto.cs.se.modelepedia.statemachine.,3
torch_tools,3
org.dom4j.tree.defaultattribute,3
org.relaxng.datatype.datatypeexception,3
org.relaxng.datatype.validationcontext,3
org.dom4j.util.singletonstrategy,3
org.dom4j.dtd.internaldeclaration,3
org.dom4j.cdata,3
javax.xml.transform.sax.saxresult,3
org.dom4j.comment,3
org.dom4j.nodefilter,3
buse.h,3
topkheader.h,3
config_keys.h,3
maprepresentationinterface.h,3
octomap_server,3
pcl_ros,3
octomap,3
dataset1.h,3
pngconf.h,3
ieeefp.h,3
mlibcore.h,3
mlibcore.cpp,3
cwctype,3
newicklex.h,3
tf_utils,3
capnp,3
flowmatchdecoder.h,3
scp,3
multicore,3
grp,3
yattag,3
luigi,3
expreplay,3
ccspi.h,3
data_types.h,3
netapp.h,3
objathor,3
arm_test,3
scf,3
create,3
diff,3
aiger.h,3
eoinit.h,3
eo,3
eoreducemergereduce.h,3
eoge.h,3
eogeinit.h,3
eogequadcrossover.h,3
eogemutation.h,3
gespiral.h,3
reeberanalysis.h,3
lightconeparticle.h,3
agn_f.h,3
amrex_conduit_blueprint.h,3
ascent.hpp,3
amrex_neighborparticles.h,3
amrex_amrparticles.h,3
eos_hc.h,3
amrex_sundials.h,3
acoutput.h,3
actypes.h,3
opt_acpi.h,3
opt_ddb.h,3
windowsx.h,3
acpixtract.h,3
inits,3
tactarphysics.h,3
tmdmphysicsminimizer.h,3
tmdmphysics.h,3
tgrapherrors.h,3
tserversocket.h,3
trandom2.h,3
tcatsphysics.h,3
tforwardarrayphysics.h,3
tmust2data.h,3
tsplitpolephysics.h,3
logkde,3
kps,3
size,3
count,3
tclass.h,3
fiberfunction.h,3
qvector4d,3
plugindata.h,3
fileio.h,3
renderbundle.h,3
vertex.h,3
qstylefactory,3
pxdeepoutpixel.h,3
dtex.h,3
imfchannellist.h,3
imfdeepscanlineoutputfile.h,3
imathbox.h,3
reasoner,3
negativesgenerator,3
justificationfinder,3
dependencyreducer,3
rtk23,3
sigr,3
fft,3
sigprofilerassignment,3
tfidf,3
xray,3
backends,3
alignment,3
geor,3
rotation_tools,3
starrotate,3
pydoe,3
uvotpy,3
line_analysis_bsnip,3
spectroscopy,3
divsufsort.h,3
libzpaq.h,3
scores,3
fish_block,3
fishnet,3
frn,3
switchwhiten,3
sync_switchwhiten,3
compile_phase,3
classifications,3
tools_info,3
sifter,3
microplugin,3
rouge,3
idc,3
arc4.h,3
dct.h,3
extraction.h,3
rpp.h,3
socket.io,3
ovirtsdk4,3
conexion,3
theimagingsource,3
eslint,3
java.util.abstractmap,3
ransac_detector,3
processor,3
overlays,3
skeleton,3
commandidentifier.h,3
confirmmatch.h,3
dir.h,3
removeifnotchanged.h,3
hashdb.h,3
fileaction.h,3
sdirname.h,3
sbasename.h,3
ncurses-status.h,3
pcre2.h,3
ncurses-prompt.h,3
positive_wcwidth.h,3
ncdf4.helpers,3
icd,3
icdplus,3
ase_mbx,3
ase_md_npt,3
patchmap.hpp,3
i,3
fd,3
descriptors,3
kiss_fft.h,3
_kiss_fft_guts.h,3
syslog,3
pyconfhoardcommon,3
key,3
data_repo_handler,3
helper_functions,3
denoiser,3
efind_flushing_manager.h,3
fast_flush_module.h,3
flashdbsim_capi.h,3
fortree_nodeset.h,3
lwgeom_geos.h,3
lwgeom_log.h,3
statistical_processing.h,3
storage_handler.h,3
lwgeom_pg.h,3
calibration_store,3
simulate_array,3
acoustics,3
compute_echograms,3
apply_source_signals,3
rec_module,3
sph_array_characteristics,3
tsdf,3
utils_string.h,3
utils_matrix.h,3
cusparse.h,3
cusolversp.h,3
smithwaterman.hpp,3
phyclip_modulex,3
phyilpx_stats,3
daemonize,3
rpyc,3
dirac,3
suds,3
baselinemultilogreg,3
syntheticdatageneration,3
rte_common.h,3
rte_memcpy.h,3
rte_atomic.h,3
rte_lcore.h,3
rte_branch_prediction.h,3
rte_ether.h,3
rte_ethdev.h,3
rte_ring.h,3
rte_mbuf.h,3
rte_cycles.h,3
ans_init.h,3
ans_main.h,3
rte_eal.h,3
anssock_intf.h,3
ans_errno.h,3
power_spectrum,3
imureader.h,3
cw_attack_random,3
bertmodel,3
seqbacklstm,3
mps_uniform_pinv,3
pyfasta,3
queryresults.h,3
forb.h,3
scoringobject.h,3
timeutil.h,3
types_six_dof_expmap.h,3
edge_se3.h,3
gnumeric-features.h,3
gnumeric.h,3
pure-loader.h,3
application.h,3
gmodule.h,3
gotodlg.h,3
tabstopdlg.h,3
evalview.h,3
qpadview.h,3
composite,3
group,3
spatial_correlation_sampler,3
regression,3
gmt,3
transducers.h,3
lbfgs,3
lbspr,3
doublet_detector,3
nd2reader,3
temperature.h,3
laprune,3
prune,3
review,3
datagen,3
_argument,3
_comment_bold_italic,3
_parser_function,3
_wikilist,3
rs.h,3
rconfig.h,3
vizdoomgoalenv,3
base_embodied_env,3
glfw3.h,3
shader.hpp,3
qumat,3
braket,3
amrex_mlebabeclap.h,3
amrex_mlebtensorop.h,3
amrex_ebfabfactory.h,3
amrex_eb_utils.h,3
amrex_mltensorop.h,3
outflowbc.h,3
ns_util.h,3
amrex_mlnodelaplacian.h,3
amrex_fillpatchutil.h,3
turbulentforcing_params.h,3
syncregister.h,3
regtype.h,3
crabpdbi,3
adaformat,3
gtktreemodelrefcount.h,3
wepy_tools,3
sims,3
phas,3
geno.h,3
snps.h,3
ionospheric_layer_trace,3
mm.h,3
device_database,3
ptmx.h,3
libexploit,3
nodetypes.h,3
ifnode.h,3
fornormalnode.h,3
declarationnode.h,3
codeserializationfactory.h,3
executionstrategyconcrete_serial.h,3
commontypes_conditionals.h,3
schedulercodef.h,3
schedulerutils.h,3
userlog,3
avl.h,3
enc.h,3
wn,3
io_tools.hpp,3
find_outlines,3
summarize,3
prolog,3
data_handler,3
digest,3
blocks,3
rnn_models_wiki,3
fexpr.h,3
nonstd,3
grammar,3
gram_savitzky_golay,3
win32process,3
_thread,3
qpointf,3
color.h,3
hdtit.hpp,3
libcdssdarray.h,3
npr.h,3
ssa.h,3
userdict,3
parsedvocabulary,3
faz_eddsa_avx2.h,3
faz_hash_avx2.h,3
keccaksponge.h,3
brg_endian.h,3
keccakp-1600-snp.h,3
ngraph.expose,3
rsaga,3
randomforestsrc,3
plotkml,3
ctp,3
dataformatsemcal,3
emcal,3
detectorsraw,3
glo,3
thnsparse.h,3
tefficiency.h,3
thstack.h,3
mchbase,3
mchdigitfiltering,3
midbase,3
tofbase,3
dataformatstof,3
tpcbaserecsim,3
poisson,3
has_frame,3
quadric,3
flat_surface,3
paraboloid,3
fast-glob,3
tsafilter,3
tsaview,3
galprops,3
tf_util,3
d3-dispatch,3
d3-color,3
d3-transition,3
ora,3
cfenv,3
preresnet,3
key_schedule.h,3
jupyter_client,3
heap-def.h,3
qsort-def.h,3
kdtree2.hpp,3
pkgload,3
no_ref,3
mocksurvey,3
skimr,3
it.unimi.dsi.webgraph.,3
it.unimi.dsi.fastutil.ints.,3
k2tree-impl.h,3
mobmods,3
util_index,3
usb_data.h,3
matstor.h,3
rtwchannel,3
ncdf,3
gsodtools,3
bcftools,3
kaln.h,3
bam_tview.h,3
acl.h,3
graphutils.h,3
timestats.h,3
strptime2.h,3
layer_tree,3
saas,3
pyplugin_installer,3
drone,3
lm_rnn,3
ipykernel,3
roialign.h,3
batch_norm,3
mask_head,3
keypoint_head,3
stomp,3
node-uuid,3
convcap,3
vggfeats,3
coco_loader,3
example_startup,3
topgo,3
sources,3
guest_amd64_defs.h,3
guest_generic_x87.h,3
guest_generic_helpers.h,3
guest_arm64_defs.h,3
guest_nanomips_defs.h,3
libvex_guest_ppc32.h,3
libvex_guest_ppc64.h,3
libvex_guest_riscv64.h,3
guest_riscv64_defs.h,3
libvex_guest_s390x.h,3
guest_s390_defs.h,3
s390_defs.h,3
libvex_guest_x86.h,3
host_generic_simd256.h,3
host_arm64_defs.h,3
host_generic_imm8_def.h,3
host_nanomips_defs.h,3
host_riscv64_defs.h,3
host_x86_defs.h,3
preact,3
featurefilter_functions,3
featurereference_functions,3
tcav,3
parse_acl2,3
rfutilities,3
rcpproll,3
gbm,3
zoneinfo,3
resolve,3
tenant_schemas,3
url-parse,3
qobject.h,3
choix.h,3
threads.h,3
visualise_classifier,3
randomsentence,3
geojson,3
rd_schnakenberg.h,3
rgbcolor,3
stackblur,3
meautility,3
fitness,3
estimator,3
reluplex.h,3
luajit-2.0,3
agi.foundation.compatibility.threadhelper,3
agi.foundation.compatibility.idisposable,3
agi.foundation.compatibility.stringcomparison,3
agi.foundation.compatibility.delegate,3
agi.foundation.compatibility.arrayhelper,3
cesiumlanguagewriter.nearfarscalarcesiumwriter,3
agi.foundation.compatibility.annotations.internal,3
cesiumlanguagewriter.sensorvolumeportiontodisplaycesiumwriter,3
java.time.dayofweek,3
cesiumlanguagewriter.stringcesiumwriter,3
cesiumlanguagewritertests.,3
agi.foundation.compatibility.iterablehelper,3
bamoutput.h,3
chimericsegment.h,3
chimericdetection.h,3
parameterschimeric.h,3
clipcr4.h,3
clipmate.h,3
funcompareuintandsuffixes.h,3
funprimaryalignmark.h,3
supertranscriptome.h,3
sjdbloadfromfiles.h,3
sjdbprepare.h,3
genomesaindex.h,3
mapthreadsspawn.h,3
signalfrombam.h,3
parameterssolo.h,3
solobarcode.h,3
sjalignsplit.h,3
sjdbloadfromstream.h,3
soloinputfeatureumi.h,3
alignvstranscript.h,3
pony,3
colorcet,3
pybreaker,3
_util,3
vectorset,3
testbench,3
meshing_ats,3
calculations,3
alphashape,3
pair_model,3
test_certificates.h,3
dns64.h,3
tcpip,3
adyg_cli_internal.h,3
bootstrapped_connection.h,3
upstream_doh.h,3
upstream_dot.h,3
stm32f10x_conf.h,3
core_cm4_simd.h,3
..\..\source\portable\owatcom\16bitdos\pc\portmacro.h,3
..\..\source\portable\owatcom\16bitdos\flsh186\portmacro.h,3
libfreertos,3
..\..\source\portable\iar\msp430\portmacro.h,3
..\..\source\portable\rvds\arm7_lpc21xx\portmacro.h,3
..\..\source\portable\iar\atmelsam7s64\portmacro.h,3
..\..\source\portable\iar\atmelsam9xe\portmacro.h,3
..\..\source\portable\iar\lpc2000\portmacro.h,3
..\..\source\portable\iar\str71x\portmacro.h,3
..\..\source\portable\iar\str75x\portmacro.h,3
..\..\source\portable\gcc\str75x\portmacro.h,3
..\..\source\portable\iar\str91x\portmacro.h,3
..\..\source\portable\paradigm\tern_ee\small\portmacro.h,3
..\..\source\portable\softune\mb96340\portmacro.h,3
..\portable\bcc\16bitdos\pc\prtmacro.h,3
..\portable\bcc\16bitdos\flsh186\prtmacro.h,3
projdefs.h,3
portable.h,3
deprecated_definitions.h,3
mpu_wrappers.h,3
tasks_test_access_functions.h,3
stm32f4xx_conf.h,3
finsh_ops.h,3
msh.h,3
dfs_posix.h,3
rtconfig.h,3
cpsc_model,3
localsearch.h,3
resultregister.h,3
alglibmisc.h,3
arclength-param.hpp,3
controller-wrapper.hpp,3
visionworker.h,3
vision-velocity.hpp,3
logging.hpp,3
netraw.h,3
messages_robocup_ssl_detection.pb.h,3
messages_robocup_ssl_geometry.pb.h,3
messages_robocup_ssl_wrapper.pb.h,3
torchvision4ad,3
mvtec_ad,3
tne,3
nnmodels,3
mysql_embed.h,3
violite.h,3
dbengine.h,3
lex.h,3
repl_failsafe.h,3
sp_head.h,3
sp.h,3
cle,3
gasp,3
@arranger,3
react-component-component,3
dtwclust,3
common_objects,3
helper_gradient_framework,3
log_level,3
compress,3
paths.h,3
iterativemethod,3
attrdict,3
@capacitor,3
pyelastix,3
app_case_data,3
pyteomics,3
neuroml,3
infimnist.h,3
givaro,3
bsgenome.hsapiens.ucsc.hg38,3
poppy,3
xpose4,3
mpfi.h,3
light_curve_util,3
common3d,3
max30102.h,3
combaseapi.h,3
matrix2latex,3
model_component,3
factor,3
minibatch_loop,3
factor_graph,3
posterior,3
xjson,3
layouts,3
itksimpleregistrationimagecoordinator.h,3
itkfixedarray.h,3
itkimagetoimagemetric.h,3
hidapi.h,3
osctypes.h,3
oscreceivedelements.h,3
allocv,3
glv,3
allosphere,3
appnode,3
query-string,3
causalgraph.h,3
spiceypy,3
flask_restx,3
get_ncbi_details,3
get_ena_details,3
masked_cross_entropy,3
undirectedgraph.h,3
linkagemapping,3
detection_utils,3
cityscapes,3
train_loop,3
deform_conv,3
retinanet,3
fast_rcnn,3
xml_parser,3
mister_skinnylegs,3
sqlcipher3,3
famevent,3
frailtypack,3
config_ap,3
client_middlewares,3
multipart,3
aiofastnet,3
web_routedef,3
web_server,3
keyword,3
framelib_object.h,3
framelib_ternary_objects.h,3
framelib_io_helper.h,3
framelib_paddedvector.h,3
framelib_timebuffer_template.h,3
framelib_vector_template.h,3
framelib_edges.h,3
unet3d,3
synthpop,3
hexdump,3
xtpsend,3
xbeedevice,3
face_alignment,3
deprecation,3
lambdas,3
realtime,3
flows_celeba,3
corrplots,3
sock_utils.h,3
iface_vis.h,3
iface_vision_msg.hpp,3
xtensor,3
data_loaders,3
rneo4j,3
edu.stanford.math.plex4.streams.impl.vietorisripsstream,3
edu.stanford.math.primitivelib.autogen.formal_sum.objectsparseformalsum,3
edu.stanford.math.primitivelib.algebraic.impl.modularintfield,3
edu.stanford.math.primitivelib.autogen.algebraic.intabstractfield,3
edu.stanford.math.plex4.homology.barcodes.annotatedbarcodecollection,3
edu.stanford.math.plex4.api.filteredstreaminterface,3
edu.stanford.math.plex4.api.persistencealgorithminterface,3
log.hpp,3
analysistools,3
gdal_priv.h,3
minuit_wrap,3
iminuit,3
bloom_filter.hpp,3
sqlrender,3
kitti,3
r_common.h,3
tcpconn.h,3
proto_mod.h,3
h5ipublic.h,3
solarmodel.h,3
graph_genome,3
ortools,3
get_arr,3
phanns_f,3
qrcode-terminal,3
torchgan,3
bbmle,3
bar,3
a.b,3
dojo.fx.easing,3
some,3
dijit.menu,3
dijit.form.button,3
 + grid.id + ,3
dojox.lang.oo.decorator,3
dojox.mobile,3
dijit,3
dojox.socket,3
dojox.wire.compositewire,3
java.applet.applet,3
javax.ejb.accesstimeout,3
javax.ejb.asynchronous,3
javax.ejb.startup,3
nz.ac.auckland.abi.businesslogic.femmodelsbeanremote,3
nz.ac.auckland.abi.icmaconfiguration.cmscontent,3
nz.ac.auckland.abi.dcm4chee.studyrecord,3
javax.persistence.generatedvalue,3
javax.persistence.generationtype,3
java.nio.bytebuffer,3
java.net.urlconnection,3
org.jboss.logging.logger,3
org.jboss.logging.logger.level,3
dicomio,3
rest_framework_gis,3
binarized_modules,3
bbox_transform,3
shuffle,3
spectral_embedding_,3
pyamg,3
sem,3
diagnostic_images,3
sigfig,3
dendrocat,3
make_custom_mask,3
exportfits_cli,3
repurposer,3
neural_network_repurposer,3
prob_base,3
org.applause.lang.applausedsl.resturl,3
org.applause.lang.applausedsl.actionverb,3
org.applause.lang.applausedsl.screenkind,3
org.applause.lang.services.applausedslgrammaraccess,3
org.applause.lang.applausedsl.,3
org.applause.lang.applausedsl.attributereference,3
org.applause.lang.applausedsl.platform,3
org.applause.lang.applausedsl.platformmapping,3
org.applause.lang.applausedsl.referrableelement,3
org.applause.lang.applausedsl.typemapping,3
public,3
miepython,3
k2636,3
data_decoder,3
siamese_net_couple,3
net_solver,3
siamese_single_net,3
single_net_solver,3
bootloader.h,3
board_info.h,3
cdt.h,3
si1060_defs.h,3
freq_hopping.h,3
pins_user.h,3
golay.h,3
parse.h,3
singlecrystal.h,3
slipharden.h,3
visco_flow.h,3
biglm,3
tgmath.h,3
psdd,3
stm32f4xx_hal_gpio.h,3
stm32f4xx_hal.h,3
ssd1306.h,3
shinyapps,3
geneplotter,3
pwr,3
svgutils,3
cairosvg,3
justext,3
abstractpeakcalculator.h,3
rvtmotiondialog.h,3
distribution.h,3
qwt_legend.h,3
qwt_symbol.h,3
abstractrvtmotiondialog.h,3
configureplotdialog.h,3
crustalamplification.h,3
crustalmodel.h,3
depthcombobox.h,3
linearelasticcalculator.h,3
location.h,3
outputexportdialog.h,3
motiontypedelegate.h,3
qclipboard,3
qdomdocument,3
qdomelement,3
qmimedata,3
qcontextmenuevent,3
nonlinearpropertyoutput.h,3
pathdurationmodel.h,3
qflags,3
simcross,3
benefits_ho,3
model_and_data_serialization,3
summaries,3
glove_loader,3
festat.hpp,3
tracker,3
netioapi.h,3
acnet_models_v1,3
vroom,3
gdsfmt,3
hal_delay.h,3
hal_task_scheduler.h,3
nrf_drv_config.h,3
nrf_drv_common.h,3
phy_plme_pib.h,3
mac_mlme_beacon_notify.h,3
sec_aes_ccm.h,3
hal_timer.h,3
hal_timer_critical.h,3
ral_api_spec.h,3
hal_debug_interface.h,3
hal_trace_interface.h,3
hal_sleep.h,3
ant_key_manager_config.h,3
ant_bpwr_pages.h,3
ant_bpwr_local.h,3
ant_bpwr_simulator_local.h,3
ant_bsc_pages.h,3
ant_bsc_local.h,3
ant_bsc_simulator_local.h,3
ant_hrm_pages.h,3
ant_hrm_local.h,3
ant_hrm_simulator_local.h,3
ant_sdm_pages.h,3
ant_sdm_local.h,3
ant_sdm_simulator_local.h,3
es_util.h,3
nrf6310.h,3
pca10001.h,3
pca10003.h,3
pca20006.h,3
pca10028.h,3
pca10031.h,3
pca10036.h,3
pca10056.h,3
pca10100.h,3
pca10112.h,3
pca20020.h,3
pca10059.h,3
wt51822.h,3
n5_starterkit.h,3
d52_starterkit.h,3
arduino_primo.h,3
sparkfun_nrf52840_mini.h,3
custom_board.h,3
adns2080.h,3
bh1745.h,3
bh1745_internal.h,3
ccs811.h,3
ccs811_internal.h,3
cherry8x16.h,3
ds1624.h,3
hts221.h,3
hts221_internal.h,3
lis2dh12.h,3
lis2dh12_internal.h,3
lps22hb.h,3
lps22hb_internal.h,3
max9850.h,3
mcp4725.h,3
mpu6050.h,3
nrf21540_macro.h,3
nrf_egu.h,3
nrf6350.h,3
pcal6408a.h,3
pcal6408a_internal.h,3
sx1509b.h,3
sx1509b_internal.h,3
synaptics_touchpad.h,3
uda1380.h,3
sdio_config.h,3
nrf_atfifo_internal.h,3
nrf_wdt.h,3
nrf_cli_ble_uart.h,3
nrf_cli_vt100.h,3
nrf_log_str_formatter.h,3
crys_aesccm_error.h,3
crys_chacha_poly_error.h,3
crys_kdf_error.h,3
crys_hmac_error.h,3
ocrypto_ecdsa_p256.h,3
ocrypto_hmac_sha256.h,3
ocrypto_hmac_sha512.h,3
optiga_backend_utils.h,3
nrf_crypto_aead_backend.h,3
nrf_crypto_ecc_backend.h,3
nrf_crypto_ecdh_backend.h,3
cc310_bl_backend_ecdh.h,3
mbedtls_backend_ecdh.h,3
oberon_backend_ecdh.h,3
micro_ecc_backend_ecdh.h,3
optiga_backend_ecdh.h,3
nrf_crypto_ecdsa_backend.h,3
mbedtls_backend_ecdsa.h,3
oberon_backend_ecdsa.h,3
micro_ecc_backend_ecdsa.h,3
optiga_backend_ecdsa.h,3
nrf_crypto_eddsa_backend.h,3
cc310_backend_eddsa.h,3
nrf_crypto_hmac_backend.h,3
sdk_alloca.h,3
nrf_crypto_allocator.h,3
nrf_stack_info.h,3
nrf_hw_backend_rng.h,3
nrf_csense_macros.h,3
nrf_drv_comp.h,3
nrfx_adc.h,3
ecc.h,3
fds_internal_defs.h,3
app_gpiote.h,3
hci_transport.h,3
nrf_log_ctrl_internal.h,3
nrf_pt.h,3
app_usbd_audio_types.h,3
app_usbd_audio_desc.h,3
app_usbd_audio_internal.h,3
app_usbd_cdc_desc.h,3
app_usbd_cdc_acm_internal.h,3
app_usbd_dummy_types.h,3
app_usbd_dummy_internal.h,3
app_usbd_hid_generic_desc.h,3
app_usbd_hid_generic_internal.h,3
app_usbd_hid_kbd_desc.h,3
app_usbd_hid_kbd_internal.h,3
app_usbd_hid_mouse_desc.h,3
app_usbd_hid_mouse_internal.h,3
app_usbd_msc_types.h,3
app_usbd_msc_desc.h,3
app_usbd_msc_scsi.h,3
app_usbd_msc_internal.h,3
app_usbd_nrf_dfu_trigger_types.h,3
app_usbd_nrf_dfu_trigger_internal.h,3
sdk_mapped_flags.h,3
nrf_sd_def.h,3
nrf_gzll_resources.h,3
nrf_esb_resources.h,3
nfc_ac_rec_parser.h,3
nfc_le_oob_rec_parser.h,3
nfc_ble_pair_lib.h,3
nfc_platform.h,3
nrfx_nfct.h,3
nfc_tlv_block.h,3
nrf_gzll_constants.h,3
nrf_gzp_config.h,3
conn_mw_items.c,3
conn_mw.h,3
cmsis_armclang_ltm.h,3
cmsis_iccarm.h,3
iccarm_builtin.h,3
softdevice_handler.h,3
aes_alt.h,3
arc4_alt.h,3
blowfish_alt.h,3
camellia_alt.h,3
des_alt.h,3
havege.h,3
md2_alt.h,3
md4_alt.h,3
md5_alt.h,3
ecdsa.h,3
pkcs11-helper-1.0,3
ripemd160.h,3
sha1_alt.h,3
sha256_alt.h,3
sha512_alt.h,3
ssl_ciphersuites.h,3
dhm.h,3
ecdh.h,3
ecjpake.h,3
threading_alt.h,3
timing_alt.h,3
xtea_alt.h,3
ssi_pal_mutex_plat.h,3
nrf_cc310_bl_hash_common.h,3
lc-switch.h,3
lc.h,3
yfuns.h,3
rt_sys.h,3
rt_misc.h,3
__libc.h,3
__vfprintf.h,3
nrfx_comp.h,3
nrfx_lpcomp.h,3
nrfx_pdm.h,3
nrfx_power.h,3
nrfx_pwm.h,3
nrfx_qdec.h,3
nrfx_rng.h,3
nrfx_saadc.h,3
nrfx_spis.h,3
nrf_drv_swi.h,3
nrfx_swi.h,3
nrfx_systick.h,3
nrfx_twim.h,3
nrfx_twi.h,3
nrfx_twis.h,3
nrfx_uarte.h,3
nrfx_uart.h,3
nrfx_usbd.h,3
nrf_drv_usbd_errata.h,3
nrfx_wdt.h,3
sdk_resources.h,3
nrfx_saadc_v2.h,3
nrf51_bitfields.h,3
nrf51_deprecated.h,3
nrf52805.h,3
nrf52805_bitfields.h,3
nrf52810.h,3
nrf52810_bitfields.h,3
nrf52810_name_change.h,3
nrf52811.h,3
nrf52811_bitfields.h,3
nrf52820.h,3
nrf52820_bitfields.h,3
nrf52833_to_nrf52820.h,3
nrf52.h,3
nrf52_bitfields.h,3
nrf52_name_change.h,3
nrf52833.h,3
nrf52833_bitfields.h,3
nrf51_to_nrf52840.h,3
nrf52_to_nrf52840.h,3
nrf5340_application.h,3
nrf5340_application_bitfields.h,3
nrf5340_network.h,3
nrf5340_network_bitfields.h,3
nrf9160.h,3
nrf9160_bitfields.h,3
nrf9160_name_change.h,3
nrf51_erratas.h,3
nrf52_erratas.h,3
nrf53_erratas.h,3
nrf91_erratas.h,3
nrf51_peripherals.h,3
nrf52805_peripherals.h,3
nrf52810_peripherals.h,3
nrf52811_peripherals.h,3
nrf52820_peripherals.h,3
nrf52832_peripherals.h,3
nrf52833_peripherals.h,3
nrf52840_peripherals.h,3
nrf5340_application_peripherals.h,3
nrf5340_network_peripherals.h,3
nrf9160_peripherals.h,3
system_nrf5340_application.h,3
nrfx_config.h,3
nrfx_glue.h,3
nrfx_atomic.h,3
nrfx_atomic_internal.h,3
example_common.h,3
light_lightness_mc.h,3
app_sensor.h,3
access_config.h,3
proxy.h,3
mesh_provisionee.h,3
nrf_drv_pwm.h,3
serial_doc_gen,3
ble_app_gzll_common.h,3
nrf_gzllde_params.h,3
drawellipse,3
xdgmm,3
qmap_class,3
raytrace.h,3
alerta,3
opentype.js,3
eval_loss,3
hismaker.hh,3
averagingwriter.h,3
aocommon,3
packing,3
flax,3
pyric,3
line_tree.h,3
degree_coordinate_system.h,3
utm_coordinate_system.h,3
kml_writer.h,3
qpair,3
threadpool.h,3
ansi2html,3
scpipelines,3
scorer,3
base_setup,3
datafiles,3
pca,3
shared_trajectory,3
wavenet,3
haplotypepanel.h,3
hmm.h,3
multigraph.h,3
graphalignerunique.h,3
quadratization,3
track_info,3
inout,3
phenorank,3
oxm-match.def,3
fault.h,3
stp.h,3
opennlp.tools.sentdetect.sentencedetectorme,3
opennlp.tools.sentdetect.sentencemodel,3
viridislite,3
pfor.hpp,3
aes_rng.h,3
spotipy,3
actgetdata,3
rank,3
astropy_helpers,3
oscopebootstrap,3
oscope,3
_optional,3
_csv,3
apscheduler,3
antlr3tokenstream.h,3
antlr3bitset.h,3
antlr3commontreeadaptor.h,3
simple.h,3
experiment_builder,3
pytinyrenderer,3
flare,3
escape-html,3
ioredis,3
countdata,3
cnpsolver,3
ekphrasis,3
manynames,3
imbalanced_databases,3
common_datasets,3
_condensednn,3
_tomeklinkremoval,3
request-promise-native,3
gazebo2rviz,3
inception_resnet_v2,3
vel,3
m2crypto,3
golib,3
commands.hpp,3
gpg.hpp,3
parse_options.hpp,3
coprocess.hpp,3
batch_iterators,3
pykwalify,3
schedule_dag,3
tracer.h,3
augment,3
q8dig.h,3
nifti1_io.h,3
locationvalue.h,3
luashim.h,3
qglobal.h,3
dice.h,3
valgrind,3
adhocplugin.h,3
disconodehandler.h,3
bytestream.h,3
messagefilter.h,3
tlshandler.h,3
dataformfieldcontainer.h,3
messagesession.h,3
dataform.h,3
pubsub.h,3
simanager.h,3
pnglibconf.h,3
crypto_hash_sha512.h,3
crypto_stream_xsalsa20.h,3
ogg,3
decompose.h,3
geomreindex.h,3
mapio.h,3
terrain.h,3
matrix3d.h,3
mathutil.h,3
netmessages.h,3
netserver.h,3
netstats.h,3
devicecommandcontext.h,3
scriptconversions.h,3
scripttypes.h,3
scriptextraheaders.h,3
icmpfootprint.h,3
icmpobstruction.h,3
icmpobstructionmanager.h,3
icmpownership.h,3
icmpwatermanager.h,3
icmpselectable.h,3
icmptemplatemanager.h,3
icmpunitmotion.h,3
icmpunitrenderer.h,3
icmpvisibility.h,3
binaryserializer.h,3
iserializer.h,3
componentmanager.h,3
icomponent.h,3
entity.h,3
editablelistctrlcommands.h,3
actorviewer.h,3
gameloop.h,3
handlers,3
shareable.h,3
fitted_model,3
george,3
gen_tests,3
gen_scalar_utilities,3
_clusters,3
ui,3
typedbytes2,3
mapfile,3
intwritable,3
_phyloxml,3
lodash.bind,3
read_nordlund1,3
read_nordlund2,3
read_vantveer,3
read_tcga_brca,3
read_tcga_laml,3
guiutil,3
guiline,3
guicross,3
guicrosscontrol,3
pgu,3
fibpriv.h,3
sparse_kmer.h,3
build_graph.h,3
build_prearc.h,3
multi_threads.h,3
sam_view.h,3
glf.h,3
nonlinear_mass_faster,3
camb,3
bigfeta,3
ap_expr1.h,3
ap_generator1.h,3
ap_texpr1.h,3
ap_policy.h,3
pkeq.h,3
fpp_weakjoin.h,3
fpp_config.h,3
numflt_native.h,3
t1p_assign.h,3
t1p_resize.h,3
t1p_otherops.h,3
data_reader,3
a_star,3
pygpuaak,3
nrlb.h,3
gktraj.h,3
gkinsp.h,3
best_utility.h,3
rules,3
sdss,3
plainobj,3
competition_utils,3
abitimer,3
netcdf,3
fullslamimu.h,3
objectinitializationstrategy.h,3
cluster.h,3
enchant,3
uunet,3
dompi,3
mnormt,3
contracts,3
workermanager.h,3
spymanager.h,3
base.h,3
buildordermanager,3
candidate_cluster,3
cds_feature,3
cds_motif,3
subregion,3
pairings,3
kr_analysis,3
minowa,3
turbinflow.h,3
amrex_eb2_geometryshop.h,3
amrex_eb2_if_cylinder.h,3
amrex_eb2_if_lathe.h,3
amrex_eb2_if_union.h,3
gradutil.h,3
sir3d,3
@cordova,3
featurespectralspread,3
acknotificationpacket,3
aeadpacketdynamic,3
framesprocessor,3
packetnumberinstance,3
gw_mesh.h,3
gw_smartcounter.h,3
gw_faceiterator.h,3
gw_vertexiterator.h,3
gw_voronoivertex.h,3
gw_triangularinterpolation_abc.h,3
tnt_subscript.h,3
parse_spline_eytzinger_aabb.h,3
selectorfile.hpp,3
roi.hpp,3
videotimer.hpp,3
userinteraction.hpp,3
cameraselector.hpp,3
timefilewriter.hpp,3
basetimer.hpp,3
stringmatch,3
dataprep2,3
trading_env,3
graph_data_loader,3
direct,3
gftools,3
image_container,3
nbodyhelpers.h,3
gamelogic.h,3
stochnet.hpp,3
objective_func,3
plots,3
alerts,3
active_learning,3
cyclicultrahapticsarray.hpp,3
energy.h,3
flops.h,3
msgpack_numpy,3
cr_context.h,3
cr_libinit.c,3
bulge_disk_double_power_law,3
galsize_models,3
csc,3
ensembl_release,3
serializable,3
init_pca,3
fate,3
multipreprocessor,3
old_multivelocity,3
tl,3
pl,3
pp,3
vf,3
nxviz,3
pharmacophores,3
webservice,3
pyroaring,3
kripodb,3
rfast,3
ycm_core,3
accfft_operators.h,3
parah2comodel,3
despotic,3
temperature_mapper,3
org.mozilla.javascript.context,3
org.mozilla.javascript.annotations.jsfunction,3
org.mozilla.javascript.annotations.jsgetter,3
...,3
wordwrap,3
mycolors,3
seasonality,3
rmisc,3
gghalves,3
dan,3
adafruit_display_text,3
displayio,3
terminalio,3
kuka_button_gym_env,3
mobile_robot_env,3
extract_contexts,3
kemeny_hamming_embeddings,3
gnuplot,3
sensordata,3
core-multithreading,3
patchhelper.h,3
jsbsim,3
inline_maths.h,3
siscone.h,3
reference.h,3
ranlux.h,3
bort,3
scoary,3
pygatt,3
muse,3
tableschema,3
owslib,3
check_smtp.h,3
check_tcp.h,3
check_dns.h,3
check_ping.h,3
check_udp.h,3
check_file.h,3
check_snmp.h,3
global_json.h,3
vrrp_json.h,3
vrrp_sock.h,3
vrrp_ipset.h,3
vrrp_print.h,3
vrrp_ip_rule_route_parser.h,3
libipset,3
vrrp_iptables_calls.h,3
libiptc,3
stats4,3
streamlog,3
alibavarunheaderimpl.h,3
eutelalignmentconstant.h,3
tgeomanager.h,3
eutelgeometricpixel.h,3
eutelblock.h,3
evolution,3
line_parameters,3
line_point_offset,3
generic_lte_molecule_model,3
icdar,3
prettyprint.h,3
anchor.h,3
kahler,3
special_functions,3
ard,3
all_equal.hpp,3
context-helib.hpp,3
simple-circuits.hpp,3
context-tfhe.hpp,3
context.hpp,3
context-lp.hpp,3
seer2r,3
nsis_tchar.h,3
getprimfreq_data.h,3
emlrt.h,3
uip_arch.h,3
keycharm,3
config_name_creator,3
model_init,3
xxhash.h,3
unzipper,3
compute_kernels.h,3
meabo.h,3
_task,3
threadsafequeue.h,3
wayland-client.h,3
xcb,3
"""$jdir""",3
dropset.h,3
ialoggerstdout.h,3
ialogger.h,3
iascifiocheck.h,3
iaitkbaseimagetypes.h,3
iaitkversion.h,3
itkextractimagefilter.h,3
itkstatisticsimagefilter.h,3
qopengldebuglogger,3
qrubberband,3
qwindow,3
vtkimagecast.h,3
qabstracttextdocumentlayout,3
iascatterplotwidget.h,3
iafileparamdlg.h,3
iamultistepprogressobserver.h,3
vtktiffreader.h,3
vtkbmpreader.h,3
vtkjpegreader.h,3
vtkprop3d.h,3
qmdisubwindow,3
iadatasetviewerimpl.h,3
iaprojectfileio.h,3
iavolstackfileio.h,3
iaboxplotdata.h,3
iacameravis.h,3
vtkscalarstocolors.h,3
vtkmarchingcontourfilter.h,3
iadatasetrendererimpl.h,3
vtkglyph3dmapper.h,3
vtktubefilter.h,3
iadurationestimator.h,3
iaqcroplabel.h,3
itknumericseriesfilenames.h,3
iasettingsfilehelper.h,3
iaobjectvisactor.h,3
vtkoutlinefilter.h,3
vtkinformation.h,3
vtkinformationvector.h,3
iaprofilecolors.h,3
vtkunstructuredgrid.h,3
iarenderer_export.h,3
ialinepointers.h,3
vtkconesource.h,3
iaruleractor.h,3
vtkcoordinate.h,3
iarulerrepresentation.h,3
vtkimageproperty.h,3
vtkregularpolygonsource.h,3
iavismodulescollection.h,3
iaboundingboxvismodule.h,3
ia4dctstagedata.h,3
iadefectvismodule.h,3
iafracturevismodule.h,3
iastageview.h,3
qstringlistmodel,3
iamhdfileinfo.h,3
iaplanevismodule.h,3
iaregionvismodule.h,3
iafeature.h,3
itkdiscretegaussianimagefilter.h,3
vtkmarchingcubes.h,3
vtkpolydatasilhouette.h,3
iachartvishelper.h,3
qlineseries,3
qlinef,3
vtkactorcollection.h,3
itkconnectedcomponentimagefilter.h,3
itkrelabelcomponentimagefilter.h,3
itkgradientmagnitudeimagefilter.h,3
itkinvertintensityimagefilter.h,3
itkmultiplyimagefilter.h,3
itkmedianimagefilter.h,3
dlg_csvreader.h,3
qbuttongroup,3
iacoefficientofvariation.h,3
iacomp3dwidget.h,3
iacompcombitable.h,3
vtkglyph3d.h,3
iacorrelationcoefficient.h,3
iacomphistogramtable.h,3
iacompuniformtable.h,3
iacompvariabletable.h,3
iapaintwidget.h,3
dlg_dynamicvolumelines.h,3
iafunction.h,3
vtkcornerannotation.h,3
dimooomap.h,3
okcdatamodifier.h,3
iachandata.h,3
iafeatureanalyzertool.h,3
iasegm3dview.h,3
qmultimap,3
qguiapplication,3
iafeatureanalyzercomputationmoduleinterface.h,3
dlg_featurescout.h,3
iablobmanager.h,3
vtkpolydatanormals.h,3
qfontmetrics,3
iafiakercontroller.h,3
iameasureselectiondlg.h,3
iasimpletester.h,3
iasensitivitydata.h,3
dlg_trackinggraph.h,3
iafeaturetracking.h,3
vtkmutabledirectedgraph.h,3
iagraph.h,3
iameasures.h,3
iaattitudes.h,3
iafaketreenode.h,3
ialabelinfo.h,3
iasamplingsettingsdlg.h,3
itklabeloverlapmeasuresimagefilter.h,3
iagemsetool.h,3
iaimagetreeinternalnode.h,3
iaimagenodewidget.h,3
vtkdiscretizablecolortransferfunction.h,3
iaitkcommonimagetypes.h,3
iaimndtinteractorstyle.h,3
iaimndtmain.h,3
vtkeventdata.h,3
vtkopenvrrenderwindowinteractor.h,3
iavr3dtext.h,3
iavrcolorlegend.h,3
iavrhistogrammetric.h,3
iavrobjectmodel.h,3
iaimndtmoduleinterface.h,3
iavrcubicvis.h,3
iavrmetrics.h,3
iaelementconstants.h,3
iaperiodictablewidget.h,3
iaspectrumfilter.h,3
iaelementaldecomposition.h,3
iaelementselectionlistener.h,3
ialabellingtool.h,3
iasampleoperation.h,3
iasamplingmethod.h,3
iasamplefilter.h,3
iahistogramstackgrid.h,3
iamultimodalwidget.h,3
ianmodalbackgroundremover.h,3
ianmodaldisplay.h,3
ianmodalprogresswidget.h,3
iabarycentriccontextrenderer.h,3
iaplaneslicetool.h,3
qwebsocketserver,3
iawebsocketapi.h,3
iaseedtype.h,3
itkfuzzyclassifierinitializationimagefilter.h,3
itkfastmutexlock.h,3
itkdistancemetric.h,3
itkmeasurementvectortraits.h,3
modelparser.h,3
network_properties.h,3
fundamental_constants.h,3
amrex_amrcore.h,3
pai,3
whale,3
classification_regression_loss,3
modeling_roberta,3
modeling_albert,3
modeling_imagebert,3
modeling_videobert,3
micropython,3
adafruit_bme680,3
wimblepong,3
repeatseq.h,3
fastahack,3
rviz,3
promethion_alpha_light_plotter_reader,3
ctl_to_ltl_,3
elli,3
semtools,3
amelia,3
openmx,3
utils_color_mean,3
resnet_imgnt,3
utils_mean,3
battery.h,3
hex_value.h,3
csv_plot,3
qwt,3
actions.h,3
mesh_shader.h,3
shapes.h,3
pinhole.h,3
range.h,3
angle.h,3
pylon,3
flycapture2.h,3
frame_observer.h,3
ntp.h,3
focus.h,3
roboteye.h,3
graphfeed,3
imagestreamfeed,3
csvfeed,3
trackfeed,3
frame_converter,3
kron,3
conv3d,3
holopy,3
ssl_bindings.h,3
pricecycle,3
rootpy,3
ckn_kernel,3
sofancfile,3
wokkel,3
pymunk,3
ioandplots,3
truncated_krylov,3
lightgbm,3
twohdm,3
lhapdf,3
hmssm,3
delphesreader.hpp,3
callbacks.h,3
filepaths,3
base_slic,3
packet_m.h,3
irouting.h,3
read_simulation_data,3
juceheader.h,3
npxextractor.h,3
qtmodern,3
recordclass,3
zro,3
apkparser,3
basis_module,3
maskloader,3
lsysparam.h,3
lnodescontainer.h,3
publishing,3
stable_nalu,3
mnac,3
gumbel_nac,3
linear_nac,3
softmax_nac,3
independent_nac,3
hard_softmax_nac,3
gradient_bandit_nac,3
regualized_linear_nac,3
re_regualized_linear_nac,3
caterina.h,3
anal.h,3
cborinternal_p.h,3
fig8_sushi_belt,3
fscale,3
rhino,3
hyperdatasets,3
furl,3
converters,3
nbconvert,3
data_entry_image,3
luqum,3
archive,3
vincent,3
fedpara,3
moon,3
my_awesome_app,3
jaxexample,3
monai,3
e2e_pandas,3
centraldp_mods,3
client_proxy,3
dp_adaptive_clipping,3
linkstate,3
multikrum,3
task_process,3
corestate,3
exit_handler,3
grpc_health,3
retry_invoker,3
router,3
kubernetes_executor,3
warm_executor_pool,3
base_exec_plugin,3
control_account_auth_interceptor,3
nodestate,3
testtimeaugmentation,3
clodsa,3
efficientdet,3
osgeo_utils,3
attributes,3
gem,3
nc_write,3
plyj,3
electronictransition,3
excitedstates,3
symmetry,3
eribuilder,3
injury,3
loot,3
base64e,3
recipesscraper,3
opencolortypes.h,3
ociocolorspace.h,3
ocioprocessor.h,3
ofxsmultithread.h,3
ofxscore.h,3
org.apache.spark.sql.dataframereader,3
org.apache.spark.sql.dataset,3
org.apache.spark.sql.row,3
org.apache.spark.sql.sqlcontext,3
org.apache.spark.sql.sparksession,3
org.apache.spark.sql.catalog.function,3
java.util.regex.,3
dgporeconcfluxbc.h,3
dgkernel.h,3
dgvariablediffusion.h,3
interfacekernel.h,3
arrheniusreaction.h,3
gvariablediffusion.h,3
suites,3
alire,3
input_rec_transform_nengo_plot,3
dlopt,3
quine.h,3
mutation.h,3
vxi11_user.h,3
ds9,3
photom_files,3
registration,3
qgeocoordinate,3
get_rtoa,3
parse_metadata,3
pyfai,3
graph_drawer,3
nest_types.h,3
dictutils.h,3
doubledatum.h,3
actuar,3
org.nlogo.api.,3
orbextractor.h,3
localmapping.h,3
framedrawer.h,3
mapdrawer.h,3
rectool,3
detection1d,3
simpleselection,3
simpleplacement,3
setup_simulations_server_student,3
local.h,3
iio_device.h,3
delete_utils.h,3
insert_utils.h,3
dico,3
factor_analyzer,3
survmisc,3
testing_defaults_wfirst_lc,3
coronagraph,3
mraa,3
adaptivebackgroundlearning.h,3
adaptiveselectivebackgroundlearning.h,3
framedifference.h,3
staticframedifference.h,3
weightedmovingmean.h,3
weightedmovingvariance.h,3
mixtureofgaussianv1.h,3
mixtureofgaussianv2.h,3
knn.h,3
gmg.h,3
dpadaptivemedian.h,3
dpgrimsongmm.h,3
dpzivkovicagmm.h,3
dpmean.h,3
dpwrenga.h,3
dppratimediod.h,3
dpeigenbackground.h,3
dptexture.h,3
t2fgmm_um.h,3
t2fgmm_uv.h,3
t2fmrf_um.h,3
t2fmrf_uv.h,3
fuzzysugenointegral.h,3
fuzzychoquetintegral.h,3
lbsimplegaussian.h,3
lbfuzzygaussian.h,3
lbmixtureofgaussians.h,3
lbadaptivesom.h,3
lbfuzzyadaptivesom.h,3
lbp_mrf.h,3
multilayer.h,3
pixelbasedadaptivesegmenter.h,3
vumeter.h,3
kde.h,3
independentmultimodal.h,3
multicue.h,3
sigmadelta.h,3
subsense.h,3
lobster.h,3
pawcs.h,3
twopoints.h,3
vibe.h,3
codebook.h,3
medefs.hpp,3
meimage.hpp,3
backgroundsubtractorlbsp.h,3
lbsp,3
blobresult.h,3
pixelutils.h,3
genomic_plot.r,3
tcruziutils,3
ete4,3
vbo.hpp,3
dump.hpp,3
state_manager.hpp,3
ableton,3
rst2rels,3
adafruit_dht,3
bbb_mmio.h,3
removed,3
backed_block.h,3
sparse_file.h,3
sparse_defs.h,3
sparse_format.h,3
ie.errity.pd.graphics.,3
train_resnet,3
set.h,3
maxflow.h,3
ireluplex.h,3
tableau.h,3
tkernel.h,3
qag_params.h,3
model_arch,3
evolve.h,3
gridlib.h,3
ran1.h,3
tommyalloc.h,3
treebanktransforms,3
heads,3
runexp,3
biotite,3
cyvcf2,3
javax.xml.bind.annotation.xmllist,3
javax.xml.bind.annotation.xmlelements,3
thumbsup,3
djassembla,3
oembed,3
model_search,3
gplot,2
sciplot,2
rniftilib,2
fftw_f77_mpi.h,2
rfftw_mpi.h,2
rfftw.h,2
toms_transpose.h,2
os.h,2
sly,2
graphene_django,2
helium.h,2
hyrec.h,2
svnversion.h,2
evolver_ndf15.h,2
evolver_rkck.h,2
hyperspherical.h,2
torch_xla,2
nlp,2
ndarray,2
ctrl,2
angrop,2
func_caller,2
sigreturn,2
gadget_finder,2
pyquaternion,2
gls,2
desktop_file,2
f2c.h,2
label,2
nomen,2
variational_inference,2
ppltasks.h,2
common\deviceresources.h,2
holimolimain.h,2
cameraresources.h,2
deviceresources.h,2
rcy3,2
unet_model_helpers,2
"""",2
phyilpx,2
modeller,2
phyloch,2
conr,2
statmatch,2
drc,2
graphat,2
varhandle,2
locfit,2
eth-ens-namehash,2
lighthouse,2
publicambix,2
jni_md.h,2
allpix_dm_consts.h,2
wcce,2
mfp,2
matplotlib_venn,2
rjsonio,2
cheerio,2
tsup,2
esbuild,2
mako,2
routes,2
formalchemy,2
tangentspace,2
artifact_detection,2
array_api_extra,2
_tools,2
embedding,2
utility_setup_scripts,2
flask_user,2
tinywirem.h,2
bma,2
gpustat,2
adafruit_ads1x15.h,2
device_sink.h,2
device_source.h,2
iio_swig,2
iio_pluto_source_swig,2
iio_pluto_sink_swig,2
splice_lib,2
ncls,2
shablona,2
motifdb,2
motifstack,2
runguard.h,2
qcryptographichash,2
xgr,2
stm,2
btoa,2
revtok,2
librairies.h,2
globalvars.h,2
net_utils.h,2
matrix_utils.h,2
space_utils.h,2
mfrates.h,2
fix_bd_omp.h,2
fix_bd_baoab.h,2
fix_bd_srk.h,2
region.h,2
fix_nve_overdamp.h,2
brent,2
fried,2
modellib,2
"""$env_file""",2
maskapi.h,2
_nms,2
miniz.c,2
bsppeer,2
bsp,2
clb_pdrangearrays.h,2
clb_newmem.h,2
clb_numxtrees.h,2
clb_quadtrees.h,2
ccl_bce.h,2
ccl_neweval.h,2
ccl_eqnlist.h,2
ccl_condensation.h,2
ccl_diseq_decomp.h,2
cte_acterms.h,2
cto_orderings.h,2
cte_termweightext.h,2
ccl_eqnresolution.h,2
ccl_ext_index.h,2
ccl_f_generality.h,2
che_axfilter.h,2
ccl_factor.h,2
ccl_freqvectors.h,2
ccl_findex.h,2
ccl_g_lithash.h,2
ccl_overlap_index.h,2
ccl_groundconstr.h,2
ccl_grounding.h,2
ccl_propclauses.h,2
ccl_pred_elim.h,2
ccl_unit_simplify.h,2
cco_clausesplitting.h,2
cco_diseq_decomp.h,2
cco_einteractive_mode.h,2
cco_eqnresolving.h,2
cco_esession.h,2
cco_factoring.h,2
cco_forward_contraction.h,2
cco_simplification.h,2
cco_paramodulation.h,2
cco_interpreted.h,2
cco_preprocessing.h,2
cco_proofproc.h,2
che_heuristics.h,2
che_axiomscan.h,2
che_to_autoselect.h,2
pylib_io,2
cex_csscpa.h,2
che_dagweight.h,2
che_diversityweight.h,2
che_fifo.h,2
che_funweights.h,2
che_wfcbadmin.h,2
che_litselection.h,2
che_hcbadmin.h,2
che_learning.h,2
cle_tsmio.h,2
che_levweight.h,2
che_lifo.h,2
che_orientweight.h,2
che_prefixweight.h,2
che_prio_funs.h,2
che_random.h,2
che_simweight.h,2
che_strucweight.h,2
che_tfidfweight.h,2
che_treeweight.h,2
che_varweights.h,2
cio_initio.h,2
cio_streams.h,2
cle_annotations.h,2
cle_classification.h,2
cle_numfeatures.h,2
cle_flatannoterms.h,2
cle_termtops.h,2
cto_kbo.h,2
cte_varhash.h,2
cto_kbolin.h,2
cto_lpo.h,2
cto_lpo_debug.h,2
pcl_idents.h,2
pcl_positions.h,2
pcl_lemmas.h,2
pcl_miniclauses.h,2
pcl_miniprotocol.h,2
pcl_ministeps.h,2
pcl_proofcheck.h,2
pcl_propanalysis.h,2
cpr_dpll.h,2
cpr_varset.h,2
cpr_dpllformula.h,2
cpr_propclauses.h,2
cte_garbage_coll.h,2
cte_ho_bindings.h,2
cte_termcpos.h,2
cte_varsets.h,2
cte_termcellstore.h,2
cte_termtrees.h,2
\,2
stream_interface.h,2
dmalloc.h,2
vmcontrol_wrapper.h,2
pdh.h,2
pdhmsg.h,2
sigar_private.h,2
shellapi.h,2
depmixs4,2
pybtex,2
doc,2
fortran,2
rf_final,2
values.h,2
gc.h,2
elements,2
ggalluvial,2
gpxpy,2
itm,2
rand,2
flm_attribute_functions,2
flm_dynamiclinefootprintfullstep,2
kitten,2
trio,2
phaser,2
voxnet,2
simcoords.h,2
dirichlet,2
normal,2
persistent_model,2
mixture,2
mlp_utils,2
webbpsf,2
pysynphot,2
java.util.observer,2
lse.neko.consensus.consensusvalue,2
lse.neko.consensus.decisionlistener,2
lse.neko.rbcast.fakerbcast,2
lse.neko.util.adeliv,2
lse.neko.util.mysystem,2
java.util.timer,2
java.util.timertask,2
java.net.unknownhostexception,2
lse.neko.nekoinitializer,2
lse.neko.failuredetectors.heartbeat,2
java.lang.reflect.proxy,2
lse.neko.comm.nekocommsystem,2
lse.neko.consensus.consensusct,2
lse.neko.util.serializableiterator,2
java.awt.polygon,2
java.awt.event.adjustmentevent,2
java.awt.event.adjustmentlistener,2
javax.swing.jmenu,2
javax.swing.jmenubar,2
javax.swing.jmenuitem,2
org.xml.sax.saxnotrecognizedexception,2
org.xml.sax.saxnotsupportedexception,2
java.util.logging.formatter,2
java.util.resourcebundle,2
mavlink_sha256.h,2
mavcrc,2
mavparse,2
yappi,2
user,2
pydensecrf,2
gulp-header,2
addawrapper,2
bayesbridge,2
gibbs_util,2
reg_coef_sampler,2
sparse_matrix,2
dense_matrix,2
linear_model,2
logistic_model,2
cox_model,2
design_matrix,2
polya_gamma,2
tilted_stable,2
stepsize_adapter,2
ptr_allocation.h,2
meteor,2
ancom.r,2
indicspecies,2
lazyeval,2
sd2card.h,2
sdfat.h,2
ec2-variables.sh,2
aircraftutils.h,2
xplmplanes.h,2
xplmutilities.h,2
xplmdataaccess.h,2
dataflashlog,2
dataset_manager,2
df2dict_dataset,2
simplenet,2
meters,2
cx_oracle,2
distancemeasures,2
similaritymeasures,2
votesextractionandprocessing,2
ooqp,2
clarabel.cpp,2
osqp,2
setup_acados_integrator,2
setup_acados_ocp_solver,2
acados_solver_pendulum.h,2
export_mhe_ode_model,2
export_mhe_solver,2
export_mhe_solver_with_param,2
example_ros_minimal_ocp,2
sys_dynamics,2
bicycle_model,2
setup_parametric_ocp,2
diff_drive_model,2
simple_dae_model,2
acados_solver_pendulum_ode.h,2
acados_ocp_qp_solver,2
acados_casadi_ocp,2
acados_casadi_ocp_qp,2
penalty_utils,2
zoro_description,2
{{ name }}_p_global_precompute_fun.h,2
mapping_node,2
{{ package_name }},2
org.antlr.v4.runtime.parserrulecontext,2
org.antlr.v4.runtime.tree.errornode,2
org.antlr.v4.runtime.tree.terminalnode,2
org.antlr.v4.runtime.tree.abstractparsetreevisitor,2
org.antlr.v4.runtime.lexer,2
org.antlr.v4.runtime.charstream,2
org.antlr.v4.runtime.token,2
org.antlr.v4.runtime.tokenstream,2
org.antlr.v4.runtime.tree.parsetreelistener,2
org.antlr.v4.runtime.tree.,2
org.antlr.v4.runtime.tree.parsetreevisitor,2
subexpr_elim,2
random_matrices.hpp,2
randommt.h,2
ev_vars.h,2
ev_wrap.h,2
port.h,2
murmurhash3.h,2
gzipdatawriter.h,2
probabilitydistance.h,2
chimericpairedendaligner.h,2
singlealigner.h,2
genericfile_hdfs.h,2
intersectingpairedendaligner.h,2
beam_search,2
pyrouge,2
attention_decoder_new,2
attention_decoder,2
batch_reader,2
decode,2
threadmanager.h,2
ezcalour_module,2
extapiplatform.h,2
ecg_batch,2
wfdb,2
dirichlet_model,2
fft_model,2
hmmlearn,2
es6-promise,2
webpack-stream,2
karma-coverage,2
jszip,2
awesome-typescript-loader,2
psitet_load,2
afl-as.h,2
klist.h,2
caldireto.h,2
vcclr.h,2
.\node.h,2
nonparametric.h,2
configapr.h,2
mixing,2
other,2
type_definitions,2
aarch64addressingmodes.h,2
aarch64geninstrinfo.inc,2
aarch64genregisterinfo.inc,2
aarch64instprinter.h,2
aarch64mapping.h,2
armgenregisterinfo.inc,2
armaddressingmodes.h,2
armbaseinfo.h,2
armgensubtargetinfo.inc,2
arminstprinter.h,2
armmapping.h,2
ppcinstprinter.h,2
sparcgenregisterinfo.inc,2
sparcinstprinter.h,2
sparc.h,2
sparcgeninstrinfo.inc,2
systemzmctargetdesc.h,2
systemzgenregisterinfo.inc,2
systemzinstprinter.h,2
x86baseinfo.h,2
x86instprinter.h,2
x86disassembler.h,2
x86disassemblerdecoder.h,2
xcoreinstprinter.h,2
ntddk.h,2
ntintsafe.h,2
mcregisterinfo.h,2
mcinst.h,2
sstream.h,2
arm.h,2
cs_priv.h,2
lzvn.h,2
umm_malloc.h,2
extern.h,2
npsm,2
rphast,2
${script_dir},2
sanitizer_allocator_internal.h,2
sanitizer_posix.h,2
sanitizer_symbolizer.h,2
sanitizer_symbolizer_internal.h,2
cond_stmt.h,2
ws4py,2
eeprom.h,2
pydotplus,2
bfast,2
bfastspatial,2
convert_tf_checkpoint_to_pytorch,2
org.hibernate.session,2
org.softlang.company.basic,2
javax.swing.event.treeselectionlistener,2
javax.swing.jtree,2
javax.swing.tree.mutabletreenode,2
org.softlang.util.persistablelist,2
company,2
org.strategoxt.imp.runtime.dynamicloading.descriptor,2
javax.swing.abstractaction,2
org.eclipse.xtext.junit4.globalregistries,2
org.eclipse.xtext.junit4.globalregistries.globalstatememento,2
org.eclipse.xtext.junit4.iregistryconfigurator,2
org.eclipse.xtext.ui.defaultuimodule,2
org.eclipse.xtext.ui.editor.contentassist.icompletionproposalacceptor,2
org.eclipse.xtext.ui.editor.contentassist.contentassistcontext,2
org.eclipse.xtext.ui.editor.contentassist.antlr.internal.lexer,2
org.antlr.runtime.recognitionexception,2
org.eclipse.xtext.abstractelement,2
org.eclipse.xtext.ui.editor.contentassist.antlr.abstractcontentassistparser,2
org.eclipse.xtext.abstractrule,2
org.eclipse.xtext.ui.codetemplates.ui.partialediting.ipartialcontentassistparser,2
org.eclipse.xtext.util.polymorphicdispatcher,2
org.eclipse.xtext.ui.shared.sharedstatemodule,2
org.eclipse.xtext.util.modules2,2
com.google.common.collect.maps,2
com.google.inject.module,2
org.eclipse.xtext.ui.guice.abstractguiceawareexecutableextensionfactory,2
org.eclipse.xtext.constants,2
org.eclipse.xtext.service.defaultruntimemodule,2
com.google.inject.binder,2
com.google.inject.name.names,2
org.eclipse.xtext.isetup,2
com.google.inject.provider,2
org.eclipse.xtext.serializer.acceptor.isemanticsequenceacceptor,2
org.eclipse.xtext.serializer.acceptor.sequencefeeder,2
org.eclipse.xtext.serializer.diagnostic.isemanticsequencerdiagnosticprovider,2
org.eclipse.xtext.serializer.diagnostic.iserializationdiagnostic.acceptor,2
org.eclipse.xtext.serializer.sequencer.abstractdelegatingsemanticsequencer,2
org.eclipse.xtext.serializer.sequencer.genericsequencer,2
org.eclipse.xtext.serializer.sequencer.isemanticnodeprovider.inodesforeobjectprovider,2
org.eclipse.xtext.serializer.sequencer.isemanticsequencer,2
org.eclipse.xtext.serializer.sequencer.itransientvalueservice,2
org.eclipse.xtext.serializer.sequencer.itransientvalueservice.valuetransient,2
org.eclipse.xtext.igrammaraccess,2
org.eclipse.xtext.rulecall,2
org.eclipse.xtext.nodemodel.inode,2
org.eclipse.xtext.serializer.analysis.grammaralias.abstractelementalias,2
org.eclipse.xtext.serializer.analysis.isyntacticsequencerpdaprovider.isyntransition,2
org.eclipse.xtext.serializer.sequencer.abstractsyntacticsequencer,2
com.google.inject.singleton,2
org.eclipse.xtext.service.grammarprovider,2
org.eclipse.xtext.service.abstractelementfinder.,2
org.eclipse.xtext.common.services.terminalsgrammaraccess,2
org.eclipse.xtext.validation.composedchecks,2
java.awt.label,2
banking.remote.shared.customer,2
concurrent.semaphore,2
dining.simple.philosopher,2
java.awt.dialog,2
java.awt.graphicsenvironment,2
java.awt.font.textattribute,2
javax.swing.text.document,2
japa.parser.ast.comment,2
japa.parser.ast.body.classorinterfacedeclaration,2
japa.parser.javaparser,2
javax.xml.bind.jaxbcontext,2
javax.xml.bind.marshaller,2
javax.xml.bind.unmarshaller,2
javax.xml.stream.xmloutputfactory,2
ascat,2
cghcall,2
intervals,2
curve_fit,2
distreenode.h,2
explain,2
faiss,2
cjson,2
mictoris,2
settingsnode.h,2
modelrun.h,2
shinyalert,2
mbcluster.seq,2
schedulers.h,2
hill.h,2
normal.h,2
private,2
cngrid.h,2
cellnutrient.h,2
utility.h,2
theme.h,2
growidget.h,2
qsizepolicy,2
gui.h,2
uint256_t_config.include,2
uint128_t.include,2
homog,2
szego,2
unitdisk,2
mobiusbase,2
beam,2
imaging,2
rrdtool,2
music21,2
lmstats,2
pvpltools,2
clapack.h,2
gobject,2
abbot,2
scientific,2
perftestutils.h,2
atomicpartfunc.h,2
photonpath.h,2
lblatomicsystem.h,2
qssmolecules.h,2
mathtools,2
switch_to_2015a,2
ttreereader.h,2
chtb_xsection.h,2
gfal2,2
xmlrpclib,2
weight,2
enrichplot,2
msigdbr,2
rhdf5,2
feature_handler,2
rank_aggregation,2
physics,2
helperfunctions,2
cbert_utils,2
bam,2
flask_caching,2
geographiclib,2
pgmapmatch,2
mlp,2
voc_eval_py3,2
libspamc.h,2
mechanize,2
org.eclipse.uml2.uml.executionspecification,2
org.eclipse.uml2.uml.lifeline,2
io.github.abelgomez.ps.assignmentexecution,2
io.github.abelgomez.ps.clienttoresourcemessage,2
io.github.abelgomez.ps.delayed,2
io.github.abelgomez.ps.getter,2
io.github.abelgomez.ps.publishsubscribescenario,2
io.github.abelgomez.ps.setter,2
io.github.abelgomez.ps.signkind,2
io.github.abelgomez.ps.subscription,2
io.github.abelgomez.ps.timedsetter,2
org.eclipse.uml2.uml.artifact,2
org.eclipse.uml2.uml.node,2
scons,2
clean-css,2
esp_timer.h,2
battery_defaults.h,2
bh1750_v2.h,2
environmentcalculations.h,2
eigen.h,2
bmpimage.h,2
pov.h,2
usermodtemperature.h,2
shtusermod.h,2
sht85.h,2
adafruit_ccs811.h,2
adafruit_si7021.h,2
sn_photoresistor.h,2
onewire.h,2
pieces.h,2
gridbw.h,2
gridcolor.h,2
rating.h,2
fx.h,2
tetrisbag.h,2
usermod_v2_four_line_display.h,2
espmdns.h,2
bus_manager.h,2
asyncdns.h,2
wled_boards.h,2
dmx_input.h,2
espasyncwebserver.h,2
fontmanager.h,2
sha1builder.h,2
esp_ota_ops.h,2
esp_chip_info.h,2
esp_mac.h,2
nodestruct.h,2
wled_metadata.h,2
balilema,2
lkm.h,2
ui.h,2
sct_hook.h,2
udis_utils.h,2
udint.h,2
itab.h,2
gcsfs,2
@popperjs,2
is-callable,2
string.prototype.trim,2
has,2
renders,2
django_colortag,2
threshold,2
site_alert,2
wallet,2
exercise_forms,2
invalidate_util,2
icobra,2
baseindexer,2
vocabulary,2
resultsmontage,2
cal_metrics,2
ipythonblocks,2
qpsolvers,2
learnbounds.h,2
predict.h,2
worldbelief.h,2
nargs,2
recordingreporter.h,2
utils_dispersion_45_point_2d,2
run_at123d_at,2
$ascem_home,2
trilinos,2
analyze_constant,2
samples_analysis,2
schwimmbad,2
ajv-formats,2
ajv-errors,2
gulp-size,2
gulp-replace,2
gulp-html-validator,2
gulp-livereload,2
utils_backdoor,2
nnhealpix,2
input_functions,2
convolver3d.h,2
minmax.h,2
distmat.h,2
end-of-stream,2
once,2
requests_cache,2
hmc_binarysampler.h,2
lyndon,2
adafruit_lsm6ds33.h,2
adafruit_fxas21002c.h,2
adafruit_fxos8700.h,2
rawpy,2
moverscore,2
java.applet.,2
ramachandraw,2
bart,2
pagecache.h,2
cryptocache.h,2
face_verification,2
aptr_tester.h,2
mem_tester.h,2
ocall_stdio.h,2
rpc_tester.h,2
app.h,2
face_verification_enclave_u.h,2
strsafe.h,2
face_verification_enclave_t.h,2
perfcounters.h,2
consts.h,2
common_utils.h,2
mofadata,2
mofa,2
vignette.h,2
haplofunct,2
react-is,2
 + getcomponentname(element._owner.type) + ,2
pyfaidx,2
easy_kfc_handler.h,2
easy_simple_handler.h,2
m2maligner,2
dual_attention,2
axmlprinter,2
qsosed,2
bunch,2
pyccl,2
relation.h,2
randomgenerator.h,2
neighborhood.h,2
beautifulsoup,2
chunk,2
direction,2
seq,2
sortedcollection,2
posload,2
aptread,2
colorful,2
rgcca,2
data.tree,2
geigen,2
readtext,2
pyaudio,2
dci.h,2
cutest.h,2
environment.h,2
bsplus,2
echoseq,2
load_dataset,2
bugzilla,2
issues,2
version_selector,2
classification_instance,2
bibench,2
fontforge,2
mystr.h,2
suffix-array.hpp,2
ilcp-common.hpp,2
depth_to_skybox,2
imagemin,2
imagemin-pngquant,2
mirnylib,2
selayer,2
mtlstm,2
" + uri;
    } else {
      return curie;
    }
  };

   ",2
tar,2
fastmath.h,2
ipl.h,2
ipl,2
tegra_round.hpp,2
hierarchical_clustering_index.h,2
lsh_index.h,2
autotuned_index.h,2
ground_truth.h,2
index_testing.h,2
lsh_table.h,2
pydoppler,2
toy,2
ijson,2
ccl_segb_common,2
init_utils,2
ensembldb,2
scarhrd,2
omiccircos,2
somaticsignatures,2
pymc_extras,2
ham,2
varicode_rx,2
varicode_tx,2
chu_decode,2
dstar_rx,2
pyjags,2
clones,2
$commons,2
flirextractor,2
pathutils,2
qsplashscreen,2
mainwindow.hpp,2
disk.h,2
plan_manager,2
hopfieldnetutils.h,2
backend_kivy,2
pysimplegui,2
vinyl-buffer,2
iniparser.h,2
lief,2
qdap,2
qdapregex,2
openhumans,2
predominantmelodymakam,2
morty,2
deeptcr,2
tcrdist_cluster_perepi,2
gliph2_cluster_perepi,2
tcrdist_detect_pair,2
islands_calibrated,2
tcren,2
pgi,2
foundation,2
4pstools_venv,2
gulp-less,2
population_stats,2
entity,2
economic_category,2
functional_category,2
funding_category,2
institutional_category,2
policies,2
counties,2
aggregators,2
representations,2
mlpy,2
z_normalize,2
modzoneanalysis,2
data_provider,2
gmxapi,2
depmixs4pp,2
prophet,2
argslogger_snptoolkit,2
annotate_snptoolkit,2
dash_daq,2
kmer_utils.hpp,2
formula,2
random_output_trees,2
lazy_bagging,2
_sklearn_forest,2
simulationobject,2
states_rates,2
abioticdamage,2
nasapower,2
multilayer_waterbalance,2
snowmaus,2
n_soil_dynamics,2
snomin,2
traitlets_pcse,2
qt,2
computation,2
zipimport,2
tensorflow_addons,2
kronos,2
gulp-sass,2
gulp-ng-annotate,2
deltabot,2
imfrgba.h,2
imfchromaticities.h,2
exrctlexr.h,2
imfvecattribute.h,2
dpxtoexr.h,2
exrtodpx.h,2
imathfun.h,2
imfthreading.h,2
testpathparser.h,2
testboolstorage.h,2
ctlrbfinterpolator.h,2
imathrandom.h,2
plotstyles,2
pystan,2
distinct_colours,2
vectori512.h,2
vectori512e.h,2
vectormath_common.h,2
archive.h,2
imath,2
mat3.h,2
vec4.h,2
finitedifference.h,2
maps.h,2
transform.h,2
typelist.h,2
streamcompression.h,2
pointtransfer.h,2
pyutil.h,2
merge.h,2
statistics.h,2
count.h,2
levelsetrebuild.h,2
convexvoxelizer.h,2
composite.h,2
volumetomesh.h,2
levelsetfilter.h,2
pointpartitioner.h,2
mask.h,2
rootnode.h,2
tokens.h,2
functionregistry.h,2
computegenerator.h,2
attributeregistry.h,2
attributebindings.h,2
openvdbcommon.h,2
xaesa_constants_formulas,2
randomcolor,2
genvisr,2
srt,2
vosk,2
ppscore,2
smilpython,2
mamba,2
mamba3d,2
mahotas,2
itk,2
pyipsdk,2
build_all_examples,2
cchardet,2
plugininterface.h,2
commctrl.h,2
negotiator,2
callsite,2
socket.io-parser,2
eventemitter3,2
assume,2
cmsis_os2.h,2
rtx_os.h,2
core_cm7.h,2
core_cm0plus.h,2
hardware_support.h,2
uvisor.h,2
halt.h,2
lemmatizer,2
tokenizer,2
contractions,2
mus.musculus,2
raio_kutils.h,2
raio_kbuffer.h,2
bitset.h,2
libaio.h,2
raio_handlers.h,2
xio_base.h,2
obj_pool.h,2
xio_env.h,2
xio_mem.h,2
xio_log.h,2
xio_ev_data.h,2
xio_ev_loop.h,2
verilated_vcd_c.h,2
litex,2
generated,2
analogue,2
nt.h,2
poppack.h,2
guarddefs.h,2
..\..\wrk\base\ntos\mm\mi.h,2
func_rm_fids,2
func_pca,2
func_calc_stats,2
func_rm_dups_individuals,2
func_rm_discordant_sex,2
func_rm_high_sample_missing_rate,2
func_rm_high_het_rate,2
func_rm_relatedness,2
func_rm_high_variant_missing_rate,2
func_rm_dups_varid,2
func_add_pheno,2
attack,2
clame_lite.h,2
genfm9_lite.h,2
mapping_lite.h,2
consolecolors.h,2
glibcrand.h,2
lsbstate.h,2
mt19937.h,2
php_mt19937.h,2
prngs,2
site_main_flask,2
torchsample,2
hmm_helper,2
private.h,2
sha.c,2
pm_math.h,2
pm_string.h,2
quicksort.h,2
quicksortlibm.h,2
memcpy.h,2
arithm.h,2
ammunition_stdlib.h,2
ammunition_stdio.h,2
ammunition_limits.h,2
anagram_stdlib.h,2
anagram_strings.h,2
anagram_compare.h,2
audiobeamlibmalloc.h,2
aestab.h,2
rijndael_dec_libc.h,2
rijndael_enc_libc.h,2
wccmalloc.h,2
matmul_hw_mux_42_dee.h,2
matmul_hw_mux_42_g8j.h,2
matmul_hw_fadd_32g8j.h,2
matmul_hw_fmul_32hbi.h,2
filterbank.h,2
ap_cint.h,2
filterbank_core_hfyi.h,2
filterbank_core_hbkb.h,2
filterbank_core_hcud.h,2
filterbank_core_hdee.h,2
fir2dim.h,2
fir2dim_hwa.h,2
aesl_mux_load_4_256_1.h,2
aesl_mux_load_4_256_s.h,2
matmul_hw_fcmp_32dee.h,2
minver_hwa_fsub_3hbi.h,2
minver_hwa_fmul_3ibs.h,2
minver_hwa_fdiv_3jbc.h,2
minver_hwa_fpext_kbm.h,2
minver_hwa_fcmp_3lbw.h,2
minver_hwa_dcmp_6mb6.h,2
aesl_mux_load_4_16_x.h,2
aesl_mux_load_4_32_x.h,2
aesl_mux_load_4_4_x_s.h,2
minver.h,2
adpcm.h,2
filtez.h,2
filtep.h,2
quantl.h,2
logscl.h,2
scalel.h,2
upzero.h,2
uppol2.h,2
uppol1.h,2
logsch.h,2
reset.h,2
adpcm_main_mul_32cud.h,2
imconfig.h,2
imgui_user.h,2
imgui_internal.h,2
googlenet,2
abcasso.h,2
abchwe_f.h,2
abcancerror.h,2
abchaplocall.h,2
abcdstat.h,2
abcdstat2.h,2
abccovar.h,2
abcmismatch.h,2
abcfiltersnp.h,2
abcsnptools.h,2
abchetplas.h,2
abcwriteplink.h,2
abctemplate.h,2
abcrad.h,2
abcancestry.h,2
abcibs.h,2
abcwritevcf.h,2
abcscounts.h,2
abcwritebcf.h,2
abctemplate2.h,2
prep_sites.h,2
phys_likes.h,2
soap_likes.h,2
simple_likes.h,2
ancestral_likes.h,2
multireader.h,2
beaglereader.h,2
bgenreader.h,2
glfreader.h,2
glfreader_text.h,2
fstreader.h,2
realsfs_optim.h,2
realsfs_dadi.h,2
matrix.hpp,2
mpileup.h,2
vcfreader.h,2
phys_genolike_calc.h,2
printres.h,2
sponge_emp,2
game,2
gym_vecenv,2
lexsel_util,2
stanford,2
memm_features,2
trainingdb,2
_freeling,2
customdialog,2
globaltracker,2
libhdr,2
ranlib.h,2
logger.hpp,2
multipanelfigure,2
bindings,2
schifra_reed_solomon_file_decoder.hpp,2
schifra_reed_solomon_file_encoder.hpp,2
schifra_ecc_traits.hpp,2
"""..",2
ingest,2
likely_name_split,2
inflect,2
sigs,2
venues,2
bibkeys,2
platformdirs,2
name,2
texmath,2
citation,2
ids,2
cxx_compat.hpp,2
cli_retrace.hpp,2
os_binary.hpp,2
trace_file.hpp,2
os_version.hpp,2
ft_frametrimmer.hpp,2
ft_opengl.hpp,2
apicalldelegate.h,2
qstatictext,2
qstyleditemdelegate,2
saverthread.h,2
qsortfilterproxymodel,2
qbuffer,2
argumentseditor.h,2
qitemeditorfactory,2
glsledit.h,2
graphing.h,2
heatmapview.h,2
imageviewer.h,2
pixelwidget.h,2
jumpwidget.h,2
leaktracethread.h,2
retracer.h,2
searchwidget.h,2
settingsdialog.h,2
shaderssourcewidget.h,2
tracedialog.h,2
traceprocess.h,2
trimprocess.h,2
vertexdatainterpreter.h,2
qevent.h,2
qfiledialog.h,2
qdebug.h,2
qpixmap.h,2
profiletablemodel.h,2
qubjson.h,2
ubjson.hpp,2
ui_settings.h,2
eglsize.hpp,2
sddl.h,2
delayimp.h,2
detours.h,2
os_symbols.hpp,2
devcon.hpp,2
dxgistate_so.hpp,2
d3d11state.hpp,2
d3dimports.hpp,2
d3d8imports.hpp,2
d3d9imports.hpp,2
d3d9state.hpp,2
halffloat.hpp,2
d3d9size.hpp,2
d3d9.h,2
directxtex.h,2
waffle.h,2
os_memory.hpp,2
glretrace_wgl.hpp,2
glws_xlib.hpp,2
metric_backend_amd_perfmon.hpp,2
metric_backend_intel_perfquery.hpp,2
metric_backend_opengl.hpp,2
process_name.hpp,2
dxerr.h,2
unpickle,2
snapdiff,2
highlight,2
jsondiff,2
d3dtypes,2
d3d8types,2
d2d1,2
gltypes,2
setupapi.h,2
bcdirectcompute.h,2
d3d11_x.h,2
d3d11_1.h,2
ole2.h,2
scoped.h,2
prepare_dataset,2
constant_accuracy_overall,2
libtmux,2
_ties,2
our_score_full,2
cppad,2
vtkextractedges.h,2
vtkidfilter.h,2
vtkpolydatareader.h,2
vtkpolydatawriter.h,2
apelib.h,2
adafruit_ssd1306.h,2
aspace,2
rnetcdf,2
+slicepoints[0]+,2
addict,2
pyperclip,2
_check_build,2
arm_vpt,2
retrieve,2
phase_proc,2
_common_dealias,2
metpy,2
chl,2
mdv_radar,2
nexrad_archive,2
nexrad_cdm,2
nexradl3_read,2
rsl,2
sigmet,2
_sigmetfile,2
nexrad_common,2
uffile,2
gates_to_grid,2
qvp,2
accessor,2
wlsqm,2
healthy_skin_data,2
healthy_skin_mesh,2
keloid_skin_mesh_optimized,2
keloid_skin_fem_weakly_nonlinear_lagrange2,2
base_batch_iterator,2
prody,2
node-minify,2
phash,2
_phash,2
dynamic,2
theano_backend,2
tensorflow_backend,2
anchors,2
targetprop,2
pytorch_visualize,2
pyloess,2
make_imagenet_64_c,2
performanceanalytics,2
dtplyr,2
networkd3,2
rcharts,2
leml_single,2
leml_parallel,2
acoustic_model,2
housingdata,2
myargs.h,2
cbench.h,2
fakeswitch.h,2
channel_info.h,2
module_default.h,2
usage.h,2
oflops_pcap.h,2
aquafile.h,2
aquahelp.h,2
aquautils.h,2
seat_networks_x1,2
seat_networks_x2,2
seat_networks_x3,2
boundary.h,2
gifer.h,2
rdisco.h,2
sdl2,2
detectorchecker,2
bundletools,2
splineepsize.h,2
fastas.h,2
pycorenlp,2
wrapped,2
target_transforms,2
gaussianprocessgpu,2
datasources,2
node-exec-promise,2
swad_duplicate_database.h,2
stdsoap2.h,2
soap,2
swad_api_database.h,2
swad_one_several.h,2
swad_assignment_resource.h,2
swad_banner_database.h,2
swad_bibliography_type.h,2
swad_browser_size.h,2
swad_browser_resource.h,2
swad_call_for_exam_resource.h,2
swad_center_config.h,2
swad_chat.h,2
swad_chat_database.h,2
swad_cookie_database.h,2
swad_country_config.h,2
swad_country.h,2
swad_course_config.h,2
sha2,2
swad_degree_config.h,2
swad_exam_resource.h,2
swad_faq_type.h,2
swad_figure_database.h,2
swad_forum_resource.h,2
swad_game_resource.h,2
swad_cache.h,2
swad_holiday_database.h,2
swad_link_type.h,2
swad_mac.h,2
swad_mail_type.h,2
swad_mark_database.h,2
swad_mfu_database.h,2
swad_network_database.h,2
swad_password_database.h,2
swad_photo_type.h,2
swad_photo_shape.h,2
swad_privacy_visibility_type.h,2
swad_report_database.h,2
swad_system_link_database.h,2
swad_timeline_user.h,2
confparse,2
aogui_ui5,2
numbalib,2
shackhartmann,2
gradient,2
extendedshackhartmann,2
shackhartmann_legacy,2
zernike,2
well,2
location,2
lasio,2
antsr,2
"""$meta""",2
useful,2
wideresnet,2
pytorchcv,2
pbapply,2
tiff.h,2
heating_helper_progs.c,2
multiplenetworkssimulation,2
prepare_folder,2
runs_todo_work,2
generating,2
hilbert,2
parallelstructure,2
padding,2
add_noise_3d,2
crappy_crystals,2
progress_bar,2
metamaplite,2
subprocessbackend,2
subprocessbackendlite,2
bactdb,2
cooldb,2
ks,2
pynverse,2
nearestpd,2
synthetic_simulations_prepare_data,2
synthetic_simulations_prepare_models,2
arango,2
lsun_5cat,2
supp,2
googlesheets,2
basic_block,2
rmarineheatwaves,2
ag-char-map.h,2
varargs.h,2
genshell.h,2
emit_adoc,2
emit_c,2
disjoint_graph,2
bme68x.h,2
rule_parsing,2
fuzzy_sets,2
individual,2
similarity,2
partsegimage,2
pytest_astropy_header,2
display,2
image_operations,2
cso_classifier,2
semanticmodule,2
syntacticmodule,2
postprocmodule,2
kneed,2
fork-ts-checker-webpack-plugin,2
dateformat,2
szar,2
plottools,2
rdma,2
opa_service_gen1.h,2
opa_common_gen1.h,2
psm_hal_gen1_spio.h,2
psm_log.h,2
psm2_mq.h,2
ptl.h,2
rbtree.c,2
ips_recvhdrq.h,2
ips_proto_header.h,2
ips_recvq.h,2
ips_writehdrq.h,2
sparsely_connected_keras,2
tied_autoencoder_keras,2
altair,2
classification_utils,2
ntverp.h,2
fe.h,2
stanfordcorenlp,2
${usepath},2
vae_enc,2
vae_dec,2
vae_loss,2
rate_loss,2
conv_gru,2
itr_loss,2
vae_intp_loss,2
importance_map,2
multi_scale_conv,2
video_transforms,2
image_dataset,2
video_dataset,2
nvvl_video_dataset,2
video_codec,2
video_auto,2
pf_video_auto,2
bf_video_auto,2
video_vae,2
ms_video_encoder,2
if_feat_ext,2
running_stat,2
atari_wrappers,2
retro,2
binary_relation.h,2
compressed_grammar.h,2
selfgrammarindexbs.h,2
selfgrammarindexpt.h,2
patricia_tree.h,2
arrayg.h,2
csd_htfc.h,2
vbyte2.h,2
cargument.h,2
cconfig.h,2
cport_service.h,2
cmanager.h,2
libapexarinc653jni.,2
rotl,2
pexceptions,2
sub,2
cld2_dynamic_data.h,2
cldutil_shared.h,2
tote.h,2
langspan.h,2
generated_language.h,2
keras_squeezenet,2
blackboxauditor,2
test_data,2
binning,2
fafoom,2
pyaims,2
pyff,2
pynwchem,2
pyorca,2
showmap,2
seed,2
shellphish_qemu,2
elftools,2
rd_james_divnorm.h,2
glanceclient,2
annealer,2
cov,2
metropolis,2
coolingstep,2
gaussian,2
parameterset,2
null,2
ensemble,2
contiguous,2
l2,2
application,2
action,2
rng,2
gslrng,2
ar,2
online_planning,2
supervised_policy,2
experience_replay,2
general_dataset,2
syn_uniform,2
lgn_f_rates_and_spikes_functions,2
stylegan,2
mfishtools,2
seqeval,2
prefix_tree.h,2
distdiff,2
basecli,2
funcs,2
materials_library,2
meep-ctl.hpp,2
cv.h,2
tiffio.hxx,2
utilitygraphpartitioner.h,2
glm.hpp,2
types_reconstructor.hpp,2
memorystream.h,2
encodedstream.h,2
diyfp.h,2
ieee754.h,2
msinttypes,2
sofaexceptions.h,2
to_string.hpp,2
commondefinitions.h,2
wall.h,2
hammerjs,2
bioc,2
word2number,2
alcpack,2
bluepy,2
itsdangerous,2
pyconscious,2
dnslib,2
polynomial,2
numbertype,2
hmac_sha1.h,2
dns_decode.h,2
pumilior,2
@typescript-eslint,2
fs-extra,2
replace-in-file,2
cheroot,2
walker,2
fused_act,2
upfirdn2d,2
proloneticml,2
runfiles,2
nbastatr,2
hicutils,2
process_chiamo,2
analytics,2
qc_utils,2
blockmatrix.hpp,2
ng_grid_factory.hpp,2
ng_trace_space.hpp,2
simple_ngbem,2
create_datasets,2
extract_block,2
methcomp,2
mochikit.iter,2
mochikit.logging,2
mochikit.color,2
mochikit.*,2
" +
      ",2
counterreader.h,2
simplememorypool.h,2
interpreter.h,2
ycsq.h,2
cpufunctions.h,2
variantcaller.h,2
snp_caller.h,2
ns3modulegen_core_customizations,2
box_utils,2
bidi,2
citext,2
adsmutils,2
invenio,2
plotnine,2
austen_plots,2
extract_noun_phrases,2
create_custom_model,2
create_transformer_model,2
super_resolution_utilities,2
deep_embedded_clustering_utilities,2
resample_tensor_utilities,2
lesion_segmentation,2
cortical_thickness,2
quality_assessment,2
chexnet,2
kergp,2
config_profiling.h,2
$pulp_project_home,2
pi_net,2
ale_python_interface,2
runners,2
paac,2
fiminer.h,2
rtree.h,2
ggplot2movies,2
loci.formats.services.omexmlservice,2
loci.formats.ome.omexmlmetadata,2
ctgrind.h,2
propagatingsignal.h,2
flightdatamanager.h,2
triggerstate.h,2
evdev,2
target,2
tomlkit,2
nnested_array,2
cw_utils,2
awsem,2
top,2
sym.h,2
gelf.h,2
tsx-cpuid.h,2
teem,2
@node-rs,2
ggtern,2
__browserify_buffer,2
q9txcc,2
buffer-browserify,2
csv-parse,2
java.sql.databasemetadata,2
javax.sql.datasource,2
simple_ratios,2
adl_glc_ratios,2
dummyarith,2
mtl_rwc_ratios,2
gnr_server_ratios,2
lnl_lnc_ratios,2
ptl_cgc_ratios,2
csv_formats,2
mpltools,2
interrupts.h,2
slm_ratios,2
event_download,2
tldata,2
tl_uval,2
pty,2
icl_client_ratios,2
lnl_skt_ratios,2
ucmsg,2
image_viewer,2
pyhessian,2
lane_segment,2
devices,2
generate_transitions_util,2
lru,2
stl10,2
linalg,2
exprgraph,2
activation,2
one_hot,2
adversarial,2
inception_score,2
combine_reads.h,2
read_queue.h,2
neuralcoref,2
coref_resolution_util,2
torchmetrics,2
fine_tuning,2
loris_utils,2
nanite,2
lanerewarder.h,2
speedrewarder.h,2
scenario.h,2
screencapturer.h,2
pymalts,2
affineexcept.h,2
global_settings.h,2
smatrix,2
progress.h,2
orea,2
api_renderers,2
mixeduserdefinedfvpatchfield.h,2
fieldtypes.h,2
fixedvaluefvpatchfields.h,2
widebandabsorptionemission.h,2
volfieldsfwd.h,2
dimensionedfield.h,2
fvmatricesfwd.h,2
switch.h,2
iostreams.h,2
blackbodyemission.h,2
fvm.h,2
radiativeintensityray.h,2
fvmesh.h,2
fvmlaplacian.h,2
zerogradientfvpatchfields.h,2
interpolationlookuptable.h,2
policy_reactiontransport_buoyancy.h,2
policy_momentumreactiontransport_buoyancy.h,2
pimplecontrol.h,2
fixedfluxpressurefvpatchscalarfield.h,2
drg.h,2
batchreactorhomogeneousconstantpressure_ode_interface.h,2
batchreactorhomogeneousconstantvolume_ode_interface.h,2
batchreactorhomogeneousconstantpressurevirtualchemistry_ode_interface.h,2
isat.h,2
numericaljacobian4isat.h,2
mappinggradients,2
simplecontrol.h,2
linearmodel.h,2
pressurecontrol.h,2
pceqn.4x.h,2
pceqn.5x.h,2
pceqn.6x.h,2
pceqn.dev.h,2
pceqn.3x.h,2
readhref.h,2
gh.h,2
chemistry_di.h,2
chemistry_virtual.h,2
chemistry_drg.h,2
inputfiledictionary.h,2
opensmoke_dictionary.h,2
atomiccomposition.h,2
crbm.hxx,2
extremes,2
perm,2
amaz_augumentationpicture,2
amaz_log,2
alphashape3d,2
xlrapi.h,2
mk5read.h,2
bit_statistics.h,2
channel_extractor_tasklet.h,2
sfxc_math.h,2
single_data_writer_controller.h,2
udp_packet.h,2
multiple_data_writers_controller.h,2
rttimer.h,2
align_malloc.h,2
buffer2data_writer.h,2
sfxcdata,2
jsonrpclib,2
wsutils,2
stationmap,2
tf2.h,2
digit.h,2
org.processmining.framework.plugin.impl.abstractglobalcontext,2
java.util.concurrent.executors,2
org.processmining.framework.plugin.impl.abstractplugincontext,2
java.lang.reflect.modifier,2
java.util.jar.jarentry,2
java.util.jar.jarinputstream,2
org.deckfour.uitopia.ui.components.imagelozengebutton,2
javax.swing.filechooser.filenameextensionfilter,2
org.processmining.framework.connections.connectionannotation,2
org.processmining.framework.connections.dynamicconnection,2
org.processmining.contexts.uitopia.hub.serialization.idreferencepair.mtype,2
com.thoughtworks.xstream.io.hierarchicalstreamwriter,2
java.util.weakhashmap,2
com.thoughtworks.xstream.converters.converter,2
com.thoughtworks.xstream.io.hierarchicalstreamreader,2
org.processmining.framework.util.osutil,2
org.processmining.framework.xstream.xstreampersistency,2
java.awt.event.componentevent,2
org.deckfour.uitopia.ui.conf.configurationset,2
org.deckfour.uitopia.ui.conf.uiconfiguration,2
org.processmining.framework.packages.events.packagemanagerlistener,2
org.deckfour.uitopia.ui.main.viewable,2
java.awt.event.itemevent,2
java.awt.event.itemlistener,2
javax.swing.buttongroup,2
org.deckfour.uitopia.ui.util.arrangementhelper,2
java.awt.gradientpaint,2
org.processmining.contexts.uitopia.packagemanager.pmpackage.pmstatus,2
org.deckfour.uitopia.ui.uitopiacontroller,2
org.processmining.framework.util.htmltostring,2
org.jgraph.graph.defaultgraphcell,2
org.jgraph.graph.vertexrenderer,2
javax.swing.jcombobox,2
org.processmining.framework.connections.annotations.connectiondoesntexistmessage,2
org.processmining.framework.plugin.recursivecallexception,2
java.util.concurrent.timeoutexception,2
org.processmining.framework.util.arrayutils,2
java.security.messagedigest,2
java.lang.reflect.annotatedelement,2
org.processmining.framework.plugin.events.futurelistener,2
org.processmining.framework.providedobjects.providedobject,2
javax.swing.jprogressbar,2
javax.swing.jlayeredpane,2
org.processmining.framework.util.ui.scalableview.scalablecomponent.updatelistener,2
javax.swing.jslider,2
javax.swing.event.changeevent,2
javax.swing.event.changelistener,2
org.processmining.framework.util.ui.scalableview.interaction.viewinteractionpanel,2
java.util.abstractcollection,2
java.util.abstractset,2
org.processmining.framework.connections.impl.abstractconnection,2
org.processmining.models.graphbased.expansionlistener,2
org.jgraph.graph.defaultedge,2
org.processmining.models.jgraph.renderers.promgroupshaperenderer,2
org.jgraph.event.graphmodelevent,2
org.jgraph.graph.connectionset,2
org.jgraph.graph.defaultgraphmodel,2
org.jgraph.graph.parentmap,2
com.jgraph.layout.jgraphfacade,2
com.jgraph.layout.jgraphlayout,2
org.processmining.models.shapes.decorated,2
org.processmining.models.jgraph.promjgraph,2
java.awt.geom.roundrectangle2d,2
org.processmining.framework.abstractplugins.abstractimportplugin,2
org.processmining.plugins.wpp.objects.gsp,2
org.processmining.framework.util.ui.widgets.promtextarea,2
org.processmining.models.graphbased.directed.petrinet.petrinet,2
org.processmining.plugins.wpp.objects.gsppetrinet,2
currparams,2
neighbors,2
isolationforest,2
h5gpublic.h,2
tlsf-malloc.h,2
ccn-lite-riot.h,2
ccnl-pkt-builder.h,2
ccnl-callbacks.h,2
ccnl-producer.h,2
database_setup,2
cijutil,2
castep,2
bayesfactor,2
oddt,2
pymol,2
panometer,2
cookiecutter,2
voxel_model_api,2
regressors,2
nonparametric,2
survcomp,2
bitops,2
fftw,2
mvnormtest,2
fbasics,2
outliers,2
chaco,2
options_struct,2
viewport,2
color_legend,2
libdlpi.h,2
pcap-sita.h,2
ieee80211.h,2
atmuni31.h,2
pc.h,2
netdnet,2
pcap-bt-linux.h,2
pcap-bt-monitor-linux.h,2
pcap-can-linux.h,2
pcap-canusb-linux.h,2
dagnew.h,2
dagapi.h,2
pcap-dag.h,2
dbus,2
pcap-dbus.h,2
pcap-netfilter-linux.h,2
pcap-septel.h,2
snf.h,2
pcap-snf.h,2
bittypes.h,2
pcap-usb-linux.h,2
ddk,2
win32-extensions.h,2
sf-pcap.h,2
sf-pcap-ng.h,2
cpack.h,2
gmt2local.h,2
machdep.h,2
nfsfh.h,2
ah.h,2
appletalk.h,2
chdlc.h,2
mpls.h,2
nfs.h,2
openflow.h,2
ospf.h,2
slcompress.h,2
smb.h,2
smi.h,2
mmsystem.h,2
winerror.h,2
vex_ffi,2
lift_function,2
lifter,2
instr_helper,2
lifter_helper,2
syntax_wrapper,2
pyvex_internal.h,2
fragment_indices.h,2
sdeint,2
eikmeans_lib,2
kmeanschi2_lib,2
data_access,2
ev_level_calc_stats,2
pyvirtualdisplay,2
upload,2
reports,2
neighbourhood,2
stochastic,2
cltypes.h,2
atomscl.h,2
ljcl.h,2
petscdm.h,2
fefas-align.h,2
mg.h,2
matmul.c,2
vms_term_sock.h,2
novsock2.h,2
timeouts.h,2
iodef.h,2
async_locl.h,2
blake2_impl.h,2
rsaz_exp.h,2
comp_lcl.h,2
ncbc_enc.c,2
stsdef.h,2
lhash_lcl.h,2
lpdir_win.c,2
obj_lcl.h,2
rc4_locl.h,2
wp_locl.h,2
iolib.h,2
vxworks.h,2
socklib.h,2
e_afalg_err.h,2
e_capi_err.h,2
packet_locl.h,2
forward,2
the_constants,2
tffm_module,2
ddsp_model.h,2
particles.h,2
grab,2
retrieval,2
additional_output,2
_func,2
_wrapcoordinates,2
edr.h,2
_wrapradarfilter,2
_wrapretrieval,2
_wrapwindfield,2
betareg,2
methylseekr,2
ec_base.h,2
options_aarch64.h,2
flatten_ll.h,2
igzip_wrapper.h,2
shim_deflate.h,2
mem_routines.h,2
$src,2
modulemanager.h,2
runtime,2
animnode_mirror.h,2
object.h,2
uobject,2
bonecontrollers,2
constructorhelpers.h,2
roxjsonparser.h,2
roxobjectpainter.h,2
sharedpointer.h,2
roxtracker.h,2
pusher,2
pusher3dof,2
params_cheetah,2
skybox.h,2
light.h,2
exceptional.h,2
parsingutils.h,2
vector3.h,2
byteswapper.h,2
sdl_syswm.h,2
sdl_main.h,2
sdl_assert.h,2
sdl_audio.h,2
sdl_clipboard.h,2
sdl_cpuinfo.h,2
sdl_events.h,2
sdl_filesystem.h,2
sdl_haptic.h,2
sdl_hints.h,2
sdl_loadso.h,2
sdl_log.h,2
sdl_messagebox.h,2
sdl_power.h,2
sdl_shape.h,2
sdl_system.h,2
sdl_timer.h,2
mm3dnow.h,2
sdl_mouse.h,2
sdl_quit.h,2
sdl_gesture.h,2
sdl_scancode.h,2
gl_mangle.h,2
sdl_opengl_glext.h,2
sdl_opengles2_khrplatform.h,2
sdl_opengles2_gl2platform.h,2
sdl_opengles2_gl2.h,2
sdl_opengles2_gl2ext.h,2
sdl_blendmode.h,2
inspectable.h,2
directfb.h,2
uikit,2
sdl_egl.h,2
sdl_test_assert.h,2
sdl_test_common.h,2
sdl_test_compare.h,2
sdl_test_crc32.h,2
sdl_test_font.h,2
sdl_test_fuzzer.h,2
sdl_test_harness.h,2
sdl_test_log.h,2
sdl_test_md5.h,2
sdl_test_memory.h,2
sdl_test_random.h,2
rsge,2
vgg16,2
xception,2
microblas.h,2
rpart.plot,2
c2_95,2
edu.toronto.cs.se.mmint.example.jase20.iso26262.gsn.gsnroot,2
edu.toronto.cs.se.mmint.example.jase20.iso26262.hara.impl.harapackageimpl,2
edu.toronto.cs.se.mmint.example.jase20.iso26262.sysml.impl.sysmlpackageimpl,2
edu.toronto.cs.se.mmint.example.jase20.iso26262.gsn.impl.gsnpackageimpl,2
edu.toronto.cs.se.mmint.example.jase20.iso26262.hara.hararoot,2
edu.toronto.cs.se.mmint.example.jase20.iso26262.sysml.sysmlroot,2
edu.toronto.cs.se.mmint.mid.relationship.provider.modelrelitemprovider,2
edu.toronto.cs.se.mmint.mid.relationship.impl.modelrelimpl,2
edu.toronto.cs.se.mmint.mid.productline.plmidheavytypefactory,2
edu.toronto.cs.se.mmint.productline.class,2
edu.toronto.cs.se.mmint.mid.diagram.edit.commands.midcreateshortcutdecorationscommand,2
edu.toronto.cs.se.mmint.mid.diagram.edit.policies.modelopendiagrameditpolicy,2
edu.toronto.cs.se.mmint.mid.diagram.edit.policies.modelopeneditoreditpolicy,2
edu.toronto.cs.se.mmint.mid.diagram.providers.middiagramviewprovider,2
org.eclipse.emf.ecore.eenumliteral,2
org.eclipse.emf.ecore.eparameter,2
org.eclipse.ocl.environment,2
org.eclipse.ocl.evaluationenvironment,2
org.eclipse.ocl.parserexception,2
org.eclipse.ocl.ecore.ecorefactory,2
org.eclipse.ocl.ecore.oclexpression,2
org.eclipse.ocl.ecore.variable,2
org.eclipse.ocl.ecore.ocl.helper,2
org.eclipse.ocl.options.parsingoptions,2
edu.toronto.cs.se.mmint.mid.diagram.part.middiagrameditor,2
org.eclipse.gef.palette.panningselectiontoolentry,2
org.eclipse.gmf.runtime.diagram.ui.internal.services.palette.palettetoolentry,2
edu.toronto.cs.se.mmint.mid.provider.extendibleelementitemprovider,2
edu.toronto.cs.se.mmint.mid.provider.extendibleelementendpointitemprovider,2
edu.toronto.cs.se.mmint.primitive.file.filefactory,2
edu.toronto.cs.se.mmint.primitive.int_.intfactory,2
edu.toronto.cs.se.mmint.mid.relationship.diagram.edit.policies.modelelementreferencehighlighteditpolicy,2
edu.toronto.cs.se.mmint.mid.relationship.diagram.edit.policies.modelelementreferencesemanticeditpolicy,2
edu.toronto.cs.se.mmint.mid.relationship.diagram.part.middiagrameditor,2
org.eclipse.viatra.query.runtime.matchers.psystem.basicenumerables.binarytransitiveclosure,2
edu.toronto.cs.se.mmint.mid.ui.siriusutils,2
edu.toronto.cs.se.mmint.mid.impl.extendibleelementimpl,2
edu.toronto.cs.se.mmint.mid.impl.extendibleelementendpointimpl,2
edu.toronto.cs.se.modelepedia.classdiagram.diagram.part.classdiagramdiagrameditorutil,2
edu.toronto.cs.se.modelepedia.classdiagram.provider.classdiagramitemprovideradapterfactory,2
edu.toronto.cs.se.modelepedia.classdiagram.diagram.edit.parts.wrappinglabel2editpart,2
edu.toronto.cs.se.modelepedia.classdiagram.diagram.edit.parts.wrappinglabeleditpart,2
edu.toronto.cs.se.mmint.productline.provider.classitemprovider,2
org.osgi.framework.wiring.bundlewiring,2
edu.toronto.cs.se.mmint.productline.impl.classimpl,2
edu.toronto.cs.se.modelepedia.gsn.provider.templateitemprovider,2
edu.toronto.cs.se.modelepedia.gsn.provider.strategyitemprovider,2
edu.toronto.cs.se.modelepedia.gsn.provider.goalitemprovider,2
edu.toronto.cs.se.modelepedia.gsn.impl.templateimpl,2
edu.toronto.cs.se.modelepedia.gsn.impl.strategyimpl,2
edu.toronto.cs.se.modelepedia.gsn.impl.goalimpl,2
edu.toronto.cs.se.mmint.types.gsn.templates.reasoning.igsnleanencoder.propertytemplate,2
org.eclipse.swt.graphics.rectangle,2
edu.toronto.cs.se.modelepedia.istar.diagram.part.istardiagramupdater,2
edu.toronto.cs.se.modelepedia.istar.diagram.part.istarnodedescriptor,2
edu.toronto.cs.se.modelepedia.istar.diagram.part.istardiagrameditorutil,2
org.eclipse.gmf.runtime.diagram.ui.actions.abstractdeletefromaction,2
edu.toronto.cs.se.modelepedia.istar.provider.istaritemprovideradapterfactory,2
org.eclipse.core.commands.abstracthandler,2
org.eclipse.ui.handlers.handlerutil,2
org.eclipse.gmf.runtime.diagram.ui.services.editpart.abstracteditpartprovider,2
org.eclipse.gmf.runtime.diagram.ui.services.editpart.creategraphiceditpartoperation,2
org.eclipse.gmf.runtime.diagram.ui.services.editpart.ieditpartoperation,2
org.eclipse.gmf.runtime.common.ui.services.icon.geticonoperation,2
org.eclipse.emf.edit.ui.provider.propertysource,2
org.eclipse.gmf.runtime.diagram.ui.properties.sections.advancedpropertysection,2
edu.toronto.cs.se.modelepedia.istar.contributiontype,2
edu.toronto.cs.se.modelepedia.relationaldatabase.diagram.edit.commands.foreignkeyforeigncolumncreatecommand,2
edu.toronto.cs.se.modelepedia.relationaldatabase.diagram.edit.commands.foreignkeyforeigncolumnreorientcommand,2
edu.toronto.cs.se.modelepedia.relationaldatabase.diagram.edit.commands.foreignkeytablecolumncreatecommand,2
edu.toronto.cs.se.modelepedia.relationaldatabase.diagram.edit.commands.foreignkeytablecolumnreorientcommand,2
edu.toronto.cs.se.modelepedia.relationaldatabase.diagram.part.relationaldatabasediagrameditorutil,2
edu.toronto.cs.se.modelepedia.relationaldatabase.provider.relationaldatabaseitemprovideradapterfactory,2
edu.toronto.cs.se.modelepedia.relationaldatabase.diagram.edit.parts.wrappinglabel2editpart,2
edu.toronto.cs.se.modelepedia.relationaldatabase.diagram.edit.parts.wrappinglabeleditpart,2
edu.toronto.cs.se.modelepedia.statemachine.diagram.part.statemachinediagrameditorutil,2
edu.toronto.cs.se.modelepedia.statemachine.diagram.part.statemachinediagramupdater,2
edu.toronto.cs.se.modelepedia.statemachine.diagram.part.statemachinenodedescriptor,2
edu.toronto.cs.se.modelepedia.statemachine.provider.statemachineitemprovideradapterfactory,2
latent_shift_predictor,2
pseudo_label,2
my_utils,2
javax.swing.text.,2
org.dom4j.tree.abstractattribute,2
com.sun.msv.datatype.databindabledatatype,2
com.sun.msv.datatype.serializationcontext,2
org.dom4j.dtd.externaldeclaration,2
org.dom4j.tree.defaultnamespace,2
org.dom4j.text,2
org.w3c.dom.processinginstruction,2
org.dom4j.tree.abstractelement,2
org.xml.sax.ext.declhandler,2
org.xml.sax.helpers.attributesimpl,2
javax.xml.stream.events.,2
javax.xml.stream.events.processinginstruction,2
org.gjt.xpp.xmlpullparserexception,2
javax.xml.bind.element,2
org.dom4j.tree.backedlist,2
org.dom4j.characterdata,2
javax.swing.tree.treenode,2
org.jaxen.namespacecontext,2
org.dom4j.invalidxpathexception,2
org.dom4j.xpathexception,2
org.jaxen.,2
conda_build,2
generaterecomlists.h,2
prefixevent.h,2
toppair.h,2
dependency_processor,2
article,2
map_writer_interface.h,2
endpoints,2
loadelf.h,2
dhrystone.h,2
sfr.h,2
isr.h,2
hw_test_riscv_compliance,2
hw_test_mul_sw,2
hw_test_median,2
hw_test_qsort,2
hw_test_rsort,2
hw_test_crc32,2
hw_test_md5,2
hw_test_bootloader,2
hw_test_irq_counter,2
hw_test_dhrystone,2
jason.assemantics.agent,2
pngusr.h,2
fp.h,2
m68881.h,2
r2shapes.h,2
json_tool.h,2
hyppo_classes,2
genespeciestreeutil.h,2
treeinfo.h,2
image_utils,2
backup,2
headerencoder.h,2
fortranobject.h,2
cmdline.h,2
threadeddyscocolumn.h,2
dyscodistribution.h,2
dysconormalization.h,2
threadgroup.h,2
dyscostman.h,2
serializable.h,2
gulp-gh-pages,2
"""$1",2
ecmascriptparser,2
schema_salad,2
asyncssh,2
uplift,2
stditeratorwrapper.h,2
statictree.h,2
rmq.h,2
stdtools.h,2
stdtools.inl,2
faulthandler,2
sampletrain,2
detectplanehelper,2
medical,2
ziputil,2
virgo,2
run_ftf,2
run_wola,2
adafruit_cc3000.h,2
adafruit_cc3000_server.h,2
xlib,2
black,2
rpostgresql,2
asnipe,2
simplex_class,2
thurston,2
trigger,2
jsons,2
sourcefile,2
ast_diff_parser,2
refactoring_miner_parser,2
unemployment_v1,2
blast,2
clusteringdata,2
silvaluegenerator,2
ic3.h,2
simpsolver.h,2
fftw3-mpi.h,2
makefftwboxes.h,2
reset_internal_e.h,2
amrex_mlpoisson.h,2
amrex_mllinop.h,2
amrex_config.h,2
f_rhs.h,2
plm.h,2
bit,2
acmacros.h,2
acglobal.h,2
acconfig.h,2
actbl.h,2
aclinux.h,2
acpibin.h,2
package_name,2
java.awt.image.writableraster,2
javax.imageio.imageio,2
flags,2
qtstylish,2
pythoncom,2
utildatagenerator,2
utilmodelrednet,2
common_srw.hpp,2
hypermatrix.hpp,2
nanostackinterface.h,2
npbeam.h,2
trandom1.h,2
tasciifile.h,2
tactardata.h,2
tagatadata.h,2
tannularcsidata.h,2
tannulars4data.h,2
tannulartelescopedata.h,2
tbeam_dumpdata.h,2
tcatsdata.h,2
tcharissadata.h,2
tcomptontelescopedata.h,2
tdalidata.h,2
texldata.h,2
texogamdata.h,2
tfoildata.h,2
tfoilphysics.h,2
tforwardarraydata.h,2
tfpdtamudata.h,2
theliosdata.h,2
tlabr3data.h,2
tlightpipedata.h,2
mdmtrace.h,2
tmdmdata.h,2
tmicroballdata.h,2
tmicroballphysics.h,2
tminiballdata.h,2
tminiballphysics.h,2
tminosdata.h,2
tminosphysics.h,2
tmodularleafphysics.h,2
tmugastdata.h,2
tmugastphysics.h,2
tneutronwalldata.h,2
tneutronwallphysics.h,2
tpyramiddata.h,2
tpyramidphysics.h,2
tsharcdata.h,2
tsilidata.h,2
tsiresdata.h,2
ttimestamp.h,2
tsplitpoledata.h,2
ttiarabarreldata.h,2
ttiarahyballdata.h,2
ttntdata.h,2
ttrexdata.h,2
ttrexphysics.h,2
tw1data.h,2
tapplication.h,2
tlorentzrotation.h,2
tdetectornamedata.h,2
tdetectornamephysics.h,2
tvector.h,2
tspectrum.h,2
gacq.h,2
gdevice.h,2
g2rdetectormanager.h,2
detectormanager.h,2
npoptionmanager.h,2
gaspardtracker.h,2
tleaf.h,2
thiraphysics.h,2
tellipse.h,2
makecube,2
make_off_template,2
calibrate_map_scans,2
polys,2
bbs,2
heatmaps,2
imagecorruptions,2
galpy,2
mbb_fit,2
uiautomator2,2
ratproc,2
cv2_utils,2
edlib,2
syslogparsingmodel,2
pyxdameraulevenshtein,2
sugar_codes,2
glycan_graph_methods,2
qtplugin,2
elapsedtimer.h,2
fibereditwidget.h,2
qprogressdialog,2
qmenubar,2
qtoolbox,2
optionswidget.h,2
pluginloader.h,2
renderwidget.h,2
settingswidget.h,2
render2d.h,2
render3d.h,2
transformation3d.h,2
pxdeepoutrow.h,2
imathmatrix.h,2
_security,2
cdbngenomics,2
predicate,2
realism,2
formatting,2
base_module,2
nndsvd,2
@nomiclabs,2
sqldf,2
analyzer,2
prob_start,2
prob_trans,2
prob_emit,2
netcdf3,2
pydap,2
bottleneck,2
khoros.h,2
obstacles,2
foods,2
taxonomy_util,2
testbed.h,2
forbeslistr,2
common.sh,2
laravel-echo,2
pusher-js,2
@sentry,2
vue-router,2
mathjs,2
laravel-mix,2
gsheet,2
sharedmem,2
mapproj,2
pygrib,2
aero,2
activewpdata,2
adsbmodel,2
autopilot,2
aporasas,2
turbulence,2
windfield,2
windsim,2
menu,2
fastfont,2
glhelpers,2
phase_dispersion_minimization,2
exoplanet,2
pymc3_ext,2
embd_functions,2
projections,2
helper_dicts,2
supernova,2
extinction,2
fit_spectral_lines,2
uglifyjs-webpack-plugin,2
ppmd.h,2
bigquery,2
psycopg,2
bochs.h,2
cuckoo.h,2
debuggers.h,2
winioctl.h,2
gensandbox.h,2
hooks.h,2
sandboxie.h,2
vbox.h,2
wine.h,2
vmware.h,2
qemu.h,2
rtt.h,2
mlr,2
rmpfr,2
fairseq,2
sha-256.h,2
com.opencsv.csvreader,2
com.opencsv.csvwriter,2
ida_segment,2
ida_kernwin,2
ida_ida,2
ida_bytes,2
break_jphide.h,2
jphide_table.h,2
break_jsteg.h,2
break_outguess.h,2
discrimination.h,2
jutil.h,2
transupp.h,2
rle.h,2
rules.h,2
resdet,2
resdet_numpy,2
torchinterp1d,2
jxrmeta.h,2
templates,2
utli,2
xml2js,2
python-shell,2
mean_average_precision_calculator,2
export_model,2
ni,2
napari,2
concurrency_tools,2
gunifrac,2
_libxdrfile2,2
xdrfile_trr.h,2
xdrfile_xtc.h,2
detect.hpp,2
@vue,2
eslint-plugin-vue,2
lamp,2
sharemem,2
coope_fit.h,2
coord_t.h,2
settingswhere,2
libwhere,2
demos,2
axe,2
dataprocess,2
pyroots,2
ncurses-interface.h,2
fmatch.h,2
ncurses-commands.h,2
wcs.h,2
filegroup.h,2
ncurses-getcommand.h,2
investor.h,2
archivelib,2
multidplyr,2
regressiveimputer,2
" +
        ",2
myselect,2
sparsehash,2
data_set,2
_scm_version,2
acceptor,2
listener,2
tcp_server,2
unix,2
certificate,2
dashboard,2
codes,2
joi,2
workbox-webpack-plugin,2
sweed_bfgs.h,2
take_lab,2
broadcast-functions.h,2
ext.h,2
ext_obex.h,2
z_dsp.h,2
btrack.h,2
onsetdetectionfunction.h,2
btrackvamp.h,2
vamp-sdk,2
petscmat.h,2
petscsnes.h,2
cutstock.h,2
fcnf.h,2
knapsack.h,2
genassign.h,2
lp.h,2
onemachine.h,2
optportfolio.h,2
subgraph.h,2
flownet.h,2
tsp.h,2
tsppool.h,2
sdraw,2
flask_restplus,2
brewerslabdata,2
_mysql,2
falcon,2
pyconfhoard,2
sysrepo,2
development,2
formula_concept_handler,2
annomathtex,2
efind_log_manager.h,2
efind_mod_handler.h,2
fast_max_heap.h,2
fast_redo_stack.h,2
flashdbsim.h,2
fornode_stack.h,2
fortree_buffer.h,2
hilbert_curve.h,2
hilbert_value.h,2
hilbertnode_stack.h,2
nanddevice02.h,2
utmm.h,2
utarray.h,2
uthash.h,2
bbox_handler.h,2
spatial_approximation.h,2
festival_defs.h,2
header_handler.h,2
fmgr.h,2
query.h,2
rnode.h,2
rnode_stack.h,2
split.h,2
py_train,2
robustml,2
dsdgp,2
modal_coefs,2
absorption_module,2
quantise,2
gnsolver.h,2
utils_dataset.h,2
kernel2d,2
cuda_gl_interop.h,2
rgbdsensor.h,2
renderer.h,2
math_types.h,2
cusolverdn.h,2
acars2,2
inputfile.hpp,2
outputfile.hpp,2
samdata.hpp,2
ssw_cpp.h,2
ssw.h,2
l.h,2
fairsplit.h,2
spc.h,2
parametricjobs,2
diracjobs,2
jsontableencoder,2
fnn,2
bstep,2
zstep,2
bayesianclusterevaluationlaplacian,2
ans_kni.h,2
rte_vect.h,2
rte_byteorder.h,2
rte_prefetch.h,2
rte_random.h,2
rte_ip.h,2
rte_tcp.h,2
rte_udp.h,2
rte_string_fns.h,2
ans_param.h,2
genie3,2
nbodykit,2
rescale,2
outerrim,2
displacement_field,2
imureadereditor.h,2
seriallib.h,2
cw_attack,2
cw_qa_attack,2
mps_gen,2
mps_uniform,2
sexpmv,2
heisenberg_af_uniform,2
fclass.h,2
linefile.h,2
stringfunctions.h,2
timemanager.h,2
base_binary_edge.hpp,2
base_multi_edge.hpp,2
base_unary_edge.hpp,2
base_vertex.hpp,2
linear_solver.h,2
sparse_block_matrix_diagonal.h,2
block_solver.hpp,2
hyper_dijkstra.h,2
marginal_covariance_cholesky.h,2
optimization_algorithm_dogleg.h,2
block_solver.h,2
optimization_algorithm_factory.h,2
optimization_algorithm_gauss_newton.h,2
optimization_algorithm_levenberg.h,2
robust_kernel_impl.h,2
sparse_block_matrix.hpp,2
g2o_types_sba_api.h,2
types_seven_dof_expmap.h,2
sim3.h,2
dquat2mat.h,2
edge_se3_offset.h,2
edge_se3_pointxyz.h,2
edge_se3_pointxyz_depth.h,2
edge_se3_pointxyz_disparity.h,2
edge_se3_prior.h,2
se3quat.h,2
parameter_stereo_camera.h,2
se3_ops.hpp,2
plot_ncap_pattern,2
castelli_kurucz,2
marcs,2
stagger,2
photospheres,2
mpl,2
pyastronomy,2
gnm-plugin.h,2
pure-gnumeric.h,2
expr-impl.h,2
sheet.h,2
workbook.h,2
g_canvas.h,2
fcgi_stdio.h,2
lo,2
symap.h,2
lv2_evbuf.h,2
lv2pure.h,2
midifile.h,2
editline,2
mpir.h,2
histfiledlg.h,2
histsizedlg.h,2
qpathdlg.h,2
promptdlg.h,2
afxwin.h,2
afxext.h,2
afxdisp.h,2
afxdtctl.h,2
afxcmn.h,2
chap12,2
composite_controller,2
joint_vel,2
hid,2
panda_gripper,2
ball,2
cylinder,2
manipulators,2
rmeta,2
adafruit_busio_register.h,2
costcla,2
probcal,2
hasasia,2
pressurepoints.h,2
colourpicker,2
tricycle,2
zellkonverter,2
bbknn,2
louvain,2
general_helper_functions,2
plotting_helper_functions,2
gs_plot_helper_functions,2
pydoe2,2
keras_self_attention,2
availability_api,2
cdx_api,2
save_api,2
method,2
obd,2
full_detection,2
visualizationtools,2
clusterstrait,2
mwparserfromhell,2
_externallink,2
_parameter,2
_section,2
_table,2
_template,2
_wikilink,2
_config,2
tksimpledialog,2
libextern.h,2
rinternals.h,2
arith.h,2
distributed_factory,2
dm_control2gym,2
a2c_acktr,2
ppo,2
kfac,2
sensorpack,2
feature_selector,2
aenum,2
realenv,2
resampledataset,2
valuesummarymeter,2
fluxboxes.h,2
amrex_eb2_if.h,2
macproj.h,2
hydro_ebgodunov.h,2
hydro_godunov.h,2
hydro_bds.h,2
amrex_ebfluxregister.h,2
amrex_extrapolater.h,2
amrex_ebamrutil.h,2
projection.h,2
ns_derive.h,2
amrex_distributionmapping.h,2
deprand.h,2
jsonstream,2
"""$crab_bin_setup_script""",2
strings_reader,2
numpyencoder,2
testsuite,2
openmm_systems,2
shts,2
lens,2
cd_monitors,2
cd_solve,2
wignerd,2
cwignerd,2
obs,2
ionogram_tester,2
ionospheric_layer,2
traces,2
movies,2
rois,2
cred.h,2
vecfield.hpp,2
readwritereg.hpp,2
claireinterface.hpp,2
morton2d.h,2
morton3d.h,2
morton_common.h,2
data_processing,2
agapiaaiexample.h,2
commonutils.h,2
maininputparser.h,2
executionstrategy_defines.h,2
executionstrategyconcrete_mpi.h,2
lex.yy.c,2
parserprocessesvector.h,2
scam,2
hvc-class.h,2
hvc-private.h,2
hvc.h,2
dec.h,2
str_match.h,2
lacewing,2
wio,2
thinning,2
fukuda_tools.hpp,2
behavior2,2
step_plots,2
subgraph,2
pathcustomize,2
waldo_local,2
angles,2
asp,2
flip_gradient,2
rdisop,2
total,2
tokenizations,2
targetdata,2
postcard,2
tess_stars2px,2
sparse_attn,2
rnn_models,2
blockgru,2
baseline_lstm_model_adding,2
lang_lstm,2
base.hpp,2
expr.hpp,2
grammar.hpp,2
parser_iface.hpp,2
search.hpp,2
expr_search.h,2
expr_search,2
grammar_infr.h,2
sre_constants,2
.clang-format-common.sh,2
abouthdt.hpp,2
hdtcachedinfo.hpp,2
singletriple.hpp,2
hdtcontroller.hpp,2
hdtoperation.hpp,2
resultcounter.hpp,2
hdtspecform.hpp,2
ui_hdtspecform.h,2
sparqlform.hpp,2
ui_sparqlform.h,2
hdtsummarygenerator.hpp,2
myapplication.hpp,2
sparqlmodel.hpp,2
stopwatch.hpp,2
bitsequencerg.h,2
bitsequencerrr.h,2
bitsequencesdarray.h,2
bitsequencedarray.h,2
huffmancoder.h,2
textindex.h,2
sequencebuilderwavelettreenoptrs.h,2
wt_node_internal.h,2
wt_coder_binary.h,2
wt_node.h,2
header.hpp,2
dictionary.hpp,2
triples.hpp,2
faz_ecdh_avx2.h,2
multi_hash.h,2
bootstrapped,2
mixomics,2
gintersect,2
simplesvg,2
clustersim,2
bookkeepingapi,2
qcinputs.h,2
qualityobject.h,2
customparameters.h,2
timekeeper.h,2
cpvbase,2
dataformatsctp,2
ft0,2
detectorscommondataformats,2
mftbase,2
dataformatsmid,2
mchgeometrytransformer,2
phosbase,2
zdcbase,2
zdcsimulation,2
mshr,2
text2vec,2
census_surname,2
census_surname_model,2
florida_voter,2
runtime_tables,2
model_artifacts,2
one_sided_mirror,2
homogenized_local_receiver,2
emissive_losses,2
@octokit,2
wordbag_regressor,2
apply,2
tsabody,2
syck.h,2
transform_nets,2
smoothconstraint,2
problabelpropagation,2
d3-interpolate,2
org.abs_models.backend.java.lib.types.,2
eventsource-polyfill,2
opn,2
http-proxy-middleware,2
connect-history-api-fallback,2
serve-static,2
friendly-errors-webpack-plugin,2
compression-webpack-plugin,2
webpack-bundle-analyzer,2
biomformat,2
streamgraph,2
fair_utils_data,2
loaddata,2
recourse,2
libavutil,2
encrypt.h,2
gift64.h,2
construct_vcf_from_multifasta,2
find_singleton_mutations,2
jupyter_server,2
")
				.replace(",2
iotbroker_functions.sh,2
vl_imsmooth.c,2
stringop.h,2
scalespace.h,2
pgm.h,2
gmm.h,2
fisher.c,2
shuffle-def.h,2
gmm.c,2
kmeans.h,2
ikmeans.h,2
homkermap.h,2
homkermap.c,2
imopv_sse2.h,2
imopv_sse2.c,2
kmeans.c,2
mathop.c,2
mathop_avx.c,2
mathop_sse2.c,2
svmdataset.h,2
svmdataset.c,2
vlad.c,2
thecannon,2
model_spectra,2
clusters.h,2
spikefit.h,2
kknn,2
rsnns,2
command_line,2
httools,2
corrfunc,2
moons_params,2
icdpicr,2
"""$dir",2
memorymanager.h,2
vocutils.h,2
treeblock.h,2
nmslib,2
pysbd,2
die,2
primer,2
gtkclient.h,2
sh,2
"""$this_dir",2
tracerpov,2
tinycore,2
cachemanager,2
mygene,2
global_tags,2
layer_base,2
semantic3d_utils,2
wikipedir,2
area.h,2
"""${conda_base}",2
unitok,2
rando3.h,2
gillespie.h,2
msort.h,2
tracery,2
paneljudge,2
heuristics.h,2
conversion.h,2
modp_b64.h,2
strftime2.h,2
pyfletcher,2
global_options,2
layer_options,2
table_manager,2
galois,2
adafruit_neopixel.h,2
bleserial.h,2
bleperipheral.h,2
culzss.h,2
deculzss.h,2
nortest,2
dht.h,2
teleport,2
initializers,2
bcolz,2
sklearn_pandas,2
sgdr,2
swa,2
fp16,2
nms.h,2
roipool.h,2
grouped_batch_sampler,2
detectors,2
nn_common_modules,2
quicknat,2
+collectionname+,2
ttl-lru-cache,2
tidygraph,2
legend,2
position,2
it.unimi.dsi.fastutil.objects.objectiterator,2
org.apache.giraph.function.primitive.pairs.,2
libvex_guest_arm64.h,2
guest_arm_defs.h,2
ir_opt.h,2
libvex_guest_mips64.h,2
guest_mips_defs.h,2
common_nanomips_defs.h,2
guest_ppc_defs.h,2
libvex_s390x_common.h,2
guest_x86_defs.h,2
host_amd64_maddf.h,2
host_generic_maddf.h,2
host_avx512.h,2
host_arm_defs.h,2
host_mips_defs.h,2
host_ppc_defs.h,2
host_s390_defs.h,2
ir_defs_avx512.h,2
main_main_avx512.h,2
stubs.h,2
dis-asm.h,2
s390.h,2
install,2
flask_jwt_extended,2
ace_helpers,2
depedit,2
org.bouncycastle.crypto.params.keyparameter,2
shared.cpp,2
z3,2
lists.h,2
terms.h,2
deepmerge,2
compactness,2
jest,2
nmea.h,2
serial_port.h,2
$venv,2
djangosaml2,2
universal-cookie,2
autocell.h,2
qintvalidator,2
qtxml,2
simulateur.h,2
amqp_openssl_bio.h,2
amqp_table.h,2
cost,2
cordova-plugin-file.fileentry,2
protocolarctech,2
laravel-elixir,2
netlaprls,2
blm,2
wnngip,2
cmf,2
adaptive_samples.h,2
deltavector.h,2
multiarray.h,2
nibblevector.h,2
rlevector.h,2
fmd.h,2
mcstl.h,2
terser,2
netpyne,2
build_helpers,2
meanfield,2
branch.h,2
net.h,2
netvisual.h,2
jc_voronoi.h,2
morseanalysis,2
mbed-trace,2
sensoroverlord,2
procell_core,2
nnclassifier,2
acasneuralnetwork.h,2
cut_tools.hpp,2
"an improved algorithm for
   * geocentric to geodetic coordinate conversion",2
controlaerobi.h,2
controlaerobi_private.h,2
linuxinitialize.h,2
shm_util.h,2
shm_channels.h,2
exploration,2
java.awt.image.,2
scrattch,2
geiger,2
nmap,2
geoip2,2
epidisplay,2
bouncing_balls,2
layer_def,2
basicconvlstmcell,2
convlstm,2
atlcom.h,2
atlctl.h,2
dlldata.c,2
pdcsocket.h,2
decodinf_i.c,2
pdc_process_dlg.h,2
pdc_process_dlgdlg.h,2
agi.foundation.compatibility.converthelper,2
agi.foundation.compatibility.memorystream,2
cesiumlanguagewriter.eyeoffsetcesiumwriter,2
cesiumlanguagewriter.horizontalorigincesiumwriter,2
cesiumlanguagewriter.pixeloffsetcesiumwriter,2
cesiumlanguagewriter.verticalorigincesiumwriter,2
cesiumlanguagewriter.repeatcesiumwriter,2
cesiumlanguagewriter.cornertypecesiumwriter,2
cesiumlanguagewriter.directionlistcesiumwriter,2
agi.foundation.compatibility.numberformatinfo,2
agi.foundation.compatibility.listhelper,2
cesiumlanguagewriter.checkerboardmaterialcesiumwriter,2
cesiumlanguagewriter.gridmaterialcesiumwriter,2
cesiumlanguagewriter.imagematerialcesiumwriter,2
cesiumlanguagewriter.solidcolormaterialcesiumwriter,2
cesiumlanguagewriter.stripematerialcesiumwriter,2
cesiumlanguagewriter.polylinematerialcesiumwriter,2
cesiumlanguagewriter.arctypecesiumwriter,2
agi.foundation.compatibility.urikind,2
cesiumlanguagewritertests.data.,2
java.time.zoneid,2
org.junit.rules.expectedexception,2
agi.foundation.compatibility.func2,2
graph_cert,2
bam_cat.h,2
bambinsortbycoordinate.h,2
bambinsortunmapped.h,2
bamremoveduplicates.h,2
bamsortbycoordinate.h,2
chain.h,2
funcompareuintandsuffixesmemcmp.h,2
insertseqsa.h,2
hfile_internal.h,2
inoutstreams.h,2
sysremovedir.h,2
stringsubstituteall.h,2
parametersdefault.xxd,2
parametersgenome.h,2
readload.h,2
stitchwindowaligns.h,2
stitchaligntotranscript.h,2
samheaders.h,2
sjdbbuildindex.h,2
outputsj.h,2
twopassrunpass1.h,2
confman_functions.sh,2
driver_info,2
_defaults,2
_parsers,2
redismodules,2
aggregation,2
document,2
backoff,2
retry,2
ocsp,2
gftools.hpp,2
bcea,2
gen,2
verbose_object,2
plot_lines,2
column_data,2
visit_ats,2
visit_save,2
ecmapprob_functions,2
dns_crypt_padding.h,2
outbound_direct_proxy.h,2
outbound_http_proxy.h,2
outbound_socks_proxy.h,2
ws2ipdef.h,2
proxied_socket.h,2
secured_socket.h,2
tls_codec.h,2
tcp_stream.h,2
udp_socket.h,2
dns_forwarder.h,2
dns_forwarder_utils.h,2
dns_truncate.h,2
response_cache.h,2
svcb.h,2
retransmission_detector.h,2
dnsproxy_listener.h,2
tcp_dns_payload_parser.h,2
charconv,2
android_res_api.h,2
resolver.h,2
system_resolver.h,2
upstream_dnscrypt.h,2
upstream_doq.h,2
usart.h,2
core_cmsimd.h,2
usb_common.h,2
finsh_parser.h,2
finsh_heap.h,2
finsh_token.h,2
rtdef.h,2
lib_mem.h,2
lib_str.h,2
lib_ascii.h,2
lib_cfg.h,2
openair,2
fastpivotresult.h,2
tabulist.h,2
movetabulist.h,2
swaptabulist.h,2
pivotresult.h,2
swapresult.h,2
parentset.h,2
specialfunctions.h,2
alglib,2
collision-checking.h,2
controllers.h,2
tracking.hpp,2
drawable.h,2
ui_dialog.h,2
trajectory-drawing.hpp,2
simulation.hpp,2
renderarea.h,2
firarenderarea2.h,2
robocup_ssl_client.h,2
svd.h,2
gcommand_loader,2
skypath_lib.h,2
agm.h,2
agmfit.h,2
snap.h,2
bytesio,2
prc_lib,2
create_waveform,2
iono_logger,2
gps_lock,2
langevincb,2
argmax,2
spartan_data.h,2
spartan_index.h,2
sql_crypt.h,2
mysql_version.h,2
my_time.h,2
thr_lock.h,2
my_base.h,2
sql_bitmap.h,2
sql_array.h,2
mysql_com.h,2
unireg.h,2
sql_string.h,2
sql_list.h,2
sql_map.h,2
my_decimal.h,2
handler.h,2
parse_file.h,2
table.h,2
sql_error.h,2
field.h,2
sql_plugin.h,2
sql_udf.h,2
sql_partition.h,2
item.h,2
sql_class.h,2
sql_acl.h,2
tztime.h,2
opt_range.h,2
sql_cache.h,2
sql_view.h,2
sql_repl.h,2
rpl_filter.h,2
myisam.h,2
sp_cache.h,2
_cust_sql_parse.h,2
various,2
folium,2
emotion,2
yfinance,2
pyswarms,2
ggresidpanel,2
latrend,2
crimcv,2
funfem,2
mkpower,2
psycmodel,2
ggdist,2
ggside,2
ggdag,2
nfactors,2
bh,2
kyotocabinet,2
advertiser,2
adam,2
composer,2
platform_configuration,2
metal_requirements,2
pre_runner,2
post_runner,2
base_remote_task,2
action_information,2
dashboard_panel,2
serialize,2
sleuth,2
format.h,2
phmap_fwd_decl.h,2
phmap_base.h,2
phmap_config.h,2
ratio,2
array_hash.h,2
array-hash,2
htrie_hash.h,2
model_pytorch,2
oct2py,2
engines,2
targets,2
neural,2
gun,2
aicsimageio,2
_infimnist,2
brown_function_library,2
aml,2
txdb.hsapiens.ucsc.hg38.knowngene,2
utils_z0mgs_images,2
fullduplex,2
utf8,2
rmpi,2
ndio,2
initializer.h,2
generators_functions.h,2
arpra.h,2
arpra_ode.h,2
get_buffers,2
zonal_majority,2
main_function,2
get_stands,2
get_hilacells,2
get_zonalstatistics,2
rasterstats,2
rchallenge,2
json5,2
algorithm.h,2
max30102_settings.h,2
tximport,2
sncosmo,2
interlockingintervals.hpp,2
chain_edge_iterator.hpp,2
chain_node_iterator.hpp,2
freenect,2
cv,2
gp,2
add_kernel,2
stationary,2
mxfusion_function,2
batch_loop,2
inference_parameters,2
grad_loop,2
bcbio,2
fcn,2
trnanalysis,2
gasgiant,2
alternatives,2
itkmatrix.h,2
itkindex.h,2
itkcenteredeuler3dtransform.h,2
idpimageseries.h,2
idpimageseriesutilities.txx,2
itkinterpolateimagefunction.h,2
itkcommand.h,2
itkregularstepgradientdescentoptimizer.h,2
itkmattesmutualinformationimagetoimagemetric.h,2
itkmultiresolutionimageregistrationmethod.h,2
itkrecursivemultiresolutionpyramidimagefilter.h,2
idpregistrationdispatcher.h,2
itkscaledderivativeimagetoimagemetricadaptor.h,2
itkgradientdescentoptimizer.h,2
itkprocessobject.h,2
ntdef.h,2
ipendpointname.h,2
networkingutils.h,2
oschostendianness.h,2
oscexception.h,2
allonect,2
cuttlebone,2
mywindow.hpp,2
externalvtkwidget.h,2
vtkexternalopenglrenderwindow.h,2
ngraph.pixi,2
ngraph.gexf,2
unimap_trans.h,2
action_util.h,2
action_layer.h,2
circuitgeometry.h,2
connectionspool.h,2
connectpins.h,2
databasereader.h,2
gidney.h,2
costmodel.h,2
rstarboundingbox.h,2
spacecraft,2
datafile,2
api_v2,2
zenodo,2
yamlordereddictloader,2
accelerate,2
sparseinv.h,2
javax.servlet.servletexception,2
javax.servlet.annotation.webservlet,2
javax.servlet.http.httpservlet,2
javax.servlet.http.httpservletrequest,2
javax.servlet.http.httpservletresponse,2
javax.servlet.requestdispatcher,2
javax.servlet.servletcontext,2
poum.getjson,2
com.hp.hpl.jena.rdf.model.modelfactory,2
com.hp.hpl.jena.rdf.model.model,2
com.hp.hpl.jena.util.filemanager,2
com.hp.hpl.jena.ontology.ontmodel,2
com.hp.hpl.jena.ontology.ontmodelspec,2
com.hp.hpl.jena.query.querysolution,2
com.hp.hpl.jena.query.resultset,2
com.hp.hpl.jena.query.resultsetformatter,2
wbest.h,2
hic2cool_config,2
cooler,2
capturinginstancecontainer.h,2
testrawpoints.hpp,2
capturing,2
simulatedannealing.h,2
cplexsettings.h,2
db_utils,2
c_library.h,2
glslmanifoldinsideview,2
notabot,2
register_coco,2
semantic_seg,2
rpn_outputs,2
rotated_boxes,2
densepose_head,2
spaces,2
pinchon_hoggan,2
irrep_bases,2
hashing,2
iso8601,2
poly_utils,2
processzones,2
multer,2
predict,2
utils_taproot,2
block_header,2
cookiejar,2
formdata,2
reader_py,2
tcp_helpers,2
aiohappyeyeballs,2
client_proto,2
propcache,2
aiosignal,2
web_fileresponse,2
web_middlewares,2
gunicorn,2
tlsf.h,2
framelib_objects.h,2
framelib_fixedpoint.h,2
framelib_queues.h,2
framelib_info.h,2
ibuffer,2
framelib_read.h,2
framelib_complexexpression.h,2
expression_object_parsing.h,2
framelib_expression.h,2
framelib_biquadcoeff.h,2
framelib_biquad.h,2
framelib_onepolezero.h,2
framelib_onepole.h,2
framelib_svf.h,2
framelib_gaussian.h,2
framelib_makewindow.h,2
framelib_ramp.h,2
framelib_random.h,2
framelib_uniform.h,2
framelib_fromhost.h,2
framelib_tohost.h,2
framelib_sink.h,2
framelib_source.h,2
framelib_trace.h,2
framelib_constant.h,2
framelib_convert.h,2
framelib_lookup.h,2
framelib_map.h,2
framelib_samplerate.h,2
framelib_combinetags.h,2
framelib_filtertags.h,2
framelib_lookupstring.h,2
framelib_makestring.h,2
framelib_tag.h,2
framelib_untag.h,2
framelib_dispatch.h,2
framelib_route.h,2
framelib_select.h,2
framelib_audiotrigger.h,2
framelib_chain.h,2
framelib_interval.h,2
framelib_once.h,2
framelib_perblock.h,2
framelib_poltocar.h,2
framelib_spatial.h,2
framelib_convolve.h,2
framelib_correlate.h,2
framelib_fft.h,2
framelib_firphase.h,2
framelib_ifft.h,2
framelib_multitaper.h,2
framelib_window.h,2
framelib_recall.h,2
framelib_register.h,2
framelib_store.h,2
framelib_pack.h,2
framelib_streamid.h,2
framelib_unpack.h,2
framelib_framedelta.h,2
framelib_lag.h,2
framelib_movingaverage.h,2
framelib_timemean.h,2
framelib_timemedian.h,2
framelib_timestddev.h,2
framelib_now.h,2
framelib_ticks.h,2
framelib_timedelta.h,2
framelib_timer.h,2
framelib_accumpos.h,2
framelib_chop.h,2
framelib_join.h,2
framelib_kernelsmooth.h,2
framelib_medianfilter.h,2
framelib_nanfilter.h,2
framelib_nonzero.h,2
framelib_pad.h,2
framelib_pattern.h,2
framelib_peaks.h,2
framelib_percentile.h,2
framelib_prioritise.h,2
framelib_reverse.h,2
framelib_shift.h,2
framelib_sort.h,2
framelib_split.h,2
framelib_subframe.h,2
framelib_exprparser.h,2
framelib_windowgenerator.h,2
framelib_hostproxy.h,2
framelib_scaling_functions.h,2
framelib_spatial_convertor_template.h,2
framelib_ringbuffer.h,2
framelib_neumaiersum.h,2
gdown,2
moveit_commander,2
bnlearn,2
grain,2
rgraphviz,2
sid,2
provenance,2
sdv,2
fragmentation16,2
xtp,2
animate,2
spharm,2
readability,2
htmlentitydefs,2
eigenpy,2
robot_wrapper,2
libpinocchio_pywrap,2
rpy,2
gepetto,2
meshcat,2
metapod,2
bootstrap_cluster,2
hclusterplot,2
iface_sig_wpatt.hpp,2
iface_stepseq.hpp,2
lolacommsnativeetw.h,2
visionlistener.h,2
descr.h,2
typeid.h,2
layer_factory,2
usb,2
edu.stanford.math.plex4.homology.barcodes.interval,2
edu.stanford.math.plex4.streams.impl.explicitsimplexstream,2
edu.stanford.math.primitivelib.autogen.formal_sum.intsparseformalsum,2
edu.stanford.math.plex4.homology.chain_basis.simplexcomparator,2
edu.stanford.math.plex4.autogen.homology.objectabsolutehomology,2
edu.stanford.math.plex4.homology.interfaces.abstractpersistencebasisalgorithm,2
edu.stanford.math.plex4.homology.chain_basis.cell,2
edu.stanford.math.plex4.homology.persistencealgorithmtester,2
edu.stanford.math.plex4.metric.landmark.randomlandmarkselector,2
character,2
xbee.h,2
gzip.hpp,2
cpl_error.h,2
quadmath.h,2
minuit,2
kepler,2
quad_integrate,2
rapportools,2
cspn,2
step,2
tcppack.h,2
r_data.h,2
logpkt.h,2
sys.h,2
attrib.h,2
sslciphers.h,2
ssl_analyze.h,2
ssl_rec.h,2
tinysnapshot,2
crflux,2
nsi.h,2
exbody.h,2
nusquidsdecoh.h,2
excross.h,2
nusquidspy.h,2
solarprobabilities.h,2
highz_config,2
mutation,2
kombu,2
create_gen_instances_script,2
featureselection,2
solver_class,2
greedy,2
mip,2
pyclustering,2
dependency_graph,2
flask_socketio,2
simulated_tools,2
caffe_tools,2
lap,2
_cdisort,2
bip66,2
tiny-secp256k1,2
window-size,2
grammy,2
morphology,2
imgcache,2
neural_network_models,2
dijit.dialog,2
dojox.grid.datagrid,2
dijit.layout.contentpane,2
dijit.form.textbox,2
s,2
dojo.window,2
dojo.nodelist-traverse,2
dojox.layout.gridcontainerlite,2
dojox.mobile.devicetheme,2
dojox.socket.reconnect,2
dojox.socket.longpoll,2
" + this.table_name
									+ ",2
" + this.table_name
							+ ",2
dojo.adapterregistry,2
dojox.widget.gauge._gauge,2
dijit.tooltip,2
dijit.layout._layoutwidget,2
dojox.wire.ml.action,2
dojox.wire.ml.resthandler,2
dojox.xmpp.util,2
 + json.stringify(resource.layer.include) + ,2
java.security.,2
css!myproj,2
javax.ejb.sessioncontext,2
nz.ac.auckland.abi.businesslogic.icmadatabaseadministrationremote,2
org.dcm4che.data.command,2
org.dcm4che.dict.uids,2
org.dcm4che.net.activeassociation,2
org.dcm4che.net.associationfactory,2
org.dcm4che.net.dimse,2
org.dcm4che.util.sslcontextadapter,2
org.dcm4che2.tool.dcmsnd.dcmsnd,2
java.text.dateformat,2
org.dcm4che.data.,2
javax.persistence.basic,2
javax.persistence.fetchtype,2
nz.ac.auckland.abi.helper.dicommetadatafilter,2
nz.ac.auckland.abi.dcm4chee.instancerecord,2
nz.ac.auckland.abi.dicomprocessing.dicom2movie,2
nz.ac.auckland.abi.businesslogic.icmapatientrecord,2
nz.ac.auckland.abi.dicomprocessing.moviemaker,2
javax.jcr.node,2
javax.jcr.nodeiterator,2
javax.jcr.property,2
javax.jcr.propertyiterator,2
javax.jcr.repository,2
javax.jcr.session,2
javax.jcr.simplecredentials,2
nz.ac.auckland.abi.workflow.wsworkflowinfo,2
javax.xml.ws.webserviceexception,2
javax.xml.ws.bindingprovider,2
java.util.zip.zipinputstream,2
meshing,2
speckletracking,2
grabix.h,2
stdio,2
initializations,2
reg,2
generate_anchors,2
kmeans,2
mipp_scalar_op.h,2
wdmerger_grid_diag_analysis,2
wdmerger_star_diag_analysis,2
densenet_naive,2
resnet_fb,2
opts_imagenet,2
chainermn,2
dr_api.h,2
allocs.h,2
spectral_ordering_,2
merge_conn_comp_,2
vgg_mod,2
gamm4,2
casa_formats_io,2
beam_volume_tools,2
parse_weblog,2
get_array_config,2
clearcal_cli,2
gaincal_cli,2
rmtables_cli,2
applycal_cli,2
ft_cli,2
casaplotms,2
casac,2
cube_finalizing,2
requests_toolbelt,2
fvp_reg,2
ntk_lazytensor,2
jacobian,2
leap,2
metalogger,2
meta_repurposer,2
wide_residual_network,2
svm_repurposer,2
lr_repurposer,2
bnn_repurposer,2
gp_repurposer,2
neural_network_fine_tune_repurposer,2
neural_network_random_freeze_repurposer,2
org.eclipse.xtext.service.abstractgenericmodule,2
org.applause.lang.generator.ios.dataaccess.datamappingextensions,2
org.applause.lang.generator.ios.dataaccess.entitydataaccessextensions,2
com.google.common.collect.sets,2
org.eclipse.xtext.xbase.lib.objectextensions,2
org.applause.lang.generator.ios.ui.screenclassextensions,2
org.applause.lang.generator.ios.ui.defaultdetailsscreenclassextensions,2
org.applause.lang.generator.ios.expressionextensions,2
org.eclipse.xtext.ecoreutil2,2
org.applause.lang.applausedsl.gesturekind,2
ifm,2
monte_carlo_tools,2
multivariate_images_tools,2
change_detection_functions,2
read_sar_data,2
r2winbugs,2
boofuzz,2
@fluent,2
queue_runner,2
board_rfd900u.h,2
board_rfd900p.h,2
generatedecryptionkey.h,2
aes_blockcipher.h,2
cbc_encryptdecrypt.h,2
ctr_encryptdecrypt.h,2
at.h,2
input_data_storm_twocolor,2
input_data_storm_zstack,2
rapidxml_utils.hpp,2
tensors.h,2
general_flow.h,2
surfaces.h,2
hardening.h,2
biganalytics,2
icsilog.h,2
vtree_model,2
csdd,2
stm32f4xx_hal_rcc.h,2
stm32f4xx_hal_dma.h,2
stm32f4xx_hal_cortex.h,2
stm32f4xx_hal_adc.h,2
stm32f4xx_hal_can.h,2
stm32f4xx_hal_crc.h,2
stm32f4xx_hal_cryp.h,2
stm32f4xx_hal_dma2d.h,2
stm32f4xx_hal_dac.h,2
stm32f4xx_hal_dcmi.h,2
stm32f4xx_hal_eth.h,2
stm32f4xx_hal_flash.h,2
stm32f4xx_hal_sram.h,2
stm32f4xx_hal_nor.h,2
stm32f4xx_hal_nand.h,2
stm32f4xx_hal_pccard.h,2
stm32f4xx_hal_sdram.h,2
stm32f4xx_hal_hash.h,2
stm32f4xx_hal_i2c.h,2
stm32f4xx_hal_i2s.h,2
stm32f4xx_hal_iwdg.h,2
stm32f4xx_hal_ltdc.h,2
stm32f4xx_hal_pwr.h,2
stm32f4xx_hal_rng.h,2
stm32f4xx_hal_rtc.h,2
stm32f4xx_hal_sai.h,2
stm32f4xx_hal_sd.h,2
stm32f4xx_hal_mmc.h,2
stm32f4xx_hal_spi.h,2
stm32f4xx_hal_tim.h,2
stm32f4xx_hal_uart.h,2
stm32f4xx_hal_usart.h,2
stm32f4xx_hal_irda.h,2
stm32f4xx_hal_smartcard.h,2
stm32f4xx_hal_wwdg.h,2
stm32f4xx_hal_pcd.h,2
stm32f4xx_hal_hcd.h,2
stm32f4xx_hal_dsi.h,2
stm32f4xx_hal_qspi.h,2
stm32f4xx_hal_cec.h,2
stm32f4xx_hal_fmpi2c.h,2
stm32f4xx_hal_spdifrx.h,2
stm32f4xx_hal_dfsdm.h,2
stm32f4xx_hal_lptim.h,2
_ansi.h,2
ssd1306_fonts.h,2
gvlma,2
mepipe,2
geneoverlap,2
sspa,2
sizepower,2
annotate,2
stargazer,2
cgatpipeline,2
trafilatura,2
htmldate,2
py3langid,2
unpack,2
photsort,2
java.awt.eventqueue,2
javax.swing.jtable,2
wangrathjepeakcalculator.h,2
steppedoutputinterpolater.h,2
acceltimeseriesoutput.h,2
acceltransferfunctionoutput.h,2
ariasintensityprofileoutput.h,2
batchrunner.h,2
vanmarckepeakcalculator.h,2
compatiblervtmotiondialog.h,2
computepage.h,2
confiningstressdialog.h,2
confiningstresstablemodel.h,2
dampingprofileoutput.h,2
depthcomboboxdelegate.h,2
disptimeseriesoutput.h,2
dissipatedenergyprofileoutput.h,2
equivalentlinearcalculatorwidget.h,2
finalvelprofileoutput.h,2
fourierspectrumoutput.h,2
frequencydependentcalculatorwidget.h,2
generalpage.h,2
methodgroupbox.h,2
helpdialog.h,2
initialvelprofileoutput.h,2
qcommandlineoption,2
motionpage.h,2
nonlinearpropertycatalogdialog.h,2
outputpage.h,2
resultspage.h,2
soilprofilepage.h,2
soiltypepage.h,2
qprinter,2
qstackedwidget,2
maxaccelprofileoutput.h,2
maxdispprofileoutput.h,2
maxerrorprofileoutput.h,2
maxstrainprofileoutput.h,2
maxstressprofileoutput.h,2
maxvelprofileoutput.h,2
qstackedlayout,2
modulusprofileoutput.h,2
sourcetheoryrvtmotiondialog.h,2
timeseriesmotiondialog.h,2
qtalgorithms,2
nonlinearpropertyfactorygroupbox.h,2
nonlinearpropertydelegate.h,2
nonlinearpropertyuncertaintywidget.h,2
outputtableframe.h,2
stressratioprofileoutput.h,2
stressreduccoeffprofileoutput.h,2
verticaleffectivestressprofileoutput.h,2
verticaltotalstressprofileoutput.h,2
spectralratiooutput.h,2
straintransferfunctionoutput.h,2
responsespectrumoutput.h,2
soiltypedelegate.h,2
soiltypeoutput.h,2
straintimeseriesoutput.h,2
qchar,2
stresstimeseriesoutput.h,2
veltimeseriesoutput.h,2
viscoelasticstresstimeseriesoutput.h,2
dedupe,2
qprompt,2
vulners,2
edit,2
gitlab,2
ojph_mem.h,2
ojph_file.h,2
ojph_codestream.h,2
ojph_params.h,2
language_helpers,2
fbprophet,2
gtda,2
apn,2
enterprise_gwecc_cosmoz,2
fourierwaveform.hpp,2
gwecc.hpp,2
mnl_bandit_utils,2
contextual_bandit_utils,2
eps_greedy,2
ucb,2
ts,2
softmax,2
acnet_data_nyuv2,2
mathlib.h,2
dsfmt-params.h,2
buttons.h,2
leds.h,2
cjson_iot_hooks.h,2
diskio.h,2
mpu_prototypes.h,2
application_defined_privileged_functions.h,2
stack_macros.h,2
freertos_tasks_c_additions.h,2
ifx_2go_common.h,2
aria_alt.h,2
ccm_alt.h,2
chacha20_alt.h,2
poly1305.h,2
chacha20.h,2
chachapoly_alt.h,2
cmac_alt.h,2
dhm_alt.h,2
ecjpake_alt.h,2
ecp_alt.h,2
gcm_alt.h,2
net_sockets.h,2
nist_kw_alt.h,2
platform_alt.h,2
poly1305_alt.h,2
rsa_alt.h,2
camel_case_splitter,2
unity.h,2
cmock.h,2
mock_pb_decode.h,2
cmock_typedefs.h,2
crys_common_error.h,2
crys_kdf.h,2
crys_dh.h,2
crys_hash_defs.h,2
ssi_pka_hw_plat_defs.h,2
ccsw_crys_rsa_shared_types.h,2
ssi_pal_dma_plat.h,2
ssi_pal_dma_defs.h,2
ssi_pal_file_plat.h,2
crys_fips.h,2
crys_fips_defs.h,2
ssi_pal_perf_plat.h,2
ssi_pal_sem_plat.h,2
ssi_bitops.h,2
dx_reg_base_host.h,2
dx_reg_base_sep.h,2
ssi_util_defs.h,2
ocrypto_poly1305.h,2
ocrypto_sc_p256.h,2
ocrypto_rsa_key.h,2
ocrypto_aes_key.h,2
nrf_tls.h,2
iot_timer.h,2
iot_errors.h,2
tile_assert.h,2
tile_bdaddr.h,2
tile_tmd_module.h,2
tile_toa_module.h,2
tile_features.h,2
tile_bdaddr,2
tile_gatt_db.h,2
tile_player.h,2
tile_storage.h,2
tile_tdt_module.h,2
rtt_input.h,2
app_sensor_utils.h,2
mesh_mem.h,2
ble_softdevice_support.h,2
light_ctl_setup_server.h,2
sensor_setup_server.h,2
nrf_mesh_prov_bearer_adv.h,2
mesh_opt_core.h,2
nrf_mesh_prov_bearer_gatt.h,2
mesh_opt_gatt.h,2
simple_hal.h,2
uecc_vli.h,2
platform-specific.inc,2
asm_arm.inc,2
asm_avr.inc,2
curve-specific.inc,2
access_status.h,2
access_publish.h,2
adv_ext_tx.h,2
bearer_defines.h,2
radio_control.h,2
mesh_aci.h,2
serial_command.h,2
nrf_mesh_assert_lint.h,2
nrf_mesh_assert_gcc.h,2
nrf_mesh_assert_armcc.h,2
nrf_mesh_keygen.h,2
bl_info_types.h,2
ccm_soft.h,2
mesh_flash.h,2
mesh_config_flashman_glue.h,2
mesh_config_backend.h,2
nrf_mesh_config_dfu.h,2
friend_sublist.h,2
friend_queue.h,2
core_tx_friend.h,2
prov_bearer_adv.h,2
nrf_mesh_utils.h,2
serial_cmd_rsp.h,2
health_server.h,2
config_opcodes.h,2
generic_dtt_messages.h,2
generic_level_messages.h,2
generic_onoff_messages.h,2
generic_ponoff_messages.h,2
generic_dtt_server.h,2
light_ctl_messages.h,2
light_lc_messages.h,2
light_lightness_messages.h,2
pb_remote_msgs.h,2
rssi_common.h,2
simple_on_off_common.h,2
prs,2
mac_mcps_data.h,2
ant_advanced_burst.h,2
ant_async_tx.h,2
ant_io_rx.h,2
ant_io_tx.h,2
ant_message_types_master.h,2
ant_multi_channels_rx.h,2
ant_multi_channels_tx.h,2
ant_multi_channels_encrypted_rx.h,2
ant_multi_channels_encrypted_tx.h,2
deviceregistry.h,2
scan_and_forward.h,2
message_cache.h,2
ant_search_sharing.h,2
ant_search_uplink.h,2
iot_common.h,2
app_adv.h,2
ble_app_gzll_device.h,2
ble_app_gzll_hr.h,2
nfc_t4t_lib.h,2
ndef_file_m.h,2
ff.h,2
fds_example.h,2
qenc_sim.h,2
nrf_qdec.h,2
st7565lcd.h,2
lm75b.h,2
mma7660.h,2
eeprom_simulator.h,2
keyboard_emulator.h,2
mouse_sensor_emulator.h,2
qpoint_class,2
parameters_complete,2
raytrace_icemodels.h,2
dotraceimplementation.h,2
ruptures,2
gensim_build,2
ldamodel,2
lsimodel,2
rpmodel,2
phrases,2
atmodel,2
ldaseqmodel,2
longintrepr.h,2
util_scripts,2
summarizer,2
rank_algos,2
aliparser.hh,2
yepmath.h,2
yeplibrary.h,2
exonator.hh,2
io.hh,2
visualizer.hh,2
fastaparser.hh,2
genome.hh,2
genotyper.hh,2
interval.hh,2
vcfparser.hh,2
th3d.h,2
binary.h,2
smrmon,2
outlieridentifiers,2
sparsematrixrecommender,2
sparsematrixrecommenderinterfacesnodt,2
aartfaac2ms.h,2
aartfaacms.h,2
fitswriter.h,2
mswriter.h,2
threadedwriter.h,2
aartfaacfile.h,2
stopwatch.h,2
aartfaacheader.h,2
barrier.h,2
fitsuser.h,2
oneflow,2
thorpy,2
olsr,2
netdiff,2
reducetopology,2
pyroute2,2
domain_map.h,2
cwchar,2
fabdem_loader.h,2
flt_loader.h,2
glo_loader.h,2
hgt_loader.h,2
isolation_task.h,2
isolation_finder.h,2
isolation_results.h,2
peak_finder.h,2
prominence_task.h,2
tree_builder.h,2
boundary,2
protos.h,2
scc,2
stellardiff,2
clustifyr,2
scdblfinder,2
harmony,2
scclassify,2
singler,2
scuttle,2
streamlit,2
epglm,2
bridgesampling,2
r2bglims,2
flexsurv,2
.secrets,2
rmsd,2
c_datasetlist,2
frameiter,2
triton,2
alphahmm.h,2
multihmm.h,2
graphaligneraffine.h,2
graphalignernonaffine.h,2
graphalignerendsfree.h,2
coveredintervals.h,2
graphandedgeindex.h,2
virtualnwunique.h,2
debruijnelement.h,2
locuscodeallocation.h,2
graphaligner,2
readfilter,2
nextgen.h,2
readfilter.h,2
polynomialization,2
ordered_set,2
",this.currentfileinfo,this.index),this.path.gencss(a,b),this.features&&(b.add(",2
time-grunt,2
ssh_credentials,2
polygon,2
palettes,2
theme,2
mkdirp,2
webcolors,2
devel_limo_release,2
ofl-exp-nicira.h,2
ofl-exp-openflow.h,2
byte-order.h,2
discovery.h,2
dhcp-client.h,2
dhcp.h,2
failover.h,2
in-band.h,2
ratelimit.h,2
stp-secchan.h,2
org.elasticsearch.search.searchhit,2
com.fasterxml.jackson.annotation.jsonproperty,2
org.apache.http.httpentity,2
org.apache.http.httphost,2
org.apache.http.entity.contenttype,2
org.apache.http.nio.entity.nstringentity,2
org.apache.http.util.entityutils,2
org.elasticsearch.client.response,2
gate.creole.resourceinstantiationexception,2
gate.util.invalidoffsetexception,2
psspy,2
redirect,2
genpy,2
kate_control,2
swi-prolog.h,2
covbat,2
format_md_tables,2
alfg.h,2
brg_sha1.h,2
wmmintrin.h,2
shake.h,2
falcon.h,2
cpucycles.h,2
fips202.h,2
randombytes.c,2
fips202.c,2
cpucycles.c,2
biff,2
categorycompare,2
detect_type,2
consistency,2
cabstraction,2
_regexes,2
escape,2
gru,2
metric,2
regional,2
catamiportal,2
force,2
httplib2,2
adm-zip,2
marker_stub.h,2
marker.h,2
fund,2
antlr3errors.h,2
antlr3exception.h,2
antlr3recognizersharedstate.h,2
antlr3lexer.h,2
antlr3parser.h,2
antlr3basetreeadaptor.h,2
antlr3commontreenodestream.h,2
antlr3commontree.h,2
javalexer.h,2
javaparser.h,2
jimdirent.h,2
tlexer.h,2
tparser.h,2
tlexer,2
tparser,2
nodules_merger,2
generation_builder,2
alphahull,2
maxent,2
earth,2
maptree,2
splancs,2
maxlike,2
presenceabsence,2
tcltk2,2
biodiversityr,2
noisyopt,2
threadpoolctl,2
shimmy,2
envpool,2
isaacgym,2
pettingzoo,2
edu.stanford.nlp.pipeline.annotation,2
edu.stanford.nlp.pipeline.stanfordcorenlp,2
rngfast.hpp,2
countminaee.hpp,2
countminsketchtests.hpp,2
dwayrap.hpp,2
dwayrapaee.hpp,2
dwayspacesavingaee.hpp,2
defs.hpp,2
spacesavingtests.hpp,2
rapheapaee.hpp,2
rapheapfivetuple.hpp,2
spacesavingaee.hpp,2
spacesavingheap.hpp,2
spacesavingheapaee.hpp,2
spacesavingheapfivetuple.hpp,2
enumerator,2
pysubgroup,2
java.nio.file.standardopenoption,2
torch_xla_py,2
jshint-stylish,2
on-finished,2
encodeurl,2
etag,2
mime,2
p,2
scaled_mnist,2
swagger-ui-dist,2
dompurify,2
nloptr,2
petsc4py,2
emopt,2
f0_estimation_methods.h,2
bioinfoutil,2
adafruit_atparser.h,2
adafruit_blemidi.h,2
n,2
expres,2
enigma,2
paramils,2
grackle,2
pretrains,2
trains,2
xgbooster,2
solved,2
details,2
dump,2
jsdata,2
reparamils,2
rnnennigma,2
debug_node,2
varband,2
hyp,2
mbed_terminal,2
oversampling,2
queries,2
_metrictensor,2
_simplexsampling,2
_borderline_smote,2
_adasyn,2
_polynom_fit_smote,2
_safe_level_smote,2
iccjpeg.h,2
iccmaker.h,2
gdk-pixbuf,2
gazebo_msgs,2
pyassimp,2
asyncore,2
wasserstein_util,2
phantom,2
partition,2
bsgenome.hsapiens.ucsc.hg18,2
git-crypt.hpp,2
uinput.h,2
data_pool,2
"""${cachefile}""",2
printers,2
solution,2
atlas,2
rtai_sched.h,2
rk,2
q8tb.h,2
taylor.hpp,2
bamlite.h,2
bwase.h,2
qsufsort.h,2
bwtgap.h,2
parasuite.h,2
parasuitecore.h,2
srnn,2
magick,2
featureionifti.h,2
textfile.h,2
svdcmp.h,2
gaussianmask.h,2
gaussblur3d.h,2
genericimage.h,2
curlver.h,2
easy.h,2
typecheck-gcc.h,2
zipconf.h,2
profilingcategorylist.h,2
string-to-double.h,2
double-to-string.h,2
jscustomallocator.h,2
js-config.h,2
baseprofilingcategory.h,2
double-conversion,2
encoding_rs_mem.h,2
mozalloc.h,2
nsstring.h,2
baseprofiler.h,2
nsxpcom.h,2
nscore.h,2
prtypes.h,2
prlink.h,2
timestamp_windows.h,2
nsisupportsimpl.h,2
nsproxyrelease.h,2
nswindowshelpers.h,2
adhoc.h,2
privatexml.h,2
iq.h,2
pinghandler.h,2
compressiondatahandler.h,2
compressionbase.h,2
connectiontcpbase.h,2
tlsdefault.h,2
jinglesession.h,2
linklocal.h,2
connectiontcpserver.h,2
presencehandler.h,2
oob.h,2
rosterxitemdata.h,2
rosteritembase.h,2
socks5bytestreammanager.h,2
tlsopensslbase.h,2
iconv.h,2
uchar.h,2
crypto_stream_xchacha20.h,2
crypto_kdf_blake2b.h,2
upnpdev.h,2
miniupnpctypes.h,2
alc.h,2
al.h,2
xmlfix.h,2
pmdconvert.h,2
psaconvert.h,2
dll.h,2
collada,2
gameview.h,2
mapreader.h,2
patch.h,2
terraintextureentry.h,2
terraintexturemanager.h,2
minipatch.h,2
objectmanager.h,2
nvtt,2
texturemanager.h,2
iguiscrollbar.h,2
ixmppclient.h,2
stanzaextensions.h,2
glooxwrapper,2
rlinterface,2
vector4d.h,2
fixedvector3d.h,2
mocks,2
netclientturnmanager.h,2
netfiletransfer.h,2
nethost.h,2
netserverturnmanager.h,2
unidoubler.h,2
cstrintern.h,2
cmdlineargs.h,2
profileviewer.h,2
threadutil.h,2
sdl_vulkan.h,2
relaxng.h,2
mapping.h,2
scriptforward.h,2
scriptinterface.h,2
icmpaimanager.h,2
icmpcinemamanager.h,2
icmpcommandqueue.h,2
icmpdecay.h,2
icmpminimap.h,2
icmpmotion.h,2
icmpoverlayrenderer.h,2
icmpparticlemanager.h,2
icmppathfinder.h,2
icmpprojectilemanager.h,2
icmprallypointrenderer.h,2
icmprangeoverlayrenderer.h,2
icmpsoundmanager.h,2
icmpterritoryinfluence.h,2
icmpterritorymanager.h,2
icmptest.h,2
icmpunitmotionmanager.h,2
icmpvision.h,2
icmpidentity.h,2
icmpmirage.h,2
icmpvaluemodificationmanager.h,2
icmpsound.h,2
hierarchicalpathfinder.h,2
render.h,2
pathgoal.h,2
ideserializer.h,2
paramnode.h,2
simcontext.h,2
localturnmanager.h,2
turnmanager.h,2
ogg.h,2
oggdata.h,2
sounddata.h,2
isoundmanager.h,2
json_spirit_value.h,2
mongoose.h,2
atlasui,2
actoreditorlistctrl.h,2
animlisteditor.h,2
texlisteditor.h,2
proplisteditor.h,2
draggablelistctrl.h,2
draggablelistctrlcommands.h,2
editablelistctrl.h,2
fieldeditctrl.h,2
listctrlvalidator.h,2
quicktextctrl.h,2
quickcombobox.h,2
quickfilectrl.h,2
pseudominimappanel.h,2
atlaswindowcommand.h,2
scenarioeditor.h,2
sectionlayout.h,2
lightcontrol.h,2
buttons,2
variationcontrol.h,2
brushes.h,2
commandproc.h,2
messagepasserimpl.h,2
inputprocessor.h,2
messagepasser.h,2
messagessetup.h,2
sharedtypes.h,2
simstate.h,2
fontloader,2
userreport,2
hotshot,2
stellar_model,2
dust_emission_model,2
dust_attenuation_model,2
agn_model,2
nebular_model,2
igm_model,2
model_galaxy,2
star_formation_history,2
chemical_enrichment_history,2
plot_galaxy,2
plot_spectrum,2
format_lib,2
gen_adv_c_api,2
warp_rnnt,2
thermo.h,2
accelerator_cuda.h,2
pointers.h,2
atom_vec_peptide.h,2
compute_contactmap.h,2
compute_pairdistmat.h,2
compute_q_onuchic.h,2
compute_q_wolynes.h,2
compute_totalcontacts.h,2
fix_backbone.h,2
neigh_request.h,2
smart_matrix_lib.h,2
fix_go-model.h,2
fix_qbias.h,2
pair_ex_gauss_coul_cut.h,2
pair_excluded_volume.h,2
pair_go-contacts.h,2
contactmap,2
pdbmangler,2
indexpdb,2
pdb2grolib,2
pymbar,2
_plot,2
factors,2
_snpm,2
mtspec,2
nnls,2
fdr,2
pgcn_dataset,2
cachelib,2
neutronclient,2
nfvo_agents,2
openstack_agent,2
osmclient,2
tackerclient,2
sage_conv,2
num_nodes,2
torch_scatter,2
outputstream,2
inputstream,2
sequencefile,2
typedbyteswritable,2
random_job,2
google_traces_radar,2
poiclaclu,2
dss,2
lowpassfilter.h,2
bnstruct,2
mdp_funcs,2
keypoint_base,2
win,2
win32gui,2
_nexml,2
evolevents,2
ete_resources_rc,2
qt4_render,2
node_gui_actions,2
gulp-clean-css,2
lodash.foreach,2
stores,2
layout,2
chart,2
read_tcga_laml_geneexpression,2
raccoon,2
bidict,2
build_edge.h,2
convert_soapdenovo.h,2
dfib.h,2
grep,2
run_tsudat,2
tsudat_log,2
tsudat,2
ap_disjunction.h,2
ap_tcons1.h,2
ap_version.h,2
itv_fun.h,2
box_constructor.h,2
fpp_fun.h,2
num_name.h,2
gmp_mpq.h,2
numrat.h,2
pk_qsort.h,2
regularizers,2
detect_peaks,2
visulization,2
fastrand,2
sigprofilersimulator,2
searchspace,2
gpuaak,2
aak.h,2
gkr.h,2
surveysetup,2
decomposer,2
measurer,2
modelbc03,2
mafreader,2
docx2txt,2
kerassurgeon,2
this,2
boltztrap2,2
abiinspect,2
qadapters,2
matgl,2
chgnet,2
mace,2
orb_models,2
chart_studio,2
model_caps_iv3,2
penalized,2
qgraph,2
mirnatap,2
ppcor,2
entitiesaggregator,2
pyshark,2
fuzzyvariableengine.h,2
fuzzypredicateengine.h,2
fuzzymfengine.h,2
reasoningdata.h,2
flexlexer.h,2
fuzzyclassifier.h,2
fuzzyreasoner.h,2
variablegenerator.h,2
classificationdata.h,2
roamfree_extra,2
objectobservationdescriptor.h,2
initializationdata.h,2
baselogic.h,2
basicdetector.h,2
rectangle.h,2
pole.h,2
imageview.h,2
mlr_8regions,2
approximate_diffusion_models,2
weibull.h,2
raspberry_soft_uart.h,2
soapstub.h,2
.venv,2
cogsnet_compute.h,2
aptreeshape,2
pfss,2
trader,2
contracting,2
singleprocess,2
aiurmodule.h,2
scoutmanager.h,2
underattackmanager.h,2
attacktracker.h,2
spendmanager.h,2
rushphotonmanager.h,2
arbitrator,2
basemanager,2
bulletdata.h,2
gamedata.h,2
forceimpl.h,2
playerimpl.h,2
unitimpl.h,2
forcedata.h,2
unitcommand.h,2
playerdata.h,2
unitdata.h,2
antismash_domain,2
antismash_feature,2
prodigal,2
executables,2
motifs,2
flavin_dependent,2
modular_domain,2
rodeo,2
orderfinder,2
name_mappings,2
smiles_generator,2
pks_names,2
rrefinder,2
terpene_analysis,2
tfbs_finder,2
timing,2
flask_nav,2
readraw,2
o3djs.fps,2
o3djs.dump,2
o3djs.serialization,2
o3djs.element,2
o3djs.camera,2
o3djs.arcball,2
o3djs.picking,2
o3djs.event,2
amrex_eb2_if_spline.h,2
ebstenciltypes.h,2
diffterm.h,2
mol.h,2
pelegithashes.h,2
pelecamr.h,2
peleascent.h,2
computebeathisto,2
computechords,2
computefeature,2
computefingerprint,2
computekey,2
computespectrogram,2
computemelspectrogram,2
computenoveltyfunction,2
computepitch,2
cofc_utils,2
consensus,2
donna25519,2
aeadrequestpacket,2
ackpacket,2
rejectionpacket,2
anet.h,2
coreapi,2
coreschema,2
gff3,2
lomb_scargle_fast,2
lomb_scargle_multiband,2
supersmoother,2
_least_squares_mixin,2
lapack.h,2
gw_face.inl,2
gw_vertex.h,2
gw_mesh.inl,2
gw_smartcounter.inl,2
gw_vertex.inl,2
gw_geodesicface.inl,2
gw_triangularinterpolation_quadratic.h,2
gw_triangularinterpolation_linear.h,2
gw_geodesicmesh.inl,2
gw_geodesicpath.h,2
gw_geodesicpath.inl,2
gw_geodesicpoint.h,2
gw_geodesicpoint.inl,2
gw_geodesicvertex.inl,2
gw_geometryatlas.inl,2
gw_geometrycell.h,2
gw_geometrycell.inl,2
gw_parameterization.h,2
gw_parameterization.inl,2
gw_voronoimesh.h,2
gw_triangularinterpolation_cubic.inl,2
gw_triangularinterpolation_linear.inl,2
gw_triangularinterpolation_quadratic.inl,2
gw_voronoimesh.inl,2
gw_voronoivertex.inl,2
gw_vector2d.h,2
tnt_array1d_utils.h,2
tnt_array2d_utils.h,2
tnt_array3d.h,2
tnt_vec.h,2
gw_basicdisplayer.h,2
gw_basicdisplayer.inl,2
gw_openglhelper.h,2
gw_geodesicdisplayer.inl,2
gw_toolkit.h,2
trackball.h,2
perform_front_propagation_3d.h,2
segment_list.h,2
cgal_typedefs.h,2
reg_ko_instr_impls.h,2
systemmodule.h,2
of2databox.hpp,2
sf2databox.hpp,2
basefilereader.hpp,2
inputsequence.hpp,2
tracker.hpp,2
ofterminalparser.hpp,2
scaler.hpp,2
of2trackerfile.hpp,2
flo.hpp,2
amplitudefactor.hpp,2
of2terminalparser.hpp,2
scene_flow_impair.h,2
sfterminalparser.hpp,2
sf2trackerfile.hpp,2
timefilereader.hpp,2
velocitymatrix.hpp,2
framespeed.hpp,2
sf2terminalparser.hpp,2
manhole,2
source_identifier,2
data_indexer,2
loss_functions,2
vectorizer,2
tiff_reader,2
resource_backed_dask_array,2
bioformats_jar,2
jpype,2
xmlschema,2
nbodyhashedoctree.h,2
nbodyconfig.h,2
nbodykeys.h,2
r_ext,2
inverty.hpp,2
dankmethods,2
optimizations,2
_layers_common,2
_interpret_shapes,2
contiki.h,2
mqtt_sn.h,2
simple-udp.h,2
omega_automata,2
array_envs,2
mlclasses,2
captcha,2
" + attempt_data);
            }

            if (attempt_data !== null && typeof attempt_data === ",2
jose,2
pdfgen.h,2
earthquake,2
init_config,2
compucellsetup,2
getspatialdata,2
update_model,2
categories,2
rdfsentity.h,2
dccp,2
loss_funcs,2
kondata,2
tensorflow_graphics,2
jinja_template,2
$gmxbin,2
$cfile,2
sh_libs,2
_wrappers,2
arrays,2
internal_mxarray.h,2
gcoptimization.h,2
linkedblocklist.h,2
graph.cpp,2
maxflow.cpp,2
org.apache.jena.rdf.model.,2
org.apache.jena.query.,2
org.apache.commons.lang3.stringescapeutils,2
sc.h,2
mail.h,2
networking,2
zigzag,2
cr_ktrace.h,2
blcr_common.h,2
blcr_imports.h,2
cr_arch.h,2
libftb.h,2
cr_atomic.h,2
vmadump_x86.h,2
read_meert15,2
load_cross_matched_umachine,2
get_version,2
tsc,2
velocity,2
odes,2
compute_cell_velocity,2
hnswlib,2
abstract_vf,2
abstract_ae,2
attribute_parsing,2
parsing_error,2
collate,2
download_cache,2
exon,2
sequence_data,2
transcript,2
typechecks,2
locus_with_genome,2
glmnet_python,2
mds,2
multivelo,2
atacseqtools,2
chromatinvelocity,2
multiqc,2
pywnn,2
celltypist,2
ezplots,2
least_action_path,2
markers,2
pseudotime,2
scpotential,2
state_graph,2
hiveplotlib,2
holoviews,2
perturbation,2
marsilea,2
ode,2
cell_velocities,2
graph_calculus,2
metric_velocity,2
psl,2
utils_reducedimension,2
ao,2
bhattacharya,2
rank_vf,2
tang,2
wang,2
fixedpoints,2
frozen,2
modifiedtanimoto,2
dive,2
snpstats,2
iocp,2
transpose.h,2
transpose_cuda.h,2
cufft.h,2
accfft_utils.h,2
accfft_operators_gpu.h,2
tokenizers,2
huge,2
nsetransform.h,2
despotic_heating,2
gaussian_correction,2
higal_gridded,2
heating,2
parameters for opening pdf files,2
org.apache.xmlbeans.xmlobject,2
org.mozilla.javascript.scriptruntime,2
org.mozilla.javascript.undefined,2
org.mozilla.javascript.annotations.jsconstructor,2
gulp-mocha,2
dryice,2
amdefine,2
bench,2
org.mozilla.javascript.contextfactory,2
org.mozilla.javascript.tools.shell.shellcontextfactory,2
javax.swing.table.,2
java.awt.event,2
org.mozilla.javascript.securityutilities,2
org.mozilla.javascript.tools.toolerrorreporter,2
org.mozilla.javascript.scriptableobject,2
misvmio,2
lostdirs,2
kstat,2
_binary_search,2
pymc_marketing,2
decoder_net,2
language_model_head,2
beam_search_generator,2
lgloptl.h,2
approx,2
_context,2
_arima,2
stocks,2
_split,2
klayout,2
road_net.h,2
perf.h,2
ggeffects,2
arm_scenario_simulator,2
com_mytechia_robobo_ros_msgs,2
box2d,2
testutils.h,2
netcdfhelper.h,2
pyrealsense2,2
simple_recognizer,2
blob_recognizer,2
tmutil.h,2
dada_hdu.h,2
evaluation.h,2
mlibsource.cpp,2
ray.h,2
ext-boost,2
core-network,2
ext-eigen,2
ext-lodepng,2
ext-openmesh,2
queries.h,2
featuredictionary.h,2
globalappstate.h,2
pyorbital,2
idlwrap,2
cmasher,2
aiohttp_xmlrpc,2
scanner,2
ros2topic,2
dualcamnet,2
morse,2
hla,2
qjets.h,2
qcdloop,2
quadtree.h,2
load3ddata,2
kpax2,2
muselsl,2
stream_descriptor,2
bleak,2
configlib,2
basetest,2
testutil,2
bfd_scheduler.h,2
check_print.h,2
check_genhash.h,2
reload_monitor.h,2
sanitizer.h,2
rbtree_ka.h,2
ip_vs.h,2
vrrp_ipsecah.h,2
vrrp_auth_hmac.h,2
vrrp_vmac_nm.h,2
qcqp,2
alibavaeventimpl.h,2
euteldaftrackersystem.h,2
tminuit.h,2
tvectort.h,2
eutelreferencehit.h,2
mille,2
eutelffclusterimpl.h,2
eutelsimplevirtualcluster.h,2
euteltrackerdatainterfacerimpl.h,2
eutelsparseclusterimpl.h,2
euteltrackcreate.h,2
tmatrix.h,2
eutelnav.h,2
tgaxis.h,2
tdspixel.h,2
dynamicsmagorinsky.h,2
lesmodel.h,2
mkl.h,2
ylmgen_c.h,2
ksw_common.h,2
ksw,2
c_utils.h,2
sse_utils.h,2
omnibus,2
hashed_read_genome_array,2
ierct,2
rotational_diagram_maps,2
ch3oh_model,2
spectral_overlays,2
velo_guesses,2
h2co,2
imf,2
radmc3dpy,2
core_models,2
convert_to_k,2
get_dust_opacity,2
mad,2
get_m0,2
lanms,2
plumbum,2
conv_bin,2
conv_ar,2
binet_ar,2
seq_inp_net,2
binet_osr,2
masked_binet,2
conv_rnn_encoder,2
conv_rnn_deocder,2
barcode_template.h,2
dcel.h,2
antismash_models,2
phybase,2
aod,2
homura,2
gaze_tracking,2
pupil,2
circuit.hpp,2
context-clear.hpp,2
context-seal.hpp,2
fagin,2
rmonad,2
usefulfunctions,2
cbapi,2
yara,2
fgsea,2
abs1.h,2
getprimfreq_terminate.h,2
getprimfreq_initialize.h,2
getprimfreq_emxutil.h,2
xcorr.h,2
ifft.h,2
_coder_getprimfreq_mex.h,2
power.h,2
rtgetnan.h,2
rtgetinf.h,2
uiplib.h,2
httpd-cgi.h,2
clock-arch.h,2
uip-fw.h,2
uip-neighbor.h,2
uip_arp.h,2
uglify-js,2
data_store,2
comet,2
party,2
go.mongodb.org,2
mlxtend,2
hickle,2
http_parser.h,2
bsb.h,2
yaml.h,2
better-sqlite3,2
passport-http,2
@common,2
moment-timezone,2
@databricks,2
basic-auth,2
+f.sourcedescription+,2
validation.h,2
contrast,2
_model,2
collapsibletree,2
type_defs.h,2
outputmarshaller.h,2
outputdata.h,2
outputrecord.h,2
asset_manager.hpp,2
chipqc,2
handle,2
fltk,2
pyside2,2
ns3_ptr,2
ndn-cxx-simple,2
ndn-app-helper.hpp,2
ndn-fib-helper.hpp,2
ndn-stack-helper.hpp,2
ndn-header.hpp,2
ndn-l3-protocol.hpp,2
ndn-net-device-link-service.hpp,2
ndn-ns3.hpp,2
blasp.h,2
tron.h,2
linear_model_matlab.h,2
rnnlmlib.h,2
sptree.h,2
integration_functions,2
vice,2
${tmp_dir},2
bb,2
drift_scan_auto_corr_frequency,2
iacommandlineprocessor.h,2
iaextendedtypedcallhelper.h,2
vtkimageimport.h,2
iacudahelper.h,2
qcollator,2
iaitktypes.h,2
itkcommonenums.h,2
itkimageiobase.h,2
vtkjpegwriter.h,2
iachartfunctionbezier.h,2
iachartfunctiongaussian.h,2
iatftabledlg.h,2
iaxyplotdata.h,2
iaaboutdlg.h,2
iarawfileparamdlg.h,2
iahdf5io.h,2
iawidgetanimationdecorator.h,2
ialogwidget.h,2
iarawfilepreviewslicer.h,2
iavectorinput.h,2
iaslicercontainer.h,2
iasystemthemewatcher.h,2
iatlgictloader.h,2
iavtkinteractstyleactor.h,2
mdichild.h,2
qdragenterevent,2
iagui_export.h,2
iaslicersettings.h,2
vtkcylindersource.h,2
iaqdocktitlewidget.h,2
iafast3dmagiclenswidget.h,2
qvtkinteractor.h,2
vtkactor2dcollection.h,2
qeventloop,2
iamat4.h,2
iafilechooserwidget.h,2
iaqflowlayout.h,2
iaamirameshio.h,2
itkimageserieswriter.h,2
iaitkfileio.h,2
itkimageiofactory.h,2
iametafileio.h,2
vtkmetaimagereader.h,2
vtkobjreader.h,2
iaoifreader.h,2
vtkstlreader.h,2
vtkstlwriter.h,2
iacsvqtablecreator.h,2
qiodevice,2
iavtktubefilter.h,2
vtkellipsoidsource.h,2
ialabeledvolumevis.h,2
ianoobjectvis.h,2
iarenderobserver.h,2
iarendererinteractorstyle.h,2
vtkaxesactor.h,2
vtkorientationmarkerwidget.h,2
vtkobject.h,2
vtkworldpointpicker.h,2
iamagiclens.h,2
iaslicer_export.h,2
vtkpropcollection.h,2
iarulerwidget.h,2
iaslicerinteractorstyle.h,2
iaslicerprofile.h,2
iaslicerprofilehandles.h,2
iavtktext.h,2
qcursor,2
qerrormessage,2
dlg_2ddensitymap.h,2
dlg_fileedit.h,2
dlg_highlightdefects.h,2
dlg_regionview.h,2
ia4dctallvisualizationsdockwidget.h,2
ia4dctboundingboxdockwidget.h,2
ia4dctdefectvisdockwidget.h,2
ia4dctfilemanager.h,2
ia4dctfracturevisdockwidget.h,2
ia4dctprojectreaderwriter.h,2
iapreviewmaker.h,2
iafeatureextraction.h,2
iafeatureextractiondialog.h,2
iadefectclassifier.h,2
iaclassifydefectsdialog.h,2
ia4dctplanedockwidget.h,2
qxmlstreamwriter,2
ia4dctregionmarkermodule.h,2
vtkpointpicker.h,2
ia4dctregionviewdockwidget.h,2
ia4dcttoolsdockwidget.h,2
iacommoninput.h,2
iaadaptivethresholddlg.h,2
iaintersectiondefinition.h,2
iathresholdcalculator.h,2
iaimageprocessinghelper.h,2
iathreshminmaxhelper.h,2
iathresholdcalchelper.h,2
itknormalizeimagefilter.h,2
iabonethicknessmouseinteractor.h,2
vtkpointlocator.h,2
iabonethicknesstool.h,2
iabonethicknesssplitter.h,2
itkimageiterator.h,2
itkintensitywindowingimagefilter.h,2
itkscalarconnectedcomponentimagefilter.h,2
iaentropyimagefilter.h,2
itkhessianrecursivegaussianimagefilter.h,2
itkbinaryballstructuringelement.h,2
itkbilateralimagefilter.h,2
itkcurvatureanisotropicdiffusionimagefilter.h,2
itkcurvatureflowimagefilter.h,2
itkgradientanisotropicdiffusionimagefilter.h,2
itkrecursivegaussianimagefilter.h,2
kerneldensityestimation,2
dlg_multidimensionalscalingdialog.h,2
dlg_vismainwindow.h,2
iaarccosinedistance.h,2
iaproximitydistance.h,2
iacomp3dview.h,2
iacomp3dwidgetinteractionstyle.h,2
vtkinteractorobserver.h,2
iacompbarchart.h,2
vtkbrush.h,2
vtkpolygon.h,2
vtktooltipitem.h,2
vtkcontextinteractorstyle.h,2
iacompbayesianblocks.h,2
iacompboxplot.h,2
vtkchartbox.h,2
vtkcontext2d.h,2
vtkcontextmouseevent.h,2
iacompcombitableinteractionstyle.h,2
iacompcorrelationmap.h,2
vtkedgelistiterator.h,2
vtkcleanpolydata.h,2
iacompcurveinteractorstyle.h,2
iacompdbscandata.h,2
dbscan,2
iacomphistogramcalculation.h,2
iacompuniformbinning.h,2
iacompnaturalbreaks.h,2
iacompkerneldensityestimation.h,2
vtknamedcolors.h,2
vtkglyph2d.h,2
vtkbillboardtextactor3d.h,2
vtktextrepresentation.h,2
vtktextwidget.h,2
vtkvectortext.h,2
vtkextractselection.h,2
vtkselection.h,2
vtkselectionnode.h,2
vtktrianglefilter.h,2
iacompuniformtableinteractorstyle.h,2
vtkdataset.h,2
iacompvariabletableinteractorstyle.h,2
iaeuclideandistance.h,2
iaminkowskidistance.h,2
iacomparisonandweighting.h,2
iadreamcaster.h,2
iastabilitywidget.h,2
vtkdataarray.h,2
iaintensitymapper.h,2
ialinearcolorgradientbar.h,2
ianonlinearaxisticker.h,2
iaorientationwidget.h,2
iasegmenttree.h,2
iascalingwidget.h,2
xmdvtool.h,2
okcdatamodifierhighlight.h,2
okcdatamodifierrowindex.h,2
iadatafolderdialog.h,2
iafaqsplom.h,2
iafeatureanalyzer.h,2
iapdmview.h,2
iapreviewsplomview.h,2
iarangesliderdiagramview.h,2
iaselectionsview.h,2
iaspmview.h,2
iassview.h,2
iatreeview.h,2
iafeatureanalyzermoduleinterface.h,2
iahistogramplotdata.h,2
iabpmdata.h,2
iahmdata.h,2
iapreviewsplom.h,2
iarangesliderdiagramwidget.h,2
vtkvector.h,2
iassslicer.h,2
vtkdistancepolydatafilter.h,2
dlg_paramspacesampling.h,2
vtkmathutilities.h,2
iadatasetinfo.h,2
itkimageduplicator.h,2
iadragfilterwidget.h,2
iadroppipelinewidget.h,2
iarunbatchthread.h,2
iamaximumdistancefilter.h,2
itkconfidenceconnectedimagefilter.h,2
itkconnectedthresholdimagefilter.h,2
itkhuangthresholdimagefilter.h,2
itkintermodesthresholdimagefilter.h,2
itkisodatathresholdimagefilter.h,2
itkkittlerillingworththresholdimagefilter.h,2
itklithresholdimagefilter.h,2
itkmaximumentropythresholdimagefilter.h,2
itkmomentsthresholdimagefilter.h,2
itkmorphologicalwatershedimagefilter.h,2
itkneighborhoodconnectedimagefilter.h,2
itkotsumultiplethresholdsimagefilter.h,2
itkotsuthresholdimagefilter.h,2
itkrenyientropythresholdimagefilter.h,2
itkrobustautomaticthresholdimagefilter.h,2
itkshanbhagthresholdimagefilter.h,2
itktrianglethresholdimagefilter.h,2
itkyenthresholdimagefilter.h,2
dlg_blobvisualization.h,2
iaclasseditdlg.h,2
iafeaturescoutsplom.h,2
iafscolormaps.h,2
iameanobject.h,2
vtkeventqtslotconnect.h,2
qtreeview,2
iablobimplicitfunction.h,2
itkvtkimagetoimagefilter.h,2
vtkcontourfilter.h,2
vtkwindowedsincpolydatafilter.h,2
iafeaturescouttoolbar.h,2
iaalgorithminfo.h,2
iacharacteristicsmeasuredlg.h,2
iaclickablelabel.h,2
iasensitivityinfo.h,2
iafixedaspectwidget.h,2
vtkdecimatepro.h,2
iafiberresultuidata.h,2
iaselectioninteractorstyle.h,2
iafiakermoduleinterface.h,2
iafiakertool.h,2
iaparameterinfluenceview.h,2
dlg_dataview4dct.h,2
iafuzzyvtkwidget.h,2
dlg_eventexplorer.h,2
iatrackinggraphitem.h,2
iavtkgraphdrawer.h,2
vtkgraphitem.h,2
iafeaturetrackingcorrespondence.h,2
iafuzzyfeaturetrackingtool.h,2
iagraphdrawer.h,2
iagraphstat.h,2
dlg_consensus.h,2
iacamerawidget.h,2
iadetailview.h,2
iaexampleimagewidget.h,2
iafavoritewidget.h,2
iagemsescatterplot.h,2
iahistogramcontainer.h,2
iaimagetreeview.h,2
iaprobingwidget.h,2
dlg_gemsecontrol.h,2
iaimageclusterer.h,2
iafilterchart.h,2
iagemsemoduleinterface.h,2
iaimagecomparisonmetrics.h,2
iatrianglebutton.h,2
vtkinteractorstyle3d.h,2
vtkopenxrrenderwindowinteractor.h,2
iavrfrontcamera.h,2
iavrhistogrampairvis.h,2
iavrmip.h,2
iavrmodelinminiature.h,2
iavrobjectcoverage.h,2
iavrslider.h,2
openvr.h,2
iavrmainthread.h,2
vtkimageflip.h,2
vtkopenvrrenderer.h,2
vtkopenvrrenderwindow.h,2
iavrhistogram.h,2
dlg_elementrenderer.h,2
dlg_refspectra.h,2
iadecompositioncalculator.h,2
iaenergyspectrumwidget.h,2
iafunctionalboxplotqtdrawer.h,2
iaperiodictablelistener.h,2
iapiechartwidget.h,2
iaxrfoverlay.h,2
vtkimageresample.h,2
iaspectrumfunction.h,2
dlg_similaritymap.h,2
iasimilaritymapwidget.h,2
iaspectrahistograms.h,2
iaelementspectralinfo.h,2
iainspectrtool.h,2
iacommandrunner.h,2
iaderivedoutputcalculator.h,2
iasamplebuiltinfilteroperation.h,2
iasamplefilterrunnergui.h,2
iamodalitysplom.h,2
ianmodaltool.h,2
iatriplehistogramtftool.h,2
vtkimageappendcomponents.h,2
tf_3mod,2
ianmodalcontroller.h,2
ianmodaltfmanager.h,2
ianmodalseedtracker.h,2
ianmodaldilationbackgroundremover.h,2
ianmodallabelswidget.h,2
ianmodalpcadatasetreducer.h,2
itkimagepcashapemodelestimator.h,2
ianmodaldatasetreducer.h,2
ianmodalpreprocessor.h,2
ianmodalwidget.h,2
iabimodalwidget.h,2
iainterpolationsliderwidget.h,2
iahistogramstack.h,2
iahistogramtriangle.h,2
iarightborderlayout.h,2
iaimagegenerator.h,2
iajpgimage.h,2
iaremotetool.h,2
iaunitywebsocketservertool.h,2
qhttpserver,2
iaremoterenderer.h,2
iaviewhandler.h,2
iaremoteaction.h,2
qwebsocket,2
itkvectorindexselectioncastimagefilter.h,2
itkvectorimage.h,2
iagraphweights.h,2
ianormalizer.h,2
iavectordistance.h,2
iaimagegraphtypes.h,2
ianormalizerimpl.h,2
iavectorarrayimpl.h,2
clocale,2
iageometricobjectmappings.h,2
iavolumeplayerwidget.h,2
iafrustumactor.h,2
itkmultithreader.h,2
itkkernelinduceddistancemetric.h,2
itkrbfkernelinduceddistancemetric.h,2
itkflatstructuringelement.h,2
itkconstshapedneighborhooditerator.h,2
dnacopy,2
model_util.h,2
conductivity.h,2
actual_network.h,2
basestategeometry.h,2
maestro_params.h,2
physbcfunctmaestro.h,2
simplelog.h,2
tensorflow_io,2
classification_regression_evaluator,2
pretrain_utils,2
digitalio,2
ecdsa,2
promethion_starter,2
pygraph,2
ctl_to_aht_,2
cell_lists,2
traittypes,2
hypothesis,2
readinput,2
wheel_command.h,2
serial_io.h,2
stdio_query.h,2
icons.h,2
qaction.h,2
dataset.h,2
pointwithid.h,2
qicon.h,2
idedit.h,2
action.h,2
camera_reader.h,2
colored.h,2
qopengl,2
colorspace.h,2
pixel.h,2
load.h,2
timestamped.h,2
rotation_matrix.h,2
polygon.h,2
ardupilotmega.h,2
uavionix.h,2
voxel_grid.h,2
rostopic,2
rospy_message_converter,2
colour.h,2
placemark.h,2
line_string.h,2
svg.h,2
dc1394,2
attributes.h,2
realsense.h,2
cepton.h,2
lidar_scan.h,2
scan_packet.h,2
laser_map.h,2
pcap_reader.h,2
proprietary_reader.h,2
thin_reader.h,2
hdl64,2
puck,2
scan_tick.h,2
roboteyethermal.h,2
ocular.h,2
imagefeed,2
mapfeed,2
startstopfeed,2
base_controller,2
ont_fast5_api,2
jet_emitters,2
jet_tools,2
jet_model,2
cudamat,2
cuda_ndarray,2
type,2
convgrad3d,2
convtransp3d,2
dataextraction,2
webconnection,2
versioncontrol,2
supplementaryclassifiers,2
root_numpy,2
b64.h,2
sofalistener,2
sofasource,2
sofareceiver,2
sofaemitter,2
sofaattributes,2
sofawarning,2
sofaunits,2
sofaapi,2
sofaversion,2
csirtgsdk,2
mp3treesim,2
pygraphviz,2
processes,2
quicklook,2
delphesreadergen.hpp,2
ljetslhefilter.hpp,2
ttreco.hpp,2
couplings,2
lorentz,2
propagators,2
form_factors,2
catkin,2
"""$_setup_tmp""",2
"""$_envfile""",2
onebodymatrix.h,2
twobodymatrix.h,2
hamiltonianmatrix.h,2
pysm,2
moderngpu,2
de.unihalle.informatik.alida.annotations.parameter,2
baseflowdistribution.h,2
dijktrakshortest.h,2
iforwarding.h,2
eviroment,2
relational_q_learning,2
matcall,2
als_dense,2
npxextractorpxi.h,2
npxextractor3a.h,2
juce_audio_basics,2
juce_audio_devices,2
juce_audio_formats,2
juce_audio_processors,2
juce_core,2
juce_cryptography,2
juce_data_structures,2
juce_events,2
juce_graphics,2
juce_gui_basics,2
juce_gui_extra,2
juce_opengl,2
juce_video,2
axml,2
pytube,2
ml_nms,2
fcos,2
blendmask,2
batext,2
meinst,2
condinst,2
solov2,2
resnet_lpf,2
maskencoding,2
conversions,2
planetdata,2
docutoads_subfunctions,2
expressionevaluator.h,2
lsymbolsmanager.h,2
lnode.h,2
lsymbols.h,2
lturtle.h,2
tensorflow_networks,2
quotient_manifold_tangent_vector,2
colorbar,2
ticks,2
tick_labels,2
axis_labels,2
simple_function_static,2
simple_function_recurrent,2
sequential_mnist,2
sequential_svhn,2
number_translation,2
_partial_dataset,2
_simple_function_abstact,2
nalu,2
gumbel_nalu,2
linear_nalu,2
softmax_nalu,2
independent_nalu,2
hard_softmax_nalu,2
gradient_bandit_nalu,2
regualized_linear_nalu,2
re_regualized_linear_nalu,2
pos_nac,2
gumbel_mnac,2
re_regualized_linear_mnac,2
regression_mnist,2
tensorboard_reader,2
printable.h,2
pluggableusb.h,2
functionsutr,2
add_curve_sapling_3,2
add_curve_sapling_3_2_8,2
sapling_4,2
asamap.h,2
epicstime.h,2
epdg.hpp,2
a.h,2
ligand,2
fingerprint,2
nsgt3,2
criterion_criterion,2
prior_prior,2
vae_vanillavae,2
vae_vanilladlgm,2
nsgfwin_sl,2
nsdual,2
nsgtf,2
nsigtf,2
block_models,2
signet,2
automation,2
cloud_driver,2
configspace,2
token_manager,2
callresult,2
apimodel,2
entry,2
_socket,2
tensorflow_bind,2
win32file,2
winerror,2
mplexporter,2
torchaudio,2
keras_tuner,2
slack_sdk,2
netindices,2
kf.h,2
optim.h,2
depthfl,2
fedvssl,2
base_sampler,2
telemetry,2
grpc_tools,2
federated_analytics,2
fedvaeexample,2
fl_dp_sa,2
fltabular,2
vitexample,2
opacus,2
opacus_fl,2
quickstart_catboost,2
synthetic_dataset.h,2
huggingface_example,2
lerobot_example,2
mlxexample,2
monaiexample,2
pytorchlightning_example,2
sklearnexample,2
tfexample,2
quickstart_xgboost,2
vertical_fl,2
xgboost_comprehensive,2
typing.h,2
communicator.h,2
message_handler.h,2
basic_app,2
e2e_jax,2
e2e_pytorch_lightning,2
e2e_pytorch,2
e2e_scikit_learn,2
e2e_tensorflow,2
agent_app,2
noop_auth_plugin,2
pathspec,2
tomli_w,2
run_utils,2
archive_utils,2
localdp_mod,2
secure_aggregation,2
secaggplus_mod,2
history,2
server_config,2
bulyan,2
fedadagrad,2
fedadam,2
fedmedian,2
fedprox,2
fedtrimmedavg,2
fedxgb_bagging,2
fedxgb_cyclic,2
fedyogi,2
krum,2
qfedavg,2
in_memory_linkstate,2
sql_linkstate,2
secaggplus_workflow,2
superexec,2
credential_store,2
exit,2
simple_health_servicer,2
dp_accounting,2
subprocess_executor,2
exec_plugin,2
provider,2
federation_manager,2
in_memory_nodestate,2
generatexml,2
tfkeras,2
util_graphs,2
fsaf_layers,2
function,2
ensembleoptions,2
${cwd},2
gas_transmittance,2
wvlut_interp,2
rayleigh,2
pressure_elevation,2
extend,2
derivative,2
import_lut,2
import_luts,2
s3fs,2
hgt_find,2
hgt_geolocation,2
hgt_lonlat,2
hgt_read,2
l2_convert,2
nc_to_geotiff,2
coef,2
coef_hyper,2
ll,2
test_coverage,2
olci_merge_test,2
f0_get,2
rsr_read,2
rsr_convolute_dict,2
rsr_convolute_nd,2
nc_read,2
datascl,2
download_file,2
distance_se,2
import_config,2
reproject2,2
interp2d,2
googlevis,2
ptmcn_utils,2
mcevidence,2
mckld,2
biomonitor,2
abstract_extractor,2
abstract_parser,2
datahfprovider,2
excitation,2
memory_pool,2
twoparticleoperator,2
intermediates,2
adc_pp,2
formatindex,2
operatorintegrals,2
stateview,2
guess_zero,2
nparticledensity,2
preconditioner,2
extruct,2
opencolorabi.h,2
nuke,2
pyopencolorio,2
ociodisplayview.h,2
ofxsprocessing.h,2
ofxsparam.h,2
ofxsinteract.h,2
ofxparametricparam.h,2
ofxopenglrender.h,2
jsonref,2
apps_index,2
com.leanxcale.kivi.database.database,2
com.leanxcale.kivi.database.index,2
com.leanxcale.kivi.database.table,2
com.leanxcale.kivi.query.tupleiterable,2
com.leanxcale.kivi.session.connection,2
com.leanxcale.kivi.session.connectionfactory,2
com.leanxcale.kivi.session.credentials,2
com.leanxcale.kivi.session.settings,2
com.leanxcale.kivi.tuple.tuple,2
com.leanxcale.kivi.tuple.tuplekey,2
java.sql.date,2
com.leanxcale.exception.leanxcaleexception,2
com.leanxcale.kivi.database.field,2
com.leanxcale.kivi.database.tablemodel,2
javax.transaction.transactionrequiredexception,2
dgfluxbc.h,2
dgfluxlimitedbc.h,2
dgconcentrationfluxlimitedbc.h,2
dgporedifffluxlimitedbc.h,2
dgvarveldifffluxlimitedbc.h,2
dgconcentrationadvection.h,2
constreaction.h,2
coupledcoefftimederivative.h,2
gconcentrationadvection.h,2
faster_fifo.hpp,2
cmaes.h,2
pickle5,2
rate_evolve,2
arm_1link_gravity,2
arm_2link_todorov_gravity,2
acrobot_2link,2
ssplots,2
sebanalysis,2
common_analysis,2
endpoint.h,2
ics,2
tar-fs,2
adafruit_tcs34725,2
optionparser.h,2
one_hot_segmentation,2
nifti_utils,2
geographic_msgs,2
boxmapprob_functions,2
c_adc.h,2
c_uart.h,2
smbus,2
counttofpkm,2
py21cmmc,2
torch_utilis,2
algotom,2
hierarchical_graph,2
exact_solution,2
string_methods,2
medullopackage,2
mm2s,2
deconstructsigs,2
glmnetutils,2
_louvain,2
svm_model_matlab.h,2
topologymodule.h,2
genericmodel_impl.h,2
model_manager_impl.h,2
booldatum.h,2
numerics.h,2
universal_data_logger_impl.h,2
lockptrdatum.h,2
aeif_custom.h,2
archiving_node.h,2
ring_buffer.h,2
universal_data_logger.h,2
iaf_lifca.h,2
nest,2
hi_attn,2
lpsolve.,2
systemsetting.h,2
initkeyframe.h,2
layers_builder,2
pspnet,2
map_generator,2
average_meter,2
patch_svd_double_stage,2
w4d_hosvd,2
record_data,2
praatio,2
kubernetes,2
csetjmp,2
document_bert,2
led,2
setup_simulations_server_logit_probit,2
functions_smc_help,2
german_credit,2
infrastructure_interface,2
vaa3dauxfuncs,2
deps,2
utils-windows.h,2
iiod-responder.h,2
dns-sd.h,2
xml-zstd.h,2
gen_code.h,2
sysinfoapi.h,2
figsetting2,2
py_compile,2
db_model,2
mailconfig,2
lavaan,2
cgdsr,2
biocstyle,2
genomeinfodb,2
s4vectors,2
modelparameters,2
prop_execute_multi,2
prop_shift_center,2
telescope,2
kerneltable.h,2
npbgmodel.h,2
mehistogram.hpp,2
lbsp.h,2
backgroundsubtractorlbsp_.h,2
lbsp_.h,2
lbsp_16bits_dbcross_s3ch.i,2
blob.h,2
bloblibraryconfiguration.h,2
blobextraction.h,2
localbinarypattern.h,2
opencvdataconversion.h,2
t2fmrf.h,2
tbackground.h,2
frameprocessor.h,2
iframeprocessor.h,2
preprocessor.h,2
videoanalysis.h,2
videocapture.h,2
pybgs,2
qt_utils.h,2
texteditor.h,2
ndarray_converter.h,2
rarebf,2
pydash,2
stars,2
xrand.h,2
gb2seq,2
mvlib,2
frame_recorder.hpp,2
path.hpp,2
snappy-stubs-internal.h,2
snappy-stubs-public.h,2
audioplatform.hpp,2
abl_link.h,2
feature_extraction,2
chart.js,2
pi_mmio.h,2
pi_2_mmio.h,2
init_dataloader,2
init_dataset,2
mobilenetv2b,2
round,2
returntrue,2
totuplelist,2
totuplelistwithdatasetcolumn,2
condor,2
tablefilenamecomposer,2
eventloop,2
quote_string,2
branch,2
branchbuilder,2
branchaddressmanager,2
branchaddressmanagerforvector,2
backrefmultiplearrayreader,2
weightcalculatorone,2
parse_indices_config,2
nuspell,2
android-base,2
sparse_crc32.h,2
scale,2
java.util.logging.filehandler,2
java.util.logging.simpleformatter,2
ie.errity.pd.genetic.,2
cnn_bounds_full_core,2
iheapdata.h,2
lpx.h,2
mincut.h,2
tsplib.h,2
variablebound.h,2
sync_bn,2
modifier_utils,2
tfastreso_azyhydro.h,2
tfastreso_therminator.h,2
tfastreso_formulas.h,2
tfastreso.h,2
tparticle_therminator.h,2
hocp.hpp,2
chd_models,2
chd_utils,2
eth_functions.h,2
get_region_name_nr.h,2
grid_search.h,2
gsetype.h,2
gridgraphlib.h,2
velmod.h,2
java.util.zip.zipfile,2
java.lang.ref.softreference,2
edu.sc.seis.seisfile.sac.sacheader,2
edu.sc.seis.seisfile.sac.sactimeseries,2
java.awt.button,2
java.awt.cardlayout,2
mmdagg,2
median,2
tommyarrayof.h,2
tommyarrayblk.h,2
tommyarrayblkof.h,2
tommytree.h,2
tommytrie.h,2
tommytrieinp.h,2
tommyhashtbl.h,2
tommyhashdyn.h,2
tommyhashlin.h,2
pynvml,2
cudf,2
pfitshead.h,2
pfitsin.h,2
pfitsio.h,2
tax4fun2,2
reference,2
javax.xml.datatype.xmlgregoriancalendar,2
chronograph,2
flatpages,2
metatags,2
profanity_list,2
videoclient.hpp,2
lz4.h,2
eh.h,2
dayjs,2
preproc,2
gpu_thread,2
linkcomm,1
corrgram,1
driverservices.h,1
mp.h,1
cthreads.h,1
cthread.h,1
wrapt,1
tzlocal,1
requests_oauthlib,1
rouge_score,1
sentinelsat,1
ilmawebapp,1
worker.h,1
pretrain,1
fftpol,1
litemappol,1
systematicandbeam,1
lenspol,1
pwnlib,1
reg_setter,1
reg_mover,1
mem_writer,1
mem_changer,1
sys_caller,1
pivot,1
shifter,1
rop_utils,1
admesh,1
node-persist,1
bind,1
cyclictuple,1
duration,1
illustrators,1
indicators,1
instruments,1
lilypondfile,1
metricmodulation,1
obgc,1
parentage,1
pcollections,1
pitch,1
score,1
setclass,1
spanners,1
tag,1
timespan,1
tweaks,1
verticalmoment,1
roman,1
lal,1
mayo_util_batch_valid,1
proximity_variational_inference,1
annealing_variational_inference,1
proximity_update_variational_inference,1
deep_latent_gaussian_model,1
deep_latent_gaussian_variational,1
sigmoid_belief_network,1
sigmoid_belief_network_variational,1
nestle,1
ebg.h,1
median_light,1
firerrorcode.h,1
fbase64.h,1
snappy.h,1
assert_tests,1
svd_update,1
frequentdirections,1
blockcg,1
appview.h,1
directxhelper.h,1
elementscolor.ipp,1
spatialinputhandler.h,1
spinningmoleculerenderer.h,1
..\common\deviceresources.h,1
..\common\steptimer.h,1
shaderstructures.h,1
elementscolor.h,1
vdwradii.h,1
vdwradii.ipp,1
common\steptimer.h,1
content\spinningmoleculerenderer.h,1
content\spatialinputhandler.h,1
agile.h,1
concrt.h,1
d2d1_2.h,1
d2d1effects_1.h,1
d3d11_4.h,1
directxcolors.h,1
dwrite_2.h,1
dxgi1_5.h,1
windowsnumerics.h,1
wrl.h,1
audio.h,1
commonstates.h,1
dependencies\maral\src\maral\bootstraps\bs_pdb_multimodel.hpp,1
adafruit_ticoservo.h,1
known_16bit_timers.h,1
readwritedata,1
cytoscapeintegration,1
formgui,1
py2cytoscape,1
pandas_plink,1
clr,1
data_processor,1
pred,1
tree_utils,1
output_utils,1
outbreaktools,1
enmtools,1
heatmap.plus,1
exonerate_hits,1
phylo3,1
stampp,1
chromvar,1
motifmatchr,1
bsgenome.mmusculus.ucsc.mm10,1
swne,1
configure.sh,1
ldo.h,1
lfunc.h,1
llex.h,1
lobject.h,1
lparser.h,1
lstring.h,1
ltable.h,1
lzio.h,1
migrations,1
liability,1
publicresolver,1
fsrnn,1
aux,1
g__ci.h,1
fastallocstring.h,1
tmemberinspector.h,1
allpix_hits_writetoentuple.h,1
allpix_frames_writetoentuple.h,1
allpix_dm.h,1
allpixdigitanimation.hh,1
cnn_class,1
dexseq,1
org.dm.eg.db,1
preprocesscore,1
pfam.db,1
kohonen,1
nmfn,1
quadprog,1
color_names,1
codons,1
node-run-cmd,1
rlc,1
mkdocs_gen_files,1
beaker,1
webhelpers,1
statresult,1
models_dcgan,1
simulated,1
spatialfilters,1
ajd,1
geodesic,1
_estimators,1
motmetrics,1
ipyfilechooser,1
"""$travis_build_dir""",1
ciso8601,1
adafruit_bmp085_u.h,1
oceanmap,1
pretty_midi,1
numpycnn,1
${travis_build_dir},1
attr_updater,1
flag,1
globby,1
emscripten,1
braindranalysis,1
mindcontrolwrangling,1
braindrdl,1
due,1
duecredit,1
memory_final_spatial_sumonly_weight_ranking_top1_mem_dist,1
peakpick,1
markovchain,1
org.sc.sgd.db,1
bsgenome.scerevisiae.ucsc.saccer3,1
txdb.scerevisiae.ucsc.saccer3.sgdgene,1
tensordata,1
sobolev_utils,1
qgraphicsscene,1
qgraphicspixmapitem,1
qttreepropertybrowser,1
qtpropertymanager.h,1
qteditorfactory.h,1
qttreepropertybrowser.h,1
qmetaobject,1
qsharedmemory,1
qsystemsemaphore,1
dtw_d,1
discpy,1
custom_filters,1
example,1
fc,1
bottomup_topdown_attention,1
vsbaseline,1
curand_precalc.h,1
curand_mrg32k3a.h,1
curand_mtgp32_kernel.h,1
curand_philox4x32_x.h,1
curand_globals.h,1
curand_uniform.h,1
curand_normal.h,1
curand_lognormal.h,1
fix_bd_baoab_omp.h,1
fix_bd_srk_omp.h,1
fix_langevin_overdamp.h,1
fix_nve_overdamp_omp.h,1
fix_enforce2d_bd.h,1
gmmcluster2alleleaic_bic_ad,1
diagnostics,1
atomic_data,1
pykrome,1
viscous_evolution,1
opacity,1
control_scripts,1
fv_interpolation,1
planet_formation,1
keras_bert,1
mylayer,1
abi,1
v2client,1
algod,1
algorand_falcon,1
gason.h,1
msc_deeplab,1
resnet_deeplab,1
_crop_and_resize,1
crop_and_resize,1
ml_metrics_auc,1
$bin,1
bspjobconfiguration,1
binaryprotocol,1
clb_floattrees.h,1
clb_newmem.c,1
ccl_axiomsorter.h,1
cco_eserver.h,1
categorize,1
schedule.vars,1
che_normsubst.h,1
cio_filevars.h,1
cto_cmpcache.h,1
e_gitcommit.h,1
e_options.h,1
pylib_generic,1
pylib_tcp,1
pylib_emconf,1
pylib_eprot,1
pylib_etestset,1
cte_fixpoint_unif.h,1
cte_simplesorts.h,1
cte_functypes.c,1
hpaanalyze,1
orval,1
postcss-import,1
postcss-nested,1
node:process,1
@adguard,1
lib-steg-mq.h,1
erl_driver.h,1
ei.h,1
winreg.h,1
winperf.h,1
sigar_util.h,1
iptypes.h,1
iprtrmib.h,1
org.hyperic.sigar.,1
org.hyperic.sigar.win32.service,1
org.hyperic.sigar.win32.win32exception,1
iadmw.h,1
iiscnfg.h,1
ks.h,1
sigar_os.h,1
php.h,1
php_sigar.h,1
php_sigar_generated.c,1
_sigar_generated.c,1
_sigar,1
ruby,1
re.h,1
ant,1
tabix,1
transpose_aligned_fasta,1
r2_calc,1
ld_calc,1
"""${my_cnffile}""",1
${my_cnffile},1
py_w3c,1
levmar.h,1
netcdf.h,1
check_linalg_calls,1
snack,1
"""${cfg_old}""",1
_typing,1
cellex,1
gps_xyt,1
aniso8601,1
pygc,1
block_diag,1
tree_entropy,1
infer_dimensionality,1
heuristics,1
plot_clustering,1
mean_nn,1
make_circles,1
mratios,1
best,1
flm_gui_tools,1
tooltip,1
flm_canopycost,1
flm_pretagging,1
flm_vertexoptimization,1
flm_centerline,1
flm_linefootprint,1
flm_forestlineattributes,1
coalescence,1
stitcher,1
model_params.h,1
tetrads.h,1
pyharm,1
macronizer,1
postags,1
wordlist,1
scansion,1
lemmas,1
macronized_endings,1
latin_macronizer,1
normal_gamma,1
phone_loop,1
lse.neko.networks.queuesizeobservable,1
lse.neko.util.observableinteger,1
lse.neko.consensus.consensusctinitializer,1
lse.neko.consensus.consensusmrinitializer,1
lse.neko.consensus.consensuspaxosinitializer,1
lse.neko.rbcast.nackrbroadcast,1
lse.neko.failuredetectors.defaultringfailuredetectorinitializer,1
lse.neko.abcast.tests.testconstants,1
lse.neko.layers.shutdownstack,1
lse.neko.networks.comm.controlnetwork,1
lse.neko.pullprotocol,1
lse.neko.layers.nomulticastlayer,1
java.lang.reflect.undeclaredthrowableexception,1
lse.neko.genericprotocolimpl,1
lse.neko.multicastprotocol,1
lse.neko.multicastprotocolinterface,1
lse.neko.abcast.abcastinitializer,1
lse.neko.failuredetectors.defaultfailuredetectorinitializer,1
lse.neko.nekomessagequeue,1
lse.neko.sim.nekosim.nekosimsystem,1
lse.neko.util.intholder,1
lse.neko.util.objectbuffer,1
lse.neko.hierarchicalid,1
lse.neko.failuredetectors.simulatedfailuredetector,1
lse.neko.processsender,1
lse.neko.comm.commnetwork,1
lse.neko.failuredetectors.failuredetector,1
lse.neko.util.exceptionhandler,1
lse.neko.util.launchercatchingexceptions,1
lse.neko.util.logging.nekologmanagerinitializer,1
lse.neko.networks.sim.simnetwork,1
lse.neko.sim.abstractnekosimsystem,1
java.awt.geom.line2d,1
java.awt.print.book,1
java.awt.print.pageformat,1
java.awt.print.printable,1
java.awt.print.printerexception,1
java.awt.print.printerjob,1
javax.print.streamprintservice,1
javax.print.streamprintservicefactory,1
javax.print.attribute.hashprintrequestattributeset,1
javax.print.attribute.printrequestattributeset,1
javax.print.attribute.standard.printquality,1
javax.print.attribute.standard.sides,1
javax.swing.jtabbedpane,1
net.socialchange.doctype.doctype,1
net.socialchange.doctype.doctypechangerstream,1
net.socialchange.doctype.doctypegenerator,1
net.socialchange.doctype.doctypeimpl,1
java.util.logging.filter,1
java.util.logging.streamhandler,1
lse_neko_util_mysystem.h,1
lse.neko.nekoobject,1
lse.neko.layers.listfragmenter,1
java.util.concurrentmodificationexception,1
java.util.randomaccess,1
java.net.datagrampacket,1
dfindexer_cy,1
dfindexer.h,1
com.mavlink.mavlinkpacket,1
com.mavlink.common.,1
com.mavlink.parser,1
long,1
fastcrc,1
@ifrunistuttgart,1
mavextra,1
fuse,1
mavftp,1
mission_pb2,1
mavbitmask_change,1
came,1
datautils,1
entityutils,1
crimage,1
residual,1
dense,1
__ext,1
vimba_c,1
vimba_image_transform,1
scoped_log,1
runtime_type_check,1
context_decorator,1
gulp-footer,1
gulp-git,1
gulp-bump,1
gesalakacula,1
gulp-angular-protractor,1
sauce-connect-launcher,1
community_status,1
node:net,1
node:events,1
playwright-core,1
node:readline,1
node:stream,1
mkl_matvec,1
cg_sampler,1
reg_coef_posterior_summarizer,1
direct_gaussian_sampler,1
get_spi_spectrum,1
sys\stat.h,1
stis_photons,1
fastq_control_sampler.h,1
run_experiment,1
gambit,1
ctim,1
dnet,1
nt,1
spinbox,1
mq7.h,1
sht1x.h,1
quantum,1
skbio,1
heater.h,1
pins.h,1
thermistortables.h,1
sd2pinmap.h,1
sdinfo.h,1
fatstructs.h,1
store_eeprom.h,1
$module,1
xplmdisplay.h,1
xplmgraphics.h,1
xplmcamera.h,1
..\..\..\..\..\..\..\program files (x86)\microsoft sdks\windows\v7.0a\include\gl\gl.h,1
canard_dsdlc_helpers,1
loganalyzer,1
mavutil,1
imagelist_dataset,1
casia_video_dataset,1
casia_frame_dataset,1
logger_manager,1
mobilenetv2,1
simple_classifier_wrapper,1
opticalflow.h,1
imageprocessing.h,1
gaussianpyramid.h,1
lite_mobilenet,1
acadosenv,1
qore,1
qpdunes.h,1
blasfeo_d_kernel.h,1
scqp_test_problem,1
export_disturbed_chain_mass_model,1
cstr_utils,1
cstr_model,1
export_external_ode_model,1
anderson_convergence_experiment,1
integrator_experiment,1
linear_mass_model,1
export_ode_mhe_integrator,1
export_mhe_ode_model_with_noisy_param,1
export_mhe_ode_model_with_param,1
example_ros_minimal_sim,1
test_solution_sens_and_exact_hess,1
time2spatial,1
polynom_utils,1
c_generated_code,1
chen_allgoewer_system_model,1
time_optimal_simple_bicycle_model,1
rockit_hello_world_model,1
track_spline,1
pendulum_ode_model,1
pendulum_ode_cost,1
acados_ocp_batch_solver,1
acados_casadi_ocp_solver,1
acados_casadi_ocp_qp_solver,1
acados_sim_batch_solver,1
mpc_utils,1
acados_param_manager,1
casados_integrator,1
{{ model[jj].name }}_model,1
{{ model[jj].name }}_constraints,1
{{ model[jj].name }}_cost,1
{{ model.name }}_constraints,1
{{ model.name }}_cost,1
custom_update_function.h,1
ocp_node,1
sim_node,1
rcutils,1
{{ header_incl }},1
redmedtagger,1
parquet,1
link_navigator,1
podio_schema_evolution,1
verify2,1
bini322_10_52_approx.hpp,1
classical222.hpp,1
fast322_11_50.hpp,1
fast323_15_103.hpp,1
fast332_15_103.hpp,1
fast333_23_152.hpp,1
fast424_26_257.hpp,1
fast432_20_144.hpp,1
fast433_29_234.hpp,1
hk332_15_94.hpp,1
schonhage333_21_117_approx.hpp,1
ev_win32.c,1
ev_iocp.c,1
ev_port.c,1
ev_kqueue.c,1
ev_epoll.c,1
ev_poll.c,1
ev_select.c,1
spooky.h,1
hitdepth.h,1
hdfs.h,1
fixedsizeset.h,1
fixedsizevector.h,1
priorityqueue.h,1
calour,1
openopt,1
go_benchmark,1
v_repconst.h,1
ecg_dataset,1
keras_custom_objects,1
angular-cookies,1
angular-route,1
sprint-js,1
ie-shim,1
es6-shim,1
es7-reflect-metadata,1
grunt,1
open,1
lazypipe,1
nodemon,1
gulp-protractor,1
isparta,1
${newpath},1
karma-spec-reporter,1
karma-phantomjs-launcher,1
karma-script-launcher,1
karma-webpack,1
karma-sourcemap-loader,1
babel-core,1
sinon,1
sinon-chai,1
chai-things,1
gridfs-stream,1
proxyquire,1
supertest,1
express-jwt,1
composable-middleware,1
passport-google-oauth20,1
shrink-ray-current,1
method-override,1
cookie-parser,1
errorhandler,1
lusca,1
connect-mongo,1
ejs,1
strip-ansi,1
browser-sync,1
angular-mocks,1
html-webpack-harddisk-plugin,1
dmd_utilities,1
dmd,1
dmd_plotting,1
padr,1
imputets,1
mmand,1
attack_methods,1
cvequality,1
qasc,1
datahandler,1
bb_calibration.h,1
uniform.h,1
lichtenstein.h,1
multinomial.h,1
dirac.h,1
facade.h,1
numericapproximation.h,1
overrelaxation.h,1
mxbbn_node.h,1
bbn_auxiliar1.h,1
calibrationinterface.cpp,1
.\dll_facade.cpp,1
nodedistribution.h,1
.\method.h,1
.\nodedistribution.h,1
form1.h,1
example_apr_deconvolution.hpp,1
example_apr_filter.hpp,1
example_apr_iterate.h,1
example_apr_neighbour_access.hpp,1
example_apr_tree.hpp,1
example_compress_apr.h,1
example_compute_gradient.hpp,1
example_denoise.hpp,1
example_get_apr.h,1
example_get_apr_by_block.hpp,1
example_lazy_access.hpp,1
example_random_access.hpp,1
example_ray_cast.h,1
mosek,1
proj2r,1
proj2dupli,1
eval_dupli,1
pytorch,1
blur,1
crops,1
pixel,1
spectrogram,1
bbox_utils,1
hub_mixin,1
keypoints_utils,1
transforms_interface,1
google_docstring_parser,1
aarch64gensubtargetinfo.inc,1
aarch64gendisassemblertables.inc,1
aarch64genasmwriter.inc,1
aarch64disassembler.h,1
aarch64module.h,1
armgendisassemblertables.inc,1
armgenasmwriter.inc,1
armmodule.h,1
mipsgensubtargetinfo.inc,1
mipsgendisassemblertables.inc,1
mipsgenasmwriter.inc,1
mipsdisassembler.h,1
mipsmodule.h,1
ppcgendisassemblertables.inc,1
ppcpredicates.h,1
ppcgenasmwriter.inc,1
ppcdisassembler.h,1
ppcmodule.h,1
sparcgensubtargetinfo.inc,1
sparcgendisassemblertables.inc,1
sparcgenasmwriter.inc,1
sparcdisassembler.h,1
sparcmodule.h,1
systemzgensubtargetinfo.inc,1
systemzgendisassemblertables.inc,1
systemzgenasmwriter.inc,1
systemzgeninstrinfo.inc,1
systemzdisassembler.h,1
systemzmodule.h,1
x86genasmwriter_reduce.inc,1
x86genasmwriter.inc,1
x86gendisassemblertables_reduce.inc,1
x86gendisassemblertables.inc,1
x86genasmwriter1_reduce.inc,1
x86genasmwriter1.inc,1
x86module.h,1
xcoregendisassemblertables.inc,1
xcoregenregisterinfo.inc,1
xcoregenasmwriter.inc,1
xcoredisassembler.h,1
xcoremodule.h,1
com.sun.jna.library,1
com.sun.jna.native,1
com.sun.jna.nativelong,1
com.sun.jna.ptr.nativelongbyreference,1
com.sun.jna.pointer,1
com.sun.jna.ptr.pointerbyreference,1
com.sun.jna.ptr.intbyreference,1
java.lang.runtimeexception,1
capstone.arm,1
capstone.arm64,1
capstone.mips,1
capstone.ppc,1
capstone.sparc,1
capstone.systemz,1
capstone.x86,1
capstone.xcore,1
ccapstone,1
arm_const,1
arm64_const,1
mips_const,1
ppc_const,1
sparc_const,1
sysz_const,1
x86_const,1
xcore_const,1
libc.h,1
ntifs.h,1
windows\winkernel_mm.h,1
arm64.h,1
mips.h,1
ppc.h,1
systemz.h,1
x86.h,1
xcore.h,1
mcinstrdesc.h,1
winkernel_mm.h,1
hde32.h,1
table32.h,1
hde64.h,1
table64.h,1
pexpert,1
kern_efi.hpp,1
namespace.h,1
umm_integrity.c,1
umm_poison.c,1
umm_info.c,1
cpm,1
randtests,1
cner,1
alloc_inl.h,1
dfsan_platform.h,1
dfsan_flags.inc,1
interception_linux.h,1
interception_mac.h,1
interception_win.h,1
sanitizer_lfstack.h,1
sanitizer_procmaps.h,1
sanitizer_allocator_size_class_map.h,1
sanitizer_allocator_stats.h,1
sanitizer_allocator_primary64.h,1
sanitizer_allocator_bytemap.h,1
sanitizer_allocator_primary32.h,1
sanitizer_allocator_local_cache.h,1
sanitizer_allocator_secondary.h,1
sanitizer_allocator_combined.h,1
sanitizer_allocator.h,1
sanitizer_atomic_clang.h,1
sanitizer_atomic_msvc.h,1
sanitizer_atomic_clang_x86.h,1
sanitizer_atomic_clang_other.h,1
sanitizer_bitvector.h,1
sanitizer_flags.h,1
sanitizer_interface_internal.h,1
sanitizer_bvgraph.h,1
sanitizer_flags.inc,1
sanitizer_stacktrace.h,1
sanitizer_persistent_allocator.h,1
utmp.h,1
libdft_api.h,1
branch_pred.h,1
pin.h,1
syscall_hook.h,1
decoder2,1
normal.c,1
org.hibernate.sessionfactory,1
org.hibernate.cfg.configuration,1
org.softlang.util.hibernateutil,1
org.softlang.om.company,1
org.hibernate.,1
org.hibernate.cfg.,1
org.softlang.swing.view.companyview,1
org.softlang.swing.view.departmentview,1
org.softlang.swing.view.employeeview,1
org.softlang.swing.view.mainview,1
javax.swing.event.treeselectionevent,1
org.softlang.operations.cut,1
org.softlang.operations.total,1
com.mysql.jdbc.jdbc2.optional.mysqldatasource,1
org.softlang.company.persistable,1
java.sql.types,1
com.hp.hpl.jena.rdf.model.nodeiterator,1
com.hp.hpl.jena.rdf.model.rdfnode,1
com.hp.hpl.jena.rdf.model.simpleselector,1
com.hp.hpl.jena.rdf.model.stmtiterator,1
org.softlang.jena.rdf.containment,1
com.hp.hpl.jena.vocabulary.rdfs,1
org.softlang.jena.query.containment,1
org.softlang.jena.query.total,1
com.hp.hpl.jena.query.,1
" + rel.tablename + 
          ",1
org.eclipse.imp.preferences.preferencesservice,1
org.eclipse.imp.runtime.pluginbase,1
org.eclipse.imp.parser.iparsecontroller,1
org.strategoxt.imp.runtime.environment,1
org.strategoxt.imp.runtime.dynamicloading.baddescriptorexception,1
org.strategoxt.imp.runtime.dynamicloading.descriptorfactory,1
org.strategoxt.imp.runtime.dynamicloading.dynamicparsecontroller,1
org.strategoxt.imp.runtime.services.metafilelanguagevalidator,1
org.eclipse.xtext.common.ui.contentassist.terminalsproposalprovider,1
org.ioicompanies.lang.ui.internal.ioiactivator,1
org.ioicompanies.lang.ioi.ioifactory,1
org.eclipse.xtext.validation.abstractdeclarativevalidator,1
org.apache.bcel.classfile.,1
org.apache.bcel.generic.,1
org.apache.bcel.constants,1
java.beans.,1
baz.,1
java.awt.menu,1
java.awt.menubar,1
java.awt.menuitem,1
java.awt.menushortcut,1
tinycss,1
java.lang.annotation.,1
org.junit.,1
banking.remote.shared.accountaccessexception,1
banking.remote.shared.accountnumberalreadyinuseexception,1
banking.remote.shared.customernumberalreadyinuseexception,1
java.util.concurrent.executorservice,1
com.sun.example.mvc.model.abstractmodel,1
com.sun.example.mvc.view.abstractviewpanel,1
java.beans.propertychangesupport,1
java.awt.shape,1
java.awt.font.textlayout,1
com.sun.example.mvc.utilities.jfontchooserdialog,1
javax.swing.defaultboundedrangemodel,1
javax.swing.spinnernumbermodel,1
javax.swing.event.documentevent,1
javax.swing.event.documentlistener,1
javax.swing.text.badlocationexception,1
japa.parser.ast.importdeclaration,1
japa.parser.ast.body.typedeclaration,1
com.google.gson.annotations.serializedname,1
japa.parser.ast.body.bodydeclaration,1
japa.parser.ast.body.constructordeclaration,1
japa.parser.ast.body.methoddeclaration,1
japa.parser.ast.expr.annotationexpr,1
com.google.gson.gson,1
com.google.gson.gsonbuilder,1
org.softlang.model.company,1
javax.xml.stream.xmlstreamwriter,1
sqlfactextractor,1
sqlclassifier,1
jointseg,1
genocn,1
ggpmisc,1
sin_vb_mixmod,1
alb_ml_functions,1
sin_init_vb_mm,1
malariaatlas,1
vizumap,1
idpmisc,1
samplers,1
distree.h,1
htuckermpi.h,1
distree,1
armcm4_fp.h,1
hintondiagrams,1
roc,1
idr,1
dummy_threading,1
ddot,1
obo_aro,1
gosemsim,1
sector.h,1
autodiff.h,1
netcdfpp.h,1
analysisflow,1
yields,1
mva.h,1
histobinning,1
capushe,1
arome.h,1
pyarome,1
ajplanet,1
cnnutrients.h,1
cnvector.h,1
dbcell.h,1
cscell.h,1
gsignal.h,1
greaction.h,1
_structures.h,1
qwaitcondition,1
ui_gui.h,1
cellbody.h,1
yeast.h,1
uint128_t.build,1
uint256_t.build,1
uint256_t.include,1
splinep,1
mobius,1
szmap,1
cmt,1
antennafieldlib,1
polarimetry,1
visibilities,1
im_process,1
relay_config,1
parse_rspctl,1
parse_tbbctl,1
stnstatmon_config,1
lofarstation,1
group_fs,1
group_lasso,1
simulation_lasso,1
sparse_learning,1
parselog,1
drivecasa,1
getdata_alta,1
start_pipeline,1
bdsf,1
apergest,1
ruamel_yaml,1
pvlib,1
acml.h,1
mkl_types.h,1
mkl_blas.h,1
mkl_lapack.h,1
pygtk,1
tomorecon,1
punwrap,1
images2gif,1
geovector.h,1
scenodes.h,1
commondata.h,1
configparser.h,1
resanalysishelper.h,1
simulationdomaingpu.h,1
"+this.viewer.data.uniprotid),g+=",1
+r.note+,1
 + range1.note + ,1
" + this.viewer.data.uniprotid;
        }

        html += ",1
" + url);
        that.setdata(json);
        $(that.parent).svg();
        var svg = that.getsvgwrapper();
        that.drawinitial(svg);
        that.updatescale();
        that.repaint();

      });
      this.registerevents();
    };



    viewer.prototype.registerevents = function() {

      var that = this;
      $(this.parent).bind(",1
imessage,1
navierstokes,1
atomiclines.h,1
hydrogenpartfunc.h,1
lorentzhydrogen.h,1
lorentztopbase.h,1
chineq.h,1
fielddata.h,1
lblrtesolution.h,1
lineofsight.h,1
molecularelecpartfunc.h,1
molecularpartfunc.h,1
qssatoms.h,1
rtesolution.h,1
snbatomicsystem.h,1
snbco2system.h,1
snbcontinuumsystem.h,1
snbdiatomicsystem.h,1
tecxxx.h,1
create_mg5_dirs.sh,1
ordered_map.h,1
ordered_hash.h,1
myprocesses,1
from_cm,1
from_cmdm,1
logunbalanced,1
fanfiction,1
ffutils,1
register.h,1
iheatmapr,1
shinyjqui,1
dose,1
shortest_path,1
betweenness_centrality,1
link_formation_analysis,1
kronecker,1
mutual_information,1
kazoo,1
associate,1
asdb_jobs,1
search_parser,1
clusters,1
genes,1
domains,1
available,1
lowrankapproximation,1
maximisationapproach,1
hitsalg,1
hitsmk2,1
hitsmk2nonvect,1
otherapproaches,1
graphtoolhelper,1
scene,1
render,1
pykdtree,1
quickview,1
makehsv,1
qtltools,1
train_text_classifier,1
args_of_text_classifier,1
triggers,1
pybigwig,1
viewparams,1
mapmatcher,1
config_template,1
nolearn,1
cudnn.h,1
gaul.h,1
$progdir,1
masses,1
spamc.h,1
atrous,1
"""$config_file""",1
svglib,1
hgu133a.db,1
io.github.abelgomez.ps.psfactory,1
org.eclipse.uml2.types.typespackage,1
org.eclipse.uml2.uml.umlpackage,1
resnet20,1
resnet32,1
resnet44,1
resnet56,1
resnet110,1
resnet1202,1
web-resource-inliner,1
node:zlib,1
html-minifier-terser,1
channelsettings.h,1
aht10.h,1
esp_err.h,1
arduinofft.h,1
dsps_fft2r.h,1
dsps_wind_blackman_harris.h,1
dsps_wind_flat_top.h,1
audio_source.h,1
umbattery.h,1
bh1750.h,1
bsec.h,1
dht_nonblocking.h,1
tfts.h,1
fs.h,1
chipselect.h,1
dallastemperature.h,1
ping.h,1
ina226_we.h,1
ld2410.h,1
adafruit_max1704x.h,1
i2cdev.h,1
mpu6050_6axis_motionapps20.h,1
my92xx.h,1
led_effects.h,1
tft_menu.h,1
roll_info.h,1
u8g2lib.h,1
esprotary.h,1
sd_mmc.h,1
sd.h,1
adafruit_bmp280.h,1
tetrisaigame.h,1
tetrisai.h,1
animartrix.h,1
4ld_wled_fonts.h,1
usermod_v2_httppulllightcontrol.h,1
rcswitch.h,1
vl53l0x.h,1
wireguard-esp32.h,1
core_esp8266_waveform.h,1
bus_wrapper.h,1
esp32-hub75-matrixpanel-i2s-dma.h,1
esp32-virtualmatrixpanel-i2s-dma.h,1
neopixelbus.h,1
neoesp32rmthimethod.h,1
" + sour;
	gid(",1
rdm,1
esp_dmx.h,1
dynarray.h,1
esp_spiffs.h,1
gifdecoder.h,1
ir_codes.h,1
esp_app_format.h,1
esp_flash.h,1
uzlib.h,1
updater.h,1
esp_rtc_time.h,1
esp32,1
esp_adc_cal.h,1
esp_efuse_rtc_table.h,1
esp_efuse_rtc_calib.h,1
arduinoota.h,1
esp_hostedota.h,1
wpa2_enterprise.h,1
esp8266mdns.h,1
espasynctcp.h,1
eth.h,1
esp_wifi.h,1
asynctcp.h,1
esp_task_wdt.h,1
dnsserver.h,1
spiffseditor.h,1
asyncmqttclient.h,1
wled_espnow.h,1
irremoteesp8266.h,1
irrecv.h,1
irutils.h,1
html_ui.h,1
html_settings.h,1
html_other.h,1
js_iro.h,1
js_omggif.h,1
html_pixart.h,1
html_pxmagic.h,1
html_pixelforge.h,1
html_cpal.h,1
html_edit.h,1
maigespack,1
semanticsearch,1
filename_templates,1
deserialize.h,1
string_utils.h,1
libkmod.h,1
monks-viewer.h,1
ncurses.h,1
unistd_32.h,1
max_syscalls.h,1
hautomata,1
cltk,1
transducer,1
greek_accentuation,1
hfst,1
approxndcg,1
binary_listnet,1
lambdaloss,1
listmle,1
listnet,1
neuralndcg,1
ordinal,1
pointwise,1
ranknet,1
bce,1
r_django_essentials,1
social_django,1
redirect_old_urls,1
debug_toolbar,1
helpers_views,1
feedparser,1
node-polyglot,1
is-string,1
es-array-method-boxes-properly,1
object-keys,1
has-property-descriptors,1
object-inspect,1
safe-regex-test,1
es-to-primitive,1
is-date-object,1
is-symbol,1
has-proto,1
array.prototype.foreach,1
object.entries,1
warning,1
is-regex,1
bigint,1
lti_serializers,1
urls,1
sis,1
icalendar,1
pdf,1
submission_forms,1
submission_sheet,1
aggregate_sheet,1
aggregate_points,1
custom_serializers,1
reveal_models,1
exercise_page,1
no_ex,1
async_views,1
exercisecollection_models,1
oauth_nonce_cache,1
authentication,1
lti,1
lti1p3,1
django_settingsdict,1
faker,1
wimconn,1
str.rna.mle,1
detectanddescribe,1
featureindexer,1
bovwindexer,1
bagofvisualwords,1
sortedcolormontage,1
colorhistogram,1
dominantcolor,1
mplstereonet,1
uninterp,1
wide_resnet,1
auto_augment,1
gammaparams.h,1
convexhull.h,1
scopedcurrenttest.h,1
model_unconfined_seepage_1d,1
model_linear_flux_head_1d,1
model_linear_head_head_1d,1
model_linear_materials_parallel_1d,1
model_linear_materials_serial_1d,1
model_hantush_anisotropic_2d,1
model_theis_isotropic_1d,1
$config_file,1
updatespec_210to211,1
pylagrit,1
${moduleshome},1
loadfile,1
cpplint,1
cover,1
exoplanet_core,1
pymc_ext,1
twobody,1
samples_helpers,1
algoliasearch,1
ecosimr,1
count_min_sketch.hpp,1
metaarray,1
heliopy,1
data_export_sql,1
usb_serial.h,1
uartclass.h,1
arduinohardware.h,1
esp8266hardware.h,1
interpolator.h,1
skeleton3d.h,1
convolver.h,1
mex.hpp,1
mexadapter.hpp,1
pith.h,1
coordinate.h,1
slicezoomer.h,1
qwt_polar_curve.h,1
qwt_series_data.h,1
split,1
pumpify,1
ieee754,1
pump,1
duplexify,1
through,1
xtend,1
car_models,1
pointrender.h,1
freeimage.h,1
aiida_registry,1
anmmm,1
gen_syn,1
fastecm.h,1
nifti,1
adafruit_lsm9ds0.h,1
msssim,1
example_drawings.hpp,1
sacrebleu,1
moverscore_v2,1
mosestokenizer,1
mt_utils,1
_py3_var,1
_py2_var,1
zmq_decor,1
flask_compress,1
flask_json,1
bert_serving,1
influence,1
bctool,1
process_read,1
unified_data,1
statistic,1
request.h,1
lib_services_u.h,1
workqueue.h,1
ocalls.h,1
direct_t.h,1
direct_u.h,1
simplehashmap.h,1
microbenchmarks,1
enclave_test_u.h,1
enclave_test_t.h,1
stlport,1
stlport\vector,1
swaputils.h,1
sgx_spinlock.h,1
multiassayexperiment,1
withr,1
svrtset,1
th,1
svrt.h,1
svrt_generator.h,1
gff_lib,1
agp_lib,1
${lsd_runtime_dir},1
data_manager,1
firebase_manager,1
pyquery,1
object-assign,1
reactproptypes,1
pycircos,1
hash,1
download_references,1
outdir,1
multiplexed,1
check_contamination,1
ont_polishing,1
illumina_polishing,1
evaluate_assembly,1
plasmids,1
compare_to_ref,1
visualizations,1
mdutils,1
si_prefix,1
dna_features_viewer,1
easy_string.h,1
easy_socket.h,1
easy_mem_pool.h,1
chilkat,1
sed,1
inih,1
marisa_trie,1
dictionaries,1
naming,1
assets,1
process_plates,1
storage_templates,1
uniformityfiltmex.h,1
iptutil_cpp.h,1
randnumgencr1-d.h,1
individualcr1-d.h,1
individualcrp-roundprob.h,1
pcfg,1
inside,1
uniformsampler,1
adafruit_ina260.h,1
adafruit_i2cregister.h,1
mediatype,1
pagetracker,1
udp,1
packetdispatcher,1
flowbuilder,1
rngload,1
bpy_extras,1
plotluck,1
arcdiagram,1
laurae,1
blockmodeling,1
skmeans,1
qualv,1
rstackdeque,1
unittest1,1
nope.h,1
nope_interface.c,1
extra.h,1
base_matrices.h,1
triplet.h,1
factor.h,1
cutest_variables,1
node_embedding_attack,1
semplot,1
fixing_issues,1
versions,1
data_extractor,1
_functools,1
grunt-template-jasmine-istanbul,1
openturns,1
createphi.h,1
pmapviewer,1
prob2line,1
"""\$s",1
"""$s",1
"""$redoconf",1
hfc,1
cml_config.h,1
ssd1306,1
selectinwindow,1
rle-wavelet.hpp,1
rrr-bit-vector.hpp,1
ilcp-count.hpp,1
brute-count.hpp,1
sada-count.hpp,1
sada-sparse-count.hpp,1
rle-ilcp-count.hpp,1
rle-bit-vector.hpp,1
delta-bit-vector.hpp,1
rle-delta-vector.hpp,1
light-server,1
lossfunctions,1
segnet,1
resnet6,1
_hybrid_comm,1
cvars,1
getpot,1
tinyxml2.h,1
class_handle.hpp,1
npm,1
appjs,1
ileapp,1
ccl_bplist,1
pgpy,1
mdplist,1
typedstream,1
ccl_segb,1
pyasn1,1
astc_decomp_faster,1
gsa,1
sequenza,1
normative_model,1
zdiff_score,1
zgain_score,1
ham_swig,1
mvnfast,1
rdatamarket,1
genbank,1
commons.sh,1
ssl.sh,1
get_thermal,1
raw_temp_to_celcius,1
easydev,1
contour_intersection,1
osg,1
osgdb,1
fgjsbbase.h,1
input_output,1
pyquad,1
integrand.h,1
build_configs,1
aliases,1
call,1
run_components,1
markup,1
fast_downward,1
txt2tags,1
$envdir,1
"""$envdir",1
hopfield_net,1
coloring.h,1
hopfieldnet.h,1
arghandle.h,1
backend_kivyagg,1
felion_definitions,1
plotwidgets,1
ratesliders,1
savedata,1
felion_baseline_old,1
voigt,1
generatenshapedprofile,1
gulp-qunit,1
gulp-if,1
pybloomfilter,1
inner_maximizers,1
blindspot_coverage,1
losswise,1
bbvi_base,1
control_variate_grads,1
qdaptools,1
django_heroku,1
isal,1
inputparser,1
pitchdistribution,1
pitchfilter,1
appkit,1
objc,1
ngraph.tobinary,1
ngraph.offline.layout,1
gulp-clang-format,1
clang-format,1
gulp-tslint,1
connect-livereload,1
tiny-lr,1
biostructmap,1
pdbtools,1
map_functions,1
gentests,1
aragon_bulk_budget_loader,1
budget_loader,1
simple_budget_loader,1
glossary_loader,1
stat_loader,1
entity_loader,1
payments_loader,1
budget,1
budget_item,1
budget_breakdown,1
glossary_term,1
inflation_stat,1
population_stat,1
payment,1
politicas,1
budgets,1
towns,1
tax_receipt,1
terms,1
reuse,1
welcome,1
payments,1
aragon_budget_loader,1
broccoli_ontology_txt_to_nt,1
anomaly_detector,1
max_aggregator,1
mean_aggregator,1
median_aggregator,1
min_aggregator,1
local_context,1
novelty_context,1
trivial_context,1
semisupervised_context,1
continuous_distances,1
discrete_distances,1
sliding_window,1
sax,1
dft,1
dwt,1
paa,1
modshapeanalysis,1
modanalysisdata,1
quadcopter,1
curve_fitting.h,1
random_tensor,1
optim_utils,1
cp_als,1
mcp_als,1
ncp_hals,1
ncp_bcd,1
rgithubclient,1
seekpath,1
hdeconometrics,1
causalimpact,1
rdonlp2,1
rsolnp,1
html5lib,1
combine_snptoolkit,1
small_vector.hpp,1
argument_parser.hpp,1
bloomfilter.h,1
bloomfilterfiller.hpp,1
kmerbuilder.hpp,1
fastasplitter.hpp,1
fastqsplitter.hpp,1
readanalyzer.hpp,1
readoutput.hpp,1
cube_array,1
cube_abc,1
move,1
cfop,1
cross,1
f2l,1
oll,1
pll,1
@electron-forge,1
@electron,1
adaptfilt,1
_ppca,1
start_wofost,1
parameter_providers,1
weather,1
config_loader,1
lingra_ndynamics,1
n_stress,1
n_demand_uptake,1
n_dynamics,1
cabo_reader,1
cabo_weather,1
pcsefilereader,1
excelweatherdataprovider,1
csvweatherdataprovider,1
yaml_agro_loader,1
yaml_cropdataprovider,1
openmeteo,1
sitedataproviders,1
soildataproviders,1
lintul3soil,1
soil_profile,1
dotmap,1
dbpn_iterative,1
discriminator,1
mixer,1
pix2pix_model,1
desc,1
geometryattribute,1
shapeattribute,1
anyset,1
debugpy,1
pyseq,1
shapefileshelper,1
shapeviewerhelper,1
mapreduce.h,1
keyvalue.h,1
gjrm,1
pesq,1
pystoi,1
timezone_field,1
annoying,1
rollup-plugin-visualizer,1
praw,1
praw_mocks,1
imfcompression.h,1
imftestfile.h,1
testendofline.h,1
testparser.h,1
testcppcall.h,1
testhugeinit.h,1
testvaryingreturn.h,1
testvaryinglookup.h,1
testexamples.h,1
iexbaseexc.h,1
ctltypestorage.h,1
halflimits.h,1
testgaussrec.h,1
testaffinerec.h,1
testsourcedestination.h,1
testtypes.h,1
imfboxattribute.h,1
imfchromaticitiesattribute.h,1
imfdoubleattribute.h,1
imfintattribute.h,1
imfmatrixattribute.h,1
truncatednormal,1
stantools,1
robuststats,1
pyrallaxes,1
instrset.h,1
vectori128.h,1
vectorf128.h,1
vectori256.h,1
vectori256e.h,1
vectorf256.h,1
vectorf256e.h,1
vectorf512.h,1
vectorf512e.h,1
vectori512s.h,1
vectori512se.h,1
vector_convert.h,1
vectorfp16e.h,1
vectormath_exp.h,1
ogt_vox.h,1
blosc.h,1
metamap.h,1
compression.h,1
griddescriptor.h,1
simd,1
mat4.h,1
bbox.h,1
stencils.h,1
points,1
pointmove.h,1
pointstatistics.h,1
pytypecasters.h,1
pyaccessor.h,1
dense.h,1
nodevisitor.h,1
activate.h,1
pointindexgrid.h,1
gridoperators.h,1
poissonsolver.h,1
pointscatter.h,1
nodeunion.h,1
leafbuffer.h,1
leafnodebool.h,1
leafnodemask.h,1
internalnode.h,1
valueaccessor.h,1
formats.h,1
visitor.h,1
constantfolding.h,1
compileroptions.h,1
tiny_gltf.h,1
shrinkwrap.h,1
obj,1
gt,1
gu_detail.h,1
gu_detailhandle.h,1
gu_packedcontext.h,1
gu_packedfragment.h,1
gu_packedgeometry.h,1
gu_primpacked.h,1
hou,1
ut_vdbutils.h,1
imx,1
geo_primvdb.h,1
houdini_utils,1
sop_vdbverbutils.h,1
gop,1
openvdbdata.h,1
ltemplatecompilersetup.h,1
mathlink.h,1
wolframlibrary.h,1
wolframsparselibrary.h,1
wolframimagelibrary.h,1
wolframrawarraylibrary.h,1
wolframnumericarraylibrary.h,1
gluetensors.h,1
interpolation_k2,1
xaslib,1
xaesa_exafs_class,1
xaesa_xes_class,1
xaesa_settings,1
xaesa_viewer,1
xaesa_rxes,1
modified_widgets,1
tooltiptexts,1
xaesa_deglitch,1
xaesa_fit,1
xaesa_rdf,1
xaesa_lincombination,1
xaesa_pca,1
writexls,1
ffi-napi,1
ref-napi,1
vosk_cffi,1
websockets,1
get_juelich_setup,1
sshtunnel,1
scintilla.h,1
notepad_plus_msgs.h,1
ui_int.h,1
from,1
rt_oseventobserver.h,1
uvisor_exports.h,1
uvisor,1
uvisor-lib,1
mpu_kinetis.h,1
page_allocator_config.h,1
svc_v7m.h,1
svc_v8m.h,1
virq.h,1
svc.h,1
uvisor-config.h,1
core_generic.h,1
tfp_printf.h,1
iot-error.h,1
linker.h,1
vmpu_unpriv_access.h,1
tigger,1
mousetrap,1
wavegan,1
bias_input,1
bias_model,1
tpu_input,1
tpu_model,1
sobol_seq,1
qrng,1
cnfg,1
timeomics,1
turboparserinterface.h,1
taggerpipe.h,1
entitypipe.h,1
dependencypipe.h,1
semanticpipe.h,1
coreferencepipe.h,1
morphologicalpipe.h,1
nlp_document,1
nlp_sentence,1
spanish_contractions,1
italian_contractions,1
french_contractions,1
portuguese_contractions,1
german_contractions,1
english_contractions,1
rcppeigen.h,1
org.rn.eg.db,1
rattus.norvegicus,1
rhipe,1
calculator,1
aimnet,1
fio.h,1
xio_kernel.h,1
xio_user.h,1
xio_predefs.h,1
mswsock.h,1
umx,1
munsell,1
vlitedram_core.h,1
litedram,1
elf_common.h,1
sdram.h,1
elf64.h,1
vunit,1
urjtag,1
vtoplevel.h,1
verilated.h,1
statusdefs.h,1
listdefs.h,1
ntrtl.h,1
nturtl.h,1
ntos.h,1
zwapi.h,1
wow64t.h,1
wow64.h,1
arccodes.h,1
ntddkbd.h,1
ntddmou.h,1
devioctl.h,1
supdefs.h,1
wdbgexts.h,1
pshpack4.h,1
sea.h,1
dump.h,1
shark.h,1
assocplots,1
func_extract_race_white,1
func_extract_ceu,1
l2_attack,1
bookdown,1
mitools,1
srvyr,1
prngfactory.h,1
python2.7,1
flask_selfdoc,1
dbontology,1
dbannotations,1
seq_flask,1
exp_flask,1
users_flask,1
docs_flask,1
dbstats_flask,1
annotation_flask,1
ontology_flask,1
 + selectedversion + ,1
"+a),
j;}}else if(i(a))try{b.push(k.invoke(a))}catch(i){throw i.message&&(i.message+=",1
"+a),i;}else if(c(a))try{b.push(k.invoke(a))}catch(l){throw l.message&&(l.message+=",1
"+string(a[a.length-1])),l;}else va(a,",1
matchdep,1
rculr,1
rnaseqwrapper,1
thc,1
amp_c,1
table_batched_embeddings_ops,1
pysaliencymap,1
pysaliencymapdefs,1
lgssm,1
pf,1
matrices,1
covariance,1
probweight,1
aes_enc.c,1
aes_dec.c,1
aes_key.c,1
aes_func.c,1
bf_skey.c,1
bf_cfb64.c,1
bf_enc.c,1
lpc.c,1
add.c,1
init.h,1
marker.c,1
chenidct.c,1
decode.c,1
huffman.c,1
jfif_read.c,1
jpeg2bmp.c,1
imem.h,1
mpeg2dec.h,1
getbits.c,1
getvlc.h,1
getvlc.c,1
motion.c,1
fixme.h,1
quicksortstdlib.h,1
anagram_ctype.h,1
audiobeam.h,1
audiobeamlibmath.h,1
epic.h,1
gsm.h,1
add.h,1
h264_dec.h,1
wccfile.h,1
list_multiply.h,1
matmul_hw_urem_6nfyi.h,1
matmul_hw_urem_7nfyi.h,1
matmul_hw_fadd_32eog.h,1
matmul_hw_fmul_32fyi.h,1
matmul_hw_urem_4nhbi.h,1
matmul_hw_fadd_32ibs.h,1
matmul_hw_fmul_32jbc.h,1
matmul_hw_mux_42_kbm.h,1
matmul_hw_mux_42_bkb.h,1
matmul_hw_urem_6ndee.h,1
matmul_hw_urem_7ndee.h,1
matmul_hw_urem_4nfyi.h,1
matmul_hw_mul_32shbi.h,1
filterbank_core_hg8j.h,1
filterbank_core_heog.h,1
filterbank_core_hwa.h,1
fir2dim_hwa_fadd_bkb.h,1
fir2dim_hwa_fmul_cud.h,1
fir2dim_hwa_mul_3bkb.h,1
adpcm_main_mux_42eog_x.h,1
adpcm_main_delay_ibs.h,1
adpcm_main_delay_mb6.h,1
adpcm_main_tqmf.h,1
adpcm_main_accumc.h,1
adpcm_main_h.h,1
adpcm_main_qq4_coqck.h,1
adpcm_main_qq6_corcu.h,1
acmp_mul_su.h,1
adpcm_main_mux_42eog.h,1
logscl_wl_code_tadee.h,1
adpcm_main_mul_32hbi.h,1
quantl_decis_levl.h,1
quantl_quant26bt_fyi.h,1
quantl_quant26bt_g8j.h,1
scalel_ilb_table.h,1
stb_rect_pack.h,1
stb_textedit.h,1
memc.h,1
dpn,1
preact_resnet,1
fet.c,1
gatk_likes.h,1
bam_likes.h,1
compute.c,1
saf_convert.h,1
realsfs.h,1
realsfs_saf2.cpp,1
keep.hpp,1
rbeta.cpp,1
stats.cpp,1
bammer_main.h,1
squarem,1
analyze,1
export_pickled_figure,1
reinit_folder,1
calculate,1
com.hazelcast.core.,1
com.hazelcast.config.,1
flanagan.analysis.,1
flanagan.circuits.,1
flanagan.complex.,1
flanagan.control.,1
flanagan.integration.,1
flanagan.interpolation.,1
flanagan.io.,1
flanagan.math.,1
flanagan.optics.,1
flanagan.physchem.,1
flanagan.physprop.,1
flanagan.plot.,1
flanagan.roots.,1
flanagan.util.,1
tabled_trie,1
ssf_env,1
_spacefortress,1
atari_py,1
read_conll,1
read_morph,1
treetagger,1
parse_test,1
read_gold,1
freeling,1
traindoc2vec,1
$extlib_import_defs_file,1
$coverity_settings_file,1
$sonar_settings_file,1
gridsimple,1
listctrl,1
scrolledwindow,1
js-aspect,1
compactr,1
forceatlas2,1
dbutils,1
dbcreator,1
canvassequence,1
canvasposition,1
productinfo,1
semanticlayout,1
createinput,1
createnetwork,1
allel,1
nbind,1
lvae_layers,1
schifra_reed_solomon_codec_validator.hpp,1
schifra_fileio.hpp,1
schifra_reed_solomon_general_codec.hpp,1
schifra_reed_solomon_product_code.hpp,1
schifra_reed_solomon_speed_evaluator.hpp,1
javax.xml.xpath.xpath,1
javax.xml.xpath.xpathconstants,1
javax.xml.xpath.xpathexpressionexception,1
javax.xml.xpath.xpathfactory,1
org.apache.commons.io.fileutils,1
org.apache.jena.ontology.ontclass,1
org.apache.jena.ontology.ontmodel,1
org.apache.jena.util.filemanager,1
org.apache.jena.util.iterator.extendediterator,1
pyradar,1
deepfakemask,1
generate_crossref_doi_metadata,1
tika,1
ingest_aclpub2,1
repair_url,1
create_hugo_data,1
iso639,1
ingest_mtarchive,1
latexcodec,1
fetch_orcid_names,1
bibtex,1
tex_unicode,1
add_revision,1
vimeo,1
vimeo_apikeys,1
eventindex,1
langcodes,1
markuptext,1
stopwords,1
trace_dump_internal.hpp,1
pickle.hpp,1
trace_ostream.hpp,1
dxgi1_6.h,1
ft_dependecyobject.hpp,1
ft_matrixstate.hpp,1
ft_tracecall.hpp,1
adaptivedoublespinbox.h,1
qsysinfo,1
guids.hpp,1
qstringbuilder,1
qabstractitemmodel,1
ui_argumentseditor.h,1
frameaxiswidget.h,1
graphwidget.h,1
graphlabelwidget.h,1
heatmapverticalaxiswidget.h,1
histogramview.h,1
timeaxiswidget.h,1
ui_imageviewer.h,1
ui_jumpwidget.h,1
ui_retracerdialog.h,1
ui_profilereplaydialog.h,1
qclipboard.h,1
qpainter.h,1
qmenu.h,1
qwidget.h,1
profileheatmap.h,1
ui_profiledialog.h,1
qkeysequence,1
ui_searchwidget.h,1
ui_shaderssourcewidget.h,1
ui_tracedialog.h,1
glimports.hpp,1
glfeatures.hpp,1
dwmapi.h,1
d3d9on12.h,1
d3dretrace_d3d9on12.hpp,1
highlight.hpp,1
carbon,1
floating_point_conversion.hpp,1
metric_backend.hpp,1
mmap_allocator.hpp,1
os_crtdbg.hpp,1
threaded_snapshot.hpp,1
trace_dump.hpp,1
retracediff,1
dwrite,1
ddraw,1
d3dcaps,1
d3d10sdklayers,1
d3d11sdklayers,1
d3d8caps,1
d3d9caps,1
dcommon,1
d3d9,1
eglenum,1
c2api,1
wglenum,1
cfgmgr32.h,1
newdev.h,1
shaders\compiled\bc7encode_encodeblockcs.inc,1
shaders\compiled\bc7encode_trymode02cs.inc,1
shaders\compiled\bc7encode_trymode137cs.inc,1
shaders\compiled\bc7encode_trymode456cs.inc,1
shaders\compiled\bc6hencode_encodeblockcs.inc,1
shaders\compiled\bc6hencode_trymodeg10cs.inc,1
shaders\compiled\bc6hencode_trymodele10cs.inc,1
dxgiformat.h,1
ocidl.h,1
directxtex.inl,1
d3d10.h,1
dds.h,1
intsafe.h,1
shcore.h,1
windows.storage.streams.h,1
initguid.h,1
xnamathconvert.inl,1
xnamathvector.inl,1
xnamathmatrix.inl,1
xnamathmisc.inl,1
ddraw.h,1
dsound.h,1
dinput.h,1
dinputd.h,1
d3d10_1.h,1
d2derr.h,1
dwrite.h,1
d3d8types.h,1
d3d8caps.h,1
d3d9shader.hpp,1
d3dcommonshader.hpp,1
trace_writer_local.hpp,1
glmemshadow.hpp,1
gltrace_arrays.hpp,1
gltrace_unpack_compressed.hpp,1
memtrace.hpp,1
crc32c.hpp,1
range_place,1
interpreter,1
basic_sentence_and_template_generator,1
textual_similarity,1
bert_classifier,1
mittens,1
airml,1
gamlss,1
ineq,1
sjstats,1
server2,1
dotcall64,1
filesstrings,1
vtkkdtree.h,1
opsmodel.h,1
vtkidlist.h,1
splash.h,1
aiida_quantumespresso,1
chaos,1
mysite,1
embedviews,1
bookandmovieviews,1
pysqlite3,1
pathops,1
isosurfaces,1
svgelements,1
manimpango,1
pywavefront,1
av,1
pydub,1
rendercanvas,1
phenoscanner,1
bmat,1
archidart,1
webkit2png,1
_debug_info,1
d3r_gcpex_nc,1
edge_netcdf,1
gamic_hdf5,1
kazr_spectra,1
noxp_iphex_nc,1
odim_h5,1
radx,1
radx_grid,1
rainbow_wrl,1
rxm25,1
sinarame_h5,1
gamicfile,1
wradlib_bridge,1
radar,1
radar_spectra,1
wind_profile,1
dealias,1
despeckle,1
region_dealias,1
unwrap,1
glpk,1
_fast_edge_finder,1
_unwrap_1d,1
_unwrap_2d,1
_unwrap_3d,1
cmweather,1
convstrat_scheme_plot,1
gridmapdisplay,1
gridmapdisplay_basemap,1
max_cappi,1
radardisplay_airborne,1
radarmapdisplay,1
radarmapdisplay_basemap,1
arm_sonde,1
auto_read,1
grid_io,1
mdv_grid,1
output_to_geotiff,1
uf_write,1
nexrad_interpolate,1
nexrad_level2,1
nexrad_level3,1
gate_mapper,1
_gate_to_grid_map,1
_load_nn_field_data,1
ckdtree,1
advection,1
comp_z,1
gate_id,1
kdp_proc,1
spectra_calculations,1
vad,1
cfad,1
cappi,1
srv,1
_echo_class,1
_echo_class_wt,1
hildebrand_sekhon,1
radar_utils,1
sigmath,1
simulated_vel,1
xsect,1
keloid_skin_mesh_12000,1
keloid_skin_mesh_1300,1
keloid_skin_mesh_1300_optimized,1
keloid_skin_mesh_1900,1
keloid_skin_mesh_22000,1
keloid_skin_mesh_3000,1
keloid_skin_mesh_540,1
keloid_skin_mesh_6000,1
keloid_skin_mesh_830,1
keloid_skin_mesh_9000,1
keloid_skin_test_44000,1
main_h_p_convergence,1
main_h_p_convergence_inverse_identification,1
forward_fem_solver_mesh_ref,1
keloid_skin_fem_highly_nonlinear,1
keloid_skin_fem_weakly_nonlinear,1
suffixcactus.h,1
memory_utils.h,1
file_access.h,1
file_block.h,1
getreads.h,1
edit_dist.h,1
suffixfilter.h,1
evaluate.h,1
errorgraph.h,1
errorcorrect.h,1
suffixarray_induced.h,1
i_base,1
window_batch_iterator,1
base_simulator,1
bword2vec,1
histogram,1
buildenvironments,1
msmblocks,1
fbm,1
fbm_analysis,1
cloudvolume,1
voclabelcolormap,1
region_layer,1
yolo_layer,1
bn_lib,1
_bn_lib,1
lmdb_utils,1
phash.h,1
cntk_backend,1
_misc,1
gpmotors.h,1
goniophotometer.h,1
stepper.h,1
gpsensor.h,1
mcp342x.h,1
tsl2561.h,1
sylvan.h,1
cicython,1
overlapped_classes,1
build.common,1
doit,1
dunamai,1
lpbrim,1
shinylp,1
shinygridster,1
leml,1
cs.h,1
logits,1
st,1
at,1
fitnet,1
nst,1
pkt,1
fsp,1
ft,1
dml,1
kdsvd,1
rkd,1
ab,1
sobolev,1
bss,1
cc,1
lwm,1
irg,1
vid,1
ofd,1
afd,1
crd,1
log_parse,1
dropout_schedule,1
raw_model,1
basic_layers,1
tdnn,1
descriptor_parser,1
enc_dec,1
nf2.h,1
nf2util.h,1
reg_defines.h,1
reg_defines_packet_generator.h,1
libconfig.h,1
solar,1
my_functions,1
fypp_preprocessor,1
calc,1
checkpoint,1
pars,1
plotdiscoeq,1
white_space_word_tokenizer,1
tri_linear_attention,1
mecab,1
tensorrt,1
count_hooks,1
eval_ucf101,1
eval_kinetics,1
gaussianprocess,1
multioutputgp,1
multioutputgp_gpu,1
meanfunction,1
experimentaldesign,1
sequentialdesign,1
historymatching,1
dimensionreduction,1
libgpgpu,1
tslearn,1
mpld3_extra,1
data_builder,1
text_formatter,1
sgdcgo.h,1
jp.go.aist.risec.elgamal.,1
base_uuid_model,1
test_code,1
clinic,1
requisition,1
text_message,1
facs_result,1
meditech_result,1
manual_result,1
kannel_sendsms,1
component~emitter@1.1.2,1
timeout,1
sha2.h,1
swad_attendance_resource.h,1
swad_building_database.h,1
swad_file_extension.h,1
swad_file_mime.h,1
swad_indicator_database.h,1
swad_media_database.h,1
swad_form_type.h,1
swad_place_database.h,1
swad_project_resource.h,1
swad_question_import.h,1
swad_rubric_resource.h,1
swad_statistic_database.h,1
swad_survey_resource.h,1
swad_system_config.h,1
swad_timeline_comment.h,1
swad_zip.h,1
class_gp,1
mapplots,1
lingam,1
wellpathpy,1
las,1
quality,1
meta_predictor,1
gym_sepsis,1
rmixmod,1
samba_python,1
samba_py,1
${brc_samba},1
didewin,1
custom,1
pascal_context,1
lip,1
ade20k,1
pytumblr,1
deployment,1
edgeauth,1
v8.h,1
anovapower,1
$sw_dir,1
$freesurfer_home,1
expvar,1
rnn_util,1
hmcml,1
read_images,1
lfmm,1
cate,1
mlmm,1
ephysio,1
spells,1
penn,1
omicade4,1
sciviews,1
nci60example,1
ps.c,1
anal_params.h,1
heat_params.h,1
elec_interp.c,1
fftcmb.c,1
salib,1
socialiser,1
petridish,1
simulation_service,1
straxomatic,1
xebra_context,1
tiny_analysis,1
gen_spec_with_model.c,1
ghost_qualifier.c,1
permut.c,1
gmp,1
yoda,1
reading_lhe,1
lhereader,1
lhe_interface,1
standalone_reweight,1
pythia8plugins,1
cassper,1
scale_write_img,1
cass_scale,1
cpd_affine,1
cpd_rigid,1
cpd_nonrigid,1
gmpy2.h,1
mera,1
diversity,1
nru,1
accretion_efficiency.h,1
collision_classifier.h,1
orbital_hnr.h,1
collresolve,1
gp_deriv,1
solid_units,1
h5_viewer,1
forward_sim,1
afnumpy,1
ellipse_2d_cython,1
ellipse_2d_cython_new,1
lovaszsoftmax,1
deoptimr,1
genlasso,1
gcrma,1
hgu133plus2cdf,1
hgu133plus2probe,1
hgu133plus2.db,1
inverse,1
map_gl,1
bvar_nig_dpd,1
nile_icml18,1
no,1
per_example_flow,1
fclust,1
focusedmds,1
chain,1
tcpreplay_api.h,1
windows-config.h,1
ndir.h,1
choke-me: no vprintf and no snprintf,1
must-have-stdarg-or-varargs,1
gettext.h,1
autoopts.h,1
proto.h,1
parse-duration.c,1
ao-strs.c,1
option-value-type.c,1
option-xat-attribute.c,1
save-flags.c,1
autoopts.c,1
alias.c,1
boolean.c,1
check.c,1
configfile.c,1
cook.c,1
enum.c,1
env.c,1
file.c,1
find.c,1
genshell.c,1
load.c,1
makeshell.c,1
nested.c,1
numeric.c,1
pgusage.c,1
putshell.c,1
reset.c,1
restore.c,1
save.c,1
sort.c,1
stack.c,1
streqvcmp.c,1
text_mmap.c,1
time.c,1
tokenize.c,1
usage.c,1
version.c,1
init.c,1
parse-duration.h,1
intprops.h,1
adafruit_bme680.h,1
bme68x_defs.h,1
sha3,1
fuzzy_aggregation,1
automaticreportgenerator,1
fuzzyclusternamer,1
cluster_labeling,1
cfgmanager,1
fuzzytemplates,1
grammarguidedhedgebuilder,1
hedgeapplier,1
torchkbnufft,1
exputil,1
pyinstaller,1
partseg,1
update_checker,1
hurry,1
strsimpy,1
react-intl,1
@mui,1
webpack-livereload-plugin,1
inflate.js,1
concat-files,1
crypto-js,1
mcfa,1
pitas,1
bundlebuilder,1
mplwidget,1
mainwindow,1
modeldata,1
sysdep.h,1
bit_ops.h,1
opa_debug.h,1
hfi_user.h,1
opa_revision.h,1
psm_hal_gen1,1
psm2_hal_inlines_d.h,1
psm2_hal_inlines_i.h,1
hfi1_deprecated_gen1.h,1
psm2_hal_inline_t.h,1
psm_hal_inline_i.h,1
psm_hal_gen1.h,1
psm_hal_gen1_spio.c,1
psm_sysbuf.h,1
mpspawn_stats.h,1
numa.h,1
opa_queue.h,1
psm_perf.h,1
psm_help.h,1
psm_error.h,1
psm_context.h,1
psm_utils.h,1
psm_timer.h,1
psm_mpool.h,1
psm_ep.h,1
psm_lock.h,1
psm_stats.h,1
driver_types.h,1
ptl_self,1
ptl_am,1
am_config.h,1
ips_config.h,1
ips_proto_am.h,1
ips_path_rec.h,1
ips_tidcache.h,1
ips_stats.h,1
ips_subcontext.h,1
sparse_autoencoder,1
sparse_layer,1
retrieval_test,1
tfl_venv,1
singularity,1
${venv},1
websummary,1
submit,1
custom_ops,1
tsv,1
image_level,1
patch_level,1
slice_level,1
train_singlecnn,1
train_multicnn,1
train_autoencoder,1
shap,1
nndb_constants.h,1
interval_tree.h,1
rna_polytope.h,1
bbpolytope.h,1
train_dynamics,1
acado_optimal_control.hpp,1
acado_toolkit.hpp,1
acado,1
filereader.cpp,1
tableone,1
lcnhm_functions,1
lcnhm_configurationfile,1
phantomjs,1
is-arguments,1
ppitools,1
mcmcranking,1
algobase,1
vectorize,1
std_out_err_redirect_tqdm,1
importance_mask,1
img_vae,1
image_vae,1
liteflownet,1
pixel_shuffle,1
eval_flow,1
dense_flow,1
flow_loss,1
lite_flow_net,1
matching,1
subpixel,1
regularization,1
pixel_shuffle_3d,1
pixel_shuffle_2d,1
image_dataloaders,1
video_dataloaders,1
video_codec_dataset,1
video_networks,1
image_networks,1
flow_tools,1
motion_estimate,1
bf_decoder,1
if_feat_x2,1
pf_decoder,1
video_decoder,1
m_cond,1
ms_video_enc,1
ufo2ft,1
ufolib2,1
pcpp,1
sfdlib,1
bleu,1
speaker,1
hyb,1
repetitive_collections.h,1
selfgrammarindexbsq.h,1
selfgrammarindexpts.h,1
simple_grid.h,1
bp_tree.h,1
dfuds_tree.h,1
compact_patricia_tree.h,1
sampled_patrica_tree.h,1
compact_trie.h,1
hsi_parser_lz77,1
repair,1
repair.h,1
hutucker2.h,1
binarynode.h,1
deltacodes.h,1
libapexarinc653jni.h,1
hello_cmd,1
nadam_optim,1
gganimate,1
.travis-opam.sh,1
.travis-ocaml.sh,1
vtk_ext,1
pyto,1
pyseg,1
plist,1
klass,1
";
	var constraintstext = ",1
a,1
cld2full,1
cld2,1
offsetmap.h,1
compact_lang_det_impl.h,1
getonescriptspan.h,1
stringpiece.h,1
_pycld2,1
pbauto_usdn,1
keras2caffe,1
varseltbic,1
entityasm,1
context_finder,1
load_audit_data,1
neuralnetwork,1
disparate_impact,1
consistency_graph,1
svm_modelfactory,1
j48_modelfactory,1
tensorflowmodelfactory,1
abstractmodelfactory,1
abstractmodelvisitor,1
abstractrepairer,1
categoricrepairer,1
numericrepairer,1
run_utilities,1
deg_of_freedom,1
get_parameters,1
driller,1
extender,1
grease_callback,1
shellphish_afl,1
afl_multicb,1
witcherafl,1
afl_ijon,1
afl_plusplus,1
melissa,1
rd_james_dncomp_pergroup.h,1
rd_james_comp2.h,1
rd_james_dncomp_dual.h,1
pbr,1
sm,1
pyre,1
profiler,1
notifier,1
sequentialannealing,1
cudaannealing,1
threadedannealing,1
mpiannealing,1
unitgaussian,1
cdm,1
libcdm,1
emhp,1
mogi,1
reverso,1
libreverso,1
pow_generated.c,1
rank_generated.c,1
sprintf_generated.c,1
 + link.data_offset + ,1
 + url + ,1
wikifile,1
nmf_algs,1
mrnmf,1
coco.h,1
ascent,1
conduit,1
nbmpi,1
mcts,1
adjust,1
con_src_tar,1
build_all_d_distributions,1
start,1
mongodb_data_model,1
pandas_data_model,1
dict_data_model,1
nio,1
connection_set,1
f_rate_t_by_type_functions,1
oscillations,1
perturber_utils,1
perturber,1
tasic2018analysis,1
tokenization_openai,1
tokenization_transfo_xl,1
tokenization_gpt2,1
modeling_openai,1
modeling_transfo_xl,1
modeling_gpt2,1
optimization_openai,1
convert_openai_checkpoint_to_pytorch,1
convert_transfo_xl_checkpoint_to_pytorch,1
convert_gpt2_checkpoint_to_pytorch,1
modeling_transfo_xl_utilities,1
cmrc2018_evaluate,1
distiller_emd,1
pma,1
inline-worker,1
nbcomet_diff,1
nbcomet_sqlite,1
nbcomet_dir,1
nbcomet_viewer,1
decoder_config,1
$kaldi_dir,1
ff_functions,1
"""$thisdir",1
pudb,1
mm_learning,1
mm_loader,1
disc_learning,1
recorders,1
weight_gen,1
records_loader,1
datastore_loader,1
run_configs,1
fixed_time_sampler,1
simple_discriminator,1
clib,1
serializations,1
sign_change,1
theanoutils,1
graphblas,1
libgdsii.h,1
pympb.hpp,1
mpb,1
mpb_tri_rods,1
mpb_diamond,1
dicom_anonymizer_frame,1
idmapper,1
welcome_frame,1
sx1272_loraradio.h,1
sx1276_loraradio.h,1
sx126x_loraradio.h,1
stm32wl_loraradio.h,1
dummysensor.h,1
trace_helper.h,1
lora_radio_helper.h,1
mbed_trace.h,1
highgui.h,1
tinymatwriter.h,1
driverforgraphclustering_edited.hpp,1
utilitystringtokenizer.hpp,1
metis.h,1
sfmdata.h,1
itoa.h,1
biginteger.h,1
pow10.h,1
allocators.h,1
pointer.h,1
encodings.h,1
brircereal.h,1
brirfactory.h,1
hrtfcereal.h,1
hrtffactory.h,1
ildcereal.h,1
delay.h,1
fprocessor.h,1
errorhandler.h,1
fftsg.h,1
room.h,1
gghighlight,1
range,1
_frb,1
cosmologies,1
pygedm,1
jtools,1
kutilities,1
alcscript,1
tmaptools,1
blurpool,1
zeroconf,1
flask_talisman,1
ftmstore,1
frontmatter,1
followthemoney_compare,1
apispec,1
apispec_webframeworks,1
objgraph,1
investigations,1
@blueprintjs,1
http3_client,1
finitefield,1
modp,1
euclidean,1
rollup-stream,1
karma-jasmine-ajax,1
emojis,1
gibbs_lda_cython,1
rbm,1
bayes_logistic,1
bayes_linear,1
fast_rvm,1
vrvm,1
memdump.h,1
soundecology,1
@angular-eslint,1
eslint-plugin-import,1
node:dns,1
karma-safarinative-launcher,1
ts-transformer-keys,1
jasmine,1
reflect-metadata,1
lmtest,1
mts,1
skip_model,1
audio_io,1
data_tools,1
cleanfid,1
fused,1
upfirdn2d_op,1
non_leaking,1
gif,1
cn.mops,1
scenario1,1
finite_sum.h,1
lll_reduce.h,1
permutations,1
pyngbem_common,1
blockmatrix,1
pyngbem,1
fiber,1
ng_trace_shapeset.hpp,1
python_ngstd.hpp,1
comp.hpp,1
ipumsr,1
open_tx,1
smart_gas_lm,1
paralleldist,1
datfiles,1
vtkfiles,1
ionisation,1
physical_constants,1
amrvac_plotter,1
amrvac_reader,1
datfile_utilities,1
amrplot,1
streamplot,1
cal_postproc_ccc_func,1
webrtcvad,1
dojo._firebug.firebug,1
dojo._base._loader.loader_xd,1
dojo._base._loader.loader_debug,1
bam2snapshot.h,1
samhandler.h,1
_ns3,1
ns3modulegen_generated,1
callbacks_list,1
topsort,1
rad_util,1
shellcmd,1
voc0712,1
prior_box,1
l2norm,1
multibox_loss,1
arabic_reshaper,1
emails,1
cookie,1
service,1
ads_classic_login,1
flask_email,1
middleware,1
wtforms_alchemy,1
pslegal,1
create_autoencoder_model,1
create_convolutional_autoencoder_model,1
create_alexnet_model,1
create_densenet_model,1
create_resnet_model,1
create_simple_classification_with_spatial_transformer_network_model,1
create_deep_back_projection_network_model,1
create_denoising_auto_encoder_super_resolution_model,1
create_expanded_super_resolution_model,1
create_image_super_resolution_model,1
create_resnet_super_resolution_model,1
create_vgg_model,1
create_wide_resnet_model,1
create_unet_model,1
create_resunet_model,1
create_denseunet_model,1
create_partial_convolution_unet_model,1
create_vanilla_gan_model,1
create_deep_convolutional_gan_model,1
create_wasserstein_gan_model,1
create_improved_wasserstein_gan_model,1
create_cycle_gan_model,1
create_super_resolution_gan_model,1
create_dense_model,1
get_pretrained_network,1
get_antsxnet_data,1
denseunet_utilities,1
spatial_transformer_network_utilities,1
transformer_utilities,1
attention_utilities,1
custom_normalization_layers,1
custom_activation_layers,1
custom_convolution_layers,1
gaussian_diffusion_utilities,1
preprocess_image,1
brain_extraction,1
brain_tumor_segmentation,1
brain_mra_vessel_segmentation,1
inpainting,1
histology,1
lung_extraction,1
claustrum_segmentation,1
hypothalamus_segmentation,1
hippmapp3r_segmentation,1
deep_flash,1
deep_atropos,1
desikan_killiany_tourville_labeling,1
harvard_oxford_atlas_labeling,1
cerebellum_morphology,1
nbm_labeling,1
cit168_labeling,1
brain_age,1
mri_super_resolution,1
mri_modality_classification,1
t1_grader,1
neural_style_transfer,1
h_gru_model,1
gru_model,1
pytorchtools,1
earlystopping,1
utils_cpi,1
ppft,1
normt3,1
train_ged_distribution,1
test_ged_distribution,1
pulp.h,1
basickernel.h,1
benchmarks.h,1
rt,1
build_risv_toolchain.sh,1
virtualandcuckoodetect.h,1
wininet.h,1
headers.h,1
atari_emulator,1
actor_learner,1
emulator_runner,1
environment_creator,1
policy_v_network,1
pendulum,1
light_cnn,1
load_imglist,1
pyvenv,1
$android_path,1
loci.common.debugtools,1
loci.common.datatools,1
loci.common.services.dependencyexception,1
loci.common.services.serviceexception,1
loci.common.services.servicefactory,1
loci.formats.formatexception,1
loci.formats.iformatreader,1
loci.formats.iformatwriter,1
loci.formats.imagereader,1
loci.formats.imagewriter,1
loci.formats.channelfiller,1
loci.formats.channelseparator,1
loci.formats.dimensionswapper,1
loci.formats.formattools,1
loci.formats.metadatatools,1
loci.formats.services.omexmlserviceimpl,1
loci.formats.missinglibraryexception,1
loci.formats.meta.dummymetadata,1
loci.formats.meta.metadatastore,1
rbioformats,1
gate,1
avclass,1
rx.h,1
payloadgeometry.h,1
ricianrng.h,1
ffttools.h,1
detector.h,1
seavey.h,1
anitasimoutput.h,1
voltsrx.h,1
anitasimsettings.h,1
geoid.h,1
adu5pat.h,1
tclingruntime.h,1
tcint.h,1
ftpair.h,1
askaryanradiationmodel.h,1
rfsignal.h,1
rapt,1
tapsim_reader.h,1
test262-parser-runner,1
pricing_utils,1
ami,1
stepfunction,1
stepfunction_cost_updater,1
aws_lambda,1
tsx-assert.h,1
txn-assert.h,1
libelf.h,1
hle-emulation.h,1
spin.h,1
sds.h,1
sdsalloc.h,1
testhelp.h,1
java.awt.dnd.,1
maxflow-v2.22,1
model_unet,1
separationplot,1
taigr,1
java.sql.array,1
java.sql.blob,1
java.sql.callablestatement,1
java.sql.clob,1
java.sql.nclob,1
java.sql.sqlclientinfoexception,1
java.sql.sqlwarning,1
java.sql.sqlxml,1
java.sql.savepoint,1
java.sql.struct,1
javax.mail.authenticator,1
javax.mail.bodypart,1
javax.mail.message,1
javax.mail.multipart,1
javax.mail.passwordauthentication,1
javax.mail.session,1
javax.mail.transport,1
javax.mail.internet.internetaddress,1
javax.mail.internet.mimebodypart,1
javax.mail.internet.mimemessage,1
javax.mail.internet.mimemultipart,1
javax.mail.internet.mimeutility,1
java.nio.channels.filechannel,1
hist.h,1
perf-record.h,1
measure.h,1
pci,1
latego,1
pebs.h,1
listutils,1
objutils,1
tl_stat,1
tl_cpu,1
tl_output,1
ivb_client_ratios,1
perf_metrics,1
power_metrics,1
linux_metrics,1
tsx_metrics,1
frequency,1
ivb_server_ratios,1
snb_client_ratios,1
jkt_server_ratios,1
hsw_client_ratios,1
hsx_server_ratios,1
bdw_client_ratios,1
bdx_server_ratios,1
skl_client_ratios,1
skx_server_ratios,1
clx_server_ratios,1
icx_server_ratios,1
spr_server_ratios,1
spr_max_server_ratios,1
adl_grt_ratios,1
mtl_cmt_ratios,1
srf_ratios,1
knl_ratios,1
ehl_ratios,1
ucexpr,1
ucaux,1
skx_uc,1
skx_extra,1
bdx_uc,1
bdx_extra,1
bdxde_uc,1
bdxde_extra,1
hsx_uc,1
hsx_extra,1
ivt_uc,1
ivt_extra,1
jkt_uc,1
jkt_extra,1
icx_uc,1
icx_extra,1
ucevent,1
locits,1
randomfields,1
main_2,1
track,1
show_results,1
deep_sort_app,1
siamese_dataloader,1
siamese_net,1
nonechucks,1
density_plot,1
hessian,1
curve25519donna.h,1
keys,1
bytesobject.h,1
map_viz_helper,1
interpolate,1
frustum_clipping,1
pyntcloud,1
rgbmatrixpanel.h,1
gamma.h,1
make_figures,1
ptemcee,1
_binom,1
msprime,1
generate_transitions,1
guistos_utils,1
lfw,1
infimnist,1
mvsc,1
celeba,1
composition,1
elementwise,1
reduce,1
affine,1
batch_normalization,1
variational_autoencoder,1
miceadds_rcppexports.h,1
prep_dataset,1
pyraf,1
iraf,1
kepio,1
kepmsg,1
kepkey,1
kepfit,1
keparray,1
kepfunc,1
kepstat,1
tensorflow_gan,1
pytorch_msssim,1
normalizer,1
livelossplot,1
coffee-script,1
_prox_tv,1
terrainrlsim,1
dm_control,1
scopeloomr,1
utils_data_processing_helpers,1
token_classification_dataset,1
fastcoref,1
baseline_document_classification,1
hapestxxr,1
jones,1
$mridir,1
generalrewarder.h,1
rewarders\generalrewarder.h,1
rewarders\lanerewarder.h,1
rewarders\speedrewarder.h,1
rewarders\rewarder.h,1
cmsclassifier,1
gsvadata,1
kllr,1
regression_plotting,1
pymalts2,1
pymalts_test,1
dame_flame,1
ggvegan,1
duckling,1
v2,1
affine_process,1
affine_plots,1
affinechainset.h,1
affinequeue.h,1
proposedstep.h,1
ran.h,1
ttsolution,1
ds,1
callable.h,1
dsk.cpp,1
popcount,1
.envrc,1
threedmodels,1
images_metadata,1
django_spaghetti,1
backwarddiffusionfvpatchscalarfield.h,1
depositionwallfvpatchscalarfield.h,1
fvpatchfield.h,1
mixeduserdefinedfvpatchfield.c,1
specieswallfvpatchscalarfield.h,1
opensmokegreydiffusiveradiationmixedfvpatchscalarfield.h,1
opensmokemarshakradiationfvpatchscalarfield.h,1
opensmokemarshakradiationfixedtemperaturefvpatchscalarfield.h,1
mappedpatchbase.h,1
scalarfield.h,1
namedenum.h,1
fvpatch.h,1
opensmokewidebanddiffusiveradiationmixedfvpatchscalarfield.h,1
absorptioncoeffsi.h,1
dimensionedscalar.h,1
interpolationtable.h,1
fvmatrices.h,1
fvdomi.h,1
radiativeintensityrayi.h,1
noradiation.h,1
opaquesolid.h,1
opticallythin.h,1
p1.h,1
viewfactor.h,1
surfacefields.h,1
typeinfo.h,1
singlecellfvmesh.h,1
scalarmatrices.h,1
globalindex.h,1
scalarlistiolist.h,1
mapdistribute.h,1
viewfactori.h,1
binaryabsorptionemission.h,1
constantabsorptionemission.h,1
greymeanabsorptionemission.h,1
unitconversion.h,1
sootradiationplanckmodel.h,1
noabsorptionemission.h,1
constantscatter.h,1
noscatter.h,1
policy_transportreaction_buoyancy.h,1
policy_compact_buoyancy.h,1
policy_momentumtransportreaction_buoyancy.h,1
policy_momentumcompact_buoyancy.h,1
laminarbuoyantpimplesmoke.3x.h,1
laminarbuoyantpimplesmoke.2x.h,1
laminarpimplesmoke.4x.h,1
laminarpimplesmoke.3x.h,1
laminarpimplesmoke.2x.h,1
laminarsimplesmoke.dev.h,1
laminarsimplesmoke.6x.h,1
laminarsimplesmoke.5x.h,1
laminarsimplesmoke.4x.h,1
laminarsimplesmoke.3x.h,1
laminarsimplesmoke.2x.h,1
readpref.h,1
createfluxes.h,1
memoryallocation_isat.h,1
readoptions_isat.h,1
chemistry_isat.h,1
drg.hpp,1
fixedenergyfvpatchscalarfield.h,1
gradientenergyfvpatchscalarfield.h,1
mixedenergyfvpatchscalarfield.h,1
fixedjumpfvpatchfields.h,1
fixedjumpamifvpatchfields.h,1
energyjumpfvpatchscalarfield.h,1
energyjumpamifvpatchscalarfield.h,1
opensmoke_definitions.h,1
timeselector.h,1
iosampledsets.h,1
iosampledsurfaces.h,1
sootclassesreader.h,1
addregionoption.h,1
adddictoption.h,1
createnamedmesh.h,1
readbasicfields.h,1
readspecies.h,1
calculatedensity.h,1
calculateenthalpy.h,1
calculateelementsmassfractions.h,1
exportsparc.h,1
calculatemassflowrates.h,1
calculateenthalpyrates.h,1
calculateelementsrates.h,1
calculatemolefractions.h,1
calculateconcentrations.h,1
calculateformationrates.h,1
calculatereactionrates.h,1
calculateheatrelease.h,1
calculateprobelocationsxml.h,1
calculatethermophoreticvelocity.h,1
postprocessingpolimisoot.h,1
postprocessingmixturefraction.h,1
calculatelocalstrainrate.h,1
exportdisks.h,1
analyzerkineticmechanism.hpp,1
inputfiledictionary.hpp,1
opensmoke_dictionarygrammar.h,1
opensmoke_dictionary.hpp,1
opensmoke_dictionaryfile.hpp,1
opensmoke_dictionarykeyword.h,1
opensmoke_dictionarygrammar.hpp,1
opensmoke_dictionarykeyword.hpp,1
opensmoke_dictionarymanager.hpp,1
chebyshevpolynomialrateexpression.hpp,1
extendedfalloff.hpp,1
extendedpressurelogarithmicrateexpression.hpp,1
kineticsutilityfunctions.hpp,1
pressurelogarithmicrateexpression.hpp,1
reactionpolicy_chemkin.hpp,1
reactionpolicy_solid_chemkin.hpp,1
reactionpolicy_surface_chemkin.hpp,1
atomiccomposition.hpp,1
atomiccompositiontable.hpp,1
atomicelement.hpp,1
atomicelement.h,1
atomicelementmap.hpp,1
inputfilechemkin.hpp,1
species.hpp,1
thermopolicy_chemkin.hpp,1
thermoreader.hpp,1
thermoreaderpolicy_chemkin.hpp,1
transportpolicy_chemkin.hpp,1
transportreader.hpp,1
transportreaderpolicy_chemkin.hpp,1
fluxanalysismap.hpp,1
jacobiansparsitypatternmap.hpp,1
kineticsmap.hpp,1
kineticsmap.h,1
transportpropertiesmap_chemkin.h,1
stoichiometricmap.h,1
jacobiansparsitypatternmap.h,1
kineticsmap_chemkin.hpp,1
stoichiometricmap.hpp,1
thermodynamicsmap.hpp,1
thermodynamicsmap.h,1
thermodynamicsmap_chemkin.hpp,1
transportpropertiesmap.hpp,1
transportpropertiesmap.h,1
transportpropertiesmap_chemkin.hpp,1
ode_parameters.hpp,1
opensmoke_chemeq2.hpp,1
sunmatrix,1
opensmoke_cvode_sundials.hpp,1
opensmoke_daspk.hpp,1
opensmoke_dlsoda.hpp,1
opensmoke_dlsode.hpp,1
opensmoke_dvode.hpp,1
opensmoke_mebdf.hpp,1
opensmoke_mklode.hpp,1
opensmoke_radau.hpp,1
kernelband.hpp,1
kerneldense.hpp,1
kernelsparse.hpp,1
methodadamsmoulton.hpp,1
methodgear.hpp,1
multivaluesolver.hpp,1
odesolverutilities.hpp,1
odesolver_parameters.hpp,1
lis_config.h,1
lis_config_win.h,1
lis.h,1
opensmoke_matrixsparsitypattern.hpp,1
opensmokebandmatrix.hpp,1
opensmokebaseclass.hpp,1
opensmokefunctions.hpp,1
opensmokeload.hpp,1
opensmokematrix.hpp,1
opensmokeutilities.hpp,1
opensmokevector.hpp,1
grammar_hmom.h,1
hmom.hpp,1
grammar_polimisoot_analyzer.h,1
opensmoke_polimisoot_analyzer.hpp,1
lookuptable.hpp,1
lookuptable.h,1
grammar_virtualchemistry.h,1
virtualchemistry.hpp,1
grammar_chemkin_preprocessor.h,1
grammar_comments.h,1
riemann,1
android.graphics.picture,1
andnode.hxx,1
classrelatedfeaturenode.hxx,1
complementnode.hxx,1
crispdatatype.hxx,1
crispfeaturenode.hxx,1
datatype.hxx,1
featurenode.hxx,1
fuzzydatatype.hxx,1
fuzzyevaluator.hxx,1
fuzzyfunctions.hxx,1
fuzzyobjectproperty.hxx,1
helperfunctions.hxx,1
logicnode.hxx,1
cdbn.hxx,1
dbn.hxx,1
functions.hxx,1
hiddenlayer.hxx,1
logisticregression.hxx,1
cdbn.h,1
rbm.hxx,1
machinelearningdatatype.hxx,1
cdbn,1
svm.hxx,1
machinelearningnode.hxx,1
fuzzyevaluator,1
ontologyclass,1
ontologycontainer,1
ontologyparser,1
ontologyclass.hxx,1
ontologycontainer.hxx,1
ontologydata.hxx,1
ontologyparser.hxx,1
ornode.hxx,1
superclassnode.hxx,1
treenode.hxx,1
network_classes,1
jsd,1
useraccesspointservice_services_types,1
vex_time,1
sfxcdata_utils,1
autocorr,1
correlator_node_tasklet.h,1
bit2float_worker.h,1
data_reader_blocking.h,1
correlator_node_data_reader_tasklet.h,1
correlator_node_bit2float_tasklet.h,1
correlation_core_pulsar.h,1
eventor_poll.h,1
simple_memory_pool.h,1
coherent_dedispersion.h,1
exception_common.h,1
test_unit.h,1
mark5a_reader.h,1
single_data_reader_controller.h,1
input_node_tasklet.h,1
input_node_data_writer.h,1
input_data_format_reader_tasklet.h,1
channel_extractor_tasklet_vdif.h,1
input_node_data_writer_tasklet.h,1
abstract_manager_node.h,1
mark5a_header.h,1
data_reader_buffer.h,1
raiimutex.h,1
connexion.h,1
default_allocator.h,1
vlba_header.h,1
generate_delay_model.h,1
calc10,1
gnuplot_i.h,1
gnuplotlib,1
vex2ccf,1
translation_node_cgi,1
correlated_data_cgi,1
eop,1
gps,1
vex_parser,1
notificationzsi,1
newtranslationjobzsi,1
translationjob_services,1
ovex,1
create_type1,1
create_type3,1
mturk_api,1
tcontrolbar.h,1
org.processmining.framework.plugin.impl.progressbarimpl,1
junit.framework.assertionfailederror,1
org.processmining.framework.annotations.testmethod,1
org.processmining.framework.plugin.impl.plugincacheentry,1
org.processmining.framework.plugin.annotations.cli,1
org.processmining.framework.util.stringutils,1
bsh.evalerror,1
bsh.interpreter,1
bsh.targeterror,1
org.deckfour.uitopia.ui.main.mainview,1
org.deckfour.uitopia.ui.overlay.abstractoverlaydialog,1
com.fluxicon.slickerbox.components.slickerprogressbar,1
org.deckfour.uitopia.api.hub.actionmanager,1
org.processmining.framework.plugin.pluginmanager.pluginmanagerlistener,1
org.deckfour.uitopia.api.hub.resourcemanager,1
org.deckfour.uitopia.api.model.resourcefilter,1
org.processmining.contexts.uitopia.hub.serialization.serializationthread,1
org.processmining.contexts.uitopia.model.promcresource,1
org.processmining.contexts.uitopia.model.promresourcetype,1
org.deckfour.uitopia.api.hub.taskmanager,1
org.deckfour.uitopia.api.hub.viewmanager,1
org.processmining.contexts.uitopia.model.promviewtype,1
org.processmining.contexts.uitopia.hub.serialization.serializedresource.update,1
org.processmining.framework.providedobjects.contextawareobject,1
org.processmining.framework.util.progress.xmonitoredinputstream,1
org.processmining.framework.util.progress.xprogresslistener,1
com.thoughtworks.xstream.io.streamexception,1
com.thoughtworks.xstream.core.referencebyidmarshaller,1
com.thoughtworks.xstream.io.path.path,1
com.thoughtworks.xstream.converters.conversionexception,1
com.thoughtworks.xstream.core.treeunmarshaller,1
com.thoughtworks.xstream.core.util.faststack,1
com.thoughtworks.xstream.marshallingstrategy,1
com.thoughtworks.xstream.converters.dataholder,1
org.processmining.contexts.uitopia.hub.overlay.progressoverlaydialog.cancellationlistener,1
java.util.concurrent.blockingqueue,1
java.util.concurrent.linkedblockingqueue,1
org.processmining.contexts.uitopia.hub.serialization.idresourcepair.qtype,1
org.processmining.framework.util.weakvaluehashmap,1
org.deckfour.uitopia.api.event.updatelistener,1
org.deckfour.uitopia.api.model.actionstatus,1
org.deckfour.uitopia.api.model.task,1
java.awt.graphicsconfiguration,1
java.awt.graphicsdevice,1
java.awt.headlessexception,1
java.awt.transparency,1
org.processmining.framework.packages.unknownpackagetypeexception,1
org.processmining.framework.packages.impl.cancelledexception,1
java.awt.event.componentadapter,1
javax.swing.windowconstants,1
org.deckfour.uitopia.ui.main.mainviewport,1
org.deckfour.uitopia.ui.overlay.overlayenclosure,1
javax.swing.jcheckbox,1
javax.swing.jradiobutton,1
org.deckfour.uitopia.ui.components.imageradiobutton,1
javax.swing.abstractlistmodel,1
javax.swing.abstractbutton,1
com.fluxicon.slickerbox.components.iconverticaltabbedpane,1
org.deckfour.uitopia.ui.components.tiledpanel,1
org.deckfour.uitopia.ui.components.viewheaderbar,1
org.processmining.contexts.uitopia.packagemanager.pmframe,1
org.processmining.contexts.uitopia.packagemanager.pmmainview,1
org.processmining.contexts.uitopia.packagemanager.pmpackage,1
org.deckfour.uitopia.api.hub.frameworkhub,1
org.deckfour.uitopia.ui.uitopiaframe,1
org.processmining.contexts.uitopia.hub.promactionmanager,1
org.processmining.contexts.uitopia.hub.promtaskmanager,1
org.processmining.contexts.uitopia.hub.serialization.deserializationthread,1
java.awt.desktop,1
javax.swing.grouplayout,1
javax.swing.jeditorpane,1
javax.swing.grouplayout.alignment,1
javax.swing.event.hyperlinkevent,1
javax.swing.event.hyperlinklistener,1
org.jgraph.graph.attributemap,1
org.jgraph.graph.cellviewrenderer,1
org.jgraph.graph.graphmodel,1
javax.swing.comboboxmodel,1
javax.swing.defaultcomboboxmodel,1
javax.swing.plaf.basic.basiccomboboxrenderer,1
org.processmining.framework.plugin.impl.pluginmanagerimpl,1
org.processmining.framework.util.pathhacker,1
java.lang.annotation.inherited,1
org.processmining.framework.util.collection.hashmultiset,1
org.processmining.framework.connections.annotations.connectionobjectfactory,1
org.processmining.framework.connections.impl.connectionmanagerimpl,1
org.processmining.framework.providedobjects.impl.providedobjectmanagerimpl,1
org.processmining.framework.plugin.insufficientresultexception,1
java.security.nosuchalgorithmexception,1
org.processmining.framework.plugin.incorrectreturntypeexception,1
javax.swing.event.eventlistenerlist,1
org.processmining.framework.util.collection.comparablepair,1
org.processmining.framework.plugin.impl.fieldnotsetexception,1
org.processmining.framework.plugin.impl.fieldsetexception,1
java.util.concurrent.future,1
org.processmining.framework.providedobjects.substitutiontype,1
jargs.gnu.cmdlineparser,1
java.rmi.server.uid,1
java.net.sockettimeoutexception,1
javax.swing.defaultlistcellrenderer,1
info.clearthought.layout.tablelayout,1
info.clearthought.layout.tablelayoutconstants,1
org.freehep.util.export.exportdialog,1
com.fluxicon.slickerbox.components.slickerbutton,1
java.awt.event.componentlistener,1
javax.swing.plaf.basic.basiclabelui,1
javax.swing.event.ancestorevent,1
javax.swing.event.ancestorlistener,1
com.fluxicon.slickerbox.components.gradientpanel,1
com.fluxicon.slickerbox.ui.slickerscrollbarui,1
java.lang.ref.referencequeue,1
org.processmining.models.graphbased.expansionlistener.listenerlist,1
org.processmining.models.graphbased.directed.abstractdirectedgraphedge,1
org.processmining.models.graphbased.nodeid,1
org.processmining.framework.plugin.events.promeventlistenerlist,1
javax.swing.jpopupmenu,1
org.processmining.models.graphbased.attributemap.arrowtype,1
org.processmining.models.jgraph.promlooprouting,1
org.jgraph.graph.defaultcellviewfactory,1
org.jgraph.graph.edge,1
org.jgraph.graph.port,1
javax.swing.event.mouseinputadapter,1
javax.swing.tooltipmanager,1
org.jgraph.event.graphlayoutcacheevent,1
org.jgraph.event.graphlayoutcachelistener,1
org.jgraph.event.graphmodellistener,1
org.jgraph.event.graphselectionevent,1
org.jgraph.event.graphselectionlistener,1
org.processmining.models.connections.graphlayoutconnection.listener,1
org.processmining.models.graphbased.directed.containabledirectedgraphelement,1
org.processmining.models.graphbased.directed.containingdirectedgraphnode,1
org.processmining.models.jgraph.elements.promgraphelement,1
org.processmining.models.jgraph.factory.promcellviewfactory,1
org.processmining.framework.util.ui.scalableview.interaction.exportinteractionpanel,1
org.processmining.framework.util.ui.scalableview.interaction.pipinteractionpanel,1
org.processmining.framework.util.ui.scalableview.interaction.zoominteractionpanel,1
org.processmining.models.jgraph.visualization.promjgraphpanel,1
com.jgraph.layout.hierarchical.jgraphhierarchicallayout,1
org.jgraph.graph.edgerenderer,1
org.jgraph.graph.portrenderer,1
org.processmining.models.jgraph.renderers.promedgerenderer,1
org.processmining.models.jgraph.renderers.promportrenderer,1
org.processmining.models.jgraph.renderers.promshaperenderer,1
org.processmining.models.shapes.rectangle,1
java.awt.event.inputevent,1
org.jgraph.graph.basicmarqueehandler,1
java.awt.geom.ellipse2d,1
java.awt.geom.quadcurve2d,1
javax.swing.defaultlistselectionmodel,1
javax.swing.border.border,1
javax.swing.border.compoundborder,1
org.processmining.framework.connections.impl.abstractstrongreferencingconnection,1
org.processmining.framework.util.ui.wizard.promwizardstep,1
org.processmining.framework.providedobjects.,1
org.processmining.framework.util.ui.wizard.listwizard,1
org.processmining.framework.util.ui.wizard.promwizarddisplay,1
org.processmining.framework.util.ui.wizard.textstep,1
org.processmining.framework.util.ui.widgets.promcombobox,1
com.fluxicon.slickerbox.components.niceintegerslider,1
com.fluxicon.slickerbox.components.niceslider,1
weka.core.converters.converterutils.datasource,1
weka.core.converters.arffsaver,1
weka.core.converters.csvloader,1
weka.associations.generalizedsequentialpatterns,1
org.processmining.plugins.petrinet.petrinetvisualization,1
rocks,1
colorlover,1
readwrite,1
splatter,1
mask_generator,1
metrics_logging,1
cacheckpoints,1
input_wrapper,1
cvx,1
plausibility,1
nufate.h,1
hdf5_hl.h,1
xtimer.h,1
ccnl-qos.h,1
qos-config.h,1
fibs.in,1
intro.js,1
upload_annotation_data,1
leiden,1
rphenograph,1
qlcmatrix,1
mlinter.h,1
fnvector.h,1
rollup-plugin-node-resolve,1
rollup-plugin-commonjs,1
rollup-plugin-terser,1
time_util,1
chempy,1
cortical_map,1
voxel_model_cache,1
homogeneous,1
voxel,1
homogeneous_model,1
regionalized_model,1
voxel_connectivity_array,1
voxel_model,1
nadaraya_watson,1
adnimerge,1
"""$env""",1
shell_utils,1
dataview,1
pyface,1
enable,1
mpleditor,1
symbol_drawing,1
bpf,1
sunatmpos.h,1
arcnet.h,1
dpmi.h,1
go32.h,1
i86.h,1
pkt_stub.inc,1
cf.h,1
zone.h,1
libusb-1.0,1
dagpci.h,1
nlist.h,1
pharlap.h,1
ss7_inc.h,1
sysgct.h,1
pack.h,1
tokdefs.h,1
pcap-namedb.h,1
addrinfo.h,1
rpl.h,1
netbios.h,1
mib.h,1
sctpconstants.h,1
w32_fzs.h,1
cap-ng.h,1
mongoose_config.h,1
esp_system.h,1
nxd_bsd.h,1
serrno.h,1
ti,1
freertos_ip.h,1
freertos_sockets.h,1
rl_net.h,1
driver_eth_mac.h,1
driver_eth_phy.h,1
cyw43.h,1
enhanced_fdp,1
arches,1
lifting,1
_register_info,1
const_val,1
data_ref,1
stmt,1
libvex,1
zerodivision,1
aarch64_spotter,1
arm_spotter,1
x86_spotter,1
_md5,1
lcc_opt_context.h,1
run_app.h,1
append_only_edgecut_fragment.h,1
sampler_context.h,1
xoroshiro,1
jemalloc,1
cuda_profiler_api.h,1
nvtoolsext.h,1
thread_pool.h,1
${rootdir},1
avx512-common-qsort.h,1
bios2mds,1
e.g.,1
lorenz96,1
cavity,1
pyswarm,1
spectraltoolbox,1
antechamber_pyodide,1
parameterize,1
acemd,1
conda,1
pg8000,1
face_recognition_models,1
java.net.http.httpclient,1
java.net.http.httprequest,1
java.net.http.httpresponse,1
java.nio.file.atomicmovenotsupportedexception,1
java.nio.file.standardcopyoption,1
java.time.duration,1
java.time.localdate,1
java.time.offsetdatetime,1
row_analyses,1
initialize,1
zooexp,1
genoguard,1
bids,1
pipeline_ss_tv_siemens,1
_pyirt,1
dao,1
decouple,1
utils_challenge,1
datasets_phenom,1
datasets_theory,1
utils_videos,1
models_theory,1
deeptrack,1
eamcl.h,1
linkcellscl.h,1
timestepcl.h,1
decompositioncl.h,1
pfx_boxes.h,1
pointwise.h,1
petscsf.h,1
petscdmshell.h,1
petscdt.h,1
spi,1
clsetup.hpp,1
times.h,1
progs.h,1
iosbdef.h,1
efndef.h,1
charmap.h,1
tbl_standard.h,1
standard_methods.h,1
asn1_item_list.h,1
opcdef.h,1
c_asm.h,1
bn_prime.h,1
cast_s.h,1
conf_def.h,1
buildinf.h,1
spr.h,1
rpc_des.h,1
dl.h,1
rld_interface.h,1
rms.h,1
libfisdef.h,1
hmac_lcl.h,1
namdef.h,1
rmsdef.h,1
libfildef.h,1
strdef.h,1
str$routines.h,1
vms_rms.h,1
md4_locl.h,1
md5_locl.h,1
lpdir_unix.c,1
lpdir_vms.c,1
lpdir_win32.c,1
lpdir_wince.c,1
lpdir_nyi.c,1
libdtdef.h,1
lnmdef.h,1
iledef.h,1
obj_dat.h,1
obj_xref.h,1
poly1305_local.h,1
jpidef.h,1
efndef,1
bcrypt.h,1
rmd_locl.h,1
rmdconst.h,1
seed_locl.h,1
sha_locl.h,1
wincon.h,1
termio.h,1
sgtty.h,1
ttdef.h,1
standard_exts.h,1
in.h,1
socketshr.h,1
ticklib.h,1
syslib.h,1
tasklib.h,1
e_afalg.h,1
e_capi_err.c,1
hwcryptohook.h,1
vendor_defns,1
e_chil_err.c,1
e_chil_err.h,1
e_dasync_err.c,1
e_dasync_err.h,1
e_ossltest_err.c,1
e_ossltest_err.h,1
uplink.h,1
applink.c,1
steg-mq,1
statem,1
hwloc.h,1
h5io,1
mne_connectivity,1
argparsing,1
hit_module,1
crepe,1
interactions,1
zephyros_config.h,1
scinetcd2,1
fun_plot_scanning,1
wrapradarfilter.h,1
wrapretrieval.h,1
wrapwindfield,1
wrapwindfield.h,1
hgnchelper,1
fdb.ucsc.snp137common.hg19,1
arm_sme.h,1
isa-l.h,1
igzip,1
repeated_char_result.h,1
static_inflate.h,1
shim_inflate.h,1
aarch64_label.h,1
animnode.h,1
animationmirrordata.h,1
engineglobals.h,1
animationruntime.h,1
animationmirrordata.generated.h,1
bonecontainer.h,1
bonepose.h,1
animnode_mirror.generated.h,1
animnodeeditor.h,1
animgraphnode_mirror.h,1
unrealwidget.h,1
animnodeeditmodes.h,1
kismet2,1
edgraph,1
animgraphnode_skeletalcontrolbase.h,1
animgraphnode_mirror.generated.h,1
roxcameraactor.h,1
roxgamemode.h,1
sceneviewport.h,1
renderresource.h,1
filehelper.h,1
roxplayercameramanager.h,1
engineutils.h,1
iheadmounteddisplay.h,1
unrealclient.h,1
timermanager.h,1
commandline.h,1
hudinteractioninterface.generated.h,1
motioncontrollercomponent.h,1
roxbasepawn.generated.h,1
roxcameraactor.generated.h,1
roxgamemode.generated.h,1
roxhud.generated.h,1
roxplayercameramanager.generated.h,1
roxplayercontroller.generated.h,1
imageutils.h,1
iimagewrapper.h,1
iimagewrappermodule.h,1
roxtracker.generated.h,1
roxtypes.generated.h,1
robotrix.h,1
robotrixgamemodebase.h,1
robotrixgamemodebase.generated.h,1
module_train,1
module_predictor,1
module_word2vec,1
pronto,1
reacher,1
cyclegan_pix2pix,1
weight_drop,1
"""$(dlang_install",1
fm-index.hpp,1
meshprimitives.h,1
inputmanager.h,1
rendermanager.h,1
scene.h,1
importerdesc.h,1
irrxml.h,1
iostream.hpp,1
baseimporter.h,1
streamreader.h,1
material.inl,1
tinyformatter.h,1
anim.h,1
smoothinggroups.inl,1
vector2.h,1
color4.h,1
matrix3x3.h,1
matrix4x4.h,1
vector2.inl,1
vector3.inl,1
color4.inl,1
quaternion.inl,1
matrix3x3.inl,1
matrix4x4.inl,1
geometric.h,1
popcntintrin.h,1
imstb_rectpack.h,1
imstb_truetype.h,1
imgui_impl_opengl3.h,1
imgui_impl_sdl.h,1
imstb_textedit.h,1
" + origin);
			",1
voc_to_hdf5,1
keras_darknet19,1
get_file_paths,1
cairocffi,1
vgg19,1
resnet50,1
audio_conv_utils,1
convolutional,1
recurrent,1
advanced_activations,1
convolutional_recurrent,1
generic_utils,1
np_utils,1
pydot_ng,1
motioncreator_gui,1
vtkwindow,1
stochs,1
curves,1
loss-inl.h,1
miso.h,1
miso-inl.h,1
saga.h,1
saga-inl.h,1
sgd.h,1
sgd-inl.h,1
deeplearning,1
classifierplots,1
ggbiplot,1
c2_2,1
c2_92_fail,1
c2_92_pass,1
edu.toronto.cs.se.mmint.example.jase20.iso26262.gsn.gsnfactory,1
edu.toronto.cs.se.mmint.example.jase20.iso26262.hara.harafactory,1
edu.toronto.cs.se.mmint.example.jase20.iso26262.sysml.sysmlfactory,1
edu.toronto.cs.se.modelepedia.models15_java.util.models15_javaadapterfactory,1
edu.toronto.cs.se.modelepedia.models15_java.provider.models15_javaitemprovideradapterfactory,1
edu.toronto.cs.se.modelepedia.models15_java.provider.models15_javaeditplugin,1
edu.toronto.cs.se.modelepedia.necsis14_classdiagram.util.necsis14_classdiagramadapterfactory,1
edu.toronto.cs.se.modelepedia.necsis14_classdiagram.provider.necsis14_classdiagramitemprovideradapterfactory,1
edu.toronto.cs.se.modelepedia.necsis14_classdiagram.provider.necsis14_classdiagrameditplugin,1
edu.toronto.cs.se.modelepedia.necsis14_databaseschema.util.necsis14_databaseschemaadapterfactory,1
edu.toronto.cs.se.modelepedia.necsis14_databaseschema.provider.necsis14_databaseschemaitemprovideradapterfactory,1
edu.toronto.cs.se.modelepedia.necsis14_databaseschema.provider.necsis14_databaseschemaeditplugin,1
org.eclipse.viatra.query.runtime.matchers.psystem.basicdeferred.negativepatterncall,1
org.eclipse.viatra.query.runtime.matchers.psystem.iexpressionevaluator,1
org.eclipse.viatra.query.runtime.matchers.psystem.ivalueprovider,1
org.eclipse.viatra.query.runtime.matchers.psystem.basicdeferred.expressionevaluation,1
org.eclipse.viatra.query.runtime.matchers.aggregators.max,1
org.eclipse.viatra.query.runtime.matchers.psystem.basicdeferred.aggregatorconstraint,1
edu.toronto.cs.se.mmint.mid.operator.util.operatorswitch,1
edu.toronto.cs.se.modelepedia.kleisli.util.kleisliadapterfactory,1
edu.toronto.cs.se.mmint.mid.provider.modelendpointitemprovider,1
edu.toronto.cs.se.mmint.mid.relationship.provider.modelendpointreferenceitemprovider,1
edu.toronto.cs.se.mmint.mid.impl.modelendpointimpl,1
edu.toronto.cs.se.mmint.mid.relationship.impl.modelendpointreferenceimpl,1
edu.toronto.cs.se.mmint.ocl.reasoning.oclreasoner,1
edu.toronto.cs.se.mmint.mid.relationship.provider.binarymappingitemprovider,1
edu.toronto.cs.se.mmint.mid.relationship.provider.binarymappingreferenceitemprovider,1
edu.toronto.cs.se.mmint.mid.relationship.provider.binarymodelrelitemprovider,1
edu.toronto.cs.se.mmint.mid.relationship.provider.mappingitemprovider,1
edu.toronto.cs.se.mmint.mid.relationship.provider.mappingreferenceitemprovider,1
edu.toronto.cs.se.mmint.mid.productline.util.plmidadapterfactory,1
edu.toronto.cs.se.mmint.productline.util.pladapterfactory,1
edu.toronto.cs.se.mmint.mid.productline.provider.plmiditemprovideradapterfactory,1
edu.toronto.cs.se.mmint.productline.provider.plitemprovideradapterfactory,1
edu.toronto.cs.se.mavo.mavoelement,1
edu.toronto.cs.se.mavo.mavopackage,1
edu.toronto.cs.se.mmint.mid.operator.impl.randomoperatorimpl,1
edu.toronto.cs.se.modelepedia.graph_mavo.edge,1
edu.toronto.cs.se.modelepedia.graph_mavo.graph,1
edu.toronto.cs.se.modelepedia.graph_mavo.graph_mavofactory,1
edu.toronto.cs.se.modelepedia.graph_mavo.graph_mavopackage,1
edu.toronto.cs.se.modelepedia.graph_mavo.node,1
edu.toronto.cs.se.mmint.mid.relationship.impl.binarymappingimpl,1
edu.toronto.cs.se.mmint.mid.relationship.impl.binarymappingreferenceimpl,1
edu.toronto.cs.se.mmint.mid.relationship.impl.binarymodelrelimpl,1
edu.toronto.cs.se.mmint.mid.relationship.impl.mappingimpl,1
edu.toronto.cs.se.mmint.mid.relationship.impl.mappingreferenceimpl,1
edu.toronto.cs.se.mmint.productline.impl.plpackageimpl,1
java.util.concurrent.atomic.atomicinteger,1
edu.toronto.cs.se.mmint.mid.productline.impl.plmidpackageimpl,1
edu.toronto.cs.se.mmint.productline.viatra.internal.supertype,1
org.eclipse.viatra.query.runtime.matchers.psystem.basicenumerables.binaryreflexivetransitiveclosure,1
edu.toronto.cs.se.mmint.productline.viatra.attribute,1
edu.toronto.cs.se.mmint.productline.viatra.classtype,1
edu.toronto.cs.se.mmint.productline.viatra.reference,1
org.eclipse.viatra.query.runtime.api.impl.basegeneratedemfqueryspecificationwithgenericmatcher,1
edu.toronto.cs.se.mmint.mid.diagram.edit.policies.binarymodelrelitemsemanticeditpolicy,1
edu.toronto.cs.se.mmint.mid.diagram.edit.policies.binarymodelrelsemanticeditpolicy,1
edu.toronto.cs.se.mmint.mid.diagram.edit.policies.extendibleelementsupertypeitemsemanticeditpolicy,1
edu.toronto.cs.se.mmint.mid.diagram.edit.policies.extendibleelementsupertypesemanticeditpolicy,1
edu.toronto.cs.se.mmint.mid.diagram.edit.policies.midcanonicaleditpolicy,1
edu.toronto.cs.se.mmint.mid.diagram.edit.policies.middiagramsemanticeditpolicy,1
edu.toronto.cs.se.mmint.mid.diagram.edit.policies.miditemsemanticeditpolicy,1
edu.toronto.cs.se.mmint.mid.diagram.edit.policies.model2itemsemanticeditpolicy,1
edu.toronto.cs.se.mmint.mid.diagram.edit.policies.modelimportedsemanticeditpolicy,1
edu.toronto.cs.se.mmint.mid.diagram.edit.policies.modelcreatedsemanticeditpolicy,1
edu.toronto.cs.se.mmint.mid.diagram.edit.policies.modelitemsemanticeditpolicy,1
edu.toronto.cs.se.mmint.mid.diagram.edit.policies.modelendpoint2itemsemanticeditpolicy,1
edu.toronto.cs.se.mmint.mid.diagram.edit.policies.operatormodelendpointinputsemanticeditpolicy,1
edu.toronto.cs.se.mmint.mid.diagram.edit.policies.modelendpoint3itemsemanticeditpolicy,1
edu.toronto.cs.se.mmint.mid.diagram.edit.policies.operatormodelendpointoutputsemanticeditpolicy,1
edu.toronto.cs.se.mmint.mid.diagram.edit.policies.modelendpointitemsemanticeditpolicy,1
edu.toronto.cs.se.mmint.mid.diagram.edit.policies.modelrelmodelendpointsemanticeditpolicy,1
edu.toronto.cs.se.mmint.mid.diagram.edit.policies.modelrel2itemsemanticeditpolicy,1
edu.toronto.cs.se.mmint.mid.diagram.edit.policies.modelrelimportedsemanticeditpolicy,1
edu.toronto.cs.se.mmint.mid.diagram.edit.policies.modelrelcreatedsemanticeditpolicy,1
edu.toronto.cs.se.mmint.mid.diagram.edit.policies.modelrelitemsemanticeditpolicy,1
edu.toronto.cs.se.mmint.mid.diagram.edit.policies.operatoritemsemanticeditpolicy,1
edu.toronto.cs.se.mmint.mid.diagram.edit.policies.operatoropendiagrameditpolicy,1
edu.toronto.cs.se.mmint.mid.diagram.edit.policies.operatoropeneditoreditpolicy,1
edu.toronto.cs.se.mmint.mid.diagram.edit.policies.operatorsemanticeditpolicy,1
edu.toronto.cs.se.mmint.mid.diagram.part.middiagramupdater,1
edu.toronto.cs.se.mmint.mid.diagram.part.midlinkdescriptor,1
edu.toronto.cs.se.mmint.mid.diagram.part.midnodedescriptor,1
edu.toronto.cs.se.mmint.mid.diagram.edit.commands.model2createcommand,1
edu.toronto.cs.se.mmint.mid.diagram.edit.commands.modelcreatecommand,1
edu.toronto.cs.se.mmint.mid.diagram.edit.commands.modelrel2createcommand,1
edu.toronto.cs.se.mmint.mid.diagram.edit.commands.modelrelcreatecommand,1
edu.toronto.cs.se.mmint.mid.diagram.edit.commands.operatorcreatecommand,1
org.eclipse.papyrus.infra.gmfdiag.tooling.runtime.part.defaultcreateshortcuthandler,1
org.eclipse.jface.wizard.iwizardpage,1
edu.toronto.cs.se.mmint.mid.diagram.navigator.midnavigatoritem,1
edu.toronto.cs.se.mmint.mid.diagram.menu.mmintopentypemidmenu,1
edu.toronto.cs.se.mmint.mid.diagram.providers.elementinitializers,1
edu.toronto.cs.se.mmint.mid.diagram.providers.midmarkernavigationprovider,1
edu.toronto.cs.se.mmint.mid.diagram.providers.midvalidationprovider,1
edu.toronto.cs.se.mmint.mid.diagram.edit.parts.mideditpartfactory,1
edu.toronto.cs.se.mmint.mid.diagram.library.binarymodelrelsourcemodelendpointlabelparser,1
edu.toronto.cs.se.mmint.mid.diagram.library.binarymodelreltargetmodelendpointlabelparser,1
edu.toronto.cs.se.mmint.mid.diagram.library.middiagramcustomlabelparser,1
edu.toronto.cs.se.mmint.mid.diagram.library.extendibleelementendpointlabelparser,1
edu.toronto.cs.se.mmint.mid.diagram.library.extendibleelementlabelparser,1
edu.toronto.cs.se.mmint.mid.diagram.parsers.messageformatparser,1
org.eclipse.emf.validation.abstractmodelconstraint,1
org.eclipse.emf.validation.model.iclientselector,1
edu.toronto.cs.se.mmint.mid.diagram.edit.parts.binarymodelreleditpart.binarymodelrelfigure,1
edu.toronto.cs.se.mmint.mid.diagram.navigator.midnavigatorgroup,1
edu.toronto.cs.se.mmint.mid.editor.util.editoradapterfactory,1
edu.toronto.cs.se.mmint.mid.provider.genericelementitemprovider,1
edu.toronto.cs.se.mmint.mid.operator.util.operatoradapterfactory,1
edu.toronto.cs.se.mmint.mid.util.midadapterfactory,1
edu.toronto.cs.se.mmint.mid.relationship.util.relationshipadapterfactory,1
edu.toronto.cs.se.mmint.papyrus.util.papyrusadapterfactory,1
edu.toronto.cs.se.mmint.papyrus.uml.umlmidheavytypefactory,1
edu.toronto.cs.se.mmint.primitive.boolean_.util.booleanadapterfactory,1
edu.toronto.cs.se.mmint.primitive.file.util.fileadapterfactory,1
edu.toronto.cs.se.mmint.primitive.int_.util.intadapterfactory,1
edu.toronto.cs.se.mmint.primitive.string.util.stringadapterfactory,1
java.lang.boolean,1
org.eclipse.ui.ide.ide,1
edu.toronto.cs.se.mmint.mid.relationship.diagram.edit.policies.binarymappingreference2itemsemanticeditpolicy,1
edu.toronto.cs.se.mmint.mid.relationship.diagram.edit.policies.binarymappingreferencesupersemanticeditpolicy,1
edu.toronto.cs.se.mmint.mid.relationship.diagram.edit.policies.binarymappingreferenceitemsemanticeditpolicy,1
edu.toronto.cs.se.mmint.mid.relationship.diagram.edit.policies.binarymappingreferencesemanticeditpolicy,1
edu.toronto.cs.se.mmint.mid.relationship.diagram.edit.policies.extendibleelementreferencesupertyperefitemsemanticeditpolicy,1
edu.toronto.cs.se.mmint.mid.relationship.diagram.edit.policies.extendibleelementreferencesupertyperefsemanticeditpolicy,1
edu.toronto.cs.se.mmint.mid.relationship.diagram.edit.policies.mappingreference2itemsemanticeditpolicy,1
edu.toronto.cs.se.mmint.mid.relationship.diagram.edit.policies.mappingreferencesupercomponenteditpolicy,1
edu.toronto.cs.se.mmint.mid.relationship.diagram.edit.policies.mappingreferencesupersemanticeditpolicy,1
edu.toronto.cs.se.mmint.mid.relationship.diagram.edit.policies.mappingreferenceitemsemanticeditpolicy,1
edu.toronto.cs.se.mmint.mid.relationship.diagram.edit.policies.mappingreferencesemanticeditpolicy,1
edu.toronto.cs.se.mmint.mid.relationship.diagram.edit.policies.modelelementendpointreference2itemsemanticeditpolicy,1
edu.toronto.cs.se.mmint.mid.relationship.diagram.edit.policies.modelelementendpointreferencesupersemanticeditpolicy,1
edu.toronto.cs.se.mmint.mid.relationship.diagram.edit.policies.modelelementendpointreferenceitemsemanticeditpolicy,1
edu.toronto.cs.se.mmint.mid.relationship.diagram.edit.policies.modelelementendpointreferencesemanticeditpolicy,1
edu.toronto.cs.se.mmint.mid.relationship.diagram.edit.policies.modelelementreference2itemsemanticeditpolicy,1
edu.toronto.cs.se.mmint.mid.relationship.diagram.edit.policies.modelelementreference3itemsemanticeditpolicy,1
edu.toronto.cs.se.mmint.mid.relationship.diagram.edit.policies.modelelementreferencesupercomponenteditpolicy,1
edu.toronto.cs.se.mmint.mid.relationship.diagram.edit.policies.modelelementreferencesuperhighlighteditpolicy,1
edu.toronto.cs.se.mmint.mid.relationship.diagram.edit.policies.modelelementreferencesupersemanticeditpolicy,1
edu.toronto.cs.se.mmint.mid.relationship.diagram.edit.policies.modelelementreferenceitemsemanticeditpolicy,1
edu.toronto.cs.se.mmint.mid.relationship.diagram.edit.policies.modelendpointreference2itemsemanticeditpolicy,1
edu.toronto.cs.se.mmint.mid.relationship.diagram.edit.policies.modelendpointreferencesupercomponenteditpolicy,1
edu.toronto.cs.se.mmint.mid.relationship.diagram.edit.policies.modelendpointreferencesupersemanticeditpolicy,1
edu.toronto.cs.se.mmint.mid.relationship.diagram.edit.policies.modelendpointreferencecomponenteditpolicy,1
edu.toronto.cs.se.mmint.mid.relationship.diagram.edit.policies.modelendpointreferenceitemsemanticeditpolicy,1
edu.toronto.cs.se.mmint.mid.relationship.diagram.edit.policies.modelendpointreferencesemanticeditpolicy,1
edu.toronto.cs.se.mmint.mid.relationship.diagram.edit.policies.modelendpointreferencemodelendpointreferencecompartmentcanonicaleditpolicy,1
edu.toronto.cs.se.mmint.mid.relationship.diagram.edit.policies.modelendpointreferencemodelendpointreferencecompartmentitemsemanticeditpolicy,1
edu.toronto.cs.se.mmint.mid.relationship.diagram.edit.policies.modelendpointreferencemodelendpointreferencesupercompartmentcanonicaleditpolicy,1
edu.toronto.cs.se.mmint.mid.relationship.diagram.edit.policies.modelendpointreferencemodelendpointreferencesupercompartmentitemsemanticeditpolicy,1
edu.toronto.cs.se.mmint.mid.relationship.diagram.edit.commands.midcreateshortcutdecorationscommand,1
edu.toronto.cs.se.mmint.mid.relationship.diagram.edit.policies.modelrelcanonicaleditpolicy,1
edu.toronto.cs.se.mmint.mid.relationship.diagram.edit.policies.modelrelitemsemanticeditpolicy,1
edu.toronto.cs.se.mmint.mid.relationship.diagram.edit.policies.relationshipdiagramcanonicaleditpolicy,1
edu.toronto.cs.se.mmint.mid.relationship.diagram.edit.policies.relationshipdiagramoutlinedragdropeditpolicy,1
edu.toronto.cs.se.mmint.mid.relationship.diagram.edit.policies.relationshipdiagramsemanticeditpolicy,1
edu.toronto.cs.se.mmint.mid.relationship.diagram.edit.commands.modelelementreferencecreatecommand,1
edu.toronto.cs.se.mmint.mid.relationship.diagram.edit.commands.modelelementreference2createcommand,1
edu.toronto.cs.se.mmint.mid.relationship.diagram.edit.commands.modelelementreference3createcommand,1
edu.toronto.cs.se.mmint.mid.relationship.diagram.part.midlinkdescriptor,1
edu.toronto.cs.se.mmint.mid.relationship.diagram.edit.commands.mappingreference2createcommand,1
edu.toronto.cs.se.mmint.mid.relationship.diagram.edit.commands.mappingreferencecreatecommand,1
edu.toronto.cs.se.mmint.mid.relationship.diagram.edit.commands.modelendpointreference2createcommand,1
edu.toronto.cs.se.mmint.mid.relationship.diagram.edit.commands.modelendpointreferencecreatecommand,1
edu.toronto.cs.se.mmint.mid.relationship.diagram.navigator.midnavigatoritem,1
edu.toronto.cs.se.mmint.mid.relationship.diagram.providers.elementinitializers,1
edu.toronto.cs.se.mmint.mid.relationship.diagram.providers.midmarkernavigationprovider,1
edu.toronto.cs.se.mmint.mid.relationship.diagram.providers.midvalidationprovider,1
edu.toronto.cs.se.mmint.mid.relationship.diagram.edit.parts.mideditpartfactory,1
edu.toronto.cs.se.mmint.mid.relationship.diagram.part.middiagrameditorutil,1
edu.toronto.cs.se.mmint.mid.relationship.diagram.library.binarymappingreferencesourcemodelelementendpointreferencelabelparser,1
edu.toronto.cs.se.mmint.mid.relationship.diagram.library.binarymappingreferencetargetmodelelementendpointreferencelabelparser,1
edu.toronto.cs.se.mmint.mid.relationship.diagram.library.extendibleelementendpointreferencelabelparser,1
edu.toronto.cs.se.mmint.mid.relationship.diagram.library.extendibleelementreferencelabelparser,1
edu.toronto.cs.se.mmint.mid.relationship.diagram.library.relationshipdiagramcustomlabelparser,1
edu.toronto.cs.se.mmint.mid.relationship.diagram.edit.parts.binarymappingreferenceeditpart.binarymappingreferencefigure,1
edu.toronto.cs.se.mmint.mid.relationship.diagram.navigator.midnavigatorgroup,1
org.eclipse.sirius.viewpoint.drepresentation,1
org.eclipse.emf.ecore.presentation.dynamicmodelwizard,1
org.eclipse.jface.wizard.iwizard,1
org.eclipse.ui.iworkbenchwizard,1
org.eclipse.emf.common.util.basicemap,1
org.eclipse.emf.ecore.util.ecoreemap,1
edu.toronto.cs.se.mmint.mid.utils.primitiveeobjectwrapper,1
org.eclipse.core.runtime.filelocator,1
edu.toronto.cs.se.mmint.mid.reasoning.imodelconstrainttrait,1
edu.toronto.cs.se.mmint.mid.impl.genericelementimpl,1
edu.toronto.cs.se.mmint.mid.reasoning.ioperatorconstrainttrait,1
edu.toronto.cs.se.modelepedia.classdiagram.diagram.edit.policies.associationitemsemanticeditpolicy,1
edu.toronto.cs.se.modelepedia.classdiagram.diagram.edit.policies.attributeitemsemanticeditpolicy,1
edu.toronto.cs.se.modelepedia.classdiagram.diagram.edit.policies.classclassownedattributescompartmentcanonicaleditpolicy,1
edu.toronto.cs.se.modelepedia.classdiagram.diagram.edit.policies.classclassownedattributescompartmentitemsemanticeditpolicy,1
edu.toronto.cs.se.modelepedia.classdiagram.diagram.edit.policies.classclassownedoperationscompartmentcanonicaleditpolicy,1
edu.toronto.cs.se.modelepedia.classdiagram.diagram.edit.policies.classclassownedoperationscompartmentitemsemanticeditpolicy,1
edu.toronto.cs.se.modelepedia.classdiagram.diagram.edit.commands.classdiagramcreateshortcutdecorationscommand,1
edu.toronto.cs.se.modelepedia.classdiagram.diagram.edit.policies.classdiagramcanonicaleditpolicy,1
edu.toronto.cs.se.modelepedia.classdiagram.diagram.edit.policies.classdiagramitemsemanticeditpolicy,1
edu.toronto.cs.se.modelepedia.classdiagram.diagram.edit.policies.classitemsemanticeditpolicy,1
edu.toronto.cs.se.modelepedia.classdiagram.diagram.edit.policies.opendiagrameditpolicy,1
edu.toronto.cs.se.modelepedia.classdiagram.diagram.edit.policies.classnestedinitemsemanticeditpolicy,1
edu.toronto.cs.se.modelepedia.classdiagram.diagram.edit.policies.classsuperclassitemsemanticeditpolicy,1
edu.toronto.cs.se.modelepedia.classdiagram.diagram.edit.policies.dependencyitemsemanticeditpolicy,1
edu.toronto.cs.se.modelepedia.classdiagram.diagram.edit.policies.operationitemsemanticeditpolicy,1
edu.toronto.cs.se.modelepedia.classdiagram.diagram.edit.commands.attributecreatecommand,1
edu.toronto.cs.se.modelepedia.classdiagram.diagram.edit.commands.operationcreatecommand,1
edu.toronto.cs.se.modelepedia.classdiagram.diagram.part.classdiagramlinkdescriptor,1
edu.toronto.cs.se.modelepedia.classdiagram.diagram.edit.commands.classcreatecommand,1
edu.toronto.cs.se.modelepedia.classdiagram.diagram.edit.commands.associationcreatecommand,1
edu.toronto.cs.se.modelepedia.classdiagram.diagram.edit.commands.associationreorientcommand,1
edu.toronto.cs.se.modelepedia.classdiagram.diagram.edit.commands.classnestedincreatecommand,1
edu.toronto.cs.se.modelepedia.classdiagram.diagram.edit.commands.classnestedinreorientcommand,1
edu.toronto.cs.se.modelepedia.classdiagram.diagram.edit.commands.classsuperclasscreatecommand,1
edu.toronto.cs.se.modelepedia.classdiagram.diagram.edit.commands.classsuperclassreorientcommand,1
edu.toronto.cs.se.modelepedia.classdiagram.diagram.edit.commands.dependencycreatecommand,1
edu.toronto.cs.se.modelepedia.classdiagram.diagram.edit.commands.dependencyreorientcommand,1
edu.toronto.cs.se.modelepedia.classdiagram.diagram.navigator.classdiagramnavigatoritem,1
edu.toronto.cs.se.modelepedia.classdiagram.diagram.providers.elementinitializers,1
edu.toronto.cs.se.modelepedia.classdiagram.diagram.providers.classdiagrammarkernavigationprovider,1
edu.toronto.cs.se.modelepedia.classdiagram.diagram.providers.classdiagramvalidationprovider,1
edu.toronto.cs.se.modelepedia.classdiagram.diagram.edit.parts.classdiagrameditpartfactory,1
edu.toronto.cs.se.modelepedia.classdiagram.diagram.parsers.messageformatparser,1
edu.toronto.cs.se.modelepedia.classdiagram.diagram.navigator.classdiagramnavigatorgroup,1
edu.toronto.cs.se.modelepedia.classdiagram.util.classdiagramadapterfactory,1
edu.toronto.cs.se.modelepedia.classdiagram.provider.classdiagrameditplugin,1
edu.toronto.cs.se.mmint.types.fta.util.ftaadapterfactory,1
edu.toronto.cs.se.mmint.types.fta.provider.ftaitemprovideradapterfactory,1
edu.toronto.cs.se.mmint.types.fta.provider.ftaeditplugin,1
edu.toronto.cs.se.mmint.types.gsn.templates.provider.gsntemplateseditplugin,1
edu.toronto.cs.se.mmint.productline.util.plswitch,1
edu.toronto.cs.se.mmint.types.gsn.productline.util.plgsnadapterfactory,1
edu.toronto.cs.se.mmint.types.gsn.productline.util.plgsnbuilder,1
edu.toronto.cs.se.modelepedia.gsn.provider.contextitemprovider,1
edu.toronto.cs.se.mmint.types.gsn.templates.util.gsntemplatesadapterfactory,1
edu.toronto.cs.se.modelepedia.gsn.util.gsnswitch,1
edu.toronto.cs.se.modelepedia.gsn.impl.contextimpl,1
edu.toronto.cs.se.mmint.mid.ui.fileextensionsdialogfilter,1
edu.toronto.cs.se.mmint.mid.ui.filesonlydialogselectionvalidator,1
edu.toronto.cs.se.mmint.mid.ui.midtreeselectiondialog,1
edu.toronto.cs.se.modelepedia.gsn.util.gsnadapterfactory,1
edu.toronto.cs.se.modelepedia.gsn.provider.gsnitemprovideradapterfactory,1
edu.toronto.cs.se.modelepedia.gsn.util.gsnvalidator,1
java.util.function.function,1
org.eclipse.gmf.runtime.diagram.ui.editparts.shapecompartmenteditpart,1
edu.toronto.cs.se.modelepedia.istar.diagram.edit.policies.actoractorintentionscompartmentcanonicaleditpolicy,1
edu.toronto.cs.se.modelepedia.istar.diagram.edit.policies.actoractorintentionscompartmentitemsemanticeditpolicy,1
edu.toronto.cs.se.modelepedia.istar.diagram.edit.policies.actoritemsemanticeditpolicy,1
edu.toronto.cs.se.modelepedia.istar.diagram.edit.policies.opendiagrameditpolicy,1
edu.toronto.cs.se.modelepedia.istar.diagram.edit.policies.contributionitemsemanticeditpolicy,1
edu.toronto.cs.se.modelepedia.istar.diagram.edit.policies.decompositionitemsemanticeditpolicy,1
edu.toronto.cs.se.modelepedia.istar.diagram.edit.policies.dependeelinkitemsemanticeditpolicy,1
edu.toronto.cs.se.modelepedia.istar.diagram.edit.policies.dependerlinkitemsemanticeditpolicy,1
edu.toronto.cs.se.modelepedia.istar.diagram.edit.policies.goal2itemsemanticeditpolicy,1
edu.toronto.cs.se.modelepedia.istar.diagram.edit.policies.goalitemsemanticeditpolicy,1
edu.toronto.cs.se.modelepedia.istar.diagram.edit.commands.istarcreateshortcutdecorationscommand,1
edu.toronto.cs.se.modelepedia.istar.diagram.edit.policies.istarcanonicaleditpolicy,1
edu.toronto.cs.se.modelepedia.istar.diagram.edit.policies.istaritemsemanticeditpolicy,1
edu.toronto.cs.se.modelepedia.istar.diagram.edit.policies.meansenditemsemanticeditpolicy,1
edu.toronto.cs.se.modelepedia.istar.diagram.edit.policies.resource2itemsemanticeditpolicy,1
edu.toronto.cs.se.modelepedia.istar.diagram.edit.policies.resourceitemsemanticeditpolicy,1
edu.toronto.cs.se.modelepedia.istar.diagram.edit.policies.softgoal2itemsemanticeditpolicy,1
edu.toronto.cs.se.modelepedia.istar.diagram.edit.policies.softgoalitemsemanticeditpolicy,1
edu.toronto.cs.se.modelepedia.istar.diagram.edit.policies.task2itemsemanticeditpolicy,1
edu.toronto.cs.se.modelepedia.istar.diagram.edit.policies.taskitemsemanticeditpolicy,1
edu.toronto.cs.se.modelepedia.istar.diagram.edit.commands.goal2createcommand,1
edu.toronto.cs.se.modelepedia.istar.diagram.edit.commands.resource2createcommand,1
edu.toronto.cs.se.modelepedia.istar.diagram.edit.commands.softgoal2createcommand,1
edu.toronto.cs.se.modelepedia.istar.diagram.edit.commands.task2createcommand,1
edu.toronto.cs.se.modelepedia.istar.diagram.part.istarlinkdescriptor,1
edu.toronto.cs.se.modelepedia.istar.diagram.edit.commands.actorcreatecommand,1
edu.toronto.cs.se.modelepedia.istar.diagram.edit.commands.goalcreatecommand,1
edu.toronto.cs.se.modelepedia.istar.diagram.edit.commands.resourcecreatecommand,1
edu.toronto.cs.se.modelepedia.istar.diagram.edit.commands.softgoalcreatecommand,1
edu.toronto.cs.se.modelepedia.istar.diagram.edit.commands.taskcreatecommand,1
edu.toronto.cs.se.modelepedia.istar.diagram.navigator.istarnavigatoritem,1
edu.toronto.cs.se.modelepedia.istar.diagram.providers.elementinitializers,1
edu.toronto.cs.se.modelepedia.istar.diagram.providers.istarmarkernavigationprovider,1
edu.toronto.cs.se.modelepedia.istar.diagram.providers.istarvalidationprovider,1
edu.toronto.cs.se.modelepedia.istar.diagram.edit.parts.istareditpartfactory,1
edu.toronto.cs.se.modelepedia.istar.diagram.parsers.messageformatparser,1
edu.toronto.cs.se.modelepedia.istar.diagram.navigator.istarnavigatorgroup,1
edu.toronto.cs.se.modelepedia.istar.util.istaradapterfactory,1
edu.toronto.cs.se.modelepedia.istar.provider.istareditplugin,1
edu.toronto.cs.se.modelepedia.istar.util.istarvalidator,1
edu.toronto.cs.se.mmint.types.lts.util.ltsadapterfactory,1
edu.toronto.cs.se.mmint.types.lts.provider.ltsitemprovideradapterfactory,1
edu.toronto.cs.se.mmint.types.lts.provider.ltseditplugin,1
edu.toronto.cs.se.mmint.types.lts.util.ltsvalidator,1
edu.toronto.cs.se.modelepedia.relationaldatabase.diagram.edit.policies.columnitemsemanticeditpolicy,1
edu.toronto.cs.se.modelepedia.relationaldatabase.diagram.edit.policies.foreignkeyitemsemanticeditpolicy,1
edu.toronto.cs.se.modelepedia.relationaldatabase.diagram.edit.policies.foreignkeyforeigncolumnitemsemanticeditpolicy,1
edu.toronto.cs.se.modelepedia.relationaldatabase.diagram.edit.policies.foreignkeytablecolumnitemsemanticeditpolicy,1
org.eclipse.gmf.runtime.diagram.ui.editpolicies.nonresizablelabeleditpolicy,1
edu.toronto.cs.se.modelepedia.relationaldatabase.diagram.edit.commands.relationaldatabasecreateshortcutdecorationscommand,1
edu.toronto.cs.se.modelepedia.relationaldatabase.diagram.edit.policies.relationaldatabasecanonicaleditpolicy,1
edu.toronto.cs.se.modelepedia.relationaldatabase.diagram.edit.policies.relationaldatabaseitemsemanticeditpolicy,1
edu.toronto.cs.se.modelepedia.relationaldatabase.diagram.edit.policies.opendiagrameditpolicy,1
edu.toronto.cs.se.modelepedia.relationaldatabase.diagram.edit.policies.tableitemsemanticeditpolicy,1
edu.toronto.cs.se.modelepedia.relationaldatabase.diagram.edit.policies.tabletablecolumnscompartmentcanonicaleditpolicy,1
edu.toronto.cs.se.modelepedia.relationaldatabase.diagram.edit.policies.tabletablecolumnscompartmentitemsemanticeditpolicy,1
edu.toronto.cs.se.modelepedia.relationaldatabase.diagram.edit.policies.tabletableforeignkeyscompartmentcanonicaleditpolicy,1
edu.toronto.cs.se.modelepedia.relationaldatabase.diagram.edit.policies.tabletableforeignkeyscompartmentitemsemanticeditpolicy,1
edu.toronto.cs.se.modelepedia.relationaldatabase.diagram.part.relationaldatabaselinkdescriptor,1
edu.toronto.cs.se.modelepedia.relationaldatabase.diagram.edit.commands.tablecreatecommand,1
edu.toronto.cs.se.modelepedia.relationaldatabase.diagram.edit.commands.columncreatecommand,1
edu.toronto.cs.se.modelepedia.relationaldatabase.diagram.edit.commands.foreignkeycreatecommand,1
edu.toronto.cs.se.modelepedia.relationaldatabase.diagram.navigator.relationaldatabasenavigatoritem,1
edu.toronto.cs.se.modelepedia.relationaldatabase.diagram.providers.elementinitializers,1
edu.toronto.cs.se.modelepedia.relationaldatabase.diagram.providers.relationaldatabasemarkernavigationprovider,1
edu.toronto.cs.se.modelepedia.relationaldatabase.diagram.providers.relationaldatabasevalidationprovider,1
edu.toronto.cs.se.modelepedia.relationaldatabase.diagram.edit.parts.relationaldatabaseeditpartfactory,1
edu.toronto.cs.se.modelepedia.relationaldatabase.diagram.parsers.messageformatparser,1
edu.toronto.cs.se.modelepedia.relationaldatabase.diagram.navigator.relationaldatabasenavigatorgroup,1
edu.toronto.cs.se.modelepedia.relationaldatabase.util.relationaldatabaseadapterfactory,1
edu.toronto.cs.se.modelepedia.relationaldatabase.provider.relationaldatabaseeditplugin,1
edu.toronto.cs.se.modelepedia.sequencediagram.util.sequencediagramadapterfactory,1
edu.toronto.cs.se.modelepedia.sequencediagram.provider.sequencediagramitemprovideradapterfactory,1
edu.toronto.cs.se.modelepedia.sequencediagram.provider.sequencediagrameditplugin,1
edu.toronto.cs.se.modelepedia.statemachine.diagram.edit.policies.finalstateitemsemanticeditpolicy,1
edu.toronto.cs.se.modelepedia.statemachine.diagram.edit.policies.initialstateitemsemanticeditpolicy,1
edu.toronto.cs.se.modelepedia.statemachine.diagram.edit.policies.stateactionitemsemanticeditpolicy,1
edu.toronto.cs.se.modelepedia.statemachine.diagram.edit.policies.opendiagrameditpolicy,1
edu.toronto.cs.se.modelepedia.statemachine.diagram.edit.policies.stateitemsemanticeditpolicy,1
edu.toronto.cs.se.modelepedia.statemachine.diagram.edit.commands.statemachinecreateshortcutdecorationscommand,1
edu.toronto.cs.se.modelepedia.statemachine.diagram.edit.policies.statemachinecanonicaleditpolicy,1
edu.toronto.cs.se.modelepedia.statemachine.diagram.edit.policies.statemachineitemsemanticeditpolicy,1
edu.toronto.cs.se.modelepedia.statemachine.diagram.edit.policies.statestateinternalactionscompartmentcanonicaleditpolicy,1
edu.toronto.cs.se.modelepedia.statemachine.diagram.edit.policies.statestateinternalactionscompartmentitemsemanticeditpolicy,1
edu.toronto.cs.se.modelepedia.statemachine.diagram.edit.policies.transitionitemsemanticeditpolicy,1
edu.toronto.cs.se.modelepedia.statemachine.diagram.part.statemachinelinkdescriptor,1
edu.toronto.cs.se.modelepedia.statemachine.diagram.edit.commands.finalstatecreatecommand,1
edu.toronto.cs.se.modelepedia.statemachine.diagram.edit.commands.initialstatecreatecommand,1
edu.toronto.cs.se.modelepedia.statemachine.diagram.edit.commands.statecreatecommand,1
edu.toronto.cs.se.modelepedia.statemachine.diagram.edit.commands.stateactioncreatecommand,1
edu.toronto.cs.se.modelepedia.statemachine.diagram.navigator.statemachinenavigatoritem,1
edu.toronto.cs.se.modelepedia.statemachine.diagram.providers.elementinitializers,1
edu.toronto.cs.se.modelepedia.statemachine.diagram.providers.statemachinemarkernavigationprovider,1
edu.toronto.cs.se.modelepedia.statemachine.diagram.providers.statemachinevalidationprovider,1
edu.toronto.cs.se.modelepedia.statemachine.diagram.edit.parts.statemachineeditpartfactory,1
edu.toronto.cs.se.modelepedia.statemachine.diagram.parsers.messageformatparser,1
edu.toronto.cs.se.modelepedia.statemachine.diagram.navigator.statemachinenavigatorgroup,1
edu.toronto.cs.se.modelepedia.statemachine.util.statemachineadapterfactory,1
edu.toronto.cs.se.modelepedia.statemachine.provider.statemachineeditplugin,1
ortho_utils,1
train_log,1
dailies,1
edu.stanford.nlp.parser.lexparser.lexicalizedparser,1
edu.stanford.nlp.parser.lexparser.parsefiles,1
edu.stanford.nlp.trees.,1
edu.stanford.nlp.classify.columndataclassifier,1
java.beans.beaninfo,1
java.beans.introspectionexception,1
java.beans.introspector,1
java.beans.propertydescriptor,1
com.sun.msv.datatype.xsd.datatypefactory,1
com.sun.msv.datatype.xsd.typeincubator,1
org.dom4j.util.attributehelper,1
org.dom4j.tree.,1
org.dom4j.util.simplesingleton,1
org.dom4j.xpath.defaultxpath,1
org.dom4j.xpath.xpathpattern,1
org.dom4j.tree.defaultcdata,1
org.dom4j.tree.defaultcomment,1
org.dom4j.tree.defaultdocument,1
org.dom4j.tree.defaultdocumenttype,1
org.dom4j.tree.defaultentity,1
org.dom4j.tree.defaultprocessinginstruction,1
org.dom4j.tree.defaulttext,1
org.xml.sax.xmlfilter,1
javax.xml.transform.sax.saxsource,1
org.dom4j.dom.,1
org.w3c.dom.domimplementation,1
javax.xml.parsers.saxparser,1
javax.xml.parsers.saxparserfactory,1
org.dom4j.dtd.attributedecl,1
org.dom4j.dtd.elementdecl,1
org.dom4j.dtd.externalentitydecl,1
org.dom4j.dtd.internalentitydecl,1
org.xml.sax.dtdhandler,1
org.xml.sax.locator,1
org.xml.sax.helpers.locatorimpl,1
javax.xml.stream.xmleventreader,1
javax.xml.stream.xmlinputfactory,1
javax.xml.stream.xmlstreamconstants,1
javax.xml.stream.events.attribute,1
javax.xml.stream.events.comment,1
javax.xml.stream.events.namespace,1
javax.xml.stream.xmleventfactory,1
javax.xml.stream.util.xmleventconsumer,1
org.xml.sax.helpers.xmlfilterimpl,1
org.xmlpull.v1.xmlpullparser,1
org.xmlpull.v1.xmlpullparserexception,1
org.xmlpull.v1.xmlpullparserfactory,1
org.dom4j.xpp.proxyxmlstarttag,1
org.gjt.xpp.xmlendtag,1
org.gjt.xpp.xmlpullparser,1
org.gjt.xpp.xmlpullparserfactory,1
org.dom4j.io.elementmodifier,1
org.dom4j.io.saxmodifier,1
org.dom4j.dom.domdocument,1
javax.xml.transform.source,1
javax.xml.transform.stream.streamsource,1
org.dom4j.tree.abstractnode,1
org.dom4j.tree.namespacecache,1
java.util.enumset,1
org.dom4j.tree.qnamecache,1
java.util.enummap,1
org.dom4j.rule.pattern.nodetypepattern,1
org.dom4j.branch,1
javax.swing.tree.defaulttreemodel,1
org.dom4j.documenttype,1
org.dom4j.entity,1
org.dom4j.processinginstruction,1
org.dom4j.tree.lazylist,1
org.dom4j.tree.baseelement,1
org.jaxen.functioncontext,1
org.jaxen.dom4j.dom4jxpath,1
org.jaxen.dom4j.documentnavigator,1
org.jaxen.pattern.pattern,1
org.jaxen.pattern.patternparser,1
org.jaxen.saxpath.saxpathexception,1
org.gjt.xpp.xmlstarttag,1
java.io.sequenceinputstream,1
pandastable,1
parser_wrapper,1
dep_to_4lang,1
stanford_wrapper,1
sherlic,1
elmoformanylangs,1
parse_data,1
wiki,1
article_parsers,1
camera_info_manager,1
${',1
cvg_sim_gazebo_plugins,1
sdf,1
mav_msgs,1
cvg_sim_msgs,1
hector_uav_msgs,1
diagnostic_updater,1
self_test,1
driver_base,1
hector_map_tools,1
occgridmapbase.h,1
gridmaplogodds.h,1
gridmapreflectancecount.h,1
gridmapsimplecount.h,1
mapdimensionproperties.h,1
gridmapbase.h,1
occgridmaputil.h,1
gridmapcachehash.h,1
gridmapcachearray.h,1
maprepmultimap.h,1
mapproccontainer.h,1
drawinterface.h,1
pcl_conversions,1
octomap_ros,1
rest_framework_guardian,1
custom_layout_object,1
django_celery_results,1
knrm,1
base_conf,1
deeplearning4ir,1
genexu_fp_add_sub.hpp,1
genexu_fp_div.hpp,1
genexu_fp_fma.hpp,1
genexu_fp_mul.hpp,1
median.h,1
mul_sw.h,1
riscv_test.h,1
jason.assyntax.logicalformula,1
jason.assyntax.rule,1
jason.assyntax.assyntax,1
jason.assyntax.cyclicterm,1
jason.assyntax.listterm,1
jason.assyntax.listtermimpl,1
jason.assyntax.literalimpl,1
jason.assyntax.pred,1
jason.assyntax.structure,1
jason.assyntax.term,1
jason.assyntax.trigger,1
jason.assyntax.unnamedvar,1
jason.assyntax.varterm,1
jason.assyntax.directives.namespace,1
r3graphics,1
tiff,1
r2kdtree.cpp,1
r3kdtree.cpp,1
r3shapes.h,1
json_valueiterator.inl,1
rnarray.i,1
3dr.h,1
3dg.h,1
rngrfx.i,1
rnheap.cpp,1
rnmap.cpp,1
rnqueue.i,1
benchmarkparams.h,1
benchmarkutil.h,1
mliblodepng.h,1
mlibfreeimage.h,1
mliblodepng.cpp,1
autester.h,1
paralogycorrector.h,1
polysolver.h,1
polysolver_distance.h,1
polysolver_nad.h,1
dhedfreader,1
pymilne,1
milne,1
image_saver_c,1
point_generator,1
printing_tools,1
tkconstants,1
"""${codegen_pkg}",1
wiktionary,1
hi_translit,1
mwxml,1
sharpmask,1
resnet_model,1
im_classes,1
ipaddressv4.h,1
neuralnetwork.h,1
brain.capnp.h,1
featuresdecoder.h,1
flowmatchencoder.h,1
flowmodactionencoder.h,1
flowmodencoder.h,1
flowmodinstructionencoder.h,1
flowremoveddecoder.h,1
hellodecoder.h,1
oxmtlv.h,1
packetindecoder.h,1
openflowtable.h,1
enumtypes.h,1
flowmanager.h,1
lookuptree.h,1
pyeclairs,1
aaron_utils.hpp,1
weightblockencoder.h,1
dyscostmancol.h,1
frida,1
tomledit,1
scoringrules,1
isodistrreg,1
np,1
tram,1
grf,1
grid_manager,1
scmtiles,1
gulp-changed,1
gulp-webserver,1
gulp-sourcemaps,1
gulp-rev,1
gulp-rev-replace,1
gulp-useref,1
gulp-minify-css,1
gulp-minify-html,1
gulp-autoprefixer,1
gulp-debug,1
gulp-filter,1
main-bower-files,1
gulp-inject,1
mslex,1
aiosqlite,1
perseusr,1
mwsl,1
file_util,1
detectplaneplayercardio,1
tflayer,1
sntp.h,1
error_codes.h,1
aws_requests_auth,1
unityparser,1
compress_pickle,1
feedr,1
anidom,1
dominance,1
perc,1
activity,1
gary,1
ipred,1
rsample,1
interpolation,1
cannon,1
triangle,1
spectrum1d,1
ccf,1
clientconnection,1
iotconnection,1
mysparqlwrapper,1
extraction,1
lizard,1
dict_logger,1
unemployment_v0,1
unemployment_v3,1
unemployment_v4,1
unemployment_rev_v0,1
runsubprocess,1
geneontology,1
termdistances,1
genedistances,1
assembledistances,1
taxasummary,1
genesetcollection,1
geneset,1
blasttools,1
blastmapper,1
parallelblast,1
parseblast,1
parseparallelblast,1
conversiontools,1
databasefetch,1
databasecreate,1
sqlalchemy_schemadisplay,1
clusteringlib,1
spectralclustering,1
spectralclusterparamsearch,1
spectralclusterresults,1
enrichmenttests,1
restlib,1
latexlib,1
expressionlib,1
heatmap,1
unittests,1
databasetest,1
geneontologytest,1
blasttest,1
blastmappertest,1
fuzzysimulator,1
sitemap,1
opticalflow,1
visuserver,1
feature_extractor,1
adxl345,1
adafruit_adxl345,1
sga.h,1
pmlb,1
prob_param.h,1
amrex_particlehdf5.h,1
amrex_reduce.h,1
amrex_fft.h,1
eos_adiabatic.h,1
amrex_bndrydata.h,1
f_rhs_struct.h,1
particlederive.h,1
bc_fill.h,1
atomic_rates.h,1
amrex_realvect.h,1
neutrinoparticles_k.h,1
nyx_enforce_minimum_density.h,1
acuuid.h,1
asldefine.h,1
asltypes.h,1
aslmessages.h,1
aslglobal.h,1
preprocess.h,1
dtcompiler.h,1
dtparser.y.h,1
dttemplate.h,1
prparser.y.h,1
aclocal.h,1
acobject.h,1
acstruct.h,1
achware.h,1
acclib.h,1
acnames.h,1
acexcep.h,1
acrestyp.h,1
acpiosxf.h,1
acpixf.h,1
acbuffer.h,1
actbl1.h,1
actbl2.h,1
actbl3.h,1
acgcc.h,1
acmsvc.h,1
acintel.h,1
acmacosx.h,1
acdragonfly.h,1
acfreebsd.h,1
acnetbsd.h,1
acsolaris.h,1
acmodesto.h,1
acnetware.h,1
accygwin.h,1
acwin.h,1
acwin64.h,1
acvxworks.h,1
acos2.h,1
achaiku.h,1
acqnx.h,1
acefi.h,1
aczephyr.h,1
aclinuxex.h,1
acdragonflyex.h,1
acefiex.h,1
acgccex.h,1
acmsvcex.h,1
kernelexport.h,1
os2.h,1
kenv.h,1
aetables.h,1
r2rineighbormetric.inl,1
r2riqueuemetric.inl,1
functionwrapper.inl,1
parameterconvert.inl,1
random_walk,1
astor,1
utilfit,1
easy-connect.h,1
esp8266interface.h,1
odinwifiinterface.h,1
rtwinterface.h,1
spwfsainterface.h,1
ism43362interface.h,1
esp32interface.h,1
ethernetinterface.h,1
onboardcellularinterface.h,1
easycellularconnection.h,1
wizfi310interface.h,1
wnc14a2ainterface.h,1
wncdebug.h,1
nanostackrfphyatmel.h,1
nanostackrfphymcr20a.h,1
nanostackrfphyspirit1.h,1
nanostackrfphyefr32.h,1
tsssdphysics.h,1
tfatimaphysics.h,1
npcalibrationsource.h,1
npanalysisfactory.h,1
npspectraserver.h,1
tasimage.h,1
npdeltaspectra.h,1
npcore.h,1
meventreduced.h,1
tactarspectra.h,1
npransac.h,1
npcluster.h,1
tagataspectra.h,1
tagataphysics.h,1
annularcsi_utils.h,1
tannularcsispectra.h,1
tannularcsiphysics.h,1
ts1data.h,1
ts2data.h,1
tannulars4spectra.h,1
tannulars4physics.h,1
annulartelescope_utils.h,1
tannulartelescopespectra.h,1
tannulartelescopephysics.h,1
tbeam_dumpspectra.h,1
tbeam_dumpphysics.h,1
tcatsspectra.h,1
npdetectorfactory.h,1
tcharissaspectra.h,1
tcharissaphysics.h,1
tchateaucristaldata.h,1
tchio_andata.h,1
tchio_digdata.h,1
tcomptontelescopespectra.h,1
tcomptontelescopephysics.h,1
tcsidata.h,1
tdalispectra.h,1
tdaliphysics.h,1
texlspectra.h,1
texlphysics.h,1
texogamspectra.h,1
texogamphysics.h,1
tfatimadata.h,1
tforwardarrayspectra.h,1
tfpdtamuspectra.h,1
tfpdtamuphysics.h,1
ttacdata.h,1
tgetamudata.h,1
theliosspectra.h,1
theliosphysics.h,1
thiradata.h,1
tlabr3spectra.h,1
tlabr3physics.h,1
tlassadata.h,1
tlightpipespectra.h,1
tlightpipephysics.h,1
configreader.h,1
tformula.h,1
tarrayf.h,1
thistpainter.h,1
tmatrixfbase.h,1
tpaletteaxis.h,1
tvirtualhistpainter.h,1
tpolymarker.h,1
tarrow.h,1
tbuffer.h,1
tmdmspectra.h,1
tmicroballspectra.h,1
tminiballspectra.h,1
tminosspectra.h,1
tmodularleafspectra.h,1
tmugastspectra.h,1
tmust2spectra.h,1
tnanadata.h,1
tneutronwallspectra.h,1
tparisdata.h,1
tplasticdata.h,1
tpyramidspectra.h,1
tqqqdata.h,1
tsharcspectra.h,1
tsilispectra.h,1
tsiliphysics.h,1
tsiresspectra.h,1
tsiresphysics.h,1
tspegdcdata.h,1
tspegchiodata.h,1
tspegplasticdata.h,1
tsplitpolenmr.h,1
tsplitpolespectra.h,1
tsssddata.h,1
ttiarabarrelspectra.h,1
ttiarabarrelphysics.h,1
ttiarahyballspectra.h,1
ttiarahyballphysics.h,1
ttigressdata.h,1
ttntspectra.h,1
ttntphysics.h,1
ttrexspectra.h,1
ttrifoildata.h,1
tvamosdata.h,1
tw1spectra.h,1
tglayout.h,1
tgbutton.h,1
tgtab.h,1
tgstatusbar.h,1
tgcombobox.h,1
trootembeddedcanvas.h,1
tglisttree.h,1
tgtextentry.h,1
tgtextedit.h,1
tgnumberentry.h,1
rq_object.h,1
npspectraclient.h,1
npelog.h,1
tgenphasespace.h,1
tdetectornamespectra.h,1
tsystemdirectory.h,1
energycalibrator.h,1
tlassaphysics.h,1
tnanaphysics.h,1
tannulars1physics.h,1
tparisphysics.h,1
ttigressphysics.h,1
tplasticphysics.h,1
smatr,1
multitracersims4delensing,1
unity_bridge,1
udp_link,1
conake,1
fid_new,1
sia_fluxlim,1
segmaps,1
fnu,1
mbb_emcee,1
gapminder,1
adbutils,1
phantomjs-prebuilt,1
protocolify,1
parse-json,1
localization,1
association_test,1
deltat,1
ntuple,1
download_videos,1
main_utils,1
auto_border_utils,1
pop_deque,1
frame_queue,1
apacheaccessmodel,1
cfg_parser,1
glycan_plotting,1
exprtk.hpp,1
qmatrix3x3,1
h5cpp.h,1
qpluginloader,1
pxfourchandeeprgba.h,1
pxonechandeepalpha.h,1
pxonechandeepopacity.h,1
imfdeepframebuffer.h,1
imfnamespace.h,1
imfpixeltype.h,1
libdeflate.h,1
mashr,1
rrblup,1
term,1
quantifier,1
syscall,1
ais,1
celeba_progan,1
cloudfcn,1
css-minimizer-webpack-plugin,1
filemanager-webpack-plugin,1
gal_properties,1
nuker_catalog,1
nuker,1
parker,1
ipyani,1
contributed_traders,1
impact_single_day_pov,1
convert_order_book,1
convert_order_stream,1
symbol,1
sklearn_module,1
coral,1
tsdownsample,1
metforminvssulfonylurea,1
_dict,1
textrank,1
viterbi,1
char_state_tab,1
netcdf4_,1
pydap_,1
scipy_,1
cdms2,1
cyordereddict,1
fov_calculator,1
apes,1
fixed2free,1
triplet_mnist_loader,1
triplet_image_loader,1
tripletnet,1
erlang,1
seqgroup,1
paml,1
phylip,1
newick,1
json_util,1
epa_trainer,1
choroplethr,1
rcstatebin,1
$virtualenv,1
@tailwindcss,1
@themesberg,1
tailwindcss-dir,1
glightbox,1
vee-validate,1
date-fns,1
vuedraggable,1
laravel-mix-tailwind,1
gina,1
acebutton.h,1
node-ensure,1
problems,1
shifts,1
shiftmodels,1
fuzzywuzzyr,1
casadef,1
jasper,1
navdatabase,1
loadnavdata_txt,1
loadnavdata,1
pyclipper,1
screenio,1
geo.hpp,1
resolution,1
statebased,1
mvp,1
cstatebased.hpp,1
fwparser,1
perfoap,1
conditional,1
trails,1
trafficgroups,1
screen,1
radarclick,1
dialog,1
gltraffic,1
glmap,1
glnavdata,1
glpoly,1
gltiledmap,1
difgamelearnerfunctions,1
panflute,1
dattoscn,1
citationtodatfile,1
so6_to_scn,1
fileframe,1
utils_debug,1
memoria.h,1
system_parameters.c,1
piezo_library.c,1
su_library.c,1
rk78.h,1
lu.h,1
kplr,1
dmstarrotate,1
aesara_theano_fallback,1
algdiff,1
g0.h,1
gpbo,1
rembo,1
projection_matrix,1
kernel_inputs,1
dataset_helpers,1
gensys_helpers,1
get_syntax,1
get_event_population,1
chisq_analysis,1
connect_to_sndavis,1
define_filters,1
calibrate_swift_spectra,1
area,1
daterange,1
bilinear_sampler,1
vertx,1
textfilter.hpp,1
coder.hpp,1
suballoc.hpp,1
crt0.h,1
ppmdtype.h,1
java.lang.iterable,1
java.lang.comparable,1
java.util.navigableset,1
cutesc,1
fluidbalance,1
cohorts,1
accum,1
output_classes,1
distro,1
compare_results,1
automatic_tool_installation,1
execution_phase,1
analysis_tools,1
pyplot,1
@ionic,1
files2rouge,1
hexview,1
ida_typeinf,1
ida_diskio,1
vec3t.hpp,1
chi2cdf.h,1
patchlevel.h,1
tar.h,1
magic.inc,1
readelf.h,1
someincludefile.h,1
folders.h,1
script.h,1
gestalt.h,1
xsteg.h,1
strict_rfc3339,1
libresdet_api,1
my_testlib.h,1
qsketch,1
torchpercentile,1
wmsal.h,1
wmspecstrings_adt.h,1
wmspecstrings_strict.h,1
wmspecstringce.h,1
wmspecstrings_undef.h,1
..\x86\x86.h,1
ansi.h,1
arm_invcolorconversion.h,1
cmnintrin.h,1
guiddef.h,1
wmspecstring.h,1
ui_about,1
ui_illumap,1
ui_mainwindow,1
illumap,1
setting,1
ui_setting,1
socket.io.session,1
connect-redis,1
qa2hypo,1
zaber,1
arrayimage,1
pco,1
gpur,1
revoutilsmath,1
dirmult,1
hmp,1
pkgmaker,1
rngtools,1
hilldiv,1
readdcd.h,1
endianswap.h,1
dcd,1
xdrfile,1
misc.hpp,1
args.hxx,1
writer.hpp,1
@vitest,1
vite-plugin-dts,1
karyoploter,1
regioner,1
find_object,1
multi_color_detector,1
profilehooks,1
flask_colorpicker,1
vision,1
color,1
frames,1
bcm_host,1
image_server,1
sharepos,1
screeninfo,1
rlcompleter,1
nasa93,1
abcd,1
counts,1
smote,1
modelwrapper,1
code_classifier,1
hih4030.h,1
scaffolder,1
mesher,1
biarcs,1
xml_io,1
pyhull,1
swiglpk,1
chull,1
xdgbase.h,1
spei,1
cpo,1
pol_tools,1
x_y_plot,1
ds9cool,1
teloclip,1
patientpy_utils,1
recursivefeatureinclusion,1
"+a.href,c.tostring())}}),b}function c(a){return{resolve:function(){var b=(a.parentstylesheet||{}).href;return q.inlineall(a.csstext,b)},src:function(){return a.style.getpropertyvalue(",1
mendeleev,1
rcpparmadilloextensions,1
multiplex,1
ncp_sampler,1
hash_table5.hpp,1
sparse_map.h,1
sparse_patchmap.hpp,1
flat_hash_map.hpp,1
bytell_hash_map.hpp,1
sparsepp,1
wmath_unordered_map.hpp,1
judy.h,1
wmath,1
whash.h,1
sparse.hpp,1
robin_hood.h,1
hash_set.h,1
hash_trie.hpp,1
wmath.hpp,1
triplet,1
gaitset,1
basic_blocks,1
rollup-plugin-typescript,1
rollup-plugin-copy,1
rollup-plugin-javascript-obfuscator,1
_ssl,1
tcp_tunnel,1
tcp_upstream,1
subscriber,1
hello,1
finished,1
key_exchange,1
pretty,1
handshake,1
delegate,1
threaded,1
proxy_auth_failed,1
proxy_conn_failed,1
http_request_rejected,1
pac_plugin,1
shortlink,1
proxy_pool,1
program_name,1
mock_rest_api,1
reverse_proxy,1
cloudflare_dns,1
modify_post_data,1
web_server_route,1
man_in_the_middle,1
filter_by_upstream,1
custom_dns_resolver,1
filter_by_client_ip,1
filter_by_url_regex,1
modify_chunk_response,1
modify_request_header,1
redirect_to_custom_server,1
tls_intercept_conditionally,1
cache_responses,1
dispersion,1
stencil,1
yesno,1
react-redux,1
redux,1
bgl,1
dmtcpaware.h,1
tensor_operations,1
wikicorpus_sentence,1
leader-election-zab.h,1
c_parser,1
_ast_gen,1
lextab,1
yacctab,1
c_ast,1
c_lexer,1
plyparser,1
ast_transforms,1
libxmljs,1
node-serialize,1
sequelize,1
vamp,1
petsclog.h,1
py_goicp,1
exrex,1
compare.h,1
sparsearray.h,1
qiime,1
"$qdepdir""",1
coin_c_defines.h,1
coinmessagehandler.hpp,1
clpsimplex.hpp,1
clpinterior.hpp,1
clpcholeskybase.hpp,1
rrng.h,1
grng.h,1
temperatures,1
cloudapi,1
cloudutils,1
standalonetools,1
brewerslabengine,1
pitmgovernor,1
twitter,1
tweetauth,1
pyconfhoarddatastore,1
pyconfhoardlock,1
coverage,1
cmd2,1
phasenet,1
license-manager-key-register.h,1
@rails,1
sparql_queries,1
eval_file_writer,1
relion_fixed_it,1
fortree.h,1
srid.h,1
hilbertrtree.h,1
nanddevice01.h,1
rbtree_augmented.h,1
rbtree-linux.h,1
rbtree-linux-augmented.h,1
utvector.h,1
utstring.h,1
utringbuffer.h,1
utlist.h,1
io_handler.h,1
funcapi.h,1
lwgeom_functions_analytic.h,1
rstartree.h,1
composer-cucumber-steps,1
cucumber,1
model_robustml,1
tsafe,1
multitask_dsdgp,1
multikernel_layers,1
plot_functions,1
evaluate_sht_filters,1
spgl_aux,1
mex_tools.h,1
residual.h,1
pyramid.h,1
datastructure,1
cublas.h,1
mesh_io.h,1
meshextractor,1
hashtable,1
axis.h,1
conv2d,1
cuda_math.h,1
nodehandler.h,1
tf2,1
defgraph.h,1
trivariate_syn,1
trivariate_unq,1
trivariate_qp,1
ltr.hpp,1
buffer.hpp,1
mergesort.h,1
trash.h,1
phyilpx_phyclip,1
pyutilx,1
${phys_dir},1
htmlpageserver,1
cvmfsappversions,1
gittagmacros,1
requestsdbapi,1
admins,1
ustep,1
crossvalidation,1
showresultssyntheticdata,1
cvxpytraining,1
rte_malloc.h,1
rte_kni.h,1
rte_version.h,1
rte_bus_pci.h,1
rte_timer.h,1
rte_meter.h,1
rte_spinlock.h,1
rte_pdump.h,1
ans_ip_intf.h,1
anscli_main.h,1
anscli_intf.h,1
cicero,1
binarize,1
genericio,1
processorheaders.h,1
editorheaders.h,1
plugininfo.h,1
cw_qa_attack_ensemble,1
cw_qa_attack_random,1
fastnlp,1
bleach,1
tdvp_uniform,1
mps_sandwich,1
mps_uniform_excite,1
rsparser.h,1
clusterbuster,1
motiflocator,1
create_regulatory_domains,1
dbow2.h,1
templateddatabase.h,1
binaryfile.h,1
filefunctions.h,1
configfile.h,1
math.hpp,1
stl.h,1
lut.h,1
debugfunctions.h,1
sparse_optimizer_terminate_action.h,1
cholmod.h,1
linear_solver_cholmod.h,1
linear_solver_dense.h,1
command_args.h,1
filesys_tools.h,1
opengl_primitives.h,1
opengl_wrapper.h,1
sparse_helper.h,1
tictoc.h,1
sbacam.h,1
dquat2mat_maxima_generated.cpp,1
dquat2mat.cpp,1
types_slam3d.h,1
convolve.h,1
imconv.h,1
imutil.h,1
disjoint-set.h,1
segment-graph.h,1
pnmfile.h,1
segment-image.h,1
gaia_tools,1
adabinner,1
quick_hist,1
idlplot,1
periodic,1
photosphere,1
moog,1
cog,1
blends,1
linelists,1
radiative_transfer,1
rv,1
continuum,1
sheet-object.h,1
sheet-object-impl.h,1
sheet-object-widget.h,1
sheet-object-image.h,1
sheet-object-graph.h,1
gnm-so-filled.h,1
gnm-so-line.h,1
gnm-so-polygon.h,1
gdkglshapes.c,1
parse-util.h,1
str.h,1
workbook-view.h,1
gsf,1
portaudio.h,1
srcprocess.h,1
samplerate.h,1
sfinfo.h,1
sndfile.h,1
ffi.h,1
atk,1
pango,1
lilv,1
serd,1
mf.h,1
portmidi.h,1
pmdev.h,1
sql.h,1
sqlext.h,1
reduce-algebra,1
stlhmap.hpp,1
stlmap.hpp,1
stlmmap.hpp,1
stlbase.hpp,1
tcl.h,1
tk.h,1
langinfo.h,1
afxmt.h,1
afxcview.h,1
htmlhelp.h,1
robosuite_models,1
parts,1
osc,1
ik,1
joint_pos,1
joint_tor,1
simple_grip,1
spacemouse,1
dualsense,1
arena,1
table_arena,1
multi_table_arena,1
pegs_arena,1
bins_arena,1
empty_arena,1
wipe_arena,1
mount_model,1
robot_base_model,1
robot_base_factory,1
mobile_base_model,1
leg_base_model,1
null_base_model,1
rethink_mount,1
rethink_minimal_mount,1
null_mount,1
omron_mobile_base,1
null_mobile_base,1
no_actuation_base,1
floating_legged_base,1
null_base,1
spot_base,1
gripper_model,1
gripper_factory,1
gripper_tester,1
rethink_gripper,1
robotiq_85_gripper,1
robotiq_three_finger_gripper,1
jaco_three_finger_gripper,1
robotiq_140_gripper,1
wiping_gripper,1
bd_gripper,1
null_gripper,1
inspire_hands,1
fourier_hands,1
xarm7_gripper,1
suction_gripper,1
objects,1
generated_objects,1
object_groups,1
xml_objects,1
composite_body,1
hammer,1
lid,1
pot_with_handles,1
hollow_cylinder,1
cone,1
hook_frame,1
stand_with_mount,1
hinged_box,1
ratcheting_wrench,1
transport,1
capsule,1
robot_model,1
compositional,1
manipulator_model,1
sawyer_robot,1
baxter_robot,1
panda_robot,1
jaco_robot,1
kinova3_robot,1
iiwa_robot,1
ur5e_robot,1
spot_arm,1
tiago_robot,1
gr1_robot,1
xarm7_robot,1
manipulation_task,1
mjviewer_renderer,1
opencv_renderer,1
fixed_base_robot,1
mobile_robot,1
wheeled_robot,1
legged_robot,1
carb,1
robocasa,1
dexmimicgen_environments,1
mimicgen,1
pequod,1
teddatatocsv,1
kitti_raw_loader,1
cityscapes_loader,1
flowutils,1
raw,1
pfm,1
blessings,1
flownets,1
spynet,1
flownetc,1
flownet2_models,1
back2future,1
pwcnet,1
channelnorm_cuda,1
resample2d_package,1
channelnorm_package,1
resample2d_cuda,1
adafruit_mpu6050.h,1
directcost,1
cost_tree,1
pyea,1
cost_sampling,1
gwinc,1
lalsimulation,1
rpostgres,1
rworldxtra,1
gdistance,1
_winreg,1
"""$tooldir",1
levitation.h,1
comtools.h,1
ggseqlogo,1
indrops,1
magicgui,1
imaging_helper_functions,1
matplotlib_scalebar,1
highly_variable_genes,1
cnn_dm,1
hashset.h,1
padasip,1
cdx_snapshot,1
cdx_utils,1
statutil,1
cactus,1
global_prune,1
masked_mlp,1
masked_lenet,1
masked_conv6,1
masked_vgg,1
masked_resnet,1
masked_vgg_64,1
masked_resnet_64,1
masked_wrn_64,1
apyori,1
tins,1
optimize_clustering,1
ipanemap,1
sent2vec,1
scienceparse,1
analysis_clustering_helpers,1
analysis_tree_helpers_2,1
coupling_functions,1
shinywdstar,1
_cell,1
wcwidth,1
phmm_2state,1
rinlinedfuns.h,1
tile_images,1
vizdoom_env,1
visdommonitor,1
preprocessingwrapper,1
skip_wrapper,1
sensorenv,1
ppo_replay,1
deepq,1
stackedobservation,1
rollout,1
segment_tree,1
teas,1
controls.hpp,1
mtlobjloader.hpp,1
objloader.hpp,1
quaternion_utils.hpp,1
tangentspace.hpp,1
texture.hpp,1
text2d.hpp,1
tinyply.h,1
vboindexer.hpp,1
go_vncdriver,1
batchdataset,1
listdataset,1
tensordataset,1
transformdataset,1
shuffledataset,1
concatdataset,1
splitdataset,1
meterlogger,1
filelogger,1
tensorboardmeterlogger,1
visdomlogger,1
visdommeterlogger,1
averagevaluemeter,1
multivaluesummarymeter,1
classerrormeter,1
confusionmeter,1
timemeter,1
msemeter,1
movingaveragevaluemeter,1
aucmeter,1
apmeter,1
mapmeter,1
singletonmeter,1
multitaskdataloader,1
cirq,1
qiskit_aer,1
hydro_macprojector.h,1
amrex_yafluxregister.h,1
amrex_amrdata.h,1
prob_init.h,1
hydro_utils.h,1
amrex_ebinterpolater.h,1
amrex_ebmultifabutil_c.h,1
ebuserdefined.h,1
ns_bc.h,1
ns_bcfill.h,1
amrex_orientation.h,1
hydro_nodalprojector.h,1
amrex_bndryregister.h,1
turbulentforcing_def.h,1
amrex_statedescriptor.h,1
amrex_statedata.h,1
amrex_interpolater.h,1
n-readlines,1
lang_converter,1
webvectors,1
simplegist,1
simple_elmo,1
svhn,1
binding_gtkada,1
gtktexthistoryprivate.h,1
gensen,1
skipthoughts,1
rjstat,1
merge5_c.c,1
scargle_fast_c.c,1
ctheta_slave_c.c,1
spec,1
cinv,1
opfilt_teb,1
multigrid,1
cg_solve,1
cmb,1
ivf,1
qecl,1
sunspot_loader,1
ionogram_visrc2t,1
ionogram_shigaraki,1
ionogram_dps_amp,1
ionogram_ips42,1
ionogram_bazis,1
ionogram_rinan,1
ionogram_karazin,1
main_window,1
ui_mainwnd,1
remote_window,1
file_navigator,1
std_file_format,1
json_file_format,1
examples_loader,1
recent_loader,1
program_version,1
ui_remotewnd,1
shigaraki_loader,1
lcfcn,1
granule_cells,1
device_database.h,1
libkallsyms,1
benchmarkopt.hpp,1
claire.hpp,1
regopt.hpp,1
regtoolsopt.hpp,1
preprocessing.hpp,1
synprobregistration.hpp,1
unittestopt.hpp,1
morton_bmi.h,1
morton2d_luts.h,1
morton3d_luts.h,1
pyclaire,1
trivia_qa,1
executioncommon.h,1
buffereddatatypes.h,1
calc3.hpp,1
calc3.cpp,1
globaldebugparams.h,1
simulationparams.h,1
testscheduler.h,1
dec.cpp,1
dlnm,1
pyenv,1
twython,1
prospectr,1
purrrlyr,1
nls.multstart,1
spats,1
asreml,1
hv-plus.h,1
distrib.h,1
bin2dec.h,1
xml.h,1
swalign.h,1
gnomad,1
snp.plotter,1
linear_classifier,1
naive_bayes,1
mira,1
perceptron,1
merlin,1
ttfem_postprocessing,1
read_comsol_export,1
focus_on_detector,1
kinematics,1
deviant,1
manage_parts,1
mongo_retrieve,1
filtering,1
filter_utilities,1
arc_and_reorient,1
wio2,1
fukuda,1
ancova_tools.hpp,1
simplifications,1
collision_overlap,1
blank_nodes,1
roi,1
degree_one,1
fission_fusion,1
assimilator,1
page1,1
page2,1
page3,1
page4,1
page5,1
page6,1
page7,1
page8,1
page9,1
page10,1
page11,1
page12,1
page13,1
threshold_picker,1
manipulations,1
score_images,1
blob_interface,1
network_number_wizard,1
taper,1
quality_plots,1
dot,1
plate_distance,1
prepdata,1
directories,1
importing,1
dsets,1
specialised_ilasp,1
filereaders.h,1
debiasnet_direct,1
debiasnet,1
model_old,1
gbdd,1
pymitter,1
blackboard,1
svmblock,1
knnblock,1
sgdblock,1
fitblock,1
dictblock,1
printblock,1
csvinblock,1
csvoutblock,1
tenfoldblock,1
predictblock,1
tssplitblock,1
gridsearchblock,1
randomforestblock,1
crossvalidationblock,1
smart_bubble,1
circularbutton,1
pin,1
inpin,1
outpin,1
filedialog,1
play_button,1
stylize,1
generateconfiguration,1
wcet,1
acet,1
cachemodel,1
fixedpenalty,1
pwcet,1
pyi_importers,1
csdp,1
partitionedscheduler,1
crossmatch,1
maxsector,1
assignments,1
slice,1
rnn_models_adding,1
adding_data,1
baseline_lstm_model,1
cifar_seq_data_classify,1
copying_data,1
mnist_seq_data_classify,1
context_infr_logic.h,1
context_infr_term.h,1
context_infr_fterm.h,1
context_infr_grammar.h,1
expr_infr_const.h,1
expr_infr_var.h,1
expr_infr_unop.h,1
expr_infr_binop.h,1
expr_infr_ite.h,1
expr_infr_ops.h,1
expr_search_sizefree.h,1
fexpr,1
fexpr_infr_const.h,1
fexpr_infr_var.h,1
fexpr_infr_unop.h,1
fexpr_infr_binop.h,1
fexpr_infr_ite.h,1
fexpr_infr_call.h,1
fexpr_infr_ops.h,1
grammar_std.h,1
grammar_sample.h,1
nonfunctional.h,1
small_bv.h,1
big_bv.h,1
bv_ops.h,1
antlr_grammar,1
ebnf,1
jsonparser,1
searchparser,1
fourfn,1
javalexer,1
javaio,1
javamutate,1
javaparse,1
reportgenerator,1
manualmutation,1
macroutils,1
jobpopen,1
win32job,1
tiler,1
crayon,1
ui_abouthdt.h,1
qtopengl,1
dictionarysuggestions.hpp,1
ui_hdtit.h,1
hdtenums.hpp,1
headermodel.hpp,1
qtranslator,1
qlibraryinfo,1
matrixviewwidget.hpp,1
predicatestatus.hpp,1
qclearlineedit.hpp,1
regexmodel.hpp,1
searchresultsmodel.hpp,1
qregexp,1
triplecomponentmodel.hpp,1
bitsequencebuilderrg.h,1
bitsequencebuilderrrr.h,1
bitsequencebuildersdarray.h,1
bitsequencebuilderdarray.h,1
tableoffsetrrr.h,1
sdarraysadakane.h,1
huff.h,1
coder.h,1
lcp_naive.h,1
lcp_sad.h,1
lcp_fmn.h,1
lcp_pt.h,1
lcp_phispare.h,1
lcp_dac.h,1
lcp_dac_var.h,1
factorization.h,1
factorization_var.h,1
rmq_succinct.h,1
mappernone.h,1
mappercont.h,1
mapperrev.h,1
npr_fmn.h,1
npr_cn.h,1
nsv.h,1
psv.h,1
rmq_succinct_lcp.h,1
permutationmrrr.h,1
permutationwt.h,1
permutationbuildermrrr.h,1
permutationbuilderwt.h,1
perm.h,1
bitmapssequence.h,1
wavelettree.h,1
wavelettreenoptrs.h,1
waveletmatrix.h,1
sequencegmr.h,1
sequencegmrchunk.h,1
sequencealphpart.h,1
wavelettreenoptrss.h,1
sequencebuildergmrchunk.h,1
sequencebuildergmr.h,1
sequencebuilderalphpart.h,1
sequencebuilderwavelettree.h,1
sequencebuilderwaveletmatrix.h,1
sequencebuilderstr.h,1
suffixtreey.h,1
suffixtree.h,1
textindexcsa.h,1
comparray4.h,1
wt_coder_huff.h,1
wt_node_leaf.h,1
chiffatools,1
show_your_work,1
rnn_cell_extended,1
geom_ops,1
net_ops,1
usedclasses,1
classesdefined,1
classhierarchydepth,1
propertyusage,1
propertiesdefined,1
propertyusagedistinctpersubject,1
propertyusagedistinctperobject,1
propertiesperentity,1
outdegree,1
indegree,1
propertyhierarchydepth,1
subclassusage,1
literals,1
blanksassubject,1
blanksasobject,1
stringlength,1
typedsubjects,1
labeledsubjects,1
sameas,1
links,1
vocabularies,1
distinctsubjects,1
distinctobjects,1
basics,1
cookiecounter,1
rdfsyntax,1
rdfschema,1
owl,1
limitedsizedict,1
vpython,1
bench.h,1
cpu_caps.h,1
xkcp,1
edwards255.h,1
keccakhash.h,1
load-store.h,1
keccakp-1600-64.macros,1
keccakp-1600-unrolling.macros,1
snp-relaned.h,1
snp-common.h,1
keccakp-1600-plain64.h,1
displayintermediatevalues.h,1
keccaksponge.inc,1
simplefips202.h,1
netaddr,1
sim_for_fixed_joining_node,1
tcga2stat,1
prodlim,1
noble,1
azure-iot-device-mqtt,1
azure-iot-device,1
jkstra,1
ngraph.fromjson,1
ngraph.tojson,1
ngraph.quadtreebh,1
ngraph.physics.primitives,1
add-event-listener,1
ngraph.centrality,1
gulp-run,1
m3drop,1
palindrome,1
aqp,1
extract_tracks,1
ads1x15,1
adafruit_bno055,1
cyvis,1
candid,1
activity.h,1
workflowtype.h,1
qcinputs.inl,1
qcinputsfactory.h,1
qcinputsadapters.inl,1
rtypescore.h,1
progoptions.h,1
fairmq,1
dryable,1
end,1
ctpreconstruction,1
detectorsbase,1
emcalcalib,1
emcalreconstruction,1
datasampling,1
dataformatsparameters,1
fdd,1
th1i.h,1
th2i.h,1
fv0calibration,1
dataformatsfocal,1
tfitresult.h,1
tfitresultptr.h,1
gloqc,1
steer,1
hmpid,1
hmpidreconstruction,1
tgeoglobalmagfield.h,1
dataformatsits,1
dataformatscalibration,1
dataformatsmft,1
mchtracking,1
mfttracking,1
dplutils,1
mchrawdecoder,1
mchglobalmapping,1
mchconstants,1
mchcalibration,1
midqc,1
th2s.h,1
fairlogger,1
tofreconstruction,1
tpcreconstruction,1
tpcworkflow,1
trd,1
adafruit_bno055.h,1
${bigdl_home},1
typedecorator,1
sparkmonitor,1
annarchy,1
cython_ext,1
loupe,1
lsmdc,1
msrvtt,1
qcm_sampler,1
msr_sampler,1
north_carolina_voter_full_name,1
wikipedia_full_name,1
wikipedia_origin,1
wikipedia_surname,1
model_metadata,1
prepare_wiki_data,1
nameparser,1
train_name_lstm,1
train_census_lstm_pytorch,1
homogenizer,1
sphere_surface,1
boundary_shape,1
optics_callables,1
triangular_face,1
freesteam,1
geometry_manager,1
ray_bundle,1
trace_tree,1
import,1
filesize,1
textblob,1
wordhash_regressor,1
wordseq_regressor,1
wordvec_regressor,1
loky,1
randomgen,1
ftrl32,1
fm_ftrl,1
nn_relu_h1,1
nn_relu_h2,1
avx_ext.h,1
apply_batch,1
apply_groupby,1
batch_transformer,1
feature_union,1
text_normalizer,1
cocopy,1
pyana,1
pscl,1
core_simulation.h,1
eulerangles,1
dgcnn_s3dis,1
dgcnn_shapenet,1
dataio_s3dis,1
s3dis,1
dataio_shapenet,1
shapenet,1
wrap_ff.hpp,1
wrap_term.hpp,1
wrap_simplex.hpp,1
wrap_complex.hpp,1
wrap_persistence.hpp,1
wrap_vr.hpp,1
wrap_product.hpp,1
wrap_prod_complex.hpp,1
d3-timer,1
d3-ease,1
d3-drag,1
eslint-friendly-formatter,1
sw-precache-webpack-plugin,1
pairwiseadonis,1
phylomeasures,1
metagenomeseq,1
wrn,1
ekfac,1
loadmodel,1
generatemoexplanations,1
generateftexplanations,1
generatesatexplanations,1
generatearexplanations,1
modelconversion,1
loadcausalconstraints,1
treeutils,1
videoreader.hpp,1
libswscale,1
pybed,1
myvcf,1
jupyter_core,1
$old_source,1
$conda_root,1
vl_binsum.def,1
vl_cummax.def,1
aib.h,1
covdet.h,1
dsift.h,1
hikmeans.h,1
hog.h,1
ikmeans_init.tc,1
ikmeans_lloyd.tc,1
ikmeans_elkan.tc,1
lbp.h,1
liop.h,1
mser.h,1
quickshift.h,1
rodrigues.h,1
sift.h,1
slic.h,1
vlad.h,1
multicoretsne,1
simplexmlrpcserver,1
el,1
genalg,1
sewar,1
climber,1
kcorrect,1
conservative_zheng07,1
filechunk,1
pycorr,1
uvista_params,1
pfs_params,1
waves_params,1
s82mgc_params,1
boss_cmass_params,1
boss_lowz_params,1
spherical_geometry,1
random123,1
bcp,1
lsoftmax,1
table_custom,1
mstrees,1
geocode,1
jquery-ui,1
dynamicsequence.h,1
lru.h,1
plac,1
pixie,1
csv.h,1
xarxa.h,1
nodes.c,1
edges.c,1
csv.c,1
qgis.c,1
logic.c,1
graphic.c,1
times.c,1
eventsource,1
util_primer,1
lstm_layers,1
wiener.h,1
dposv.h,1
gettime.h,1
glinfo.h,1
jack,1
jacksnd.h,1
matio.h,1
sock.h,1
tcpsegmenter.h,1
parapin.h,1
parameters.pb.h,1
cgvertexshader.h,1
vbo.h,1
logging_helper,1
mothurcommandinfowrapper,1
lemkelcp,1
qemu_runner,1
localcacher,1
unet12,1
segmented,1
weatherdata,1
biometeor,1
tpm.h,1
mcl,1
r.cache,1
infcalc.h,1
causespecificmortality,1
stdhashc.h,1
localcider,1
ctk,1
sitkutils,1
vtksegmentationcorepython,1
hmmcopy,1
limsolve,1
capsulelayers,1
make-promises-safe,1
find-nearest-file,1
load-script,1
engine.io-client,1
modp_b64_data.h,1
timeprivate.h,1
tzfile.h,1
miniz.h,1
pyfletchgen,1
texttable,1
bamheader,1
bamsequenceparser,1
baselayers,1
dataviz,1
lwc_versions,1
webdav,1
drag_drop_dataviz_manager,1
qt_style_sheets,1
server_dav,1
clustree,1
ggcorrplot,1
eulerr,1
corrr,1
loomr,1
covfuzze,1
aff3ct_help_parser,1
aff3ct_trace_reader,1
rang.hpp,1
mat4py,1
aff3ct_help_reader,1
gui_argument,1
aff3ct_refs_reader,1
colorramps,1
pindefinitions.h,1
adafruit_tinyusb.h,1
rp2040_pio.h,1
eagle_soc.h,1
sysctl.h,1
cyhal_gpio.h,1
cyhal_system.h,1
cy_syslib.h,1
decompression.h,1
jsonrpc,1
vcd,1
rappdirs,1
mbess,1
blorr,1
dprep,1
nsm3,1
tseries,1
dht_u.h,1
bresenham-js,1
plumber,1
isoweek,1
pandas_summary,1
lsuv_initializer,1
rnn_reg,1
forget_mult,1
vdm,1
laser_processor.h,1
leg_tracker,1
pykalman,1
sigmoidfocalloss.h,1
collate_batch,1
voc,1
concat_dataset,1
iteration_based_batch_sampler,1
smooth_l1_loss,1
sigmoid_focal_loss,1
generalized_rcnn,1
roi_box_feature_extractors,1
roi_box_predictors,1
roi_keypoint_feature_extractors,1
roi_keypoint_predictors,1
roi_mask_feature_extractors,1
roi_mask_predictors,1
balanced_positive_negative_sampler,1
bounding_box,1
statisticbuilder,1
squeeze_and_excitation,1
dgp,1
matrix_structures,1
pxphysicsapi.h,1
profiling,1
quopri,1
cassandra-driver,1
nano,1
circuit-breaker,1
stats-lite,1
test_beam,1
beamsearch,1
phenoptrexamples,1
phenoptr,1
gaussianmixturemodel,1
luminosityfunction,1
zenodo_get,1
apriori,1
txdb.mmusculus.ucsc.mm10.knowngene,1
spdep,1
logo,1
spair,1
abp,1
filterhits,1
combobox,1
it.unimi.dsi.fastutil.objects.objectiterable,1
org.apache.giraph.types.ops.collections.basic2objectmap.basic,1
org.apache.giraph.types.ops.collections.basicset.basic,1
org.apache.giraph.types.ops.collections.array.w,1
org.apache.giraph.types.ops.collections.writablewriter,1
org.apache.giraph.function.consumer,1
org.apache.giraph.function.predicate,1
org.apache.giraph.types.ops.,1
org.apache.giraph.types.ops.primitivetypeops,1
org.apache.giraph.types.ops.collections.resettableiterator,1
org.apache.giraph.types.ops.collections.w,1
org.apache.giraph.utils.varint,1
guest_amd64_toir_avx512.h,1
guest_avx512.h,1
host_amd64_isel_avx512.h,1
host_amd64_isel_avx512.c,1
libvex_inner.h,1
memcheck,1
main_main.c,1
s390_disasm.h,1
s390-opc.tab,1
libvex_basictypes_avx512.h,1
libvex_guest_amd_avx512.h,1
libvex_ir_avx512.h,1
suncalc,1
docx,1
application_path,1
flasgger,1
flask_bcrypt,1
rdefines.h,1
scrolledtext,1
heb_pipe,1
diaparser,1
rftokenizer,1
acl2s,1
 + base + ,1
collect_defpkg,1
convert_acl2data,1
pkg_consts,1
parse_file,1
org.bouncycastle.crypto.engines.aeslightengine,1
org.bouncycastle.crypto.engines.,1
acl2_to_z3,1
get_cpuid_v1_lix64.h,1
asmtest.h,1
snippets.h,1
xed,1
unsupported.h,1
dags.h,1
masc.h,1
leg64.h,1
stk.h,1
evoper,1
penalizedsvm,1
arules,1
qtlrel,1
htmlparser2,1
escape-string-regexp,1
is-plain-object,1
parse-srcset,1
postcss,1
sfnetworks,1
shotgroups,1
millerrabin,1
generate_keys,1
commoncoin,1
electron-notarize,1
dotenv-expand,1
babel-jest,1
camelcase,1
ts-pnp,1
pnp-webpack-plugin,1
case-sensitive-paths-webpack-plugin,1
postcss-safe-parser,1
webpack-manifest-plugin,1
eslint-webpack-plugin,1
@pmmmwh,1
postcss-normalize,1
postcss-flexbugs-fixes,1
postcss-preset-env,1
loader-utils,1
electron-is-dev,1
electron-settings,1
electron-devtools-installer,1
bfj,1
webpack-dev-server,1
react-table,1
react-helmet,1
deepdiff,1
isomorphic-fetch,1
url-template,1
whatwg-fetch,1
requires-port,1
querystringify,1
unbalanced,1
amqp_codegen,1
popt.h,1
windef.h,1
adversary,1
mwapi,1
proba,1
visualise,1
optimise,1
metrics_handler,1
upload_handler,1
cost_handler,1
optimise_handler,1
str_norm.h,1
rand_pca,1
matrix_transformer,1
princ_wvec,1
storm,1
topologybuilder,1
codeop,1
splitsentence,1
wordcount,1
protocolcomen,1
protocoleverflourish,1
protocolfineoffset,1
protocolfuhaote,1
protocolhasta,1
protocolkangtai,1
protocolmandolyn,1
protocoloregon,1
protocolrisingsun,1
protocolsartano,1
protocolwaveman,1
protocolx10,1
protocolyidong,1
crcmod,1
rbamtools,1
gulp-bower,1
insilicomerging,1
btm_utils,1
patcomp,1
fixer_base,1
wiflyrn.h,1
preprocess_data,1
pymatbridge,1
cv_eval,1
ev_eval,1
new_pairs,1
interp1d,1
adafruit_sht31.h,1
openwhisk-composer,1
analyze_output_utils,1
rotcurve,1
figure_2,1
figure_3,1
figure_4,1
figure_5,1
figure_6,1
figure_7,1
figure_8,1
figure_9,1
figure_10,1
figure_a1,1
realidentity,1
absidentity,1
phaseidentity,1
absphaseidentity,1
imagidentity,1
realmeanfield,1
absmeanfield,1
imagmeanfield,1
gfnn,1
networkreader,1
networkwriter,1
rd_erm.h,1
rd_lv.h,1
branchvisual.h,1
gbm.h,1
jc_voronoi_clip.h,1
qopenglfunctions_4_1_core,1
qopenglcontext,1
rapidxml,1
mnist.h,1
recurrentnetworkmodel.h,1
recurrentnetworktools.h,1
tellurium,1
clusterlib_main,1
persistence,1
pycld2,1
mapping,1
expansion,1
dcsmb,1
$fsldir,1
dbconnect,1
mongolite,1
fstpso,1
cells_population,1
new_projects_bag,1
create_stack,1
attentionlayer,1
keras_to_syrenn,1
mkldnn.hpp,1
inputquery.h,1
reluconstraint.h,1
reluplexerror.h,1
altformat,1
"an improved algorithm for
 * geocentric to geodetic coordinate conversion",1
rt_logging.h,1
closure_operators,1
separation,1
stability,1
extentsize,1
intentsize,1
framework.h,1
output_print.h,1
output_db.h,1
output_tcp.h,1
output_nagios.h,1
tsar_lua_util.h,1
mntent.h,1
ij.plugin.filter.,1
ij.,1
ij.process.,1
ij.gui.,1
ij.measure.,1
ij.util.,1
ij.plugin.filter.analyzer,1
ij.measure.curvefitter,1
ij.plugin.frame.roimanager,1
lla,1
cone_colour_probability.h,1
cone_position_uncertainty.h,1
rvest,1
tarifx,1
sads,1
metacom,1
bipartite,1
countrycode,1
arjs,1
ar-threex-location-only,1
stn,1
compute_coordinates,1
create_pairs_dataset,1
compute_ssd_score,1
tldextract,1
virustotal_python,1
gnfunctions,1
fifer,1
oisurv,1
google_drive_downloader,1
cfg2params.h,1
digfield.h,1
digitalfld.h,1
rtdtparams.h,1
digdefs.h,1
decodinf_p.c,1
pdcdmu1.h,1
tcpcmu1.h,1
atlcomtime.h,1
module1_p.c,1
module1_i.c,1
afxdialogex.h,1
afxcontrolbars.h,1
agi.foundation.compatibility.linkedlist,1
agi.foundation.compatibility.linkedlistnode,1
agi.foundation.compatibility.httpwebrequest,1
agi.foundation.compatibility.imageformat,1
agi.foundation.compatibility.imagehelper,1
agi.foundation.compatibility.streamhelper,1
agi.foundation.compatibility.webrequest,1
agi.foundation.compatibility.webresponse,1
cesiumlanguagewriter.advanced.cesiumwriteradaptorwritecallback,1
cesiumlanguagewriter.advanced.cesiumwriteradaptorwritedeletecallback,1
cesiumlanguagewriter.advanced.cesiumwriteradaptorwritesamplescallback,1
cesiumlanguagewriter.articulationcesiumwriter,1
cesiumlanguagewriter.alignedaxiscesiumwriter,1
cesiumlanguagewriter.boundingrectanglecesiumwriter,1
cesiumlanguagewriter.boxdimensionscesiumwriter,1
agi.foundation.compatibility.resourcebundlehelper,1
agi.foundation.compatibility.typehelper,1
agi.foundation.compatibility.longhelper,1
cesiumlanguagewriter.custompropertycesiumwriter,1
cesiumlanguagewriter.ellipsoidradiicesiumwriter,1
agi.foundation.compatibility.datetimeformatinfo,1
agi.foundation.compatibility.mathhelper,1
cesiumlanguagewriter.linecountcesiumwriter,1
cesiumlanguagewriter.lineoffsetcesiumwriter,1
cesiumlanguagewriter.linethicknesscesiumwriter,1
cesiumlanguagewriter.backgroundpaddingcesiumwriter,1
cesiumlanguagewriter.fontcesiumwriter,1
cesiumlanguagewriter.labelstylecesiumwriter,1
cesiumlanguagewriter.articulationscesiumwriter,1
cesiumlanguagewriter.colorblendmodecesiumwriter,1
cesiumlanguagewriter.nodetransformationscesiumwriter,1
cesiumlanguagewriter.rotationcesiumwriter,1
cesiumlanguagewriter.scalecesiumwriter,1
cesiumlanguagewriter.translationcesiumwriter,1
cesiumlanguagewriter.nodetransformationcesiumwriter,1
cesiumlanguagewriter.billboardcesiumwriter,1
cesiumlanguagewriter.boxcesiumwriter,1
cesiumlanguagewriter.clockcesiumwriter,1
cesiumlanguagewriter.conicsensorcesiumwriter,1
cesiumlanguagewriter.corridorcesiumwriter,1
cesiumlanguagewriter.custompatternsensorcesiumwriter,1
cesiumlanguagewriter.custompropertiescesiumwriter,1
cesiumlanguagewriter.cylindercesiumwriter,1
cesiumlanguagewriter.ellipsecesiumwriter,1
cesiumlanguagewriter.ellipsoidcesiumwriter,1
cesiumlanguagewriter.fancesiumwriter,1
cesiumlanguagewriter.labelcesiumwriter,1
cesiumlanguagewriter.modelcesiumwriter,1
cesiumlanguagewriter.orientationcesiumwriter,1
cesiumlanguagewriter.pathcesiumwriter,1
cesiumlanguagewriter.pointcesiumwriter,1
cesiumlanguagewriter.polygoncesiumwriter,1
cesiumlanguagewriter.polylinecesiumwriter,1
cesiumlanguagewriter.polylinevolumecesiumwriter,1
cesiumlanguagewriter.positioncesiumwriter,1
cesiumlanguagewriter.rectanglecesiumwriter,1
cesiumlanguagewriter.rectangularsensorcesiumwriter,1
cesiumlanguagewriter.tilesetcesiumwriter,1
cesiumlanguagewriter.vectorcesiumwriter,1
cesiumlanguagewriter.viewfromcesiumwriter,1
cesiumlanguagewriter.wallcesiumwriter,1
cesiumlanguagewriter.pathmodecesiumwriter,1
cesiumlanguagewriter.positionlistoflistscesiumwriter,1
cesiumlanguagewriter.polylinearrowmaterialcesiumwriter,1
cesiumlanguagewriter.polylinedashmaterialcesiumwriter,1
cesiumlanguagewriter.polylineglowmaterialcesiumwriter,1
cesiumlanguagewriter.polylineoutlinematerialcesiumwriter,1
cesiumlanguagewriter.shapecesiumwriter,1
cesiumlanguagewriter.rectanglecoordinatescesiumwriter,1
cesiumlanguagewriter.stripeorientationcesiumwriter,1
cesiumlanguagewriter.cartesian,1
cesiumlanguagewriter.directioncesiumwriter,1
cesiumlanguagewriter.doublelistcesiumwriter,1
agi.foundation.compatibility.assembly,1
agi.foundation.compatibility.bitmaphelper,1
agi.foundation.compatibility.regexhelper,1
mnist_net,1
opal,1
cram_structs.h,1
cram_io.h,1
cram_encode.h,1
cram_decode.h,1
cram_stats.h,1
cram_codecs.h,1
cram_index.h,1
string_alloc.h,1
hts_defs.h,1
tbx.h,1
sortsuffixesbucket.h,1
simde_avx2.h,1
opal.h,1
parameterinfo.h,1
readbarcodeload.h,1
solofilteredcells.h,1
simplegoodturing,1
soloreadbarcodestats.h,1
soloreadfeaturestats.h,1
genomegenerate.h,1
ftw.h,1
flask_mako,1
langkit_text.h,1
helper_cuda.h,1
nvgraph.h,1
protrank,1
${destenv},1
resp2,1
resp3,1
response_callbacks,1
sentinel,1
index_definition,1
profile_information,1
suggestion,1
credentials,1
himport,1
maint_notifications,1
rl_parsers,1
batchpomdp,1
beliefmdp,1
mdp,1
data_save.hpp,1
tee_client_api.h,1
dsec_ih.h,1
check_eof,1
check_copyright,1
check_tabs,1
graph_sampler,1
coarsen_pooling_with_last_eigen_padding,1
msmsrt_scorer,1
flatten_pks,1
seb_monolithic_to_evals,1
convert_parameters_vg2bc,1
fix_chemistry_ts_control,1
exodus3,1
vtk_io,1
exodus,1
permafrost_model_safe_cubic,1
ats_units,1
plot_thaw_depth,1
visit_colormaps,1
visit_time,1
defaultmodel,1
mw_poisson,1
tracers,1
mixin,1
enumfields,1
base_enum,1
loopback_tls_server.h,1
loopback_doh_server.h,1
dns_test_helpers.h,1
dns_crypt_consts.h,1
tldregistry,1
dnssec_ok.h,1
proxy_bootstrapper.h,1
response_helpers.h,1
dnsproxy_events.h,1
ipexport.h,1
ifdef.h,1
root_servers.h,1
upstream.h,1
ada,1
android_context_manager.h,1
cmb_language_custom.h,1
cmb_def.h,1
cmb_user_cfg.h,1
cmb_cfg.h,1
tx_api.h,1
tx_thread.h,1
stackmacros.h,1
rtdebug.h,1
rtservice.h,1
os_core.c,1
os_flag.c,1
os_mbox.c,1
os_mem.c,1
os_mutex.c,1
os_q.c,1
os_sem.c,1
os_task.c,1
os_time.c,1
os_tmr.c,1
app_cfg.h,1
os_cfg.h,1
os_cpu.h,1
lib_math.h,1
biosppy,1
pyentrp,1
subbrute,1
win_unicode_console,1
diffequations.h,1
fasttransforms.h,1
integration.h,1
controlpoint-optimization.hpp,1
defender.hpp,1
goalie.hpp,1
trajectory-generators.hpp,1
ballinterception.hpp,1
tests.hpp,1
attacker.hpp,1
firarenderarea.h,1
messages_robocup_ssl_refbox_log.pb.h,1
robocup_ssl_server.h,1
trajectory.hpp,1
velocity-profile.hpp,1
bwt_scan.hpp,1
utils.hpp,1
nan.h,1
sysext.h,1
geophyttertools,1
lpsolveapi,1
agabpylib,1
erfa,1
skypath.h,1
sofam.h,1
vecmat_utils.h,1
astrometry.h,1
agmfast.h,1
imdb.h,1
bayesian_hmm,1
video_writer,1
comp_tstamps,1
analyze_prc,1
plot_rtd,1
prc_analyze,1
gr_digital_rf,1
gpiozero,1
analyze_spectrum,1
thompson,1
cv_plot,1
contextiterators,1
mysqld_error.h,1
my_pthread.h,1
embedded_priv.h,1
mysys_err.h,1
errmsg.h,1
client_settings.h,1
mainform.h,1
adminform.h,1
ha_spartan.h,1
my_aes.h,1
sql_select.h,1
sql_show.h,1
sql_trigger.h,1
authors.h,1
ha_partition.h,1
analyses,1
annotation_based_analysis,1
nativedroid_analysis,1
source_and_sink_manager,1
angrutils,1
`which,1
pyttsx,1
espeak,1
moveo_moveit,1
cgat-venv,1
csegmentlist,1
bed,1
gatsegmentlist,1
gat_utils.h,1
separator,1
accumulator,1
watershed,1
watershed_from_dt,1
run_from_affinities,1
elf,1
anytime,1
link,1
libterrain,1
geoalchemy2,1
edgeffect,1
untb,1
recompose,1
jsonpath,1
storybook-router,1
@babel,1
ejtk,1
calcp,1
sliders_examples,1
stocks_example,1
image_editor,1
creators,1
extrautils,1
astraprojector,1
rbpn,1
dbpns,1
adafruit_max31856.h,1
kclangc.h,1
simply_python,1
gradientframework,1
clusterburden,1
jadex.bridge.iexternalaccess,1
jadex.bridge.service.annotation.service,1
jadex.commons.future.future,1
jadex.commons.future.ifuture,1
experiment_descriptor,1
ns_info,1
decommission,1
release_resources,1
farewell,1
check_resources,1
instantiate,1
coordinate,1
getvalue,1
waitformilestone,1
child,1
tap_executor,1
cli_executor,1
dashboard_generator,1
influx,1
autograph,1
influxdb,1
portal,1
rest_client,1
flask_moment,1
heartbeat,1
flask_paginate,1
experiment_queue,1
synchronized_decorator,1
adafruit_dotstar.h,1
venn,1
widyr,1
bsgenome.drerio.ucsc.danrer10,1
rgexf,1
dense_vector,1
sparse_vector,1
__config,1
kvm.h,1
phmap_utils.h,1
phmap.h,1
phmap_bits.h,1
sse2neon,1
teamcity_messages.h,1
array_growth_policy.h,1
gpml,1
quandl,1
sqair_modules,1
orderedattrdict,1
nested,1
hapi,1
inert,1
react-native,1
text-encoding,1
unplugin-vue-components,1
unplugin-auto-import,1
vite-plugin-pages,1
vite-plugin-pwa,1
czifile,1
job_history,1
squarify,1
duckdb,1
json_logging,1
pyfiglet,1
connectiondistribution,1
connectiondistributioncollection,1
externalpopulation,1
internalpopulation,1
simulationconfiguration,1
write_vtk,1
with_scipy,1
mesh_morph,1
clutils.h,1
aml.h,1
localgrowth,1
subprograms,1
texts2concepts,1
concepts2info,1
concepts2graphs,1
graphs2vectors,1
printgraph,1
text2vectors,1
texts2synlexvectors,1
aws-cdk-lib,1
statnet,1
ergm,1
aacgmlib_v2.h,1
mlt_v2.h,1
model_executors,1
gal_data,1
extract_stamp,1
pyneb,1
utils_query_gaia,1
z0mgs_build_atlas,1
utils_tabs_and_dirs,1
utils_cutouts,1
utils_fetch_and_index,1
cifar100,1
penntreebank,1
imagenet12,1
translation_datasets,1
customs_datasets,1
pynvrtc,1
quant_functions,1
rgreat,1
destiny,1
featexp,1
paths_and_urls,1
download_files,1
mobility_processing,1
mobility_scraper,1
xcms,1
pcamethods,1
model_helpers,1
linearfit,1
write_oifits,1
basic_calcs.h,1
compileall,1
mbaod,1
pydl,1
skip,1
texture_nets,1
vgg_modified,1
spectralinvariant,1
hypdatatools_utils,1
usethis,1
dse,1
algorithm_by_rf.h,1
beepr,1
tuneranger,1
bump_version_number,1
ssim,1
fixengineeringnotation,1
iostring,1
nicefloat,1
tgtg,1
gacnn,1
gann,1
kerasga,1
vilvik,1
torchga,1
"""$venv_dir",1
catshtm,1
testing.hpp,1
caterpillar.hpp,1
certificate.hpp,1
chain.hpp,1
not_triconnected_exception.hpp,1
schmidt.hpp,1
proj4,1
pykinectwindow,1
calibkinect,1
pointmass,1
bernoulli,1
categorical,1
wishart,1
beta,1
laplace,1
random_gen,1
cond_gp,1
rbf,1
matern,1
multiply_kernel,1
mxfusion_gluon_function,1
gluon_func_eval,1
operator_impl,1
runtime_variable,1
var_trans,1
forward_sampling,1
grad_based_inference,1
score_function,1
expectation,1
pilco_alg,1
gp_regression,1
sparsegp_regression,1
svgp_regression,1
lemon,1
rusda,1
mgsub,1
ldavis,1
topicmodels,1
ontology_parser,1
cifarresnet,1
psp,1
encnet,1
deepten,1
customize,1
lofartimer.h,1
ia64regs.h,1
sgat,1
bastag,1
graphs,1
layinter,1
layworse,1
crash,1
dbm,1
omniglot,1
itksize.h,1
itkimageregion.h,1
itkpolylineparametricpath.h,1
itkpoint.h,1
itkexceptionobject.h,1
itktransform.h,1
itksys,1
idpregistrationutilities.txx,1
itktranslationtransform.h,1
itkchangepixelspacingimagefilter.txx,1
itksliceimageconstiterator.txx,1
itksimpleregistrationimagecoordinatorxml.h,1
itkaffinecorrelationgradientdescentregistrationxml.h,1
idpaffinecorrelationvolumeregistration.txx,1
idpmutualinfocenteredaffineregulargradientdescentregistration.txx,1
itkversorrigid3dtransform.h,1
itkversorrigid3dtransformoptimizer.h,1
idpmutualinfoversorrigidvolumeregistration.txx,1
idpprojectionalignmentdispatcher.txx,1
idpprojectionlocalalignmentdispatcher.txx,1
idpimageseriesutilities.h,1
idpreferencespaceutilities.h,1
idpregistrationdispatcher.txx,1
itkaffinecorrelationgradientdescentregistration.txx,1
itkaffinecorrelationgradientdescentregistration.h,1
itkaffinecorrelationgradientdescentregistrationxml.txx,1
itkwarpvectorimagefilter.h,1
itkvectorlinearinterpolatenearestneighborextrapolateimagefunction.h,1
itkdisplacementfieldcompositionfilter.txx,1
itksinglevaluednonlinearoptimizer.h,1
itkiterativeimageregistrationmethod.txx,1
itkimagemaskspatialobject.h,1
itkrigid2dcorrelationgradientdescentregistration.txx,1
itkrigid2dcorrelationgradientdescentregistration.h,1
itkrigid2dcorrelationgradientdescentregistrationxml.txx,1
itkscaledderivativeimagetoimagemetricadaptor.txx,1
itksimpleregistrationimagecoordinator.txx,1
itksimpleregistrationimagecoordinatorxml.txx,1
bthsdpdef.h,1
bthdef.h,1
pshpack1.h,1
libudev.h,1
hidsdi.h,1
oscpacketlistener.h,1
oscoutboundpacketstream.h,1
oscprintreceivedelements.h,1
mysql++,1
xnopenni.h,1
xnlog.h,1
xncppwrapper.h,1
etm,1
mstate,1
reconciledtree,1
pyvolve,1
speciestreesimulator,1
sequencesimulator,1
databasegenerator.cpp,1
ngraph.ascii,1
ngraph.serialization,1
bfsstate.h,1
fastwires.h,1
astarpoint.h,1
wiredouble.h,1
pinblocker.h,1
rstarvisitor.h,1
processraw.h,1
schedulerspace.h,1
spice,1
smoothing,1
requests_ftp,1
mail_log_handler,1
security_log_handler,1
pydevd,1
genotype_stats,1
textile,1
tagme,1
stcka,1
fftconv,1
crt_externs.h,1
gsalib,1
jansson.h,1
bavae,1
data_parser,1
hic2cool_utils,1
hic2cool_updates,1
hic2cool,1
mcmc_chain,1
convergence_tools,1
diagnostic_plots,1
residual_plots,1
ehtim,1
typlot,1
polimage,1
train_text,1
"""${configfile}""",1
neighborhoods,1
capturinggraph.h,1
capturingmetadata.h,1
capturingsolution.h,1
outersharedsegmentsvertices.h,1
imports.h,1
xmlwrapper.h,1
evolutioncomputation.h,1
tabusearch.h,1
alledgesipsolver.h,1
greedysolver.h,1
thesisipsolver.h,1
undirectedadjgraph.h,1
undirectedmatrixgraph.h,1
segmentvisualization.h,1
simple_svg_1.0.0.hpp,1
nsagetools,1
plink,1
dt_tools,1
regina,1
spherogram,1
giacpy,1
ptolemy_elim,1
phc_wrapper,1
wheel,1
cymodule_one,1
cymodule_two,1
raytracing,1
hyperboloid_utilities,1
upper_halfspace,1
dirichlet_data,1
snappea.h,1
unix_cusped_census.h,1
unix_file_io.h,1
addl_code.h,1
triangulation.h,1
check_target,1
snappy_15_knots,1
panopticapi,1
detection_checkpoint,1
c2_model_loading,1
pascal_voc,1
builtin_meta,1
lvis_v0_5_categories,1
distributed_sampler,1
transform_gen,1
launch,1
hooks,1
mask_ops,1
roi_align_rotated,1
shape_spec,1
box_iou_rotated.h,1
box_iou_rotated_utils.h,1
nms_rotated.h,1
roialignrotated.h,1
roialignrotated,1
box_iou_rotated,1
deformable,1
nms_rotated,1
meta_arch,1
test_time_augmentation,1
panoptic_fpn,1
rcnn,1
rrpn_outputs,1
rotated_fast_rcnn,1
image_list,1
instances,1
keypoints,1
roi_head,1
densepose_coco_evaluation,1
tridentnet,1
trident_backbone,1
trident_rpn,1
trident_rcnn,1
trident_conv,1
birdview_detection_refiner,1
object_3d,1
utils_calib,1
harmonicdensity,1
healpix_compat,1
t2fft,1
groups,1
car_parser,1
aur_parser,1
star_parser,1
record_factory,1
blahd,1
cloud,1
cloud_summary,1
group_attribute,1
processed,1
accelerator,1
accelerator_summary,1
normalised_summary,1
reprtree,1
addon_utils,1
addon_updater,1
polyssifier,1
aleapp,1
d3-fetch,1
fitdecode,1
ccl_chromium_reader,1
processtasks,1
processuniqueautomationresponse,1
processentitystates,1
"""${script_dir}",1
input_g,1
input_qg,1
circular-json,1
xtraverse,1
xmldom,1
preq,1
hapsim,1
kinship2,1
lock.h,1
aods3,1
glmmadmb,1
piecewisesem,1
rrfs,1
mnist_model,1
aefs_final,1
deformation,1
transaction,1
plyvel,1
address,1
ripemd,1
config_cooler,1
nesosim,1
client_middleware_digest_auth,1
reader_c,1
client_ws,1
brotlicffi,1
_http_parser,1
hdrs,1
aiodns,1
web_runner,1
web_ws,1
frozenlist,1
valkey,1
dynamictreecut,1
rpmm,1
hisstools_fft.h,1
hisstools_fft_core.h,1
ppcintrinsics.h,1
ppc_ghs.h,1
framelib_strings.h,1
framelib_export.h,1
ibuffer_access.hpp,1
maxclass_base.h,1
maxbuffer.h,1
ext_buffer.h,1
ext_obex_util.h,1
framelib_cartopol.h,1
framelib_binary_template.h,1
framelib_vectorset.h,1
framelib_complex_binary_template.h,1
framelib_complex_unary_template.h,1
framelib_paramalias.h,1
framelib_ternary_template.h,1
framelib_unary_template.h,1
pdclass_base.h,1
pd_buffer.h,1
sc_plugin.h,1
yaml_utils,1
mas_knowledge_utils,1
adafruit_tsl2561_u.h,1
ctgan,1
simpop,1
simanneal,1
xtplisten,1
html2text,1
translate,1
explog,1
dcrba,1
base_visualizer,1
gepetto_visualizer,1
meshcat_visualizer,1
hpp,1
urdf_parser,1
noise_kasdin,1
stable32plot,1
flask_assets,1
logisticpca,1
generalizedpca,1
logistic,1
flow_training,1
gapstat,1
comparison,1
custom_legends,1
myboxplot,1
atlantistools,1
iface_ps.hpp,1
iface_sig.hpp,1
iface_sig_msg.hpp,1
lolacommsnative.h,1
poselistener.h,1
footsteplistener.h,1
wmistr.h,1
evntrace.h,1
evntprov.h,1
yvals.h,1
internals.h,1
gil.h,1
xsimd,1
pykgraph,1
xtensor-python,1
zen,1
packagename,1
illuminahumanv3.db,1
grimport,1
physionet,1
tuh_eeg,1
chbmit_dataset,1
eegmmidb_dataset,1
abnormal_dataset,1
artifact_dataset,1
seizure_dataset,1
chrisapp,1
example_python,1
edu.stanford.math.clustering.disjointsetsystem,1
edu.stanford.math.clustering.hierarchicalclustering,1
edu.stanford.math.clustering.singlelinkageclustering,1
edu.stanford.math.plex4.graph.abstractweightedundirectedgraph,1
edu.stanford.math.plex4.graph.io.graphdotwriter,1
edu.stanford.math.plex4.streams.filter.randomprojectionfilterfunction,1
gnu.trove.tinthashset,1
edu.stanford.math.plex4.utility.formalsumutility,1
edu.stanford.math.primitivelib.autogen.formal_sum.booleanprimitivefreemodule,1
edu.stanford.math.primitivelib.autogen.formal_sum.booleansparseformalsum,1
edu.stanford.math.plex4.graph.abstractundirectedgraph,1
edu.stanford.math.plex4.graph.undirectedlistgraph,1
edu.stanford.math.plex4.homology.homtester,1
edu.stanford.math.plex4.streams.filter.filterfunction,1
edu.stanford.math.plex4.streams.filter.intfilterfunction,1
edu.stanford.math.plex4.streams.filter.kerneldensityfilterfunction,1
edu.stanford.math.plex4.streams.filter.maxsimplicialfilterfunction,1
edu.stanford.math.plex4.streams.multi.abstractmultifilteredstream,1
edu.stanford.math.plex4.streams.multi.bifilteredmetricstream,1
edu.stanford.math.plex4.streams.multi.increasingorthantflattener,1
edu.stanford.math.plex4.homology.chain_basis.simplexpair,1
edu.stanford.math.plex4.homology.chain_basis.simplexpaircomparator,1
edu.stanford.math.plex4.streams.impl.explicitstream,1
edu.stanford.math.plex4.homology.zigzag.bootstrap.vietorisripsbootstrapper,1
edu.stanford.math.plex4.homology.zigzag.bootstrap.witnessbootstrapper,1
edu.stanford.math.plex4.metric.landmark.explicitlandmarkselector,1
edu.stanford.math.plex4.homology.zigzag.homologybasistracker,1
org.apache.commons.math.fraction.fraction,1
edu.stanford.math.plex4.autogen.homology.objectpersistencealgorithm,1
edu.stanford.math.plex4.streams.derived.homstream,1
edu.stanford.math.primitivelib.autogen.formal_sum.objectalgebraicfreemodule,1
edu.stanford.math.primitivelib.autogen.pair.objectobjectpair,1
cern.colt.timer,1
edu.stanford.math.plex4.autogen.homology.objectrelativehomology,1
edu.stanford.math.plex4.examples.desilvamorozovjohanssonexample,1
edu.stanford.math.plex4.homology.chain_basis.cellcomparator,1
edu.stanford.math.primitivelib.algebraic.impl.modularintegerfield,1
edu.stanford.math.primitivelib.autogen.algebraic.objectabstractfield,1
edu.stanford.math.plex4.homology.zigzag.zigzaghomology,1
edu.stanford.math.plex4.examples.cellstreamexamples,1
edu.stanford.math.plex4.kd.kdeuclideanmetricspace,1
edu.stanford.math.plex4.metric.searchablemetricspacetester,1
edu.stanford.math.plex4.metric.interfaces.abstractsearchablemetricspace,1
edu.stanford.math.plex4.metric.utility.metricutility,1
edu.stanford.math.plex4.homology.streamtester,1
printers.h,1
contig.hpp,1
contiglist.hpp,1
extension.hpp,1
fusion.hpp,1
match.hpp,1
mismatch.hpp,1
read.hpp,1
readlist.hpp,1
w_analysis,1
w_plotting,1
scalograms,1
nsigmaplots,1
nsets,1
ogr_feature.h,1
ogr_spatialref.h,1
cimg_152.h,1
gdalwarper.h,1
mpi_pool,1
skopt,1
matrix_fun,1
lsqr_fit_fun,1
oro.dicom,1
appoloscapes,1
depth_evaluation_utils,1
pose_evaluation_utils,1
sfmlearner,1
sfmlearner_con,1
sfmlearner_uni,1
gordian,1
r_time.h,1
r_defaults.h,1
r_includes.h,1
r_types.h,1
r_macros.h,1
r_errors.h,1
libnet.h,1
pcap-bpf.h,1
pcap_logger.h,1
fts.h,1
sslxprint.h,1
r_assoc.h,1
nu_source.h,1
lv.h,1
sidereallv.h,1
libdivide.h,1
h5ltpublic.h,1
h5apublic.h,1
h5dpublic.h,1
h5ppublic.h,1
h5spublic.h,1
h5tpublic.h,1
nusquidstools,1
pooch,1
container_conversions.h,1
dubins,1
highz,1
triangleme2,1
xetanh,1
instance_factory,1
crossovers,1
celestial_graph,1
angular_graph_solution,1
database_genome,1
database_manager,1
genetic_algorithm_class,1
crossover,1
termination_condition,1
circle_instances,1
bipartite_instances,1
general_instances,1
bipartite_solver,1
msc_coloring_solver,1
s_n_2_solver,1
s_n_k_mirror_solver,1
min_sum_abstract_graph,1
min_sum_order_solver,1
abs_makespan_solver,1
dependency_solver,1
iterated_local_search,1
simulated_annealing,1
angular_graph_scan_hamilton,1
angular_graph_scan_absolute,1
angular_dependency,1
coloring_solver,1
instance_evolver_greedy,1
instance_tests,1
util_functions,1
convert_graph,1
java.util.zip.,1
mess,1
bolstad2,1
pygrap,1
pefile,1
choroplethrzip,1
load_server,1
run_phanns_site,1
reconplots,1
eman2,1
bolt03,1
abort-controller,1
sanitize-filename,1
bolt04,1
asciichart,1
rgan,1
rcgan,1
rhel7-python-3.5.1,1
computing_spread_time_ck_union_er,1
pympler,1
tidyselect,1
prettyr,1
computing_spread_time_c1_c2_interpolation,1
computing_spread_time_c1_union_er_w_delta,1
computing_spread_time_lattice_union_er,1
computing_spread_time_c1_union_er_w_rho,1
pycxsimulator,1
visualizing_spread,1
cuda_cffi,1
iisignature,1
quick_draw_generator,1
" +
				caller, ",1
displayedvalue,1
dojox.gfx.matrix,1
dojox.gfx._base,1
my.module,1
a.b.c,1
foo.bar,1
foo.baz,1
foo.thud.xyzzy,1
doh,1
" + args);
				});

			}else if(args.smdstr){
				this.processsmd(kernel.eval(",1
", from, ",1
dojo.data.itemfilereadstore,1
dojox.dtl._templated,1
dojox.data.demos.widgets.picasaview,1
dijit.tree,1
dijit.form.validationtextbox,1
dijit.form.textarea,1
dijit.form.radiobutton,1
dijit.form.filteringselect,1
" . args.url);
		});
	},
	
	",1
dojox.data.clientfilter,1
dojox.data.itemexplorer,1
dijit.layout.bordercontainer,1
dojox.date.hebrew.date,1
hindi,1
dojox.editor.plugins.tableplugins,1
dijit._base.popup,1
dijit.form.dropdownbutton,1
dijit.tooltipdialog,1
dijit.form.multiselect,1
mygrid.mydnd,1
mygrid.plugina,1
startidx,1
this.focus._delayedheaderfocus(),1
dojox.grid.enhanced.plugins.printer,1
dojox.grid.enhancedgrid,1
dojox.grid.enhanced.plugins.dnd,1
dojox.grid.enhanced.plugins.menu,1
dojox.grid.enhanced.plugins.nestedsorting,1
dojox.grid.enhanced.plugins.indirectselection,1
dojox.rpc.service,1
dojox.help._base,1
http:,1
you,1
css,1
level1,1
dojox.image.thumbnailpicker,1
dojox.image.slideshow,1
dojox.fx.scroll,1
dojo.nodelist-manipulate,1
dojox.lang.oo.general,1
dojox.lang.oo.filter,1
dojox.json.schema,1
dojo.dnd.avatar,1
dojo.dnd.common,1
dojo.dnd.source,1
dojo.dnd.manager,1
dojox.layout.dnd.avatar,1
dijit.layout.stackcontainer,1
dojox.mobile.migrationassist,1
less,1
sourcemodel,1
 + old + ,1
" + smd);
				}else{
					processsmd(dojo.fromjson(text));
				}
			}else{
				processsmd(smd);
			}
		}

		this._options = (options ? options : {});
		this._requestid = 0;
	},

	_generateservice: function(servicename, method){
		if(this[method]){
			throw new error(",1
dojox.lang.observable,1
dojox.secure.fromjson,1
dojox.secure.dom,1
dojox.secure.capability,1
dojo.nodelist-fx,1
dojo._base.url,1
dojox.sql._crypto,1
dojox.storage.localstorageprovider,1
dojox.storage.gearsstorageprovider,1
dojox.storage.whatwgstorageprovider,1
dojox.storage.flashstorageprovider,1
dojox.storage.behaviorstorageprovider,1
dojox.storage.cookiestorageprovider,1
dojo.cookie,1
dojox.flash,1
" + this.table_name
								+ ",1
" + this.table_name
											+ ",1
" + this.table_name
					+ ",1
" + this.table_name
										+ ",1
dojo.gears,1
dojox.sql,1
dojox.gauges.analoggauge,1
dojox.gauges.bargauge,1
dojox.charting.chart2d,1
dojox.charting.widget.legend,1
dojox.charting.action2d.tooltip,1
dojox.charting.action2d.highlight,1
dojo.colors,1
dojo.data.itemfilewritestore,1
dojox.form.busybutton,1
dojox.testing.doctest,1
dojox.widget.portlet,1
dojox.data.googlefeedstore,1
dojox.widget.rollinglist,1
dojox.gauges._gauge,1
dojox.gauges.analogarcindicator,1
dojox.gauges.analogarrowindicator,1
dojox.gauges.analogneedleindicator,1
dojox.gauges.barindicator,1
dijit.declaration,1
dijit._contained,1
dijit.focus,1
dijit._base.focus,1
dojox.html.metrics,1
dojo.io.iframe,1
dojox.encoding.digests.md5,1
dojox.xmpp.bosh,1
dojox.data.dom,1
dojox.string.builder,1
dojox.encoding.base64,1
dijit.layout.layoutcontainer,1
dojox.xmpp.transportsession,1
dojox.xmpp.rosterservice,1
dojox.xmpp.presenceservice,1
dojox.xmpp.userservice,1
dojox.xmpp.chatservice,1
dojox.xmpp.sasl,1
 + json.stringify(item.layer.include) + ,1
 + sourcebundle[aliassource].length +,1
"
				",1
dojo.string.extras,1
dojo.crypto.md5,1
util.docscripts.cheat.floatup,1
netscape.javascript.,1
javax.swing.jdialog,1
doh.runner,1
", ",1
 + this._path.tocss() + features + ,1
javax.resource.spi.securityexception,1
org.jboss.security.base64encoder,1
nz.ac.auckland.abi.businesslogic.dataviewmanagerremote,1
nz.ac.auckland.abi.businesslogic.icmadatabaseadministration,1
nz.ac.auckland.abi.businesslogic.patientsourcemapmanagerremote,1
nz.ac.auckland.abi.businesslogic.patientsbeanremote,1
nz.ac.auckland.abi.dcm4chee.pacsstudyoperations,1
nz.ac.auckland.abi.helper.mrifitdata,1
nz.ac.auckland.abi.helper.pacsinstanceprocessor,1
javax.ejb.objectnotfoundexception,1
nz.ac.auckland.abi.helper.icmametadata,1
nz.ac.auckland.abi.icmaconfiguration.batchadditionsmanager,1
nz.ac.auckland.abi.icmaconfiguration.resourceinitializer,1
nz.ac.auckland.abi.entities.modelview,1
javax.jcr.nodetype.constraintviolationexception,1
nz.ac.auckland.abi.entities.pacsstudypk,1
java.net.connectexception,1
java.security.generalsecurityexception,1
org.dcm4che.data.dcmparserfactory,1
org.dcm4che.dict.dictionaryfactory,1
org.dcm4che.dict.uiddictionary,1
org.dcm4che.net.aassociateac,1
org.dcm4che.net.aassociaterq,1
org.dcm4che.net.association,1
org.dcm4che.net.futurersp,1
org.dcm4che.net.pdu,1
org.dcm4che.net.prescontext,1
org.dcm4che.util.dcmurl,1
org.dcm4che2.data.dicomobject,1
org.dcm4che2.tool.dcm2xml.dcm2xml,1
javax.security.auth.callback.callback,1
javax.security.auth.callback.callbackhandler,1
javax.security.auth.callback.namecallback,1
javax.security.auth.callback.passwordcallback,1
javax.security.auth.callback.unsupportedcallbackexception,1
javax.management.mbeanserverconnection,1
javax.management.objectname,1
javax.security.auth.login.appconfigurationentry,1
javax.security.auth.login.configuration,1
javax.security.auth.login.logincontext,1
org.w3c.dom.text,1
com.sun.org.apache.xml.internal.serialize.outputformat,1
com.sun.org.apache.xml.internal.serialize.xmlserializer,1
org.dcm4che.data.filemetainfo,1
org.dcm4che.net.acceptorpolicy,1
org.dcm4che.net.dcmservicebase,1
org.dcm4che.net.dcmserviceregistry,1
org.dcm4che.server.dcmhandler,1
org.dcm4che.server.server,1
org.dcm4che.server.serverfactory,1
org.dcm4che.util.dcmprotocol,1
org.dcm4che.dict.,1
java.nio.file.filesystem,1
java.nio.file.filesystems,1
javax.persistence.idclass,1
javax.naming.namingexception,1
nz.ac.auckland.abi.icmaconfiguration.processmanager,1
nz.ac.auckland.abi.dicomprocessing.dicomseries2movie,1
org.w3c.dom.traversal.documenttraversal,1
org.w3c.dom.traversal.nodefilter,1
org.w3c.dom.traversal.nodeiterator,1
nz.ac.auckland.abi.workflow.speckletrackinginterface,1
javax.management.openmbean.keyalreadyexistsexception,1
nz.ac.auckland.abi.helper.patientjobrecord,1
javax.jcr.binary,1
javax.jcr.repositoryexception,1
nz.ac.auckland.abi.mrimodelfitting.wsclient.mrimodelfittingservice,1
nz.ac.auckland.abi.speckletofem.wsclient.speckletofemmodelservice,1
nz.ac.auckland.abi.speckletracking.wsclient.speckletrackingservice,1
java.nio.channels.channels,1
java.nio.channels.readablebytechannel,1
com.sun.org.apache.xml.internal.security.utils.base64,1
java.util.zip.zipoutputstream,1
nz.ac.auckland.abi.helper.processspeckletrackingoutput,1
nz.ac.auckland.abi.helper.speckletofemxmlinputgenerator,1
nz.ac.auckland.abi.helper.wsdicomdownloader,1
nz.ac.auckland.abi.implementations.mrimodelfitting,1
nz.ac.auckland.abi.implementations.specklefitting,1
javax.servlet.http.httpsession,1
capmodel,1
loadtest,1
phonetisaurus,1
caltech101,1
newsgroups,1
scopes,1
pileup,1
binned,1
serializer_base,1
api_serializers,1
crispy_bootstrap5,1
process_upload,1
next_prev,1
idprovider,1
archeutils,1
skos,1
alexnet_binary,1
resnet_binary,1
vgg_cifar10_binary,1
bst,1
vg_eval,1
_roi_align,1
_crop_resize,1
_roi_crop,1
_roi_pooling,1
proposal_layer,1
anchor_target_layer,1
model_creator,1
resnet_cifar,1
plain_cnn,1
masked_sequential,1
masked_conv_2d,1
yolo_imageloader,1
avx512_mathfun.hxx,1
avx_mathfun.hxx,1
neon_mathfun.hxx,1
sse_mathfun.hxx,1
mipp_object.hxx,1
mipp_impl_sve.hxx,1
mipp_impl_neon.hxx,1
mipp_impl_avx512.hxx,1
mipp_impl_avx.hxx,1
mipp_impl_sse.hxx,1
mipp_scalar_op.hxx,1
pyramidnet,1
wintime.h,1
utils.cuh,1
datapreparator.cuh,1
common_kernels.cuh,1
web_ui,1
struct_member,1
custom_alloc.h,1
dr_tools.h,1
drsyms.h,1
run_experiments,1
spectral_eta_trick_,1
gen_toeplitz_rmat,1
gen_sim_from_embedding_,1
alternate_embedding_,1
laplacian_,1
java.nio.channels.,1
pixel_cnn_pp,1
map_insilico,1
custom.functions.pkg,1
fssgam,1
admit,1
dask_jobqueue,1
show_pv_quicklook,1
make_selfcal_animation,1
zoom_figures,1
statcont,1
field_data,1
unite_contranges,1
create_clean_model,1
casa_system_defaults,1
analysisutils,1
fvp,1
fvp_second_order,1
ntk,1
linear_strategy,1
leap_meta_repurposer,1
updaters,1
sim_indices,1
sketched_kernels,1
load_repurposer,1
bnn_classifier,1
var_loss,1
deployd,1
org.applause.lang.generator.android.model.entitycompiler,1
org.applause.lang.generator.android.androidoutputconfigurationprovider,1
org.applause.lang.generator.android.model.attributeextensions,1
org.applause.lang.generator.ios.dataaccess.apiclientcompiler,1
org.applause.lang.generator.ios.dataaccess.dataaccesscompiler,1
org.applause.lang.generator.ios.dataaccess.datamappingcompiler,1
org.applause.lang.generator.ios.model.entitycompiler,1
org.applause.lang.generator.ios.supportfiles.infopliststringscompiler,1
org.applause.lang.generator.ios.supportfiles.mainclasscompiler,1
org.applause.lang.generator.ios.supportfiles.plistcompiler,1
org.applause.lang.generator.ios.supportfiles.precompiledheadercompiler,1
org.applause.lang.generator.ios.ui.screencompiler,1
org.applause.lang.generator.ios.dataaccess.apiclientheaderfilecompiler,1
org.applause.lang.generator.ios.dataaccess.apiclientmodulefilecompiler,1
org.applause.lang.generator.ios.dataaccess.entitydataaccessheaderfilecompiler,1
org.applause.lang.generator.ios.dataaccess.entitydataaccessmodulefilecompiler,1
org.applause.lang.generator.ios.dataaccess.entitydatamappingheaderfilecompiler,1
org.applause.lang.generator.ios.dataaccess.entitydatamappingmodulefilecompiler,1
org.applause.lang.generator.ios.dataaccess.resturlextensions,1
org.eclipse.xtext.generator.ioutputconfigurationprovider,1
org.eclipse.xtext.generator.outputconfiguration,1
org.applause.lang.generator.ios.model.entityheaderfilecompiler,1
org.applause.lang.generator.ios.model.entitymodulefilecompiler,1
org.applause.lang.generator.ios.supportfiles.infopliststringsfilecompiler,1
org.applause.lang.generator.ios.supportfiles.mainclassmodulefilecompiler,1
org.applause.lang.generator.ios.supportfiles.plistfilecompiler,1
org.applause.lang.generator.ios.supportfiles.precompiledheaderfilecompiler,1
org.applause.lang.generator.ios.ui.defaultdetailsscreenheaderfilecompiler,1
org.applause.lang.generator.ios.ui.defaultdetailsscreenmodulefilecompiler,1
org.applause.lang.generator.ios.ui.defaultlistscreenheaderfilecompiler,1
org.applause.lang.generator.ios.ui.defaultlistscreenmodulefilecompiler,1
org.applause.lang.generator.ios.ui.defaultlistscreenactioncompiler,1
org.applause.lang.generator.ios.ui.defaultlistscreeneditactioncompiler,1
org.applause.lang.generator.ios.ui.defaultdetailsscreencompiler,1
org.applause.lang.generator.ios.ui.defaultlistscreencompiler,1
org.applause.lang.applausedslinjectorprovider,1
org.eclipse.xtext.junit4.injectwith,1
org.eclipse.xtext.junit4.xtextrunner,1
org.eclipse.xtext.junit4.util.parsehelper,1
org.eclipse.xtext.xbase.lib.exceptions,1
org.junit.runner.runwith,1
org.applause.lang.ui.internal.applausedslactivator,1
org.applause.lang.ui.contentassist.abstractapplausedslproposalprovider,1
org.eclipse.xtext.ui.label.defaultdescriptionlabelprovider,1
org.eclipse.xtext.ui.label.defaulteobjectlabelprovider,1
org.eclipse.xtext.ui.editor.outline.impl.defaultoutlinetreeprovider,1
org.eclipse.xtext.ui.editor.quickfix.defaultquickfixprovider,1
org.applause.lang.applausedsl.applausedslfactory,1
org.applause.lang.applausedsl.uiactionkind,1
org.eclipse.xtext.serializer.analysis.grammaralias.groupalias,1
org.eclipse.xtext.serializer.analysis.grammaralias.tokenalias,1
org.eclipse.xtext.serializer.analysis.isyntacticsequencerpdaprovider.isynnavigable,1
org.eclipse.xtext.formatting.impl.abstractdeclarativeformatter,1
org.eclipse.xtext.formatting.impl.formattingconfig,1
org.eclipse.xtext.scoping.iscope,1
org.eclipse.xtext.scoping.scopes,1
org.eclipse.xtext.scoping.impl.abstractdeclarativescopeprovider,1
org.applause.lang.validation.abstractapplausedslvalidator,1
kitchentable,1
scatterplot,1
convert.sh,1
mcmcplots,1
.requirements,1
zhon,1
scl_source,1
highlightjs,1
shaka-player,1
speaktome-api,1
ip-regex,1
bpmn-js,1
serialport,1
imagemin-mozjpeg,1
imagemin-svgo,1
imagemin-optipng,1
imagemin-gifsicle,1
source-map-support,1
visa,1
ofetmeasuregui,1
board_rf50.h,1
board_hm_trp.h,1
board_rfd900.h,1
board_rfd900a.h,1
board_ism01a.h,1
board_hb1060.h,1
board_mro900.h,1
board_3dr1060.h,1
golay23.h,1
rtc.h,1
radio_446x_api.h,1
radio_446x_conf.h,1
xmodem,1
ti_maker,1
optimparallel,1
inelasticity.h,1
crystaldamage.h,1
kinematics.h,1
postprocessors.h,1
larsonmiller.h,1
nemlmath.h,1
ri_flow.h,1
creep.h,1
damage.h,1
nox.h,1
nox_lapack_group.h,1
internalvariable.h,1
neml_export.h,1
csimple.h,1
cinterface.h,1
bigmemory.sri,1
perceptual,1
adabound,1
w2v,1
vtree,1
io2,1
modbusip.h,1
modbusip_enc28j60.h,1
ethercard.h,1
modbusip_esp8266at.h,1
esp8266.h,1
modbusserial.h,1
compositions,1
philr,1
phylofactor,1
qualpalr,1
ssd1306_conf.h,1
stm32wbxx_hal.h,1
stm32f0xx_hal.h,1
stm32f1xx_hal.h,1
stm32l0xx_hal.h,1
stm32l1xx_hal.h,1
stm32l4xx_hal.h,1
stm32l5xx_hal.h,1
stm32f3xx_hal.h,1
stm32h7xx_hal.h,1
stm32f7xx_hal.h,1
stm32g0xx_hal.h,1
stm32g4xx_hal.h,1
stm32c0xx_hal.h,1
stm32u5xx_hal.h,1
ssd1306_tests.h,1
regmedint,1
timedate,1
genetictools,1
simplecache,1
vim,1
miceadds,1
glmulti,1
abst_helpers,1
feeds,1
sitemaps,1
main_extractor,1
pycurl,1
readability_lxml,1
json_metadata,1
sep,1
donuts,1
reduction,1
phot,1
javax.swing.defaultcelleditor,1
javax.swing.table.defaulttablemodel,1
javax.swing.table.tablecolumn,1
crfsuite,1
corpus,1
seriessmoother.h,1
gsl_blas.h,1
gsl_linalg.h,1
gsl_matrix.h,1
qabstractlistmodel,1
qtcompatibility.h,1
qwt_scale_div.h,1
qmetamethod,1
qprintdialog,1
qtablewidgetitem,1
qsignalmapper,1
qwt_legend_item.h,1
qwt_plot_legenditem.h,1
qmetaproperty,1
soiltypeoutputtablemodel.h,1
qabstractitemdelegate,1
qitemselection,1
qtextblock,1
qtextcursor,1
qwhatsthis,1
marginals_v2,1
basic_income,1
benefits_unemp_ek,1
benefits_unemp_porrastus,1
benefits_unemp_ek2020,1
benefits_horev,1
benefits_unemp_korotus,1
ben_test,1
benefits_yleistuki,1
benefits_puoliväliriihi2025,1
ollama,1
celluloid,1
celltalker,1
seuratdata,1
ojph_arch.h,1
ojph_message.h,1
single_length_train,1
objective,1
xgboosttree,1
pydometer,1
geometry_helpers,1
base_predictor,1
hsar,1
evaluate_net,1
dataset_config,1
training_utils,1
dmc2gym,1
contig,1
kmer,1
spline,1
enterprise_extensions,1
turtle,1
ap.incl,1
bp.incl,1
cp.incl,1
dp.incl,1
ax.incl,1
bx.incl,1
cx.incl,1
dx.incl,1
dtmcpack,1
http_core.h,1
http_protocol.h,1
http_request.h,1
util_cookies.h,1
apr.h,1
apr_tables.h,1
apr_strings.h,1
apr_base64.h,1
apr_pools.h,1
apr_dbd.h,1
apr_escape.h,1
http_log.h,1
sparse_util,1
adapm,1
dmlc,1
zmq_van.h,1
zmq.h,1
o2geosocial,1
socialmixr,1
starfish,1
numpy_groupies,1
bernoulli_arm,1
gaussian_arm,1
pseudo_arm,1
multi_armed_bandit,1
mnl_bandit,1
linear_bandit,1
thresholding_bandit,1
contextual_bandit,1
linucb,1
lilucb_heur_collaborative,1
lilucb_heur_collaborative_utils,1
sr,1
exp_gap,1
lilucb_heur,1
ucbv,1
moss,1
exp3,1
explore_then_commit,1
apt,1
single_player_protocol,1
collaborative_learning_protocol,1
train_dnn,1
kseqcpp,1
bbhash,1
nthash,1
quasi_dictionary,1
netash,1
netatalk,1
netax25,1
neteconet,1
netipx,1
netrose,1
netifaces,1
acnet_data_nyuv2_eval,1
rnoaa,1
scramble.h,1
dsfmt-params521.h,1
dsfmt-params1279.h,1
dsfmt-params2203.h,1
dsfmt-params4253.h,1
dsfmt-params11213.h,1
dsfmt-params19937.h,1
dsfmt-params44497.h,1
dsfmt-params86243.h,1
dsfmt-params132049.h,1
dsfmt-params216091.h,1
dsfmt-common.h,1
dsfmt_str_state.h,1
app_level.h,1
app_light_ctl.h,1
light_ctl_mc.h,1
light_ctl_utils.h,1
app_light_lc.h,1
light_lc_state_utils.h,1
light_lc_mc.h,1
light_lc_fsm.h,1
light_lightness_utils.h,1
app_onoff.h,1
fsm_assistant.h,1
pwm_utils.h,1
nrfx_prs.h,1
intelhex,1
deviceutil,1
pynrfjprog,1
802_15_4_config.h,1
sys_memory_manager.h,1
ral_irq_handlers.h,1
sys_init.h,1
mac_mlme_comm_status.h,1
fstorage.h,1
tile_gap_driver.h,1
crys_chacha_error.h,1
crys_common.h,1
crys_rsa_kg.h,1
crys_rsa_build.h,1
crys_rsa_schemes.h,1
crys_rsa_prim.h,1
common_test.h,1
nfc_ndef_msg_parser.h,1
nrf_drv_systick.h,1
nrf_log_backend_flash.h,1
arm_const_structs.h,1
nrf52_dk.h,1
nrf_drv_i2s.h,1
nrf_drv_lpcomp.h,1
nrf_drv_qdec.h,1
radio_cmd.h,1
radio_test.h,1
nrf_temp.h,1
nrf_drv_twis.h,1
uicr_config.h,1
nrf_drv_wdt.h,1
testxd,1
compareprior,1
stellartwins,1
demo_plots,1
talos,1
coco_text,1
trigger.h,1
primaries.h,1
earthmodel.h,1
tf3.h,1
raytrace_detail,1
usefulicrrstationevent.h,1
usefulatristationevent.h,1
arageomtool.h,1
arasimversion.h,1
jspdf,1
svg2pdf.js,1
opener,1
concurrently,1
circular-dependency-plugin,1
tsc-watch,1
dependency-cruiser,1
graphviz-cli,1
psmat,1
map_parameters.sh,1
jest-config,1
node:module,1
r.methodss3,1
r.oo,1
indexedcorpus,1
mmcorpus,1
bleicorpus,1
svmlightcorpus,1
lowcorpus,1
hashdictionary,1
wikicorpus,1
textcorpus,1
ucicorpus,1
malletcorpus,1
coherencemodel,1
hdpmodel,1
tfidfmodel,1
logentropy_model,1
doc2vec,1
keyedvectors,1
ldamulticore,1
normmodel,1
translation_matrix,1
sparsesvd,1
pygtrie,1
ldamallet,1
dtmmodel,1
ldavowpalwabbit,1
wordrank,1
varembed,1
porter,1
docsim,1
w2vmodel,1
d2vmodel,1
text2bow,1
hdp,1
keywords,1
mz_entropy,1
discogs_client,1
eval_common,1
openml,1
robmed,1
fowsr.h,1
pearson.h,1
yepcore.h,1
pytools,1
tframe.h,1
tkey.h,1
getline.h,1
tpregexp.h,1
thashtable.h,1
wconstants.h,1
h5r,1
aoflagger.h,1
aligned_ptr.h,1
antennaconfig.h,1
aartfaacmode.h,1
optional.h,1
timerange.h,1
lane.h,1
forwardingwriter.h,1
tinygrad,1
_backends,1
olsrv1_util,1
ipaddr,1
pixel_array.h,1
qqueue,1
qlinkedlist,1
qmultihash,1
getopt-win.h,1
lrucache.h,1
utm.h,1
quality_constraints,1
computational_resources,1
wizard,1
ipyoptimade,1
ipytree,1
shortuuid,1
vapory,1
modulebus2count,1
modulesc,1
velocyto.r,1
seuratdisk,1
circgate.h,1
bpr,1
fangs,1
cmdline,1
thgsvd,1
shgsvd,1
writemat,1
sggsvd2,1
write-good,1
git-rev,1
cookielib,1
all_actions,1
topology_manipulation,1
base_holder,1
topology_objects,1
load_samples,1
cast_dataset,1
selectors2,1
cpp_math,1
c_traj,1
cclib,1
chemview,1
check_openmp,1
find_lib,1
codegen_enum,1
yapf,1
auditwheel,1
audio_reader,1
roxygen2,1
coevo,1
genotypepanel.h,1
uniquealignertests.h,1
debruijngraph.h,1
hsh.h,1
sequence,1
binarykmer.h,1
largelocuscodeallocation.h,1
graphalignerunique,1
readsimulator.h,1
simulationsuite.h,1
filterlongoverlappingreads.h,1
dimension_agnostic,1
pyvis,1
metabosignal,1
opt_disc,1
wordgraph,1
simfunc,1
vecmodel,1
jit-grunt,1
keyboard_listener,1
siammask,1
bbox_helper,1
slider,1
video_list,1
player,1
theme_picker,1
ssh_login,1
message_progress,1
tracking_manager,1
hungarian_manager,1
detection_manager,1
info_detection,1
class_editor,1
prince,1
udatapath,1
nbee.h,1
nbee_link.h,1
ofl-exp.h,1
vlog.hh,1
ofl-log-vlog.h,1
ofl-log-vlog-cc.h,1
sat-math.h,1
mac-learning.h,1
port-array.h,1
shash.h,1
svec.h,1
xtoxll.h,1
dpctl.h,1
dpif.h,1
socket-util.h,1
ipv6_util.h,1
ofpstat.h,1
fatal-signal.h,1
com.google.common.base.charsets,1
com.google.common.base.joiner,1
com.google.common.io.files,1
org.apache.commons.lang3.tuple.pair,1
org.apache.jena.base.sys,1
com.fasterxml.jackson.annotation.jsonignoreproperties,1
gate.,1
gate.util.gateexception,1
com.fasterxml.jackson.core.jsonprocessingexception,1
edu.upf.taln.dri.lib.factory,1
edu.upf.taln.dri.lib.exception.driexception,1
edu.upf.taln.dri.lib.model.document,1
gate.annotation,1
org.apache.http.client.config.requestconfig,1
org.elasticsearch.action.search.,1
org.elasticsearch.client.responseexception,1
org.elasticsearch.client.restclientbuilder,1
org.elasticsearch.common.unit.timevalue,1
org.elasticsearch.search.scroll,1
org.elasticsearch.search.builder.searchsourcebuilder,1
javax.net.ssl.sslhandshakeexception,1
java.net.httpurlconnection,1
feeders,1
cplex,1
paraview,1
sara_control,1
_can,1
bladderbatch,1
verify_openapi_shapes,1
browse_reference,1
aiidalab_widgets_base,1
themes,1
bundlemetrics,1
iofibers,1
brg_types.h,1
devine_sha1.h,1
powerspec,1
initpath,1
pivottablejs,1
gpyopt,1
util_ops,1
domain_capabilities,1
typers,1
codegen,1
testsuite_support,1
python_driver,1
c_sample.c,1
c_sample1.c,1
c_sample2.c,1
dnds,1
lightfm,1
audio_features,1
cy_parallax,1
degrees_of_freedom,1
iers,1
nmat,1
pmat,1
moby2,1
src_scan,1
fortran_32,1
fortran_64,1
pyactgetdata,1
sampcut,1
folki,1
_bfe,1
bfe_class,1
_computecoeff,1
mpipool,1
caretensemble,1
stepstridefrequencymoduleconstants,1
taylens,1
oscopevectorize,1
stringdb,1
break_ties,1
detect_pattern,1
potential_dialects,1
explore,1
standardize,1
tabview,1
normal_form,1
torch_functions,1
embed,1
@graphql-codegen,1
neurofinder,1
c2s,1
restthumbnails,1
jsonapi,1
auvimport,1
waffle,1
dajaxice,1
publish-release,1
@stencil,1
traci,1
tripgen,1
parkstat,1
sumolib,1
route2trips,1
gmail,1
sublimelinter,1
" +
                    ",1
secret,1
htmllib,1
polib,1
@durable-streams,1
boxen,1
golang.org,1
google.golang.org,1
mruby.h,1
antlr3encodings.h,1
antlr3cyclicdfa.h,1
antlr3filestream.h,1
antlr3rewritestreams.h,1
antlr3treeparser.h,1
antlr3config.h,1
antlr3interfaces.h,1
antlr3convertutf.h,1
clexer.h,1
cparser.h,1
c.h,1
t.h,1
fuzzyjava.h,1
fuzzyjavadefs.h,1
hoistedpredicates.h,1
javadoclexer.h,1
javadocparser.h,1
javadoc.h,1
simplelexer.h,1
simpleparser.h,1
polydiffdefs.h,1
polylexer.h,1
polyparser.h,1
polyprinter.h,1
polydifferentiator.h,1
simplifier.h,1
simplectreeparser.h,1
simpleclexer.h,1
simplecparser.h,1
simplecwalker.h,1
treeparser.h,1
langlexer.h,1
langparser.h,1
langdumpdecl.h,1
org.antlr.runtime.bitset,1
clexer,1
fuzzyjava,1
simplelexer,1
simpleparser,1
simpleclexer,1
simplecparser,1
pythonlexer,1
pythonparser,1
pythontokensource,1
symtabtestlexer,1
symtabtestparser,1
xmllexer,1
checkmate,1
$pipeline,1
doctor_confidence,1
nodule_confidence,1
keras_res_nodule_net,1
keras_3dunet,1
keras_nodule_vgg,1
dense_nodule_net,1
res_nodule_net,1
dilated_nodule_net,1
dagan_architectures,1
dagan_networks_wgan,1
rgbif,1
schoolmath,1
pyregpt,1
cposvalcalculation.h,1
_queue,1
deepmind_lab,1
faster_fifo,1
edu.stanford.nlp.dcoref.corefchain,1
edu.stanford.nlp.dcoref.corefcoreannotations,1
edu.stanford.nlp.ling.coreannotations,1
edu.stanford.nlp.ling.corelabel,1
edu.stanford.nlp.ling.indexedword,1
edu.stanford.nlp.semgraph.semanticgraph,1
edu.stanford.nlp.semgraph.semanticgraphcoreannotations,1
edu.stanford.nlp.trees.englishgrammaticalrelations,1
edu.stanford.nlp.trees.grammaticalrelation,1
edu.stanford.nlp.trees.tree,1
edu.stanford.nlp.trees.treecoreannotations,1
edu.stanford.nlp.util.coremap,1
net.didion.jwnl.data.indexword,1
net.didion.jwnl.data.pos,1
msrl,1
mrce,1
glasso,1
cvxr,1
camel,1
aee_counter.hpp,1
bobhash.hpp,1
singlecountertests.hpp,1
dwayspacesavingtests.hpp,1
enumerator_attribute_nominal,1
enumerator_attribute_numeric,1
enumerator_attribute_simple,1
enumerator_attribute_themes2,1
enumerator_attribute_hmt,1
java.io.filenamefilter,1
mocha,1
unpipe,1
setprototypeof,1
" +
          this.types[exts] + ",1
ee-first,1
forwarded,1
json-stable-stringify,1
 + why + ,1
double-ended-queue,1
redis-parser,1
redis-commands,1
http-errors,1
depd,1
destroy,1
fresh,1
range-parser,1
parseurl,1
send,1
media-typer,1
notice,1
easyxpress,1
deform_conv_v2,1
card,1
i18next,1
react-markdown,1
jstat,1
filterform,1
triggerablemodal,1
datatable,1
pyhip,1
muffled_utils,1
onset_detection.h,1
postponing.h,1
tuntap,1
adafruit_blebattery.h,1
adafruit_bleeddystone.h,1
adafruit_blegatt.h,1
ieee11073float.h,1
adafruit_fifo.h,1
common_header.h,1
glob2,1
ctv,1
pytorch_log,1
stop_watch,1
tf_helpers,1
fcoplib,1
parallel_environment,1
graph_placeholder,1
graph_conv,1
segments,1
graph_data,1
traceback_utils,1
test_input,1
qe_tools,1
dqn,1
sascorer,1
mbed,1
mbed_os_tools,1
mbed_host_tests,1
pystache,1
multiclassoversampling,1
_metrics,1
_oversampling,1
_undersampling,1
_scipyport,1
_mlpclassifierwrapper,1
_oversamplingclassifier,1
_errorwarning_classifier,1
_datasets,1
_multiclassoversampling,1
_cnntomeklinks,1
_editednn,1
_neighborhoodcleaningrule,1
_onesidedselection,1
_nosmote,1
_smote_tomeklinks,1
_smote_enn,1
_ahc,1
_lle_smote,1
_distance_smote,1
_smmo,1
_stefanowski,1
_msmote,1
_de_oversampling,1
_smobd,1
_sundo,1
_msyn,1
_svm_balance,1
_trim_smote,1
_smote_rsb,1
_prowsyn,1
_sl_graph_smote,1
_nrsboundary_smote,1
_lvq_smote,1
_soi_cj,1
_rose,1
_smote_out,1
_smote_cosine,1
_selected_smote,1
_ln_smote,1
_mwmote,1
_pdfos,1
_ipade_id,1
_rwo_sampling,1
_neater,1
_deago,1
_gazzah,1
_mct,1
_adg,1
_smote_ipf,1
_kerneladasyn,1
_mot2ld,1
_v_synth,1
_oups,1
_smote_d,1
_smote_pso,1
_cure_smote,1
_somo,1
_ce_smote,1
_isomap_hybrid,1
_edge_det_smote,1
_cbso,1
_dbsmote,1
_asmobd,1
_assembled_smote,1
_sdsmote,1
_dsmote,1
_g_smote,1
_nt_smote,1
_lee,1
_spy,1
_smote_psobat,1
_mdo,1
_random_smote,1
_ismote,1
_vis_rst,1
_gasmote,1
_a_suwo,1
_smote_frst_2t,1
_and_smote,1
_nras,1
_amsco,1
_sso,1
_dsrbf,1
_ndo_sampling,1
_gaussian_smote,1
_kmeans_smote,1
_supervised_smote,1
_sn_smote,1
_ccr,1
_ans,1
_cluster_smote,1
_e_smote,1
_adoms,1
_symprod,1
_smote_amsr,1
_smotewb,1
minisom,1
_queries,1
_runtimes,1
_random_undersampling,1
_oversampling_driven_undersampling,1
_visualization,1
psycogreen,1
 + tableid + ,1
_pyvol2bird,1
_rave,1
_raveio,1
rave_tempfile,1
odim_source,1
rave_pgf_logger,1
rave_dom_db,1
rave_bdb,1
pyvol2bird.h,1
pyverticalprofile.h,1
pypolarvolume.h,1
pyrave_debug.h,1
rave_alloc.h,1
libvol2bird.h,1
argparse.hpp,1
pydens,1
model_torch,1
moveit_msgs,1
shape_msgs,1
per2csv_functions,1
custom_ddpg,1
custom_sac,1
custom_ppo2,1
donkey_sim,1
teleop,1
algos,1
form-data,1
pcict,1
angular-mocks.js,1
michi2_read_lib_seds,1
myutils,1
interact3,1
debuginfo,1
authconfig,1
autopart,1
autostep,1
bootloader,1
clearpart,1
deviceprobe,1
displaymode,1
dmraid,1
driverdisk,1
fcoe,1
firewall,1
firstboot,1
ignoredisk,1
interactive,1
iscsi,1
iscsiname,1
lang,1
langsupport,1
lilocheck,1
logvol,1
mediacheck,1
multipath,1
raid,1
reboot,1
rescue,1
rootpw,1
selinux,1
skipx,1
sshpw,1
timezone,1
updates,1
upgrade,1
vnc,1
volgroup,1
xconfig,1
zerombr,1
zfcp,1
grabber,1
imputil,1
urlgrabber,1
desktop,1
micrepo,1
installerfw,1
wgdgc,1
bsgenome.mmusculus.ucsc.mm9,1
flowsorted.dlpfc.450k,1
falafel,1
falafel-map,1
esprima-selector,1
falafel-helpers,1
 + (fromnode.name ? (fromnode.name + ,1
rpxsuite,1
'00_config.sh',1
plater,1
electron-connect,1
vrmlgen,1
calcul,1
pathmanage,1
writepdbfile,1
coprocess-win32.hpp,1
coprocess-win32.cpp,1
coprocess-unix.cpp,1
fhstream.hpp,1
util-win32.cpp,1
util-unix.cpp,1
vehicles,1
demand,1
papermill,1
eventinjector.h,1
segmentation_utils,1
optimization_objectives,1
learn_rate_shedules,1
parameter_updates,1
datasethierarchyreader,1
randomized_sieve,1
sieve_rotator,1
prmt,1
greedy_prmt_solver,1
fine_to_coarse,1
qresnet,1
qresnet_0,1
qresnet_1,1
qresnet_2,1
qresnet_3,1
specific.h,1
ae,1
_paper_html,1
secpassword.h,1
password.h,1
secbridge.h,1
kcexceptions.h,1
fermi_dirac_integral,1
galaxies,1
debug_console_imx.h,1
gpio_ctrl.h,1
hw_timer.h,1
gpio_pins.h,1
gpio_imx.h,1
uart_imx.h,1
wdog_imx.h,1
lapack_wrapper.h,1
plugandplay.h,1
q8driv.h,1
q8driv-betti.h,1
q8da.h,1
q8en.h,1
q8di.h,1
q8do.h,1
q8wd.h,1
q8ad.h,1
pcminput.h,1
pcmsolverexport.h,1
pcmparser,1
getkw,1
pcmdata,1
tailfindr,1
tf2_eigen,1
kbtree.h,1
ntm_cell,1
scatterpie,1
legendmap,1
featmatchutilities.h,1
biglasso,1
" + this.target.templatename());
				return false;
			}
		}
	}
	else if (this.overseas)
		this.overseas = 0;

	return true;
};
",1
 + index1 + ,1
" + this.currentphase +
			          ",1
 + i + ,1
 + this.priorities[queuename] + ,1
 + this.id + ,1
 + template + ,1
curlbuild.h,1
curlrules.h,1
zip.h,1
lstate.h,1
mk64f12.h,1
qlabel.h,1
qlayout.h,1
qmessagebox.h,1
qprogressbar.h,1
qstatusbar.h,1
__release__,1
cxxtest_parser,1
cxxtest_fog,1
mockstdlib.h,1
fucriticalsection.h,1
cygwin,1
format-inl.h,1
ostream.h,1
conditionalmacros.h,1
annotationshandler.h,1
bookmarkhandler.h,1
eventdispatcher.h,1
statisticshandler.h,1
atomicrefcount.h,1
config.h.unix,1
connectiontls.h,1
dataformfield.h,1
windns.h,1
flexoffhandler.h,1
mucroom.h,1
jinglepluginfactory.h,1
loghandler.h,1
delayeddelivery.h,1
mucroomhandler.h,1
mucroomconfighandler.h,1
privacyitem.h,1
privacylisthandler.h,1
registrationhandler.h,1
rosteritem.h,1
rosterx.h,1
subscriptionhandler.h,1
rosterlistener.h,1
searchhandler.h,1
siprofilehandler.h,1
sihandler.h,1
bytestreamhandler.h,1
connectionhandler.h,1
subscription.h,1
schnlsp.h,1
instantmucroom.h,1
vcard.h,1
uconfig_local.h,1
urlapi.h,1
crypto_auth_hmacsha512256.h,1
crypto_hash_sha256.h,1
crypto_auth_hmacsha512.h,1
crypto_box_curve25519xsalsa20poly1305.h,1
crypto_generichash_blake2b.h,1
crypto_onetimeauth_poly1305.h,1
crypto_pwhash_argon2i.h,1
crypto_pwhash_argon2id.h,1
crypto_scalarmult_curve25519.h,1
crypto_secretbox_xsalsa20poly1305.h,1
crypto_aead_xchacha20poly1305.h,1
crypto_stream_chacha20.h,1
crypto_shorthash_siphash24.h,1
crypto_sign_ed25519.h,1
igd_desc_parse.h,1
efx.h,1
sdl_metal.h,1
sdl_sensor.h,1
armintr.h,1
arm64intr.h,1
arm64_neon.h,1
cameracontroller.h,1
canvas2d.h,1
colladamanager.h,1
decal.h,1
font.h,1
fontmetrics.h,1
heightmipmap.h,1
hftracer.h,1
icameracontroller.h,1
lostexture.h,1
mapgenerator.h,1
cinemamanager.h,1
lightenv.h,1
mapwriter.h,1
materialmanager.h,1
meshmanager.h,1
minimaptexture.h,1
modelabstract.h,1
modeldef.h,1
objectbase.h,1
objectentry.h,1
overlay.h,1
particleemitter.h,1
particleemittertype.h,1
particlemanager.h,1
renderableobject.h,1
preprocessorwrapper.h,1
jsinterface_gameview.h,1
shaderdefines.h,1
shadermanager.h,1
shadertechnique.h,1
skeletonanimdef.h,1
skeletonanimmanager.h,1
terrainproperties.h,1
territoryboundary.h,1
territorytexture.h,1
textrenderer.h,1
textureconverter.h,1
unit.h,1
unitanimation.h,1
cgui.h,1
cguiscrollbarvertical.h,1
cguisetting.h,1
cguisprite.h,1
cguitext.h,1
guimanager.h,1
guirenderer.h,1
guitooltip.h,1
iguibuttonbehavior.h,1
iguiobject.h,1
iguiscrollbarowner.h,1
iguitextowner.h,1
cbutton.h,1
cchart.h,1
ccheckbox.h,1
cdropdown.h,1
chotkeypicker.h,1
cimage.h,1
cinput.h,1
clist.h,1
cminimap.h,1
colist.h,1
cprogressbar.h,1
cradiobutton.h,1
cslider.h,1
ctext.h,1
ctooltip.h,1
jsinterface_guimanager.h,1
jsinterface_guiproxy_impl.h,1
jsinterface_guiproxy.h,1
jsinterface_guisize.h,1
scriptfunctions.h,1
cguicolor.h,1
cguihotkey.h,1
cguisize.h,1
cguistring.h,1
mouseeventmask.h,1
jsinterface_l10n.h,1
glooxwrapper.h,1
jsinterface_lobby.h,1
xmppclient.h,1
boundingboxaligned.h,1
boundingboxoriented.h,1
brush.h,1
fixed.h,1
frustum.h,1
nuspline.h,1
plane.h,1
rect.h,1
size2d.h,1
sqrt.h,1
stringconverters.h,1
jsinterface_network.h,1
stunclient.h,1
archivebuilder.h,1
cacheloader.h,1
cconsole.h,1
compress.h,1
configdb.h,1
cstrinternstatic.h,1
dllloader.h,1
errors.h,1
filesystem.h,1
game.h,1
atlas.h,1
hotkey.h,1
joystick.h,1
keyname.h,1
loader.h,1
modinstaller.h,1
modio.h,1
profile.h,1
profiler2.h,1
profiler2gpu.h,1
pyrogenesis.h,1
replay.h,1
savedgame.h,1
jsinterface_configdb.h,1
jsinterface_console.h,1
jsinterface_debug.h,1
jsinterface_game.h,1
jsinterface_hotkey.h,1
jsinterface_main.h,1
jsinterface_mod.h,1
jsinterface_modio.h,1
jsinterface_savedgame.h,1
jsinterface_userreport.h,1
jsinterface_vfs.h,1
jsinterface_visualreplay.h,1
taskmanager.h,1
templateloader.h,1
touchinput.h,1
userreport.h,1
videomode.h,1
visualreplay.h,1
xmbstorage.h,1
xeromyces.h,1
xmlwriter.h,1
alphamapcalculator.h,1
blendshapes.h,1
compareop.h,1
descriptormanager.h,1
deviceselection.h,1
renderpassmanager.h,1
ringcommandcontext.h,1
samplermanager.h,1
submitscheduler.h,1
swapchain.h,1
vma.h,1
decalrdata.h,1
overlayrenderer.h,1
particlerenderer.h,1
renderingoptions.h,1
modelrenderer.h,1
scenerenderer.h,1
jsinterface_renderer.h,1
shadowmap.h,1
silhouetterenderer.h,1
terrainoverlay.h,1
texturedlinerdata.h,1
vertexbuffer.h,1
vertexbuffermanager.h,1
promises.h,1
scriptcontext.h,1
jsfriendapi.h,1
scriptstats.h,1
structuredclone.h,1
ccmppathfinder_common.h,1
ccmprallypointrenderer.h,1
ccmpunitmotion.h,1
ccmpunitmotionmanager.h,1
icmpaiinterface.h,1
icmpattack.h,1
icmpfogging.h,1
icmpgarrisonholder.h,1
icmpguiinterface.h,1
icmpplayer.h,1
icmpplayermanager.h,1
icmprallypoint.h,1
icmpsettlement.h,1
icmpterritorydecaymanager.h,1
icmpturretholder.h,1
icmpunknownscript.h,1
cinemapath.h,1
longpathfinder.h,1
rasterize.h,1
selection.h,1
vertexpathfinder.h,1
jsinterface_simulation.h,1
scriptcomponent.h,1
serializedscripttypes.h,1
debugserializer.h,1
hashserializer.h,1
stddeserializer.h,1
stdserializer.h,1
simulation2.h,1
cmpptr.h,1
dynamicsubscription.h,1
components.h,1
replayturnmanager.h,1
cbufferitem.h,1
csounditem.h,1
cstreamitem.h,1
jsinterface_sound.h,1
soundgroup.h,1
soundmanager.h,1
scripting,1
pkcs5_pbkdf2.h,1
json_spirit_error_position.h,1
json_spirit_writer_options.h,1
mikktspace.h,1
weldmesh.h,1
ogreglslpreprocessor.h,1
jsonspiritinclude.h,1
atlasobjecttext.h,1
json_spirit_writer_template.h,1
json_spirit_reader_template.h,1
actoreditor.h,1
applicationservices,1
actionbutton.h,1
toolbutton.h,1
canvas.h,1
colordialog.h,1
filehistory.h,1
highrestimer.h,1
mapdialog.h,1
mapresizedialog.h,1
snapsplitterwindow.h,1
virtualdirtreectrl.h,1
folder.xpm,1
file.xpm,1
root.xpm,1
atlasdialog.h,1
atlaswindow.h,1
filehistory,1
atlasclipboard.h,1
atlaseventloop.h,1
iatlasserialiser.h,1
atlaswindowcommandproc.h,1
datafile.h,1
observable.h,1
dllinterface.h,1
actoreditor,1
keymap.h,1
cinema.h,1
sidebar.h,1
mapresizedialog,1
player.h,1
miscstate.h,1
objectsettings.h,1
dmgbuild,1
validate_grammar,1
packer,1
zero_ad,1
settings_local,1
gggenes,1
catalogue,1
fit_catalogue,1
filter_set,1
check_priors,1
nautilus,1
spectral_indices,1
spectres,1
dla_model,1
dense_basis,1
plot_sfh,1
plot_model_galaxy,1
plot_spectrum_posterior,1
plot_sfh_posterior,1
plot_1d_posterior,1
plot_corner,1
plot_calibration,1
observations,1
rocm,1
oneapi,1
gen_archis,1
gen_base_apis,1
gen_adv_cxx_api,1
gen_src,1
gen_doc,1
gen_friendly_but_not_optimized,1
gen_modules,1
get_sleef_code,1
x86_load_store_deg234,1
platform_x86,1
cuda_fp16.h,1
flan,1
lmptype.h,1
atom_masks.h,1
math_const.h,1
curvparams,1
decl_ilib.h,1
decl_ivar.h,1
decl_ifun.h,1
parameterclass,1
read_pdb,1
create_project,1
analyse_trjs,1
get_energies,1
graph_angles,1
delete_extras,1
cd,1
protot.h,1
nsc.h,1
terminal,1
hotellings,1
cca,1
manova,1
mgr,1
_snpmlist,1
heatstress,1
structural,1
rewire,1
coherence,1
causality,1
modularity,1
optimize_nmf,1
lesion,1
ecog_network,1
ecog_powerspec,1
fig_format,1
render_circle_connectivity,1
prewhiten,1
reref,1
ts_surr,1
adafruit_bmp085.h,1
complexmlmodel,1
mlmodel,1
terminaltables,1
anet_toolkit,1
pgcn_models,1
pgcn_opts,1
click_manager,1
tacker_agent,1
osm_agent,1
vim_agents,1
novaclient,1
tacker,1
trajectories,1
require-dir,1
angel,1
gcn_conv,1
bisage_conv,1
igmc_conv,1
hgat_conv,1
rgcn_conv,1
han_conv,1
gat_conv,1
lr,1
fm,1
deepfm,1
deepandwide,1
dcn,1
attention_net,1
pnn,1
attention_fm,1
xdeepfm,1
typedbytes.h,1
tsqr_util.h,1
arrayfile,1
setfile,1
codecpool,1
bzip2codec,1
zlibcodec,1
gzipcodec,1
nullwritable,1
reflectionutils,1
samr,1
circular_buffer.h,1
vrpn_client_ros,1
vrpn_tracker.h,1
vrpn_connection.h,1
filtered_derivative_wcb.h,1
thunkify,1
co,1
stream-throttle,1
aircv,1
sift,1
win32ui,1
mss,1
win32clipboard,1
apk,1
stringblock,1
axmlparser,1
snippet,1
uiautomator,1
clustertree,1
evoltree,1
_nexml_tree,1
_orthoxml,1
phylotree,1
reconciliation,1
spoverlap,1
_phyloxml_tree,1
faces,1
svg_colors,1
qt4_gui,1
babelify,1
gulp-clean,1
keymirror,1
superagent,1
lodash.reduce,1
d3-tip,1
flux,1
ampersand-router,1
simianviz,1
four-oh-four,1
lodash.indexof,1
toolbar,1
lodash.assign,1
lodash.pluck,1
lodash.filter,1
lodash.sortby,1
api-client,1
ampersand-app,1
ruv,1
android.content.context,1
android.hardware.sensor,1
android.hardware.sensorevent,1
android.hardware.sensoreventlistener,1
android.hardware.sensormanager,1
plotsphericalharmonics,1
read_tcga,1
minepy,1
ratboost,1
guiidmmodel,1
initialization,1
antcolony,1
guicar,1
spinlock.h,1
dfibpriv.h,1
snoop,1
afmreader,1
art,1
skan,1
topoly,1
wolkit,1
fa2_anim,1
mpl_scatter_density,1
marshmallow,1
wiki_crawler_desira,1
textstat,1
hdi,1
stabs,1
afex,1
lsr,1
powersurvepi,1
org.activerdf.wrapper.sesame2.wrapperforsesame2,1
org.openrdf.repository.repositoryconnection,1
org.openrdf.repository.repositoryexception,1
slam,1
gurobi,1
ursapi,1
export_depthonland_max,1
export_newstage_max,1
run_tsudat_batemans,1
djcelery,1
hsic,1
kernel_cons,1
enci,1
avo_fun.h,1
box_assign.h,1
box_config.h,1
box_meetjoin.h,1
box_otherops.h,1
box_policy.h,1
box_resize.h,1
itv_config.h,1
apron_abstract0.h,1
apron_box.h,1
apron_dimchange.h,1
apron_dimperm.h,1
apron_environment.h,1
apron_lincons0.h,1
apron_linexpr0.h,1
apron_manager.h,1
apron_octagon.h,1
apron_polka.h,1
apron_polkaeq.h,1
apron_polkagrid.h,1
ap_pkgrid.h,1
apron_pplgrid.h,1
apron_pplite.h,1
ap_pplite.h,1
apron_pplpoly.h,1
apron_texpr0intern.h,1
gmp_mpfr.h,1
gmp_mpz.h,1
gmp_randstate.h,1
apron_caml.h,1
gmp_caml.h,1
pk_project.h,1
bound_def.h,1
num_numint.h,1
num_numrat.h,1
num_numflt.h,1
numflt.h,1
numflt_mpfr.h,1
numint_native.h,1
numint_mpz.h,1
numrat_mpq.h,1
numrat_native.h,1
oct_fun.h,1
ppl_grid.h,1
declarations.h,1
vsdp.h,1
t1p_macro_def.h,1
pcre,1
lisp_iterators,1
lisp_parser,1
parser_common,1
tree_visitor,1
pddl,1
successor_generator,1
breadth_first_search,1
enforced_hillclimbing_search,1
iterative_deepening_search,1
sat,1
gktrajfast.h,1
ksparmap.h,1
kstools.h,1
aakphase.h,1
aaktdi.h,1
aktdi.h,1
nrckg.h,1
integral.h,1
snt.h,1
rrgw.h,1
nrroot.h,1
inspiral.h,1
tdi,1
elmo,1
double_utils.h,1
scm,1
_scm_utility,1
cmudict,1
tfm,1
speech_recognition,1
jiwer,1
symbols,1
hscbatch,1
copyreg,1
plain,1
plaindecomposer,1
hscimgloader,1
get_credential,1
sdssimgloader,1
iso,1
isomeasurer,1
imgdecompose,1
hscobj,1
external_links,1
objnaming,1
sdssobj,1
spector,1
arc,1
weighted_edges,1
morpher,1
averager,1
stasm,1
locator,1
aligner,1
pickledb,1
fpscanner,1
javascript-obfuscator,1
symmetries,1
gsphere,1
mesh3d,1
nbjsmol,1
crystal_toolkit,1
jupyter_jsmol,1
ifermi,1
phtk,1
ebands,1
gsr,1
bse,1
scissors,1
dfpt_works,1
gw_works,1
qjobs,1
qutils,1
custodian,1
xsf,1
acwf_paper_plots,1
m3gnet,1
alignn,1
pyace,1
nequip,1
metatensor,1
deepmd,1
sevenn,1
pet_mad,1
kaleido,1
wout,1
abiwan,1
pwwave,1
wfkfile,1
hhstatanalysis,1
random.hpp,1
permutations.hpp,1
fraction.hpp,1
range.hpp,1
capsuels,1
sigqc,1
targetscan.hs.eg.db,1
emm_enumerator,1
@cosmograph,1
graphology,1
graphology-layout-forceatlas2,1
classifierreasoner.h,1
fuzzyparser.tab.h,1
variablemasks.h,1
reasoninggraph.h,1
fuzzyconstraints.h,1
dependencygraph.h,1
treeclassifierparser.tab.h,1
testreasoner.bash,1
testclassifier.bash,1
fullslamconfig.h,1
imuhandler.h,1
roamvision,1
roamimu,1
objecttrackdescriptor.h,1
anchoredrectanglehandler.h,1
track.h,1
cmtfeatureextractor.h,1
c_tracking,1
cmt.h,1
simpledetector.h,1
fuzzyconjuction.h,1
fuzzyimplication.h,1
clusterdetector.h,1
linedetector.h,1
c_vision,1
image_geometry,1
advanceddetector.h,1
objectclassificator.h,1
metarecognition.h,1
inetlib.h,1
stdiolib.h,1
strlib.h,1
hostlib.h,1
_types.h,1
anytype.aws.,1
org.apache.axis.types.,1
soapaws.standard_pkg.,1
soapaws.wsdl_6_def.,1
soapaws.wsdl_6_pkg.,1
makevar,1
galaxy_instance,1
$galaxy_local_env_file,1
adafruit_tsl2591.h,1
pdf-mydoc.sh;,1
cogsnet_lib.h,1
dynetx,1
rpanda,1
drms,1
output_netcdf,1
lsgan,1
firm,1
household,1
inventory,1
expiringgood,1
online_variance,1
moneyagent,1
start_core_engine,1
start_logging_test,1
start_logging_friendly_names_test,1
start_delete_create,1
start_production_consumption,1
start_combinable_actions,1
start_return,1
start_custom_database,1
start_agent_indexing,1
start_agent_numerical_indexing,1
start_individual_access,1
start_service,1
start_transform,1
start_messaging,1
start_messaging_with_envelope,1
buy,1
sell,1
give,1
logger_test,1
killer,1
victim,1
production_multifirm,1
utility_household,1
conf.sh,1
supplymanager.h,1
techmanager.h,1
upgrademanager.h,1
bordermanager.h,1
openingmanager.h,1
photonmanager.h,1
dropzealotsmanager.h,1
enhancedui.h,1
mesureprecision.h,1
rectanglearray.h,1
unititem.h,1
techitem.h,1
bulletgroup.h,1
gameimpl.h,1
gametable.h,1
commandtype.h,1
regiondata.h,1
regionimpl.h,1
bulletimpl.h,1
shapetype.h,1
svm_classify,1
svm_sample,1
svm_optimize,1
subprocessing,1
pfam_domain,1
prepeptide,1
formation,1
asf,1
gene_functions,1
go,1
nrps_pks,1
t2pks,1
diamond,1
hmmpfam,1
hmmpress,1
hmmscan,1
hmmsearch,1
memesuite,1
cluster_prediction,1
islands,1
domain_identification,1
module_identification,1
tigr_results,1
tigr_domain,1
ordering,1
clusterblast,1
known,1
svg_builder,1
minowa_at,1
minowa_cal,1
signatures,1
substrates,1
substrates_pks,1
pfam2go,1
rre_domain,1
t2pks_analysis,1
moods,1
visualisers,1
nrps_pks_domains,1
nashi_ocr,1
paiargparse,1
raw2record,1
torecord,1
freqmeasure.h,1
" + this._formatsize(total);
        } else {                                   
            text = this._formatsize(total);
        }          
        
        qq.settext(size, text);         
    },
    _oncomplete: function(id, filename, result){
        qq.fileuploaderbasic.prototype._oncomplete.apply(this, arguments);

        ",1
dcgan,1
custom_dataloaders,1
nearest_neighbors,1
adaptive_softmax,1
utils_pretrain,1
problemderive.h,1
amrex_ccse-mpi.h,1
amrex_gpu.h,1
amrextestenv.h,1
amrex_eb2_if_intersection.h,1
amrex_eb2_if_complement.h,1
amrex_eb2_if_scale.h,1
amrex_eb2_if_translation.h,1
amrex_eb2_if_box.h,1
amrex_eb2_if_ellipsoid.h,1
amrex_eb2_if_sphere.h,1
amrex_eb2_if_plane.h,1
amrex_eb2_if_extrusion.h,1
amrex_eb2_if_difference.h,1
amrex_ebfluxregister_c.h,1
pltfilemanager.h,1
les.h,1
pelec_defaults.h,1
pelec_queries.h,1
amrex_imultifab.h,1
amrex_multicutfab.h,1
reactorbase.h,1
sparsedata.h,1
diagbase.h,1
pelec_params.h,1
amrex_plotfileutilhdf5.h,1
weno.h,1
amrex_derive.h,1
sootmodel_derive.h,1
degrade,1
slant,1
@rushstack,1
next-transpile-modules,1
next,1
poetry_version,1
cartpole_swingup,1
featurespectralcrestfactor,1
featurespectraldecrease,1
featurespectralflatness,1
featurespectralflux,1
featurespectralkurtosis,1
featurespectralmfccs,1
featurespectralpitchchroma,1
featurespectralrolloff,1
featurespectralskewness,1
featurespectralslope,1
featurespectraltonalpowerratio,1
featuretimeacfcoeff,1
featuretimemaxacf,1
featuretimepeakenvelope,1
featuretimerms,1
featuretimestd,1
featuretimezerocrossingrate,1
getfeaturelist,1
noveltyflux,1
noveltyhainsworth,1
noveltylaroche,1
pitchspectralacf,1
pitchspectralhps,1
pitchtimeacf,1
pitchtimeamdf,1
pitchtimeauditory,1
pitchtimezerocrossings,1
toolblockaudio,1
toolcomputehann,1
tooldownmix,1
toolfreq2bark,1
toolgmm,1
toolloocrossval,1
toolbin2freq,1
toolfreq2bin,1
toolfreq2mel,1
toolfreq2midi,1
toolinstfreq,1
toolmel2freq,1
toolmidi2freq,1
toolnormalizeaudio,1
toolpca,1
toolreadaudio,1
toolresample,1
toolseqfeaturesel,1
toolsimpledtw,1
toolsimplekmeans,1
toolsimpleknn,1
toolsimplenmf,1
toolviterbi,1
toolmfccfb,1
toolgammatonefb,1
baseclusters,1
openface,1
face_feats,1
cluster_utils,1
build_env,1
test_env,1
_label_ranking,1
_partial_label_ranking,1
_classes,1
_criterion,1
ranking,1
_ranking,1
arccmt.cpp,1
blake2s_sse.cpp,1
blake2sp.cpp,1
log.cpp,1
crypt1.cpp,1
crypt2.cpp,1
crypt3.cpp,1
crypt5.cpp,1
hardlinks.cpp,1
win32stm.cpp,1
win32acl.cpp,1
win32lnk.cpp,1
uowners.cpp,1
ulinks.cpp,1
recvol3.cpp,1
recvol5.cpp,1
sha256.hpp,1
threadmisc.cpp,1
uicommon.cpp,1
uisilent.cpp,1
uiconsole.cpp,1
coder.cpp,1
suballoc.cpp,1
model.cpp,1
unpackinline.cpp,1
unpack50mt.cpp,1
unpack15.cpp,1
unpack20.cpp,1
unpack30.cpp,1
unpack50.cpp,1
unpack50frag.cpp,1
dynamicchlopacket,1
fullchlopacket,1
fullchlopacketnopadding,1
pingpacket,1
quic,1
secondackpacket,1
sniffer,1
hpack,1
rtl-sdr.h,1
emoji,1
rrlyrae,1
rrlyrae_generated,1
trended_lomb_scargle,1
trended_lomb_scargle_multiband,1
template_modeler,1
naive_multiband,1
syllabifier,1
sgx_tkey_exchange.h,1
sgx_utils.h,1
sgx_tseal.h,1
nri_metrics,1
opencv2\opencv.hpp,1
fm2daniso.h,1
gw_geometryatlas.h,1
gw_triangularinterpolation_cubic.h,1
gw_vector3d.h,1
gw_vectornd.h,1
gw_matrixnxp.h,1
gw_complex.h,1
gw_matrix3x3.h,1
xc,1
tnt.h,1
tnt_version.h,1
tnt_array3d_utils.h,1
tnt_fortran_array1d.h,1
tnt_fortran_array2d.h,1
tnt_fortran_array3d.h,1
tnt_fortran_array1d_utils.h,1
tnt_fortran_array2d_utils.h,1
tnt_fortran_array3d_utils.h,1
tnt_sparse_matrix_csr.h,1
tnt_stopwatch.h,1
tnt_cmat.h,1
gw_aseloader.h,1
gw_geodesicdisplayer.h,1
gw_inputoutput.h,1
gw_objloader.h,1
gw_offloader.h,1
gw_plyloader.h,1
gw_vrmlloader.h,1
ray_mesh_intersect.h,1
ccd,1
eltopo.h,1
cypolynomial.h,1
box_up.h,1
paste.h,1
tetgen.h,1
winding_number_ray.h,1
parse_rhs.h,1
prepare_lhs.h,1
triangle_tree.h,1
altsignalorg.h,1
altsignalconfig.h,1
chgenvorg.h,1
chgenvconfig.h,1
dirsignalorg.h,1
dirsignalconfig.h,1
mcregconfig.h,1
mcregorg.h,1
mcregdeme.h,1
factorial.h,1
answers.h,1
bridge.h,1
mixedlib-swift.h,1
toolc.h,1
mul.h,1
custommodulemap.h,1
flatincludeheader.h,1
nonmoduledirectoryinclude,1
paz.h,1
umbrellaheader,1
umbrellaheaderflat.h,1
clib.h,1
cupstream.h,1
libpcre,1
clang_only.h,1
cxx1.h,1
cxx2.h,1
bar.h,1
tsan_utils.h,1
exception.hpp,1
basedatabox.hpp,1
basedescriptor.hpp,1
diagfile.hpp,1
extrinsicfile.hpp,1
intrinsicfile.hpp,1
opticalflow.hpp,1
pdflow_cudalib.h,1
legend_pdflow.xpm,1
abstractterminalparser.hpp,1
basetrackerfile.hpp,1
cameracalib.hpp,1
depthimage.hpp,1
func_tests,1
ansistrm,1
token_statistics,1
papertasks,1
datadog,1
with_labels,1
multiset,1
forex_env,1
stocks_env,1
sqlite_adapter,1
partitioned_data_manager,1
discovery,1
corruptiongenerationlayertrain,1
embeddinglookuplayer,1
transe,1
distmult,1
hole,1
rotate,1
scoringbasedembeddingmodel,1
pretrained_utils,1
normalized_env,1
panda3d_env,1
car_panda3d_env,1
quad_panda3d_env,1
bbox_quad_panda3d_env,1
bbox3d_quad_panda3d_env,1
servoing_env,1
servoing_designed_features_quad_panda3d_env,1
point_based_servoing_policy,1
point3d_based_servoing_policy,1
box_space,1
tuple_space,1
dict_space,1
concatenation_space,1
axis_angle_space,1
translation_axis_angle_space,1
panda3d_util,1
userclass,1
itemclass,1
readingframes,1
ribosor,1
formats,1
writers,1
array_like_reader,1
bfio_reader,1
bioformats_reader,1
czi_reader,1
dv_reader,1
lif_reader,1
nd2_reader,1
ome_tiff_reader,1
ome_zarr_reader,1
sldy_reader,1
tiff_glob_reader,1
bfio,1
jgo,1
_aicspylibczi,1
aicspylibczi,1
mrc,1
readlif,1
nd2,1
sldy_image,1
ome_tiff_writer,1
ome_zarr_writer,1
quilt3,1
binary_read,1
cgs_constants,1
plot_histograms,1
lime.h,1
nbodyforces.h,1
cilktools,1
nbodyrenderer.hpp,1
controllable_captioning,1
controllable_captioning_no_visual_sentinel,1
controllable_captioning_single_sentinel,1
nw_noun_aligner,1
noun_iou,1
sinkhorn_network,1
fsf_nmix.hpp,1
hhwrapper.hpp,1
grng.hpp,1
inverty2.hpp,1
logitwrapper.h,1
plogitwrapper.h,1
polyagammahybrid.h,1
ffbs.cpp,1
pyspike,1
synchrony_index_pinsky_rinzel,1
adafruit_mcp9808.h,1
show_tb,1
show_and_tell_model,1
inference_wrapper_base,1
inference_wrapper,1
caption_generator,1
image_embedding,1
image_processing,1
danklstm,1
dankfullyconnected,1
_tf_coreml_converter,1
_shape_sensitive_layers,1
_ops_to_layers,1
_tf_graph_transform,1
_infer_shapes_nn_mlmodel,1
etimer.h,1
ctimer.h,1
symbols.h,1
wavefunction,1
potential,1
reward_machines,1
value_iteration,1
gridworld_envs,1
product_envs,1
activitymanager,1
adl_lrs,1
retrieve_statement,1
statementvalidator,1
bcoding,1
rfc3987,1
xmlrunner,1
download_rre_databases,1
gene_regions,1
variants,1
association_classes,1
geno_functions,1
simulation_functions,1
plink_utils,1
gcta_ma_utils,1
starlight-heading-badges,1
starlight-image-zoom,1
starlight-links-validator,1
starlight-theme-flexoki,1
bvd_distributions.hpp,1
cow_token.hpp,1
contact_graph.hpp,1
ensemble.hpp,1
weiss.hpp,1
fabsim,1
mogp_functions,1
compucell,1
xmlutils,1
pyfastaq,1
c_elegans_multigraph_embedded,1
c_elegans_multigraph_isolated,1
joycar.h,1
wiringpi.h,1
pcf8591.h,1
softpwm.h,1
csonar.h,1
rcd,1
isolation_forest,1
values,1
binary_indicators,1
confusion_matrix,1
fdr_tpr_curve,1
multiclass_indicators,1
roc_curve,1
proba_barplot,1
pred_barplot,1
score_barplot,1
distortion,1
silhouette,1
perf_indicators,1
unsupervised,1
class_separation,1
barplot,1
load_features,1
project_dataset,1
idents,1
interp,1
diadem,1
features_analysis,1
i18string.h,1
propertyvalue.h,1
annotationproperty.h,1
dataproperty.h,1
objectproperty.h,1
fairlearn,1
cleanlab,1
classred,1
funcs_disp_mist,1
linear_ferm,1
beartype,1
angle_dihedral_cartesian_encodermap,1
featurizer,1
xarray_save_wrong_hdf5,1
dash_auth,1
dash_bio,1
dash_bootstrap_components,1
dash_mantine_components,1
dash_bootstrap_templates,1
nest_asyncio,1
$i,1
visualizers,1
transducers,1
_implementations,1
_ultraleap,1
_interactlab,1
materials,1
org.apache.jena.update.,1
org.apache.jena.update.updateaction,1
dubins.h,1
cc.h,1
mc_tcf,1
random_bubbles,1
pyfakewebcam,1
predictor_local,1
this.path,1
gdn,1
numbapro,1
cr_barrier.h,1
cr_kcompat.h,1
blcr_ioctl.h,1
cr_syscall.h,1
cr_trace.h,1
cr_yield.h,1
cr_rb_lock.h,1
blcr_errcodes.h,1
blcr_vmadump.h,1
vmadump_sparc.c,1
dit,1
run_cssr_on_csv,1
createreport,1
deepexploit,1
ga_main,1
gan_main,1
adafruit_bmp,1
measure_one_points,1
rhalf_rvir_power_law_fit,1
wp_ratio_mock,1
wp_absolute_mock,1
colossus,1
load_baseline_catalogs,1
two_point_predictions,1
new_haloprops,1
umachine_pyio,1
abundancematching,1
random_bt_assignment,1
ebgsea,1
gdalconst,1
data_io,1
matplotlib_inline,1
fit_jacobian,1
utils_velocity,1
estimation_kinetic,1
hodge,1
scifate,1
velocity_estimation,1
pseudo_time,1
embedding_kinetic_para,1
bezier,1
base_data_loader,1
base_trainer,1
driver_gene,1
kinetic_rates,1
parse_config,1
confidence,1
temporal,1
equiformer_pytorch,1
create_missing_features,1
read_gtf,1
vae_model,1
annot_vae_model,1
atac_reg_model,1
refine_model,1
gclayer,1
path_regularization,1
scatter_stream,1
batch_correction,1
trad_velocity,1
check_velocity,1
cell_trajectories,1
scgen,1
unitvelo,1
trainer_nogcn,1
trainer_anvi,1
trainer_anvi_nogcn,1
anvi_dataloader,1
anvi_dataloader_nogcn,1
atac_dataloader,1
dataloader_nogcn,1
velocity_genes,1
reference_name,1
datacache,1
gtfparse,1
ensembl_url_templates,1
sude,1
pps,1
learning_s,1
learning_l,1
opt_scale,1
clle,1
session_info,1
multiio,1
old_multiomicvectorfield,1
epiverse,1
sparse_matrix_utils,1
dynamical_chrom_func,1
pd,1
mv,1
cell_cycle,1
streamtube,1
time_series,1
_trends,1
violin_box,1
_jacobian,1
animation_lines,1
utils_dynamics,1
utils_graph,1
trajectory_analysis,1
tscrna_seq,1
_tf_eval,1
multi,1
gillespie,1
simulate_anndata,1
bif_os_inclusive_sim,1
ddrtree_graph,1
growth,1
pseudotime_velocity,1
velocyto_scvelo,1
_extvelo,1
velovi,1
leidenalg,1
pysal,1
graph_operators,1
trimap,1
fitsne,1
velocyto,1
cell_vectors,1
stochastic_process,1
vfgraph_deprecated,1
stringfunction,1
pairs,1
similarities,1
pepstat,1
psychometric,1
multicomp,1
bamboo,1
optimx,1
biovizbase,1
ggbio,1
bsgenome.tguttata.ucsc.taegut1,1
omputils.txx,1
parutils.txx,1
tfrecord,1
camvid,1
clusterone,1
includedirectives.h,1
_potential,1
oph,1
flag_other_lines,1
dendro_mask,1
fit_the_brick,1
individual_spectra,1
make_ratiotem_cubesims,1
pyradex_h2comm_grid,1
pyspeckit_fit_region,1
org.apache.xmlbeans.xmlcursor.xmlbookmark,1
org.apache.xmlbeans.xmlcursor.tokentype,1
org.apache.xmlbeans.xmlexception,1
org.apache.xmlbeans.xmloptions,1
org.mozilla.javascript.ref,1
istanbul,1
estraverse,1
esutils,1
minimatch,1
sigmund,1
underscore.string,1
graceful-fs,1
org.mozilla.javascript.tools.shell.,1
org.mozilla.javascript.tools.shell.global,1
org.mozilla.javascript.tools.shell.main,1
junit.framework.assert,1
junit.framework.testsuite,1
org.mozilla.javascript.debug.,1
org.mozilla.javascript.debug.debuggablescript,1
java.awt.activeevent,1
java.awt.awtevent,1
java.awt.menucomponent,1
javax.swing.tree.defaulttreecellrenderer,1
org.mozilla.javascript.tools.shell.consoletextarea,1
org.mozilla.javascript.tools.debugger.treetable.jtreetable,1
org.mozilla.javascript.tools.debugger.treetable.treetablemodel,1
org.mozilla.javascript.tools.debugger.treetable.treetablemodeladapter,1
javax.swing.tree.,1
javax.swing.tree.treemodel,1
javax.swing.event.treeexpansionevent,1
javax.swing.event.treeexpansionlistener,1
javax.swing.event.treemodelevent,1
javax.swing.event.treemodellistener,1
org.mozilla.javascript.evaluatorexception,1
javax.swing.text.segment,1
org.mozilla.javascript.commonjs.module.require,1
org.mozilla.javascript.commonjs.module.requirebuilder,1
org.mozilla.javascript.commonjs.module.provider.softcachingmodulescriptprovider,1
org.mozilla.javascript.commonjs.module.provider.urlmodulesourceprovider,1
org.mozilla.javascript.serialize.,1
javax.swing.jradiobuttonmenuitem,1
org.mozilla.javascript.function,1
org.mozilla.javascript.tools.shell.shellconsole,1
org.mozilla.javascript.commonjs.module.provider.parsedcontenttype,1
org.mozilla.javascript.xml.xmlobject,1
org.w3c.dom.userdatahandler,1
java.util.concurrent.linkedblockingdeque,1
kdist,1
arlib,1
arcfsmplfuncs,1
arcfsmplnomcmc,1
tmrscltest,1
ka_tools,1
ecdf_transformer,1
_1dplots,1
_2dplots,1
glum,1
pytorch_optimizer,1
xgboostlss,1
seq_decoder,1
beam_search_generators,1
transformer_beam_search_generator,1
conllu,1
lglcfg.h,1
lglcflags.h,1
lgldimacs.h,1
lglopts.h,1
lglconst.h,1
preprocessing_flares,1
mark_flares,1
rotations,1
download_nn_set,1
pre_build_helpers,1
auto,1
airpassengers,1
ausbeer,1
austres,1
gasoline,1
heartrate,1
lynx,1
sunspots,1
taylor,1
wineind,1
woolyrnq,1
_validation,1
metaestimators,1
_array,1
device_layout,1
rectpack,1
getopt_pp.h,1
traj_comp.h,1
moving_obj.h,1
spacy_voices,1
mallet,1
aflac,1
ciddg,1
http-proxy,1
omnirobot_msgs,1
cma,1
plotlib,1
train_model,1
read_qual,1
load_mcaller_data,1
rl_algs,1
robosumo,1
cdl.h,1
testsort.cpp,1
testactivationfunctions.cpp,1
testcostfunctions.cpp,1
filterkernels.h,1
testnetcdfhelper.cpp,1
testutils.cpp,1
adtree,1
contab_simple_tree,1
discrete_scoring,1
continuous_scoring,1
operalib,1
image_data_manager,1
dataset_generator,1
tensorboard_starter,1
model_wrapper,1
video_catcher,1
simulation_catcher,1
comparator,1
autoencoder_unet_model,1
results_evaluator,1
data_logger,1
forestplot,1
ascii_header.h,1
dada,1
elm,1
datatypes_ding,1
basicrundora_ding,1
d3d11buffer.cpp,1
d3d11texture2d.cpp,1
d3d11texture3d.cpp,1
baseimagehelper.h,1
grid2.cpp,1
grid3.cpp,1
camera.inl,1
polygon.cpp,1
blockedpca.cpp,1
densematrix.cpp,1
eigensolver.cpp,1
pca.cpp,1
sparsematrix.cpp,1
vec1.h,1
vec2.h,1
meshdata.cpp,1
meshio.cpp,1
meshshapes.cpp,1
pointcloud.cpp,1
pointcloudio.cpp,1
trimesh.cpp,1
trimeshcollisionaccelerator.inl,1
trimeshrayaccelerator.inl,1
binarydatastream.h,1
fw1fontwrapper,1
stb_image.h,1
uplinksimple_memory.h,1
uplinksimple_image-codecs.h,1
uplinksimple_windows-image-codecs.h,1
uplinksimple_shift2depth.h,1
gdiplus.h,1
gdiplusimaging.h,1
shlwapi.h,1
freeimagewrapperhelper.h,1
mlibzlib.h,1
ext-cgal,1
d3d11.h,1
d3dx11.h,1
d3dcompiler.h,1
ext-d3d11font,1
ext-flann,1
freeimage,1
ext-freeimage,1
ext-mbase,1
ext-zlib,1
flann.h,1
flann.hpp,1
mlibdepthcamera.h,1
mlibflann.h,1
mlibdepthcamera.cpp,1
gulp-mocha-phantomjs,1
mix,1
openai_gyms,1
hrbrthemes,1
s2wav,1
s2fft,1
pywavan,1
sublayer,1
feed_forward,1
ipwhois,1
shodan,1
ros2pkg,1
actions_data,1
hearnet,1
soundnet,1
torchfile,1
resnet_temporal,1
one_stream,1
two_streams,1
pymorse,1
qjetsplugin.h,1
tadpole.h,1
bubble.h,1
triangle.h,1
tpavelabel.h,1
config_auto.h,1
hepentityi.h,1
circulator.h,1
read_lund_json,1
hepmc,1
pcg_random.hpp,1
super_glue,1
race,1
mxboard,1
create_pretraining_data,1
deepmodels,1
auggen,1
model_ct_ss,1
d4,1
nwkhandler,1
athena,1
lsl_outlet,1
train_cnn,1
fileclassifier,1
handlerbase,1
watch,1
destpath,1
statequery,1
steps,1
check,1
harvest,1
notify,1
compliance_checker,1
geonetwork,1
pyinotify,1
dummyhandler,1
handlertest,1
testlib,1
fileops,1
boltons,1
typeutils,1
"""$2""",1
html.h,1
git-commit.h,1
json_writer.h,1
networkmanager.h,1
pybloof,1
runway,1
click_option_group,1
minpack.lm,1
alibavacluster.h,1
eutelpseudo1dhistogram.h,1
eutelroi.h,1
trackersystem.h,1
millehelper.h,1
estmat.h,1
euteldaftrackersystem.tcc,1
euteldafeigenfitter.tcc,1
lciostltypes.h,1
eutelfilter.h,1
eutelgenericsparseclusterimpl.hcc,1
eutelgenericsparseclusterimpl.tcc,1
eutelgenericsparseclusterimpl.h,1
eutelgenericpixgeomgr.h,1
tgeomatrix.h,1
crosssection.hpp,1
eutelsparseclusterimpl.hcc,1
eutelsparseclusterimpl.tcc,1
eutelsimplesparsepixel.h,1
eutelmupixel.h,1
euteltrackerdatainterfacer.h,1
euteltrackerdatainterfacerimpl.hcc,1
euteltrackerdatainterfacerimpl.tcc,1
eutelradcal.h,1
eutelpstream.h,1
eutelpatrectriplets.h,1
eutelbrickedclusterimpl.h,1
euteldffclusterimpl.h,1
euteltrackanalysis.h,1
euteltrackselection.h,1
tpavestats.h,1
tdsstep.h,1
tdsintegrationstorage.h,1
tdsprecluster.h,1
clhep,1
mdsplus,1
autosklearn,1
lesfilter.h,1
leseddyviscosity.h,1
dynamicsmagorinsky.c,1
incompressibleturbulencemodel.h,1
incompressible,1
maketurbulencemodel.h,1
laminarmodel.h,1
rasmodel.h,1
precisions.h,1
precision_macros.h,1
cosmo,1
optweight,1
walltime_c.h,1
ecospat,1
enmsdm,1
seqio,1
kmer.hh,1
cxxopts.hpp,1
utils.hh,1
kmerindex.hh,1
multiisotonic,1
classifier_functions,1
elementmexheader.h,1
hii_model,1
kinematic_analysis_pv_lb,1
label_lines,1
simulated_cores,1
volume_integrals,1
casa,1
calibrated_configuration,1
makemaps,1
locality_aware_nms,1
data_util,1
adaptor,1
lanms.h,1
clipper.hpp,1
class_support.h,1
clipper,1
imgdataset,1
imgtransforms,1
imgdataloaders,1
imgtools,1
soft_attention,1
conv_decoder,1
conv_encoder,1
conv_rnn_auto,1
assign_lib,1
solr,1
markdown-it,1
dcel,1
grid_utils,1
form_utils,1
simplicial_complex,1
vanilla_vae,1
gamma_vae,1
beta_vae,1
wae_mmd,1
cvae,1
hvae,1
vampvae,1
iwae,1
dfcvae,1
mssim_vae,1
fvae,1
cat_vae,1
joint_vae,1
info_vae,1
lvae,1
logcosh_vae,1
swae,1
miwae,1
vq_vae,1
betatc_vae,1
dip_vae,1
fakeredis,1
eslint-plugin-no-jquery,1
evaporator,1
org.apache.commons.lang.stringutils,1
org.eurocarbdb.util.mutableinteger,1
edu.emory.mathcs.backport.java.util.collections,1
$fn,1
tabdatareprgen,1
datagenerator,1
keras_deeplab_v3_plus,1
envoy,1
py6s,1
cdl,1
dbfread,1
chirps,1
daymet,1
gpm,1
hls,1
landsat,1
pystac_client,1
merra,1
modis,1
sar,1
sarannual,1
sentinel_api,1
sentinel2,1
query_csv,1
smap,1
srtm,1
weld,1
install-sys-deps.sh,1
install-py-deps.sh,1
eye,1
flashtext,1
sheep-server.hpp,1
seal,1
beautify,1
"""$top_level",1
nsis_unicode,1
nsis_ansi,1
aclapi.h,1
nsis,1
nsis_unicode\pluginapi.h,1
nsis_ansi\pluginapi.h,1
pynwb,1
asci_utils,1
smad_utils,1
history_extractor,1
java_utils,1
java.lang.math,1
java.util.map.,1
pubchempy,1
unrenderedmathml,1
bioservices,1
hcl,1
hdf5r,1
_coder_getprimfreq_info.h,1
prodlda,1
nvlda,1
dhcpc.h,1
hello-world.h,1
smtp-strings.h,1
telnetd.h,1
memb.h,1
webclient.h,1
webclient-strings.h,1
httpd-fsdata.h,1
httpd-fsdata.c,1
http-strings.h,1
uip-split.h,1
uip-conf.h,1
tapdev.h,1
webserver.h,1
parse_detectors,1
problem_susmicro,1
pygmo,1
sendgrid,1
amicomms,1
lam,1
infer,1
_gui,1
_internal,1
_pipeline,1
base_layouts,1
base_widgets,1
overview,1
viewing_area,1
custom_boxes,1
kwargs_dicts,1
_emulator,1
_gaussian_link,1
_modellink,1
_poly_link,1
_sine_wave_link,1
mcmc,1
easy-connect,1
simpleclient.h,1
maxminddb.h,1
nghttp2,1
magic.h,1
daq.h,1
rdkafka.h,1
pfring.h,1
yara.h,1
memjs,1
secure-json-parse,1
js-ini,1
acorn,1
passport-custom,1
openid-client,1
cjs -> esm,1
arkime-notifme-sdk,1
otplib,1
qrcode,1
vue-i18n,1
extract-domain,1
@clickhouse,1
email-deep-validator,1
maxmind,1
whois-json,1
vue-eslint-parser,1
content-disposition,1
pngjs,1
pug,1
sanitize-html,1
pug-runtime,1
stylus,1
peek-stream,1
aws4,1
mousedown,1
on-headers,1
splunk-sdk,1
${field},1
console-stamp,1
connect-timeout,1
bsgenome.aqueenslandica.jgi.rn4,1
bsseq,1
readenergy.h,1
read_energy.h,1
splitoracleactbcd.h,1
sbcdsolve.h,1
postsolve.h,1
mlqd,1
mltpa,1
_engine,1
_const,1
_grid,1
uritools,1
deviceinfo.h,1
processdata.h,1
outputter.h,1
assets.hpp,1
stb,1
command_buffer_manager.hpp,1
fence_manager.hpp,1
semaphore_manager.hpp,1
thread_pool.hpp,1
vk_platform.h,1
android.hpp,1
android_assets.hpp,1
display.hpp,1
linux.hpp,1
windows.hpp,1
png.hpp,1
png_swapchain.hpp,1
wayland.hpp,1
wsi.hpp,1
xcb.hpp,1
libvulkan-stub.h,1
vulkan,1
vulcan,1
chipcomp,1
dbchip,1
charts,1
chart_config,1
classmanager,1
ndn-app.hpp,1
ndn-consumer-batches.hpp,1
ndn-consumer-cbr.hpp,1
ndn-consumer-window.hpp,1
ndn-consumer-zipf-mandelbrot.hpp,1
ndn-consumer.hpp,1
ndn-nlsr-app.hpp,1
ndn-nlsr-exec.hpp,1
conf-file-processor.hpp,1
nlsr-logger.hpp,1
ndn-producer.hpp,1
custom-app.hpp,1
hijacker.hpp,1
ndn-load-balancer,1
random-load-balancer-strategy.hpp,1
one-interest-requester.hpp,1
ndn-face-container.hpp,1
ndn-global-routing-helper.hpp,1
boost-graph-ndn-global-routing-helper.hpp,1
ndn-link-control-helper.hpp,1
nfd,1
fw,1
ndn-scenario-helper.hpp,1
ndn-strategy-choice-helper.hpp,1
content-store-impl.hpp,1
content-store-nocache.hpp,1
content-store-with-freshness.hpp,1
content-store-with-probability.hpp,1
content-store-with-stats.hpp,1
ndn-content-store.hpp,1
ndn-app-link-service.hpp,1
ndn-common.hpp,1
ndn-global-router.hpp,1
cs,1
batches.hpp,1
dummy-keychain.hpp,1
ndn-fw-hop-count-tag.hpp,1
ndn-rtt-estimator.hpp,1
ndn-rtt-mean-deviation.hpp,1
ndn-time.hpp,1
annotated-topology-reader.hpp,1
adjacent.hpp,1
nlsr-conf-reader.hpp,1
rocketfuel-map-reader.hpp,1
rocketfuel-weights-reader.hpp,1
l2-rate-tracer.hpp,1
l2-tracer.hpp,1
ndn-app-delay-tracer.hpp,1
ndn-cs-tracer.hpp,1
ndn-l3-rate-tracer.hpp,1
ndn-l3-tracer.hpp,1
ndn-nlsr-tracer.hpp,1
vptree.h,1
tsne.h,1
audioop,1
linear_cca,1
objectives,1
rohsapy,1
fast_implementations,1
genetic_code,1
clairvoyante,1
geocoding_for_kml,1
libsbgnpy,1
example_mod,1
psd_lightcurves,1
ialistnamemapper.h,1
qdomnamednodemap,1
itkvtkimageimport.h,1
itkvtkimageexport.h,1
vtkimageexport.h,1
itkchangeinformationimagefilter.h,1
vtkbmpwriter.h,1
vtkimagewriter.h,1
vtkpngwriter.h,1
vtktiffwriter.h,1
vtkimagereader.h,1
qlineargradient,1
qdomnode,1
iavtkdatatypemapper.h,1
vtkimagehistogramstatistics.h,1
ui_spmsettings.h,1
qlistwidgetitem,1
ui_tftable.h,1
ui_openhdf5.h,1
ialogredirectvtk.h,1
ialogredirectitk.h,1
ui_log.h,1
itksmartpointer.h,1
ui_slicer.h,1
qstylehints,1
qfileinfolist,1
vtkinteractorstyletrackballactor.h,1
iacheckopengl.h,1
qdate,1
qdropevent,1
qproxystyle,1
qmdiarea,1
ui_renderer.h,1
vtkmatrixtolineartransform.h,1
qtouchevent,1
ui_filterselection.h,1
itkoutputwindow.h,1
vtkoutputwindow.h,1
vtkaviwriter.h,1
vtkoggtheorawriter.h,1
iacolorinput.h,1
procfs.h,1
vtkprobefilter.h,1
qvtkopenglnativewidget.h,1
iaprofileprobe.h,1
iaamiravolumefileio.h,1
iacsvimagefileio.h,1
iadcmfileio.h,1
itkgdcmimageio.h,1
itkgdcmseriesfilenames.h,1
itkimageseriesreader.h,1
iagraphfileio.h,1
itkbmpimageio.h,1
itkjpegimageio.h,1
itkpngimageio.h,1
itktiffimageio.h,1
iankcfileio.h,1
iaobjfileio.h,1
vtkobjwriter.h,1
iaoiffileio.h,1
iaparsfileio.h,1
itkrawimageio.h,1
iastlfileio.h,1
iavgifileio.h,1
iavglprojectfile.h,1
iavtifileio.h,1
vtkxmlimagedatareader.h,1
vtkxmlimagedatawriter.h,1
iavtkfileio.h,1
vtkgenericdataobjectreader.h,1
vtkrectilineargrid.h,1
ui_csvinput.h,1
qstringconverter,1
vtkstreamingdemanddrivenpipeline.h,1
vtklandmarktransform.h,1
vtkannotatedcubeactor.h,1
vtkinteractorstyleflight.h,1
vtkinteractorstylejoystickcamera.h,1
vtkaxisactor2d.h,1
vtkwindow.h,1
vtkprop.h,1
vtkborderrepresentation.h,1
vtkwidgetcallbackmapper.h,1
vtkwidgetevent.h,1
vtkborderwidget.h,1
vtkimageblend.h,1
vtkthinplatesplinetransform.h,1
qbitmap,1
qhoverevent,1
vtktextmapper.h,1
ui_ia4dctdensitymapdialog.h,1
ui_ia4dctfileopendialog.h,1
ui_ia4dctfileeditdialog.h,1
ui_ia4dcthightlightdefectsdialog.h,1
ui_ia4dctregionviewdialog.h,1
ui_ia4dctallvisualizationsdockwidget.h,1
ui_ia4dctboundingboxdockwidget.h,1
ui_ia4dctdefectvisdockwidget.h,1
ia4dctforcewidget.h,1
ui_ia4dctforcedialog.h,1
ui_ia4dctfracturevisdockwidget.h,1
ia4dctlistview.h,1
ui_ia4dctmainwin.h,1
ia4dctmoduleinterface.h,1
ui_ia4dctplanedockwidget.h,1
ui_ia4dctregionviewdockwidget.h,1
ui_ia4dcttoolsdockwidget.h,1
vtklegendscaleactor.h,1
ui_ia4dctviswin.h,1
ui_iaclassifydefectsdialog.h,1
iacolorbox.h,1
iafibercharacteristics.h,1
vtktransformfilter.h,1
itklabelgeometryimagefilter2.h,1
ui_iafeatureextraction.h,1
itkminimummaximumimagecalculator.h,1
vtktriangle.h,1
vtkimageshiftscale.h,1
iapreview.h,1
iacalculatedensitymap.h,1
iasetpathwidget.h,1
ui_iasetpathwidget.h,1
ui_ia4dctstageview.h,1
itksimpledataobjectdecorator.h,1
itklabelobject.h,1
itklabelmap.h,1
itklabelgeometryimagefilter2.hxx,1
qchart,1
qchartview,1
qgraphicslayout,1
qlegendmarker,1
qvalueaxis,1
ui_adaptivethreshold.h,1
iaadaptivethresholdmoduleinterface.h,1
qxyseries,1
qline,1
itkmirrorpadimagefilter.h,1
onnxruntime_cxx_api.h,1
dml_provider_factory.h,1
vtkobbtree.h,1
vtkpcastatistics.h,1
iabonethicknessmoduleinterface.h,1
vtksetget.h,1
itklabeltorgbimagefilter.h,1
itkrgbapixel.h,1
itkconvolutionimagefilter.h,1
itkfftconvolutionimagefilter.h,1
itkfftnormalizedcorrelationimagefilter.h,1
itknormalizedcorrelationimagefilter.h,1
itkpipelinemonitorimagefilter.h,1
itkstreamingimagefilter.h,1
itkdanielssondistancemapimagefilter.h,1
itksignedmaurerdistancemapimagefilter.h,1
itkcannyedgedetectionimagefilter.h,1
itksobeledgedetectionimagefilter.h,1
iaentropy.h,1
itkbsplineinterpolateimagefunction.h,1
itkconstantpadimagefilter.h,1
itknearestneighborinterpolateimagefunction.h,1
itkwindowedsincinterpolateimagefunction.h,1
vtkimageextractcomponents.h,1
itkderivativeimagefilter.h,1
itkhigherorderaccuratederivativeimagefilter.h,1
itkgradientmagnituderecursivegaussianimagefilter.h,1
itkimageadaptor.h,1
itklaplacianrecursivegaussianimagefilter.h,1
itklaplacianimagefilter.h,1
itksymmetriceigenanalysisimagefilter.h,1
itkadaptivehistogramequalizationimagefilter.h,1
itkhistogrammatchingimagefilter.h,1
itkmaskimagefilter.h,1
itkshiftscaleimagefilter.h,1
itksubtractimagefilter.h,1
itktestingcomparisonimagefilter.h,1
itkthresholdimagefilter.h,1
itkbinaryfillholeimagefilter.h,1
itkbinarythinningimagefilter.h,1
itkgrayscaledilateimagefilter.h,1
itkgrayscaleerodeimagefilter.h,1
itkgrayscalefillholeimagefilter.h,1
itkgrayscalemorphologicalclosingimagefilter.h,1
itkgrayscalemorphologicalopeningimagefilter.h,1
itkhessian3dtovesselnessmeasureimagefilter.h,1
itkopeningbyreconstructionimagefilter.h,1
itkclosingbyreconstructionimagefilter.h,1
itkadditivegaussiannoiseimagefilter.h,1
itksaltandpeppernoiseimagefilter.h,1
itkshotnoiseimagefilter.h,1
itkspecklenoiseimagefilter.h,1
itkpatchbaseddenoisingimagefilter.h,1
itkgpuimage.h,1
itkgpugradientanisotropicdiffusionimagefilter.h,1
itkgpugradientanisotropicdiffusionimagefilterfactory.h,1
itkaffinetransform.h,1
itkpermuteaxesimagefilter.h,1
itkflipimagefilter.h,1
ui_csvreader.h,1
ui_multidimensionalscalingdialog.h,1
ui_compvismainwindow.h,1
vtkabstractcontextitem.h,1
vtkboundingbox.h,1
vtkcontextarea.h,1
vtkplotbar.h,1
vtkpolydataitem.h,1
vtkpropitem.h,1
vtkcomputequartiles.h,1
vtkstatisticsalgorithm.h,1
vtkversion.h,1
vtkplotbox.h,1
vtkarcsource.h,1
vtkgraphlayoutview.h,1
vtkgraphlayoutstrategy.h,1
vtkgraphtoglyphs.h,1
vtkinteractorstylerubberband2d.h,1
vtklegendboxactor.h,1
vtkmutableundirectedgraph.h,1
vtkrenderedgraphrepresentation.h,1
vtkviewtheme.h,1
iacompdbscan.h,1
vtkcolorseries.h,1
vtkdataobject.h,1
vtkfollower.h,1
vtkshrinkpolydata.h,1
iacompvismoduleinterface.h,1
vtkcorrelativestatistics.h,1
vtkmultiblockdataset.h,1
vtkcamerapass.h,1
vtkdepthpeelingpass.h,1
vtkinteractorstyleswitch.h,1
vtklightspass.h,1
vtkopaquepass.h,1
vtkquad.h,1
vtkrenderpasscollection.h,1
vtksequencepass.h,1
vtktranslucentpass.h,1
ui_dream_caster4.h,1
ui_results_dialog.h,1
iadreamcastermoduleinterface.h,1
iascene.h,1
iadataformat.h,1
cl_common.h,1
iaraytracer.h,1
ui_dlg_dynamicvolumelines.h,1
ui_multi3dview.h,1
vtkabstractvolumemapper.h,1
dynamicvolumelines_export.h,1
dynamicvolumelineshelpers.h,1
qsharedpointer,1
iadynamicvolumelinesmoduleinterface.h,1
itkimageregioniteratorwithindex.h,1
hilbert.hpp,1
qhelpevent,1
iandimimagepointer.h,1
itkimportimagefilter.h,1
okcdatamodifiermanager.h,1
multidim,1
okcdatamodifierdimooo.h,1
readokcexception.h,1
ui_datafolderdialog.h,1
ui_featureanalyzer.h,1
ui_pdmview.h,1
ui_previewsplom.h,1
ui_segm3dview.h,1
ui_selections.h,1
ui_spmview.h,1
iassviewsetings.h,1
ui_ssview.h,1
ui_sssettings.h,1
qabstractitemview,1
ui_treeview.h,1
ui_paramspacesampling.h,1
qrandomgenerator,1
qdrag,1
iacpuid.h,1
ui_computesegmentations.h,1
itkandimagefilter.h,1
itklabelimagetoshapelabelmapfilter.h,1
ui_featurescoutclassexplorer.h,1
ui_featurescoutpolarplot.h,1
vtkchart.h,1
vtkchartmatrix.h,1
vtkchartparallelcoordinates.h,1
vtkdelaunay2d.h,1
vtkdynamic2dlabelmapper.h,1
vtkplotparallelcoordinates.h,1
vtkstructuredgrid.h,1
vtkstructuredgridgeometryfilter.h,1
vtksamplefunction.h,1
vtkimplicitfunction.h,1
iafeaturescoutmoduleinterface.h,1
ui_featurescouttoolbar.h,1
ui_featurescoutmeanobjectview.h,1
itklabelimagetolabelmapfilter.h,1
itklabelmapmaskimagefilter.h,1
itkpasteimagefilter.h,1
vtkcubeaxesactor.h,1
vtkfixedpointvolumeraycastmapper.h,1
ui_characteristicsmeasuredialog.h,1
ui_fiakersettings.h,1
ui_fiakertoolbar.h,1
ui_measureselection.h,1
vtkareapicker.h,1
vtkextractgeometry.h,1
vtkplanes.h,1
iamatrixwidget.h,1
ui_dissimilaritymatrix.h,1
ui_sensitivitysettings.h,1
vtkextractsurface.h,1
vtkpcanormalestimation.h,1
vtksigneddistance.h,1
iafilterpreviewmoduleinterface.h,1
vtkplotpoints.h,1
ui_eventexplorer.h,1
vtkcontextactor.h,1
vtkcontexttransform.h,1
ui_trackinggraph.h,1
vtktypeuint32array.h,1
iafuzzyfeaturetrackingmoduleinterface.h,1
vtkgraph.h,1
vtkvertexlistiterator.h,1
iamaskinglabeloverlapmeasuresimagefilter.h,1
iaparametrizablelabelvotingimagefilter.h,1
iaprobabilisticvotingimagefilter.h,1
iaundecidedpixelclassifierimagefilter.h,1
vtkplotline.h,1
itkmultilabelstapleimagefilter.h,1
itkstapleimagefilter.h,1
itklabelstatisticsimagefilter.h,1
ui_consensus.h,1
ui_gemse.h,1
ui_gemsecontrol.h,1
ui_samplings.h,1
qmutexlocker,1
qtimerevent,1
ui_gemsetoolbar.h,1
itkdivideimagefilter.h,1
vtkopenxrinteractorstyle.h,1
vtkopenvrinteractorstyle.h,1
openxr,1
imndt_export.h,1
vtkvrcontrolshelper.h,1
vtkopenvrcontrolshelper.h,1
vtktextactor3d.h,1
vtkcullercollection.h,1
vtklightkit.h,1
vtkpickingmanager.h,1
vtkskybox.h,1
vtkextractvoi.h,1
openxr.h,1
vtkopenxrmanager.h,1
vtksliderrepresentation3d.h,1
vtksliderwidget.h,1
vtkopenvrcamera.h,1
vtkopenxrcamera.h,1
vtkopenxrrenderer.h,1
vtkopenxrrenderwindow.h,1
vtkvrcamera.h,1
vtkvrrenderer.h,1
vtkvrrenderwindow.h,1
vtkvrrenderwindowinteractor.h,1
ui_elementrenderer.h,1
iapiechartglyph.h,1
iareferencespectralibrary.h,1
itkidentitytransform.h,1
itkmutualinformationimagetoimagemetric.h,1
qmapiterator,1
ui_inspectr.h,1
ui_refspectra.h,1
ui_similaritymap.h,1
iainspectrmoduleinterface.h,1
iapiesource.h,1
vtkrotationalextrusionfilter.h,1
vtkarrowsource.h,1
vtkcaptionwidget.h,1
vtkcaptionrepresentation.h,1
ialabellingmoduleinterface.h,1
ui_labels.h,1
qstringview,1
qxmlstreamreader,1
iametafiltersmoduleinterface.h,1
ui_samplingsettings.h,1
iamultimodaltfmoduleinterface.h,1
vtkgpuvolumeraycastmapper.h,1
itkbinarydilateimagefilter.h,1
itkbinaryerodeimagefilter.h,1
vtkimagemask.h,1
vtkinteractorstyle.h,1
tf_2mod,1
dlg_tf_2mod.h,1
dlg_tf_3mod.h,1
nvjpeg.h,1
nppi_geometry_transforms.h,1
vtkimagereslicemapper.h,1
vtkimageslice.h,1
vtkplanewidget.h,1
qparallelanimationgroup,1
iaremotemoduleinterface.h,1
qtcpserver,1
qttypes,1
qmimedatabase,1
vtkquaternion.h,1
qmetaenum,1
itkotsuthresholdcalculator.h,1
itkpointset.h,1
itkconstneighborhooditerator.h,1
itkimagerandomnonrepeatingconstiteratorwithindex.h,1
itkbsplinescattereddatapointsettoimagefilter.h,1
itkregionofinterestimagefilter.h,1
iaadaptiveotsuthresholdimagefilter.txx,1
itkfcmclassifierinitializationimagefilter.h,1
itkfuzzyclassifierimagefilter.h,1
itkkfcmsclassifierinitializationimagefilter.h,1
itkmskfcmclassifierinitializationimagefilter.h,1
iaitkimagetypes.h,1
itklaplaciansegmentationlevelsetimagefilter.h,1
itkcannysegmentationlevelsetimagefilter.h,1
itkzerocrossingimagefilter.h,1
itkimageregionconstiteratorwithindex.h,1
iaremovepeaksotsuthresholdimagecalculator.txx,1
iaremovepeaksotsuthresholdimagefilter.txx,1
itkscalarimagekmeansimagefilter.h,1
iaadaptiveotsuthresholdimagefilter.h,1
iaremovepeaksotsuthresholdimagefilter.h,1
itkthresholdlabelerimagefilter.h,1
segmentation_export.h,1
itkwatershedimagefilter.h,1
vtkdiscreteflyingedges3d.h,1
vtkdiscretemarchingcubes.h,1
vtkfillholesfilter.h,1
vtkflyingedges3d.h,1
vtkquadricdecimation.h,1
vtkquadricclustering.h,1
vtkreversesense.h,1
vtksmoothpolydatafilter.h,1
vtksurfacenets3d.h,1
vtksurfacereconstructionfilter.h,1
iasurfacesmoduleinterface.h,1
iavolumeplayermoduleinterface.h,1
ui_volumeplayer.h,1
iavrannotationsmoduleinterface.h,1
vtkvrfollower.h,1
iaxvramoduleinterface.h,1
iaentropyimagefilter.hxx,1
itkeuclideandistancemetric.h,1
itkfcmclassifierinitializationimagefilter.txx,1
itkmaximumdecisionrule.h,1
itkfuzzyclassifierimagefilter.txx,1
itkpixeltraits.h,1
itkmultithreaderbase.h,1
itkfuzzyclassifierinitializationimagefilter.txx,1
itkgrbfkernelinduceddistancemetric.txx,1
itkkernelinduceddistancemetric.txx,1
itkkfcmsclassifierinitializationimagefilter.txx,1
itkbarrier.h,1
itkmskfcmclassifierinitializationimagefilter.txx,1
itkrbfkernelinduceddistancemetric.txx,1
itkvectorimageduplicator.txx,1
iamaskinglabeloverlapmeasuresimagefilter.hxx,1
iaparametrizablelabelvotingimagefilter.hxx,1
iaprobabilisticvotingimagefilter.hxx,1
iaundecidedpixelclassifierimagefilter.hxx,1
iamaximumdistancefilter.txx,1
tkp,1
generic_tools,1
mkl,1
atacseqqc,1
exomecnv,1
parse_maestro_params,1
urcaanalysis,1
yt_extensions,1
init_1d.h,1
init_1d_carbon.h,1
amrex_astro_util.h,1
amrex_ppmutil.h,1
amrex_int.h,1
burner.h,1
extern_job_info_tests.h,1
maestro_job_info_tests.h,1
maestro_queries.h,1
slack_vars,1
metacycle,1
tfrecord_reader,1
tfrecord_writer,1
csv_reader,1
csv_writer,1
odps_table_reader,1
odps_table_writer,1
comprehension_evaluator,1
kd_evaluator,1
labeling_evaluator,1
match_evaluator,1
pretrain_evaluator,1
dam,1
kd,1
encoder_decoder,1
encoder_decoder_whale,1
labeling_loss,1
comprehension_loss,1
kd_loss,1
matching_loss,1
modeling_adabert,1
adam_weight_decay_optimizer,1
lamb_weight_decay_optimizer,1
classification_postprocessors,1
comprehension_postprocessors,1
labeling_postprocessors,1
classification_regression_preprocessor,1
comprehension_preprocessor,1
pretrain_preprocessor,1
labeling_preprocessor,1
sentencepiece,1
fashionbert_utils,1
circuitpython_typing,1
gopkg.in,1
connect,1
lombok_installer_windowsdriveinfo.h,1
opcodes,1
_locale,1
scrypt,1
pyscrypt,1
aiorpcx,1
costmap_2d_ros.hpp,1
ogrevector3.h,1
ogrequaternion.h,1
grid_map_rviz_plugin,1
albacore_server_scaled,1
promethion_alpha_light_plotter_helper,1
${conda_rootdir},1
kid,1
rally_kid_aiger,1
rally_elli_bool,1
rally_elli_int,1
_collections_abc,1
dis,1
encode,1
langid,1
lax_der_parsing.h,1
lax_der_privatekey_parsing.h,1
secp256k1_generator.h,1
secp256k1_rangeproof.h,1
graphql,1
foolbox_utils,1
skfmm,1
onepointcrossover,1
lastfrontselection,1
uftournselection,1
complex_ga,1
solutionbank_complex,1
complex_variance,1
portion,1
gffutils,1
refinement,1
mpolar,1
packed_data.h,1
io_interface.h,1
pid.h,1
wayline.h,1
ecef.h,1
redfearn.h,1
mapgrid.h,1
geoids.h,1
wgs84,1
agd84,1
grs67,1
search_graph.h,1
curve_stream.h,1
plot.h,1
label_points,1
pointmap.h,1
qlineedit.h,1
qcursor.h,1
qnamespace.h,1
point_with_id.h,1
image_reader.h,1
main_window.h,1
model_reader.h,1
ply_loader.h,1
texture_reader.h,1
shape_with_id.h,1
shape_reader_base.h,1
vertex_buffer.h,1
labels.h,1
textures.h,1
widget.h,1
viewer_base.h,1
qsizef,1
disparity.h,1
rectified.h,1
convert.h,1
accumulated.h,1
arithmetic.h,1
bitwise.h,1
help.h,1
life.h,1
ratio_parser.h,1
ratio.h,1
depth_traits.h,1
bursty_pipeline.h,1
frequency_domain.h,1
region_properties.h,1
point_cloud.h,1
rectify_map.h,1
frame_transforms.h,1
roll_pitch_yaw.h,1
covariance.h,1
gaussian_process.h,1
polytope.h,1
range_bearing_elevation.h,1
great_circle.h,1
asluav.h,1
autoquad.h,1
matrixpilot.h,1
minimal.h,1
slugs.h,1
standard.h,1
gsof.h,1
lines_nearest.h,1
plane_intersection.h,1
plane_intersection_with_trajectory.h,1
project.h,1
points-grep,1
n_sphere.h,1
points-join,1
equivalence_classes.h,1
partition.h,1
spherical_grid.h,1
colour_map.h,1
file-util.h,1
dc1394.h,1
gige.h,1
pvapi.h,1
gobi.h,1
xcamera.h,1
xfooters.h,1
xfilters.h,1
pixel_type_names.h,1
librealsense,1
librealsense2,1
vimbac,1
cepton_sdk.h,1
scip2.h,1
sensors.h,1
ouster_view,1
vtkimagemapper.h,1
vtkpointsource.h,1
colormaps.h,1
viz.h,1
os1.h,1
get_laser_return.h,1
stream_reader.h,1
udp_reader.h,1
velodyne_stream.h,1
packet_traits.h,1
laser_return.h,1
thin.h,1
ocular-thermal.h,1
clocked_time_stamp.h,1
play.h,1
jquery_ui,1
sigpy,1
nested_lookup,1
nanosatelliter,1
version_notifier,1
jet_spectral_components,1
jet_emitters_factory,1
mathkernel_helper,1
jet_kernel_tools,1
leastsqbound,1
sherpa_plugin,1
sed_shaper,1
template_model,1
loglog_poly_model,1
analytical_model,1
sharedvalue,1
toolbox,1
fg,1
gnumpy,1
pycuda_init,1
copy_reg,1
basic_ops,1
scan_op,1
scan_utils,1
basic_scipy,1
elemwise,1
sigm,1
cutils_ext,1
rest_framework_swagger,1
farmcpupp,1
bpsc,1
germinationmetrics,1
adjutant,1
rismed,1
tidytext,1
get_resunet,1
cifar10_matrix,1
httpclient.h,1
sofafile,1
sofaambisonicsdrir,1
sofageneralfir,1
sofageneralfire,1
sofageneraltf,1
sofamultispeakerbrir,1
sofasimplefreefieldhrir,1
sofasimplefreefieldsos,1
sofasimpleheadphoneir,1
sofasingleroomdrir,1
pygeoip,1
tftpy,1
pyes,1
rethinkdb,1
slackclient,1
splunklib,1
flat_game,1
overlaps,1
skip_gram,1
guizero,1
threaded_generator,1
org.json.jsonobject,1
mftreeexporter.h,1
mftree.h,1
mfdefines.h,1
smoothtemplates,1
smearmttwriter.hpp,1
varwriter.hpp,1
systmtthists.hpp,1
ttrecoinputs.hpp,1
ttrecoperf.hpp,1
vertices,1
coupling_orders,1
write_param_card,1
decays,1
ct_vertices,1
memwatch,1
textcnn,1
dips,1
gcn_dataset,1
indy,1
ldap3,1
instrument,1
plot_tools,1
read_photoion,1
brundledata,1
bison.tab.h,1
atof.h,1
sorts.cu,1
anr_arl,1
anr_aie,1
anr_ratingpred,1
anrs_ratingpred,1
anr,1
rwrdataset,1
csimple_crf,1
art_4_4.h,1
art_5_0.h,1
art_5_1.h,1
art_6_0.h,1
art_7_0.h,1
dalvik.h,1
failureevent.h,1
omnetpp,1
dijkstra.h,1
dijkstrafuzzy.h,1
dijktrakshortestfuzzy.h,1
doramodel,1
doramodeltime,1
dql_agents_preprocessing,1
sta,1
asd,1
ald,1
vb_dense,1
+prev+,1
winrm,1
read_experimental_data,1
fluctuation_velocity_plots,1
mean_axial_velocity,1
axial_deficit_plots,1
reynolds_stress_plots,1
fast_tsne,1
automerging,1
merges,1
depth_estimation,1
create_settings_json,1
xmljson,1
neuropixapi.h,1
npy-c++,1
neuropix-api,1
npyfile.h,1
extract_waveforms,1
waveform_metrics,1
id_noise_templates,1
ecephys_spike_sorting,1
arm_disassembler,1
arm_decompiler,1
dex_bytecode_py,1
dex_decompiler,1
apk_patch,1
adet_checkpoint,1
fcpose_dataset_mapper,1
iou_loss,1
conv_with_kaiming_uniform,1
bezier_align,1
def_roi_align,1
naive_group_norm,1
bezieralign.h,1
defroialign,1
bezieralign,1
one_stage_detector,1
fcpose,1
vovnet,1
dla,1
bifpn,1
resnet_interval,1
lpf,1
batext_outputs,1
dynamic_mask_head,1
mask_branch,1
fcos_outputs,1
fcpose_framework,1
fcpose_head,1
meinst_outputs,1
attn_predictor,1
beziers,1
remove_python_path,1
atomicdata,1
biggan_v1,1
biggan,1
train_fns,1
animal_hash,1
ssdsim.h,1
integration,1
modelgl.h,1
rgb,1
birdring,1
rwty,1
plugin_manager,1
asv_profiling,1
show,1
hglib,1
rattler,1
step_detect,1
pronounresolution,1
mentionspanclassifier,1
mentionfeatureclassifier,1
qaclassifier,1
addparsebits,1
"""${use_conf_dir}",1
"""${my_dir}",1
_version_scm,1
binom,1
kscorrect,1
_extended_torch_module,1
gated_choice,1
nac_weight,1
gumbel,1
batch_linear,1
regualizer,1
regualizer_nmu_z,1
regualizer_nau_z,1
sparsity_error,1
generalized,1
pos_nalu,1
regualized_linear_mnac,1
re_regualized_linear_pos_nac,1
silly_re_regualized_linear_mnac,1
tensorboard_metric_reader,1
summary_writer,1
save_model,1
_sklearn,1
libpath,1
cytoolz,1
bootloaderconfig.h,1
boot.h,1
pin_defs.h,1
stk500.h,1
avr_cpunames.h,1
wcharacter.h,1
usbdesc.h,1
usbcore.h,1
wintypes.h,1
arduino-usbdfu.h,1
arduino-usbserial.h,1
shi18ny,1
rgeoboundaries,1
rhdx,1
nngeo,1
flow_vis,1
infimnist_dataset,1
readplink.c,1
frozen.h,1
rfc3339.h,1
testmain.h,1
epicsunittest.h,1
tinycbor-version.h,1
utf8_p.h,1
wctl.driver.hpp,1
pwks.driver.hpp,1
fpsolver.hpp,1
assignment.hpp,1
pwks.hpp,1
shiftr,1
class_test.h,1
relative_import.h,1
bitinfo,1
pharmacophore,1
reactor,1
protonate,1
from_residues,1
criterion_logdensities,1
criterion_klds,1
criterion_elbo,1
autoregressive,1
prior_gaussians,1
modules_distribution,1
vae_abstractvae,1
vae_conditionalvae,1
cq,1
slicq,1
fftw3,1
fftw3f,1
_nsgtf_loop,1
nsgtf_loop,1
_nsigtf_loop,1
nsigtf_loop,1
reblock,1
slicing,1
unslicing,1
onehot,1
visualize_plotting,1
mopso,1
mo,1
bash_script_template,1
bandster,1
api_proxy,1
bucket_config,1
hyper_dataset,1
hyper_dataset_data_view,1
save_frames_request_no_validate_wrapped,1
save_frames_request_no_validate,1
scriptinfo,1
freeze,1
setupuploadmixin,1
hyperparams,1
gradio,1
fastparquet,1
kerastuner,1
fastapi_proxy,1
endpoint_telemetry,1
column_options,1
pyhocon,1
reqs,1
fake_renderer,1
vega_renderer,1
vincent_renderer,1
config_parser,1
libcst,1
autokeras,1
rpubchem,1
qsardata,1
appliedpredictivemodeling,1
gcookbook,1
latentnet,1
lenet,1
installsoftware,1
molns_provider,1
openstackprovider,1
pyrax,1
projecttemplate,1
mmengine,1
hyperpyyaml,1
fixed_od,1
dataset_preparation,1
partitioners,1
continuous_partitioner,1
dirichlet_partitioner,1
distribution_partitioner,1
exponential_partitioner,1
grouped_natural_id_partitioner,1
id_to_size_fnc_partitioner,1
iid_partitioner,1
inner_dirichlet_partitioner,1
linear_partitioner,1
natural_id_partitioner,1
partitioner,1
pathological_partitioner,1
shard_partitioner,1
size_partitioner,1
square_partitioner,1
vertical_even_partitioner,1
vertical_size_partitioner,1
divider,1
merger,1
comparison_label_distribution,1
label_distribution,1
mobilenetv2_base,1
saved_model_base,1
keras_model_head,1
logits_saved_model_head,1
softmax_classifier_head,1
sgd,1
examplefkm,1
fastchat,1
linear_algebra_util.h,1
line_fit_model.h,1
fastai_example,1
optax,1
gym_pusht,1
lerobot_federated_dataset,1
quickstart_numpy,1
pennylane,1
serde.h,1
grpc_rere.h,1
e2e_bare,1
e2e_fastai,1
e2e_opacus,1
publish,1
oidc_cli_plugin,1
chat,1
chat_app,1
chat_connector,1
chat_federation,1
chat_history,1
chat_local_agent,1
chat_transcript,1
add_supernode,1
remove_account,1
remove_supernode,1
simulation_config,1
accept,1
reject,1
revoke,1
login,1
config_migration,1
unregister,1
cli_account_auth_interceptor,1
cli_client_interceptor,1
local_superlink,1
grpc_adapter,1
node_auth_client_interceptor,1
secagg_mod,1
client_app,1
comms_mods,1
event_log_plugin,1
serde_utils,1
arrayrecord,1
configrecord,1
metricrecord,1
recorddict,1
serverapp_components,1
serverapp,1
criterion,1
legacy_context,1
grid_client_proxy,1
dpfedavg_adaptive,1
dpfedavg_fixed,1
fault_tolerant_fedavg,1
fedavg_android,1
fedxgb_nn_avg,1
grpc_rere,1
vce_api,1
linkstate_factory,1
default_workflows,1
secagg_workflow,1
server_app,1
superexec_secret,1
flower_superexec,1
flwr_agentapp,1
flwr_connector,1
flwr_model,1
control_http_client,1
file_credential_store,1
signal_handler,1
health_server,1
inflatable_utils,1
inflatable_object,1
rpc_error_translation_interceptor,1
runtime_version_interceptor,1
runtime_token,1
runtime_version,1
superexec_auth,1
license_plugin,1
object_store_factory,1
in_memory_object_store,1
sql_object_store,1
grpc_retry,1
http_retry,1
anyio,1
runtime_http_client,1
warm_executor,1
warm_executor_dispatch,1
clientapp_exec_plugin,1
serverapp_exec_plugin,1
run_agentapp,1
run_connector,1
registry_generated,1
brave,1
exa,1
tavily,1
run_model,1
artifact_provider,1
flower_superlink,1
flwr_serverapp,1
noop_federation_manager,1
http_grid,1
inmemory_grid,1
run_serverapp,1
control_grpc,1
control_event_log_interceptor,1
control_license_interceptor,1
control_servicer,1
conversation_title,1
control_handlers,1
flower_supernode,1
flwr_clientapp,1
nodestate_factory,1
compute_overlap,1
techniques,1
predict_batch_retinanet,1
predict_batch_rcnn,1
predict_batch_efficient,1
predict_batch_fsaf,1
predict_batch_fcos,1
rmtstat,1
glm.h,1
ko3_read,1
gaslut_interp,1
tto3_interp,1
irradiance,1
optimise_aot_homogeneous,1
optimise_read,1
interp_met,1
interp_ozone,1
interp_gmao,1
list_files,1
import_skydome_lut,1
import_skydome_lut_reformat,1
acolite_l1r,1
acolite_l2r,1
acolite_l2w,1
acolite_flags,1
acolite_pans,1
acolite_run,1
acolite_map,1
acolite_gui,1
acolite_luts,1
identify_bundle,1
inputfile_test,1
parameter_scaling,1
parameter_discretisation,1
logtee,1
read_list,1
glad_l2r,1
radcor,1
mirror,1
nc_dim,1
deconv,1
import_fits,1
w_kernel,1
pred_annular_cdf,1
ts_dsf_optfun,1
validate_settings,1
merged_lut,1
reverse_lut,1
import_rsky_lut,1
import_rsky_luts,1
ilut,1
import_interface_lut,1
get_scene,1
query_extract_scenes,1
url_atom,1
url_json,1
date_scenes,1
scene_files,1
order,1
query_goes,1
query_himawari,1
query_get,1
read_fill,1
interband_calibration,1
vdata,1
view_geometry,1
noise_reduction,1
convert_gaac,1
dem_lonlat,1
hillshade_nc,1
emodnet_bathymetry,1
copernicus_dem_download,1
copernicus_dem_find,1
copernicus_dem_lonlat,1
copernicus_dem_rpc,1
copernicus_dem_filelist,1
hgt_download_earthdata,1
srtm15plus,1
srtm15plus_lonlat,1
bt_lut,1
rpcs,1
find_files,1
read_tiles,1
ged_download,1
ged_find,1
ged_lonlat,1
agh,1
agh_old,1
agh_run,1
check_task,1
find_scenes,1
extract,1
scene_download,1
scene_find,1
bands,1
goci2_degradation,1
geolocation,1
hdsf,1
segment_read,1
segment_parse,1
header_parse,1
block_unpack,1
query_download,1
get_radiometric_calibration,1
metadata_bands,1
metadata_read,1
metadata_ali,1
read_toa,1
image_corners,1
dem_shadow_mask,1
dem_shadow_mask_nc,1
land_water_mask,1
ocm,1
omnicloudmask,1
nc_compress_file,1
nc_to_geotiff_rgb,1
project_acolite_netcdf,1
reproject_acolite_netcdf,1
crop_acolite_netcdf,1
convert_l2gen_netcdf,1
convert_gains,1
pace_merge_test,1
contraband,1
crat,1
crat_nc,1
coef_gons,1
tss,1
malh,1
coef_2016,1
coef_band,1
p3qaa_coef,1
p3qaa_compute,1
qaa_coef,1
qaa_compute,1
coef_hue_angle,1
conf4c,1
lira,1
acpar,1
execute,1
ocssw_l1a_to_l1b,1
grid_geom,1
grid_extend,1
detector_footprint,1
safe_test,1
metadata_granule,1
metadata_scene,1
gpt_geometry,1
auxiliary_json,1
olci_sub,1
olci_band_info,1
meris_band_info,1
geom,1
lonlat,1
read_nat,1
vaavza,1
rsr_dict,1
projection_sub,1
projection_sub_dct,1
projection_geo,1
projection_limit,1
projection_merge,1
projection_read,1
projection_netcdf,1
projection_setup,1
projection_warp_to,1
utm_epsg,1
geolocation_sub,1
nc_projection_dct,1
nc_projection_read,1
nc_extract_point,1
tiff_extract_point,1
nc_extract_transect,1
read_gdal_meta,1
read_points,1
lutnc_import,1
lutnc_write,1
closest_idx,1
isodate_to_yday,1
hdr,1
region_box,1
region_find,1
azimuth_two_points,1
distance_in_ll,1
fillnan,1
tiles_interp,1
intercept,1
common_dir,1
extract_bundle,1
image_extent,1
image_resolution,1
warp_and_merge,1
warp_from_source,1
warp_inputfile,1
polygon_crop,1
polygon_from_wkt,1
polygon_limit,1
roi_wkt,1
polygon_wkt,1
limit_wkt,1
similarity_read,1
gauss_response,1
square_response,1
sun_position,1
rsr_hyper,1
plane_fit,1
glint_angle,1
polylakes,1
rgb_stretch,1
scale_dist,1
obpg_bandpass,1
calc_tdifs,1
read_6sv_coef,1
read_6sv_ph,1
convolve,1
linear_weight,1
normalise,1
polygon_check,1
station_check,1
update_geocoding,1
azimuth,1
ecef_geometry,1
eci_geometry,1
gmst,1
ssp,1
lla2xyz,1
xyz2lla,1
aw_read,1
aw_ts,1
refri,1
read_rho,1
tact_limit,1
tact_simulations,1
libradtran_cfg,1
libradtran_run,1
read_out,1
read_sim,1
tact_gem,1
tact_eminet,1
ndvi_emissivity,1
era5,1
era5_ecmwf,1
gdas1,1
merra2,1
ncep,1
ecmwf,1
viirs_l1a_to_l1b,1
viirs_merge_test,1
meta_parse,1
eltwise,1
philentropy,1
sendmailr,1
shinyfiles,1
ramcharts,1
shinytoastr,1
scatterd3,1
ggnewscale,1
shinydashboardshaman,1
biomformatshaman,1
rnvd3shaman,1
deseq2shaman,1
phylotreemetar,1
treeweightd3,1
d3vennr,1
sunburstr,1
source_gen,1
repository_analytics,1
abstract_analysis,1
schwa_analysis,1
git_extractor,1
feature_weight_learner,1
java_parser,1
repository,1
opt_einsum_integration,1
state2states,1
workflow,1
modified_transition_moments,1
state2state_transition_dm,1
state_diffdm,1
state_diffdm_2p,1
transition_dm,1
formatdominantelements,1
visualisation,1
guesses_from_diagonal,1
groundstate,1
lanczositerator,1
orthogonaliser,1
excitationspectrum,1
pygnuplot,1
funcparserlib,1
vhdre,1
kdswitch,1
seqknn,1
seqgp,1
seqtrue,1
pomegranate,1
announce,1
discover,1
opencolortransforms.h,1
opencolorapphelpers.h,1
spimport,1
ocionuke,1
mari,1
pythonqt,1
ociocdltransform.h,1
ociodisplay.h,1
ociofiletransform.h,1
ociologconvert.h,1
ociolooktransform.h,1
pystring.h,1
ofxcore.h,1
ofximageeffect.h,1
ofxinteract.h,1
ofxkeysyms.h,1
ofxmemory.h,1
ofxmessage.h,1
ofxmultithread.h,1
ofxparam.h,1
ofxproperty.h,1
ofxpixels.h,1
ofxsmessage.h,1
ofxprogress.h,1
ofxtimeline.h,1
ofxsmemory.h,1
_modsoft,1
modsoft,1
click_spinner,1
requests_mock,1
releases,1
cachecontrol,1
cachetools,1
com.leanxcale.kivi.database.type,1
egret.h,1
microscaleintegraltotal.h,1
simplefluidviscosity.h,1
mooseapp.h,1
nodalbc.h,1
dgadvection.h,1
dgthermalconductivity.h,1
dganisotropicdiffusion.h,1
arrheniusreactionenergytransfer.h,1
extendedlangmuirfunction.h,1
constmasstransfer.h,1
gadvection.h,1
gthermalconductivity.h,1
ganisotropicdiffusion.h,1
inhibitedarrheniusreaction.h,1
timederivative.h,1
microscalecoupledcoeftimederivative.h,1
scaledweightedcoupledsumfunction.h,1
microscalecoeftimederivative.h,1
microscalediffusion.h,1
microscalediffusioninnerbc.h,1
microscalediffusionouterbc.h,1
langmuirinhibition.h,1
weightedcoupledsumfunction.h,1
coeftimederivative.h,1
vectorcoupledgradient.h,1
extendedlangmuirmodel.h,1
macaw.h,1
idaes,1
rxns_v4,1
rxns_v6,1
rxns_v7,1
cats_input_file_writer,1
read_moose_csv_to_df,1
gravsphere,1
analysis_func,1
_gravsphere,1
corecrt.h,1
gravsphere.h,1
bias_emulator,1
accuracy_model,1
aemulator,1
timings.h,1
&&,1
sim_robot,1
vrep,1
arm_1link_gravity_interpol,1
arm_2link_gravity_interpol,1
arm_2link_todorov,1
c50,1
expand.h,1
graphcutmex.h,1
fitness0.h,1
fitness1.h,1
fitness2.h,1
fitness3.h,1
fitness4.h,1
fitness5.h,1
fitness6.h,1
fitness7.h,1
fitness8.h,1
astro_tools,1
pygsm,1
sdata,1
parset,1
obs_config,1
obs_tools,1
pyvo,1
constraints,1
obsblocks,1
geneticalgo,1
schedule,1
mocpy,1
dynspec,1
waveform,1
sklearnex,1
odbaccess,1
abaqusconstants,1
odbmaterial,1
odbsection,1
rlcsa,1
meta_neural_network_architectures,1
inner_loop_optimizers,1
few_shot_learning_system,1
visa.h,1
vxi11.h,1
h2co_params,1
ptsrc_photom,1
hiiregion,1
contrib,1
deeplearn,1
affine2d,1
affine3d,1
sklearn_registration,1
ants_image_io,1
ants_image,1
ants_metric_io,1
ants_transform_io,1
ants_transform,1
extract_image_patches,1
reconstruct_image_from_patches,1
regression_match_image,1
histogram_warp_image_intensities,1
simulate_bias_field,1
randomly_transform_image_data,1
data_augmentation,1
image_to_cluster_images,1
label_clusters,1
label_geometry_measures,1
label_image_centroids,1
label_overlap_measures,1
label_stats,1
labels_to_matrix,1
make_points_image,1
multi_label_morphology,1
averaging,1
get_centroids,1
get_neighborhood,1
hausdorff_distance,1
image_similarity,1
quantile,1
add_noise_to_image,1
anti_alias,1
bias_correction,1
crop_image,1
denoise_image,1
get_mask,1
image_type_cast,1
hessian_objectness,1
histogram_equalize_image,1
histogram_match_image,1
mask_image,1
pad_image,1
reflect_image,1
reorient_image,1
resample_image,1
slice_image,1
smooth_image,1
symmetrize_image,1
threshold_image,1
weingarten_image_curvature,1
plot_hist,1
plot_grid,1
plot_ortho,1
plot_ortho_stack,1
plot_directory,1
affine_initializer,1
apply_transforms,1
average_transform,1
build_template,1
compose_displacement_fields,1
create_jacobian_determinant_image,1
create_warped_grid,1
fit_bspline_displacement_field,1
fit_bspline_object_to_scattered_data,1
fit_thin_plate_spline_displacement_field,1
integrate_velocity_field,1
invert_displacement_field,1
landmark_transforms,1
simulate_displacement_field,1
atropos,1
functional_lung_segmentation,1
fuzzy_spatial_cmeans_segmentation,1
kelly_kapowski,1
joint_label_fusion,1
otsu,1
prior_based_segmentation,1
channels,1
get_ants_data,1
matrix_image,1
mni2tal,1
ndimage_to_list,1
nibabel_nifti_to_ants,1
scalar_rgb_vector,1
sitk_to_ants,1
convergence_monitoring,1
polar_decomposition,1
node2vec,1
tweebo_parser,1
twokenize,1
scscope,1
rqt_gui_cpp,1
qbasictimer,1
pluginlib,1
qqmlapplicationengine,1
qpolygonf,1
lambdar,1
sysfs,1
specalyzer,1
compute_statistics_multi,1
layer_vis,1
fixed_model,1
get_dark_spectrum,1
o3_transmittance,1
toa_rsky,1
select_model,1
select_model2,1
wvlut_get,1
o2lut_get,1
o2lut_interp,1
ancillary_download,1
ancillary_get,1
ancillary_interp_met,1
ancillary_interp_ozone,1
ancillary_list,1
acolite_mr_ac,1
aerlut_pressure,1
get_sensor_lut,1
interp3d,1
interplut_sensor,1
lut_get_ac_parameters_sensor,1
lut_get_ac_parameters_fixed_tau_sensor,1
lut_get_tau_sensor,1
lut_get_taufit_sensor,1
lutpos,1
get_lutd,1
write_rgb,1
get_band_att,1
get_rsur,1
planetscope_ac,1
planetscope_merge_toa,1
get_ll,1
get_sub,1
get_projection,1
image_test,1
pleiades_ac,1
cover_test,1
ponder_processor,1
plot_dark_spectrum,1
dn_to_rtoa,1
ko3_band,1
ko3_get,1
rsr_convolute,1
rtoa_to_rhos,1
f0_band,1
f0_wave,1
worldview_ac,1
dataset_utilis,1
recall_time,1
iou,1
lcr_data,1
xdesign,1
fabio,1
pmf,1
thinkstats,1
check_conjectures,1
rprojroot,1
shatterseek,1
pyreadr,1
immunedeconv,1
signature.tools.lib,1
sigfit,1
treemapify,1
gridgraphics,1
hocdec.h,1
cylouvain,1
svm-toy.moc,1
telnetlib,1
normal_randomdev.h,1
uniform_randomdev.h,1
randomgen.h,1
randomdev.h,1
nest_names.h,1
topology_names.h,1
genericmodel.h,1
arraydatum.h,1
iostreamdatum.h,1
connection_creator_impl.h,1
free_layer.h,1
grid_layer.h,1
grid_mask.h,1
layer.h,1
layer_impl.h,1
mask_impl.h,1
topology_parameter.h,1
connection_manager_impl.h,1
connector_model_impl.h,1
dynamicloader.h,1
nestmodule.h,1
target_identifier.h,1
sliexceptions.h,1
tokenarray.h,1
nestmldev.h,1
slimodule.h,1
slifunction.h,1
mvst,1
micnn,1
java.lang.double,1
binwalk,1
converter.h,1
caffenet,1
nin,1
mynet,1
drawmodule,1
cityscapes_labels,1
ade20k_labels,1
pascal_voc_labels,1
opusscript,1
nimble_riot.h,1
luid.h,1
fib_nrf_single_hop.in,1
fib_single_hop.in,1
fib_nrf_multi_hop.in,1
fib_multi_hop.in,1
fib_nrf_single_hop_singleproducer.in,1
fib_single_hop_singleproducer.in,1
fib_nrf_multi_hop_singleproducer.in,1
fib_multi_hop_singleproducer.in,1
vgg_loss,1
kiss_fftr.h,1
pycfslib,1
io_lif,1
astrocats,1
pmt,1
haar_fisz,1
windowed_tsvd,1
hosvd,1
block_svd_denoise_and_separate_,1
fastdtw,1
scramble,1
javabridge,1
bioformats,1
denoising,1
bchron,1
showtext,1
ggimage,1
junctionseq,1
imagefoldercustomclass,1
fossil,1
vinecopula,1
audioread,1
vosk_transcribe,1
dbmalloc.h,1
deco,1
janelia_convert,1
document_bert_architectures,1
obesity_document_bert,1
smoker_document_bert,1
data_prism,1
ring,1
peltier,1
autofocus,1
mock_up,1
flypiapp,1
osmnx,1
smopy,1
selection_multipledeploys,1
jsonpopulation,1
evolutivepopulationtopology,1
numba_hilbert_jitted,1
setup_simulations_server_log_cox,1
setup_simulations_server_mix_normal,1
functions_smc_is_main,1
gaussian_densities_etc,1
r2pipe,1
keystone,1
problem.h,1
mnemonics.h,1
choices.h,1
mdefs.h,1
silo.h,1
croupier-venv,1
ckanapi,1
data_mover,1
rentrez,1
vaa3dwrapper,1
configfilepaths,1
generalauxfuncs,1
presnet,1
sktensor,1
iio.hpp,1
"""$inside_docker_build_dir",1
"""$ci",1
mdns.h,1
cfnetwork,1
cdk.h,1
iiod,1
libserialport.h,1
tinyiiod.h,1
libusb.h,1
twister_harness,1
kdtree,1
gcnmodel,1
deepcca,1
geolocate,1
 ,1
eco13,1
classmaking1,1
plot33,1
plot34,1
plot73,1
plot74,1
rminer,1
sda,1
mvda,1
padma,1
overlap,1
custom_handler,1
comby,1
auth_logic,1
auth_utils,1
fastjsonschema,1
pyone,1
openstack,1
styler,1
xy_map,1
data_class,1
readstata13,1
example_config_dst_lc,1
example_config_wfirst_lc,1
example_config_wfirst_lc_ad_efc,1
example_config_wfirst_spc_spec_phaseb_simple,1
dm,1
diff_dm,1
est,1
hlc,1
wfsc,1
prop,1
hexsegmirror,1
thinfilm,1
zern,1
probe,1
probeschedule,1
modelvariables,1
mkl_fft,1
dftidefs,1
prop_cubic_conv,1
prop_compile_c,1
prop_ffti,1
prop_dftidefs,1
prop_use_ffti,1
prop_fftw,1
prop_fftw_wisdom,1
prop_use_fftw,1
prop_8th_order_mask,1
prop_add_phase,1
prop_add_wavefront,1
prop_begin,1
prop_circular_aperture,1
prop_circular_obscuration,1
prop_define_entrance,1
prop_divide,1
prop_dm,1
prop_ellipse,1
prop_elliptical_aperture,1
prop_elliptical_obscuration,1
prop_end,1
prop_end_savestate,1
prop_errormap,1
prop_fit_dm,1
prop_fits_read,1
prop_fits_write,1
prop_fit_zernikes,1
prop_get_amplitude,1
prop_get_beamradius,1
prop_get_distancetofocus,1
prop_get_fratio,1
prop_get_gridsize,1
prop_get_nyquistsampling,1
prop_get_phase,1
prop_get_refradius,1
prop_get_sampling_arcsec,1
prop_get_sampling,1
prop_get_sampling_radians,1
prop_get_wavefront,1
prop_get_wavelength,1
prop_get_z,1
prop_hex_wavefront,1
prop_hex_zernikes,1
prop_init_savestate,1
prop_irregular_polygon,1
prop_is_statesaved,1
prop_lens,1
prop_load_fftw_wisdom,1
prop_magnify,1
prop_multiply,1
prop_noll_zernikes,1
prop_pixellate,1
prop_polygon,1
prop_print_zernikes,1
prop_propagate,1
prop_psd_errormap,1
prop_ptp,1
prop_qphase,1
prop_radius,1
prop_readmap,1
prop_rectangle,1
prop_rectangular_aperture,1
prop_rectangular_obscuration,1
prop_resamplemap,1
prop_rotate,1
prop_rounded_rectangle,1
prop_run_multi,1
prop_run,1
prop_savestate,1
prop_select_propagator,1
prop_set_antialiasing,1
prop_sinc,1
prop_state,1
prop_stw,1
prop_szoom,1
prop_table,1
prop_wavefront,1
prop_writemap,1
prop_wts,1
prop_zernikes,1
switch_set,1
telescope_dm,1
example_config_roman_cgi_hlc_nfov_band1,1
ftdi1,1
jetson,1
adafruit_pureio,1
spidev,1
mybgs.h,1
adaptivemedianbgs.h,1
bgsparams.h,1
eigenbackground.h,1
grimsongmm.h,1
meanbgs.h,1
pratimediodbgs.h,1
texturebgs.h,1
wrenga.h,1
zivkovicagmm.h,1
imbs.hpp,1
imbs,1
kde,1
npbgsubtractor.h,1
bgmodelfuzzygauss.h,1
bgmodelfuzzysom.h,1
bgmodelgauss.h,1
bgmodelmog.h,1
bgmodelsom.h,1
lbp_mrf,1
motiondetection.hpp,1
backgroundsubtractorlobster.h,1
backgroundsubtractorpawcs.h,1
backgroundsubtractorsubsense.h,1
multilayer,1
cmultilayerbgs.h,1
backgroundsubtractionapi.h,1
crossbilateralfilter.h,1
pbas.h,1
pbas,1
sigmadelta,1
sdlama091.h,1
t2fgmm.h,1
twopoints,1
two_points.h,1
vibe,1
vibe-background-sequential.h,1
vumeter,1
tbackgroundvumeter.h,1
foregroundmaskanalysis.h,1
fuzzyutils.h,1
performanceutils.h,1
genericmacros.h,1
bgslibrary_env,1
bgslibrary_test_env,1
bgslibrary_java_module.hpp,1
opencvmex.hpp,1
mxarray.h,1
mxtypes.h,1
firehoseconnection,1
tdms,1
bonds,1
certificates,1
commodities,1
currency_crosses,1
etfs,1
funds,1
indices,1
technical,1
extra,1
blizzard_data,1
laplacesdemon,1
dgof,1
profvis,1
trim_tree,1
summarize_ranges,1
libpng,1
environment_variable.hpp,1
com_arm_pa_paretrace_nativeapi.h,1
gateway_client,1
build_all,1
cpu-features.h,1
altcecrt.h,1
pngprefix.h,1
pngstruct.h,1
pnginfo.h,1
pngdebug.h,1
lzo,1
lzf.h,1
quicklz.h,1
gformats.h,1
wayland-util.h,1
wayland-server.h,1
esp_event.h,1
nvs_flash.h,1
protocol_examples_common.h,1
chartjs-adapter-date-fns,1
gspread,1
oauth2client,1
beaglebone_black,1
raspberry_pi_2,1
raspberry_pi,1
bbb_dht_read.h,1
common_dht_read.h,1
pi_dht_read.h,1
pi_2_dht_read.h,1
soplex.h,1
adafruit_ina219,1
simconst,1
_sim_cffi,1
roundlog,1
echo,1
combine,1
writelisttofile,1
todataframewithdatasetcolumn,1
todataframe,1
writepandasdataframetofile,1
communicationchannel,1
communicationchannel0,1
taskpackagedropbox,1
multiprocessingdropbox,1
subprocessrunner,1
workingarea,1
submitter,1
exec_util,1
mantichora,1
tableconfigcompleter,1
build_counter_collector_pair,1
collectordelegate,1
datasetintoeventbuilderssplitter,1
eventlooprunner,1
mpeventlooprunner,1
nullcollector,1
readercomposite,1
splitfuncs,1
mkdir_p,1
list_to_aligned_text,1
profile_func,1
removal,1
bevents,1
expand,1
factories,1
with_count,1
keyvaluecomposer,1
nextkeycomposer,1
sum,1
fastaparser,1
basemonitor,1
basedevice,1
devicemonitor,1
pipelinemonitor,1
alarmmonitor,1
alarmnode,1
controlnode,1
hypervisor,1
aspell.h,1
hspell.h,1
hunspell.hxx,1
libvoikko,1
bcp47.h,1
spellcheck.h,1
+vis.files.info)}a.title=i.title;a.meta_info=i.meta_info;a.models=i.models||[{id:,1
"+t)}a.model_vis.set(a.id,e);i()};if(e){n(e);return}if(a.model_vis.has(a.id)){n(a.model_vis.get(a.id));return}g(t,function(e,t){if(typeof t===",1
+i)}})};x=function(i){var n=function(){a.proper=vis.proper;if(a.proper===undefined){a.proper=a.m.proper()}d3.selectall(,1
"+i)}})})};k=function(i){var n=function(){view.topic.dropdown({topics:d3.range(a.m.n()).map(function(e){return{topic:e,id:a.m.topic_id(e),words:a.m.topic_words(e,vis.model_view.words),label:a.m.topic_label(e),hidden:w(e)}}),overview_words:a.settings.overview_words});l()};if(a.m.ready(",1
+i)}})};s=function(e){var i=function(){d3.select(,1
com.sun.net.ssl.internal.www.protocol.https.handler,1
com.sun.istack.internal.logging.logger,1
javax.swing.plaf.,1
javax.swing.springlayout,1
posix_ipc,1
get_bounds_others,1
save_nlayer_weights,1
get_bounds_ours_sparse,1
cnn_bounds_full,1
iconstsimpledata.h,1
heapdata.h,1
ifile.h,1
constsimpledata.h,1
cplex.h,1
runreluplex.h,1
glpkwrapper.h,1
relupairs.h,1
smtcore.h,1
data_prep_util,1
indoor3d_util,1
crf_approx_layer,1
crf_dual_layer,1
crf_lstm_layer,1
pane,1
overlapping,1
__,1
brent.h,1
naff,1
_naff,1
simpsgauss,1
util_rnn,1
token_embedding,1
rnn_network_model,1
jshint,1
buster-core,1
buster-format,1
triclinic_functions,1
tthread.h,1
utility.hpp,1
quadrature_general.hpp,1
quadrature_multipoly.hpp,1
arxiv,1
ctfsim,1
mftie,1
gptie,1
gs,1
hermitianutils,1
particleinterpolator.h,1
amrex_particlemesh.h,1
amrex_gpucontainers.h,1
amrex_bcutil.h,1
amrex_timeintegrator.h,1
_stringmatch,1
hungarian.hpp,1
tann.h,1
gselib.h,1
iso646.h,1
stdalign.h,1
scoped_allocator,1
cuchar,1
ccomplex,1
ctgmath,1
cstdalign,1
cstdbool,1
memory_resource,1
execution,1
jline.completor,1
jline.consolereader,1
jline.terminal,1
org.python.core.py,1
org.python.core.pyarray,1
org.python.core.pyexception,1
org.python.core.pyjavatype,1
org.python.core.pyobject,1
org.python.core.pystring,1
org.python.util.interactiveconsole,1
edu.sc.seis.seisfile.sac.sacconstants,1
java.awt.event.windowlistener,1
java.awt.choice,1
java.awt.textarea,1
java.awt.textfield,1
powerspectrapipeline,1
arm_util,1
tommyds,1
tommyhash.c,1
tommyalloc.c,1
tommyarray.c,1
tommyarrayof.c,1
tommyarrayblk.c,1
tommyarrayblkof.c,1
tommylist.c,1
tommytree.c,1
tommytrie.c,1
tommytrieinp.c,1
tommyhashtbl.c,1
tommyhashdyn.c,1
tommyhashlin.c,1
tommychain.h,1
pyanitools,1
pyneurochem,1
ase_interface,1
parameterized,1
aev.h,1
tmdb,1
find,1
as_obj,1
true_anomaly,1
treedist,1
coarsetofine,1
functiontags,1
kbest,1
roaringbitmap,1
grapheme,1
javax.xml.datatype.duration,1
javax.xml.bind.annotation.adapters.hexbinaryadapter,1
highway_env,1
mocca_envs,1
facepy,1
ec2,1
auth_login,1
hitcount,1
dictconfig,1
qgraphicslineitem,1
graphicsscene.hpp,1
qudpsocket,1
qmovie,1
qgraphicsview,1
lz4hc.h,1
pthread_attr_init.c,1
pthread_attr_destroy.c,1
pthread_attr_getdetachstate.c,1
pthread_attr_setdetachstate.c,1
pthread_attr_getstackaddr.c,1
pthread_attr_setstackaddr.c,1
pthread_attr_getstacksize.c,1
pthread_attr_setstacksize.c,1
pthread_attr_getscope.c,1
pthread_attr_setscope.c,1
pthread_barrier_init.c,1
pthread_barrier_destroy.c,1
pthread_barrier_wait.c,1
pthread_barrierattr_init.c,1
pthread_barrierattr_destroy.c,1
pthread_barrierattr_getpshared.c,1
pthread_barrierattr_setpshared.c,1
pthread_setcancelstate.c,1
pthread_setcanceltype.c,1
pthread_testcancel.c,1
pthread_cancel.c,1
ptw32_cond_check_need_init.c,1
pthread_condattr_init.c,1
pthread_condattr_destroy.c,1
pthread_condattr_getpshared.c,1
pthread_condattr_setpshared.c,1
pthread_cond_init.c,1
pthread_cond_destroy.c,1
pthread_cond_wait.c,1
pthread_cond_signal.c,1
pthread_exit.c,1
pthread_kill.c,1
pthread_once.c,1
pthread_self.c,1
pthread_equal.c,1
pthread_setconcurrency.c,1
pthread_getconcurrency.c,1
ptw32_new.c,1
ptw32_calloc.c,1
ptw32_reuse.c,1
w32_cancelablewait.c,1
ptw32_mutex_check_need_init.c,1
pthread_mutex_init.c,1
pthread_mutex_destroy.c,1
pthread_mutexattr_init.c,1
pthread_mutexattr_destroy.c,1
pthread_mutexattr_getpshared.c,1
pthread_mutexattr_setpshared.c,1
pthread_mutexattr_settype.c,1
pthread_mutexattr_gettype.c,1
pthread_mutex_lock.c,1
pthread_mutex_timedlock.c,1
pthread_mutex_unlock.c,1
pthread_mutex_trylock.c,1
pthread_mutexattr_setkind_np.c,1
pthread_mutexattr_getkind_np.c,1
pthread_getw32threadhandle_np.c,1
pthread_delay_np.c,1
pthread_num_processors_np.c,1
pthread_win32_attach_detach_np.c,1
pthread_timechange_handler_np.c,1
ptw32_interlockedcompareexchange.c,1
ptw32_mcs_lock.c,1
ptw32_is_attr.c,1
ptw32_processinitialize.c,1
ptw32_processterminate.c,1
ptw32_threadstart.c,1
ptw32_threaddestroy.c,1
ptw32_tkassoccreate.c,1
ptw32_tkassocdestroy.c,1
ptw32_calluserdestroyroutines.c,1
ptw32_semwait.c,1
ptw32_timespec.c,1
ptw32_relmillisecs.c,1
ptw32_throw.c,1
ptw32_getprocessors.c,1
private.c,1
attr.c,1
barrier.c,1
cancel.c,1
cleanup.c,1
condvar.c,1
create.c,1
dll.c,1
errno.c,1
exit.c,1
fork.c,1
global.c,1
mutex.c,1
nonportable.c,1
rwlock.c,1
sched.c,1
semaphore.c,1
signal.c,1
spin.c,1
sync.c,1
tsd.c,1
exceptio.h,1
ptw32_rwlock_check_need_init.c,1
ptw32_rwlock_cancelwrwait.c,1
pthread_rwlock_init.c,1
pthread_rwlock_destroy.c,1
pthread_rwlockattr_init.c,1
pthread_rwlockattr_destroy.c,1
pthread_rwlockattr_getpshared.c,1
pthread_rwlockattr_setpshared.c,1
pthread_rwlock_rdlock.c,1
pthread_rwlock_timedrdlock.c,1
pthread_rwlock_wrlock.c,1
pthread_rwlock_timedwrlock.c,1
pthread_rwlock_unlock.c,1
pthread_rwlock_tryrdlock.c,1
pthread_rwlock_trywrlock.c,1
pthread_attr_setschedpolicy.c,1
pthread_attr_getschedpolicy.c,1
pthread_attr_setschedparam.c,1
pthread_attr_getschedparam.c,1
pthread_attr_setinheritsched.c,1
pthread_attr_getinheritsched.c,1
pthread_setschedparam.c,1
pthread_getschedparam.c,1
sched_get_priority_max.c,1
sched_get_priority_min.c,1
sched_setscheduler.c,1
sched_getscheduler.c,1
sched_yield.c,1
sem_init.c,1
sem_destroy.c,1
sem_trywait.c,1
sem_wait.c,1
sem_timedwait.c,1
sem_post.c,1
sem_post_multiple.c,1
sem_getvalue.c,1
sem_open.c,1
sem_close.c,1
sem_unlink.c,1
ptw32_spinlock_check_need_init.c,1
pthread_spin_init.c,1
pthread_spin_destroy.c,1
pthread_spin_lock.c,1
pthread_spin_unlock.c,1
pthread_spin_trylock.c,1
pthread_detach.c,1
pthread_join.c,1
pthread_key_create.c,1
pthread_key_delete.c,1
pthread_setspecific.c,1
pthread_getspecific.c,1
ieee1394.h,1
ieee1394-ioctl.h,1
target.h,1
geomagnetismheader.h,1
autoaugment,1
architect,1
micro_child,1
micro_controller,1
pymop,1
genotypes_old,1
