repository,ref,path,extension,loc,scores,imports,symbols,keywords,preview,cache_path
alexandschaefer/DynamicHubs,master,statistics/pcor.R,.r,166,{},Rfit,,analysis,"pcor.test <- function(x,y,z,use=""mat"",method=""p"",na.rm=T){ | # The partial correlation coefficient between x and y given z | # | # pcor.test is free and comes with ABSOLUTELY NO WARRANTY. | #",data/github_cache/alexandschaefer__DynamicHubs/fc613b4dfd67/content/statistics/pcor.R
alexandschaefer/DynamicHubs,master,statistics/switch_general.R,.r,76,"{""dissemination"": 1}",R.matlab;WGCNA;calibrate;e1071;gplot;psych;sciplot,,load;read;write,library(WGCNA) | library(psych) | library(R.matlab) | library(e1071) | library(calibrate),data/github_cache/alexandschaefer__DynamicHubs/fc613b4dfd67/content/statistics/switch_general.R
alexandschaefer/DynamicHubs,master,statistics/switch_swm_enhanced_120214.R,.r,440,{},R.matlab;Rfit;Rniftilib;WGCNA;calibrate;corrgram;e1071;gplot;linkcomm;psych;sciplot;vegan,,read;plot;write;analysis,library(linkcomm) | library(WGCNA) | library(psych) | library(R.matlab) | library(e1071),data/github_cache/alexandschaefer__DynamicHubs/fc613b4dfd67/content/statistics/switch_swm_enhanced_120214.R
alexandschaefer/DynamicHubs,master,statistics/weight_conns.R,.r,220,{},Hmisc,,read,"plot_hub_switch<-function(number,clust95,bla,subject) { #weights | library(Hmisc) | edges=true_edges(clust95) | list_1=edges[(edges[,1]==number),] | list_2=edges[(edges[,2]==number),]",data/github_cache/alexandschaefer__DynamicHubs/fc613b4dfd67/content/statistics/weight_conns.R
akinori-ito/peaqb-fast,master,fftw/config.c,.c,163,{},fftw-int.h,,write,"/* | * Copyright (c) 1997-1999, 2003 Massachusetts Institute of Technology | * | * This program is free software; you can redistribute it and/or modify | * it under the terms of the GNU General Public License as published by",data/github_cache/akinori-ito__peaqb-fast/fc613b4dfd67/content/fftw/config.c
akinori-ito/peaqb-fast,master,fftw/config.h,.h,172,{},,,write,"/* fftw/config.h.  Generated by configure.  */ | /* -*- C -*- */ | /* | * Copyright (c) 1997-1999, 2003 Massachusetts Institute of Technology | *",data/github_cache/akinori-ito__peaqb-fast/fc613b4dfd67/content/fftw/config.h
akinori-ito/peaqb-fast,master,fftw/executor.c,.c,465,{},fftw-int.h;stdio.h;stdlib.h,executor_many;executor_many_inplace;executor_many_vector;executor_simple_inplace;fftw;fftw_executor_simple;fftw_one;fftw_strided_copy;is,transform;write,"/* | * Copyright (c) 1997-1999, 2003 Massachusetts Institute of Technology | * | * This program is free software; you can redistribute it and/or modify | * it under the terms of the GNU General Public License as published by",data/github_cache/akinori-ito__peaqb-fast/fc613b4dfd67/content/fftw/executor.c
akinori-ito/peaqb-fast,master,fftw/fftw-int.h,.h,500,"{""evaluation"": 1}",DriverServices.h;config.h;fftw.h;sys;time.h;unistd.h,DL_IMPORT;GetPerfSec;GetPerfTime;SECONDR;clock;defined;definitions;fftw_complete_twiddle;fftw_destroy_plan_internal;fftw_destroy_table;fftw_destroy_twiddle;fftw_estimate_node;fftw_executor_simple;fftw_factor;fftw_gettimeofday_get_time;fftw_gettimeofday_time_diff;fftw_insert;fftw_lookup;fftw_make_empty_table;fftw_make_plan;fftw_pick_better;fftw_safe_mulmod;fftw_strided_copy;fftw_time_diff;fftw_use_node,experiment;precision;write,"/* | * Copyright (c) 1997-1999, 2003 Massachusetts Institute of Technology | * | * This program is free software; you can redistribute it and/or modify | * it under the terms of the GNU General Public License as published by",data/github_cache/akinori-ito__peaqb-fast/fc613b4dfd67/content/fftw/fftw-int.h
akinori-ito/peaqb-fast,master,fftw/fftw.h,.h,422,"{""evaluation"": 1}",stdio.h;stdlib.h,DL_IMPORT;fftw;fftw2d_create_plan;fftw2d_create_plan_specific;fftw3d_create_plan;fftw3d_create_plan_specific;fftw_check_memory_leaks;fftw_create_plan;fftw_create_plan_specific;fftw_destroy_plan;fftw_die;fftw_export_wisdom;fftw_export_wisdom_to_file;fftw_forget_wisdom;fftw_fprint_plan;fftw_free;fftw_import_wisdom;fftw_import_wisdom_from_file;fftw_import_wisdom_from_string;fftw_one;fftw_print_max_memory_usage;fftw_print_plan;fftw_sizeof_fftw_real;fftwnd;fftwnd_create_plan,read;precision;write,"/* fftw/fftw.h.  Generated by configure.  */ | /* -*- C -*- */ | /* | * Copyright (c) 1997-1999, 2003 Massachusetts Institute of Technology | *",data/github_cache/akinori-ito__peaqb-fast/fc613b4dfd67/content/fftw/fftw.h
akinori-ito/peaqb-fast,master,fftw/fftwf77.c,.c,146,{},config.h;fftw.h,F77_FUNC_;fftw_reverse_int_array,write,"/* | * Copyright (c) 1997-1999, 2003 Massachusetts Institute of Technology | * | * This program is free software; you can redistribute it and/or modify | * it under the terms of the GNU General Public License as published by",data/github_cache/akinori-ito__peaqb-fast/fc613b4dfd67/content/fftw/fftwf77.c
akinori-ito/peaqb-fast,master,fftw/fftwnd.c,.c,806,{},fftw-int.h,destroy_plan_array;fftw2d_create_plan;fftw2d_create_plan_specific;fftw3d_create_plan;fftw3d_create_plan_specific;fftw_buffered;fftwnd;fftwnd_aux;fftwnd_aux_howmany;fftwnd_create_plan;fftwnd_create_plan_aux;fftwnd_create_plan_specific;fftwnd_destroy_plan;fftwnd_fprint_plan;fftwnd_measure_runtime;fftwnd_one;fftwnd_print_plan;fftwnd_work_size;get_maxdim;init_test_array,process;transform;write,"/* | * Copyright (c) 1997-1999, 2003 Massachusetts Institute of Technology | * | * This program is free software; you can redistribute it and/or modify | * it under the terms of the GNU General Public License as published by",data/github_cache/akinori-ito__peaqb-fast/fc613b4dfd67/content/fftw/fftwnd.c
akinori-ito/peaqb-fast,master,fftw/fn_1.c,.c,62,{},fftw-int.h;fftw.h,contains;fftw_no_twiddle_1,load;write,"/* | * Copyright (c) 1997-1999, 2003 Massachusetts Institute of Technology | * | * This program is free software; you can redistribute it and/or modify | * it under the terms of the GNU General Public License as published by",data/github_cache/akinori-ito__peaqb-fast/fc613b4dfd67/content/fftw/fn_1.c
akinori-ito/peaqb-fast,master,fftw/fn_10.c,.c,285,{},fftw-int.h;fftw.h,contains;fftw_no_twiddle_10,load;write,"/* | * Copyright (c) 1997-1999, 2003 Massachusetts Institute of Technology | * | * This program is free software; you can redistribute it and/or modify | * it under the terms of the GNU General Public License as published by",data/github_cache/akinori-ito__peaqb-fast/fc613b4dfd67/content/fftw/fn_10.c
akinori-ito/peaqb-fast,master,fftw/fn_11.c,.c,312,{},fftw-int.h;fftw.h,contains;fftw_no_twiddle_11,load;write,"/* | * Copyright (c) 1997-1999, 2003 Massachusetts Institute of Technology | * | * This program is free software; you can redistribute it and/or modify | * it under the terms of the GNU General Public License as published by",data/github_cache/akinori-ito__peaqb-fast/fc613b4dfd67/content/fftw/fn_11.c
akinori-ito/peaqb-fast,master,fftw/fn_12.c,.c,324,{},fftw-int.h;fftw.h,contains;fftw_no_twiddle_12,load;write,"/* | * Copyright (c) 1997-1999, 2003 Massachusetts Institute of Technology | * | * This program is free software; you can redistribute it and/or modify | * it under the terms of the GNU General Public License as published by",data/github_cache/akinori-ito__peaqb-fast/fc613b4dfd67/content/fftw/fn_12.c
akinori-ito/peaqb-fast,master,fftw/fn_13.c,.c,546,{},fftw-int.h;fftw.h,contains;fftw_no_twiddle_13,load;write,"/* | * Copyright (c) 1997-1999, 2003 Massachusetts Institute of Technology | * | * This program is free software; you can redistribute it and/or modify | * it under the terms of the GNU General Public License as published by",data/github_cache/akinori-ito__peaqb-fast/fc613b4dfd67/content/fftw/fn_13.c
akinori-ito/peaqb-fast,master,fftw/fn_14.c,.c,409,{},fftw-int.h;fftw.h,contains;fftw_no_twiddle_14,load;write,"/* | * Copyright (c) 1997-1999, 2003 Massachusetts Institute of Technology | * | * This program is free software; you can redistribute it and/or modify | * it under the terms of the GNU General Public License as published by",data/github_cache/akinori-ito__peaqb-fast/fc613b4dfd67/content/fftw/fn_14.c
akinori-ito/peaqb-fast,master,fftw/fn_15.c,.c,452,{},fftw-int.h;fftw.h,contains;fftw_no_twiddle_15,load;write,"/* | * Copyright (c) 1997-1999, 2003 Massachusetts Institute of Technology | * | * This program is free software; you can redistribute it and/or modify | * it under the terms of the GNU General Public License as published by",data/github_cache/akinori-ito__peaqb-fast/fc613b4dfd67/content/fftw/fn_15.c
akinori-ito/peaqb-fast,master,fftw/fn_16.c,.c,442,{},fftw-int.h;fftw.h,contains;fftw_no_twiddle_16,load;write,"/* | * Copyright (c) 1997-1999, 2003 Massachusetts Institute of Technology | * | * This program is free software; you can redistribute it and/or modify | * it under the terms of the GNU General Public License as published by",data/github_cache/akinori-ito__peaqb-fast/fc613b4dfd67/content/fftw/fn_16.c
akinori-ito/peaqb-fast,master,fftw/fn_2.c,.c,68,{},fftw-int.h;fftw.h,contains;fftw_no_twiddle_2,load;write,"/* | * Copyright (c) 1997-1999, 2003 Massachusetts Institute of Technology | * | * This program is free software; you can redistribute it and/or modify | * it under the terms of the GNU General Public License as published by",data/github_cache/akinori-ito__peaqb-fast/fc613b4dfd67/content/fftw/fn_2.c
akinori-ito/peaqb-fast,master,fftw/fn_3.c,.c,93,{},fftw-int.h;fftw.h,contains;fftw_no_twiddle_3,load;write,"/* | * Copyright (c) 1997-1999, 2003 Massachusetts Institute of Technology | * | * This program is free software; you can redistribute it and/or modify | * it under the terms of the GNU General Public License as published by",data/github_cache/akinori-ito__peaqb-fast/fc613b4dfd67/content/fftw/fn_3.c
akinori-ito/peaqb-fast,master,fftw/fn_32.c,.c,1049,{},fftw-int.h;fftw.h,contains;fftw_no_twiddle_32,load;write,"/* | * Copyright (c) 1997-1999, 2003 Massachusetts Institute of Technology | * | * This program is free software; you can redistribute it and/or modify | * it under the terms of the GNU General Public License as published by",data/github_cache/akinori-ito__peaqb-fast/fc613b4dfd67/content/fftw/fn_32.c
akinori-ito/peaqb-fast,master,fftw/fn_4.c,.c,102,{},fftw-int.h;fftw.h,contains;fftw_no_twiddle_4,load;write,"/* | * Copyright (c) 1997-1999, 2003 Massachusetts Institute of Technology | * | * This program is free software; you can redistribute it and/or modify | * it under the terms of the GNU General Public License as published by",data/github_cache/akinori-ito__peaqb-fast/fc613b4dfd67/content/fftw/fn_4.c
akinori-ito/peaqb-fast,master,fftw/fn_5.c,.c,150,{},fftw-int.h;fftw.h,contains;fftw_no_twiddle_5,load;write,"/* | * Copyright (c) 1997-1999, 2003 Massachusetts Institute of Technology | * | * This program is free software; you can redistribute it and/or modify | * it under the terms of the GNU General Public License as published by",data/github_cache/akinori-ito__peaqb-fast/fc613b4dfd67/content/fftw/fn_5.c
akinori-ito/peaqb-fast,master,fftw/fn_6.c,.c,159,{},fftw-int.h;fftw.h,contains;fftw_no_twiddle_6,load;write,"/* | * Copyright (c) 1997-1999, 2003 Massachusetts Institute of Technology | * | * This program is free software; you can redistribute it and/or modify | * it under the terms of the GNU General Public License as published by",data/github_cache/akinori-ito__peaqb-fast/fc613b4dfd67/content/fftw/fn_6.c
akinori-ito/peaqb-fast,master,fftw/fn_64.c,.c,2464,{},fftw-int.h;fftw.h,contains;fftw_no_twiddle_64,load;write,"/* | * Copyright (c) 1997-1999, 2003 Massachusetts Institute of Technology | * | * This program is free software; you can redistribute it and/or modify | * it under the terms of the GNU General Public License as published by",data/github_cache/akinori-ito__peaqb-fast/fc613b4dfd67/content/fftw/fn_64.c
akinori-ito/peaqb-fast,master,fftw/fn_7.c,.c,200,{},fftw-int.h;fftw.h,contains;fftw_no_twiddle_7,load;write,"/* | * Copyright (c) 1997-1999, 2003 Massachusetts Institute of Technology | * | * This program is free software; you can redistribute it and/or modify | * it under the terms of the GNU General Public License as published by",data/github_cache/akinori-ito__peaqb-fast/fc613b4dfd67/content/fftw/fn_7.c
akinori-ito/peaqb-fast,master,fftw/fn_8.c,.c,202,{},fftw-int.h;fftw.h,contains;fftw_no_twiddle_8,load;write,"/* | * Copyright (c) 1997-1999, 2003 Massachusetts Institute of Technology | * | * This program is free software; you can redistribute it and/or modify | * it under the terms of the GNU General Public License as published by",data/github_cache/akinori-ito__peaqb-fast/fc613b4dfd67/content/fftw/fn_8.c
akinori-ito/peaqb-fast,master,fftw/fn_9.c,.c,283,{},fftw-int.h;fftw.h,contains;fftw_no_twiddle_9,load;write,"/* | * Copyright (c) 1997-1999, 2003 Massachusetts Institute of Technology | * | * This program is free software; you can redistribute it and/or modify | * it under the terms of the GNU General Public License as published by",data/github_cache/akinori-ito__peaqb-fast/fc613b4dfd67/content/fftw/fn_9.c
akinori-ito/peaqb-fast,master,fftw/fni_1.c,.c,62,{},fftw-int.h;fftw.h,contains;fftwi_no_twiddle_1,load;write,"/* | * Copyright (c) 1997-1999, 2003 Massachusetts Institute of Technology | * | * This program is free software; you can redistribute it and/or modify | * it under the terms of the GNU General Public License as published by",data/github_cache/akinori-ito__peaqb-fast/fc613b4dfd67/content/fftw/fni_1.c
akinori-ito/peaqb-fast,master,fftw/fni_10.c,.c,285,{},fftw-int.h;fftw.h,contains;fftwi_no_twiddle_10,load;write,"/* | * Copyright (c) 1997-1999, 2003 Massachusetts Institute of Technology | * | * This program is free software; you can redistribute it and/or modify | * it under the terms of the GNU General Public License as published by",data/github_cache/akinori-ito__peaqb-fast/fc613b4dfd67/content/fftw/fni_10.c
akinori-ito/peaqb-fast,master,fftw/fni_11.c,.c,312,{},fftw-int.h;fftw.h,contains;fftwi_no_twiddle_11,load;write,"/* | * Copyright (c) 1997-1999, 2003 Massachusetts Institute of Technology | * | * This program is free software; you can redistribute it and/or modify | * it under the terms of the GNU General Public License as published by",data/github_cache/akinori-ito__peaqb-fast/fc613b4dfd67/content/fftw/fni_11.c
akinori-ito/peaqb-fast,master,fftw/fni_12.c,.c,324,{},fftw-int.h;fftw.h,contains;fftwi_no_twiddle_12,load;write,"/* | * Copyright (c) 1997-1999, 2003 Massachusetts Institute of Technology | * | * This program is free software; you can redistribute it and/or modify | * it under the terms of the GNU General Public License as published by",data/github_cache/akinori-ito__peaqb-fast/fc613b4dfd67/content/fftw/fni_12.c
akinori-ito/peaqb-fast,master,fftw/fni_13.c,.c,546,{},fftw-int.h;fftw.h,contains;fftwi_no_twiddle_13,load;write,"/* | * Copyright (c) 1997-1999, 2003 Massachusetts Institute of Technology | * | * This program is free software; you can redistribute it and/or modify | * it under the terms of the GNU General Public License as published by",data/github_cache/akinori-ito__peaqb-fast/fc613b4dfd67/content/fftw/fni_13.c
akinori-ito/peaqb-fast,master,fftw/fni_14.c,.c,409,{},fftw-int.h;fftw.h,contains;fftwi_no_twiddle_14,load;write,"/* | * Copyright (c) 1997-1999, 2003 Massachusetts Institute of Technology | * | * This program is free software; you can redistribute it and/or modify | * it under the terms of the GNU General Public License as published by",data/github_cache/akinori-ito__peaqb-fast/fc613b4dfd67/content/fftw/fni_14.c
akinori-ito/peaqb-fast,master,fftw/fni_15.c,.c,452,{},fftw-int.h;fftw.h,contains;fftwi_no_twiddle_15,load;write,"/* | * Copyright (c) 1997-1999, 2003 Massachusetts Institute of Technology | * | * This program is free software; you can redistribute it and/or modify | * it under the terms of the GNU General Public License as published by",data/github_cache/akinori-ito__peaqb-fast/fc613b4dfd67/content/fftw/fni_15.c
akinori-ito/peaqb-fast,master,fftw/fni_16.c,.c,442,{},fftw-int.h;fftw.h,contains;fftwi_no_twiddle_16,load;write,"/* | * Copyright (c) 1997-1999, 2003 Massachusetts Institute of Technology | * | * This program is free software; you can redistribute it and/or modify | * it under the terms of the GNU General Public License as published by",data/github_cache/akinori-ito__peaqb-fast/fc613b4dfd67/content/fftw/fni_16.c
akinori-ito/peaqb-fast,master,fftw/fni_2.c,.c,68,{},fftw-int.h;fftw.h,contains;fftwi_no_twiddle_2,load;write,"/* | * Copyright (c) 1997-1999, 2003 Massachusetts Institute of Technology | * | * This program is free software; you can redistribute it and/or modify | * it under the terms of the GNU General Public License as published by",data/github_cache/akinori-ito__peaqb-fast/fc613b4dfd67/content/fftw/fni_2.c
akinori-ito/peaqb-fast,master,fftw/fni_3.c,.c,93,{},fftw-int.h;fftw.h,contains;fftwi_no_twiddle_3,load;write,"/* | * Copyright (c) 1997-1999, 2003 Massachusetts Institute of Technology | * | * This program is free software; you can redistribute it and/or modify | * it under the terms of the GNU General Public License as published by",data/github_cache/akinori-ito__peaqb-fast/fc613b4dfd67/content/fftw/fni_3.c
akinori-ito/peaqb-fast,master,fftw/fni_32.c,.c,1049,{},fftw-int.h;fftw.h,contains;fftwi_no_twiddle_32,load;write,"/* | * Copyright (c) 1997-1999, 2003 Massachusetts Institute of Technology | * | * This program is free software; you can redistribute it and/or modify | * it under the terms of the GNU General Public License as published by",data/github_cache/akinori-ito__peaqb-fast/fc613b4dfd67/content/fftw/fni_32.c
akinori-ito/peaqb-fast,master,fftw/fni_4.c,.c,102,{},fftw-int.h;fftw.h,contains;fftwi_no_twiddle_4,load;write,"/* | * Copyright (c) 1997-1999, 2003 Massachusetts Institute of Technology | * | * This program is free software; you can redistribute it and/or modify | * it under the terms of the GNU General Public License as published by",data/github_cache/akinori-ito__peaqb-fast/fc613b4dfd67/content/fftw/fni_4.c
akinori-ito/peaqb-fast,master,fftw/fni_5.c,.c,150,{},fftw-int.h;fftw.h,contains;fftwi_no_twiddle_5,load;write,"/* | * Copyright (c) 1997-1999, 2003 Massachusetts Institute of Technology | * | * This program is free software; you can redistribute it and/or modify | * it under the terms of the GNU General Public License as published by",data/github_cache/akinori-ito__peaqb-fast/fc613b4dfd67/content/fftw/fni_5.c
akinori-ito/peaqb-fast,master,fftw/fni_6.c,.c,159,{},fftw-int.h;fftw.h,contains;fftwi_no_twiddle_6,load;write,"/* | * Copyright (c) 1997-1999, 2003 Massachusetts Institute of Technology | * | * This program is free software; you can redistribute it and/or modify | * it under the terms of the GNU General Public License as published by",data/github_cache/akinori-ito__peaqb-fast/fc613b4dfd67/content/fftw/fni_6.c
akinori-ito/peaqb-fast,master,fftw/fni_64.c,.c,2464,{},fftw-int.h;fftw.h,contains;fftwi_no_twiddle_64,load;write,"/* | * Copyright (c) 1997-1999, 2003 Massachusetts Institute of Technology | * | * This program is free software; you can redistribute it and/or modify | * it under the terms of the GNU General Public License as published by",data/github_cache/akinori-ito__peaqb-fast/fc613b4dfd67/content/fftw/fni_64.c
akinori-ito/peaqb-fast,master,fftw/fni_7.c,.c,200,{},fftw-int.h;fftw.h,contains;fftwi_no_twiddle_7,load;write,"/* | * Copyright (c) 1997-1999, 2003 Massachusetts Institute of Technology | * | * This program is free software; you can redistribute it and/or modify | * it under the terms of the GNU General Public License as published by",data/github_cache/akinori-ito__peaqb-fast/fc613b4dfd67/content/fftw/fni_7.c
akinori-ito/peaqb-fast,master,fftw/fni_8.c,.c,202,{},fftw-int.h;fftw.h,contains;fftwi_no_twiddle_8,load;write,"/* | * Copyright (c) 1997-1999, 2003 Massachusetts Institute of Technology | * | * This program is free software; you can redistribute it and/or modify | * it under the terms of the GNU General Public License as published by",data/github_cache/akinori-ito__peaqb-fast/fc613b4dfd67/content/fftw/fni_8.c
akinori-ito/peaqb-fast,master,fftw/fni_9.c,.c,283,{},fftw-int.h;fftw.h,contains;fftwi_no_twiddle_9,load;write,"/* | * Copyright (c) 1997-1999, 2003 Massachusetts Institute of Technology | * | * This program is free software; you can redistribute it and/or modify | * it under the terms of the GNU General Public License as published by",data/github_cache/akinori-ito__peaqb-fast/fc613b4dfd67/content/fftw/fni_9.c
akinori-ito/peaqb-fast,master,fftw/ftw_10.c,.c,378,{},fftw-int.h;fftw.h,contains;fftw_twiddle_10,load;write,"/* | * Copyright (c) 1997-1999, 2003 Massachusetts Institute of Technology | * | * This program is free software; you can redistribute it and/or modify | * it under the terms of the GNU General Public License as published by",data/github_cache/akinori-ito__peaqb-fast/fc613b4dfd67/content/fftw/ftw_10.c
akinori-ito/peaqb-fast,master,fftw/ftw_16.c,.c,614,{},fftw-int.h;fftw.h,contains;fftw_twiddle_16,load;write,"/* | * Copyright (c) 1997-1999, 2003 Massachusetts Institute of Technology | * | * This program is free software; you can redistribute it and/or modify | * it under the terms of the GNU General Public License as published by",data/github_cache/akinori-ito__peaqb-fast/fc613b4dfd67/content/fftw/ftw_16.c
akinori-ito/peaqb-fast,master,fftw/ftw_2.c,.c,85,{},fftw-int.h;fftw.h,contains;fftw_twiddle_2,load;write,"/* | * Copyright (c) 1997-1999, 2003 Massachusetts Institute of Technology | * | * This program is free software; you can redistribute it and/or modify | * it under the terms of the GNU General Public License as published by",data/github_cache/akinori-ito__peaqb-fast/fc613b4dfd67/content/fftw/ftw_2.c
akinori-ito/peaqb-fast,master,fftw/ftw_3.c,.c,121,{},fftw-int.h;fftw.h,contains;fftw_twiddle_3,load;write,"/* | * Copyright (c) 1997-1999, 2003 Massachusetts Institute of Technology | * | * This program is free software; you can redistribute it and/or modify | * it under the terms of the GNU General Public License as published by",data/github_cache/akinori-ito__peaqb-fast/fc613b4dfd67/content/fftw/ftw_3.c
akinori-ito/peaqb-fast,master,fftw/ftw_32.c,.c,1398,{},fftw-int.h;fftw.h,contains;fftw_twiddle_32,load;write,"/* | * Copyright (c) 1997-1999, 2003 Massachusetts Institute of Technology | * | * This program is free software; you can redistribute it and/or modify | * it under the terms of the GNU General Public License as published by",data/github_cache/akinori-ito__peaqb-fast/fc613b4dfd67/content/fftw/ftw_32.c
akinori-ito/peaqb-fast,master,fftw/ftw_4.c,.c,141,{},fftw-int.h;fftw.h,contains;fftw_twiddle_4,load;write,"/* | * Copyright (c) 1997-1999, 2003 Massachusetts Institute of Technology | * | * This program is free software; you can redistribute it and/or modify | * it under the terms of the GNU General Public License as published by",data/github_cache/akinori-ito__peaqb-fast/fc613b4dfd67/content/fftw/ftw_4.c
akinori-ito/peaqb-fast,master,fftw/ftw_5.c,.c,197,{},fftw-int.h;fftw.h,contains;fftw_twiddle_5,load;write,"/* | * Copyright (c) 1997-1999, 2003 Massachusetts Institute of Technology | * | * This program is free software; you can redistribute it and/or modify | * it under the terms of the GNU General Public License as published by",data/github_cache/akinori-ito__peaqb-fast/fc613b4dfd67/content/fftw/ftw_5.c
akinori-ito/peaqb-fast,master,fftw/ftw_6.c,.c,220,{},fftw-int.h;fftw.h,contains;fftw_twiddle_6,load;write,"/* | * Copyright (c) 1997-1999, 2003 Massachusetts Institute of Technology | * | * This program is free software; you can redistribute it and/or modify | * it under the terms of the GNU General Public License as published by",data/github_cache/akinori-ito__peaqb-fast/fc613b4dfd67/content/fftw/ftw_6.c
akinori-ito/peaqb-fast,master,fftw/ftw_64.c,.c,3203,{},fftw-int.h;fftw.h,contains;fftw_twiddle_64,load;write,"/* | * Copyright (c) 1997-1999, 2003 Massachusetts Institute of Technology | * | * This program is free software; you can redistribute it and/or modify | * it under the terms of the GNU General Public License as published by",data/github_cache/akinori-ito__peaqb-fast/fc613b4dfd67/content/fftw/ftw_64.c
akinori-ito/peaqb-fast,master,fftw/ftw_7.c,.c,272,{},fftw-int.h;fftw.h,contains;fftw_twiddle_7,load;write,"/* | * Copyright (c) 1997-1999, 2003 Massachusetts Institute of Technology | * | * This program is free software; you can redistribute it and/or modify | * it under the terms of the GNU General Public License as published by",data/github_cache/akinori-ito__peaqb-fast/fc613b4dfd67/content/fftw/ftw_7.c
akinori-ito/peaqb-fast,master,fftw/ftw_8.c,.c,285,{},fftw-int.h;fftw.h,contains;fftw_twiddle_8,load;write,"/* | * Copyright (c) 1997-1999, 2003 Massachusetts Institute of Technology | * | * This program is free software; you can redistribute it and/or modify | * it under the terms of the GNU General Public License as published by",data/github_cache/akinori-ito__peaqb-fast/fc613b4dfd67/content/fftw/ftw_8.c
akinori-ito/peaqb-fast,master,fftw/ftw_9.c,.c,377,{},fftw-int.h;fftw.h,contains;fftw_twiddle_9,load;write,"/* | * Copyright (c) 1997-1999, 2003 Massachusetts Institute of Technology | * | * This program is free software; you can redistribute it and/or modify | * it under the terms of the GNU General Public License as published by",data/github_cache/akinori-ito__peaqb-fast/fc613b4dfd67/content/fftw/ftw_9.c
akinori-ito/peaqb-fast,master,fftw/ftwi_10.c,.c,378,{},fftw-int.h;fftw.h,contains;fftwi_twiddle_10,load;write,"/* | * Copyright (c) 1997-1999, 2003 Massachusetts Institute of Technology | * | * This program is free software; you can redistribute it and/or modify | * it under the terms of the GNU General Public License as published by",data/github_cache/akinori-ito__peaqb-fast/fc613b4dfd67/content/fftw/ftwi_10.c
akinori-ito/peaqb-fast,master,fftw/ftwi_16.c,.c,614,{},fftw-int.h;fftw.h,contains;fftwi_twiddle_16,load;write,"/* | * Copyright (c) 1997-1999, 2003 Massachusetts Institute of Technology | * | * This program is free software; you can redistribute it and/or modify | * it under the terms of the GNU General Public License as published by",data/github_cache/akinori-ito__peaqb-fast/fc613b4dfd67/content/fftw/ftwi_16.c
akinori-ito/peaqb-fast,master,fftw/ftwi_2.c,.c,85,{},fftw-int.h;fftw.h,contains;fftwi_twiddle_2,load;write,"/* | * Copyright (c) 1997-1999, 2003 Massachusetts Institute of Technology | * | * This program is free software; you can redistribute it and/or modify | * it under the terms of the GNU General Public License as published by",data/github_cache/akinori-ito__peaqb-fast/fc613b4dfd67/content/fftw/ftwi_2.c
akinori-ito/peaqb-fast,master,fftw/ftwi_3.c,.c,121,{},fftw-int.h;fftw.h,contains;fftwi_twiddle_3,load;write,"/* | * Copyright (c) 1997-1999, 2003 Massachusetts Institute of Technology | * | * This program is free software; you can redistribute it and/or modify | * it under the terms of the GNU General Public License as published by",data/github_cache/akinori-ito__peaqb-fast/fc613b4dfd67/content/fftw/ftwi_3.c
akinori-ito/peaqb-fast,master,fftw/ftwi_32.c,.c,1398,{},fftw-int.h;fftw.h,contains;fftwi_twiddle_32,load;write,"/* | * Copyright (c) 1997-1999, 2003 Massachusetts Institute of Technology | * | * This program is free software; you can redistribute it and/or modify | * it under the terms of the GNU General Public License as published by",data/github_cache/akinori-ito__peaqb-fast/fc613b4dfd67/content/fftw/ftwi_32.c
akinori-ito/peaqb-fast,master,fftw/ftwi_4.c,.c,141,{},fftw-int.h;fftw.h,contains;fftwi_twiddle_4,load;write,"/* | * Copyright (c) 1997-1999, 2003 Massachusetts Institute of Technology | * | * This program is free software; you can redistribute it and/or modify | * it under the terms of the GNU General Public License as published by",data/github_cache/akinori-ito__peaqb-fast/fc613b4dfd67/content/fftw/ftwi_4.c
akinori-ito/peaqb-fast,master,fftw/ftwi_5.c,.c,197,{},fftw-int.h;fftw.h,contains;fftwi_twiddle_5,load;write,"/* | * Copyright (c) 1997-1999, 2003 Massachusetts Institute of Technology | * | * This program is free software; you can redistribute it and/or modify | * it under the terms of the GNU General Public License as published by",data/github_cache/akinori-ito__peaqb-fast/fc613b4dfd67/content/fftw/ftwi_5.c
akinori-ito/peaqb-fast,master,fftw/ftwi_6.c,.c,220,{},fftw-int.h;fftw.h,contains;fftwi_twiddle_6,load;write,"/* | * Copyright (c) 1997-1999, 2003 Massachusetts Institute of Technology | * | * This program is free software; you can redistribute it and/or modify | * it under the terms of the GNU General Public License as published by",data/github_cache/akinori-ito__peaqb-fast/fc613b4dfd67/content/fftw/ftwi_6.c
akinori-ito/peaqb-fast,master,fftw/ftwi_64.c,.c,3207,{},fftw-int.h;fftw.h,contains;fftwi_twiddle_64,load;write,"/* | * Copyright (c) 1997-1999, 2003 Massachusetts Institute of Technology | * | * This program is free software; you can redistribute it and/or modify | * it under the terms of the GNU General Public License as published by",data/github_cache/akinori-ito__peaqb-fast/fc613b4dfd67/content/fftw/ftwi_64.c
akinori-ito/peaqb-fast,master,fftw/ftwi_7.c,.c,272,{},fftw-int.h;fftw.h,contains;fftwi_twiddle_7,load;write,"/* | * Copyright (c) 1997-1999, 2003 Massachusetts Institute of Technology | * | * This program is free software; you can redistribute it and/or modify | * it under the terms of the GNU General Public License as published by",data/github_cache/akinori-ito__peaqb-fast/fc613b4dfd67/content/fftw/ftwi_7.c
akinori-ito/peaqb-fast,master,fftw/ftwi_8.c,.c,285,{},fftw-int.h;fftw.h,contains;fftwi_twiddle_8,load;write,"/* | * Copyright (c) 1997-1999, 2003 Massachusetts Institute of Technology | * | * This program is free software; you can redistribute it and/or modify | * it under the terms of the GNU General Public License as published by",data/github_cache/akinori-ito__peaqb-fast/fc613b4dfd67/content/fftw/ftwi_8.c
akinori-ito/peaqb-fast,master,fftw/ftwi_9.c,.c,377,{},fftw-int.h;fftw.h,contains;fftwi_twiddle_9,load;write,"/* | * Copyright (c) 1997-1999, 2003 Massachusetts Institute of Technology | * | * This program is free software; you can redistribute it and/or modify | * it under the terms of the GNU General Public License as published by",data/github_cache/akinori-ito__peaqb-fast/fc613b4dfd67/content/fftw/ftwi_9.c
akinori-ito/peaqb-fast,master,fftw/generic.c,.c,102,{},fftw-int.h;stdlib.h,fftw_twiddle_generic;fftwi_twiddle_generic,write,"/* | * Copyright (c) 1997-1999, 2003 Massachusetts Institute of Technology | * | * This program is free software; you can redistribute it and/or modify | * it under the terms of the GNU General Public License as published by",data/github_cache/akinori-ito__peaqb-fast/fc613b4dfd67/content/fftw/generic.c
akinori-ito/peaqb-fast,master,fftw/malloc.c,.c,240,{},fftw-int.h;malloc.h;stdio.h;stdlib.h,fftw_check_memory_leaks;fftw_die;fftw_free;fftw_print_max_memory_usage,write,"/* | * Copyright (c) 1997-1999, 2003 Massachusetts Institute of Technology | * | * This program is free software; you can redistribute it and/or modify | * it under the terms of the GNU General Public License as published by",data/github_cache/akinori-ito__peaqb-fast/fc613b4dfd67/content/fftw/malloc.c
akinori-ito/peaqb-fast,master,fftw/planner.c,.c,475,{},fftw-int.h;stdio.h;stdlib.h,compute_cost;fftw_create_plan;fftw_create_plan_specific;fftw_destroy_plan;fftw_measure_runtime;init_test_array;planner;planner_normal;planner_wisdom;run_plan_hooks,write,"/* | * Copyright (c) 1997-1999, 2003 Massachusetts Institute of Technology | * | * This program is free software; you can redistribute it and/or modify | * it under the terms of the GNU General Public License as published by",data/github_cache/akinori-ito__peaqb-fast/fc613b4dfd67/content/fftw/planner.c
akinori-ito/peaqb-fast,master,fftw/putils.c,.c,555,{},fftw-int.h;stdio.h;stdlib.h,destroy_tree;fftw_complete_twiddle;fftw_destroy_plan_internal;fftw_destroy_rader;fftw_destroy_table;fftw_estimate_node;fftw_factor;fftw_fprint_plan;fftw_insert;fftw_lookup;fftw_make_empty_table;fftw_make_plan;fftw_pick_better;fftw_print_plan;fftw_sizeof_fftw_real;fftw_use_node;fftw_use_plan;print_node,write,"/* | * Copyright (c) 1997-1999, 2003 Massachusetts Institute of Technology | * | * This program is free software; you can redistribute it and/or modify | * it under the terms of the GNU General Public License as published by",data/github_cache/akinori-ito__peaqb-fast/fc613b4dfd67/content/fftw/putils.c
akinori-ito/peaqb-fast,master,fftw/rader.c,.c,365,{},fftw-int.h;math.h;stdlib.h,fftw_twiddle_rader;fftwi_twiddle_rader;find_generator;must;period;power_mod;rather,write,"/* | * Copyright (c) 1997-1999, 2003 Massachusetts Institute of Technology | * | * This program is free software; you can redistribute it and/or modify | * it under the terms of the GNU General Public License as published by",data/github_cache/akinori-ito__peaqb-fast/fc613b4dfd67/content/fftw/rader.c
akinori-ito/peaqb-fast,master,fftw/timer.c,.c,164,"{""processing"": 1}",Timer.h;fftw-int.h;math.h;stdlib.h;time.h;windows.h,GetPerfSec;GetPerfTime;fftw_gettimeofday_get_time;fftw_gettimeofday_time_diff;fftw_time_diff;get_Mac_microseconds;takes,normalize;write,"/* | * Copyright (c) 1997-1999, 2003 Massachusetts Institute of Technology | * | * This program is free software; you can redistribute it and/or modify | * it under the terms of the GNU General Public License as published by",data/github_cache/akinori-ito__peaqb-fast/fc613b4dfd67/content/fftw/timer.c
akinori-ito/peaqb-fast,master,fftw/twiddle.c,.c,218,{},fftw-int.h;limits.h;math.h;stdlib.h,compatible;fftw_destroy_twiddle;fftw_safe_mulmod,write,"/* | * Copyright (c) 1997-1999, 2003 Massachusetts Institute of Technology | * | * This program is free software; you can redistribute it and/or modify | * it under the terms of the GNU General Public License as published by",data/github_cache/akinori-ito__peaqb-fast/fc613b4dfd67/content/fftw/twiddle.c
akinori-ito/peaqb-fast,master,fftw/wisdom.c,.c,317,{},ctype.h;fftw-int.h;stdio.h;stdlib.h,eat_blanks;emit_int;emit_string;fftw_export_wisdom;fftw_forget_wisdom;fftw_import_wisdom;fftw_wisdom_add;fftw_wisdom_lookup;int;read_char;read_int;void,read;write,"/* | * Copyright (c) 1997-1999, 2003 Massachusetts Institute of Technology | * | * This program is free software; you can redistribute it and/or modify | * it under the terms of the GNU General Public License as published by",data/github_cache/akinori-ito__peaqb-fast/fc613b4dfd67/content/fftw/wisdom.c
akinori-ito/peaqb-fast,master,fftw/wisdomio.c,.c,104,{},fftw-int.h;stdio.h;stdlib.h,emission_counter;fftw_export_wisdom_to_file;fftw_import_wisdom_from_file;fftw_import_wisdom_from_string;file_emitter;file_get_input;string_emitter;string_get_input,export;write,"/* | * Copyright (c) 1997-1999, 2003 Massachusetts Institute of Technology | * | * This program is free software; you can redistribute it and/or modify | * it under the terms of the GNU General Public License as published by",data/github_cache/akinori-ito__peaqb-fast/fc613b4dfd67/content/fftw/wisdomio.c
akinori-ito/peaqb-fast,master,ltmain.sh,.sh,5062,"{""processing"": 1}",$dir,,read;collect;clean;process;transform;parse;extract;export;save;write,"# ltmain.sh - Provide generalized library-building support services. | # NOTE: Changing this file will not affect anything until you rerun configure. | # | # Copyright (C) 1996, 1997, 1998, 1999, 2000, 2001 | # Free Software Foundation, Inc.",data/github_cache/akinori-ito__peaqb-fast/fc613b4dfd67/content/ltmain.sh
akinori-ito/peaqb-fast,master,mpi/fftw_f77_mpi.c,.c,130,{},fftw_f77_mpi.h,F77_FUNC_;fftw_reverse_int_array,write,"/* | * Copyright (c) 1997-1999, 2003 Massachusetts Institute of Technology | * | * This program is free software; you can redistribute it and/or modify | * it under the terms of the GNU General Public License as published by",data/github_cache/akinori-ito__peaqb-fast/fc613b4dfd67/content/mpi/fftw_f77_mpi.c
akinori-ito/peaqb-fast,master,mpi/fftw_f77_mpi.h,.h,65,{},fftw-int.h;fftw_mpi.h,is,write,"/* | * Copyright (c) 1997-1999, 2003 Massachusetts Institute of Technology | * | * This program is free software; you can redistribute it and/or modify | * it under the terms of the GNU General Public License as published by",data/github_cache/akinori-ito__peaqb-fast/fc613b4dfd67/content/mpi/fftw_f77_mpi.h
akinori-ito/peaqb-fast,master,mpi/fftw_mpi.c,.c,414,"{""processing"": 1}",fftw-int.h;fftw_mpi.h;math.h;stdio.h,fftw_mpi;fftw_mpi_create_plan;fftw_mpi_destroy_plan;fftw_mpi_destroy_twiddle;fftw_mpi_fprint_plan;fftw_mpi_local_sizes;fftw_mpi_mult_twiddles;fftw_mpi_print_plan;find_best_r;find_sqrt_factor,load;transform;write,"/* | * Copyright (c) 1997-1999, 2003 Massachusetts Institute of Technology | * | * This program is free software; you can redistribute it and/or modify | * it under the terms of the GNU General Public License as published by",data/github_cache/akinori-ito__peaqb-fast/fc613b4dfd67/content/mpi/fftw_mpi.c
akinori-ito/peaqb-fast,master,mpi/fftw_mpi.h,.h,187,{},fftw.h;mpi.h,fftw2d_mpi_create_plan;fftw3d_mpi_create_plan;fftw_mpi;fftw_mpi_create_plan;fftw_mpi_destroy_plan;fftw_mpi_die;fftw_mpi_local_sizes;fftw_mpi_print_plan;fftwnd_mpi;fftwnd_mpi_create_plan;fftwnd_mpi_destroy_plan;fftwnd_mpi_local_sizes;transpose_finish_exchange_step;transpose_get_send_block;transpose_in_place_local;transpose_mpi;transpose_mpi_create_plan;transpose_mpi_destroy_plan;transpose_mpi_get_local_size;transpose_mpi_get_local_storage_size;transpose_start_exchange_step,write,"/* | * Copyright (c) 1997-1999, 2003 Massachusetts Institute of Technology | * | * This program is free software; you can redistribute it and/or modify | * it under the terms of the GNU General Public License as published by",data/github_cache/akinori-ito__peaqb-fast/fc613b4dfd67/content/mpi/fftw_mpi.h
akinori-ito/peaqb-fast,master,mpi/fftwnd_mpi.c,.c,218,"{""processing"": 1}",fftw_mpi.h;mpi.h;stdlib.h,fftw2d_mpi_create_plan;fftw3d_mpi_create_plan;fftw_mpi_die;fftwnd_mpi;fftwnd_mpi_create_plan;fftwnd_mpi_destroy_plan;fftwnd_mpi_local_sizes,process;transform;write,"/* | * Copyright (c) 1997-1999, 2003 Massachusetts Institute of Technology | * | * This program is free software; you can redistribute it and/or modify | * it under the terms of the GNU General Public License as published by",data/github_cache/akinori-ito__peaqb-fast/fc613b4dfd67/content/mpi/fftwnd_mpi.c
akinori-ito/peaqb-fast,master,mpi/rfftw_f77_mpi.c,.c,98,{},fftw_f77_mpi.h;rfftw_mpi.h,F77_FUNC_;fftw_reverse_int_array,write,"/* | * Copyright (c) 1997-1999, 2003 Massachusetts Institute of Technology | * | * This program is free software; you can redistribute it and/or modify | * it under the terms of the GNU General Public License as published by",data/github_cache/akinori-ito__peaqb-fast/fc613b4dfd67/content/mpi/rfftw_f77_mpi.c
akinori-ito/peaqb-fast,master,mpi/rfftw_mpi.h,.h,72,{},fftw_mpi.h;rfftw.h,rfftw2d_mpi_create_plan;rfftw3d_mpi_create_plan;rfftwnd_mpi;rfftwnd_mpi_create_plan;rfftwnd_mpi_destroy_plan;rfftwnd_mpi_local_sizes,write,"/* | * Copyright (c) 1997-1999, 2003 Massachusetts Institute of Technology | * | * This program is free software; you can redistribute it and/or modify | * it under the terms of the GNU General Public License as published by",data/github_cache/akinori-ito__peaqb-fast/fc613b4dfd67/content/mpi/rfftw_mpi.h
akinori-ito/peaqb-fast,master,mpi/rfftwnd_mpi.c,.c,261,"{""processing"": 1}",rfftw_mpi.h,first_dim_aux;other_dims_aux;rfftw2d_mpi_create_plan;rfftw3d_mpi_create_plan;rfftwnd_mpi;rfftwnd_mpi_create_plan;rfftwnd_mpi_destroy_plan;rfftwnd_mpi_local_sizes,process;transform;write,"/* | * Copyright (c) 1997-1999, 2003 Massachusetts Institute of Technology | * | * This program is free software; you can redistribute it and/or modify | * it under the terms of the GNU General Public License as published by",data/github_cache/akinori-ito__peaqb-fast/fc613b4dfd67/content/mpi/rfftwnd_mpi.c
akinori-ito/peaqb-fast,master,mpi/sched.c,.c,417,{},fftw_mpi.h;sched.h;stdio.h;stdlib.h,add_dest_to_comm_schedule;add_pair_to_comm_schedule;check_comm_schedule;check_schedule_deadlock;comm_schedule_swap;empty_comm_schedule;fill_comm_schedule;free_comm_schedule;invert_comm_schedule;print_comm_schedule;sort_comm_schedule,write,"/* | * Copyright (c) 1997-1999, 2003 Massachusetts Institute of Technology | * | * This program is free software; you can redistribute it and/or modify | * it under the terms of the GNU General Public License as published by",data/github_cache/akinori-ito__peaqb-fast/fc613b4dfd67/content/mpi/sched.c
akinori-ito/peaqb-fast,master,mpi/sched.h,.h,40,{},,check_comm_schedule;empty_comm_schedule;fill_comm_schedule;free_comm_schedule;invert_comm_schedule;print_comm_schedule;sort_comm_schedule,write,"/* | * Copyright (c) 1997-1999, 2003 Massachusetts Institute of Technology | * | * This program is free software; you can redistribute it and/or modify | * it under the terms of the GNU General Public License as published by",data/github_cache/akinori-ito__peaqb-fast/fc613b4dfd67/content/mpi/sched.h
akinori-ito/peaqb-fast,master,mpi/TOMS_transpose.c,.c,321,{},TOMS_transpose.h;stdlib.h;string.h,TOMS_gcd;TOMS_transpose_2d;TOMS_transpose_2d_arbitrary,process;write,"/* | * Copyright (c) 1997-1999, 2003 Massachusetts Institute of Technology | * | * This program is free software; you can redistribute it and/or modify | * it under the terms of the GNU General Public License as published by",data/github_cache/akinori-ito__peaqb-fast/fc613b4dfd67/content/mpi/TOMS_transpose.c
akinori-ito/peaqb-fast,master,mpi/TOMS_transpose.h,.h,46,{},fftw_mpi.h,TOMS_transpose_2d;TOMS_transpose_2d_arbitrary,write,"/* | * Copyright (c) 1997-1999, 2003 Massachusetts Institute of Technology | * | * This program is free software; you can redistribute it and/or modify | * it under the terms of the GNU General Public License as published by",data/github_cache/akinori-ito__peaqb-fast/fc613b4dfd67/content/mpi/TOMS_transpose.h
akinori-ito/peaqb-fast,master,mpi/transpose_mpi.c,.c,643,{},TOMS_transpose.h;fftw_mpi.h;mpi.h;sched.h;stdlib.h;string.h,do_permutation;exchange_elements;gcd;local_transpose_copy;transpose_finish_exchange_step;transpose_get_send_block;transpose_in_place_local;transpose_mpi;transpose_mpi_create_plan;transpose_mpi_destroy_plan;transpose_mpi_get_block_size;transpose_mpi_get_local_size;transpose_mpi_get_local_storage_size;transpose_mpi_out_of_place;transpose_start_exchange_step,write,"/* | * Copyright (c) 1997-1999, 2003 Massachusetts Institute of Technology | * | * This program is free software; you can redistribute it and/or modify | * it under the terms of the GNU General Public License as published by",data/github_cache/akinori-ito__peaqb-fast/fc613b4dfd67/content/mpi/transpose_mpi.c
akinori-ito/peaqb-fast,master,threads/executor_threads.c,.c,566,{},fftw_threads-int.h;stdio.h;stdlib.h,executor_many_threads;executor_simple_inplace_threads;executor_simple_threads;fftw_executor_many_inplace_threads;fftw_threads;fftw_threads_one,write,"/* | * Copyright (c) 1997-1999, 2003 Massachusetts Institute of Technology | * | * This program is free software; you can redistribute it and/or modify | * it under the terms of the GNU General Public License as published by",data/github_cache/akinori-ito__peaqb-fast/fc613b4dfd67/content/threads/executor_threads.c
akinori-ito/peaqb-fast,master,threads/fftw_f77_threads.c,.c,72,{},config.h;fftw_threads.h,F77_FUNC_,write,"/* | * Copyright (c) 1997-1999, 2003 Massachusetts Institute of Technology | * | * This program is free software; you can redistribute it and/or modify | * it under the terms of the GNU General Public License as published by",data/github_cache/akinori-ito__peaqb-fast/fc613b4dfd67/content/threads/fftw_f77_threads.c
akinori-ito/peaqb-fast,master,threads/fftw_threads-int.h,.h,332,{},MP.h;OS.h;alloca.h;config.h;cthread.h;cthreads.h;fftw-int.h;fftw_threads.h;mach;pthread.h;thread.h;windows.h,fftw_executor_many_inplace_threads;fftw_thread_spawn_loop;for;in;pointer;prototypes;to,read;write,"/* | * Copyright (c) 1997-1999, 2003 Massachusetts Institute of Technology | * | * This program is free software; you can redistribute it and/or modify | * it under the terms of the GNU General Public License as published by",data/github_cache/akinori-ito__peaqb-fast/fc613b4dfd67/content/threads/fftw_threads-int.h
akinori-ito/peaqb-fast,master,threads/fftw_threads.c,.c,180,{},fftw_threads-int.h,fftw_thread_spawn_loop;fftw_threads_init;returns,write,"/* | * Copyright (c) 1997-1999, 2003 Massachusetts Institute of Technology | * | * This program is free software; you can redistribute it and/or modify | * it under the terms of the GNU General Public License as published by",data/github_cache/akinori-ito__peaqb-fast/fc613b4dfd67/content/threads/fftw_threads.c
akinori-ito/peaqb-fast,master,threads/fftw_threads.h,.h,52,{},fftw.h,fftw_threads;fftw_threads_init;fftw_threads_one;fftwnd_threads;fftwnd_threads_one,write,"/* | * Copyright (c) 1997-1999, 2003 Massachusetts Institute of Technology | * | * This program is free software; you can redistribute it and/or modify | * it under the terms of the GNU General Public License as published by",data/github_cache/akinori-ito__peaqb-fast/fc613b4dfd67/content/threads/fftw_threads.h
akinori-ito/peaqb-fast,master,threads/fftwnd_threads.c,.c,155,{},fftw_threads-int.h;fftw_threads.h;stdlib.h,fftwnd_aux_many_threads;fftwnd_threads;fftwnd_threads_aux;fftwnd_threads_one,process;write,"/* | * Copyright (c) 1997-1999, 2003 Massachusetts Institute of Technology | * | * This program is free software; you can redistribute it and/or modify | * it under the terms of the GNU General Public License as published by",data/github_cache/akinori-ito__peaqb-fast/fc613b4dfd67/content/threads/fftwnd_threads.c
akinori-ito/peaqb-fast,master,threads/rexec2_threads.c,.c,210,{},fftw_threads-int.h;rfftw_threads.h,rfftw_c2hc;rfftw_c2real_aux;rfftw_c2real_overlap_aux;rfftw_c2real_overlap_threads_aux;rfftw_c2real_threads_aux;rfftw_hc2c;rfftw_real2c_aux;rfftw_real2c_overlap_aux;rfftw_real2c_overlap_threads_aux;rfftw_real2c_threads_aux,write,"/* | * Copyright (c) 1997-1999, 2003 Massachusetts Institute of Technology | * | * This program is free software; you can redistribute it and/or modify | * it under the terms of the GNU General Public License as published by",data/github_cache/akinori-ito__peaqb-fast/fc613b4dfd67/content/threads/rexec2_threads.c
akinori-ito/peaqb-fast,master,threads/rexec_threads.c,.c,657,{},fftw_threads-int.h;rfftw_threads.h;stdio.h;stdlib.h,rexec_simple_threads;rexecutor_many_inplace_threads;rexecutor_many_threads;rexecutor_simple_inplace_threads;rfftw_strided_copy;rfftw_threads;rfftw_threads_one;spawn_h2hc_recurse_threads,write,"/* | * Copyright (c) 1997-1999, 2003 Massachusetts Institute of Technology | * | * This program is free software; you can redistribute it and/or modify | * it under the terms of the GNU General Public License as published by",data/github_cache/akinori-ito__peaqb-fast/fc613b4dfd67/content/threads/rexec_threads.c
akinori-ito/peaqb-fast,master,threads/rfftw_f77_threads.c,.c,82,{},config.h;rfftw_threads.h,F77_FUNC_,write,"/* | * Copyright (c) 1997-1999, 2003 Massachusetts Institute of Technology | * | * This program is free software; you can redistribute it and/or modify | * it under the terms of the GNU General Public License as published by",data/github_cache/akinori-ito__peaqb-fast/fc613b4dfd67/content/threads/rfftw_f77_threads.c
akinori-ito/peaqb-fast,master,threads/rfftw_threads.h,.h,61,{},fftw_threads.h;rfftw.h,rfftw_threads;rfftw_threads_one;rfftwnd_threads_complex_to_real;rfftwnd_threads_one_complex_to_real;rfftwnd_threads_one_real_to_complex;rfftwnd_threads_real_to_complex,write,"/* | * Copyright (c) 1997-1999, 2003 Massachusetts Institute of Technology | * | * This program is free software; you can redistribute it and/or modify | * it under the terms of the GNU General Public License as published by",data/github_cache/akinori-ito__peaqb-fast/fc613b4dfd67/content/threads/rfftw_threads.h
akinori-ito/peaqb-fast,master,threads/rfftwnd_threads.c,.c,743,{},fftw_threads-int.h;rfftw_threads.h,instead;rfftw_c2real_aux;rfftw_c2real_overlap_aux;rfftw_c2real_overlap_threads_aux;rfftw_c2real_threads_aux;rfftw_real2c_aux;rfftw_real2c_overlap_aux;rfftw_real2c_overlap_threads_aux;rfftw_real2c_threads_aux;rfftwnd_c2real_aux;rfftwnd_c2real_aux_howmany;rfftwnd_c2real_aux_howmany_threads;rfftwnd_c2real_threads_aux;rfftwnd_real2c_aux;rfftwnd_real2c_aux_howmany;rfftwnd_real2c_aux_howmany_threads;rfftwnd_real2c_threads_aux;rfftwnd_threads_complex_to_real;rfftwnd_threads_one_complex_to_real;rfftwnd_threads_one_real_to_complex;rfftwnd_threads_real_to_complex,process;write,"/* | * Copyright (c) 1997-1999, 2003 Massachusetts Institute of Technology | * | * This program is free software; you can redistribute it and/or modify | * it under the terms of the GNU General Public License as published by",data/github_cache/akinori-ito__peaqb-fast/fc613b4dfd67/content/threads/rfftwnd_threads.c
ancile-project/ancile,main,ancile/__init__.py,.py,0,{},,,,,data/github_cache/ancile-project__ancile/0d6e4079e367/content/ancile/__init__.py
ancile-project/ancile,main,ancile/core/__init__.py,.py,0,{},,,,,data/github_cache/ancile-project__ancile/0d6e4079e367/content/ancile/core/__init__.py
ancile-project/ancile,main,ancile/core/advanced/__init__.py,.py,0,{},,,,,data/github_cache/ancile-project__ancile/0d6e4079e367/content/ancile/core/advanced/__init__.py
ancile-project/ancile,main,ancile/core/advanced/caching.py,.py,22,{},RestrictedPython;ancile;config;dill;logging,retrieve_compiled,,from RestrictedPython import compile_restricted_exec | import dill | from ancile.utils.errors import AncileException | from config.loader import ENABLE_CACHE | import logging,data/github_cache/ancile-project__ancile/0d6e4079e367/content/ancile/core/advanced/caching.py
ancile-project/ancile,main,ancile/core/advanced/encryption.py,.py,44,{},cryptography;json;logging,_decrypt;encrypt;release_keys,,import json | from cryptography.fernet import Fernet | import logging | logger = logging.getLogger(__name__) | def encrypt(data_dict):,data/github_cache/ancile-project__ancile/0d6e4079e367/content/ancile/core/advanced/encryption.py
ancile-project/ancile,main,ancile/core/advanced/storage.py,.py,58,{},ancile;logging;pickle;uuid,Storage;__init__;_load;_store;_store_encrypted;del_key;gen_key,,from ancile.core.primitives import * | from ancile.utils.errors import AncileException | import pickle | from uuid import uuid4 | from ancile.core.advanced.encryption import encrypt,data/github_cache/ancile-project__ancile/0d6e4079e367/content/ancile/core/advanced/storage.py
ancile-project/ancile,main,ancile/core/context_building.py,.py,87,{},ancile;config;importlib;pkgutil;pprint;types,assemble_locals;encrypt;gen_module_namespace;load;new_collection;sample_dpp;store;user,load,from ancile.core.user_secrets import UserSecrets | from ancile.core.primitives.data_policy_pair import DataPolicyPair | from ancile.core.primitives.policy_helpers.private_data import PrivateData | from ancile.core.primitives.collection import Collection | import pprint,data/github_cache/ancile-project__ancile/0d6e4079e367/content/ancile/core/context_building.py
ancile-project/ancile,main,ancile/core/core.py,.py,48,{},RestrictedPython;ancile;collections;config;logging;redis;traceback,execute,,from ancile.core.primitives.result import Result | from RestrictedPython import safe_builtins | from RestrictedPython.Eval import default_guarded_getitem | import traceback | import redis,data/github_cache/ancile-project__ancile/0d6e4079e367/content/ancile/core/core.py
ancile-project/ancile,main,ancile/core/decorators/__init__.py,.py,8,{},ancile,,,from ancile.core.decorators.base_decorator import BaseDecorator | from ancile.core.decorators.external_decorator import ExternalDecorator | from ancile.core.decorators.transform_decorator import TransformDecorator | from ancile.core.decorators.use_decorator import UseDecorator | from ancile.core.decorators.advanced.aggregate_decorator import AggregateDecorator,data/github_cache/ancile-project__ancile/0d6e4079e367/content/ancile/core/decorators/__init__.py
ancile-project/ancile,main,ancile/core/decorators/advanced/__init__.py,.py,0,{},,,,,data/github_cache/ancile-project__ancile/0d6e4079e367/content/ancile/core/decorators/advanced/__init__.py
ancile-project/ancile,main,ancile/core/decorators/advanced/aggregate_decorator.py,.py,75,{},ancile;logging,AggregateDecorator;__init__;process_call,,from ancile.core.decorators import * | import logging | from ancile.core.primitives import * | from ancile.core.user_secrets import UserSecrets | from ancile.utils.errors import AncileException,data/github_cache/ancile-project__ancile/0d6e4079e367/content/ancile/core/decorators/advanced/aggregate_decorator.py
ancile-project/ancile,main,ancile/core/decorators/advanced/comparison_decorator.py,.py,52,{},ancile;logging,ComparisonDecorator;__init__;_dependent_comparison;_enforce_comparison;process_call,,import logging | from ancile.core.decorators import * | from ancile.core.primitives import * | logger = logging.getLogger(__name__) | # Helper Comparison Functions,data/github_cache/ancile-project__ancile/0d6e4079e367/content/ancile/core/decorators/advanced/comparison_decorator.py
ancile-project/ancile,main,ancile/core/decorators/base_decorator.py,.py,91,{},abc;ancile;wrapt,BaseDecorator;__call__;__init__;check_data;check_dp_pair_passed;decorator_preamble;process_call,,"from abc import ABC, abstractmethod | import wrapt | from ancile.core.primitives.command import Command | class BaseDecorator(ABC): | """"""",data/github_cache/ancile-project__ancile/0d6e4079e367/content/ancile/core/decorators/base_decorator.py
ancile-project/ancile,main,ancile/core/decorators/external_decorator.py,.py,42,{},ancile;inspect;logging,ExternalDecorator;__init__;check_dp_pair_passed;process_call,fetch,import logging | import inspect | from ancile.core.decorators import * | from ancile.core.user_secrets import UserSecrets | logger = logging.getLogger(__name__),data/github_cache/ancile-project__ancile/0d6e4079e367/content/ancile/core/decorators/external_decorator.py
ancile-project/ancile,main,ancile/core/decorators/use_decorator.py,.py,23,{},ancile;copy;logging,UseDecorator;__init__;process_call,,from ancile.core.decorators import * | import logging | import copy | logger = logging.getLogger(__name__) | class UseDecorator(BaseDecorator):,data/github_cache/ancile-project__ancile/0d6e4079e367/content/ancile/core/decorators/use_decorator.py
ancile-project/ancile,main,ancile/core/endpoint.py,.py,37,{},ancile;dill;pika,on_request,,"from ancile.core.core import * | import pika | import dill | def on_request(ch, method, props, body): | print("" [x] Received message"")",data/github_cache/ancile-project__ancile/0d6e4079e367/content/ancile/core/endpoint.py
ancile-project/ancile,main,ancile/core/primitives/__init__.py,.py,5,{},ancile,,,from ancile.core.primitives.data import Data | from ancile.core.primitives.command import Command | from ancile.core.primitives.policy import Policy | from ancile.core.primitives.data_policy_pair import DataPolicyPair | from ancile.core.primitives.collection import Collection,data/github_cache/ancile-project__ancile/0d6e4079e367/content/ancile/core/primitives/__init__.py
ancile-project/ancile,main,ancile/core/primitives/collection.py,.py,141,{},ancile;logging,Collection;__init__;__len__;__repr__;_advance_collection_policy;_check_collection_policy;_delete_expired;add_to_collection;filter;filter_by_next_command;for_each;get_collection_policy;remove_from_collection,,"from ancile.core.primitives.policy_helpers.expressions import IntersectExpression | from ancile.core.primitives.policy_helpers.policy_parser import PolicyParser | from ancile.utils.errors import PolicyError, AncileException | import ancile.utils.time as ancile_web_time | from ancile.core.primitives import *",data/github_cache/ancile-project__ancile/0d6e4079e367/content/ancile/core/primitives/collection.py
ancile-project/ancile,main,ancile/core/primitives/command.py,.py,52,{},ancile;inspect;logging;traceback,Command;__init__;__repr__;call;print_params,transform,import traceback | import logging | import inspect | from ancile.utils.errors import AncileException | logger = logging.getLogger(__name__),data/github_cache/ancile-project__ancile/0d6e4079e367/content/ancile/core/primitives/command.py
ancile-project/ancile,main,ancile/core/primitives/data.py,.py,8,{},,Data;__init__,,class Data: | def __init__(self): | self.kv = dict() | self.output = list(),data/github_cache/ancile-project__ancile/0d6e4079e367/content/ancile/core/primitives/data.py
ancile-project/ancile,main,ancile/core/primitives/data_policy_pair.py,.py,229,{},__future__;ancile;copy;logging;uuid,DataPolicyPair;__copy__;__getitem__;__init__;__repr__;_advance_policy;_advance_policy_error;_call_collection;_call_external;_call_store;_call_transform;_resolve_private_data_keys;_resolve_private_data_values;_set_expiry;_use_method;check_call;check_command_allowed;check_is_func;combine_dpps_dict;combine_dpps_list;is_expired;metadata,,"from __future__ import annotations | from copy import copy, deepcopy | from ancile.core.primitives import Policy, Command | from ancile.utils.errors import AncileException, PolicyError | from ancile.core.primitives.policy_helpers.private_data import PrivateData",data/github_cache/ancile-project__ancile/0d6e4079e367/content/ancile/core/primitives/data_policy_pair.py
ancile-project/ancile,main,ancile/core/primitives/policy.py,.py,73,{},__future__;ancile;copy,Policy;__bool__;__init__;__repr__;advance_policy;check_finished;concat;intersect;union,,from __future__ import annotations | from copy import deepcopy | from ancile.core.primitives.command import Command | from ancile.core.primitives.policy_helpers.policy_parser import PolicyParser | from ancile.core.primitives.policy_helpers.expressions import *,data/github_cache/ancile-project__ancile/0d6e4079e367/content/ancile/core/primitives/policy.py
ancile-project/ancile,main,ancile/core/primitives/policy_helpers/__init__.py,.py,0,{},,,,,data/github_cache/ancile-project__ancile/0d6e4079e367/content/ancile/core/primitives/policy_helpers/__init__.py
ancile-project/ancile,main,ancile/core/primitives/policy_helpers/expressions/__init__.py,.py,15,{},ancile,,,from ancile.core.primitives.policy_helpers.expressions.special.constants import Constants | from ancile.core.primitives.policy_helpers.expressions.base_expression import BaseExpression | from ancile.core.primitives.policy_helpers.expressions.special.constant_expression import ConstantExpression | from ancile.core.primitives.policy_helpers.expressions.special.exec_expression import ExecExpression | from ancile.core.primitives.policy_helpers.expressions.unary.unary_expression import UnaryExpression,data/github_cache/ancile-project__ancile/0d6e4079e367/content/ancile/core/primitives/policy_helpers/expressions/__init__.py
ancile-project/ancile,main,ancile/core/primitives/policy_helpers/expressions/base_expression.py,.py,25,{},__future__;abc;ancile,BaseExpression;d_step;e_step;simplify,,"from __future__ import annotations | from abc import ABC, abstractmethod | from ancile.core.primitives.command import Command | from ancile.core.primitives.policy_helpers.expressions import * | class BaseExpression(ABC):",data/github_cache/ancile-project__ancile/0d6e4079e367/content/ancile/core/primitives/policy_helpers/expressions/base_expression.py
ancile-project/ancile,main,ancile/core/primitives/policy_helpers/expressions/binary/__init__.py,.py,0,{},,,,,data/github_cache/ancile-project__ancile/0d6e4079e367/content/ancile/core/primitives/policy_helpers/expressions/binary/__init__.py
ancile-project/ancile,main,ancile/core/primitives/policy_helpers/expressions/binary/binary_expression.py,.py,47,{},abc;ancile,BinaryExpression;__init__;__repr__;assemble_from_list,,"from abc import ABC | from ancile.core.primitives.policy_helpers.expressions import * | class BinaryExpression(BaseExpression, ABC): | l_expr: BaseExpression | r_expr: BaseExpression",data/github_cache/ancile-project__ancile/0d6e4079e367/content/ancile/core/primitives/policy_helpers/expressions/binary/binary_expression.py
ancile-project/ancile,main,ancile/core/primitives/policy_helpers/expressions/binary/concat_expression.py,.py,61,{},ancile,ConcatExpression;__eq__;__init__;d_step;e_step;simplify,,"from ancile.core.primitives.policy_helpers.expressions import * | class ConcatExpression(BinaryExpression): | def __init__(self, l_expr: BaseExpression, r_expr: BaseExpression): | self.operation = '.' | super().__init__(l_expr, r_expr)",data/github_cache/ancile-project__ancile/0d6e4079e367/content/ancile/core/primitives/policy_helpers/expressions/binary/concat_expression.py
ancile-project/ancile,main,ancile/core/primitives/policy_helpers/expressions/binary/intersect_expression.py,.py,64,{},ancile,IntersectExpression;__eq__;__init__;d_step;e_step;simplify,,"from ancile.core.primitives.policy_helpers.expressions import * | class IntersectExpression(BinaryExpression): | def __init__(self, l_expr: BaseExpression, r_expr: BaseExpression): | self.operation = '&' | super().__init__(l_expr, r_expr)",data/github_cache/ancile-project__ancile/0d6e4079e367/content/ancile/core/primitives/policy_helpers/expressions/binary/intersect_expression.py
ancile-project/ancile,main,ancile/core/primitives/policy_helpers/expressions/binary/union_expression.py,.py,74,{},abc;ancile,UnionExpression;__eq__;__init__;d_step;e_step;simplify,,"from abc import ABC | from ancile.core.primitives.policy_helpers.expressions import * | class UnionExpression(BinaryExpression): | def __init__(self, l_expr: BaseExpression, r_expr: BaseExpression): | self.operation = '+'",data/github_cache/ancile-project__ancile/0d6e4079e367/content/ancile/core/primitives/policy_helpers/expressions/binary/union_expression.py
ancile-project/ancile,main,ancile/core/primitives/policy_helpers/expressions/special/__init__.py,.py,0,{},,,,,data/github_cache/ancile-project__ancile/0d6e4079e367/content/ancile/core/primitives/policy_helpers/expressions/special/__init__.py
ancile-project/ancile,main,ancile/core/primitives/policy_helpers/expressions/special/constant_expression.py,.py,41,{},ancile,ConstantExpression;__eq__;__init__;__repr__;d_step;e_step;simplify,,"from ancile.core.primitives.policy_helpers.expressions import * | class ConstantExpression(BaseExpression): | command: Constants | def __init__(self, command: Constants): | super().__init__()",data/github_cache/ancile-project__ancile/0d6e4079e367/content/ancile/core/primitives/policy_helpers/expressions/special/constant_expression.py
ancile-project/ancile,main,ancile/core/primitives/policy_helpers/expressions/special/constants.py,.py,42,{},enum,Constants;__add__;__mul__;__neg__;__str__,,"from enum import Enum | class Constants(Enum): | """""" | ZERO - no-operation | ONE (ZERO*) - empty string",data/github_cache/ancile-project__ancile/0d6e4079e367/content/ancile/core/primitives/policy_helpers/expressions/special/constants.py
ancile-project/ancile,main,ancile/core/primitives/policy_helpers/expressions/special/exec_expression.py,.py,63,{},ancile,ExecExpression;__eq__;__init__;__repr__;d_step;e_step;simplify,transform;evaluate,"from ancile.core.primitives.policy_helpers.expressions import * | class ExecExpression(BaseExpression): | def __init__(self, command: str, params=None): | super().__init__() | self.policy_command = command",data/github_cache/ancile-project__ancile/0d6e4079e367/content/ancile/core/primitives/policy_helpers/expressions/special/exec_expression.py
ancile-project/ancile,main,ancile/core/primitives/policy_helpers/expressions/unary/__init__.py,.py,0,{},,,,,data/github_cache/ancile-project__ancile/0d6e4079e367/content/ancile/core/primitives/policy_helpers/expressions/unary/__init__.py
ancile-project/ancile,main,ancile/core/primitives/policy_helpers/expressions/unary/negation_expression.py,.py,34,{},ancile,NegationExpression;__init__;__repr__;d_step;e_step;simplify,,"from ancile.core.primitives.policy_helpers.expressions import * | class NegationExpression(UnaryExpression): | def __init__(self, expression: BaseExpression): | self.operation = '!' | super().__init__(expression)",data/github_cache/ancile-project__ancile/0d6e4079e367/content/ancile/core/primitives/policy_helpers/expressions/unary/negation_expression.py
ancile-project/ancile,main,ancile/core/primitives/policy_helpers/expressions/unary/star_expression.py,.py,33,{},ancile,StarExpression;__init__;__repr__;d_step;e_step;simplify,,"from ancile.core.primitives.policy_helpers.expressions import * | class StarExpression(UnaryExpression): | def __init__(self, expression: BaseExpression): | self.operation = '*' | super().__init__(expression)",data/github_cache/ancile-project__ancile/0d6e4079e367/content/ancile/core/primitives/policy_helpers/expressions/unary/star_expression.py
ancile-project/ancile,main,ancile/core/primitives/policy_helpers/expressions/unary/unary_expression.py,.py,14,{},abc;ancile,UnaryExpression;__eq__;__init__,,"from abc import ABC | from ancile.core.primitives.policy_helpers.expressions import * | class UnaryExpression(BaseExpression, ABC): | expression: BaseExpression | def __init__(self, expression: BaseExpression):",data/github_cache/ancile-project__ancile/0d6e4079e367/content/ancile/core/primitives/policy_helpers/expressions/unary/unary_expression.py
ancile-project/ancile,main,ancile/core/primitives/policy_helpers/params/__init__.py,.py,4,{},ancile,,,from ancile.core.primitives.policy_helpers.params.range_type import RangeType | from ancile.core.primitives.policy_helpers.params.param_cell import ParamCell | from ancile.core.primitives.policy_helpers.params.range_cell import RangeCell | from ancile.core.primitives.policy_helpers.params.set_cell import SetCell,data/github_cache/ancile-project__ancile/0d6e4079e367/content/ancile/core/primitives/policy_helpers/params/__init__.py
ancile-project/ancile,main,ancile/core/primitives/policy_helpers/params/param_cell.py,.py,37,{},,ParamCell;__eq__;__init__;__ne__;__repr__;evaluate,evaluate,"class ParamCell(object): | """""" | A simple data object that stores information about a parameter's | requirements in a policy. Primary use is the evaluate method which checks a | given input value for the parameter.",data/github_cache/ancile-project__ancile/0d6e4079e367/content/ancile/core/primitives/policy_helpers/params/param_cell.py
ancile-project/ancile,main,ancile/core/primitives/policy_helpers/params/range_cell.py,.py,57,{},ancile,RangeCell;__eq__;__init__;__ne__;__repr__;_evaluate;evaluate,evaluate,"from ancile.core.primitives.policy_helpers.params import RangeType | class RangeCell(object): | """""" | A data object representing a parameter's requirements in a policy. | Specifically for parameters that are limited to (or excluded from) a given",data/github_cache/ancile-project__ancile/0d6e4079e367/content/ancile/core/primitives/policy_helpers/params/range_cell.py
ancile-project/ancile,main,ancile/core/primitives/policy_helpers/params/range_type.py,.py,8,{},enum,RangeType,,"from enum import Enum | class RangeType(Enum): | OPEN = 1     # (a,b) | CLOSED = 2   # [a,b] | LOPEN = 3    # (a,b]",data/github_cache/ancile-project__ancile/0d6e4079e367/content/ancile/core/primitives/policy_helpers/params/range_type.py
ancile-project/ancile,main,ancile/core/primitives/policy_helpers/params/set_cell.py,.py,33,{},,SetCell;__eq__;__init__;__ne__;__repr__;evaluate,evaluate,"class SetCell(object): | def __init__(self, name, in_objects, invert): | self._set = set(in_objects) | self._name = name | self._invert_flag = invert",data/github_cache/ancile-project__ancile/0d6e4079e367/content/ancile/core/primitives/policy_helpers/params/set_cell.py
ancile-project/ancile,main,ancile/core/primitives/policy_helpers/policy_lexer.py,.py,72,{},sly,FLOAT;NUMBER;PolicyLexer;STRING;error;ignore_newline,,"from sly import Lexer | class PolicyLexer(Lexer): | tokens = { TEXT, NUMBER, FLOAT, UNION, CONCAT, INTERSECT,  NEG, STAR, | ANYF, LPAREN, RPAREN, LBRACKET, RBRACKET, COMMA, EQ, | PRIVATE, STRING, NEQ, LEQ, LE, GEQ, GE, LBRACE, RBRACE, IN,",data/github_cache/ancile-project__ancile/0d6e4079e367/content/ancile/core/primitives/policy_helpers/policy_lexer.py
ancile-project/ancile,main,ancile/core/primitives/policy_helpers/policy_parser.py,.py,295,"{""processing"": 1}",ancile;operator;sly,PolicyParser;__init__;bool_val;clause;comparison_op;equality_op;error;numeric;numeric_op;param;params;parse_it;parse_policies;plist;plists;policy;policy_op;range_op;rclause;set_elem;sets,parse,from sly import Parser | import operator | from ancile.utils.errors import ParseError | from ancile.core.primitives.policy_helpers.private_data import PrivateData | from ancile.core.primitives.policy_helpers.policy_lexer import *,data/github_cache/ancile-project__ancile/0d6e4079e367/content/ancile/core/primitives/policy_helpers/policy_parser.py
ancile-project/ancile,main,ancile/core/primitives/policy_helpers/private_data.py,.py,31,{},,PrivateData;__eq__;__init__;__ne__;__repr__,,"class PrivateData(object): | """""" | Wrapper object that represents data to be substituted in. | The object stores a keyword. When a PrivateData object is used as a | parameter to an ancile_web fn, the key is used to substitute a value from the",data/github_cache/ancile-project__ancile/0d6e4079e367/content/ancile/core/primitives/policy_helpers/private_data.py
ancile-project/ancile,main,ancile/core/primitives/result.py,.py,33,{},ancile;logging,Result;__init__;__repr__;return_to_app,,from ancile.core.decorators import * | import logging | logger = logging.getLogger(__name__) | class Result: | def __init__(self):,data/github_cache/ancile-project__ancile/0d6e4079e367/content/ancile/core/primitives/result.py
ancile-project/ancile,main,ancile/core/user_secrets.py,.py,61,{},ancile;logging,UserSecrets;__init__;__repr__;get_empty_data_pair;prepare_users_secrets,,from ancile.core.primitives.data_policy_pair import DataPolicyPair | from ancile.utils.errors import AncileException | from ancile.core.primitives.policy_helpers.policy_parser import PolicyParser | import logging | logger = logging.getLogger(__name__),data/github_cache/ancile-project__ancile/0d6e4079e367/content/ancile/core/user_secrets.py
ancile-project/ancile,main,ancile/utils/__init__.py,.py,0,{},,,,,data/github_cache/ancile-project__ancile/0d6e4079e367/content/ancile/utils/__init__.py
ancile-project/ancile,main,ancile/utils/errors.py,.py,44,{},logging,AncileException;BaseError;ConfigError;ParseError;PolicyError;__init__;__str__,,import logging | logger = logging.getLogger(__name__) | class BaseError(Exception): | pass | class AncileException(BaseError):,data/github_cache/ancile-project__ancile/0d6e4079e367/content/ancile/utils/errors.py
ancile-project/ancile,main,ancile/utils/messaging.py,.py,42,{},config;dill;pika;uuid,RpcClient;__init__;call;on_response,,import pika | import dill | import uuid | class RpcClient(object): | response = None,data/github_cache/ancile-project__ancile/0d6e4079e367/content/ancile/utils/messaging.py
ancile-project/ancile,main,ancile/utils/time.py,.py,55,{},datetime;time;tzlocal,day_to_num;get_timestamp;get_timestamp_from_now;seconds_elapsed;today_in_list;today_in_time_window,,"import time | from datetime import datetime, timedelta | from tzlocal import get_localzone | def get_timestamp() -> datetime: | tz = get_localzone()",data/github_cache/ancile-project__ancile/0d6e4079e367/content/ancile/utils/time.py
ancile-project/ancile,main,ancile/web/__init__.py,.py,0,{},,,,,data/github_cache/ancile-project__ancile/0d6e4079e367/content/ancile/web/__init__.py
ancile-project/ancile,main,ancile/web/ancile_web/__init__.py,.py,0,{},,,,,data/github_cache/ancile-project__ancile/0d6e4079e367/content/ancile/web/ancile_web/__init__.py
ancile-project/ancile,main,ancile/web/ancile_web/schema.py,.py,13,{},ancile;graphene,Mutations;Query,,"import graphene | import ancile.web.api.schema | class Query(ancile.web.api.schema.Query, graphene.ObjectType): | # This class will inherit from multiple Queries | pass",data/github_cache/ancile-project__ancile/0d6e4079e367/content/ancile/web/ancile_web/schema.py
ancile-project/ancile,main,ancile/web/ancile_web/settings.py,.py,182,{},config;os;sys,,,""""""" | Django settings for ancile_web project. | Generated by 'django-admin startproject' using Django 2.2.3. | For more information on this file, see | https://docs.djangoproject.com/en/2.2/topics/settings/",data/github_cache/ancile-project__ancile/0d6e4079e367/content/ancile/web/ancile_web/settings.py
ancile-project/ancile,main,ancile/web/ancile_web/urls.py,.py,27,{},config;django,,,"""""""ancile_web URL Configuration | The `urlpatterns` list routes URLs to views. For more information please see: | https://docs.djangoproject.com/en/2.2/topics/http/urls/ | Examples: | Function views",data/github_cache/ancile-project__ancile/0d6e4079e367/content/ancile/web/ancile_web/urls.py
ancile-project/ancile,main,ancile/web/ancile_web/wsgi.py,.py,16,{},django;os,,,""""""" | WSGI config for ancile_web project. | It exposes the WSGI callable as a module-level variable named ``application``. | For more information on this file, see | https://docs.djangoproject.com/en/2.2/howto/deployment/wsgi/",data/github_cache/ancile-project__ancile/0d6e4079e367/content/ancile/web/ancile_web/wsgi.py
ancile-project/ancile,main,ancile/web/api/__init__.py,.py,0,{},,,,,data/github_cache/ancile-project__ancile/0d6e4079e367/content/ancile/web/api/__init__.py
ancile-project/ancile,main,ancile/web/api/apps.py,.py,5,{},django,ApiConfig,,from django.apps import AppConfig | class ApiConfig(AppConfig): | name = 'ancile.web.api',data/github_cache/ancile-project__ancile/0d6e4079e367/content/ancile/web/api/apps.py
ancile-project/ancile,main,ancile/web/api/colorizer.py,.py,86,{},ancile;enum;inspect,FuncType;annotate;dec_string_to_type;find_function;get_fn_type;parse_annotated,fetch;transform,from enum import Enum | from ancile.core.context_building import gen_module_namespace | from ancile.core.primitives.policy_helpers.expressions import * | from ancile.core.primitives.policy_helpers.policy_parser import PolicyParser | import inspect,data/github_cache/ancile-project__ancile/0d6e4079e367/content/ancile/web/api/colorizer.py
ancile-project/ancile,main,ancile/web/api/graphene_models/__init__.py,.py,0,{},,,,,data/github_cache/ancile-project__ancile/0d6e4079e367/content/ancile/web/api/graphene_models/__init__.py
ancile-project/ancile,main,ancile/web/api/graphene_models/mutations.py,.py,303,{},ancile;django;graphene,AddApp;AddPermissionGroup;AddProvider;Arguments;CreatePermissionGroup;CreatePolicyTemplate;DeleteApp;DeleteToken;UpdatePolicyTemplate;UpdateScope;UpdateUser;mutate,save,import graphene | from ancile.web.dashboard import models | from django.contrib.auth.hashers import check_password | from ancile.web.api.graphene_models.wrappers import enforce_admin | class UpdateScope(graphene.Mutation):,data/github_cache/ancile-project__ancile/0d6e4079e367/content/ancile/web/api/graphene_models/mutations.py
ancile-project/ancile,main,ancile/web/api/graphene_models/types.py,.py,120,{},ancile;graphene;graphene_django,AppType;Meta;PermissionGroupType;PolicyTemplateType;PolicyType;ProviderType;ScopeType;TokenType;UserType;access_token_url;auth_url;get_queryset;resolve_client_id;resolve_client_secret;resolve_developers;resolve_graph;resolve_groups;resolve_is_developer;resolve_is_pending_developer;resolve_policies;resolve_scopes;resolve_token,model,import graphene | from graphene_django.types import DjangoObjectType | from ancile.web.dashboard import models | from ancile.web.api.visualizer import parse_policy | from ancile.web.api.graphene_models.wrappers import *,data/github_cache/ancile-project__ancile/0d6e4079e367/content/ancile/web/api/graphene_models/types.py
ancile-project/ancile,main,ancile/web/api/graphene_models/wrappers.py,.py,17,{},,enforce_admin;enforce_developer;enforce_either;wrapped,,"def enforce_developer(func): | def wrapped(self, info, **args): | if info.context.user.is_developer: | return func(self, info, **args) | return wrapped",data/github_cache/ancile-project__ancile/0d6e4079e367/content/ancile/web/api/graphene_models/wrappers.py
ancile-project/ancile,main,ancile/web/api/queries.py,.py,124,{},ancile;collections;config;dill;json;logging;pickle;redis;types,_get_app_id;_get_app_id_cache;_get_app_module;_get_app_module_cached;_get_user_bundle;_get_user_bundle_cache;jsonify,,"from config.loader import ENABLE_CACHE, REDIS_CONFIG | from collections import namedtuple | from ancile.web.dashboard import models | import redis | import json",data/github_cache/ancile-project__ancile/0d6e4079e367/content/ancile/web/api/queries.py
ancile-project/ancile,main,ancile/web/api/schema.py,.py,72,{},ancile,Mutations;Query;resolve_all_apps;resolve_all_permission_groups;resolve_all_policies;resolve_all_providers;resolve_all_scopes;resolve_all_tokens;resolve_current_user;resolve_developer_apps;resolve_pending_developers,,from ancile.web.api.graphene_models.mutations import * | from ancile.web.api.graphene_models.types import * | class Mutations(graphene.ObjectType): | # delete | delete_token = DeleteToken.Field(),data/github_cache/ancile-project__ancile/0d6e4079e367/content/ancile/web/api/schema.py
ancile-project/ancile,main,ancile/web/api/tests.py,.py,3,{},django,,,from django.test import TestCase | # Create your tests here.,data/github_cache/ancile-project__ancile/0d6e4079e367/content/ancile/web/api/tests.py
ancile-project/ancile,main,ancile/web/api/urls.py,.py,12,{},ancile;django;graphene_django,,,from django.urls import path | import ancile.web.api.views as views | from graphene_django.views import GraphQLView | from django.contrib.auth.decorators import login_required | urlpatterns = [,data/github_cache/ancile-project__ancile/0d6e4079e367/content/ancile/web/api/urls.py
ancile-project/ancile,main,ancile/web/api/views.py,.py,127,{},ancile;config;dill;django;json;logging;pika;traceback,browser_execute;execute_api;parse_policy_view;prepare_user_specific,,import json | from ancile.core.core import execute | from ancile.web.dashboard.models import App | from django.http import JsonResponse | from django.views.decorators.http import require_http_methods,data/github_cache/ancile-project__ancile/0d6e4079e367/content/ancile/web/api/views.py
ancile-project/ancile,main,ancile/web/api/visualizer.py,.py,266,{},ancile;enum,Node;NodeType;SpecialNode;__init__;__repr__;connect_to;get_bottom;param_cell_to_str;parse_policy;traverse_tree;visualize_policies,fetch;transform,""""""" | Utilities for visualizing policies using MermaidJS. | """""" | from enum import Enum | from ancile.core.primitives.policy_helpers.policy_parser import PolicyParser",data/github_cache/ancile-project__ancile/0d6e4079e367/content/ancile/web/api/visualizer.py
ancile-project/ancile,main,ancile/web/dashboard/__init__.py,.py,0,{},,,,,data/github_cache/ancile-project__ancile/0d6e4079e367/content/ancile/web/dashboard/__init__.py
ancile-project/ancile,main,ancile/web/dashboard/admin.py,.py,18,{},ancile;django,,,from django.contrib import admin | from ancile.web.dashboard.models import * | # Register your models here. | admin.site.register( | [,data/github_cache/ancile-project__ancile/0d6e4079e367/content/ancile/web/dashboard/admin.py
ancile-project/ancile,main,ancile/web/dashboard/apps.py,.py,5,{},django,DashboardConfig,,from django.apps import AppConfig | class DashboardConfig(AppConfig): | name = 'ancile.web.dashboard',data/github_cache/ancile-project__ancile/0d6e4079e367/content/ancile/web/dashboard/apps.py
ancile-project/ancile,main,ancile/web/dashboard/decorators.py,.py,20,{},django,user_is_admin;user_is_developer,,"from django.contrib.auth.decorators import user_passes_test | from django.contrib.auth import REDIRECT_FIELD_NAME | def user_is_developer(f=None, redirect_field_name=REDIRECT_FIELD_NAME, login_url=None): | decorator = user_passes_test(lambda u: u.is_developer, | login_url=login_url,",data/github_cache/ancile-project__ancile/0d6e4079e367/content/ancile/web/dashboard/decorators.py
ancile-project/ancile,main,ancile/web/dashboard/migrations/0001_initial.py,.py,147,{},django,Migration,,# Generated by Django 2.2.3 on 2019-07-26 15:54 | from django.conf import settings | import django.contrib.auth.models | import django.contrib.auth.validators | import django.contrib.postgres.fields.jsonb,data/github_cache/ancile-project__ancile/0d6e4079e367/content/ancile/web/dashboard/migrations/0001_initial.py
ancile-project/ancile,main,ancile/web/dashboard/migrations/0002_token_scopes.py,.py,18,{},django,Migration,,"# Generated by Django 2.2.3 on 2019-07-26 15:59 | from django.db import migrations, models | class Migration(migrations.Migration): | dependencies = [ | ('dashboard', '0001_initial'),",data/github_cache/ancile-project__ancile/0d6e4079e367/content/ancile/web/dashboard/migrations/0002_token_scopes.py
ancile-project/ancile,main,ancile/web/dashboard/migrations/0003_auto_20190726_1600.py,.py,18,{},django,Migration,,"# Generated by Django 2.2.3 on 2019-07-26 16:00 | from django.db import migrations, models | class Migration(migrations.Migration): | dependencies = [ | ('dashboard', '0002_token_scopes'),",data/github_cache/ancile-project__ancile/0d6e4079e367/content/ancile/web/dashboard/migrations/0003_auto_20190726_1600.py
ancile-project/ancile,main,ancile/web/dashboard/migrations/0004_auto_20190726_1600.py,.py,18,{},django,Migration,,"# Generated by Django 2.2.3 on 2019-07-26 16:00 | from django.db import migrations, models | class Migration(migrations.Migration): | dependencies = [ | ('dashboard', '0003_auto_20190726_1600'),",data/github_cache/ancile-project__ancile/0d6e4079e367/content/ancile/web/dashboard/migrations/0004_auto_20190726_1600.py
ancile-project/ancile,main,ancile/web/dashboard/migrations/0005_auto_20190726_1608.py,.py,23,{},django,Migration,,"# Generated by Django 2.2.3 on 2019-07-26 16:08 | from django.db import migrations, models | class Migration(migrations.Migration): | dependencies = [ | ('dashboard', '0004_auto_20190726_1600'),",data/github_cache/ancile-project__ancile/0d6e4079e367/content/ancile/web/dashboard/migrations/0005_auto_20190726_1608.py
ancile-project/ancile,main,ancile/web/dashboard/migrations/0006_auto_20190729_1438.py,.py,83,{},bcrypt;django,Migration,,"# Generated by Django 2.2.3 on 2019-07-29 14:38 | import bcrypt | import django.contrib.postgres.fields.jsonb | from django.db import migrations, models | class Migration(migrations.Migration):",data/github_cache/ancile-project__ancile/0d6e4079e367/content/ancile/web/dashboard/migrations/0006_auto_20190729_1438.py
ancile-project/ancile,main,ancile/web/dashboard/migrations/0007_remove_policy_read_only.py,.py,17,{},django,Migration,,"# Generated by Django 2.2.3 on 2019-07-29 15:22 | from django.db import migrations | class Migration(migrations.Migration): | dependencies = [ | ('dashboard', '0006_auto_20190729_1438'),",data/github_cache/ancile-project__ancile/0d6e4079e367/content/ancile/web/dashboard/migrations/0007_remove_policy_read_only.py
ancile-project/ancile,main,ancile/web/dashboard/migrations/0008_auto_20190729_2159.py,.py,22,{},django,Migration,,"# Generated by Django 2.2.3 on 2019-07-29 17:59 | from django.db import migrations, models | class Migration(migrations.Migration): | dependencies = [ | ('dashboard', '0007_remove_policy_read_only'),",data/github_cache/ancile-project__ancile/0d6e4079e367/content/ancile/web/dashboard/migrations/0008_auto_20190729_2159.py
ancile-project/ancile,main,ancile/web/dashboard/migrations/0009_auto_20190729_2226.py,.py,17,{},django,Migration,,"# Generated by Django 2.2.3 on 2019-07-29 18:26 | from django.db import migrations, models | class Migration(migrations.Migration): | dependencies = [ | ('dashboard', '0008_auto_20190729_2159'),",data/github_cache/ancile-project__ancile/0d6e4079e367/content/ancile/web/dashboard/migrations/0009_auto_20190729_2226.py
ancile-project/ancile,main,ancile/web/dashboard/migrations/0010_auto_20190729_2308.py,.py,24,{},django,Migration,,"# Generated by Django 2.2.3 on 2019-07-29 19:08 | from django.db import migrations, models | class Migration(migrations.Migration): | dependencies = [ | ('dashboard', '0009_auto_20190729_2226'),",data/github_cache/ancile-project__ancile/0d6e4079e367/content/ancile/web/dashboard/migrations/0010_auto_20190729_2308.py
ancile-project/ancile,main,ancile/web/dashboard/migrations/0011_auto_20190729_2316.py,.py,21,{},django,Migration,,"# Generated by Django 2.2.3 on 2019-07-29 19:16 | from django.db import migrations, models | class Migration(migrations.Migration): | dependencies = [ | ('dashboard', '0010_auto_20190729_2308'),",data/github_cache/ancile-project__ancile/0d6e4079e367/content/ancile/web/dashboard/migrations/0011_auto_20190729_2316.py
ancile-project/ancile,main,ancile/web/dashboard/migrations/0012_auto_20190729_2354.py,.py,17,{},django,Migration,,"# Generated by Django 2.2.3 on 2019-07-29 19:54 | from django.db import migrations, models | class Migration(migrations.Migration): | dependencies = [ | ('dashboard', '0011_auto_20190729_2316'),",data/github_cache/ancile-project__ancile/0d6e4079e367/content/ancile/web/dashboard/migrations/0012_auto_20190729_2354.py
ancile-project/ancile,main,ancile/web/dashboard/migrations/0013_auto_20190730_1831.py,.py,23,{},django,Migration,,"# Generated by Django 2.2.3 on 2019-07-30 14:31 | from django.db import migrations, models | class Migration(migrations.Migration): | dependencies = [ | ('dashboard', '0012_auto_20190729_2354'),",data/github_cache/ancile-project__ancile/0d6e4079e367/content/ancile/web/dashboard/migrations/0013_auto_20190730_1831.py
ancile-project/ancile,main,ancile/web/dashboard/migrations/0014_predefinedpolicy_text.py,.py,19,{},django,Migration,,"# Generated by Django 2.2.3 on 2019-07-30 19:12 | from django.db import migrations, models | class Migration(migrations.Migration): | dependencies = [ | ('dashboard', '0013_auto_20190730_1831'),",data/github_cache/ancile-project__ancile/0d6e4079e367/content/ancile/web/dashboard/migrations/0014_predefinedpolicy_text.py
ancile-project/ancile,main,ancile/web/dashboard/migrations/0015_auto_20190730_2349.py,.py,21,{},django,Migration,,"# Generated by Django 2.2.3 on 2019-07-30 19:49 | from django.db import migrations | class Migration(migrations.Migration): | dependencies = [ | ('dashboard', '0014_predefinedpolicy_text'),",data/github_cache/ancile-project__ancile/0d6e4079e367/content/ancile/web/dashboard/migrations/0015_auto_20190730_2349.py
ancile-project/ancile,main,ancile/web/dashboard/migrations/0016_auto_20190801_0535.py,.py,18,{},django,Migration,,"# Generated by Django 2.2.3 on 2019-08-01 01:35 | from django.db import migrations, models | class Migration(migrations.Migration): | dependencies = [ | ('dashboard', '0015_auto_20190730_2349'),",data/github_cache/ancile-project__ancile/0d6e4079e367/content/ancile/web/dashboard/migrations/0016_auto_20190801_0535.py
ancile-project/ancile,main,ancile/web/dashboard/migrations/0017_pendingdeveloper.py,.py,22,{},django,Migration,,"# Generated by Django 2.2.4 on 2019-08-01 15:52 | from django.conf import settings | from django.db import migrations, models | import django.db.models.deletion | class Migration(migrations.Migration):",data/github_cache/ancile-project__ancile/0d6e4079e367/content/ancile/web/dashboard/migrations/0017_pendingdeveloper.py
ancile-project/ancile,main,ancile/web/dashboard/migrations/0018_auto_20190925_0731.py,.py,38,{},django,Migration,,"# Generated by Django 2.2.4 on 2019-09-25 03:31 | from django.db import migrations, models | class Migration(migrations.Migration): | dependencies = [ | ('dashboard', '0017_pendingdeveloper'),",data/github_cache/ancile-project__ancile/0d6e4079e367/content/ancile/web/dashboard/migrations/0018_auto_20190925_0731.py
ancile-project/ancile,main,ancile/web/dashboard/migrations/0019_auto_20191019_0134.py,.py,25,{},django,Migration,,"# Generated by Django 2.2.4 on 2019-10-18 21:34 | from django.db import migrations, models | class Migration(migrations.Migration): | dependencies = [ | ('dashboard', '0018_auto_20190925_0731'),",data/github_cache/ancile-project__ancile/0d6e4079e367/content/ancile/web/dashboard/migrations/0019_auto_20191019_0134.py
ancile-project/ancile,main,ancile/web/dashboard/migrations/0020_auto_20191029_0703.py,.py,18,{},django,Migration,,"# Generated by Django 2.2.4 on 2019-10-29 03:03 | from django.db import migrations, models | class Migration(migrations.Migration): | dependencies = [ | ('dashboard', '0019_auto_20191019_0134'),",data/github_cache/ancile-project__ancile/0d6e4079e367/content/ancile/web/dashboard/migrations/0020_auto_20191029_0703.py
ancile-project/ancile,main,ancile/web/dashboard/migrations/0021_remove_permissiongroup_scopes.py,.py,17,{},django,Migration,,"# Generated by Django 2.2.4 on 2019-11-06 22:01 | from django.db import migrations | class Migration(migrations.Migration): | dependencies = [ | ('dashboard', '0020_auto_20191029_0703'),",data/github_cache/ancile-project__ancile/0d6e4079e367/content/ancile/web/dashboard/migrations/0021_remove_permissiongroup_scopes.py
ancile-project/ancile,main,ancile/web/dashboard/migrations/__init__.py,.py,0,{},,,,,data/github_cache/ancile-project__ancile/0d6e4079e367/content/ancile/web/dashboard/migrations/__init__.py
ancile-project/ancile,main,ancile/web/dashboard/models.py,.py,289,{},base64;bcrypt;config;django;json;jwt;requests;requests_oauthlib;time;urllib,App;AppManager;DataProvider;Function;FunctionManager;Meta;PermissionGroup;Policy;PolicyTemplate;PrivateData;Scope;Token;TokenManager;User;_update_token;apps;create_token;encoded_salt;expired;generate_url;get_app_module;is_developer;is_pending_developer;policies;policies_for_app,parse;model;save,from urllib import parse | from django.db import models | from django.contrib.auth.models import AbstractUser | from django.contrib.postgres import fields | from django.dispatch import receiver,data/github_cache/ancile-project__ancile/0d6e4079e367/content/ancile/web/dashboard/models.py
ancile-project/ancile,main,ancile/web/dashboard/tests.py,.py,3,{},django,,,from django.test import TestCase | # Create your tests here.,data/github_cache/ancile-project__ancile/0d6e4079e367/content/ancile/web/dashboard/tests.py
ancile-project/ancile,main,ancile/web/dashboard/urls.py,.py,10,{},ancile;django,,,"from django.urls import path | import ancile.web.dashboard.views as views | from django.contrib.auth.decorators import login_required | urlpatterns = [ | path('', views.dashboard),",data/github_cache/ancile-project__ancile/0d6e4079e367/content/ancile/web/dashboard/urls.py
ancile-project/ancile,main,ancile/web/dashboard/views.py,.py,74,{},ancile;django;json,dashboard;login_view;logout_view;signup_view,save,"from django.shortcuts import render | from django.views.decorators.http import require_http_methods | from django.views.decorators.csrf import csrf_protect, ensure_csrf_cookie | from django.contrib.auth import login, logout | import json",data/github_cache/ancile-project__ancile/0d6e4079e367/content/ancile/web/dashboard/views.py
ancile-project/ancile,main,ancile/web/frontend/babel.config.js,.js,5,{},,,,module.exports = { | presets: [ | '@vue/app' | ] | },data/github_cache/ancile-project__ancile/0d6e4079e367/content/ancile/web/frontend/babel.config.js
ancile-project/ancile,main,ancile/web/frontend/vue.config.js,.js,28,{},webpack-bundle-tracker,,process,"const BundleTracker = require(""webpack-bundle-tracker""); | module.exports = { | publicPath: (process.env.NODE_ENV === 'development' ?'http://0.0.0.0:8080' : """") + ""/static/dashboard"", | outputDir: '../dashboard/static/dashboard', | chainWebpack: config => {",data/github_cache/ancile-project__ancile/0d6e4079e367/content/ancile/web/frontend/vue.config.js
ancile-project/ancile,main,ancile/web/oauth/__init__.py,.py,0,{},,,,,data/github_cache/ancile-project__ancile/0d6e4079e367/content/ancile/web/oauth/__init__.py
ancile-project/ancile,main,ancile/web/oauth/apps.py,.py,5,{},django,OauthConfig,,from django.apps import AppConfig | class OauthConfig(AppConfig): | name = 'ancile.web.oauth',data/github_cache/ancile-project__ancile/0d6e4079e367/content/ancile/web/oauth/apps.py
ancile-project/ancile,main,ancile/web/oauth/tests.py,.py,3,{},django,,,from django.test import TestCase | # Create your tests here.,data/github_cache/ancile-project__ancile/0d6e4079e367/content/ancile/web/oauth/tests.py
ancile-project/ancile,main,ancile/web/oauth/urls.py,.py,8,{},ancile;django,,,"from django.urls import path | from ancile.web.oauth import views | urlpatterns = [ | path(""<provider>"", views.trigger_auth, name=""trigger_auth""), | path(""<provider>/callback"", views.callback, name=""callback_auth"")",data/github_cache/ancile-project__ancile/0d6e4079e367/content/ancile/web/oauth/urls.py
ancile-project/ancile,main,ancile/web/oauth/utils.py,.py,10,{},ancile;django,get_provider,,from ancile.web.dashboard.models import DataProvider | from django.http import Http404 | def get_provider(provider): | try: | provider_object = DataProvider.objects.get(path_name=provider),data/github_cache/ancile-project__ancile/0d6e4079e367/content/ancile/web/oauth/utils.py
ancile-project/ancile,main,ancile/web/oauth/views.py,.py,69,{},ancile;django;requests;time,callback;trigger_auth,,"from django.shortcuts import render, redirect | from ancile.web.dashboard import models | from django.http import Http404, HttpResponseForbidden, HttpResponse | from ancile.web.oauth.utils import get_provider | from django.contrib.auth.decorators import login_required",data/github_cache/ancile-project__ancile/0d6e4079e367/content/ancile/web/oauth/views.py
ancile-project/ancile,main,config/__init__.py,.py,0,{},,,,,data/github_cache/ancile-project__ancile/0d6e4079e367/content/config/__init__.py
ancile-project/ancile,main,config/loader.py,.py,21,{},yaml,,,"import yaml | with open(""./config/config.yaml"", ""r"") as f: | configs = yaml.safe_load(f) | REDIS_CONFIG = configs[""redis""] | DATABASE_CONFIG = configs[""database""]",data/github_cache/ancile-project__ancile/0d6e4079e367/content/config/loader.py
ancile-project/ancile,main,docker/entrypoint.sh,.sh,3,{},,,,#!/bin/bash | python manage.py migrate --noinput | gunicorn --bind :8000 -w 4 --pid .pidfile ancile.web.ancile_web.wsgi:application,data/github_cache/ancile-project__ancile/0d6e4079e367/content/docker/entrypoint.sh
ancile-project/ancile,main,manage.py,.py,21,{},django;os;sys,main,,"#!/usr/bin/env python | """"""Django's command-line utility for administrative tasks."""""" | import os | import sys | def main():",data/github_cache/ancile-project__ancile/0d6e4079e367/content/manage.py
ancile-project/ancile,main,scripts/full_setup.sh,.sh,24,{},,,,"#!/usr/bin/bash | if [[ $(basename $(pwd)) != ""ancile"" ]]; then | echo ""This script must be run from the base 'Ancile' directory."" | exit 1 | fi",data/github_cache/ancile-project__ancile/0d6e4079e367/content/scripts/full_setup.sh
ancile-project/ancile,main,scripts/setup/build_vue_prod.sh,.sh,9,{},.env,,,cd ancile/web/frontend | npm run build | cd ../../../ | source .env/bin/activate | python manage.py collectstatic --noinput,data/github_cache/ancile-project__ancile/0d6e4079e367/content/scripts/setup/build_vue_prod.sh
ancile-project/ancile,main,scripts/setup/copy_templates.sh,.sh,4,{},,,,"#!/usr/bin/bash | echo ""Copying config template"" | cp docs/example_config.yaml config/config.yaml",data/github_cache/ancile-project__ancile/0d6e4079e367/content/scripts/setup/copy_templates.sh
ancile-project/ancile,main,scripts/setup/run_migrations.sh,.sh,5,{},.env,,,#!/usr/bin/bash | source .env/bin/activate | python manage.py migrate | deactivate,data/github_cache/ancile-project__ancile/0d6e4079e367/content/scripts/setup/run_migrations.sh
ancile-project/ancile,main,scripts/setup/setup_dockers.sh,.sh,4,{},,,,#!/usr/bin/env bash | docker run --name ancile_db --env-file scripts/setup/postgres.env -p 127.0.0.1:5432:5432 -d postgres | docker run --name redis_dev -p 127.0.0.1:6379:6379 -d redis,data/github_cache/ancile-project__ancile/0d6e4079e367/content/scripts/setup/setup_dockers.sh
ancile-project/ancile,main,scripts/setup/setup_env.sh,.sh,6,{},.env,,,#!/usr/bin/bash | python3 -m venv .env | source .env/bin/activate | pip install -r requirements.txt | deactivate,data/github_cache/ancile-project__ancile/0d6e4079e367/content/scripts/setup/setup_env.sh
ancile-project/ancile,main,scripts/setup/setup_node.sh,.sh,5,{},,,,#!/usr/bin/bash | cd ancile/web/frontend | npm i,data/github_cache/ancile-project__ancile/0d6e4079e367/content/scripts/setup/setup_node.sh
ancile-project/ancile,main,scripts/start_db.sh,.sh,2,{},,,,#!/bin/sh | docker start ancile_db,data/github_cache/ancile-project__ancile/0d6e4079e367/content/scripts/start_db.sh
ancile-project/ancile,main,scripts/start_dev_server.sh,.sh,5,{},.env,,,#!/usr/bin/bash | source .env/bin/activate; | bash scripts/start_db.sh | bash scripts/start_dev_vue.sh & python manage.py runserver,data/github_cache/ancile-project__ancile/0d6e4079e367/content/scripts/start_dev_server.sh
ancile-project/ancile,main,scripts/start_dev_vue.sh,.sh,3,{},,,,cd ancile/web/frontend | npm run serve,data/github_cache/ancile-project__ancile/0d6e4079e367/content/scripts/start_dev_vue.sh
ancile-project/ancile,main,scripts/start_prod_server.sh,.sh,5,{},.env,,,#!/usr/bin/bash | bash scripts/start_db.sh | bash scripts/setup/build_vue_prod.sh | source .env/bin/activate; | gunicorn  --bind 0.0.0.0:8000 ancile.web.ancile_web.wsgi:application -w 4 --pid .pidfile,data/github_cache/ancile-project__ancile/0d6e4079e367/content/scripts/start_prod_server.sh
ancile-project/ancile,main,scripts/teardown.sh,.sh,22,{},,,read,"#!/usr/bin/bash | if [[ $(basename $(pwd)) != ""ancile"" ]]; then | echo ""This script must be run from the base 'Ancile' directory."" | exit 1 | fi",data/github_cache/ancile-project__ancile/0d6e4079e367/content/scripts/teardown.sh
alantygel/ckanext-semantictags,master,bin/travis-build.bash,.bash,36,{},,,,"#!/bin/bash | set -e | echo ""This is travis-build.bash..."" | echo ""Installing the packages that CKAN requires..."" | sudo apt-get update -qq",data/github_cache/alantygel__ckanext-semantictags/fc613b4dfd67/content/bin/travis-build.bash
alantygel/ckanext-semantictags,master,bin/travis-run.sh,.sh,6,{},,,,"#!/bin/sh -e | echo ""NO_START=0\nJETTY_HOST=127.0.0.1\nJETTY_PORT=8983\nJAVA_HOME=$JAVA_HOME"" | sudo tee /etc/default/jetty | sudo cp ckan/ckan/config/solr/schema.xml /etc/solr/conf/schema.xml | sudo service jetty restart | nosetests --nologcapture --with-pylons=subdir/test.ini --with-coverage --cover-package=ckanext.semantictags --cover-inclusive --cover-erase --cover-tests",data/github_cache/alantygel__ckanext-semantictags/fc613b4dfd67/content/bin/travis-run.sh
alantygel/ckanext-semantictags,master,ckanext/__init__.py,.py,7,{},pkg_resources;pkgutil,,,# this is a namespace package | try: | import pkg_resources | pkg_resources.declare_namespace(__name__) | except ImportError:,data/github_cache/alantygel__ckanext-semantictags/fc613b4dfd67/content/ckanext/__init__.py
alantygel/ckanext-semantictags,master,ckanext/semantictags/__init__.py,.py,0,{},,,,,data/github_cache/alantygel__ckanext-semantictags/fc613b4dfd67/content/ckanext/semantictags/__init__.py
alantygel/ckanext-semantictags,master,ckanext/semantictags/commands.py,.py,61,{},,,model,import ckan.plugins as p | import paste.script | import db | import logging | from ckan.lib.cli import CkanCommand,data/github_cache/alantygel__ckanext-semantictags/fc613b4dfd67/content/ckanext/semantictags/commands.py
alantygel/ckanext-semantictags,master,ckanext/semantictags/controller.py,.py,122,{},,,load;read;model;save,"import ckan.plugins.toolkit as toolkit | import ckan.lib.helpers as helpers | import ckan.plugins as p | from ckan.lib.base import BaseController, response, request | import json",data/github_cache/alantygel__ckanext-semantictags/fc613b4dfd67/content/ckanext/semantictags/controller.py
alantygel/ckanext-semantictags,master,ckanext/semantictags/db.py,.py,388,{},,,model,"import vdm.sqlalchemy | from sqlalchemy.orm import relation | from sqlalchemy import types, Column, Table, ForeignKey, and_, UniqueConstraint | import ckan.model.tag as _tag | import ckan.model.extension as _extension",data/github_cache/alantygel__ckanext-semantictags/fc613b4dfd67/content/ckanext/semantictags/db.py
alantygel/ckanext-semantictags,master,ckanext/semantictags/plugin.py,.py,92,{},ckan;db,SemantictagsPlugin;after_map;before_map;configure;find_tag_semantictag;get_helpers;list_predicates;list_semantictags;list_tag_semantictags;list_tags;list_unique_predicates;semantictag_show;suggest_tag_semantictag;tag_show;update_config,model,import ckan.plugins as plugins | import ckan.plugins.toolkit as toolkit | import db | import ckan.model as model | def list_tags():,data/github_cache/alantygel__ckanext-semantictags/fc613b4dfd67/content/ckanext/semantictags/plugin.py
ark93-cosmo/CLASS_Modified_MDM,master,CPU.py,.py,624,"{""processing"": 1}",__future__;argparse;math;matplotlib;numpy;os;scipy;sys,CPU_parser;FormatError;InputError;InvertedPlanckTransform;NumberOfFilesError;PlanckScale;PlanckTransform;TypeError;__init__;_clip_smaller_than_one;_mask_nonpos;extract_headers;get_transform;inverted;limit_range_for_scale;main;plot_CLASS_output;process_long_names;replace_scale;set_default_locators_and_formatters;transform_non_affine,load;process;transform;parse;extract;plot;write,"#!/usr/bin/env python | """""" | .. module:: CPU | :synopsis: CPU, a CLASS Plotting Utility | .. moduleauthor:: Benjamin Audren <benjamin.audren@gmail.com>",data/github_cache/ark93-cosmo__CLASS_Modified_MDM/fc613b4dfd67/content/CPU.py
ark93-cosmo/CLASS_Modified_MDM,master,external_Pk/generate_Pk_example.py,.py,56,"{""evaluation"": 1}",__future__;math;sys,P,precision,#!/usr/bin/python | from __future__ import print_function | import sys | from math import exp | # README:,data/github_cache/ark93-cosmo__CLASS_Modified_MDM/fc613b4dfd67/content/external_Pk/generate_Pk_example.py
ark93-cosmo/CLASS_Modified_MDM,master,external_Pk/generate_Pk_example_w_tensors.py,.py,60,"{""evaluation"": 1}",__future__;math;sys,P_s;P_t,precision,#!/usr/bin/python | from __future__ import print_function | import sys | from math import exp | # README:,data/github_cache/ark93-cosmo__CLASS_Modified_MDM/fc613b4dfd67/content/external_Pk/generate_Pk_example_w_tensors.py
ark93-cosmo/CLASS_Modified_MDM,master,hyrec/helium.c,.c,185,{},math.h;stdio.h;stdlib.h,rec_helium_dxedt;rec_sahaHeI;rec_sahaHeII;rec_saha_xe_H;xe_PostSahaHe,,/*************************************************************************************************/ | /*                 HYREC: Hydrogen and Helium Recombination Code                                 */ | /*         Written by Yacine Ali-Haimoud and Chris Hirata (Caltech)                              */ | /*                                                                                               */ | /*         helium.c: all functions related to Hydrogen recombination                             */,data/github_cache/ark93-cosmo__CLASS_Modified_MDM/fc613b4dfd67/content/hyrec/helium.c
ark93-cosmo/CLASS_Modified_MDM,master,hyrec/helium.h,.h,14,{},,rec_helium_dxedt;rec_sahaHeI;rec_sahaHeII;rec_saha_xe_H;xe_PostSahaHe,,/*************************************************************************************************/ | /*                 HYREC: Hydrogen and Helium Recombination Code                                 */ | /*         Written by Yacine Ali-Haimoud and Chris Hirata (Caltech)                              */ | /*                                                                                               */ | /*         helium.h: all functions related to helium recombination                               */,data/github_cache/ark93-cosmo__CLASS_Modified_MDM/fc613b4dfd67/content/hyrec/helium.h
ark93-cosmo/CLASS_Modified_MDM,master,hyrec/history.c,.c,469,{},helium.h;history.h;hydrogen.h;hyrectools.h;math.h;stdio.h;stdlib.h;time.h,energy_injection_rate;onthespot_injection_rate;rec_HubbleConstant;rec_Tmss;rec_build_history;rec_dTmdlna;rec_get_cosmoparam;rec_get_xe_next1;rec_get_xe_next2,read;fit;model,/*************************************************************************************************/ | /*                 HYREC: Hydrogen and Helium Recombination Code                                 */ | /*         Written by Yacine Ali-Haimoud and Chris Hirata (Caltech)                              */ | /*                                                                                               */ | /*         history.c: compute reionization history                                               */,data/github_cache/ark93-cosmo__CLASS_Modified_MDM/fc613b4dfd67/content/hyrec/history.c
ark93-cosmo/CLASS_Modified_MDM,master,hyrec/history.h,.h,98,{},,F;energy_injection_rate;rec_HubbleConstant;rec_Tmss;rec_build_history;rec_dTmdlna;rec_get_cosmoparam;rec_get_xe_next1;rec_get_xe_next2,model,/*************************************************************************************************/ | /*                 HYREC: Hydrogen and Helium Recombination Code                                 */ | /*         Written by Yacine Ali-Haimoud and Chris Hirata (Caltech)                              */ | /*                                                                                               */ | /*         history.h: functions for recombination history                                        */,data/github_cache/ark93-cosmo__CLASS_Modified_MDM/fc613b4dfd67/content/hyrec/history.h
ark93-cosmo/CLASS_Modified_MDM,master,hyrec/hydrogen.c,.c,834,"{""processing"": 1}",hydrogen.h;hyrectools.h;math.h;stdio.h;stdlib.h,alphaB_PPB;cube;fminus;fplus_from_fminus;interpolate_rates;log;more;populateTS_2photon;populate_Diffusion;rate;read_rates;read_twog_params;real;rec_HMLA_2photon_dxedlna;rec_HMLA_dxedlna;rec_HPeebles_dxedlna;rec_HRecFast_dxedlna;solveTXeqB;solve_real_virt;square;update_fminus_Saha;xe_PostSahaH,read;normalize;fit;model,/*************************************************************************************************/ | /*                 HYREC: Hydrogen and Helium Recombination Code                                 */ | /*         Written by Yacine Ali-Haimoud and Chris Hirata (Caltech)                              */ | /*                                                                                               */ | /*         hydrogen.c: all functions related to Hydrogen recombination                           */,data/github_cache/ark93-cosmo__CLASS_Modified_MDM/fc613b4dfd67/content/hyrec/hydrogen.c
ark93-cosmo/CLASS_Modified_MDM,master,hyrec/hydrogen.h,.h,116,{},,alphaB_PPB;cube;fplus_from_fminus;interpolate_rates;populateTS_2photon;populate_Diffusion;read_rates;read_twog_params;rec_HMLA_2photon_dxedlna;rec_HMLA_dxedlna;rec_HPeebles_dxedlna;rec_HRecFast_dxedlna;solveTXeqB;solve_real_virt;square;update_fminus_Saha;xe_PostSahaH,model,/*************************************************************************************************/ | /*                 HYREC: Hydrogen and Helium Recombination Code                                 */ | /*         Written by Yacine Ali-Haimoud and Chris Hirata (Caltech)                              */ | /*                                                                                               */ | /*         hydrogen.h: all functions related to Hydrogen recombination                           */,data/github_cache/ark93-cosmo__CLASS_Modified_MDM/fc613b4dfd67/content/hyrec/hydrogen.h
ark93-cosmo/CLASS_Modified_MDM,master,hyrec/hyrec.c,.c,76,{},hyrec.h;math.h;stdio.h;stdlib.h;time.h,main,read;model,/*************************************************************************************************/ | /*                 HYREC: Hydrogen and Helium Recombination Code                                 */ | /*         Written by Yacine Ali-Haimoud and Chris Hirata (Caltech)                              */ | /*                                                                                               */ | /*         hyrec.c: main module                                                                  */,data/github_cache/ark93-cosmo__CLASS_Modified_MDM/fc613b4dfd67/content/hyrec/hyrec.c
ark93-cosmo/CLASS_Modified_MDM,master,hyrec/hyrec.h,.h,14,{},helium.h;history.h;hydrogen.h;hyrectools.h,,,/*************************************************************************************************/ | /*                 HYREC: Hydrogen and Helium Recombination Code                                 */ | /*         Written by Yacine Ali-Haimoud and Chris Hirata (Caltech)                              */ | /*                                                                                               */ | /*         hyrec.h: all includes                                                                 */,data/github_cache/ark93-cosmo__CLASS_Modified_MDM/fc613b4dfd67/content/hyrec/hyrec.h
ark93-cosmo/CLASS_Modified_MDM,master,hyrec/hyrectools.c,.c,172,{},hyrectools.h;math.h;stdio.h;stdlib.h,free_2D_array;free_3D_array;maketab;rec_interp1d;rec_interp2d;to,,"/*************************** HYRECTOOLS.C ******************************** | Multidimensional array creation and freeing functions. | Also, function to make linear arrays and interpolation routines. | Version: January 2011 (unchanged from November 2010 version) | **************************************************************************/",data/github_cache/ark93-cosmo__CLASS_Modified_MDM/fc613b4dfd67/content/hyrec/hyrectools.c
ark93-cosmo/CLASS_Modified_MDM,master,hyrec/hyrectools.h,.h,15,{},,free_2D_array;free_3D_array;maketab;rec_interp1d;rec_interp2d;to,,"/*************************** HYRECTOOLS.H ******************************** | Multidimensional array creation and freeing functions. | Also, function to make linear arrays and interpolation routines. | Version: January 2011 (identical to November 2010) | **************************************************************************/",data/github_cache/ark93-cosmo__CLASS_Modified_MDM/fc613b4dfd67/content/hyrec/hyrectools.h
ark93-cosmo/CLASS_Modified_MDM,master,include/arrays.h,.h,441,{},common.h,array_integrate_all_trapzd_or_spline,,/** | * definitions for module thermodynamics.c | */ | #ifndef __ARRAYS__ | #define __ARRAYS__,data/github_cache/ark93-cosmo__CLASS_Modified_MDM/fc613b4dfd67/content/include/arrays.h
ark93-cosmo/CLASS_Modified_MDM,master,include/background.h,.h,601,"{""evaluation"": 1}",arrays.h;common.h;dei_rkck.h;growTable.h;parser.h;quadrature.h,of,process;model;accuracy;precision,"/** @file background.h Documented includes for background module */ | #ifndef __BACKGROUND__ | #define __BACKGROUND__ | #include ""common.h"" | #include ""quadrature.h""",data/github_cache/ark93-cosmo__CLASS_Modified_MDM/fc613b4dfd67/content/include/background.h
ark93-cosmo/CLASS_Modified_MDM,master,include/class.h,.h,34,{},arrays.h;background.h;common.h;dei_rkck.h;float.h;growTable.h;input.h;lensing.h;math.h;nonlinear.h;omp.h;output.h;parser.h;perturbations.h;primordial.h;quadrature.h;spectra.h;stdio.h;stdlib.h;string.h;thermodynamics.h;transfer.h,modules,,"#ifndef __CLASS__ | #define __CLASS__ | /* standard libraries */ | #include ""stdio.h"" | #include ""stdlib.h""",data/github_cache/ark93-cosmo__CLASS_Modified_MDM/fc613b4dfd67/content/include/class.h
ark93-cosmo/CLASS_Modified_MDM,master,include/common.h,.h,819,"{""evaluation"": 1}",float.h;math.h;omp.h;stdarg.h;stdio.h;stdlib.h;string.h;svnversion.h,B;E;T0;T1;T2;and;class_protect_fprintf;class_protect_memcpy;class_protect_sprintf;directory;g;get_number_of_titles;is;used,read;metric;precision,"/** @file common.h Generic libraries, parameters and functions used in the whole code. */ | #include ""stdio.h"" | #include ""stdlib.h"" | #include ""math.h"" | #include ""string.h""",data/github_cache/ark93-cosmo__CLASS_Modified_MDM/fc613b4dfd67/content/include/common.h
ark93-cosmo/CLASS_Modified_MDM,master,include/dei_rkck.h,.h,123,{},common.h,,,"#ifndef __DEI__ | #define __DEI__ | #include ""common.h"" | struct generic_integrator_workspace | {",data/github_cache/ark93-cosmo__CLASS_Modified_MDM/fc613b4dfd67/content/include/dei_rkck.h
ark93-cosmo/CLASS_Modified_MDM,master,include/evolver_ndf15.h,.h,125,{},common.h;sparse.h,evolver_ndf15,,"#ifndef __EVO__ | #define __EVO__ | #include ""common.h"" | // #include ""perturbations.h"" | #include ""sparse.h""",data/github_cache/ark93-cosmo__CLASS_Modified_MDM/fc613b4dfd67/content/include/evolver_ndf15.h
ark93-cosmo/CLASS_Modified_MDM,master,include/evolver_rkck.h,.h,54,{},dei_rkck.h,,,"#ifndef __EVO__ | #define __EVO__ | #include ""dei_rkck.h"" | /**************************************************************/ | /**",data/github_cache/ark93-cosmo__CLASS_Modified_MDM/fc613b4dfd67/content/include/evolver_rkck.h
ark93-cosmo/CLASS_Modified_MDM,master,include/growTable.h,.h,47,{},common.h,gt_add;gt_free;gt_getPtr;gt_getSize;gt_init;gt_retrieve;gt_retrieveAll,,/*** | * A table that  grows automatically. | */ | #ifndef __GROWTABLE__ | #define __GROWTABLE__,data/github_cache/ark93-cosmo__CLASS_Modified_MDM/fc613b4dfd67/content/include/growTable.h
ark93-cosmo/CLASS_Modified_MDM,master,include/hermite3_interpolation_csource.h,.h,166,{},,,evaluate,"/** Hermite interpolation of order 3 for Phi, dPhi, and d2Phi. When xinterp | is sorted (increasing), computations can be reused. On the other hand, | for a randomly called value, the routine is not much slower than a | routine optimised for this case. The more sorted the vector, the faster | the execution time. For closed case, the interpolation structure only",data/github_cache/ark93-cosmo__CLASS_Modified_MDM/fc613b4dfd67/content/include/hermite3_interpolation_csource.h
ark93-cosmo/CLASS_Modified_MDM,master,include/hermite4_interpolation_csource.h,.h,163,{},,,evaluate,"/** Hermite interpolation of order 4 for Phi, dPhi, and d2Phi. When xinterp | is sorted (increasing), computations can be reused. On the other hand, | for a randomly called value, the routine is not much slower than a | routine optimised for this case. The more sorted the vector, the faster | the execution time. For closed case, the interpolation structure only",data/github_cache/ark93-cosmo__CLASS_Modified_MDM/fc613b4dfd67/content/include/hermite4_interpolation_csource.h
ark93-cosmo/CLASS_Modified_MDM,master,include/hermite6_interpolation_csource.h,.h,176,{},,,evaluate,"/** Hermite interpolation of order 6 for Phi, dPhi, and d2Phi. When xinterp | is sorted (increasing), computations can be reused. On the other hand, | for a randomly called value, the routine is not much slower than a | routine optimised for this case. The more sorted the vector, the faster | the execution time. For closed case, the interpolation structure only",data/github_cache/ark93-cosmo__CLASS_Modified_MDM/fc613b4dfd67/content/include/hermite6_interpolation_csource.h
ark93-cosmo/CLASS_Modified_MDM,master,include/hyperspherical.h,.h,192,{},common.h,hyperspherical_forwards_recurrence_chunk,,/** | * definitions for module hyperspherical.c | */ | #ifndef __HYPERSPHERICAL__ | #define __HYPERSPHERICAL__,data/github_cache/ark93-cosmo__CLASS_Modified_MDM/fc613b4dfd67/content/include/hyperspherical.h
ark93-cosmo/CLASS_Modified_MDM,master,include/input.h,.h,296,"{""evaluation"": 1}",background.h;common.h;lensing.h;nonlinear.h;output.h;parser.h;perturbations.h;primordial.h;quadrature.h;spectra.h;thermodynamics.h;transfer.h,,precision,"/** @file input.h Documented includes for input module */ | #ifndef __INPUT__ | #define __INPUT__ | #include ""common.h"" | #include ""parser.h""",data/github_cache/ark93-cosmo__CLASS_Modified_MDM/fc613b4dfd67/content/include/input.h
ark93-cosmo/CLASS_Modified_MDM,master,include/lensing.h,.h,323,"{""evaluation"": 1}",spectra.h,,precision,"/** @file lensing.h Documented includes for spectra module */ | #ifndef __LENSING__ | #define __LENSING__ | #include ""spectra.h"" | /**",data/github_cache/ark93-cosmo__CLASS_Modified_MDM/fc613b4dfd67/content/include/lensing.h
ark93-cosmo/CLASS_Modified_MDM,master,include/nonlinear.h,.h,167,"{""evaluation"": 1}",primordial.h,,precision,"/** @file nonlinear.h Documented includes for trg module */ | #include ""primordial.h"" | #ifndef __NONLINEAR__ | #define __NONLINEAR__ | #define _M_EV_TOO_BIG_FOR_HALOFIT_ 10. /**< above which value of non-CDM mass (in eV) do we stop trusting halofit? */",data/github_cache/ark93-cosmo__CLASS_Modified_MDM/fc613b4dfd67/content/include/nonlinear.h
ark93-cosmo/CLASS_Modified_MDM,master,include/output.h,.h,202,{},common.h;lensing.h,,write,"/** @file output.h Documented includes for output module */ | #ifndef __OUTPUT__ | #define __OUTPUT__ | #include ""common.h"" | #include ""lensing.h""",data/github_cache/ark93-cosmo__CLASS_Modified_MDM/fc613b4dfd67/content/include/output.h
ark93-cosmo/CLASS_Modified_MDM,master,include/parser.h,.h,125,{},common.h,parser_cat;parser_free;parser_init;parser_read_double;parser_read_file;parser_read_int;parser_read_line;parser_read_list_of_doubles;parser_read_list_of_integers;parser_read_list_of_strings;parser_read_string,read,"#ifndef __PARSER__ | #define __PARSER__ | #include ""common.h"" | #define _LINE_LENGTH_MAX_ 1024 /**< size of the string read in each line of the file (extra characters not taken into account) */ | #define _ARGUMENT_LENGTH_MAX_ 1024 /**< maximum size of each argument (name or value), including the final null character */",data/github_cache/ark93-cosmo__CLASS_Modified_MDM/fc613b4dfd67/content/include/parser.h
ark93-cosmo/CLASS_Modified_MDM,master,include/perturbations.h,.h,828,"{""evaluation"": 1}",evolver_ndf15.h;evolver_rkck.h;thermodynamics.h,W;background_at_tau;includes;that;thermodynamics_at_z;v,metric;precision;f1,"/** @file perturbations.h Documented includes for perturbation module */ | #ifndef __PERTURBATIONS__ | #define __PERTURBATIONS__ | #include ""thermodynamics.h"" | #include ""evolver_ndf15.h""",data/github_cache/ark93-cosmo__CLASS_Modified_MDM/fc613b4dfd67/content/include/perturbations.h
ark93-cosmo/CLASS_Modified_MDM,master,include/primordial.h,.h,533,"{""evaluation"": 1}",perturbations.h,H;V;is;of,precision,"/** @file primordial.h Documented includes for primordial module. */ | #ifndef __PRIMORDIAL__ | #define __PRIMORDIAL__ | #include ""perturbations.h"" | /** enum defining how the primordial spectrum should be computed */",data/github_cache/ark93-cosmo__CLASS_Modified_MDM/fc613b4dfd67/content/include/primordial.h
ark93-cosmo/CLASS_Modified_MDM,master,include/quadrature.h,.h,124,{},common.h,,,#ifndef __QSS__ | #define __QSS__ | #define _MIN_NUMBER_OF_LAGUERRE_POINTS_ 5 | /******************************************/ | /* Quadrature Sampling Strategy for CLASS */,data/github_cache/ark93-cosmo__CLASS_Modified_MDM/fc613b4dfd67/content/include/quadrature.h
ark93-cosmo/CLASS_Modified_MDM,master,include/sparse.h,.h,69,{},common.h,column_grouping;dfsr;reachr;sp_amd;sp_ludcmp;sp_lusolve;sp_mat_alloc;sp_mat_free;sp_num_alloc;sp_num_free;sp_refactor;sp_splsolve;sp_tdfs;sp_wclear,,#ifndef __SPA__ | #define __SPA__ | /****************************************/ | /* Sparse Matrix algorithms for CLASS   */ | /* 15/11 2010                           */,data/github_cache/ark93-cosmo__CLASS_Modified_MDM/fc613b4dfd67/content/include/sparse.h
ark93-cosmo/CLASS_Modified_MDM,master,include/spectra.h,.h,486,"{""evaluation"": 1}",transfer.h,is;of,metric;precision,"/** @file spectra.h Documented includes for spectra module */ | #ifndef __SPECTRA__ | #define __SPECTRA__ | #include ""transfer.h"" | /**",data/github_cache/ark93-cosmo__CLASS_Modified_MDM/fc613b4dfd67/content/include/spectra.h
ark93-cosmo/CLASS_Modified_MDM,master,include/svnversion.h,.h,1,{},,,,"#define _SVN_VERSION_ ""6142M""",data/github_cache/ark93-cosmo__CLASS_Modified_MDM/fc613b4dfd67/content/include/svnversion.h
ark93-cosmo/CLASS_Modified_MDM,master,include/thermodynamics.h,.h,690,"{""evaluation"": 1}",background.h,F;derivative;of;second;x_e,model;precision;f1,"/** @file thermodynamics.h Documented includes for thermodynamics module */ | #ifndef __THERMODYNAMICS__ | #define __THERMODYNAMICS__ | #include ""background.h"" | //#include ""arrays.h""",data/github_cache/ark93-cosmo__CLASS_Modified_MDM/fc613b4dfd67/content/include/thermodynamics.h
ark93-cosmo/CLASS_Modified_MDM,master,include/transfer.h,.h,673,"{""evaluation"": 1}",errno.h;hyperspherical.h;nonlinear.h;sys,for;of;types,precision,"/** @file transfer.h Documented includes for transfer module. */ | #ifndef __TRANSFER__ | #define __TRANSFER__ | #include ""nonlinear.h"" | #include ""hyperspherical.h""",data/github_cache/ark93-cosmo__CLASS_Modified_MDM/fc613b4dfd67/content/include/transfer.h
ark93-cosmo/CLASS_Modified_MDM,master,main/class.c,.c,115,"{""evaluation"": 1}",class.h,main,precision,"/** @file class.c | * Julien Lesgourgues, 17.04.2011 | */ | #include ""class.h"" | int main(int argc, char **argv) {",data/github_cache/ark93-cosmo__CLASS_Modified_MDM/fc613b4dfd67/content/main/class.c
ark93-cosmo/CLASS_Modified_MDM,master,Plots.py,.py,435,{},matplotlib;numpy;scipy,log_interp1d,plot,#%matplotlib inline | import numpy as np | import matplotlib | matplotlib.use('agg') | from matplotlib.patches import Ellipse,data/github_cache/ark93-cosmo__CLASS_Modified_MDM/fc613b4dfd67/content/Plots.py
ark93-cosmo/CLASS_Modified_MDM,master,python/interface_generator.py,.py,486,"{""evaluation"": 1}",__future__;collections;colorlog;logging;ordereddict;sys,create_logger;create_wrapper_class;extract_headers;main;write_imports,precision;write,""""""" | Automatically reads header files to generate an interface | """""" | from __future__ import division, print_function | import sys",data/github_cache/ark93-cosmo__CLASS_Modified_MDM/fc613b4dfd67/content/python/interface_generator.py
ark93-cosmo/CLASS_Modified_MDM,master,RealSpaceInterface/Calc2D/__init__.py,.py,0,{},,,,,data/github_cache/ark93-cosmo__CLASS_Modified_MDM/fc613b4dfd67/content/RealSpaceInterface/Calc2D/__init__.py
ark93-cosmo/CLASS_Modified_MDM,master,RealSpaceInterface/Calc2D/CalculationClass.py,.py,187,"{""processing"": 1}",Calc2D;classy;collections;config;cv2;logging;numpy;os,Calculation;__init__;calculate_spectra;getData;getInitialData;getTransferData;normalize;resolution;setCosmologialParameters;setInitialConditions;z_dec,normalize,import os | import logging | import cv2 | import numpy as np | from classy import Class,data/github_cache/ark93-cosmo__CLASS_Modified_MDM/fc613b4dfd67/content/RealSpaceInterface/Calc2D/CalculationClass.py
ark93-cosmo/CLASS_Modified_MDM,master,RealSpaceInterface/Calc2D/Database.py,.py,58,{},logging;os;pickle;uuid,Database;__contains__;__create_file;__get_frozen_key;__getitem__;__init__;__read_database;__setitem__;__write_database,load,import pickle | import os | import logging | import uuid | class Database:,data/github_cache/ark93-cosmo__CLASS_Modified_MDM/fc613b4dfd67/content/RealSpaceInterface/Calc2D/Database.py
ark93-cosmo/CLASS_Modified_MDM,master,RealSpaceInterface/Calc2D/DataGeneration.py,.py,91,{},Calc2D;cv2;logging;numpy,GenerateGaussianData;GenerateSIData,save,"import logging | import numpy as np | import cv2 | from Calc2D.rFourier import realFourier, realInverseFourier | def GenerateGaussianData(sigma, size, points, A=1):",data/github_cache/ark93-cosmo__CLASS_Modified_MDM/fc613b4dfd67/content/RealSpaceInterface/Calc2D/DataGeneration.py
ark93-cosmo/CLASS_Modified_MDM,master,RealSpaceInterface/Calc2D/DataPropagation.py,.py,37,{},numpy,PropagateAllData;PropagateData;PropagateDatawithList;PropagateDatawithListOld,,"import numpy as np | #uses one dimensional interpolation | def PropagateDatawithListOld(k,FValue,zredindex,transferFunctionlist): | return (transferFunctionlist[zredindex](k.ravel()) * FValue.ravel()).reshape(FValue.shape) | def PropagateDatawithList(k, FValue, zredindex, transferFunctionlist):",data/github_cache/ark93-cosmo__CLASS_Modified_MDM/fc613b4dfd67/content/RealSpaceInterface/Calc2D/DataPropagation.py
ark93-cosmo/CLASS_Modified_MDM,master,RealSpaceInterface/Calc2D/rFourier.py,.py,21,{},numpy,realFourier;realInverseAllFourier;realInverseFourier,,"import numpy as np | import numpy.fft as fft | def realFourier(step, Value): | FValue = np.fft.fftshift( | np.fft.rfft2(Value), axes=(0))  #shifting only the x axes",data/github_cache/ark93-cosmo__CLASS_Modified_MDM/fc613b4dfd67/content/RealSpaceInterface/Calc2D/rFourier.py
ark93-cosmo/CLASS_Modified_MDM,master,RealSpaceInterface/Calc2D/TransferFunction.py,.py,64,{},Calc2D;classy;config;logging;numpy;os;pickle;scipy;sys;uuid,ComputeTransferData;ComputeTransferFunctionList,,"import os.path | import pickle | import uuid | import numpy as np | from scipy.interpolate import InterpolatedUnivariateSpline, RectBivariateSpline",data/github_cache/ark93-cosmo__CLASS_Modified_MDM/fc613b4dfd67/content/RealSpaceInterface/Calc2D/TransferFunction.py
ark93-cosmo/CLASS_Modified_MDM,master,RealSpaceInterface/colormap_converter.py,.py,34,{},PIL;matplotlib;numpy;os,create_image,save,import matplotlib.cm as cm | import matplotlib.pyplot as plt | import numpy as np | from PIL import Image | import os,data/github_cache/ark93-cosmo__CLASS_Modified_MDM/fc613b4dfd67/content/RealSpaceInterface/colormap_converter.py
ark93-cosmo/CLASS_Modified_MDM,master,RealSpaceInterface/config.py,.py,23,{},os,,,"import os | # Default port number to listen on. Can be overriden by passing a port number | # as the first command line argument, e.g. `python tornadoserver.py 1234` | PORT = 7777 | # Directory to store previously computed transfer functions, spectra etc. in",data/github_cache/ark93-cosmo__CLASS_Modified_MDM/fc613b4dfd67/content/RealSpaceInterface/config.py
ark93-cosmo/CLASS_Modified_MDM,master,RealSpaceInterface/static/js/gif.js,.js,3,{},.;events,EventEmitter;GIF;ctor;e;g;isFunction;isNumber;isObject;isUndefined;s,,"// gif.js 0.2.0 - https://github.com/jnordberg/gif.js | (function(f){if(typeof exports===""object""&&typeof module!==""undefined""){module.exports=f()}else if(typeof define===""function""&&define.amd){define([],f)}else{var g;if(typeof window!==""undefined""){g=window}else if(typeof g | //# sourceMappingURL=gif.js.map",data/github_cache/ark93-cosmo__CLASS_Modified_MDM/fc613b4dfd67/content/RealSpaceInterface/static/js/gif.js
ark93-cosmo/CLASS_Modified_MDM,master,RealSpaceInterface/static/js/gif.worker.js,.js,3,{},.,ByteArray;GIFEncoder;LZWEncoder;MAXCODE;NeuQuant;alterneigh;altersingle;buildColormap;char_out;cl_block;cl_hash;compress;contest;e;encode;flush_char;getColormap;init;inxbuild;inxsearch;learn;nextPixel;output;s;unbiasnet,,"// gif.worker.js 0.2.0 - https://github.com/jnordberg/gif.js | (function e(t,n,r){function s(o,u){if(!n[o]){if(!t[o]){var a=typeof require==""function""&&require;if(!u&&a)return a(o,!0);if(i)return i(o,!0);var f=new Error(""Cannot find module '""+o+""'"");throw f.code=""MODULE_NOT_FOUND"",f | //# sourceMappingURL=gif.worker.js.map",data/github_cache/ark93-cosmo__CLASS_Modified_MDM/fc613b4dfd67/content/RealSpaceInterface/static/js/gif.worker.js
ark93-cosmo/CLASS_Modified_MDM,master,RealSpaceInterface/static/js/gridLayout.js,.js,61,{},,GridLayout,,/** | * @class GridLayout | * | * @property {number} count - Maximum number of items in this layout | * @property {number} margin - space between planes,data/github_cache/ark93-cosmo__CLASS_Modified_MDM/fc613b4dfd67/content/RealSpaceInterface/static/js/gridLayout.js
ark93-cosmo/CLASS_Modified_MDM,master,RealSpaceInterface/static/js/jquery.flot.axislabels.js,.js,466,"{""processing"": 1}",,AxisLabel;CanvasAxisLabel;CssTransformAxisLabel;HtmlAxisLabel;IeTransformAxisLabel;canvasSupported;canvasTextSupported;css3TransitionSupported;init,transform;plot;save,"/* | Axis Labels Plugin for flot. | http://github.com/markrcote/flot-axislabels | Original code is Copyright (c) 2010 Xuan Luo. | Original code was released under the GPLv3 license by Xuan Luo, September 2010.",data/github_cache/ark93-cosmo__CLASS_Modified_MDM/fc613b4dfd67/content/RealSpaceInterface/static/js/jquery.flot.axislabels.js
ark93-cosmo/CLASS_Modified_MDM,master,RealSpaceInterface/static/js/parameterConfig.js,.js,153,{},,accepting;requires;using;which,simulation,/* | The parameters the application exposes to the user are configured using this list. | Each parameter is represented by an entry in that list. | An entry is an object containing some required and some optional fields. | The required fields are:,data/github_cache/ark93-cosmo__CLASS_Modified_MDM/fc613b4dfd67/content/RealSpaceInterface/static/js/parameterConfig.js
ark93-cosmo/CLASS_Modified_MDM,master,RealSpaceInterface/static/js/paramGui.js,.js,397,{},,CosmoParams;ParamSet;ParameterGui;provides,simulation,/** @module paramGui */ | /** | * Initial Condition Type. Either Gaussian (0) or Scale Invariant (1). | * | * @typedef {number} IC_TYPE,data/github_cache/ark93-cosmo__CLASS_Modified_MDM/fc613b4dfd67/content/RealSpaceInterface/static/js/paramGui.js
ark93-cosmo/CLASS_Modified_MDM,master,RealSpaceInterface/static/js/playerPanel.js,.js,190,{},,PlayerPanel;Timeline;will,,"/** | * This function will be called when the user presses the play/pause button. | * @callback PlayerPanel~playPauseCallback | * @param {bool} playing - true if movie should be played, false if movie should be paused. | */",data/github_cache/ark93-cosmo__CLASS_Modified_MDM/fc613b4dfd67/content/RealSpaceInterface/static/js/playerPanel.js
ark93-cosmo/CLASS_Modified_MDM,master,RealSpaceInterface/static/js/redshiftModal.js,.js,253,{},,RedshiftModal,load;save,"/** | * @callback RedshiftModal~saveCallback | * @param {Object} config - redshift configuration; | *      for documentation on format, see {@link DEFAULT_REDSHIFTS} | */",data/github_cache/ark93-cosmo__CLASS_Modified_MDM/fc613b4dfd67/content/RealSpaceInterface/static/js/redshiftModal.js
ark93-cosmo/CLASS_Modified_MDM,master,RealSpaceInterface/static/js/RSI.js,.js,1756,{},,animate;b64ToFloatArray;checks;connect;decodeArray;disconnect;enterSingleMode;exitSingleMode;findTransferFunctionMinMax;for;getLastFrame;gifFinishCallback;gifProgressCallback;hideActivityIndicator;in;init;initClPlot;initColorMapDropdown;initGifDialog;initImgDialog;initPlotCollapseButton;initQuantityDropdown;initRedshiftEndToggle;initTransferPlot;initmPkPlot,load;read;process;transform;parse;plot;simulation,/** @module RSI */ | /** | * Display a warning message if web browser does not support WebGL. | */ | if (!Detector.webgl) {,data/github_cache/ark93-cosmo__CLASS_Modified_MDM/fc613b4dfd67/content/RealSpaceInterface/static/js/RSI.js
ark93-cosmo/CLASS_Modified_MDM,master,RealSpaceInterface/static/js/simulation.js,.js,874,{},,Simulation;SimulationManager;array;arrays;called;data;which,load;evaluate;simulation,"/** @const {string[]} */ | var QUANTITIES = [""d_g"", ""d_b"", ""d_ur"", ""d_g/4 + psi"", ""d_cdm""]; | /** @const {string[]} */ | var QUANTITY_LABELS =  [ | ""&delta;<sub>&gamma;</sub>"",",data/github_cache/ark93-cosmo__CLASS_Modified_MDM/fc613b4dfd67/content/RealSpaceInterface/static/js/simulation.js
ark93-cosmo/CLASS_Modified_MDM,master,RealSpaceInterface/static/js/simulationList.js,.js,337,{},,SimuTable,load;simulation,/** | * Number of decimal digits to round values to in the simulation list dialog. | * @const | * @type {number} | */,data/github_cache/ark93-cosmo__CLASS_Modified_MDM/fc613b4dfd67/content/RealSpaceInterface/static/js/simulationList.js
ark93-cosmo/CLASS_Modified_MDM,master,RealSpaceInterface/static/js/sockjs.min.js,.js,28,{},,f;quote;str;walk,load;read;parse;write,"/* SockJS client, version 0.3.4, http://sockjs.org, MIT License | Copyright (c) 2011-2012 VMware, Inc. | Permission is hereby granted, free of charge, to any person obtaining a copy | of this software and associated documentation files (the ""Software""), to deal | in the Software without restriction, including without limitation the rights",data/github_cache/ark93-cosmo__CLASS_Modified_MDM/fc613b4dfd67/content/RealSpaceInterface/static/js/sockjs.min.js
ark93-cosmo/CLASS_Modified_MDM,master,RealSpaceInterface/static/threejs/controls/OrbitControls.js,.js,706,{},,getAutoRotationAngle;getZoomScale;onKeyDown;onMouseDown;onMouseMove;onMouseUp;onMouseWheel;touchend;touchmove;touchstart,,/** | * @author qiao / https://github.com/qiao | * @author mrdoob / http://mrdoob.com | * @author alteredq / http://alteredqualia.com/ | * @author WestLangley / http://github.com/WestLangley,data/github_cache/ark93-cosmo__CLASS_Modified_MDM/fc613b4dfd67/content/RealSpaceInterface/static/threejs/controls/OrbitControls.js
ark93-cosmo/CLASS_Modified_MDM,master,RealSpaceInterface/static/threejs/Detector.js,.js,66,{},,,,/** | * @author alteredq / http://alteredqualia.com/ | * @author mr.doob / http://mrdoob.com/ | */ | var Detector = {,data/github_cache/ark93-cosmo__CLASS_Modified_MDM/fc613b4dfd67/content/RealSpaceInterface/static/threejs/Detector.js
ark93-cosmo/CLASS_Modified_MDM,master,RealSpaceInterface/static/threejs/libs/stats.min.js,.js,6,{},,,,"// stats.js - http://github.com/mrdoob/stats.js | var Stats=function(){var l=Date.now(),m=l,g=0,n=Infinity,o=0,h=0,p=Infinity,q=0,r=0,s=0,f=document.createElement(""div"");f.id=""stats"";f.addEventListener(""mousedown"",function(b){b.preventDefault();t(++s%2)},!1);f.style.css | i.innerHTML=""FPS"";a.appendChild(i);var c=document.createElement(""div"");c.id=""fpsGraph"";c.style.cssText=""position:relative;width:74px;height:30px;background-color:#0ff"";for(a.appendChild(c);74>c.children.length;){var j=do | k.id=""msText"";k.style.cssText=""color:#0f0;font-family:Helvetica,Arial,sans-serif;font-size:9px;font-weight:bold;line-height:15px"";k.innerHTML=""MS"";d.appendChild(k);var e=document.createElement(""div"");e.id=""msGraph"";e.sty | ""block"";d.style.display=""none"";break;case 1:a.style.display=""none"",d.style.display=""block""}};return{REVISION:11,domElement:f,setMode:t,begin:function(){l=Date.now()},end:function(){var b=Date.now();g=b-l;n=Math.min(n,g);",data/github_cache/ark93-cosmo__CLASS_Modified_MDM/fc613b4dfd67/content/RealSpaceInterface/static/threejs/libs/stats.min.js
ark93-cosmo/CLASS_Modified_MDM,master,RealSpaceInterface/tornadoserver.py,.py,248,{},Calc2D;base64;concurrent;config;json;logging;numpy;os;sys;time;tornado;traceback;unicodedata,DataConnection;SimulationHandler;generate_redshifts;get;get_colormaps;main;on_close;on_message;open;send_exception;send_frame;send_initial_state;set_cosmological_parameters;set_initial_condition,load,from Calc2D.CalculationClass import Calculation | import time | import numpy as np | from concurrent.futures import ThreadPoolExecutor | from tornado.ioloop import IOLoop,data/github_cache/ark93-cosmo__CLASS_Modified_MDM/fc613b4dfd67/content/RealSpaceInterface/tornadoserver.py
ark93-cosmo/CLASS_Modified_MDM,master,scripts/cl_ST.py,.py,159,"{""evaluation"": 1}",classy;math;matplotlib;numpy;scipy,,precision;optimize,# coding: utf-8 | # In[ ]: | # import necessary modules | # uncomment to get plots displayed in notebook | #%matplotlib inline,data/github_cache/ark93-cosmo__CLASS_Modified_MDM/fc613b4dfd67/content/scripts/cl_ST.py
ark93-cosmo/CLASS_Modified_MDM,master,scripts/cltt_terms.py,.py,111,"{""evaluation"": 1}",classy;math;matplotlib;numpy;scipy,,clean;precision;optimize,# coding: utf-8 | # In[ ]: | # import necessary modules | # uncomment to get plots displayed in notebook | #%matplotlib inline,data/github_cache/ark93-cosmo__CLASS_Modified_MDM/fc613b4dfd67/content/scripts/cltt_terms.py
ark93-cosmo/CLASS_Modified_MDM,master,scripts/distances.py,.py,81,{},,,plot,# coding: utf-8 | # In[ ]: | # import necessary modules | # uncomment to get plots displayed in notebook | #%matplotlib inline,data/github_cache/ark93-cosmo__CLASS_Modified_MDM/fc613b4dfd67/content/scripts/distances.py
ark93-cosmo/CLASS_Modified_MDM,master,scripts/many_times.py,.py,265,"{""evaluation"": 1}",,,load;read;precision;plot;optimize,# coding: utf-8 | # In[ ]: | # import necessary modules | # uncomment to get plots displayed in notebook | # uncomment to get plots displayed in notebook,data/github_cache/ark93-cosmo__CLASS_Modified_MDM/fc613b4dfd67/content/scripts/many_times.py
ark93-cosmo/CLASS_Modified_MDM,master,scripts/neutrinohierarchy.py,.py,118,"{""evaluation"": 1, ""processing"": 1}",,,extract;precision;optimize,# coding: utf-8 | # In[1]: | # import necessary modules | # uncomment to get plots displayed in notebook | #%matplotlib inline,data/github_cache/ark93-cosmo__CLASS_Modified_MDM/fc613b4dfd67/content/scripts/neutrinohierarchy.py
ark93-cosmo/CLASS_Modified_MDM,master,scripts/one_k.py,.py,173,{},,,load;read;plot;optimize,# coding: utf-8 | # In[ ]: | # import necessary modules | # uncomment to get plots displayed in notebook | #%matplotlib inline,data/github_cache/ark93-cosmo__CLASS_Modified_MDM/fc613b4dfd67/content/scripts/one_k.py
ark93-cosmo/CLASS_Modified_MDM,master,scripts/one_time.py,.py,246,"{""evaluation"": 1}",,,load;read;clean;precision;plot;save;optimize,# coding: utf-8 | # In[1]: | # import necessary modules | # uncomment to get plots displayed in notebook | #%matplotlib inline,data/github_cache/ark93-cosmo__CLASS_Modified_MDM/fc613b4dfd67/content/scripts/one_time.py
ark93-cosmo/CLASS_Modified_MDM,master,scripts/thermo.py,.py,83,{},,,optimize,# coding: utf-8 | # In[ ]: | # import necessary modules | # uncomment to get plots displayed in notebook | #%matplotlib inline,data/github_cache/ark93-cosmo__CLASS_Modified_MDM/fc613b4dfd67/content/scripts/thermo.py
ark93-cosmo/CLASS_Modified_MDM,master,scripts/varying_neff.py,.py,203,"{""evaluation"": 1, ""processing"": 1}",,,extract;precision;plot;optimize,# coding: utf-8 | # In[ ]: | # import necessary modules | # uncomment to get plots displayed in notebool | #%matplotlib inline,data/github_cache/ark93-cosmo__CLASS_Modified_MDM/fc613b4dfd67/content/scripts/varying_neff.py
ark93-cosmo/CLASS_Modified_MDM,master,scripts/varying_pann.py,.py,174,"{""evaluation"": 1}",,,precision;plot;optimize,# coding: utf-8 | # In[ ]: | # import necessary modules | # uncomment to get plots displayed in notebook | #%matplotlib inline,data/github_cache/ark93-cosmo__CLASS_Modified_MDM/fc613b4dfd67/content/scripts/varying_pann.py
ark93-cosmo/CLASS_Modified_MDM,master,scripts/warmup.py,.py,93,{},classy;math;matplotlib;numpy,,model;plot,# coding: utf-8 | # In[ ]: | # import classy module | from classy import Class | # In[ ]:,data/github_cache/ark93-cosmo__CLASS_Modified_MDM/fc613b4dfd67/content/scripts/warmup.py
ark93-cosmo/CLASS_Modified_MDM,master,source/background.c,.c,2507,"{""evaluation"": 1, ""processing"": 1}",background.h,V_e_scf;V_p_scf;V_scf;are;background_at_tau;background_derivs;background_find_equality;background_free;background_free_input;background_free_noinput;background_functions;background_indices;background_init;background_initial_conditions;background_ncdm_M_from_Omega;background_ncdm_distribution;background_ncdm_init;background_ncdm_momenta;background_ncdm_test_function;background_output_data;background_output_titles;background_solve;background_tau_of_z;background_w_fld;conventions,read;clean;extract;model;evaluate;accuracy;precision;save;write,"/** @file background.c Documented background module | * | * * Julien Lesgourgues, 17.04.2011 | * * routines related to ncdm written by T. Tram in 2011 | *",data/github_cache/ark93-cosmo__CLASS_Modified_MDM/fc613b4dfd67/content/source/background.c
ark93-cosmo/CLASS_Modified_MDM,master,source/input.c,.c,4344,"{""evaluation"": 1, ""processing"": 1}",input.h,class_fzero_ridder;class_version;compare_doubles;compare_integers;evaluations;file_exists;func;get_machine_precision;input;input_auxillary_target_conditions;input_default_params;input_default_precision;input_find_root;input_fzerofun_1d;input_get_guess;input_init;input_init_from_arguments;input_prepare_pk_eq;input_read_parameters;input_try_unknown_parameters;is;modules;section,read;extract;fit;model;metric;accuracy;precision;f1;report;write;analysis,"/** @file input.c Documented input module. | * | * Julien Lesgourgues, 27.08.2010 | */ | #include ""input.h""",data/github_cache/ark93-cosmo__CLASS_Modified_MDM/fc613b4dfd67/content/source/input.c
ark93-cosmo/CLASS_Modified_MDM,master,source/lensing.c,.c,1916,"{""evaluation"": 1}",lensing.h;time.h,can;difference;lensing_addback_cl_ee_bb;lensing_addback_cl_te;lensing_addback_cl_tt;lensing_cl_at_l;lensing_d00;lensing_d11;lensing_d1m1;lensing_d20;lensing_d22;lensing_d2m2;lensing_d31;lensing_d3m1;lensing_d3m3;lensing_d40;lensing_d4m2;lensing_d4m4;lensing_free;lensing_indices;lensing_init;lensing_lensed_cl_ee_bb;lensing_lensed_cl_te;lensing_lensed_cl_tt,precision,"/** @file lensing.c Documented lensing module | * | * Simon Prunet and Julien Lesgourgues, 6.12.2010 | * | * This module computes the lensed temperature and polarization",data/github_cache/ark93-cosmo__CLASS_Modified_MDM/fc613b4dfd67/content/source/lensing.c
ark93-cosmo/CLASS_Modified_MDM,master,source/nonlinear.c,.c,1010,"{""evaluation"": 1}",nonlinear.h,halofit;nonlinear_free;nonlinear_halofit;nonlinear_halofit_integrate;nonlinear_init;nonlinear_k_nl_at_z;nonlinear_pk_l;not;wint,fit;evaluate;precision;f1,"/** @file nonlinear.c Documented nonlinear module | * | * Julien Lesgourgues, 6.03.2014 | * | * New module replacing an older one present up to version 2.0 The new",data/github_cache/ark93-cosmo__CLASS_Modified_MDM/fc613b4dfd67/content/source/nonlinear.c
ark93-cosmo/CLASS_Modified_MDM,master,source/output.c,.c,1850,"{""evaluation"": 1}",output.h,output;output_background;output_cl;output_init;output_one_line_of_cl;output_one_line_of_pk;output_open_cl_file;output_open_pk_file;output_perturbations;output_pk;output_pk_nl;output_primordial;output_print_data;output_thermodynamics;output_tk;output_total_cl_at_l,precision;write,"/** @file output.c Documented output module | * | * Julien Lesgourgues, 26.08.2010 | * | * This module writes the output in files.",data/github_cache/ark93-cosmo__CLASS_Modified_MDM/fc613b4dfd67/content/source/output.c
ark93-cosmo/CLASS_Modified_MDM,master,source/primordial.c,.c,3458,"{""evaluation"": 1, ""processing"": 1}",primordial.h,can;primordial_analytic_spectrum;primordial_analytic_spectrum_init;primordial_external_spectrum_init;primordial_free;primordial_get_lnk_list;primordial_indices;primordial_inflation_analytic_spectra;primordial_inflation_check_hubble;primordial_inflation_check_potential;primordial_inflation_derivs;primordial_inflation_evolve_background;primordial_inflation_find_attractor;primordial_inflation_find_phi_pivot;primordial_inflation_get_epsilon;primordial_inflation_hubble;primordial_inflation_indices;primordial_inflation_one_k;primordial_inflation_one_wavenumber;primordial_inflation_potential;primordial_inflation_solve_inflation;primordial_inflation_spectra;primordial_init;primordial_output_data;primordial_output_titles,read;clean;process;normalize;model;accuracy;precision;write,"/** @file primordial.c Documented primordial module. | * | * Julien Lesgourgues, 24.08.2010 | * | * This module computes the primordial spectra. It can be used in different modes:",data/github_cache/ark93-cosmo__CLASS_Modified_MDM/fc613b4dfd67/content/source/primordial.c
ark93-cosmo/CLASS_Modified_MDM,master,source/spectra.c,.c,4357,"{""evaluation"": 1}",spectra.h,can;has;in;of;spectra_bandpower;spectra_cl_at_l;spectra_cls;spectra_compute_cl;spectra_fast_pk_at_kvec_and_zvec;spectra_firstline_and_ic_suffix;spectra_free;spectra_indices;spectra_init;spectra_k_and_tau;spectra_matter_transfers;spectra_output_tk_data;spectra_output_tk_titles;spectra_pk;spectra_pk_at_k_and_z;spectra_pk_at_z;spectra_pk_nl_at_k_and_z;spectra_pk_nl_at_z;spectra_sigma;spectra_sigma_cb;spectra_tk_at_k_and_z,precision;analysis,"/** @file spectra.c Documented spectra module | * | * Julien Lesgourgues, 25.08.2010 | * | * This module computes the anisotropy and Fourier power spectra",data/github_cache/ark93-cosmo__CLASS_Modified_MDM/fc613b4dfd67/content/source/spectra.c
ark93-cosmo/CLASS_Modified_MDM,master,source/thermodynamics.c,.c,3767,"{""evaluation"": 1, ""processing"": 1}",hyrec.h;thermodynamics.h,as;contains;corresponding;determines;evaluating;for;from;in;interpolating;of;reads;similar;thermodynamics_at_z;thermodynamics_derivs_with_recfast;thermodynamics_energy_injection;thermodynamics_free;thermodynamics_get_xe_before_reionization;thermodynamics_helium_from_bbn;thermodynamics_indices;thermodynamics_init;thermodynamics_merge_reco_and_reio;thermodynamics_onthespot_energy_injection;thermodynamics_output_data;thermodynamics_output_titles;thermodynamics_recombination,read;clean;normalize;fit;model;trial;evaluate;precision;f1,"/** @file thermodynamics.c Documented thermodynamics module | * | * Julien Lesgourgues, 6.09.2010 | * | * Deals with the thermodynamical evolution.",data/github_cache/ark93-cosmo__CLASS_Modified_MDM/fc613b4dfd67/content/source/thermodynamics.c
ark93-cosmo/CLASS_Modified_MDM,master,source/transfer.c,.c,5036,"{""evaluation"": 1, ""processing"": 1}",transfer.h,and;at;being;can;dN;dNdz;for;if;in;is;of;only;region;requires;tables;tau_size;transfer_can_be_neglected;transfer_compute_for_each_l;transfer_compute_for_each_q;transfer_dNdz_analytic;transfer_free;transfer_free_source_correspondence;transfer_functions_at_q;transfer_get_k_list;transfer_get_l_list,read;normalize;evaluate;metric;precision,"/** @file transfer.c Documented transfer module. | * | * Julien Lesgourgues, 28.07.2013 | * | * This module has two purposes:",data/github_cache/ark93-cosmo__CLASS_Modified_MDM/fc613b4dfd67/content/source/transfer.c
ark93-cosmo/CLASS_Modified_MDM,master,tools/arrays.c,.c,3144,{},arrays.h,array_derive;array_derive1_order2_table_line_to_line;array_derive2_order2_table_line_to_line;array_derive_spline;array_derive_spline_table_line_to_line;array_derive_two;array_integrate;array_integrate_all;array_integrate_all_spline;array_integrate_all_trapzd_or_spline;array_integrate_ratio;array_integrate_spline_table_line_to_line;array_interpolate;array_interpolate_cubic_equal;array_interpolate_equal;array_interpolate_extrapolate_logspline_loglinear_one_column;array_interpolate_extrapolate_spline_one_column;array_interpolate_growing_closeby;array_interpolate_linear;array_interpolate_logspline;array_interpolate_one_growing_closeby;array_interpolate_parabola;array_interpolate_spline;array_interpolate_spline_growing_closeby;array_interpolate_spline_growing_hunt,,"/** | * module with tools for manipulating arrays | * Julien Lesgourgues, 18.04.2010 | */ | #include ""arrays.h""",data/github_cache/ark93-cosmo__CLASS_Modified_MDM/fc613b4dfd67/content/tools/arrays.c
ark93-cosmo/CLASS_Modified_MDM,master,tools/common.c,.c,32,{},common.h,class_protect_fprintf;class_protect_memcpy;class_protect_sprintf;get_number_of_titles,,"#include ""common.h"" | void class_protect_sprintf(char* dest, char* tpl,...) { | va_list args; | va_start(args,tpl); | vsnprintf(dest, 2048,tpl,args);",data/github_cache/ark93-cosmo__CLASS_Modified_MDM/fc613b4dfd67/content/tools/common.c
ark93-cosmo/CLASS_Modified_MDM,master,tools/dei_rkck.c,.c,238,{},dei_rkck.h,cleanup_generic_integrator;generic_integrator;initialize_generic_integrator;rkck;rkqs,,"#include ""dei_rkck.h"" | /** | * Initialize the integrator | * | */",data/github_cache/ark93-cosmo__CLASS_Modified_MDM/fc613b4dfd67/content/tools/dei_rkck.c
ark93-cosmo/CLASS_Modified_MDM,master,tools/evolver_ndf15.c,.c,1648,"{""evaluation"": 1}",common.h;evolver_ndf15.h;sparse.h,adjust_stepsize;at;calc_C;convergence;eqvec;evaluations;evolver_ndf15;fzero_Newton;initialize_jacobian;initialize_numjac_workspace;interp_from_dif;interp_from_difold;lubksb;ludcmp;new_linearisation;numjac;only;that;uninitialize_jacobian;uninitialize_numjac_workspace;values,fit;predict;evaluate;precision;save;write,/****************************************/ | /* Stiff ODE evolver for CLASS					*/ | /* 19/11 2010 													*/ | /* Thomas Tram													*/ | /****************************************/,data/github_cache/ark93-cosmo__CLASS_Modified_MDM/fc613b4dfd67/content/tools/evolver_ndf15.c
ark93-cosmo/CLASS_Modified_MDM,master,tools/evolver_rkck.c,.c,178,"{""evaluation"": 1}",evolver_rkck.h,evolver_rk,precision,"#include ""evolver_rkck.h"" | int evolver_rk(int (*derivs)(double x, | double * y, | double * dy, | void * parameters_and_workspace,",data/github_cache/ark93-cosmo__CLASS_Modified_MDM/fc613b4dfd67/content/tools/evolver_rkck.c
ark93-cosmo/CLASS_Modified_MDM,master,tools/growTable.c,.c,161,{},growTable.h,gt_add;gt_free;gt_getPtr;gt_getSize;gt_init;gt_retrieve;gt_retrieveAll,,"/*** | * growTable provides automatically growing tables. | */ | #include ""growTable.h"" | /***",data/github_cache/ark93-cosmo__CLASS_Modified_MDM/fc613b4dfd67/content/tools/growTable.c
ark93-cosmo/CLASS_Modified_MDM,master,tools/hermite3_interpolation_csource.h,.h,166,{},,,evaluate,"/** Hermite interpolation of order 3 for Phi, dPhi, and d2Phi. When xinterp | is sorted (increasing), computations can be reused. On the other hand, | for a randomly called value, the routine is not much slower than a | routine optimised for this case. The more sorted the vector, the faster | the execution time. For closed case, the interpolation structure only",data/github_cache/ark93-cosmo__CLASS_Modified_MDM/fc613b4dfd67/content/tools/hermite3_interpolation_csource.h
ark93-cosmo/CLASS_Modified_MDM,master,tools/hermite4_interpolation_csource.h,.h,163,{},,,evaluate,"/** Hermite interpolation of order 4 for Phi, dPhi, and d2Phi. When xinterp | is sorted (increasing), computations can be reused. On the other hand, | for a randomly called value, the routine is not much slower than a | routine optimised for this case. The more sorted the vector, the faster | the execution time. For closed case, the interpolation structure only",data/github_cache/ark93-cosmo__CLASS_Modified_MDM/fc613b4dfd67/content/tools/hermite4_interpolation_csource.h
ark93-cosmo/CLASS_Modified_MDM,master,tools/hermite6_interpolation_csource.h,.h,176,{},,,evaluate,"/** Hermite interpolation of order 6 for Phi, dPhi, and d2Phi. When xinterp | is sorted (increasing), computations can be reused. On the other hand, | for a randomly called value, the routine is not much slower than a | routine optimised for this case. The more sorted the vector, the faster | the execution time. For closed case, the interpolation structure only",data/github_cache/ark93-cosmo__CLASS_Modified_MDM/fc613b4dfd67/content/tools/hermite6_interpolation_csource.h
ark93-cosmo/CLASS_Modified_MDM,master,tools/hyperspherical.c,.c,1766,"{""evaluation"": 1}",hermite3_interpolation_csource.h;hermite4_interpolation_csource.h;hermite6_interpolation_csource.h;hyperspherical.h,CF1_from_Gegenbauer;ClosedModY;HypersphericalExplicit;PhiWKB_minus_phiminabs;airy_cheb_approx;cheb;coef1;coef2;coef3;coef4;func;fzero_ridder;get_CF1;get_value_at_small_phi;hyperspherical_HIS_create;hyperspherical_HIS_free;hyperspherical_HIS_size;hyperspherical_Hermite3_interpolation_vector_Phi;hyperspherical_Hermite3_interpolation_vector_Phid2Phi;hyperspherical_Hermite3_interpolation_vector_PhidPhi;hyperspherical_Hermite3_interpolation_vector_PhidPhid2Phi;hyperspherical_Hermite3_interpolation_vector_d2Phi;hyperspherical_Hermite3_interpolation_vector_dPhi;hyperspherical_Hermite3_interpolation_vector_dPhid2Phi;hyperspherical_Hermite4_interpolation_vector_Phi,evaluate;accuracy,"/** @file hyperspherical.c Documented hyperspherical bessel function module. | * | * Thomas Tram, 11.01.2013 | * | * This module computes hyperspherical Bessel functions.",data/github_cache/ark93-cosmo__CLASS_Modified_MDM/fc613b4dfd67/content/tools/hyperspherical.c
ark93-cosmo/CLASS_Modified_MDM,master,tools/parser.c,.c,677,{},parser.h,parser_cat;parser_free;parser_init;parser_read_double;parser_read_double_and_position;parser_read_file;parser_read_int;parser_read_line;parser_read_list_of_doubles;parser_read_list_of_integers;parser_read_list_of_strings;parser_read_string,read,"#include ""parser.h"" | int parser_read_file( | char * filename, | struct file_content * pfc, | ErrorMsg errmsg",data/github_cache/ark93-cosmo__CLASS_Modified_MDM/fc613b4dfd67/content/tools/parser.c
ark93-cosmo/CLASS_Modified_MDM,master,tools/quadrature.c,.c,893,"{""evaluation"": 1, ""processing"": 1}",quadrature.h,burn_tree;can;combines;compute_Hermite;compute_Laguerre;cubature_order_eleven;evaluations;folded;get_integral;get_leaf_x_and_w;get_qsampling;get_qsampling_manual;gk_adapt;gk_quad;goes;is;leaf_count;quadrature_gauss_legendre;quadrature_in_rectangle;reduce_tree;sort_x_and_w,transform;evaluate;accuracy;precision;write,/******************************************/ | /* Quadrature Sampling Strategy for CLASS */ | /* 10/12 2010                             */ | /* Thomas Tram                            */ | /******************************************/,data/github_cache/ark93-cosmo__CLASS_Modified_MDM/fc613b4dfd67/content/tools/quadrature.c
ark93-cosmo/CLASS_Modified_MDM,master,tools/sparse.c,.c,628,{},common.h;sparse.h,column_grouping;dfsr;evaluations;reachr;sp_amd;sp_ludcmp;sp_lusolve;sp_mat_alloc;sp_mat_free;sp_num_alloc;sp_num_free;sp_refactor;sp_splsolve;sp_tdfs;sp_wclear,fit,/****************************************/ | /* Sparse Matrix algorithms for CLASS   */ | /* 15/11 2010                           */ | /* Thomas Tram                          */ | /****************************************/,data/github_cache/ark93-cosmo__CLASS_Modified_MDM/fc613b4dfd67/content/tools/sparse.c
allenai/longformer,master,longformer/__init__.py,.py,3,{},longformer,,,"from longformer.longformer import Longformer, LongformerForMaskedLM, LongformerConfig | from longformer.longformer_encoder_decoder import LongformerEncoderDecoderConfig | from longformer.longformer_encoder_decoder import LongformerEncoderDecoderForConditionalGeneration",data/github_cache/allenai__longformer/fc613b4dfd67/content/longformer/__init__.py
allenai/longformer,master,longformer/diagonaled_mm_tvm.py,.py,330,{},functools;os;torch;tvm;typing,DiagonaledMM;_compile_function;_diagonaled_mm;_get_function;_get_invalid_locations_mask;_get_invalid_locations_mask_fixed_dilation;_get_lib_filename;_load_compiled_function;_prepare_tensors;_save_compiled_function;backward;forward;mask_invalid_locations;tvm_callback_cuda_compile,load;save,from typing import Union | from functools import lru_cache | import torch | import os.path | class DiagonaledMM(torch.autograd.Function):,data/github_cache/allenai__longformer/fc613b4dfd67/content/longformer/diagonaled_mm_tvm.py
allenai/longformer,master,longformer/longformer.py,.py,269,{},longformer;math;torch;transformers;typing,Longformer;LongformerConfig;LongformerForMaskedLM;LongformerSelfAttention;__init__;forward,,from typing import List | import math | import torch | from torch import nn | import torch.nn.functional as F,data/github_cache/allenai__longformer/fc613b4dfd67/content/longformer/longformer.py
allenai/longformer,master,longformer/longformer_encoder_decoder.py,.py,76,{},longformer;torch;transformers;typing,LongformerEncoderDecoderConfig;LongformerEncoderDecoderForConditionalGeneration;LongformerSelfAttentionForBart;__init__;forward,model,"from typing import List, Optional, Tuple, Dict | from torch import nn, Tensor | from longformer.longformer import LongformerSelfAttention | from transformers.modeling_bart import BartConfig, BartForConditionalGeneration | class LongformerEncoderDecoderForConditionalGeneration(BartForConditionalGeneration):",data/github_cache/allenai__longformer/fc613b4dfd67/content/longformer/longformer_encoder_decoder.py
allenai/longformer,master,longformer/sliding_chunks.py,.py,176,{},longformer;torch,_chunk;_skew;_skew2;pad_to_window_size;sliding_chunks_matmul_pv;sliding_chunks_matmul_qk;sliding_chunks_no_overlap_matmul_pv;sliding_chunks_no_overlap_matmul_qk,,"import torch | import torch.nn.functional as F | from longformer.diagonaled_mm_tvm import mask_invalid_locations | def _skew(x, direction, padding_value): | '''Convert diagonals into columns (or columns into diagonals depending on `direction`'''",data/github_cache/allenai__longformer/fc613b4dfd67/content/longformer/sliding_chunks.py
allenai/longformer,master,longformer_on_beaker.sh,.sh,13,{},,,experiment;export,"#!/bin/bash | export SCRIPTS=$(beaker dataset create -q .) | export INPUT_DATASET_ID=""ds_drt127wv4aun"" | export RESULT_SAVE_DIR=""/runs"" | export RESULT_SAVE_PREFIX=""test""",data/github_cache/allenai__longformer/fc613b4dfd67/content/longformer_on_beaker.sh
allenai/longformer,master,scripts/__init__.py,.py,2,{},,,,,data/github_cache/allenai__longformer/fc613b4dfd67/content/scripts/__init__.py
allenai/longformer,master,scripts/hp_preprocess.py,.py,96,"{""dissemination"": 1}",argparse;codecs;collections;io;jsonlines;os;pandas;pathlib;re;simplejson;tqdm;xml,clean_txt;main;re_sub;write_jsonlist,load;download;parse;train;write,""""""" | Instrocutions for prepraing the hyperpartisan dataset: | 1- Download the original data from PAN at SemEval 2019 Task 4 https://zenodo.org/record/1489920 | -  the training subset: `articles-training-byarticle-20181122.zip` | -   labels: `ground-truth-training-byarticle-20181122.zip`",data/github_cache/allenai__longformer/fc613b4dfd67/content/scripts/hp_preprocess.py
allenai/longformer,master,scripts/mem_profiler.py,.py,69,{},longformer;pytorch_lightning;torch,CoolDataset;MemoryProfiler;__getitem__;__init__;__len__;configure_optimizers;forward;train_dataloader;training_step,fit;model,from longformer.longformer_encoder_decoder import LongformerEncoderDecoderForConditionalGeneration | from longformer.longformer_encoder_decoder import LongformerEncoderDecoderConfig | from longformer.longformer import LongformerForMaskedLM | from longformer.longformer import LongformerConfig | import torch,data/github_cache/allenai__longformer/fc613b4dfd67/content/scripts/mem_profiler.py
allenai/longformer,master,scripts/pretrain.py,.py,461,"{""evaluation"": 1, ""experimentation"": 1, ""processing"": 1}",argparse;glob;logging;math;multiprocessing;numpy;os;pytorch_lightning;random;time;torch;torch_xla;tqdm;transformers,MMapTextDataset;Pretrainer;__getitem__;__init__;__len__;_combine_shards;_get_loader;_process_file;_write_shard;add_args;configure_optimizers;forward;grad_norm;main;raw_text_to_mmap;to;train_dataloader;training_step;val_dataloader;validation_epoch_end;validation_step,load;read;train;fit;model;evaluation;precision;save;write,import argparse | import glob | import os | import random | import logging,data/github_cache/allenai__longformer/fc613b4dfd67/content/scripts/pretrain.py
allenai/longformer,master,scripts/summarization.py,.py,354,{},argparse;longformer;nlp;numpy;os;pytorch_lightning;random;rouge_score;torch;transformers,SummarizationDataset;Summarizer;__getitem__;__init__;__len__;_get_dataloader;_prepare_input;add_model_specific_args;collate_fn;configure_ddp;configure_optimizers;forward;label_smoothed_nll_loss;main;test_dataloader;test_epoch_end;test_step;train_dataloader;training_step;val_dataloader;validation_epoch_end;validation_step,load;train;fit;model;metric;save,import os | import argparse | import random | import numpy as np | import torch,data/github_cache/allenai__longformer/fc613b4dfd67/content/scripts/summarization.py
allenai/longformer,master,scripts/triviaqa.py,.py,804,"{""evaluation"": 1, ""processing"": 1}",argparse;collections;json;longformer;numpy;os;pytorch_lightning;random;scripts;string;torch;transformers,TriviaQA;TriviaQADataset;__getitem__;__init__;__len__;_get_qid;_get_question_end_index;_normalize_text;add_model_specific_args;collate_one_doc_and_lists;configure_ddp;configure_optimizers;decode;forward;is_whitespace;load_model;lr_lambda;main;one_example_to_tensors;or_softmax_cross_entropy_loss_one_doc;sync_list_across_gpus;test_dataloader;test_end;test_step;train_dataloader,load;train;fit;model;evaluation;metric;f1;simulate,import os | from collections import defaultdict | import argparse | import json | import string,data/github_cache/allenai__longformer/fc613b4dfd67/content/scripts/triviaqa.py
allenai/longformer,master,scripts/triviaqa_utils/__init__.py,.py,0,{},,,,,data/github_cache/allenai__longformer/fc613b4dfd67/content/scripts/triviaqa_utils/__init__.py
allenai/longformer,master,scripts/triviaqa_utils/dataset_utils.py,.py,61,"{""processing"": 1}",re,answer_index_in_document;get_key_to_ground_truth;get_qd_to_answer;get_question_doc_string;read_clean_part;read_triviaqa_data,read;clean,"# -*- coding: utf-8 -*- | from . import file_utils | import re | # Key for wikipedia eval is question-id. Key for web eval is the (question_id, filename) tuple | def get_key_to_ground_truth(data):",data/github_cache/allenai__longformer/fc613b4dfd67/content/scripts/triviaqa_utils/dataset_utils.py
allenai/longformer,master,scripts/triviaqa_utils/file_utils.py,.py,24,{},json,get_file_contents;get_file_contents_as_list;read_json;write_json_to_file,read,"import json | def write_json_to_file(json_object, json_file, mode='w', encoding='utf-8'): | with open(json_file, mode, encoding=encoding) as outfile: | json.dump(json_object, outfile, indent=4, sort_keys=True, ensure_ascii=False) | def get_file_contents(filename, encoding='utf-8'):",data/github_cache/allenai__longformer/fc613b4dfd67/content/scripts/triviaqa_utils/file_utils.py
allenai/longformer,master,tvm/__init__.py,.py,18,{},,,,"# Licensed to the Apache Software Foundation (ASF) under one | # or more contributor license agreements.  See the NOTICE file | # distributed with this work for additional information | # regarding copyright ownership.  The ASF licenses this file | # to you under the Apache License, Version 2.0 (the",data/github_cache/allenai__longformer/fc613b4dfd67/content/tvm/__init__.py
allenai/longformer,master,tvm/_ffi/__init__.py,.py,26,{},,,,"# Licensed to the Apache Software Foundation (ASF) under one | # or more contributor license agreements.  See the NOTICE file | # distributed with this work for additional information | # regarding copyright ownership.  The ASF licenses this file | # to you under the Apache License, Version 2.0 (the",data/github_cache/allenai__longformer/fc613b4dfd67/content/tvm/_ffi/__init__.py
allenai/longformer,master,tvm/_ffi/_ctypes/__init__.py,.py,17,{},,,,"# Licensed to the Apache Software Foundation (ASF) under one | # or more contributor license agreements.  See the NOTICE file | # distributed with this work for additional information | # regarding copyright ownership.  The ASF licenses this file | # to you under the Apache License, Version 2.0 (the",data/github_cache/allenai__longformer/fc613b4dfd67/content/tvm/_ffi/_ctypes/__init__.py
allenai/longformer,master,tvm/_ffi/_ctypes/function.py,.py,275,{},__future__;base;ctypes;ndarray;node;node_generic;numbers;runtime_ctypes;traceback;types,FunctionBase;__call__;__del__;__init__;__init_handle_by_constructor__;_ctypes_free_resource;_handle_return_func;_make_tvm_args;_return_module;_set_class_function;_set_class_module;_set_class_object;cfun;convert_to_tvm_func,,"# Licensed to the Apache Software Foundation (ASF) under one | # or more contributor license agreements.  See the NOTICE file | # distributed with this work for additional information | # regarding copyright ownership.  The ASF licenses this file | # to you under the Apache License, Version 2.0 (the",data/github_cache/allenai__longformer/fc613b4dfd67/content/tvm/_ffi/_ctypes/function.py
allenai/longformer,master,tvm/_ffi/_ctypes/ndarray.py,.py,130,{},__future__;base;ctypes;runtime_ctypes;types,NDArrayBase;__del__;__init__;_dlpack_deleter;_from_dlpack;_make_array;_reg_extension;_reg_ndarray;_set_class_ndarray;_tvm_handle;to_dlpack,,"# Licensed to the Apache Software Foundation (ASF) under one | # or more contributor license agreements.  See the NOTICE file | # distributed with this work for additional information | # regarding copyright ownership.  The ASF licenses this file | # to you under the Apache License, Version 2.0 (the",data/github_cache/allenai__longformer/fc613b4dfd67/content/tvm/_ffi/_ctypes/ndarray.py
allenai/longformer,master,tvm/_ffi/_ctypes/node.py,.py,102,{},__future__;base;ctypes;node_generic;types,NodeBase;__del__;__getattr__;__init_handle_by_constructor__;_register_node;_return_node,,"# Licensed to the Apache Software Foundation (ASF) under one | # or more contributor license agreements.  See the NOTICE file | # distributed with this work for additional information | # regarding copyright ownership.  The ASF licenses this file | # to you under the Apache License, Version 2.0 (the",data/github_cache/allenai__longformer/fc613b4dfd67/content/tvm/_ffi/_ctypes/node.py
allenai/longformer,master,tvm/_ffi/_ctypes/types.py,.py,108,{},__future__;base;ctypes;runtime_ctypes;struct,TVMValue;_ctx_to_int64;_return_bytes;_return_context;_return_handle;_wrap_arg_func;_wrap_func,,"# Licensed to the Apache Software Foundation (ASF) under one | # or more contributor license agreements.  See the NOTICE file | # distributed with this work for additional information | # regarding copyright ownership.  The ASF licenses this file | # to you under the Apache License, Version 2.0 (the",data/github_cache/allenai__longformer/fc613b4dfd67/content/tvm/_ffi/_ctypes/types.py
allenai/longformer,master,tvm/_ffi/_ctypes/vmobj.py,.py,52,{},__future__;base;ctypes;types,ObjectBase;__init__;_register_object;_return_object,,"# Licensed to the Apache Software Foundation (ASF) under one | # or more contributor license agreements.  See the NOTICE file | # distributed with this work for additional information | # regarding copyright ownership.  The ASF licenses this file | # to you under the Apache License, Version 2.0 (the",data/github_cache/allenai__longformer/fc613b4dfd67/content/tvm/_ffi/_ctypes/vmobj.py
allenai/longformer,master,tvm/_ffi/base.py,.py,314,{},__future__;ctypes;decorator;numpy;os;sys,TVMError;_find_error_type;_load_lib;_valid_error_name;c2pyerror;c_array;c_str;check_call;decorate;get_last_ffi_error;py2cerror;register;register_error,load,"# Licensed to the Apache Software Foundation (ASF) under one | # or more contributor license agreements.  See the NOTICE file | # distributed with this work for additional information | # regarding copyright ownership.  The ASF licenses this file | # to you under the Apache License, Version 2.0 (the",data/github_cache/allenai__longformer/fc613b4dfd67/content/tvm/_ffi/base.py
allenai/longformer,master,tvm/_ffi/function.py,.py,325,"{""processing"": 1}",__future__;_ctypes;_cy2;_cy3;base;ctypes;sys,Function;ModuleBase;__call__;__del__;__getitem__;__init__;_get_api;_init_api;_init_api_prefix;_list;entry_func;extract_ext_funcs;get_function;get_global_func;import_module;list_global_func_names;register;register_func,extract,"# Licensed to the Apache Software Foundation (ASF) under one | # or more contributor license agreements.  See the NOTICE file | # distributed with this work for additional information | # regarding copyright ownership.  The ASF licenses this file | # to you under the Apache License, Version 2.0 (the",data/github_cache/allenai__longformer/fc613b4dfd67/content/tvm/_ffi/function.py
allenai/longformer,master,tvm/_ffi/libinfo.py,.py,205,{},__future__;os;sys,find_include_path;find_lib_path;split_env_var,write,"# Licensed to the Apache Software Foundation (ASF) under one | # or more contributor license agreements.  See the NOTICE file | # distributed with this work for additional information | # regarding copyright ownership.  The ASF licenses this file | # to you under the Apache License, Version 2.0 (the",data/github_cache/allenai__longformer/fc613b4dfd67/content/tvm/_ffi/libinfo.py
allenai/longformer,master,tvm/_ffi/ndarray.py,.py,376,{},__future__;_ctypes;_cy2;_cy3;base;ctypes;numpy;runtime_ctypes;sys,NDArrayBase;__eq__;__hash__;__ne__;__repr__;__setitem__;__str__;asnumpy;context;copyfrom;copyto;ctx;dtype;empty;free_extension_handle;from_dlpack;numpyasarray;register_extension;same_as;shape,,"# Licensed to the Apache Software Foundation (ASF) under one | # or more contributor license agreements.  See the NOTICE file | # distributed with this work for additional information | # regarding copyright ownership.  The ASF licenses this file | # to you under the Apache License, Version 2.0 (the",data/github_cache/allenai__longformer/fc613b4dfd67/content/tvm/_ffi/ndarray.py
allenai/longformer,master,tvm/_ffi/node.py,.py,118,{},__future__;_ctypes;_cy2;_cy3;base;ctypes;node_generic;sys,NodeBase;__dir__;__eq__;__getstate__;__hash__;__ne__;__reduce__;__repr__;__setstate__;_new_object;register;register_node;same_as,,"# Licensed to the Apache Software Foundation (ASF) under one | # or more contributor license agreements.  See the NOTICE file | # distributed with this work for additional information | # regarding copyright ownership.  The ASF licenses this file | # to you under the Apache License, Version 2.0 (the",data/github_cache/allenai__longformer/fc613b4dfd67/content/tvm/_ffi/node.py
allenai/longformer,master,tvm/_ffi/node_generic.py,.py,116,{},__future__;base;numbers,NodeGeneric;_scalar_type_inference;_set_class_node_base;asnode;const;convert_to_node,,"# Licensed to the Apache Software Foundation (ASF) under one | # or more contributor license agreements.  See the NOTICE file | # distributed with this work for additional information | # regarding copyright ownership.  The ASF licenses this file | # to you under the Apache License, Version 2.0 (the",data/github_cache/allenai__longformer/fc613b4dfd67/content/tvm/_ffi/node_generic.py
allenai/longformer,master,tvm/_ffi/runtime_ctypes.py,.py,283,{},__future__;base;ctypes;json;numpy,TVMArray;TVMByteArray;TVMContext;TVMNDArrayContainer;TVMType;TypeCode;__eq__;__init__;__ne__;__repr__;compute_version;device_name;exist;max_clock_rate;max_shared_memory_per_block;max_thread_dimensions;max_threads_per_block;multi_processor_count;sync;warp_size,,"# Licensed to the Apache Software Foundation (ASF) under one | # or more contributor license agreements.  See the NOTICE file | # distributed with this work for additional information | # regarding copyright ownership.  The ASF licenses this file | # to you under the Apache License, Version 2.0 (the",data/github_cache/allenai__longformer/fc613b4dfd67/content/tvm/_ffi/runtime_ctypes.py
allenai/longformer,master,tvm/contrib/dlpack.py,.py,59,{},torch,_wrapper;convert_func;to_pytorch_func,,"# Licensed to the Apache Software Foundation (ASF) under one | # or more contributor license agreements.  See the NOTICE file | # distributed with this work for additional information | # regarding copyright ownership.  The ASF licenses this file | # to you under the Apache License, Version 2.0 (the",data/github_cache/allenai__longformer/fc613b4dfd67/content/tvm/contrib/dlpack.py
allenai/longformer,master,tvm/module.py,.py,289,{},_ffi;pathlib,Module;__repr__;enabled;evaluator;export_library;get_source;imported_modules;load;save;system_lib;time_evaluator;type_key,load;export;save;write,"# Licensed to the Apache Software Foundation (ASF) under one | # or more contributor license agreements.  See the NOTICE file | # distributed with this work for additional information | # regarding copyright ownership.  The ASF licenses this file | # to you under the Apache License, Version 2.0 (the",data/github_cache/allenai__longformer/fc613b4dfd67/content/tvm/module.py
allenai/longformer,master,tvm/ndarray.py,.py,232,{},__future__;_ffi;numpy,NDArray;array;cpu;ext_dev;gpu;metal;micro_dev;opencl;opengl;rocm;vpi;vulkan,,"# Licensed to the Apache Software Foundation (ASF) under one | # or more contributor license agreements.  See the NOTICE file | # distributed with this work for additional information | # regarding copyright ownership.  The ASF licenses this file | # to you under the Apache License, Version 2.0 (the",data/github_cache/allenai__longformer/fc613b4dfd67/content/tvm/ndarray.py
aboulch/medusa_tb,master,medusa_tb/__init__.py,.py,1,{},,,,,data/github_cache/aboulch__medusa_tb/fc613b4dfd67/content/medusa_tb/__init__.py
aboulch/medusa_tb,master,medusa_tb/sentinel_crop.py,.py,95,{},argparse;json;numpy;os;shutil;subprocess;zipfile,main;sentinel1_process;sentinel2_process,load;write,""""""" | Medusa ToolBox. | Copyright (C) 2017 ONERA, Alexandre Boulch | This program is free software; you can redistribute it | and/or modify it under the terms of the GNU General",data/github_cache/aboulch__medusa_tb/fc613b4dfd67/content/medusa_tb/sentinel_crop.py
aboulch/medusa_tb,master,medusa_tb/sentinel_download.py,.py,60,{},argparse;datetime;json;numpy;os;sentinelsat,,load;download;write,""""""" | Medusa ToolBox. | Copyright (C) 2017 ONERA, Alexandre Boulch | This program is free software; you can redistribute it | and/or modify it under the terms of the GNU General",data/github_cache/aboulch__medusa_tb/fc613b4dfd67/content/medusa_tb/sentinel_download.py
AaltoIIC/Ilmatar-Web-App,master,IlmaWebApp/IlmaWebApp.py,.py,65,{},flask;flask_wtf;json;os;time,checkControl;index;releaseControl;requestControl;resetControl,,"import os, json, time | from flask import Flask, render_template, request | from flask_wtf.csrf import CSRFProtect | csrf = CSRFProtect() | currentUser = None",data/github_cache/AaltoIIC__Ilmatar-Web-App/fc613b4dfd67/content/IlmaWebApp/IlmaWebApp.py
AaltoIIC/Ilmatar-Web-App,master,IlmaWebApp/static/apps/control/advanced/advanced.js,.js,96,{},,createLatencyTestUI;lagRequest;sleep,parse;write,"if (typeof latencies === ""undefined"") {var latencies = [];} | $(function() { | ""use strict""; | createLatencyTestUI(); | var times;",data/github_cache/AaltoIIC__Ilmatar-Web-App/fc613b4dfd67/content/IlmaWebApp/static/apps/control/advanced/advanced.js
AaltoIIC/Ilmatar-Web-App,master,IlmaWebApp/static/apps/control/marvel_mind/marvel_mind.js,.js,365,{},,buildControlTable;calibrate;calibrateCrane;craneLocation;moveCrane;moveMarvelmind;stop;stopCrane,parse,"$(function() { | ""use strict""; | buildControlTable(); | // Needs to be Float type for OPC UA server | let speed = 100;",data/github_cache/AaltoIIC__Ilmatar-Web-App/fc613b4dfd67/content/IlmaWebApp/static/apps/control/marvel_mind/marvel_mind.js
AaltoIIC/Ilmatar-Web-App,master,IlmaWebApp/static/apps/control/move/move.js,.js,107,{},,buildControlTable;moveCrane,parse,"$(function() { | ""use strict""; | buildControlTable(); | let speed = 100; | $("".direction"").on(""mousedown touchstart"", function() {",data/github_cache/AaltoIIC__Ilmatar-Web-App/fc613b4dfd67/content/IlmaWebApp/static/apps/control/move/move.js
AaltoIIC/Ilmatar-Web-App,master,IlmaWebApp/static/apps/monitor/camera/camera.js,.js,20,{},,,,"$(function() { | ""use strict""; | console.log(""Camera""); | let camUrl = ""http://10.213.1.171/mjpg/video.mjpg""; | $(""#monitor"").append(",data/github_cache/AaltoIIC__Ilmatar-Web-App/fc613b4dfd67/content/IlmaWebApp/static/apps/monitor/camera/camera.js
AaltoIIC/Ilmatar-Web-App,master,IlmaWebApp/static/apps/monitor/condition/condition.js,.js,58,{},,buildConditionTable;getNodes;printConditionData,,"$(function() { | ""use strict""; | buildConditionTable(); | getNodes(""Ilmatar"", ""ns=7;s=scf.plc.dx_custom_v.conditionmonitoring""); | });",data/github_cache/AaltoIIC__Ilmatar-Web-App/fc613b4dfd67/content/IlmaWebApp/static/apps/monitor/condition/condition.js
AaltoIIC/Ilmatar-Web-App,master,IlmaWebApp/static/apps/monitor/custom/custom.js,.js,190,{},,buildSensorDropdown;getSensorList;printData;updateData,parse,"if (typeof sensorMonitorQuery === ""undefined"") {var sensorMonitorQuery = new XMLHttpRequest();} | if (typeof sensorListParentNodeId === ""undefined"") {var sensorListParentNodeId = """";} | if (typeof monitoredList === ""undefined"") {var monitoredList = {};} | if (typeof sensorList === ""undefined"") {var sensorList = {};} | if (typeof autoUpdate === ""undefined"") {var autoUpdate = false;}",data/github_cache/AaltoIIC__Ilmatar-Web-App/fc613b4dfd67/content/IlmaWebApp/static/apps/monitor/custom/custom.js
AaltoIIC/Ilmatar-Web-App,master,IlmaWebApp/static/apps/monitor/position/position.js,.js,104,{},,buildPositionTable;printPosition;updatePosition,parse,"if (typeof positionMonitorQuery === ""undefined"") {var positionMonitorQuery = new XMLHttpRequest();} | $(function() { | ""use strict""; | console.log(""Position""); | if (typeof autoUpdate === ""undefined"") {var autoUpdate = false;}",data/github_cache/AaltoIIC__Ilmatar-Web-App/fc613b4dfd67/content/IlmaWebApp/static/apps/monitor/position/position.js
AaltoIIC/Ilmatar-Web-App,master,IlmaWebApp/static/js/bootstrap.bundle.min.js,.js,7,{},jquery,Be;Dt;Fe;Ge;In;Je;Ke;Le;Me;Ne;Pe;Re;Tt;Ue;Ve;We;Xe;Ye;Ze;a;as;at;c;ct;dt,load;transform,/*! | * Bootstrap v4.4.1 (https://getbootstrap.com/) | * Copyright 2011-2019 The Bootstrap Authors (https://github.com/twbs/bootstrap/graphs/contributors) | * Licensed under MIT (https://github.com/twbs/bootstrap/blob/master/LICENSE) | */,data/github_cache/AaltoIIC__Ilmatar-Web-App/fc613b4dfd67/content/IlmaWebApp/static/js/bootstrap.bundle.min.js
AaltoIIC/Ilmatar-Web-App,master,IlmaWebApp/static/js/control_manager.js,.js,204,{},,controlLifeline;releaseControl;requestControl;startControl;terminateControl,parse,/* | Manages control access so that only one person at a time should | have control of the crane. | Communicates with the OPC UA server via a GraphQL API. | On control request:,data/github_cache/AaltoIIC__Ilmatar-Web-App/fc613b4dfd67/content/IlmaWebApp/static/js/control_manager.js
AaltoIIC/Ilmatar-Web-App,master,IlmaWebApp/static/js/data_reader.js,.js,94,{},,Datareader;that,read;parse,/* | Unused code! | Unfinished datareader class that is could be the only | object that reads data from Ilmatar. This minimizes | the queries sent to the OPC UA server's GraphQL wrapper.,data/github_cache/AaltoIIC__Ilmatar-Web-App/fc613b4dfd67/content/IlmaWebApp/static/js/data_reader.js
AaltoIIC/Ilmatar-Web-App,master,IlmaWebApp/static/js/jquery-3.4.1.min.js,.js,2,"{""processing"": 1}",+u+,A;Ae;Array;B;Bt;Ce;De;Ee;Ge;I;Ie;M;Me;Ne;Oe;P;Pe;Re;Se;Te;V;W;We;X;Y,load;parse;simulate,"/*! jQuery v3.4.1 | (c) JS Foundation and other contributors | jquery.org/license */ | !function(e,t){""use strict"";""object""==typeof module&&""object""==typeof module.exports?module.exports=e.document?t(e,!0):function(e){if(!e.document)throw new Error(""jQuery requires a window with a document"");return t(e)}:t",data/github_cache/AaltoIIC__Ilmatar-Web-App/fc613b4dfd67/content/IlmaWebApp/static/js/jquery-3.4.1.min.js
AaltoIIC/Ilmatar-Web-App,master,IlmaWebApp/static/js/script_loader.js,.js,22,{},,,,"$(function() { | ""use strict""; | $("".monitorApp"").on(""click"", function() { | let appName = $(this).text().toLowerCase().replace(/\s/g, ''); | let appUrl = location.origin + ""/static/apps/monitor/"" + appName + ""/"" + appName;",data/github_cache/AaltoIIC__Ilmatar-Web-App/fc613b4dfd67/content/IlmaWebApp/static/js/script_loader.js
AaltoIIC/Ilmatar-Web-App,master,IlmaWebApp/static/js/watchdog.js,.js,95,{},,checkStatus;watchdog,parse,// Check if running in a Web worker and set required variables if so | if (typeof WorkerGlobalScope !== 'undefined' && self instanceof WorkerGlobalScope) { | var webWorker = true; | onmessage = function(msg) { | console.log('Watchdog worker started');,data/github_cache/AaltoIIC__Ilmatar-Web-App/fc613b4dfd67/content/IlmaWebApp/static/js/watchdog.js
AaltoIIC/Ilmatar-Web-App,master,IlmaWebApp/wsgi.py,.py,4,{},IlmaWebApp,,,"from IlmaWebApp import app | if __name__ == ""__main__"": | app.run(host='0.0.0.0')",data/github_cache/AaltoIIC__Ilmatar-Web-App/fc613b4dfd67/content/IlmaWebApp/wsgi.py
AaltoIIC/Ilmatar-Web-App,master,redeployToRaspPi.sh,.sh,16,{},,,,"#!/bin/bash | echo """" | echo ""Run this file with ubuntu bash only from the project folder!"" | echo ""This script copies all files from its folder that are not ignored in rsync-ignore.txt"" | echo ""Starting redeployment""",data/github_cache/AaltoIIC__Ilmatar-Web-App/fc613b4dfd67/content/redeployToRaspPi.sh
2bt/haec,master,communication/clean.sh,.sh,12,{},,,,#!/bin/bash | rm 0* | rm 1* | rm 2* | rm 3*,data/github_cache/2bt__haec/fc613b4dfd67/content/communication/clean.sh
2bt/haec,master,communication/gen_config.py,.py,40,{},,,,#!/usr/bin/python | import sys | depth = int(sys.argv[1]) if len(sys.argv) > 1 else 2 | lines = [] | switches_left = [],data/github_cache/2bt__haec/fc613b4dfd67/content/communication/gen_config.py
2bt/haec,master,communication/include/cambri.h,.h,22,{},,cambri_get_current;cambri_get_energy;cambri_init;cambri_kill;cambri_log_data;cambri_read;cambri_set_energy;cambri_set_mode;cambri_write,,"#pragma once | enum { NUM_CAMBRIS = 65 }; | enum { | CAMBRI_OFF = 'o', | CAMBRI_CHARGE = 'c'",data/github_cache/2bt__haec/fc613b4dfd67/content/communication/include/cambri.h
2bt/haec,master,communication/include/event.h,.h,94,{},worker.h,event_append;event_pop;event_print;event_type_string;format_timestamp;read_timestamp;timestamp,,"#pragma once | #include ""worker.h"" | typedef struct Event Event; | struct Event { | Event*	next;",data/github_cache/2bt__haec/fc613b4dfd67/content/communication/include/event.h
2bt/haec,master,communication/include/server.h,.h,29,{},,server_log_event;server_run,,"#pragma once | enum { | STDIN = 0, | PORT = 1337 | };",data/github_cache/2bt__haec/fc613b4dfd67/content/communication/include/server.h
2bt/haec,master,communication/include/sim.h,.h,32,{},,absolute_timestamp;select;sim_cambri_init;sim_cambri_kill;sim_cambri_log_data;sim_cambri_read;sim_cambri_set_mode;sim_cambri_write;sim_racr_time_end;sim_racr_time_start,,#pragma once | #ifdef SIM | #define		select				sim_select | #define		absolute_timestamp	sim_absolute_timestamp | #define		cambri_init    		sim_cambri_init,data/github_cache/2bt__haec/fc613b4dfd67/content/communication/include/sim.h
2bt/haec,master,communication/include/worker.h,.h,69,{},arpa;unistd.h,worker_device_string;worker_find_by_address;worker_find_by_id;worker_find_by_socket;worker_init;worker_kill;worker_next;worker_send;worker_state_string,,#pragma once | #include <arpa/inet.h> | #include <unistd.h> | typedef struct { | int is_switch;,data/github_cache/2bt__haec/fc613b4dfd67/content/communication/include/worker.h
2bt/haec,master,communication/measure.py,.py,116,{},,,read;write,"#!/usr/bin/env python | import sys, os, time, socket, select, serial | # args: 192.168.1.21 2001 | def get_tty_name(c): | if c == 0:",data/github_cache/2bt__haec/fc613b4dfd67/content/communication/measure.py
2bt/haec,master,communication/run.sh,.sh,35,{},,,,"#!/bin/sh | #cat pre_""$1"".run ../rungengui/test6_90.run > q.run && ./server q.run; ../plot_run | for c in 6 5 | do | echo '# gen_config.py' ""$c""  >> q",data/github_cache/2bt__haec/fc613b4dfd67/content/communication/run.sh
2bt/haec,master,communication/update-workers.sh,.sh,27,{},,reboot;wiki,,#!/bin/bash | function reboot() { | sshpass -p root ssh root@$1 << END | #reboot | halt,data/github_cache/2bt__haec/fc613b4dfd67/content/communication/update-workers.sh
2bt/haec,master,index/messung/energy.py,.py,150,{},,,read;write,"#!/usr/bin/env python | import sys, os, time, socket | PORT = 1337 | SAMPLES = 3 | freqs = [",data/github_cache/2bt__haec/fc613b4dfd67/content/index/messung/energy.py
2bt/haec,master,index/messung/energy_chart.py,.py,38,{},matplotlib;numpy;pylab,,plot,#!/usr/bin/env python | # coding=utf-8 | import pylab as pl | import numpy as np | from matplotlib.legend_handler import HandlerLine2D,data/github_cache/2bt__haec/fc613b4dfd67/content/index/messung/energy_chart.py
2bt/haec,master,index/messung/power_chart.py,.py,39,{},,,plot,#!/usr/bin/env python | # coding=utf-8 | import pylab as pl | import numpy as np | from matplotlib.legend_handler import HandlerLine2D,data/github_cache/2bt__haec/fc613b4dfd67/content/index/messung/power_chart.py
2bt/haec,master,index/messung/time_chart.py,.py,38,{},matplotlib;numpy;pylab,,plot,#!/usr/bin/env python | # coding=utf-8 | import pylab as pl | import numpy as np | from matplotlib.legend_handler import HandlerLine2D,data/github_cache/2bt__haec/fc613b4dfd67/content/index/messung/time_chart.py
2bt/haec,master,index/wiki/unpack.py,.py,36,{},,,export;write,"#!/usr/bin/env python | from lxml import etree | import bz2 | import sys | """"""",data/github_cache/2bt__haec/fc613b4dfd67/content/index/wiki/unpack.py
2bt/haec,master,web/static/js/d3.min.js,.js,5,"{""evaluation"": 1}",,A;Ae;Ai;Ao;Ar;At;Au;B;Be;Bi;Br;Bt;Bu;C;Ce;Ci;Co;Cr;Ct;Cu;D;De;Di;Do;Dr,load;clean;transform;parse;precision,"!function(){function n(n,t){return t>n?-1:n>t?1:n>=t?0:0/0}function t(n){return null!=n&&!isNaN(n)}function e(n){return{left:function(t,e,r,u){for(arguments.length<3&&(r=0),arguments.length<4&&(u=t.length);u>r;){var i=r+ | return t.precision=function(n){return arguments.length?(a=(i=n*n)>0&&16,t):Math.sqrt(i)},t}function Ge(n){var t=Je(function(t,e){return n([t*Ca,e*Ca])});return function(n){return er(t(n))}}function Ke(n){this.stream=n}fu | return o>=1?(i.event&&i.event.end.call(n,l,t),s()):void 0}function s(){return--u.count?delete u[e]:delete n.__transition__,1}var l=n.__data__,f=i.ease,h=i.delay,g=i.duration,p=Ba,v=[];return p.t=h+a,r>=h?o(r-h):(p.c=o,vo | for(var o,e,p=-1/0,t=i.length-1,r=0,u=i[t];t>=r;u=e,++r)e=i[r],(o=a(u[1],e[0]))>p&&(p=o,l=e[0],h=u[1])}return x=M=null,1/0===l||1/0===f?[[0/0,0/0],[0/0,0/0]]:[[l,f],[h,g]]}}(),Zo.geo.centroid=function(n){hc=gc=pc=vc=dc=m | return c>=ys?n?""M0,""+i+""A""+i+"",""+i+"" 0 1,1 0,""+-i+""A""+i+"",""+i+"" 0 1,1 0,""+i+""M0,""+n+""A""+n+"",""+n+"" 0 1,0 0,""+-n+""A""+n+"",""+n+"" 0 1,0 0,""+n+""Z"":""M0,""+i+""A""+i+"",""+i+"" 0 1,1 0,""+-i+""A""+i+"",""+i+"" 0 1,1 0,""+i+""Z"":n?""M""+i*l+"",""+",data/github_cache/2bt__haec/fc613b4dfd67/content/web/static/js/d3.min.js
2bt/haec,master,web/static/js/jquery-2.1.1.min.js,.js,4,"{""processing"": 1}",+i+,Array;Bc;D;Fb;G;Gb;Hb;I;Ib;Jb;K;Kb;Kc;P;Sb;Tb;Ub;Vb;Wb;Xb;Z;_;b;fb;g,load;parse;write;simulate,"/*! jQuery v2.1.1 | (c) 2005, 2014 jQuery Foundation, Inc. | jquery.org/license */ | !function(a,b){""object""==typeof module&&""object""==typeof module.exports?module.exports=a.document?b(a,!0):function(a){if(!a.document)throw new Error(""jQuery requires a window with a document"");return b(a)}:b(a)}(""undefin | },_data:function(a,b,c){return L.access(a,b,c)},_removeData:function(a,b){L.remove(a,b)}}),n.fn.extend({data:function(a,b){var c,d,e,f=this[0],g=f&&f.attributes;if(void 0===a){if(this.length&&(e=M.get(f),1===f.nodeType&& | },removeAttr:function(a,b){var c,d,e=0,f=b&&b.match(E);if(f&&1===a.nodeType)while(c=f[e++])d=n.propFix[c]||c,n.expr.match.bool.test(c)&&(a[d]=!1),a.removeAttribute(c)},attrHooks:{type:{set:function(a,b){if(!k.radioValue&",data/github_cache/2bt__haec/fc613b4dfd67/content/web/static/js/jquery-2.1.1.min.js
2bt/haec,master,web/static/js/recordings.js,.js,558,{},,,load;process;transform,"var Graph = function(recording_name, ready_function, recording_title, color) { | var self = this; | var x_scale = d3.scale.linear().range([0, self.width]); | var y_scale = d3.scale.linear().range([self.height, 0]); | self.svg = d3.select(""#content"").append(""svg"")",data/github_cache/2bt__haec/fc613b4dfd67/content/web/static/js/recordings.js
2bt/haec,master,web/static/js/share.js,.js,12,{},,id_to_index,,function id_to_index(id) { | var d = id % 1000 - 1; | var i = (id - d - 1) / 1000 - 1; | return d + i * 8; | },data/github_cache/2bt__haec/fc613b4dfd67/content/web/static/js/share.js
acama/xrop,master,include/arm-gen.h,.h,31,{},xrop.h,generate_arm,,/* | arm-gen.h -- prototypes for ARM gadget search functions | Copyright (C) 2014  Amat I. Cama | This file is part of xrop. | Xrop is free software: you can redistribute it and/or modify,data/github_cache/acama__xrop/fc613b4dfd67/content/include/arm-gen.h
acama/xrop,master,include/color_print.h,.h,38,{},,__color_printf,,#ifndef COLOR_PRINT_H | #define COLOR_PRINT_H | extern int xrop_no_color_g; | enum colors | {,data/github_cache/acama__xrop/fc613b4dfd67/content/include/color_print.h
acama/xrop,master,include/common.h,.h,58,{},xrop.h,is_branch;is_valid_instr;print_gadget;print_gadgets_list;print_gadgets_list_delay;print_path;reg_match,,/* | common.h -- Prototypes for common functions | Copyright (C) 2014  Amat I. Cama | This file is part of xrop. | Xrop is free software: you can redistribute it and/or modify,data/github_cache/acama__xrop/fc613b4dfd67/content/include/common.h
acama/xrop,master,include/mips-gen.h,.h,31,{},xrop.h,generate_mips,,/* | mips-gen.h -- prototypes for MIPS gadget search functions | Copyright (C) 2014  Amat I. Cama | This file is part of xrop. | Xrop is free software: you can redistribute it and/or modify,data/github_cache/acama__xrop/fc613b4dfd67/content/include/mips-gen.h
acama/xrop,master,include/ppc-gen.h,.h,31,{},xrop.h,generate_powerpc,,/* | mips-gen.h -- prototypes for MIPS gadget search functions | Copyright (C) 2014  Amat I. Cama | This file is part of xrop. | Xrop is free software: you can redistribute it and/or modify,data/github_cache/acama__xrop/fc613b4dfd67/content/include/ppc-gen.h
acama/xrop,master,include/riscv-gen.h,.h,31,{},xrop.h,generate_riscv,,/* | riscv-gen.h -- prototypes for MIPS gadget search functions | Copyright (C) 2014  Amat I. Cama | This file is part of xrop. | Xrop is free software: you can redistribute it and/or modify,data/github_cache/acama__xrop/fc613b4dfd67/content/include/riscv-gen.h
acama/xrop,master,include/sh4-gen.h,.h,31,{},xrop.h,generate_sh4,,/* | riscv-gen.h -- prototypes for MIPS gadget search functions | Copyright (C) 2014  Amat I. Cama | This file is part of xrop. | Xrop is free software: you can redistribute it and/or modify,data/github_cache/acama__xrop/fc613b4dfd67/content/include/sh4-gen.h
acama/xrop,master,include/sparc-gen.h,.h,31,{},xrop.h,generate_sparc,,/* | sparc-gen.h -- prototypes for MIPS gadget search functions | Copyright (C) 2014  Amat I. Cama | This file is part of xrop. | Xrop is free software: you can redistribute it and/or modify,data/github_cache/acama__xrop/fc613b4dfd67/content/include/sparc-gen.h
acama/xrop,master,include/x86-gen.h,.h,31,{},xrop.h,generate_x86,,/* | x86-gen.h -- Prototypes for x86 gadget searching functions | Copyright (C) 2014  Amat I. Cama | This file is part of xrop. | Xrop is free software: you can redistribute it and/or modify,data/github_cache/acama__xrop/fc613b4dfd67/content/include/x86-gen.h
acama/xrop,master,include/xrop.h,.h,93,{},..;stdlib.h,gadget_search;macros,,"/* | xrop.h -- structs, defines and prototypes | Copyright (C) 2014  Amat I. Cama | This file is part of xrop. | Xrop is free software: you can redistribute it and/or modify",data/github_cache/acama__xrop/fc613b4dfd67/content/include/xrop.h
alexTsaptsinos/lyricsHAN,master,code/models/baselineLSTM.py,.py,120,"{""evaluation"": 1}",,,load;train;fit;model;evaluate;accuracy;save,"import numpy as np | import json | from keras.models import Sequential | from keras.callbacks import ModelCheckpoint, EarlyStopping | from keras.layers import Embedding, LSTM, Dropout, GlobalMaxPooling1D",data/github_cache/alexTsaptsinos__lyricsHAN/fc613b4dfd67/content/code/models/baselineLSTM.py
alexTsaptsinos/lyricsHAN,master,code/models/HANkeras.py,.py,165,{},,,load;train;fit;model;save,import tensorflow as tf | import numpy as np | import json | from keras.engine.topology import Layer | from keras.models import Model,data/github_cache/alexTsaptsinos__lyricsHAN/fc613b4dfd67/content/code/models/HANkeras.py
alexTsaptsinos/lyricsHAN,master,code/models/logisticRegressionKeras.py,.py,104,"{""evaluation"": 1}",,,load;fit;model;evaluate;accuracy;save,"import numpy as np | import json | from keras.models import Sequential | from keras.callbacks import ModelCheckpoint, EarlyStopping | from keras.layers import Dense",data/github_cache/alexTsaptsinos__lyricsHAN/fc613b4dfd67/content/code/models/logisticRegressionKeras.py
alexTsaptsinos/lyricsHAN,master,code/models/StackedGRUs.py,.py,140,{},,,load;train;fit;model;save,import tensorflow as tf | import numpy as np | import json | from keras.engine.topology import Layer | from keras.models import Model,data/github_cache/alexTsaptsinos__lyricsHAN/fc613b4dfd67/content/code/models/StackedGRUs.py
alexTsaptsinos/lyricsHAN,master,code/post_analysis/attention_vis.py,.py,432,"{""evaluation"": 1}",,,train;predict;model;evaluate;accuracy;plot;write;analysis,# Let's get some cool visuals out | import numpy as np | from keras.models import load_model | from keras.layers import Layer | from keras import backend as K,data/github_cache/alexTsaptsinos__lyricsHAN/fc613b4dfd67/content/code/post_analysis/attention_vis.py
alexTsaptsinos/lyricsHAN,master,code/post_analysis/confusion_matrix.py,.py,143,{},,,load;predict;model;save,from sklearn.metrics import confusion_matrix | import matplotlib.pyplot as plt | from keras.models import load_model | import numpy as np | import json,data/github_cache/alexTsaptsinos__lyricsHAN/fc613b4dfd67/content/code/post_analysis/confusion_matrix.py
alexTsaptsinos/lyricsHAN,master,code/post_analysis/final_predict.py,.py,106,"{""evaluation"": 1}",,,load;predict;model;evaluate;accuracy,# Alex - you have your final model. You can now predict! | from keras.models import load_model | import numpy as np | import json | import tensorflow as tf,data/github_cache/alexTsaptsinos__lyricsHAN/fc613b4dfd67/content/code/post_analysis/final_predict.py
alexTsaptsinos/lyricsHAN,master,code/post_analysis/learning_plots.py,.py,62,"{""evaluation"": 1}",matplotlib;numpy,,accuracy;plot,"import matplotlib.pyplot as plt | import matplotlib.lines as mlines | import numpy as np | # large dataset | large_line_trainloss = np.array([2.2036, 2.20339, 1.9626, 1.9290, 1.9067, 1.8873, 1.8684, 1.8522, 1.8339, 1.8194])",data/github_cache/alexTsaptsinos__lyricsHAN/fc613b4dfd67/content/code/post_analysis/learning_plots.py
alexTsaptsinos/lyricsHAN,master,code/post_analysis/lstm_final_predict.py,.py,58,"{""evaluation"": 1}",,,load;predict;model;evaluate;accuracy,# Alex - you have your final model. You can now predict! | from keras.models import load_model | import numpy as np | import json | path2model = 'results/top20/flat/lstmbest.hdf5',data/github_cache/alexTsaptsinos__lyricsHAN/fc613b4dfd67/content/code/post_analysis/lstm_final_predict.py
alexTsaptsinos/lyricsHAN,master,code/post_analysis/stackedgrus_final_predict.py,.py,78,"{""evaluation"": 1}",,,load;predict;model;evaluate;accuracy,# Alex - you have your final model. You can now predict! | from keras.models import load_model | import numpy as np | import json | import tensorflow as tf,data/github_cache/alexTsaptsinos__lyricsHAN/fc613b4dfd67/content/code/post_analysis/stackedgrus_final_predict.py
ahangchen/TFusion,master,__init__.py,.py,1,{},,,,,data/github_cache/ahangchen__TFusion/fc613b4dfd67/content/__init__.py
ahangchen/TFusion,master,rank-reid/baseline/__init__.py,.py,0,{},,,,,data/github_cache/ahangchen__TFusion/fc613b4dfd67/content/rank-reid/baseline/__init__.py
ahangchen/TFusion,master,rank-reid/baseline/train.py,.py,166,"{""evaluation"": 1}",__future__;keras;numpy;os;random;tensorflow,load_data;load_mix_data;softmax_model_pretrain;softmax_pretrain_on_dataset,load;train;model;accuracy;save,"from __future__ import division, print_function, absolute_import | import os | from random import shuffle | import numpy as np | import tensorflow as tf",data/github_cache/ahangchen__TFusion/fc613b4dfd67/content/rank-reid/baseline/train.py
ahangchen/TFusion,master,rank-reid/pretrain/__init__.py,.py,0,{},,,,,data/github_cache/ahangchen__TFusion/fc613b4dfd67/content/rank-reid/pretrain/__init__.py
ahangchen/TFusion,master,rank-reid/pretrain/eval.py,.py,104,{},baseline;keras;os;transfer,avg_eucl_dist;extract_imgs;grid_eval;market_eval;test_pair_predict;test_rank_predict;tf_eucl_dist;train_pair_predict;train_rank_predict,model;evaluate,# coding=utf-8 | import os | from keras import backend as K | from keras.engine import Model | from keras.models import load_model,data/github_cache/ahangchen__TFusion/fc613b4dfd67/content/rank-reid/pretrain/eval.py
ahangchen/TFusion,master,rank-reid/pretrain/pair_train.py,.py,258,"{""evaluation"": 1}",baseline;keras;numpy;os,common_lr;dis_sigmoid;eucl_dist;mix_data_prepare;pair_generator;pair_model;pair_pretrain_on_dataset;pair_tune;reid_data_prepare,train;model;accuracy;save,import os | import numpy as np | from keras import Input | from keras import backend as K | from keras.applications.resnet50 import preprocess_input,data/github_cache/ahangchen__TFusion/fc613b4dfd67/content/rank-reid/pretrain/pair_train.py
ahangchen/TFusion,master,rank-reid/rank_reid.py,.py,109,{},baseline;pretrain;sys;transfer,get_source_target_info;predict_eval;rank_predict;rank_transfer;vision_predict,train;evaluate,"import sys | from baseline.evaluate import market_result_eval, grid_result_eval | from pretrain.eval import train_pair_predict,test_pair_predict, train_rank_predict, test_rank_predict | from transfer.simple_rank_transfer import rank_transfer_2dataset | def get_source_target_info(source, target):",data/github_cache/ahangchen__TFusion/fc613b4dfd67/content/rank-reid/rank_reid.py
ahangchen/TFusion,master,rank-reid/transfer/__init__.py,.py,0,{},,,,,data/github_cache/ahangchen__TFusion/fc613b4dfd67/content/rank-reid/transfer/__init__.py
ahangchen/TFusion,master,rank-reid/transfer/simple_rank_transfer.py,.py,261,"{""evaluation"": 1}",,,train;model;accuracy;save,import os | import utils.cuda_util | import numpy as np | from keras import Input | from keras import backend as K,data/github_cache/ahangchen__TFusion/fc613b4dfd67/content/rank-reid/transfer/simple_rank_transfer.py
ahangchen/TFusion,master,rank-reid/utils/__init__.py,.py,0,{},,,,,data/github_cache/ahangchen__TFusion/fc613b4dfd67/content/rank-reid/utils/__init__.py
ahangchen/TFusion,master,rank-reid/utils/cuda_util.py,.py,11,{},keras;os;tensorflow,,,"import os | from keras.backend import set_session | os.environ[""CUDA_DEVICE_ORDER""] = ""PCI_BUS_ID""  # see issue #152 | os.environ[""CUDA_VISIBLE_DEVICES""] = ""0"" | import tensorflow as tf",data/github_cache/ahangchen__TFusion/fc613b4dfd67/content/rank-reid/utils/cuda_util.py
ahangchen/TFusion,master,rank-reid/utils/file_helper.py,.py,74,{},os,read_lines;read_lines_and;read_lines_idx_and;safe_mkdir;safe_remove;write;write_line,write,"import os | def write_line(path, content): | with open(path, ""a+"") as dst_file: | dst_file.write(content + '\n') | def write(path, content):",data/github_cache/ahangchen__TFusion/fc613b4dfd67/content/rank-reid/utils/file_helper.py
ahangchen/TFusion,master,TrackViz/ctrl/__init__.py,.py,0,{},,,,,data/github_cache/ahangchen__TFusion/fc613b4dfd67/content/TrackViz/ctrl/__init__.py
ahangchen/TFusion,master,TrackViz/ctrl/img_st_fusion.py,.py,203,{},,,train;predict;model;evaluate,"#coding=utf-8 | import shutil | import os | from profile.fusion_param import get_fusion_param, ctrl_msg | from train.st_estim import get_predict_delta_tracks, prepare_rand_folder, prepare_diff_folder",data/github_cache/ahangchen__TFusion/fc613b4dfd67/content/TrackViz/ctrl/img_st_fusion.py
ahangchen/TFusion,master,TrackViz/ctrl/transfer.py,.py,127,{},ctrl;os;profile;util,dataset_eval;dataset_fusion_transfer;fusion_dir_prepare;fusion_transfer;rank_transfer;st_fusion;vision_rank,train;predict,"import os | from ctrl.img_st_fusion import init_strict_img_st_fusion | from profile.fusion_param import ctrl_msg, get_fusion_param | from util.file_helper import safe_mkdir | def fusion_dir_prepare(source, target):",data/github_cache/ahangchen__TFusion/fc613b4dfd67/content/TrackViz/ctrl/transfer.py
ahangchen/TFusion,master,TrackViz/post_process/__init__.py,.py,0,{},,,,,data/github_cache/ahangchen__TFusion/fc613b4dfd67/content/TrackViz/post_process/__init__.py
ahangchen/TFusion,master,TrackViz/post_process/grid_summary.py,.py,38,{},util,avg_acc,write,"from util.file_helper import read_lines, write | def avg_acc(grid_eval_path): | grid_infos = read_lines(grid_eval_path) | before_vision_accs = [0.0, 0.0, 0.0] | before_fusion_accs = [0.0, 0.0, 0.0]",data/github_cache/ahangchen__TFusion/fc613b4dfd67/content/TrackViz/post_process/grid_summary.py
ahangchen/TFusion,master,TrackViz/post_process/track_prob.py,.py,67,{},util,binary_search;track_interval_score;track_score,,"# coding=utf-8 | from util.serialize import pickle_load | def binary_search(a, target): | # 不同于普通的二分查找，目标是寻找target最适合的index | low = 0",data/github_cache/ahangchen__TFusion/fc613b4dfd67/content/TrackViz/post_process/track_prob.py
ahangchen/TFusion,master,TrackViz/pre_process/__init__.py,.py,0,{},,,,,data/github_cache/ahangchen__TFusion/fc613b4dfd67/content/TrackViz/pre_process/__init__.py
ahangchen/TFusion,master,TrackViz/pre_process/market_answer_predict.py,.py,210,{},,,train,"from profile.fusion_param import ctrl_msg, get_fusion_param | from train.st_filter import train_tracks | from util.file_helper import read_lines | import numpy as np | from util.serialize import pickle_save",data/github_cache/ahangchen__TFusion/fc613b4dfd67/content/TrackViz/pre_process/market_answer_predict.py
ahangchen/TFusion,master,TrackViz/profile/__init__.py,.py,0,{},,,,,data/github_cache/ahangchen__TFusion/fc613b4dfd67/content/TrackViz/profile/__init__.py
ahangchen/TFusion,master,TrackViz/profile/fusion_param.py,.py,66,{},,get_fusion_param,train,"ctrl_msg = { | 'data_folder_path': 'market_market-test', | 'cv_num': 0, | 'ep': 0, | 'en': 0",data/github_cache/ahangchen__TFusion/fc613b4dfd67/content/TrackViz/profile/fusion_param.py
ahangchen/TFusion,master,TrackViz/train/__init__.py,.py,0,{},,,,,data/github_cache/ahangchen__TFusion/fc613b4dfd67/content/TrackViz/train/__init__.py
ahangchen/TFusion,master,TrackViz/train/st_estim.py,.py,95,{},,,predict,"#coding=utf-8 | from random import randint | import shutil | from profile.fusion_param import ctrl_msg | from util.file_helper import read_lines, safe_remove, safe_mkdir",data/github_cache/ahangchen__TFusion/fc613b4dfd67/content/TrackViz/train/st_estim.py
ahangchen/TFusion,master,TrackViz/train/st_filter.py,.py,418,"{""processing"": 1}",,,load;read;normalize;predict;save;write,"# coding=utf-8 | from post_process.track_prob import track_score | from profile.fusion_param import get_fusion_param, ctrl_msg | from util.file_helper import read_lines, read_lines_and, write, safe_remove | from util.serialize import pickle_load",data/github_cache/ahangchen__TFusion/fc613b4dfd67/content/TrackViz/train/st_filter.py
ahangchen/TFusion,master,TrackViz/util/__init__.py,.py,0,{},,,,,data/github_cache/ahangchen__TFusion/fc613b4dfd67/content/TrackViz/util/__init__.py
ahangchen/TFusion,master,TrackViz/util/file_helper.py,.py,74,{},os,read_lines;read_lines_and;read_lines_idx_and;safe_mkdir;safe_remove;write;write_line,write,"import os | def write_line(path, content): | with open(path, ""a+"") as dst_file: | dst_file.write(content + '\n') | def write(path, content):",data/github_cache/ahangchen__TFusion/fc613b4dfd67/content/TrackViz/util/file_helper.py
ahangchen/TFusion,master,TrackViz/util/serialize.py,.py,26,{},os;pickle;random,pickle_load;pickle_save;random6,load;save,"import os | import pickle | import random | def random6(): | return random.randint(100000, 999999)",data/github_cache/ahangchen__TFusion/fc613b4dfd67/content/TrackViz/util/serialize.py
ahangchen/TFusion,master,TrackViz/util/str_helper.py,.py,13,{},,folder,,"def folder(path): | final_slash_idx = -1 | for i, c in enumerate(path): | if c == '/': | final_slash_idx = i",data/github_cache/ahangchen__TFusion/fc613b4dfd67/content/TrackViz/util/str_helper.py
ahangchen/TFusion,master,TrackViz/util/viz.py,.py,36,{},matplotlib;numpy;seaborn,draw_line,plot,"import matplotlib.pyplot as plt | import seaborn as sns | import numpy as np | def draw_line(y_s, x_s, y_label, x_label, y_titles, title, line_color=None): | # plt.subplots()",data/github_cache/ahangchen__TFusion/fc613b4dfd67/content/TrackViz/util/viz.py
ankitrohatgi/digitizeR,master,inst/wpd/build.sh,.sh,15,{},,,,"#!/bin/bash | echo ""Combining Javascript Files..."" | bash combine.sh | echo ""Compiling Javascript Files..."" | bash compile.sh",data/github_cache/ankitrohatgi__digitizeR/fc613b4dfd67/content/inst/wpd/build.sh
ankitrohatgi/digitizeR,master,inst/wpd/combine.sh,.sh,11,{},,,,#!/bin/bash | cat javascript/*.js > combined.js | cat javascript/core/*.js >> combined.js | cat javascript/core/AEalgos/*.js >> combined.js | cat javascript/core/axes/*.js >> combined.js,data/github_cache/ankitrohatgi__digitizeR/fc613b4dfd67/content/inst/wpd/combine.sh
ankitrohatgi/digitizeR,master,inst/wpd/combined-compiled.js,.js,241,"{""evaluation"": 1}",,A;a;b;c;d;e;f;g;h;k;l;m;n;p;q;r;t;u;v;w;x,load;read;download;parse;extract;precision;plot;export;save,"var wpd=wpd||{};wpd.initApp=function(){wpd.browserInfo.checkBrowser();wpd.layoutManager.initialLayout();wpd.loadRemoteData()||wpd.graphicsWidget.loadImageFromURL(""start.png"");document.getElementById(""loadingCurtain"").sty | wpd.loadRemoteData=function(){return""undefined""===typeof wpdremote?!1:null!=wpdremote.status&&""fail""===wpdremote.status?(wpd.messagePopup.show(""Remote Upload Failed!"",""Remote Upload Failed!""),!1):""success""===wpdremote.st | wpd.appData=function(){function c(){null==a&&(a=new wpd.PlotData);return a}var b=!1,a;return{isAligned:function(a){null!=a&&(b=a);return b},getPlotData:c,reset:function(){b=!1;a=null},plotLoaded:function(a){c().topColors | wpd.AutoDetector=function(){return function(){this.fgColor=[0,0,200];this.bgColor=[255,255,255];this.mask=null;this.gridMask={xmin:null,xmax:null,ymin:null,ymax:null,pixels:[]};this.gridLineColor=[150,150,150];this.gridC | {xmin:null,xmax:null,ymin:null,ymax:null,pixels:[]}};this.generateBinaryDataFromMask=function(){var c,b,a,d=""fg""===this.colorDetectionMode?this.fgColor:this.bgColor;for(c=0;c<this.mask.length;c++)b=this.mask[c],a=Math.sq",data/github_cache/ankitrohatgi__digitizeR/fc613b4dfd67/content/inst/wpd/combined-compiled.js
ankitrohatgi/digitizeR,master,inst/wpd/compile.sh,.sh,7,{},,,,"#!/bin/bash | echo ""Compiling..."" | java -jar closure-compiler/compiler.jar --js combined.js --js_output_file combined-compiled.js | echo ""done.""",data/github_cache/ankitrohatgi__digitizeR/fc613b4dfd67/content/inst/wpd/compile.sh
ankitrohatgi/digitizeR,master,inst/wpd/javascript/browser/browserInfo.js,.js,37,{},,checkBrowser,,/* | WebPlotDigitizer - http://arohatgi.info/WebPlotdigitizer | Copyright 2010-2015 Ankit Rohatgi <ankitrohatgi@hotmail.com> | This file is part of WebPlotDigitizer. | WebPlotDIgitizer is free software: you can redistribute it and/or modify,data/github_cache/ankitrohatgi__digitizeR/fc613b4dfd67/content/inst/wpd/javascript/browser/browserInfo.js
ankitrohatgi/digitizeR,master,inst/wpd/javascript/core/AEalgos/averagingWindow.js,.js,56,{},,,,/* | WebPlotDigitizer - http://arohatgi.info/WebPlotDigitizer | Copyright 2010-2015 Ankit Rohatgi <ankitrohatgi@hotmail.com> | This file is part of WebPlotDigitizer. | WebPlotDigitizer is free software: you can redistribute it and/or modify,data/github_cache/ankitrohatgi__digitizeR/fc613b4dfd67/content/inst/wpd/javascript/core/AEalgos/averagingWindow.js
ankitrohatgi/digitizeR,master,inst/wpd/javascript/core/AEalgos/averagingWindowCore.js,.js,133,{},,,,/* | WebPlotDigitizer - http://arohatgi.info/WebPlotDigitizer | Copyright 2010-2015 Ankit Rohatgi <ankitrohatgi@hotmail.com> | This file is part of WebPlotDigitizer. | WebPlotDigitizer is free software: you can redistribute it and/or modify,data/github_cache/ankitrohatgi__digitizeR/fc613b4dfd67/content/inst/wpd/javascript/core/AEalgos/averagingWindowCore.js
ankitrohatgi/digitizeR,master,inst/wpd/javascript/core/AEalgos/averagingWindowWithStepSize.js,.js,155,{},,,,/* | WebPlotDigitizer - http://arohatgi.info/WebPlotDigitizer | Copyright 2010-2015 Ankit Rohatgi <ankitrohatgi@hotmail.com> | This file is part of WebPlotDigitizer. | WebPlotDigitizer is free software: you can redistribute it and/or modify,data/github_cache/ankitrohatgi__digitizeR/fc613b4dfd67/content/inst/wpd/javascript/core/AEalgos/averagingWindowWithStepSize.js
ankitrohatgi/digitizeR,master,inst/wpd/javascript/core/AEalgos/barExtraction.js,.js,189,{},,,,/* | WebPlotDigitizer - http://arohatgi.info/WebPlotDigitizer | Copyright 2010-2015 Ankit Rohatgi <ankitrohatgi@hotmail.com> | This file is part of WebPlotDigitizer. | WebPlotDigitizer is free software: you can redistribute it and/or modify,data/github_cache/ankitrohatgi__digitizeR/fc613b4dfd67/content/inst/wpd/javascript/core/AEalgos/barExtraction.js
ankitrohatgi/digitizeR,master,inst/wpd/javascript/core/AEalgos/blobdetector.js,.js,142,{},,,,/* | WebPlotDigitizer - http://arohatgi.info/WebPlotDigitizer | Copyright 2010-2015 Ankit Rohatgi <ankitrohatgi@hotmail.com> | This file is part of WebPlotDigitizer. | WebPlotDigitizer is free software: you can redistribute it and/or modify,data/github_cache/ankitrohatgi__digitizeR/fc613b4dfd67/content/inst/wpd/javascript/core/AEalgos/blobdetector.js
ankitrohatgi/digitizeR,master,inst/wpd/javascript/core/AEalgos/xStepWithInterpolation.js,.js,207,{},,,,/* | WebPlotDigitizer - http://arohatgi.info/WebPlotDigitizer | Copyright 2010-2015 Ankit Rohatgi <ankitrohatgi@hotmail.com> | This file is part of WebPlotDigitizer. | WebPlotDigitizer is free software: you can redistribute it and/or modify,data/github_cache/ankitrohatgi__digitizeR/fc613b4dfd67/content/inst/wpd/javascript/core/AEalgos/xStepWithInterpolation.js
ankitrohatgi/digitizeR,master,inst/wpd/javascript/core/appData.js,.js,59,{},,getPlotData;isAlignedFn;plotLoaded;reset,,/* | WebPlotDigitizer - http://arohatgi.info/WebPlotDigitizer | Copyright 2010-2015 Ankit Rohatgi <ankitrohatgi@hotmail.com> | This file is part of WebPlotDigitizer. | WebPlotDigitizer is free software: you can redistribute it and/or modify,data/github_cache/ankitrohatgi__digitizeR/fc613b4dfd67/content/inst/wpd/javascript/core/appData.js
ankitrohatgi/digitizeR,master,inst/wpd/javascript/core/autoDetection.js,.js,150,{},,,,/* | WebPlotDigitizer - http://arohatgi.info/WebPlotDigitizer | Copyright 2010-2015 Ankit Rohatgi <ankitrohatgi@hotmail.com> | This file is part of WebPlotDigitizer. | WebPlotDigitizer is free software: you can redistribute it and/or modify,data/github_cache/ankitrohatgi__digitizeR/fc613b4dfd67/content/inst/wpd/javascript/core/autoDetection.js
ankitrohatgi/digitizeR,master,inst/wpd/javascript/core/axes/bar.js,.js,152,"{""processing"": 1}",,,extract,/* | WebPlotDigitizer - http://arohatgi.info/WebPlotdigitizer | Copyright 2010-2015 Ankit Rohatgi <ankitrohatgi@hotmail.com> | This file is part of WebPlotDigitizer. | WebPlotDIgitizer is free software: you can redistribute it and/or modify,data/github_cache/ankitrohatgi__digitizeR/fc613b4dfd67/content/inst/wpd/javascript/core/axes/bar.js
ankitrohatgi/digitizeR,master,inst/wpd/javascript/core/axes/image.js,.js,79,{},,,,/* | WebPlotDigitizer - http://arohatgi.info/WebPlotdigitizer | Copyright 2010-2015 Ankit Rohatgi <ankitrohatgi@hotmail.com> | This file is part of WebPlotDigitizer. | WebPlotDIgitizer is free software: you can redistribute it and/or modify,data/github_cache/ankitrohatgi__digitizeR/fc613b4dfd67/content/inst/wpd/javascript/core/axes/image.js
ankitrohatgi/digitizeR,master,inst/wpd/javascript/core/axes/map.js,.js,114,{},,,,/* | WebPlotDigitizer - http://arohatgi.info/WebPlotdigitizer | Copyright 2010-2015 Ankit Rohatgi <ankitrohatgi@hotmail.com> | This file is part of WebPlotDigitizer. | WebPlotDIgitizer is free software: you can redistribute it and/or modify,data/github_cache/ankitrohatgi__digitizeR/fc613b4dfd67/content/inst/wpd/javascript/core/axes/map.js
ankitrohatgi/digitizeR,master,inst/wpd/javascript/core/axes/polar.js,.js,175,{},,,,/* | WebPlotDigitizer - http://arohatgi.info/WebPlotdigitizer | Copyright 2010-2015 Ankit Rohatgi <ankitrohatgi@hotmail.com> | This file is part of WebPlotDigitizer. | WebPlotDIgitizer is free software: you can redistribute it and/or modify,data/github_cache/ankitrohatgi__digitizeR/fc613b4dfd67/content/inst/wpd/javascript/core/axes/polar.js
ankitrohatgi/digitizeR,master,inst/wpd/javascript/core/axes/ternary.js,.js,179,{},,,,/* | WebPlotDigitizer - http://arohatgi.info/WebPlotdigitizer | Copyright 2010-2015 Ankit Rohatgi <ankitrohatgi@hotmail.com> | This file is part of WebPlotDigitizer. | WebPlotDIgitizer is free software: you can redistribute it and/or modify,data/github_cache/ankitrohatgi__digitizeR/fc613b4dfd67/content/inst/wpd/javascript/core/axes/ternary.js
ankitrohatgi/digitizeR,master,inst/wpd/javascript/core/axes/xy.js,.js,275,"{""processing"": 1}",,,parse;extract,/* | WebPlotDigitizer - http://arohatgi.info/WebPlotdigitizer | Copyright 2010-2015 Ankit Rohatgi <ankitrohatgi@hotmail.com> | This file is part of WebPlotDigitizer. | WebPlotDIgitizer is free software: you can redistribute it and/or modify,data/github_cache/ankitrohatgi__digitizeR/fc613b4dfd67/content/inst/wpd/javascript/core/axes/xy.js
ankitrohatgi/digitizeR,master,inst/wpd/javascript/core/calibration.js,.js,129,{},,,,/* | WebPlotDigitizer - http://arohatgi.info/WebPlotdigitizer | Copyright 2010-2015 Ankit Rohatgi <ankitrohatgi@hotmail.com> | This file is part of WebPlotDigitizer. | WebPlotDIgitizer is free software: you can redistribute it and/or modify,data/github_cache/ankitrohatgi__digitizeR/fc613b4dfd67/content/inst/wpd/javascript/core/calibration.js
ankitrohatgi/digitizeR,master,inst/wpd/javascript/core/colorAnalysis.js,.js,130,{},,getTopColors,,/* | WebPlotDigitizer - http://arohatgi.info/WebPlotDigitizer | Copyright 2010-2015 Ankit Rohatgi <ankitrohatgi@hotmail.com> | This file is part of WebPlotDigitizer. | WebPlotDigitizer is free software: you can redistribute it and/or modify,data/github_cache/ankitrohatgi__digitizeR/fc613b4dfd67/content/inst/wpd/javascript/core/colorAnalysis.js
ankitrohatgi/digitizeR,master,inst/wpd/javascript/core/connectedPoints.js,.js,154,{},,,,/* | WebPlotDigitizer - http://arohatgi.info/WebPlotdigitizer | Copyright 2010-2015 Ankit Rohatgi <ankitrohatgi@hotmail.com> | This file is part of WebPlotDigitizer. | WebPlotDIgitizer is free software: you can redistribute it and/or modify,data/github_cache/ankitrohatgi__digitizeR/fc613b4dfd67/content/inst/wpd/javascript/core/connectedPoints.js
ankitrohatgi/digitizeR,master,inst/wpd/javascript/core/dataSeries.js,.js,165,{},,,,/* | WebPlotDigitizer - http://arohatgi.info/WebPlotdigitizer | Copyright 2010-2015 Ankit Rohatgi <ankitrohatgi@hotmail.com> | This file is part of WebPlotDigitizer. | WebPlotDIgitizer is free software: you can redistribute it and/or modify,data/github_cache/ankitrohatgi__digitizeR/fc613b4dfd67/content/inst/wpd/javascript/core/dataSeries.js
ankitrohatgi/digitizeR,master,inst/wpd/javascript/core/dateConversion.js,.js,179,"{""processing"": 1}",,formatDate;formatDateNumber;fromJD;getFormatString;parse;toJD,parse,/* | WebPlotDigitizer - http://arohatgi.info/WebPlotDigitizer | Copyright 2010-2015 Ankit Rohatgi <ankitrohatgi@hotmail.com> | This file is part of WebPlotDigitizer. | WebPlotDigitizer is free software: you can redistribute it and/or modify,data/github_cache/ankitrohatgi__digitizeR/fc613b4dfd67/content/inst/wpd/javascript/core/dateConversion.js
ankitrohatgi/digitizeR,master,inst/wpd/javascript/core/gridDetectionCore.js,.js,127,{},,run;setHorizontalParameters;setVerticalParameters,,/* | WebPlotDigitizer - http://arohatgi.info/WebPlotdigitizer | Copyright 2010-2015 Ankit Rohatgi <ankitrohatgi@hotmail.com> | This file is part of WebPlotDigitizer. | WebPlotDIgitizer is free software: you can redistribute it and/or modify,data/github_cache/ankitrohatgi__digitizeR/fc613b4dfd67/content/inst/wpd/javascript/core/gridDetectionCore.js
ankitrohatgi/digitizeR,master,inst/wpd/javascript/core/inputParser.js,.js,71,"{""processing"": 1}",,,parse,/* | WebPlotDigitizer - http://arohatgi.info/WebPlotDigitizer | Copyright 2010-2015 Ankit Rohatgi <ankitrohatgi@hotmail.com> | This file is part of WebPlotDigitizer. | WebPlotDigitizer is free software: you can redistribute it and/or modify,data/github_cache/ankitrohatgi__digitizeR/fc613b4dfd67/content/inst/wpd/javascript/core/inputParser.js
ankitrohatgi/digitizeR,master,inst/wpd/javascript/core/mathFunctions.js,.js,93,{},,det2x2;inv2x2;mult2x2;mult2x2Vec;multVec2x2,,/* | WebPlotDigitizer - http://arohatgi.info/WebPlotDigitizer | Copyright 2010-2015 Ankit Rohatgi <ankitrohatgi@hotmail.com> | This file is part of WebPlotDigitizer. | WebPlotDigitizer is free software: you can redistribute it and/or modify,data/github_cache/ankitrohatgi__digitizeR/fc613b4dfd67/content/inst/wpd/javascript/core/mathFunctions.js
ankitrohatgi/digitizeR,master,inst/wpd/javascript/core/plotData.js,.js,88,{},,,plot,/* | WebPlotDigitizer - http://arohatgi.info/WebPlotdigitizer | Copyright 2010-2015 Ankit Rohatgi <ankitrohatgi@hotmail.com> | This file is part of WebPlotDigitizer. | WebPlotDIgitizer is free software: you can redistribute it and/or modify,data/github_cache/ankitrohatgi__digitizeR/fc613b4dfd67/content/inst/wpd/javascript/core/plotData.js
ankitrohatgi/digitizeR,master,inst/wpd/javascript/services/download.js,.js,89,{},,csv;json;stripIllegalCharacters;textFile,download,/* | WebPlotDigitizer - http://arohatgi.info/WebPlotDigitizer | Copyright 2010-2015 Ankit Rohatgi <ankitrohatgi@hotmail.com> | This file is part of WebPlotDigitizer. | WebPlotDigitizer is free software: you can redistribute it and/or modify,data/github_cache/ankitrohatgi__digitizeR/fc613b4dfd67/content/inst/wpd/javascript/services/download.js
ankitrohatgi/digitizeR,master,inst/wpd/javascript/services/plotly.js,.js,56,{},,send,plot,/* | WebPlotDigitizer - http://arohatgi.info/WebPlotdigitizer | Copyright 2010-2015 Ankit Rohatgi <ankitrohatgi@hotmail.com> | This file is part of WebPlotDigitizer. | WebPlotDIgitizer is free software: you can redistribute it and/or modify,data/github_cache/ankitrohatgi__digitizeR/fc613b4dfd67/content/inst/wpd/javascript/services/plotly.js
ankitrohatgi/digitizeR,master,inst/wpd/javascript/services/saveResume.js,.js,272,{},,download;generateJSON;load;read;resumeFromJSON;save,load;read;download;parse;export;save,/* | WebPlotDigitizer - http://arohatgi.info/WebPlotDigitizer | Copyright 2010-2015 Ankit Rohatgi <ankitrohatgi@hotmail.com> | This file is part of WebPlotDigitizer. | WebPlotDigitizer is free software: you can redistribute it and/or modify,data/github_cache/ankitrohatgi__digitizeR/fc613b4dfd67/content/inst/wpd/javascript/services/saveResume.js
ankitrohatgi/digitizeR,master,inst/wpd/javascript/services/scriptInjection.js,.js,66,{},,cancel;injectCSS;injectHTML;load;start,load,/* | WebPlotDigitizer - http://arohatgi.info/WebPlotDigitizer | Copyright 2010-2015 Ankit Rohatgi <ankitrohatgi@hotmail.com> | This file is part of WebPlotDigitizer. | WebPlotDigitizer is free software: you can redistribute it and/or modify,data/github_cache/ankitrohatgi__digitizeR/fc613b4dfd67/content/inst/wpd/javascript/services/scriptInjection.js
ankitrohatgi/digitizeR,master,inst/wpd/javascript/tools/alignAxes.js,.js,442,{},,align;calibrationCompleted;getActiveCalib;getCornerValues;initiatePlotAlignment;pickCorners;setActiveCalib;start,load;plot,/* | WebPlotDigitizer - http://arohatgi.info/WebPlotDigitizer | Copyright 2010-2015 Ankit Rohatgi <ankitrohatgi@hotmail.com> | This file is part of WebPlotDigitizer. | WebPlotDigitizer is free software: you can redistribute it and/or modify,data/github_cache/ankitrohatgi__digitizeR/fc613b4dfd67/content/inst/wpd/javascript/tools/alignAxes.js
ankitrohatgi/digitizeR,master,inst/wpd/javascript/tools/autodetect.js,.js,190,"{""processing"": 1}",,applyAlgoSelection;changeDataset;renderParameters;run;start;updateAlgoList;updateDatasetControl,extract,/* | WebPlotDigitizer - http://arohatgi.info/WebPlotDigitizer | Copyright 2010-2015 Ankit Rohatgi <ankitrohatgi@hotmail.com> | This file is part of WebPlotDigitizer. | WebPlotDigitizer is free software: you can redistribute it and/or modify,data/github_cache/ankitrohatgi__digitizeR/fc613b4dfd67/content/inst/wpd/javascript/tools/autodetect.js
ankitrohatgi/digitizeR,master,inst/wpd/javascript/tools/colorPicker.js,.js,272,{},,apply;changeColorDistance;changeDetectionMode;getBGPickerParams;getFGPickerParams;init;paintFilteredColor;pickColor;renderColorOptions;selectTopColor;setColor;setParams;startPicker;testColorDetection,plot,/* | WebPlotDigitizer - http://arohatgi.info/WebPlotDigitizer | Copyright 2010-2015 Ankit Rohatgi <ankitrohatgi@hotmail.com> | This file is part of WebPlotDigitizer. | WebPlotDigitizer is free software: you can redistribute it and/or modify,data/github_cache/ankitrohatgi__digitizeR/fc613b4dfd67/content/inst/wpd/javascript/tools/colorPicker.js
ankitrohatgi/digitizeR,master,inst/wpd/javascript/tools/dataProviders.js,.js,261,{},,getBarAxesData;getData;getDatasetIndex;getDatasetNames;getGeneralAxesData;setDataSource;setDatasetIndex,,/* | WebPlotDigitizer - http://arohatgi.info/WebPlotdigitizer | Copyright 2010-2015 Ankit Rohatgi <ankitrohatgi@hotmail.com> | This file is part of WebPlotDigitizer. | WebPlotDIgitizer is free software: you can redistribute it and/or modify,data/github_cache/ankitrohatgi__digitizeR/fc613b4dfd67/content/inst/wpd/javascript/tools/dataProviders.js
ankitrohatgi/digitizeR,master,inst/wpd/javascript/tools/graphicsHelper.js,.js,69,{},,drawPoint,,/* | WebPlotDigitizer - http://arohatgi.info/WebPlotDigitizer | Copyright 2010-2015 Ankit Rohatgi <ankitrohatgi@hotmail.com> | This file is part of WebPlotDigitizer. | WebPlotDigitizer is free software: you can redistribute it and/or modify,data/github_cache/ankitrohatgi__digitizeR/fc613b4dfd67/content/inst/wpd/javascript/tools/graphicsHelper.js
ankitrohatgi/digitizeR,master,inst/wpd/javascript/tools/gridDetection.js,.js,326,{},,changeColorDistance;clear;clearMask;grabMask;markBox;run;start;startColorPicker;testColor;viewMask,,/* | WebPlotDigitizer - http://arohatgi.info/WebPlotDigitizer | Copyright 2010-2015 Ankit Rohatgi <ankitrohatgi@hotmail.com> | This file is part of WebPlotDigitizer. | WebPlotDigitizer is free software: you can redistribute it and/or modify,data/github_cache/ankitrohatgi__digitizeR/fc613b4dfd67/content/inst/wpd/javascript/tools/gridDetection.js
ankitrohatgi/digitizeR,master,inst/wpd/javascript/tools/imageOps.js,.js,80,{},,hflip;hflipOp;vflip;vflipOp,,/* | WebPlotDigitizer - http://arohatgi.info/WebPlotDigitizer | Copyright 2010-2015 Ankit Rohatgi <ankitrohatgi@hotmail.com> | This file is part of WebPlotDigitizer. | WebPlotDigitizer is free software: you can redistribute it and/or modify,data/github_cache/ankitrohatgi__digitizeR/fc613b4dfd67/content/inst/wpd/javascript/tools/imageOps.js
ankitrohatgi/digitizeR,master,inst/wpd/javascript/tools/keyCodes.js,.js,62,{},,,,/* | WebPlotDigitizer - http://arohatgi.info/WebPlotDigitizer | Copyright 2010-2015 Ankit Rohatgi <ankitrohatgi@hotmail.com> | This file is part of WebPlotDigitizer. | WebPlotDigitizer is free software: you can redistribute it and/or modify,data/github_cache/ankitrohatgi__digitizeR/fc613b4dfd67/content/inst/wpd/javascript/tools/keyCodes.js
ankitrohatgi/digitizeR,master,inst/wpd/javascript/tools/manualDataCollection.js,.js,540,{},,adjustPoints;cancel;changeDataset;clearAll;confirmedClearAll;deletePoint;editLabels;isToolSwitchKey;keydown;load;manualSelection;ok;setCount;show;showSidebar;switchToolOnKeyPress;undo;updateControlVisibility;updateDatasetControl,load,/* | WebPlotDigitizer - http://arohatgi.info/WebPlotDigitizer | Copyright 2010-2015 Ankit Rohatgi <ankitrohatgi@hotmail.com> | This file is part of WebPlotDigitizer. | WebPlotDigitizer is free software: you can redistribute it and/or modify,data/github_cache/ankitrohatgi__digitizeR/fc613b4dfd67/content/inst/wpd/javascript/tools/manualDataCollection.js
ankitrohatgi/digitizeR,master,inst/wpd/javascript/tools/mask.js,.js,370,{},,clearMask;eraseMarks;grabMask;markBox;markPen;viewMask,,/* | WebPlotDigitizer - http://arohatgi.info/WebPlotDigitizer | Copyright 2010-2015 Ankit Rohatgi <ankitrohatgi@hotmail.com> | This file is part of WebPlotDigitizer. | WebPlotDigitizer is free software: you can redistribute it and/or modify,data/github_cache/ankitrohatgi__digitizeR/fc613b4dfd67/content/inst/wpd/javascript/tools/mask.js
