symbol,count
__init__,870
forward,140
main,123
b,97
inverse,88
f,82
__str__,80
__repr__,79
__call__,79
get_parameters,69
_draw_samples,66
_augment_batch_,61
i,53
step,53
reset,52
t,50
c,47
d,44
name,44
g,43
p,41
k,35
m,33
s,33
get_output_for,33
r,32
log_diagnostics,32
e,30
h,30
get_output_shape_for,30
j,29
l,29
n,28
u,25
o,24
q,24
get,24
process,24
get_current_obs,24
get_action,24
handle,22
migration,22
plugin,22
definition,22
x,21
a,21
value,21
train,21
z,20
that,20
observation_space,20
distribution,20
command,19
action_space,19
world,18
get_param_values,18
set_param_values,18
fit,18
__getitem__,18
eval,18
dist_info_sym,18
cworldstate,18
y,17
predict,17
obj,17
get_actions,17
to,16
init,16
for,16
log_likelihood_sym,16
ptr,15
__hash__,15
loss,15
vectorized,15
__iter__,15
sample,14
__len__,14
deepcopy,14
key,14
v,13
__setstate__,13
render,13
sample_goals,13
init_opt,13
dim,13
update_opt,13
__eq__,13
draw_on_image,13
copy,13
norm,13
w,12
__getstate__,12
entropy,12
terminate,12
__enter__,12
__exit__,12
run,12
_to_deterministic,12
prefetchable,12
cparametermanager,12
cqmatrix,12
ub,11
xb,11
chromosome,11
from_params,11
metric_name,11
evaluate,11
get_itr_snapshot,11
optimize_policy,11
input_layer,11
kl_sym,11
kl,11
likelihood_ratio_sym,11
log_likelihood,11
p_bounds,11
get_children_lists,11
node,11
build,11
ia,10
vb,10
wb,10
get_params_internal,10
truemodel,10
edge,10
if,10
cstatmanager,10
ga,9
ha,9
ja,9
na,9
ua,9
yb,9
ab,9
backward,9
add,9
output,9
start_worker,9
sign,9
get_output,9
flatten,9
optimize,9
m1,9
datagen,9
items,9
draw,9
draw_masks,9
representing,9
array,8
fa,8
ma,8
pa,8
sa,8
xa,8
lb,8
tb,8
seed,8
output_layer,8
get_params,8
dist_info_keys,8
recurrent,8
contains,8
m2,8
m3,8
n_outputs,8
x_bounds,8
measvar,8
go,8
grouprectangles,8
shift_,8
shift,8
generate_mask,8
close,8
sigmoid,8
robotworldmodel,8
mpe_eval,8
getruleindex,8
accept,8
mkdir,8
crlmodule,8
cagent,8
getactionname,8
pointinsegment,8
segmentsintersect,8
pointinsidetriangle,8
trianglearea,8
trianglesegmentintersect,8
getdiscretizedangleid,8
getdiscretizeddistid,8
cgoalreachmodule,8
initdistmatrix,8
countrelposinrange,8
getithrelpos,8
getrelposindex,8
la,7
va,7
wa,7
bb,7
cb,7
jb,7
log,7
obtain_samples,7
shutdown_worker,7
input_var,7
wrap,7
width,7
height,7
scale,7
dist_info,7
predict_log_likelihood,7
new_tensor_variable,7
m4,7
num_p,7
validate,7
clip_out_of_image,7
reconfigure,7
get_var,7
dense,7
conv2d,7
init_normalization,7
nin,7
concat_elu,7
gate,7
sumflat,7
gaussian_sample_logp,7
inverse_sigmoid,7
flow,7
compose,7
imgproc,7
tupleflip,7
spacetodepth,7
checkerboardsplit,7
channelsplit,7
mixlogisticattncoupling,7
_maybe_tqdm,7
construct,7
lr_schedule,7
node_type_str,7
node_short_str,7
get_config,7
_pickle_method,7
_unpickle_method,7
ft1d,7
autozero,7
process_1d,7
process_2d,7
process_dosy,7
analyze_2d,7
process_sample,7
analysis_report,7
phase_from_param,7
jir,7
data,7
ka,6
oa,6
qa,6
ra,6
ta,6
ea,6
fb,6
gb,6
mb,6
nb,6
ob,6
pb,6
qb,6
zb,6
sb,6
_container,6
_predicate,6
controller,6
score_str,6
start,6
stop,6
vg,6
update_plot,6
get_step_layer,6
compute_reward,6
is_current_done,6
smooth_abs,6
get_body_xmat,6
get_body_com,6
__setitem__,6
__del__,6
pos,6
unflatten,6
flatten_n,6
unflatten_n,6
flat_dim,6
on,6
gps,6
attachments,6
empty,6
_augment_images_by_samples,6
sample_points,6
to_default_floatx,6
at_least_float32,6
_norm,6
int_shape,6
matmul_last_axis,6
gated_resnet,6
attn,6
mixlogisticcoupling,6
dequantizer,6
deep_processor,6
n_children,6
plot_1d,6
dprocess_2d,6
plot_2d,6
implementation,6
__unicode__,5
ib,5
kb,5
is,5
af,5
worldobserver,5
get_metrics,5
higher_is_better,5
apply,5
update,5
translate,5
decode,5
suppress_params_loading,5
finish,5
refresh,5
__contains__,5
sample_predict,5
convolve,5
state_info_specs,5
dk2_drdr,5
generate,5
unit,5
sum,5
validate_nbl,5
deepparametertuning,5
deepparametertuningproblem,5
posterize,5
clip_out_of_image_,5
min_width,5
min_height,5
on_batch,5
_pool_image,5
_augment_keypoints_by_samples,5
get_source_info,5
inference,5
training,5
evaluation,5
of,5
load_data,5
reset_id_counter,5
smooth_probs,5
visitrepeat,5
visitcurlies,5
visitatomic,5
visithole,5
visitwhitespace,5
whitespace,5
udpsocket,5
socketreceivemultiplexer,5
save,4
_show,4
find,4
add_or_replace,4
stats,4
ca,4
db,4
eb,4
hc,4
ic,4
mc,4
getparent,4
hb,4
rb,4
setformvalue,4
var,4
setattrib,4
insertaction,4
resize,4
getval,4
addzeros,4
ae,4
clone,4
block,4
an,4
basemutator,4
definitions,4
rangesensor,4
agentobserver,4
puck,4
puckgen,4
get_reader_items_json_file,4
return_question_to_choices_att,4
remove,4
manager,4
size,4
get_param_dtypes,4
get_param_shapes,4
flat_to_params,4
entropy_sym,4
action_bounds,4
action_from_keys,4
loop_once,4
get_ori,4
action_from_key,4
__getattr__,4
__add__,4
frame,4
flags,4
label,4
type,4
rgba,4
specular,4
headlight,4
nlight,4
ngeom,4
nstack,4
nbuffer,4
buffer,4
encode,4
__delitem__,4
build_eval,4
constraint_val,4
get_opt_output,4
state_info_keys,4
get_reparam_action_sym,4
process_samples,4
dist_info_specs,4
create_mlp,4
forward_mlp,4
fluxes,4
d_mu_d_p,4
gp_noise_var,4
clear_model,4
suggest,4
__next__,4
wrapper,4
uniform,4
pmf,4
logpmf,4
rvs,4
foo,4
make_tower,4
run_towers,4
meanshiftgrouping,4
cascadeclassifierinvoker,4
grouprectangles_meanshift,4
read,4
draw_grid,4
project_,4
project,4
intersection,4
compute_out_of_image_fraction,4
is_out_of_image,4
coords_almost_equals,4
almost_equals,4
on_,4
to_xy_array,4
fill_from_xy_array_,4
remove_out_of_image_fraction_,4
remove_out_of_image_fraction,4
to_keypoints_on_image,4
invert_to_keypoints_on_image_,4
pad,4
solarize,4
get_instance,4
_quantize,4
pool,4
_compute_axis_value,4
_augment_maps_by_samples,4
state,4
edqdmap,4
add_child,4
n_nodes,4
n_edges,4
n_weights,4
backprop,4
mpe_backprop,4
compile,4
_name_from_signature,4
blocks,4
cgoalreachstate,4
releasedistmatrix,4
releasedismatrix,4
_tmain,4
srand,4
addstate,4
crlmanager,4
istateview,4
shared,4
psi,4
create_parser,4
ts,4
trackingserver,4
displayaxes,4
show_histograms,4
meta,3
attribute,3
experiment,3
to_dict,3
attributes,3
list_old_names_values_with_unified,3
da,3
kc,3
vc,3
ya,3
setallattribs,3
getselectvalue,3
setval,3
merge,3
writeflash,3
writeshockwave,3
writequicktime,3
writerealmedia,3
writewindowsmedia,3
writeembed,3
replace,3
updateaction,3
split,3
changedbackgroundimage,3
changedsize,3
changedcolor,3
changedstyle,3
updatecolor,3
ay,3
ah,3
aj,3
ag,3
bounds,3
newsitem,3
returns,3
robotagent,3
logmanager,3
getgaussianrand,3
neuralcontroller,3
randint,3
reset_parameters,3
state_dict,3
load_state_dict,3
layernorm,3
decoder,3
work,3
serve,3
unwrap,3
accuracy,3
add_sample,3
random_batch,3
batch_norm,3
mlp,3
step_input_layer,3
step_hidden_layer,3
step_output_layer,3
hid_init_param,3
from_onehot,3
categorical,3
horizon,3
_reset,3
handle_mouse_move,3
handle_scroll,3
arg,3
colorize,3
query_yes_no,3
extract,3
ensure_dir,3
__pow__,3
__rmul__,3
__div__,3
__rdiv__,3
__rpow__,3
unique,3
weighted_sample,3
center,3
ctrl,3
__radd__,3
__mul__,3
join,3
opt_callback,3
categoricalmlppolicy,3
gaussianmlppolicy,3
ft,3
output_shape,3
match,3
num_envs,3
setup,3
graphics,3
m5,3
alpha,3
r_init,3
rates,3
gp_surrogate,3
_predict,3
_d_mu_d_p,3
_d2_mu_d_p2,3
_d_s2_d_p,3
_d2_s2_d_p2,3
call,3
pmean,3
sigma,3
load,3
hyp,3
results,3
_insert_trial_docs,3
delete_all,3
fmin,3
checkpoint,3
insert,3
delete,3
error,3
repeat,3
__lt__,3
normal,3
choice,3
write,3
flush,3
copyvectortoumat,3
get_column_names,3
nb_rows,3
coords,3
is_fully_within_image,3
is_partly_within_image,3
cut_out_of_image,3
extract_from_image,3
to_keypoints,3
remove_out_of_image_,3
remove_out_of_image,3
invert,3
pad_to_aspect_ratio,3
subdivide,3
is_valid,3
_draw_mask,3
receive,3
augment,3
compare,3
power,3
settype,3
set_message_type,3
get_dest,3
get_dest_info,3
configure,3
weight_variable,3
bias_variable,3
variable_summaries,3
nn_layer,3
physicalobject,3
edqdrobot,3
edqdrobotworldmodel,3
edqdcontroller,3
archive,3
getrand,3
build_forward,3
mpi_average,3
loop,3
assert_in_range,3
fit_structure,3
filter_sum_nodes,3
filter_product_nodes,3
plot_m_by_n_images,3
array_2_mat,3
set_input_layer,3
add_input_layer,3
add_output_layer,3
normalize,3
is_complete,3
is_decomposable,3
get_input,3
allocationpool,3
argraph,3
argraph_impl,3
dictionaryiterator,3
ullstate,3
ullsubstate,3
create_cov_matrix,3
_render_signature,3
set_param,3
mkl_set_num_threads,3
findnucleus,3
median,3
findstr4end,3
receivedbundleelementiterator,3
receivedmessageargumentiterator,3
receivedmessage,3
trackingqueue,3
trackingvisualizer,3
get_distance,3
get_source_tags,3
get_target_tags,3
train_and_evaluate,3
show_pixel_histograms,3
show_images,3
get_experiment_attributes,2
get_experiment_samples_attributes,2
is_unified,2
autocomplete_search_fields,2
samples,2
to_list_of_dicts,2
set_has_minimal,2
status,2
plot,2
emulatediemajorversion,2
actualnonemulatediemajorversion,2
dc,2
getstyle,2
names,2
ut,2
tt,2
transitionend,2
removeelement,2
gettargetfromtrigger,2
clearmenus,2
complete,2
scrollspy,2
next,2
fc,2
gc,2
jc,2
lc,2
nc,2
oc,2
pc,2
zc,2
dd,2
_,2
from,2
preinit,2
changeclass,2
checkprefix,2
parsewindowopen,2
parsefunction,2
getoption,2
setpopupcontrolsdisabled,2
parselink,2
parseoptions,2
buildonclick,2
getanchorlisthtml,2
getlinklisthtml,2
gettargetlisthtml,2
tinymce,2
rep,2
hide,2
getattr,2
isintable,2
normalizesize,2
toarray,2
ismediaimg,2
addplayer,2
getinnerhtml,2
lookupattribute,2
lookupextension,2
parsequeryparams,2
setoptions,2
option,2
moveselection,2
getparam,2
executes,2
grabs,2
grabcontent,2
ensureunits,2
removeclasses,2
open,2
fix,2
cleanup,2
hasclass,2
checkkeys,2
setelementattribs,2
selectbyvalue,2
convertrgbtohex,2
converthextorgb,2
ad,2
ai,2
aw,2
as,2
balancefitnesswebots,2
collectivepatrolling,2
dominancecompare,2
emeans,2
esrealmutation,2
fixedlinearchromosome,2
operator,2
genebasedmutationrate,2
obstacleavoidancefitnessd3d,2
obstacleavoidancefitnessplayerstage,2
obstacleavoidancefitnesswebots,2
phototaxis,2
fixed32,2
hivemindinstance,2
newscastagent,2
newscastagentgroup,2
newscastinstance,2
newscontent,2
populationcontrolarchitecture,2
populationmember,2
sdl_collideboundingbox,2
sdl_collideboundingcircle,2
_result,2
_arg,2
unary_function_binder,2
represents,2
properties,2
attempts,2
can,2
strip_left_if,2
strip_right_if,2
strip_if,2
agent,2
inspectoragent,2
configurationloader,2
observer,2
hearders,2
clean_up,2
displayhelp,2
handlekeyevent,2
updatedisplay,2
initlogging,2
stoplogging,2
initmonitor,2
updatemonitor,2
loadproperties,2
initroborobo,2
runroborobo,2
closeroborobo,2
launchroborobo,2
extendedproperties,2
point2d,2
convertfromstring,2
geteuclidiandistance,2
computemodulo,2
getcurrenttimeasreadablestring,2
converttostring,2
castsensorray,2
initsdl,2
getpixel32,2
putpixel32,2
apply_surface,2
register_surface,2
clean_surface,2
toggle_fullscreen,2
timer,2
worldmodel,2
propertiesreadingconfigurationloader,2
evolutionarycontrolarchitecture,2
rand,2
softmax,2
get_question_text_from_item,2
get_choice_text_from_item,2
_read,2
text_to_instance,2
config_example,2
tokenize,2
clean_surface_text,2
get_reader_items_field_text_index,2
update_index,2
get_know_item_text,2
return_question_to_facts_att,2
return_choice_to_facts_att,2
clean_split,2
get_fields_from_txt,2
get_val_by_hier_key,2
try_set_val_by_hier_key,2
test_try_set_val_by_hier_key,2
get_fields_with_str_values_from_txt,2
assert_list_equal,2
test_get_fields_with_str_values_from_txt,2
gather,2
read_data,2
zero_grad,2
_set_state,2
to_python_float,2
has_overflow,2
_has_inf_or_nan,2
update_scale,2
loss_scale,2
scale_gradient,2
find_key_from_val,2
index_select_train,2
index_select_translate,2
input_like,2
truncated_normal,2
scaledembedding,2
sentence_block_embed,2
seq_func,2
layernormsent,2
linearsent,2
multiheadattention,2
feedforwardlayer,2
encoderlayer,2
decoderlayer,2
encoder,2
initialize_position_encoding,2
make_input_embedding,2
make_attention_mask,2
make_history_mask,2
tied_linear,2
output_and_loss,2
read_file,2
where,2
generate_output,2
step_size,2
pointenv,2
fast_lr,2
meta_step_size,2
fast_batch_size,2
meta_batch_size,2
task_var,2
direc,2
oracle,2
pointenvrandgoal,2
batchsampler,2
batchpolopt,2
simplereplaypool,2
ddpg,2
do_training,2
get_epoch_snapshot,2
npo,2
_features,2
trpo,2
vpg,2
add_args,2
new_from_args,2
paramlayer,2
oplayer,2
batchnormlayer,2
grulayer,2
grusteplayer,2
grunetwork,2
convnetwork,2
layers,2
parameterized,2
likelihood_sym,2
bernoulli,2
sample_sym,2
diagonalgaussian,2
recurrentcategorical,2
action_dim,2
spec,2
_state,2
forward_dynamics,2
get_obs_noise_scale_factor,2
before_world_step,2
action_from_direction,2
get_possible_next_states,2
set_model,2
autoscale,2
get_rect,2
handle_mouse_button,2
should_stop,2
get_viewer,2
viewer,2
reset_mujoco,2
prefix,2
message,2
compile_function,2
new_tensor,2
new_tensor_like,2
is_iterable,2
set_seed,2
flatten_tensor_variables,2
unflatten_tensor_variables,2
dump,2
cg,2
plot_experiments,2
uniq,2
to_onehot,2
to_onehot_sym,2
pad_tensor,2
pad_tensor_n,2
pad_tensor_dict,2
stack_tensor_list,2
stack_tensor_dict_list,2
concat_tensor_list,2
concat_tensor_dict_list,2
split_tensor_dict_list,2
xlim,2
ylim,2
polygon,2
mjmodel,2
mjdata,2
dist,2
includemargin,2
friction,2
solref,2
solimp,2
mu,2
coef,2
zone,2
geom1,2
geom2,2
exclude,2
efc_address,2
left,2
bottom,2
head_pos,2
head_right,2
window_pos,2
window_right,2
window_up,2
window_normal,2
window_size,2
ipd,2
stereo,2
linewidth,2
znear,2
zfar,2
shadowclip,2
shadowscale,2
shadowsize,2
offwidth,2
offheight,2
offfbo,2
offcolor,2
offdepthstencil,2
shadowfbo,2
shadowtex,2
ntexture,2
texture,2
texturetype,2
baseplane,2
basemesh,2
basehfield,2
basebuiltin,2
basefontnormal,2
basefontback,2
basefontbig,2
rangeplane,2
rangemesh,2
rangehfield,2
rangebuiltin,2
rangefont,2
charwidth,2
charwidthbig,2
charheight,2
charheightbig,2
glewinitialized,2
fovy,2
camid,2
trackbodyid,2
lookat,2
azimuth,2
elevation,2
distance,2
pose,2
vr,2
geomgroup,2
sitegroup,2
dataid,2
objtype,2
objid,2
category,2
texid,2
texuniform,2
texrepeat,2
mat,2
emission,2
shininess,2
reflectance,2
camdist,2
rbound,2
transparent,2
dir,2
attenuation,2
cutoff,2
exponent,2
ambient,2
diffuse,2
directional,2
castshadow,2
maxgeom,2
lights,2
timestep,2
apirate,2
tolerance,2
impratio,2
gravity,2
wind,2
magnetic,2
density,2
viscosity,2
o_margin,2
o_solref,2
o_solimp,2
mpr_tolerance,2
mpr_iterations,2
integrator,2
collision,2
impedance,2
reference,2
solver,2
iterations,2
disableflags,2
enableflags,2
global_,2
quality,2
map_,2
meanmass,2
meansize,2
extent,2
pstack,2
maxstackuse,2
ne,2
nf,2
nefc,2
ncon,2
nwarning,2
warning_info,2
timer_duration,2
timer_ncall,2
mocaptime,2
time,2
energy,2
solverstat,2
solvertrace,2
stack,2
qpos,2
qvel,2
act,2
qfrc_applied,2
xfrc_applied,2
qacc,2
act_dot,2
mocap_pos,2
mocap_quat,2
userdata,2
sensordata,2
xpos,2
xquat,2
xmat,2
xipos,2
ximat,2
xanchor,2
xaxis,2
geom_xpos,2
geom_xmat,2
site_xpos,2
site_xmat,2
cam_xpos,2
cam_xmat,2
light_xpos,2
light_xdir,2
com_subtree,2
cdof,2
cinert,2
ten_wrapadr,2
ten_wrapnum,2
ten_length,2
ten_moment,2
wrap_obj,2
wrap_xpos,2
actuator_length,2
actuator_moment,2
crb,2
qm,2
qld,2
qldiaginv,2
qldiagsqrtinv,2
efc_type,2
efc_id,2
efc_rownnz,2
efc_rowadr,2
efc_colind,2
efc_rownnz_t,2
efc_rowadr_t,2
efc_colind_t,2
efc_solref,2
efc_solimp,2
efc_margin,2
efc_frictionloss,2
efc_pos,2
efc_j,2
efc_j_t,2
efc_diagapprox,2
efc_d,2
efc_r,2
efc_ar,2
e_archol,2
fc_e_rect,2
fc_ar,2
ten_velocity,2
actuator_velocity,2
cvel,2
cdof_dot,2
qfrc_bias,2
qfrc_passive,2
efc_vel,2
efc_aref,2
actuator_force,2
qfrc_actuator,2
qfrc_unc,2
qacc_unc,2
efc_b,2
fc_b,2
efc_force,2
qfrc_constraint,2
qfrc_inverse,2
cacc,2
cfrc_int,2
cfrc_ext,2
nq,2
nv,2
nu,2
nbody,2
njnt,2
nsite,2
ncam,2
nmesh,2
nmeshvert,2
nmeshface,2
nmeshgraph,2
nhfield,2
nhfielddata,2
ntex,2
ntexdata,2
nmat,2
npair,2
nexclude,2
neq,2
ntendon,2
nwrap,2
nsensor,2
nnumeric,2
nnumericdata,2
ntext,2
ntextdata,2
nkey,2
nuser_body,2
nuser_jnt,2
nuser_geom,2
nuser_site,2
nuser_tendon,2
nuser_actuator,2
nuser_sensor,2
nnames,2
nm,2
nemax,2
njmax,2
nconmax,2
nuserdata,2
nmocap,2
nsensordata,2
opt,2
vis,2
stat,2
qpos0,2
qpos_spring,2
body_parentid,2
body_rootid,2
body_weldid,2
body_mocapid,2
body_jntnum,2
body_jntadr,2
body_dofnum,2
body_dofadr,2
body_geomnum,2
body_geomadr,2
body_pos,2
body_quat,2
body_ipos,2
body_iquat,2
body_mass,2
body_inertia,2
body_invweight0,2
body_user,2
jnt_type,2
jnt_qposadr,2
jnt_dofadr,2
jnt_bodyid,2
jnt_limited,2
jnt_solref,2
jnt_solimp,2
jnt_pos,2
jnt_axis,2
jnt_stiffness,2
jnt_range,2
jnt_margin,2
jnt_user,2
dof_bodyid,2
dof_jntid,2
dof_parentid,2
dof_madr,2
dof_frictional,2
dof_solref,2
dof_solimp,2
dof_frictionloss,2
dof_armature,2
dof_damping,2
dof_invweight0,2
geom_type,2
geom_contype,2
geom_conaffinity,2
geom_condim,2
geom_bodyid,2
geom_dataid,2
geom_matid,2
geom_group,2
geom_solmix,2
geom_solref,2
geom_solimp,2
geom_size,2
geom_rbound,2
geom_pos,2
geom_quat,2
geom_friction,2
geom_margin,2
geom_gap,2
geom_user,2
geom_rgba,2
site_type,2
site_bodyid,2
site_matid,2
site_group,2
site_size,2
site_pos,2
site_quat,2
site_user,2
site_rgba,2
cam_mode,2
cam_bodyid,2
cam_targetbodyid,2
cam_pos,2
cam_quat,2
cam_poscom0,2
cam_pos0,2
cam_mat0,2
cam_fovy,2
cam_ipd,2
light_mode,2
light_bodyid,2
light_targetbodyid,2
light_directional,2
light_castshadow,2
light_active,2
light_pos,2
light_dir,2
light_poscom0,2
light_pos0,2
light_dir0,2
light_attenuation,2
light_cutoff,2
light_exponent,2
light_ambient,2
light_diffuse,2
light_specular,2
mesh_faceadr,2
mesh_facenum,2
mesh_vertadr,2
mesh_vertnum,2
mesh_graphadr,2
mesh_vert,2
mesh_normal,2
mesh_face,2
mesh_graph,2
hfield_size,2
hfield_nrow,2
hfield_ncol,2
hfield_adr,2
hfield_data,2
tex_type,2
tex_height,2
tex_width,2
tex_adr,2
tex_rgb,2
mat_texid,2
mat_texuniform,2
mat_texrepeat,2
mat_emission,2
mat_specular,2
mat_shininess,2
mat_reflectance,2
mat_rgba,2
pair_dim,2
pair_geom1,2
pair_geom2,2
pair_signature,2
pair_solref,2
pair_solimp,2
pair_margin,2
pair_gap,2
pair_friction,2
exclude_signature,2
eq_type,2
eq_obj1id,2
eq_obj2id,2
eq_active,2
eq_solref,2
eq_solimp,2
eq_data,2
tendon_adr,2
tendon_num,2
tendon_matid,2
tendon_limited,2
tendon_frictional,2
tendon_width,2
tendon_solref_lim,2
tendon_solimp_lim,2
tendon_solref_fri,2
tendon_solimp_fri,2
tendon_range,2
tendon_margin,2
tendon_stiffness,2
tendon_damping,2
tendon_frictionloss,2
tendon_lengthspring,2
tendon_length0,2
tendon_invweight0,2
tendon_user,2
tendon_rgba,2
wrap_type,2
wrap_objid,2
wrap_prm,2
actuator_trntype,2
actuator_dyntype,2
actuator_gaintype,2
actuator_biastype,2
actuator_trnid,2
actuator_ctrllimited,2
actuator_forcelimited,2
actuator_dynprm,2
actuator_gainprm,2
actuator_biasprm,2
actuator_ctrlrange,2
actuator_forcerange,2
actuator_gear,2
actuator_cranklength,2
actuator_invweight0,2
actuator_length0,2
actuator_lengthrange,2
actuator_user,2
sensor_type,2
sensor_objid,2
sensor_dim,2
sensor_adr,2
sensor_scale,2
sensor_user,2
numeric_adr,2
numeric_size,2
numeric_data,2
text_adr,2
key_time,2
key_qpos,2
key_qvel,2
key_act,2
name_bodyadr,2
name_jntadr,2
name_geomadr,2
name_siteadr,2
name_camadr,2
name_lightadr,2
name_meshadr,2
name_hfieldadr,2
name_texadr,2
name_matadr,2
name_eqadr,2
name_tendonadr,2
name_actuatoradr,2
name_sensoradr,2
name_numericadr,2
name_textadr,2
count,2
index,2
perlmutterhvp,2
finitedifferencehvp,2
conjugategradientoptimizer,2
hx_plain,2
f_hx_plain,2
firstorderoptimizer,2
shuffle,2
iterate,2
lbfgsoptimizer,2
f_opt_wrapper,2
penaltylbfgsoptimizer,2
gen_f_opt,2
policy,2
stochasticpolicy,2
categoricalgrupolicy,2
gaussiangrupolicy,2
uniformcontrolpolicy,2
categoricalmlpregressor,2
gaussianmlpregressor,2
initialize,2
box,2
discrete,2
default_value,2
product,2
components,2
at,2
lt,2
ct,2
pt,2
dt,2
ht,2
mt,2
bt,2
ot,2
zn,2
make_vars,2
layer,2
add_param,2
state_dim,2
recurrent_layer,2
step_prev_state_layer,2
step_state_layer,2
state_init_param,2
updated_dist_info_sym,2
switch_to_init_dist,2
set_init_surr_obj,2
compute_updated_dists,2
get_variable_values,2
assign_params,2
get_command_args,2
xml_extract,2
get_text,2
search,2
get_hypotheses,2
get_funding,2
get_inex_criteria,2
get_databases,2
get_query,2
get_nlp,2
get_analysis,2
get_stats,2
get_limitations,2
get_institution,2
get_metadata,2
get_ax,2
plot_data,2
plot_prediction,2
plot_fitted_models,2
gp_plot,2
marginal_plot,2
design_plot,2
ode,2
model,2
exponential,2
kern_list,2
gp_load_hyp,2
gp_optimize,2
gp_optimise,2
kern_x,2
kern_p,2
num_outputs,2
meas_noise_var,2
dim_x,2
dim_p,2
d2_mu_d_p2,2
d_s2_d_p,2
d2_s2_d_p2,2
_get_save_dict,2
_load_save_dict,2
eps,2
binary_variables,2
loss_function,2
cov,2
next_batch,2
reset_pointer,2
get_reward,2
init_matrix,2
create_output_unit,2
_g_recurrence,2
_pretrain_recurrence,2
on_node,2
batch,2
suggest_batch,2
hp_uniform,2
hp_quniform,2
hp_loguniform,2
hp_qloguniform,2
hp_randint,2
hp_normal,2
hp_lognormal,2
hp_qlognormal,2
hp_qnormal,2
trials,2
view,2
trial_attachments,2
new_trial_ids,2
count_by_state_unsynced,2
partial,2
get_queue_len,2
set_attachment,2
debug,2
info,2
warn,2
lambda,2
dfs,2
identity,2
int,2
clone_from_inputs,2
replace_input,2
pprint,2
__sub__,2
__rsub__,2
__truediv__,2
__rtruediv__,2
__floordiv__,2
__rfloordiv__,2
set_memo,2
err,2
lognormal,2
in_domain,2
ap_categorical_sampler,2
decode_jpeg,2
boundingbox,2
train_step_begin,2
train_step_end,2
train_end,2
validation_step_begin,2
validation_end,2
log_metrics,2
log_run_metadata,2
log_summaries,2
save_model_best_top1,2
save_model_best_top5,2
save_model_latest,2
set_session_graph,2
close_files,2
get_run_options,2
get_run_metadata,2
open_csv,2
log_msg,2
with,2
createfacedetectionmaskgenerator,2
detectmultiscaleoldformat,2
clipobjects,2
dst,2
sqsum,2
tilted,2
union,2
load_images,2
func_images,2
func_heatmaps,2
func_keypoints,2
map_coordinates,2
to_normalized_batch,2
to_batch_in_augmentation,2
fill_from_batch_in_augmentation_,2
area,2
compute_out_of_image_area,2
to_polygon,2
get_arr,2
avg_pool,2
max_pool,2
xx,2
yy,2
xx_int,2
yy_int,2
to_bounding_box,2
_assert_not_none,2
subdivide_,2
from_shapely,2
cutout,2
solarize_,2
multiply,2
impulsenoise,2
jpegcompression,2
blend_alpha,2
alphaelementwise,2
simplexnoisealpha,2
frequencynoisealpha,2
gaussianblur,2
motionblur,2
_validate,2
_augment_single_image,2
n_colors,2
fliplr,2
flipud,2
fog,2
_augment_images,2
_augment_heatmaps,2
_augment_segmentation_maps,2
_augment_keypoints,2
_augment_bounding_boxes,2
_augment_polygons,2
_augment_line_strings,2
show_grid,2
reseed,2
copy_random_state,2
_default,2
equalize,2
autocontrast,2
_assert_two_or_three_dims,2
handle_param,2
_blur,2
_postprocess_noise,2
_blend,2
_wrapper,2
all_finished,2
binomial,2
poisson,2
laplace,2
chisquare,2
weibull,2
beta,2
divide,2
_inner,2
_draw_samples_hw,2
generate_seed_,2
generate_seeds_,2
logistic,2
handles,2
commandlinevalues,2
csv2ttlprocessor,2
establish,2
save_queries,2
execute_saved,2
commit,2
read_config,2
load_config,2
skip_process,2
mine_text,2
dirname,2
init_stream,2
get_stream,2
reset_stream,2
message_class,2
get_raw_item,2
get_item,2
get_source,2
next_source,2
_filenames,2
_filenames_from_dir,2
_adjusted_filenames,2
_input_files,2
config_dir,2
set_default_dir,2
subdir,2
file_info,2
close_file,2
eop,2
drop,2
defaultarguments,2
set_default_arguments,2
fill_feed_dict,2
run_training,2
createlinematerial,2
dfe,2
calculate_avg_xs,2
parse_result,2
print_results,2
evolve_population,2
sample_clones,2
call_snps,2
fitness_mcmc,2
timecourse,2
get_identifier_name,2
robot,2
geteuclideandistance,2
getsquaredeuclideandistance,2
getangletotarget,2
circleobject,2
physicalobjectgroup,2
squareobject,2
landmarkobject,2
energyitem,2
gateobject,2
movableobject,2
roundobject,2
switchobject,2
edqdagentobserver,2
boost,2
edqdworldobserver,2
updateenvironment,2
templateeecontroller,2
templateeeworldobserver,2
run_validation,2
run_sampling_only,2
logistic_logpdf,2
logistic_logcdf,2
test_logistic,2
mixlogistic_logpdf,2
mixlogistic_logcdf,2
test_logistic_mixture,2
mixlogistic_sample,2
mixlogistic_invcdf,2
test_mixlogistic_invcdf,2
body,2
tensorboardoutput,2
iterbatches,2
seed_all,2
tile_imgs,2
save_tiled_imgs,2
writekvs,2
summary_val,2
gaussian_logp,2
run_sampling,2
dataslice,2
whole_slice,2
add_node,2
g_test,2
ll_array_from_model_score,2
stats_format,2
filter_leaf_nodes,2
filter_nodes_by_layer,2
filter_nodes_by_scope_length,2
filter_nodes,2
evaluate_on_dataset,2
top_down_nodes,2
smooth_leaves,2
n_leaves,2
set_layers,2
add_layer,2
eval_numba,2
sumlayer,2
productlayer,2
set_id_counter,2
add_edge,2
remove_child,2
set_weights,2
get_weights,2
parse,2
allocator,2
newallocator,2
nullallocator,2
argedit,2
streamargloader,2
argloader,2
attrdestroyer,2
attrcomparator,2
dictionary,2
sdstate,2
vf2monostate,2
vf2state,2
vf2substate,2
vfmonostate,2
vfstate,2
vfsubstate,2
serializedatn,2
curlies,2
atomic,2
hole,2
rbrace,2
atom,2
prepare,2
test_sane,2
findnuc,2
_write_header,2
_write_records,2
fill_buffer,2
mean,2
ipendpointname,2
gethostbyname,2
networkinitializer,2
packetlistener,2
timerlistener,2
sockaddrfromipendpointname,2
ipendpointnamefromsockaddr,2
comparescheduledtimercalls,2
udptransmitsocket,2
udpreceivesocket,2
udplisteningreceivesocket,2
exception,2
roundup4,2
outofbuffermemoryexception,2
bundlenotinprogressexception,2
messageinprogressexception,2
messagenotinprogressexception,2
outboundpacketstream,2
malformedpacketexception,2
malformedmessageexception,2
malformedbundleexception,2
wrongargumenttypeexception,2
missingargumentexception,2
excessargumentexception,2
receivedbundleelement,2
receivedmessageargument,2
receivedbundle,2
trackingnode,2
trackingnodeeditor,2
stimarea,2
stimcircle,2
stimrect,2
trackingstimulator,2
trackingstimulatorcanvas,2
trackingstimulatoreditor,2
sourcelistbox,2
trackingvisualizercanvas,2
trackingvisualizereditor,2
java_lombok_installer_windowsdriveinfo_getlogicaldrives0,2
java_lombok_installer_windowsdriveinfo_getdrivetype,2
is_compatible,2
_score_function,2
get_aliases,2
isword,2
predict_scores,2
format_tags_for_source,2
_dequantize,2
_logit_transform,2
load_data_normalised,2
_lookup_f,1
_list_display,1
attributeinline,1
_article_lookup_f,1
_article_list_display,1
articleadmin,1
attributeadmin,1
_extra_display,1
_experiment_microarrays_display,1
_status_display,1
_experiment_unified_display,1
microarrayinline,1
sampleattributeinline,1
sampleinline,1
experimentadmin,1
microarrayadmin,1
sampleadmin,1
sampleattributeadmin,1
columnorderadmin,1
unificatedsamplesattributenameadmininline,1
unificatedsamplesattributenameadmin,1
unificatedsamplesattributevalueadmininline,1
unificatedsamplesattributevalueadmin,1
formfield_for_dbfield,1
response_change,1
articlesconfig,1
merge_with_igea,1
sampleattributeinlineform,1
samplefilterform,1
_get_all_with_same_old_name,1
_get_all_with_same_old_name_value,1
generate_pdata,1
cel_to_expression_matrix,1
download_exp_file,1
print_exp_accession_microarrays_platform_name,1
get_expression_matrix,1
get_sample_attributes_with_no_old_name,1
get_studies_with_no_secondary_accession,1
plot_annual_attrs_per_sample,1
get_attrs_per_sample_in_experiment,1
plot_annual_attrs_per_sample2,1
get_experiment_array_data_file_attribute,1
exp_to_db,1
sample_to_db,1
get_some,1
get_all_unique_experiment_attributes_tag_names,1
get_preeclampsia_accession,1
samples_total,1
get_exps_with_lots_samples,1
get_all_sample_attribute_names,1
print_exp_array_title,1
read_cell_file,1
unify_exp,1
sample_tsv_to_three_column_tsv,1
three_column_tsv_check,1
three_column_tsv_to_db,1
create_three_cols_tsv,1
tsv_to_db,1
add74341,1
add30186,1
add4707,1
add12216,1
replace_csection,1
replace_csection2,1
showmodel,1
article,1
standardname,1
standardvalue,1
microarray,1
sampleattribute,1
columnorder,1
sample_attributes,1
get_microarrays_lst,1
is_excluded,1
is_mail_received,1
get_has_minimal,1
has_minimal,1
is_cell_line,1
update_status,1
cached_status,1
has_old_name,1
get_old_value,1
get_gestational_age,1
get_gestational_age_category,1
get_attribute_value,1
unify,1
unify_for_each_old_value,1
unify_name,1
add_or_replace_numeric,1
samples_by_diagnosis,1
samples_by_organism_part,1
samples_by_cells_cultured,1
samples_by_trim,1
samples_by_gestation_age,1
samples_by_race,1
gestational_age_distribution,1
gestetional_age_category_to_db,1
all_to_tsv,1
merge_experiments_microarrays,1
print_exp_platfrm,1
get_healthy_term,1
get_exp_status,1
all_samples_to_tsv,1
all_experiments_to_tsv,1
all_microarrays_to_tsv,1
fullfill_column_order_with_defaluts,1
cluster_samples,1
experiments_with_no_gestation_age,1
coverage,1
get_values,1
coma,1
show_exps_of_good_platforms,1
show_unfilled_samples,1
show_experiment_samples,1
sample_attribute_old_name_value,1
sample_attribute_name_value,1
total_samples,1
culture_samples,1
get_placenta_accession,1
placenta_experimnents_to_file,1
preeclampsia_experimnents_to_file,1
exp_generator,1
use_exp_generator,1
get_experiments_attributes_from_file,1
experimenttable,1
get_column_class_names,1
build_exp_table,1
build_mic_table,1
build_sample_table,1
experiments,1
microarrays,1
home,1
html_unescape,1
id_to_windowname,1
windowname_to_id,1
showadminpopup,1
showrelatedobjectlookuppopup,1
dismissrelatedlookuppopup,1
showrelatedobjectpopup,1
updaterelatedobjectlinks,1
dismissaddrelatedobjectpopup,1
dismisschangerelatedobjectpopup,1
dismissdeleterelatedobjectpopup,1
removerelatedobject,1
addevent,1
removeevent,1
canceleventpropagation,1
quickelement,1
removechildren,1
findposx,1
findposy,1
findform,1
downcode,1
urlify,1
getsubcalls,1
getdirectsubcalls,1
getleft,1
getcsswidth,1
addrow,1
prop,1
inlineform,1
inlineformset,1
buildformats,1
hasformat,1
applylistformat,1
parsetime,1
setdir,1
setattr,1
addheadnode,1
low,1
startmove,1
findparentlayer,1
skipwhitespacenodes,1
skipwhitespacenodesbackwards,1
skipwhitespacenodesforwards,1
hasparentinlist,1
islist,1
splitnestedlists,1
attemptmergewithadjacent,1
attemptmergewithprevious,1
attemptmergewithnext,1
attemptmerge,1
canmerge,1
islistforindent,1
containsonlyalist,1
finditemtooperateon,1
istabinlist,1
isonlastlistitem,1
isnestedlist,1
isinemptylistitem,1
getli,1
isemptylistitem,1
isemptyie9li,1
isenter,1
isenterwithoutshift,1
getlistkeystate,1
canceldefaultevents,1
iscursoratendofcontainer,1
isendoflistitem,1
createnewli,1
imagejoininglistitem,1
lastli,1
addchildren,1
setcursorpositiontooriginalli,1
hasstyleindent,1
fixlistitem,1
fixindentedlistitemforgecko,1
fixindentedlistitemforie8,1
fixdeletingfirstcharoflist,1
listelements,1
fixdeletingemptyliinwebkit,1
cleanupbr,1
makelist,1
adjustindentfornewlist,1
dowraplist,1
processbrs,1
isanypartselected,1
nextleaf,1
wraplist,1
changelist,1
convertlistitemtoparagraph,1
createwrapitem,1
createwraplist,1
indentli,1
outdentli,1
isemptyelement,1
processelement,1
recurse,1
bratedgeofselection,1
handlecontenteditableselection,1
getcontenteditable,1
getnoneditableparent,1
getparentcaretcontainer,1
findfirsttextnode,1
insertcaretcontainerorexpandtoblock,1
removecaretcontainer,1
hassidecontent,1
handlekey,1
getnonemptytextnodesibling,1
positioncaretonelement,1
candelete,1
removenodeifnotparent,1
isnextprevtreenodenoneditable,1
convertregexpstononeditable,1
aggregatestyles,1
setupformdata,1
getmeasurement,1
getnum,1
instr,1
setvalue,1
setupbox,1
issame,1
hasequalvalues,1
toggleapplyaction,1
applyaction,1
generatecss,1
isnum,1
showdisabledcontrols,1
fillselect,1
togglesame,1
synch,1
updatetextdecorations,1
tabcancel,1
tabhandler,1
canselectrecursive,1
canselectinoldie,1
isoldie,1
canselect,1
isatstart,1
getspanval,1
tablegrid,1
clonenode,1
buildgrid,1
getcell,1
setspanval,1
iscellselected,1
getselectedrows,1
deletetable,1
clonecell,1
fillleftdown,1
insertrow,1
insertcol,1
deletecols,1
deleterows,1
deleterow,1
cutrows,1
copyrows,1
pasterows,1
getpos,1
setstartcell,1
findendpos,1
setendcell,1
createtablegrid,1
setpoint,1
tablecellselected,1
fixtablecellselection,1
gettargetparent,1
getfirstheadorfoot,1
movetorowintarget,1
escapetable,1
getchildfordirection,1
movecursortostartofelement,1
isverticalmovement,1
columnindex,1
findcolumn,1
movecursortorow,1
shouldfixcaret,1
checksameparenttable,1
fixtablecaretpos,1
doupdate,1
nextcell,1
updatecell,1
updaterow,1
changedrowtype,1
setactionforrowtype,1
inserttable,1
makeattrib,1
iscsssize,1
csssize,1
changedborder,1
checkdelorbksp,1
insertabbr,1
removeabbr,1
insertacronym,1
removeacronym,1
insertattribute,1
insertcite,1
removecite,1
insertdel,1
removedel,1
initcommonattributes,1
insertdatetime,1
getdatetime,1
setallcommonattribs,1
insertinlineelement,1
insertins,1
removeins,1
getpreviewcss,1
removevars,1
resizeonmove,1
endresize,1
inserthelpiframe,1
addkeyboardnavigation,1
rendercharmaphtml,1
insertchar,1
previewchar,1
tohexcolor,1
hex,1
showcolor,1
generatepicker,1
generatewebcolors,1
paintcanvas,1
generatenamedcolors,1
enablekeyboardnavigation,1
dechex,1
computecolor,1
updatelight,1
changefinalcolor,1
setcol,1
savecontent,1
onloadinit,1
setwrap,1
setwhitespacecss,1
turnwrapoff,1
turnwrapon,1
togglewordwrap,1
resizeinputs,1
serialize,1
ar,1
az,1
aa,1
ap,1
ao,1
aq,1
ac,1
al,1
am,1
getcolorpickerhtml,1
setbrowserdisabled,1
getbrowserhtml,1
openbrowser,1
addselectvalue,1
addclassestolist,1
isvisible,1
trimsize,1
getcsssize,1
droplist,1
mctabs,1
customfilebrowser,1
za,1
rc,1
sc,1
tc,1
uc,1
bc,1
perceptronbehavior,1
wallavoidancebehavior,1
averagingcrossover,1
degreesfromaccelerometer,1
chasing,1
collectiveforaging,1
completemutator,1
energycollection,1
evolver,1
would,1
listener,1
fitnesscompare,1
hasnofitness,1
comparechromosome,1
fastforwardwithbattery,1
__gene,1
mutator,1
recombinator,1
initialiser,1
genome,1
fixedmutationrate,1
neuralnetgenome,1
esgenome,1
onepointcrossover,1
pointmutator,1
randominitialiser,1
realmutation,1
seedinitialiser,1
spherefitness,1
statevector,1
tournamentselection,1
uniformcrossover,1
activationfunctionlinear,1
activationfunctionpiecewiselineartanh,1
activationfunctionsigmoid,1
activationfunctiontanh,1
multilayeredperceptron,1
simpleperceptron,1
stick,1
convert,1
mathlib,1
getsignificantcodesize,1
getstringofbinaryvalue,1
comparebyagentidandtimestamp,1
organism,1
combinevectors,1
sdl_collidetransparentpixel,1
sdl_collidepixel,1
behaviorcontrolarchitecture,1
extern,1
isradioconnection,1
iscollisionpotential,1
checkquitevent,1
resetroboroboworld,1
getsquaredeuclidiandistance,1
getmaximumdistance,1
tracerayrgba,1
putpixel32secure,1
savescreenshot,1
robotagentworldinterface,1
robotagentworldmodel,1
perceptronbehaviorcontrolarchitecture,1
simpleshellsconfigurationloader,1
differentialcontrolarchitecture,1
setoriginalfitness,1
util,1
getgaussian2d,1
robotagentworldinterfacedangerworld,1
evolvingrobotagentworldmodel,1
evolvingrobotagentworldmodeldangerworld,1
simpleshellsagentobserver,1
simpleshellsagentworldmodel,1
simpleshellscontrolarchitecture,1
simpleshellsworldobserver,1
linearextenedsimilarity,1
linearextendedfeedforwardreprcombination,1
lineartransformsumreprcombination,1
weightedsumreprcombination,1
combine_tensors,1
_get_combination,1
get_combined_dim,1
_get_combination_dim,1
variationaldropout,1
update_params,1
jsonnet_loads,1
jsonnet_load_file,1
test_jsonnet_loads,1
arcmultichoicejsonreader,1
arcmultichoicewithfactstextjsonreadermultisource,1
tokenizer_dict_from_params,1
token_indexer_dict_from_params,1
get_key_and_value_by_key_match,1
read_cn5_surface_text_from_json,1
read_json_flexible,1
read_cn5_concat_subj_rel_obj_from_json,1
load_json_from_file,1
knowsourcemanager,1
mask_rel,1
get_max_facts_per_argument,1
rankreader_flatchoices_v1,1
read_facts,1
get_facts_text_with_weights_mask,1
get_similarities,1
combine_similarities,1
get_similarities_ext,1
print_json_formatted,1
process_item_dart,1
lemmatokenizer,1
print_item_info,1
safe_id,1
readerarc_question_choice_facts,1
readerfactsgoldfromarcmcqa,1
get_fact_from_qa_item,1
simplereaderarc_question_choice,1
simplereaderknowledgeflexible,1
read_csv_file_to_json_flexible,1
read_tsv_file_to_json_flexible,1
stackednnaggregatecustom,1
qamultichoiceesim,1
qamultichoiceknowreader_v1,1
forward_on_instances,1
qamultichoicemaxattention,1
qamultichoice_onevsrest_choices_v1,1
attention_combinations_dict,1
attention_interaction_combinations,1
embedd_encode_and_aggregate_text_field,1
embedd_encode_and_aggregate_list_text_field,1
embed_encode_and_aggregate_text_field_with_feats,1
embed_encode_and_aggregate_text_field_with_feats_only,1
embed_encode_and_aggregate_list_text_field_with_feats,1
embed_encode_and_aggregate_list_text_field_with_feats_only,1
seq2vec_seq_aggregate,1
parse_question_text_with_chocies,1
predictor_qa_mc_knowledge_visualize,1
_json_to_instance,1
retrieve,1
read_jsonl,1
jsonlist_to_dict,1
get_random_value,1
_replace_randoms,1
_replace_value,1
escape_for_beaker,1
get_train_args,1
get_preprocess_args,1
get_translate_args,1
concat_examples,1
_concat_arrays,1
_concat_arrays_with_padding,1
dataparallel,1
data_parallel,1
replicate,1
scatter,1
parallel_apply,1
gather_map,1
evalscore,1
lossscore,1
bleuscore,1
werscore,1
cerscore,1
recallscore,1
externalscore,1
evaluator,1
bleuevaluator,1
werevaluator,1
cerevaluator,1
better_than,1
evaluate_fast,1
brevity_penalty,1
extract_ngrams,1
modified_precision,1
dist_one_pair,1
sim,1
seq_sim,1
exponentialmovingaverage,1
register,1
padremover,1
restore,1
conversion_helper,1
fp32_to_fp16,1
fp16_to_fp32,1
fp16_module,1
fp16_optimizer,1
half_conversion,1
float_conversion,1
maybe_print,1
_check_overflow,1
_update_scale,1
_master_params_to_model_params,1
_model_params_to_master_params,1
_model_grads_to_master_grads,1
_downscale_master,1
clip_master_grads,1
_step_with_closure,1
update_master_grads,1
inspect_master_grad_data,1
_get_loss_scale,1
_set_loss_scale,1
_get_state,1
_get_param_groups,1
_set_param_groups,1
wrapped_closure,1
tofp16,1
bn_convert_float,1
network_to_half,1
convert_module,1
convert_network,1
fp16model,1
backwards_debug_hook,1
prep_param_lists,1
model_grads_to_master_grads,1
master_params_to_model_params,1
lossscaler,1
dynamiclossscaler,1
progbar,1
langshare,1
transformerlangshare,1
multitasknmt,1
transformer,1
noamadamtrainer,1
yogi,1
split_sentence,1
open_file,1
count_lines,1
count_words,1
make_dataset,1
make_array,1
polynomialnormalization,1
update_beam_state,1
finish_beam,1
beamsearch,1
greedysearch,1
lp,1
normalize_completed,1
normalize_partial,1
multilingualalignedcorpusreader,1
filter_text,1
save_file,1
add_target_token,1
read_from_single_file,1
read_aligned_corpus,1
init_weights,1
get_logger,1
save_checkpoint,1
batch_size_fn,1
save_output,1
tally_parameters,1
report_func,1
calculatebleu,1
translatetext,1
to_cpu,1
seq2seq_pad_concat_convert,1
source_pad_concat_convert,1
statistics,1
grad_norm,1
_decode,1
ppl,1
elapsed_time,1
treateffect,1
parse_gd_file,1
parse_gd_folder,1
issampler,1
kong_ess,1
history,1
add_history,1
get_history_list,1
obtain_is_samples,1
sample_isweighted_paths,1
pointenvrandgoaloracle,1
algorithm,1
rlalgorithm,1
_worker_rollout_policy,1
cem,1
sample_return,1
cmaes,1
parse_update_method,1
erwr,1
nop,1
ppo,1
reps,1
eval_dual,1
eval_dual_grad,1
eval_loss,1
eval_loss_grad,1
tnpg,1
center_advantages,1
shift_advantages_to_positive,1
replaypool,1
simple_tests,1
speed_tests,1
trivial_tests,1
max_size_tests,1
test_memory_usage_ok,1
last_concat_state,1
concat_state,1
baseline,1
algorithm_parallelized,1
gaussianconvbaseline,1
gaussianmlpbaseline,1
linearfeaturebaseline,1
zerobaseline,1
get_full_output,1
lasagnepowered,1
output_layers,1
wrapped_conv,1
step_prev_hidden_layer,1
serializable,1
quick_init,1
delta,1
env,1
box2denv,1
model_path,1
_invalidate_state_caches,1
_filter_position,1
_inject_obs_noise,1
get_current_reward,1
_inject_action_noise,1
_get_position_ids,1
get_raw_obs,1
_compute_com_pos_vel,1
get_com_position,1
get_com_velocity,1
pygamedraw,1
box2dviewer,1
startdraw,1
enddraw,1
drawpoint,1
drawaabb,1
drawsegment,1
drawtransform,1
drawcircle,1
drawsolidcircle,1
drawsolidcapsule,1
drawpolygon,1
drawsolidpolygon,1
setcenter,1
setzoom,1
checkevents,1
_keyboard_event,1
convertscreentoworld,1
carparkingenv,1
cartpoleenv,1
cartpoleswingupenv,1
doublependulumenv,1
get_tip_pos,1
mountaincarenv,1
envspec,1
gridworldenv,1
gridworldenvrand,1
convert_gym_space,1
cappedcubicvideoschedule,1
fixedintervalvideoschedule,1
novideoschedule,1
gymenv,1
identificationenv,1
gen_mdp,1
antenv,1
antenvdirecoracle,1
antenvoracle,1
antenvrand,1
antenvranddirec,1
antenvrandgoal,1
antenvrandgoaloracle,1
antgatherenv,1
embeddedviewer,1
record_frame,1
clear_frames,1
render_internal,1
gatherviewer,1
gatherenv,1
get_readings,1
draw_rect,1
refresh2d,1
pointgatherenv,1
swimmergatherenv,1
halfcheetahenv,1
halfcheetahenvdirecoracle,1
halfcheetahenvoracle,1
halfcheetahenvrand,1
halfcheetahenvranddirec,1
hopperenv,1
humanoidenv,1
inverteddoublependulumenv,1
antmazeenv,1
mazeenv,1
_find_robot,1
_find_goal_range,1
_is_in_collision,1
line_intersect,1
ray_segment_intersect,1
point_distance,1
pointmazeenv,1
swimmermazeenv,1
q_inv,1
q_mult,1
mujocoenv,1
_get_full_obs,1
_full_state,1
inject_action_noise,1
start_viewer,1
stop_viewer,1
release,1
get_body_comvel,1
print_stats,1
get_xy,1
set_xy,1
simplehumanoidenv,1
_get_com,1
swimmerenv,1
swimmerrandgoalenv,1
swimmerrandgoaloracleenv,1
walker2denv,1
noisyobservationenv,1
delayedactionenv,1
inject_obs_noise,1
normalizedenv,1
_update_obs_estimate,1
_update_reward_estimate,1
_apply_normalize_obs,1
_apply_normalize_reward,1
proxyenv,1
wrapped_env,1
slidingmemenv,1
reset_buffer,1
add_to_buffer,1
explorationstrategy,1
gaussianstrategy,1
oustrategy,1
evolve_state,1
_get_prefix,1
_get_info,1
_t_or_f,1
inherit,1
get_all_parameters,1
_add_args,1
_new_from_args,1
mkdir_p,1
simplemessage,1
prefix_log,1
tee_log,1
collect_args,1
type_hint,1
tweak,1
tweakval,1
tweakfun,1
logger,1
tweaked,1
extract_dict,1
compact,1
cached_function,1
lazydict,1
iscanl,1
iscanr,1
scanl,1
scanr,1
attrdict,1
truncate_path,1
concat_paths,1
path_len,1
shuffled,1
get_seed,1
flatten_hessian,1
flatten_shape_dim,1
print_lasagne_layer,1
sliced_fun,1
stdize,1
iterate_minibatches_generic,1
set,1
sliced_f,1
stubbase,1
binaryop,1
stubattr,1
stubmethodcall,1
stubclass,1
stubobject,1
variantdict,1
variantgenerator,1
variant,1
stub,1
run_experiment_lite,1
_shellquote,1
_to_param_val,1
to_local_command,1
to_docker_command,1
dedent,1
launch_ec2,1
s3_sync_code,1
upload_file_to_s3,1
to_lab_kube_pod,1
concretize,1
rdiv,1
attr_name,1
_populate_variants,1
variants,1
variant_dict,1
to_name_suffix,1
ivariants,1
_ivariants_sorted,1
_variant,1
preconditioned_cg,1
test_cg,1
lanczos,1
lanczos2,1
make_tridiagonal,1
tridiagonal_eigenvalues,1
test_lanczos,1
f_ax_noisy,1
_add_output,1
_remove_output,1
push_prefix,1
add_text_output,1
remove_text_output,1
add_tabular_output,1
remove_tabular_output,1
set_snapshot_dir,1
get_snapshot_dir,1
get_snapshot_mode,1
set_snapshot_mode,1
get_snapshot_gap,1
set_snapshot_gap,1
set_log_tabular_only,1
get_log_tabular_only,1
record_tabular,1
push_tabular_prefix,1
pop_tabular_prefix,1
tabular_prefix,1
terminaltableprinter,1
dump_tabular,1
pop_prefix,1
save_itr_params,1
log_parameters,1
stub_to_json,1
myencoder,1
log_parameters_lite,1
log_variant,1
record_tabular_misc_stat,1
print_tabular,1
default,1
compute_rect_vertices,1
experimentdatabase,1
_flatten_params,1
_read_data,1
_read_params,1
_load_experiments,1
filter_experiments,1
overrides,1
_get_base_classes,1
_get_base_class_names,1
_get_base_class,1
classesinmodule,1
locate_with_hint,1
load_class,1
weighted_sample_n,1
softmax_sym,1
cat_entropy,1
cat_perplexity,1
explained_variance_1d,1
to_onehot_n,1
from_onehot_n,1
normalize_updates,1
discount_cumsum,1
discount_return,1
rk4,1
_pipe_segment_with_colons,1
_pipe_line_with_colons,1
_mediawiki_row_with_attrs,1
_latex_line_begin_tabular,1
simple_separated_format,1
_isconvertible,1
_isnumber,1
_isint,1
_type,1
_afterpoint,1
_padleft,1
_padright,1
_padboth,1
_strip_invisible,1
_visible_width,1
_align_column,1
_more_generic,1
_column_type,1
_format,1
_align_header,1
_normalize_tabular_data,1
tabulate,1
_build_simple_row,1
_build_row,1
_build_line,1
_pad_row,1
_format_table,1
flatten_tensors,1
unflatten_tensors,1
high_res_normalize,1
truncate_tensor_list,1
truncate_tensor_dict,1
colors,1
viewer2d,1
fill,1
scale_x,1
scale_y,1
scale_point,1
scale_factor,1
scale_size,1
line,1
circle,1
rect,1
screen,1
checker,1
pause,1
_find_library_candidates,1
_load_library,1
_glfw_get_version,1
_glfwwindow,1
_glfwmonitor,1
_glfwvidmode,1
_glfwgammaramp,1
get_version,1
get_version_string,1
set_error_callback,1
get_monitors,1
get_primary_monitor,1
get_monitor_pos,1
get_monitor_physical_size,1
get_monitor_name,1
set_monitor_callback,1
get_video_modes,1
get_video_mode,1
set_gamma,1
get_gamma_ramp,1
set_gamma_ramp,1
default_window_hints,1
window_hint,1
create_window,1
destroy_window,1
window_should_close,1
set_window_should_close,1
set_window_title,1
get_window_pos,1
set_window_pos,1
get_window_size,1
set_window_size,1
get_framebuffer_size,1
iconify_window,1
restore_window,1
show_window,1
hide_window,1
get_window_monitor,1
get_window_attrib,1
set_window_user_pointer,1
get_window_user_pointer,1
set_window_pos_callback,1
set_window_size_callback,1
set_window_close_callback,1
set_window_refresh_callback,1
set_window_focus_callback,1
set_window_iconify_callback,1
set_framebuffer_size_callback,1
poll_events,1
wait_events,1
get_input_mode,1
set_input_mode,1
get_key,1
get_mouse_button,1
get_cursor_pos,1
set_cursor_pos,1
set_key_callback,1
set_char_callback,1
set_mouse_button_callback,1
set_cursor_pos_callback,1
set_cursor_enter_callback,1
set_scroll_callback,1
joystick_present,1
get_joystick_axes,1
get_joystick_buttons,1
get_joystick_name,1
set_clipboard_string,1
get_clipboard_string,1
get_time,1
set_time,1
make_context_current,1
get_current_context,1
swap_buffers,1
swap_interval,1
extension_supported,1
get_proc_address,1
mjerror,1
register_license,1
dict2,1
body_comvels,1
_compute_subtree,1
body_names,1
joint_names,1
joint_adr,1
geom_names,1
site_names,1
mesh_names,1
numeric_names,1
contact,1
append_objects,1
mjcontact,1
mjrrect,1
mjvcamerapose,1
mjroption,1
mjrcontext,1
mjvcamera,1
mjvoption,1
mjvgeom,1
mjvlight,1
mjvobjects,1
mjoption,1
mjvisual,1
mjstatistic,1
mjcontactwrapper,1
mjrrectwrapper,1
mjvcameraposewrapper,1
mjroptionwrapper,1
mjrcontextwrapper,1
mjvcamerawrapper,1
mjvoptionwrapper,1
mjvgeomwrapper,1
mjvlightwrapper,1
mjvobjectswrapper,1
mjoptionwrapper,1
mjvisualwrapper,1
mjstatisticwrapper,1
mjdatawrapper,1
mjmodelwrapper,1
anon_global,1
anon_quality,1
anon_headlight,1
anon_map,1
anon_scale,1
anon_rgba,1
text_data,1
_glfw_error_callback,1
mjviewer,1
get_dimensions,1
get_image,1
_init_framebuffer_object,1
userstring,1
mutablestring,1
string,1
returnstring,1
__int__,1
__long__,1
__float__,1
__complex__,1
__cmp__,1
__getslice__,1
__mod__,1
capitalize,1
endswith,1
expandtabs,1
isalpha,1
isalnum,1
isdecimal,1
isdigit,1
islower,1
isnumeric,1
isspace,1
istitle,1
isupper,1
ljust,1
lower,1
lstrip,1
partition,1
rfind,1
rindex,1
rjust,1
rpartition,1
rstrip,1
rsplit,1
splitlines,1
startswith,1
strip,1
swapcase,1
title,1
upper,1
zfill,1
__setslice__,1
__delslice__,1
immutable,1
__iadd__,1
__imul__,1
from_param,1
optimize_gen,1
hessianfreeoptimizer,1
gauss_newton_product,1
hf_optimizer,1
sequencedataset,1
quick_cost,1
flat_to_list,1
list_to_flat,1
batch_gv,1
batchdataset,1
number_batches,1
_worker_start,1
_shutdown_worker,1
init_worker,1
init_plot,1
categoricalconvpolicy,1
deterministicmlppolicy,1
get_action_sym,1
qfunction,1
continuousmlpqfunction,1
get_qval,1
get_qval_sym,1
gaussianconvregressor,1
productregressor,1
_split_ys,1
sampler,1
basesampler,1
_worker_init,1
_get_scoped_g,1
_worker_populate_task,1
_worker_terminate_task,1
populate_task,1
terminate_task,1
_worker_set_seed,1
_worker_set_policy_params,1
_worker_set_env_params,1
_worker_collect_one_path,1
sample_paths,1
truncate_paths,1
progbarcounter,1
sharedglobal,1
statefulpool,1
_worker_run_each,1
_worker_run_collect,1
_worker_run_map,1
inc,1
run_each,1
run_map,1
run_imap_unordered,1
run_collect,1
rollout,1
space,1
shape,1
load_progress,1
to_json,1
flatten_dict,1
load_params,1
lookup,1
load_exps_data,1
smart_repr,1
extract_distinct_params,1
selector,1
hex_to_rgb,1
custom_filter,1
_check_exp,1
iextract,1
sliding_mean,1
send_js,1
send_css,1
make_plot,1
make_plot_eps,1
summary_name,1
check_nan,1
get_plot_instruction,1
parse_float_arg,1
plot_div,1
reload_data,1
y_fmt,1
dropdown,1
positioning,1
closeopened,1
getsubmenuparents,1
st,1
gt,1
yt,1
vt,1
xt,1
wt,1
nt,1
kt,1
it,1
qt,1
_t,1
tn,1
nn,1
rn,1
sn,1
ln,1
un,1
gn,1
hn,1
qn,1
_n,1
mn,1
in,1
kn,1
er,1
tr,1
nr,1
rr,1
ir,1
or,1
loadtemplate,1
addtemplateformatter,1
containsslashes,1
processarray,1
addtoqueue,1
preparetemplatefromcache,1
uniqueid,1
urlavoidcache,1
loadandpreparetemplate,1
loadtemplatefromdocument,1
preparetemplate,1
handletemplateloadingerror,1
handletemplateloadingsuccess,1
binddata,1
processelements,1
valueisallowedbybindingoptions,1
getbindingoptions,1
processallelements,1
applydatabindformatters,1
getvalue,1
applyformatters,1
batchmamlpolopt,1
mamlnpo,1
mamltrpo,1
mamlvpg,1
create_param,1
as_tuple,1
conv_output_length,1
inputlayer,1
mergelayer,1
concatlayer,1
xavieruniforminitializer,1
heuniforminitializer,1
py_ortho_init,1
orthogonalinitializer,1
denselayer,1
fastdenselayer,1
baseconvlayer,1
conv2dlayer,1
fastconv2dlayer,1
pool_output_length,1
pool2dlayer,1
spatial_expected_softmax,1
spatialexpectedsoftmaxlayer,1
dropoutlayer,1
flattenlayer,1
reshapelayer,1
slicelayer,1
dimshufflelayer,1
apply_ln,1
tfgrulayer,1
pseudolstmlayer,1
lstmlayer,1
lstmsteplayer,1
tfbasiclstmlayer,1
get_all_layers,1
nonlinearitylayer,1
elemwisesumlayer,1
get_all_params,1
add_param_plain,1
_init,1
set_updated_weights,1
get_w_shape,1
_normalize,1
layerspowered,1
lstmnetwork,1
convmergenetwork,1
hidden_dim,1
step_cell_layer,1
cell_init_param,1
jointparameterized,1
make_input,1
_create_param,1
make_dense_layer,1
forward_dense_layer,1
make_param_layer,1
forward_param_layer,1
cross_entropy_sym,1
to_tf_space,1
wrappedcls,1
tfenv,1
vectfenv,1
vec_env_executor,1
worker_init_envs,1
worker_run_reset,1
worker_run_step,1
worker_collect_env_time,1
parallelvecenvexecutor,1
_run_reset,1
vecenvexecutor,1
env_spec,1
categoricallstmpolicy,1
gaussianlstmpolicy,1
mamlcategoricalmlppolicy,1
mamlgaussianmlppolicy,1
bernoullimlpregressor,1
deterministicmlpregressor,1
predict_sym,1
worker_init_tf,1
worker_init_tf_vars,1
vectorizedsampler,1
sample_n,1
setup_iam,1
setup_s3,1
setup_ec2,1
write_config,1
sample_action,1
visualize_env,1
multiple_plot,1
check_replacement,1
get_skip_flag,1
advance_until_terminate,1
advance,1
text_extract,1
rawarticle,1
xmlarticle,1
pdfarticle,1
pmid,1
section,1
xml_section,1
get_clinical_domain_from_pdf,1
articleextractor,1
clean_entry,1
get_reviewer,1
chunker,1
get_clinical_domain,1
_get_hypotheses,1
_get_funding,1
_get_inex_criteria,1
check_ontol,1
_get_databases,1
_get_query,1
_get_nlp,1
_get_analysis,1
_get_stats,1
check_standards,1
check_operating_system,1
_get_limitations,1
_get_institution,1
get_clinical_domain_from_xml,1
_clinical_asides,1
articlemanager,1
verify_meta,1
ask,1
ask_without_choices,1
ask_question,1
generate_chooser,1
get_choices,1
assign,1
check,1
check_boolean,1
get_articles_xml,1
enter_redcap,1
databasemanager,1
record_error,1
get_data,1
get_matches,1
get_searches,1
get_ml_data,1
trainer,1
get_allwords,1
xmlextractor,1
xml_load,1
parse_xml,1
try_xml,1
write_sequence,1
write_row,1
write_header,1
testparsefasta,1
test_parse,1
generate_x_mesh,1
generate_p_values,1
training_data,1
plot_predictions,1
plot_designs,1
plot_output,1
bff1983model,1
bffc1990amodel,1
get_constant,1
get_activity_coeffs,1
get_equilibrium_constant,1
get_fugacities,1
bffeh1984model,1
micromacromodel,1
pfr_0,1
pfr_1,1
pfr_2,1
cstr_0_macro,1
cstr_1,1
cstr_2_micro,1
cstr_2_macro,1
msm2010model,1
m6,1
m7,1
m8,1
m9,1
m10,1
ssqbnp2006model,1
vthr2014model,1
tandogan2017model,1
input_to_concentrations,1
get_coeff,1
vthr2014odemodel,1
init_fluxes,1
stoichiometry,1
hr,1
bh,1
bf,1
jr,1
_reshape,1
gaussian_posterior,1
gaussian_posterior_update,1
chi2,1
akaike,1
rbf,1
matern32,1
matern52,1
cosine,1
ratquad,1
taylor_first_order,1
taylor_second_order,1
analyticmodel,1
gpgriefmodel,1
gpmodel,1
set_kernels,1
meas_noise_covar,1
param_estim,1
_save_var,1
numericalmodel,1
sparsegpmodel,1
surrogatemodel,1
non_binary_variables,1
dim_b,1
zmin,1
zmax,1
get_z,1
xmin,1
xmax,1
pmin,1
pmax,1
ymean,1
ystd,1
set_training_data,1
laplace_approximation,1
diff_evol,1
least_squares,1
_residuals,1
boxtransform,1
meantransform,1
prediction,1
binary_dimensions,1
generate_samples,1
target_loss,1
mle_epoch,1
jsd_calculate,1
gen_data_loader,1
dis_dataloader,1
create_batches,1
load_train_data,1
generator,1
get_log_prob,1
maximum_likelihood,1
init_vector,1
create_recurrent_unit_indrnn,1
create_recurrent_unit_lstm,1
g_optimizer,1
critic,1
mediator,1
language_modeling,1
target_lstm,1
create_recurrent_unit,1
exprevaluator,1
suggestalgo,1
eval_nodes,1
set_in_memo,1
on_switch,1
annealingalgo,1
shrinking,1
choose_ltv,1
on_node_hyperparameter,1
hp_categorical,1
_all_same,1
sonify,1
miscs_update_idxs_vals,1
miscs_to_idxs_vals,1
spec_from_misc,1
trials_from_docs,1
domain,1
aname,1
tids,1
specs,1
miscs,1
idxs_vals,1
idxs,1
vals,1
assert_valid_trial,1
insert_trial_doc,1
insert_trial_docs,1
new_trial_docs,1
source_trial_docs,1
count_by_state_synced,1
losses,1
statuses,1
average_best_error,1
best_trial,1
argmin,1
inject_results,1
memo_from_config,1
evaluate_async,1
evaluate_async2,1
short_str,1
loss_variance,1
true_loss,1
true_loss_variance,1
new_result,1
fmap,1
ei_empirical,1
ei_gaussian_empirical,1
ei_gaussian,1
logei_gaussian,1
ucb,1
badsearchspace,1
duplicatelabel,1
invalidtrial,1
invalidresultstatus,1
invalidloss,1
generate_trial,1
generate_trials_to_calculate,1
fmin_pass_expr_memo_ctrl,1
fminiter,1
space_eval,1
serial_evaluate,1
block_until_done,1
exhaust,1
__timeout,1
dot_hyperparameters,1
var_node,1
cond_node,1
lostengineerror,1
ipythontrials,1
ipyasync,1
call_domain,1
wait,1
ready,1
operationfailure,1
shutdown,1
waitquit,1
invalidmongotrial,1
domainswaperror,1
reservetimeout,1
read_pw,1
parse_url,1
connection_with_tunnel,1
connection_from_string,1
mongojobs,1
mongotrials,1
mongoworker,1
mongoctrl,1
exec_import,1
as_mongo_str,1
main_worker_helper,1
main_worker,1
alloc,1
new_from_connection_str,1
create_jobs_indexes,1
create_drivers_indexes,1
create_indexes,1
jobs_complete,1
jobs_error,1
jobs_running,1
jobs_dead,1
jobs_queued,1
delete_all_error_jobs,1
reserve,1
attachment_names,1
get_attachment,1
delete_attachment,1
refresh_tids,1
make_log_handler,1
run_one,1
sighandler_shutdown,1
sighandler_wait_quit,1
as_str,1
keys,1
values,1
main_plot_history,1
main_plot_histogram,1
main_plot_vars,1
main_plot_1d_attachment,1
color_fn,1
color_fn_bw,1
pyllimporterror,1
missingargument,1
symboltable,1
symboltableentry,1
as_apply,1
literal,1
undefinedvalue,1
callpipe1,1
toposort,1
clone_merge,1
garbagecollected,1
rec_eval,1
pos_args,1
exp,1
pow,1
sin,1
cos,1
tan,1
sqrt,1
minimum,1
maximum,1
array_union1,1
array_union,1
asarray,1
str_join,1
_bincount_slow,1
bincount,1
call_method,1
call_method_pure,1
copy_call_method_pure,1
switch,1
_kwswitch,1
raise,1
curtime,1
pdb_settrace,1
_new_apply,1
dict,1
float,1
len,1
list,1
map,1
range,1
max,1
min,1
_define,1
define,1
define_if_new,1
undefine,1
define_pure,1
define_info,1
inject,1
import_,1
inputs,1
set_kwarg,1
__neg__,1
__gt__,1
__ge__,1
__le__,1
implicit_stochastic,1
rng_from_seed,1
loguniform,1
quniform,1
qloguniform,1
qnormal,1
qlognormal,1
one_of,1
recursive_set_rng_kwarg,1
validate_label,1
hyperopt_param,1
hp_pchoice,1
hp_choice,1
hp_uniformint,1
cond,1
_expr_to_config,1
expr_to_config,1
_remove_allpaths,1
loguniform_gen,1
lognorm_gen,1
qtable_pmf,1
qtable_logpmf,1
quniform_gen,1
qloguniform_gen,1
qnormal_gen,1
qlognormal_gen,1
safe_int_cast,1
_rvs,1
_pdf,1
_logpdf,1
_cdf,1
_parse_args,1
dummytqdmfile,1
std_out_err_redirect_tqdm,1
adaptive_parzen_sampler,1
categorical_lpdf,1
gmm1,1
normal_cdf,1
gmm1_lpdf,1
lognormal_cdf,1
lognormal_lpdf,1
qlognormal_lpdf,1
lgmm1,1
logsum_rows,1
lgmm1_lpdf,1
adaptive_parzen_normal_orig,1
linear_forgetting_weights,1
adaptive_parzen_normal,1
ap_uniform_sampler,1
ap_quniform_sampler,1
ap_loguniform_sampler,1
ap_qloguniform_sampler,1
ap_normal_sampler,1
ap_qnormal_sampler,1
ap_loglognormal_sampler,1
ap_qlognormal_sampler,1
tpe_cat_pseudocounts,1
ap_filter_trials,1
build_posterior,1
idxs_prod,1
broadcast_best,1
tpe_transform,1
import_tokens,1
load_tokens,1
json_lookup,1
json_call,1
get_obj,1
pmin_sampled,1
fast_isin,1
get_most_recent_inds,1
use_obj_for_literal_in_memo,1
coarse_utcnow,1
working_dir,1
path_split_all,1
get_closest_dir,1
temp_dir,1
vchoice_split,1
vchoice_merge,1
idxs_map,1
idxs_take,1
vectorize_stochastic,1
replace_repeat_stochastic,1
vectorizehelper,1
assert_integrity_idxs_take,1
build_idxs_vals,1
idxs_by_label,1
vals_by_label,1
__write_scenario,1
l2_regularizer,1
make_batch_norm,1
make_conv,1
make_conv_no_bias,1
make_conv_3x3,1
make_conv_9x9,1
make_conv_9x9_stride_2,1
make_conv_1x1_no_bias,1
make_conv_3x1_no_bias,1
make_conv_1x3_no_bias,1
make_conv_3x3_no_bias,1
make_conv_5x5_no_bias,1
make_conv_7x1_no_bias,1
make_conv_1x7_no_bias,1
make_conv_9x9_no_bias,1
make_conv_3x3_stride_2_no_bias,1
make_conv_9x9_stride_2_no_bias,1
make_max_pool_2x2,1
make_max_pool_3x3,1
make_avg_pool,1
make_avg_pool_3x3,1
make_avg_pool_3x3_stride_1,1
make_avg_pool_5x5_stride_3,1
make_flatten,1
make_concat,1
make_relu,1
make_fc,1
make_fc_no_bias,1
make_caps_from_conv,1
make_homogeneous_vector_caps,1
make_norm,1
make_dropout,1
average_gradients,1
merge_towers_and_optimize,1
regularizer,1
get_var_count,1
_int64_feature,1
_float_feature,1
_bytes_feature,1
_convert_to_example,1
imagecoder,1
_is_png,1
_is_cmyk,1
_process_image,1
_process_image_files_batch,1
_process_image_files,1
_find_image_files,1
_find_human_readable_labels,1
_find_image_bounding_boxes,1
_process_dataset,1
_build_synset_lookup,1
_build_bounding_box_lookup,1
png_to_jpeg,1
cmyk_to_rgb,1
getitem,1
getint,1
findnumberboundingboxes,1
processxmlannotation,1
training_func,1
inferring_func,1
lsr_loss,1
save_model_nbl_best_top1,1
save_model_nbl_best_top5,1
dataset,1
train_inputs,1
eval_inputs,1
non_blacklisted_eval_inputs,1
batch_inputs,1
annotate_images,1
image_preprocessing,1
eval_image,1
distort_color,1
distort_image,1
parse_example_proto,1
num_classes,1
training_batches_per_epoch,1
validation_batches_per_epoch,1
nbl_validation_batches_per_epoch,1
data_files,1
rrects,1
rweights,1
rejectlevels,1
rejectweights,1
getmodes,1
getnewvalue,1
respoint,1
ratpoint,1
getresultweight,1
movetomode,1
getdistance,1
hits,1
hitweights,1
smothing,1
msgrouping,1
resultrect,1
layer_ofs,1
integral,1
fs,1
winsize,1
ufacepos_count,1
storage,1
windowsize,1
stripesizebuf,1
invoker,1
grep,1
build_regression_matrix,1
bbdesign,1
ccdesign,1
fullfact,1
ff2n,1
fracfact,1
fracfact_by_res,1
_grep,1
_n_fac_at_res,1
fracfact_opt,1
fracfact_aliasing,1
alias_vector_indices,1
n_comb,1
fold,1
gsd,1
_make_orthogonal_arrays,1
_map_partitions_to_design,1
_make_partitions,1
_make_latin_square,1
lhs,1
_lhsclassic,1
_lhscentered,1
_lhsmaximin,1
_lhscorrelate,1
_lhsmu,1
pbdesign,1
repeat_center,1
star,1
var_regression_matrix,1
_augment_small_1,1
_augment_small_2,1
_augment_small_3,1
_augment_small_4,1
dummy1,1
dummy2,1
dummy3,1
elastictransformationscipy,1
elastictransformationcv2,1
poolwithmarkedworker,1
_worker,1
test_fast,1
test_fast_imap,1
test_heavy,1
keypoints_draw_on_image,1
create_random_polygon,1
seeded,1
example_simple_training_setting,1
example_very_complex_augmentation_pipeline,1
example_augment_images_and_keypoints,1
example_augment_images_and_bounding_boxes,1
example_augment_images_and_polygons,1
example_augment_images_and_linestrings,1
example_augment_images_and_heatmaps,1
example_augment_images_and_segmentation_maps,1
example_visualize_augmented_images,1
example_visualize_augmented_non_image_data,1
example_using_augmenters_only_once,1
example_multicore_augmentation,1
example_probability_distributions_as_parameters,1
example_withchannels,1
example_hooks,1
load_batch,1
train_on_images,1
activator_heatmaps,1
to_grid,1
iaugmentable,1
_get_column_names,1
_get_columns,1
unnormalizedbatch,1
_batchinaugmentationpropagationcontext,1
_batchinaugmentation,1
fill_from_augmented_normalized_batch_,1
fill_from_augmented_normalized_batch,1
images,1
heatmaps,1
segmentation_maps,1
keypoints,1
bounding_boxes,1
columns,1
get_rowwise_shapes,1
subselect_rows_by_indices,1
invert_subselect_rows_by_indices_,1
propagation_hooks_ctx,1
apply_propagation_hooks_,1
invert_apply_propagation_hooks_,1
to_batch,1
_copy,1
_copy_optional,1
boundingboxesonimage,1
_labelonimagedrawer,1
x1_int,1
y1_int,1
x2_int,1
y2_int,1
center_x,1
center_y,1
extend_,1
extend,1
iou,1
draw_label_on_image,1
draw_box_on_image,1
from_point_soup,1
from_xyxy_array,1
from_point_soups,1
to_xyxy_array,1
fill_from_xyxy_array_,1
to_polygons_on_image,1
draw_on_image_,1
_do_raise_if_out_of_image,1
_preprocess_colors,1
_compute_bg_corner_coords,1
_draw_label_arr,1
_blend_label_arr_with_image_,1
heatmapsonimage,1
to_uint8,1
from_uint8,1
from_0to1,1
change_normalization,1
_validate_tuple,1
compute_geometric_median,1
keypoint,1
keypointsonimage,1
x_int,1
y_int,1
xy,1
xy_int,1
generate_similar_points_manhattan,1
get_coords_array,1
from_coords_array,1
from_xy_array,1
to_keypoint_image,1
from_keypoint_image,1
to_distance_maps,1
from_distance_maps,1
linestring,1
linestringsonimage,1
_is_point_on_line,1
_flatten_shapely_collection,1
_convert_var_to_shapely_geometry,1
length,1
get_pointwise_inside_image_mask,1
compute_neighbour_distances,1
compute_pointwise_distances,1
compute_distance,1
find_intersections_with,1
draw_mask,1
draw_lines_heatmap_array,1
draw_points_heatmap_array,1
draw_heatmap_array,1
draw_lines_on_image,1
draw_points_on_image,1
concatenate,1
to_heatmap,1
to_segmentation_map,1
from_xy_arrays,1
to_xy_arrays,1
_preprocess_shapes,1
_assert_exactly_n_shapes,1
_assert_single_array_ndim,1
_assert_many_arrays_ndim,1
_assert_single_array_last_dim_exactly,1
_assert_many_arrays_last_dim_exactly,1
normalize_images,1
normalize_heatmaps,1
normalize_segmentation_maps,1
normalize_keypoints,1
normalize_bounding_boxes,1
normalize_polygons,1
normalize_line_strings,1
_normalize_polygons_and_line_strings,1
invert_normalize_images,1
invert_normalize_heatmaps,1
invert_normalize_segmentation_maps,1
invert_normalize_keypoints,1
invert_normalize_bounding_boxes,1
invert_normalize_polygons,1
invert_normalize_line_strings,1
_invert_normalize_polygons_and_line_strings,1
_assert_is_of_norm_type,1
estimate_heatmaps_norm_type,1
estimate_segmaps_norm_type,1
estimate_keypoints_norm_type,1
estimate_bounding_boxes_norm_type,1
estimate_polygons_norm_type,1
estimate_line_strings_norm_type,1
_estimate_polygons_and_line_segments_norm_type,1
estimate_normalization_type,1
restore_dtype_and_merge,1
_is_iterable,1
find_first_nonempty,1
_nonempty_info_to_type_str,1
recover_psois_,1
polygonsonimage,1
_convert_points_to_shapely_line_string,1
_concavepolygonrecoverer,1
multipolygon,1
find_closest_point_index,1
change_first_point_by_coords,1
change_first_point_by_index,1
to_shapely_polygon,1
to_shapely_line_string,1
to_line_string,1
exterior_almost_equals,1
recover_from,1
_remove_consecutive_duplicate_points,1
_fix_polygon_is_line,1
_is_polygon_line,1
_jitter_duplicate_points,1
_calculate_circumference,1
_generate_intersection_points,1
_oversample_intersection_points,1
_insert_intersection_points,1
_fit_best_valid_polygon,1
_default_to,1
_find_duplicates,1
_compute_distance_point_to_line,1
segmentationmaponimage,1
segmentationmapsonimage,1
get_arr_int,1
_handle_sizeval,1
copy_augmentables,1
deepcopy_fast,1
_handle_on_image_shape,1
normalize_shape,1
normalize_imglike_shape,1
project_coords_,1
project_coords,1
interpolate_point_pair,1
interpolate_points,1
interpolate_points_by_max_distance,1
convert_cbaois_to_kpsois,1
invert_convert_cbaois_to_kpsois_,1
_remove_out_of_image_fraction_,1
_normalize_shift_args,1
add_scalar,1
add_scalar_,1
_add_scalar_to_uint8_,1
_add_scalar_to_non_uint8,1
add_elementwise,1
_add_elementwise_cv2_to_uint8,1
_add_elementwise_np_to_uint8,1
_add_elementwise_np_to_non_uint8,1
multiply_scalar,1
multiply_scalar_,1
_multiply_scalar_to_uint8_lut_,1
_multiply_scalar_to_uint8_cv2_mul_,1
_multiply_scalar_to_non_uint8,1
multiply_elementwise,1
multiply_elementwise_,1
_multiply_elementwise_to_uint8_,1
_multiply_elementwise_to_non_uint8,1
cutout_,1
_fill_rectangle_gaussian_,1
_fill_rectangle_constant_,1
replace_elementwise_,1
invert_,1
_invert_bool,1
_invert_uint8_,1
_invert_uint8_lut_pregenerated_,1
_invert_uint8_subtract_,1
_invert_uint16_or_larger_,1
_invert_int_,1
_invert_float,1
_invert_by_distance,1
_generate_table_for_invert_uint8,1
_inverttables,1
_inverttablessingleton,1
compress_jpeg,1
addelementwise,1
additivegaussiannoise,1
additivelaplacenoise,1
additivepoissonnoise,1
multiplyelementwise,1
_cutoutsamples,1
dropout,1
_handle_dropout_probability_param,1
coarsedropout,1
dropout2d,1
totaldropout,1
replaceelementwise,1
saltandpepper,1
coarsesaltandpepper,1
salt,1
coarsesalt,1
pepper,1
coarsepepper,1
_invertsamples,1
contrastnormalization,1
get_table,1
_handle_fill_mode_param,1
_augment_image_by_samples,1
_generate_drop_ids_once,1
stylize_cartoon,1
_find_edges_canny,1
_find_edges_laplacian,1
_blur_median,1
_threshold,1
_suppress_edge_blobs,1
_saturate,1
_blend_edges,1
cartoon,1
suspiciousmultiimageshapewarning,1
suspicioussingleimageshapewarning,1
_warn_on_suspicious_multi_image_shapes,1
_warn_on_suspicious_single_image_shape,1
_split_1d_array_to_list,1
blend_alpha_,1
_blend_alpha_uint8_single_alpha_,1
_blend_alpha_uint8_channelwise_alphas_,1
_blend_alpha_uint8_elementwise_,1
_blend_alpha_non_uint8,1
_merge_channels,1
_generate_branch_outputs,1
blendalpha,1
blendalphamask,1
blendalphaelementwise,1
blendalphasimplexnoise,1
blendalphafrequencynoise,1
blendalphasomecolors,1
blendalphahorizontallineargradient,1
blendalphaverticallineargradient,1
blendalpharegulargrid,1
blendalphacheckerboard,1
blendalphasegmapclassids,1
blendalphaboundingboxes,1
ibatchwisemaskgenerator,1
stochasticparametermaskgen,1
somecolorsmaskgen,1
_lineargradientmaskgen,1
horizontallineargradientmaskgen,1
verticallineargradientmaskgen,1
regulargridmaskgen,1
checkerboardmaskgen,1
segmapclassidsmaskgen,1
boundingboxesmaskgen,1
invertmaskgen,1
_binarize_mask,1
_blend_coordinates,1
factor,1
_upscale_to_256_alpha_bins,1
_rotate_alpha_bins,1
_smoothen_alphas,1
_generate_pixelwise_alpha_mask,1
_generate_mask,1
nb_cols,1
blur_gaussian_,1
_blur_gaussian_scipy_,1
_blur_gaussian_cv2,1
_compute_gaussian_blur_ksize,1
blur_avg_,1
blur_mean_shift_,1
averageblur,1
medianblur,1
bilateralblur,1
_motionblurmatrixgenerator,1
meanshiftblur,1
randaugment,1
_create_initial_augmenters_list,1
_create_main_augmenters_list,1
_float_parameter,1
_int_parameter,1
_enhance_parameter,1
_subtract,1
_affine,1
_get_opencv_attr,1
change_colorspace_,1
change_colorspaces_,1
_kelvintorgbtablesingleton,1
_kelvintorgbtable,1
change_color_temperatures_,1
change_color_temperature,1
incolorspace,1
withcolorspace,1
withbrightnesschannels,1
multiplyandaddtobrightness,1
multiplybrightness,1
addtobrightness,1
withhueandsaturation,1
multiplyhueandsaturation,1
multiplyhue,1
multiplysaturation,1
removesaturation,1
addtohueandsaturation,1
addtohue,1
addtosaturation,1
changecolorspace,1
grayscale,1
changecolortemperature,1
_abstractcolorquantization,1
kmeanscolorquantization,1
quantize_colors_kmeans,1
quantize_kmeans,1
uniformcolorquantization,1
uniformcolorquantizationtonbits,1
quantize_colors_uniform,1
quantize_uniform,1
quantize_uniform_,1
_quantizeuniformcenterizedluttablesingleton,1
_quantizeuniformnotcenterizedluttablesingleton,1
_quantizeuniformluttable,1
quantize_uniform_to_n_bits,1
quantize_uniform_to_n_bits_,1
_get_dst,1
transform_kelvins_to_rgb_multipliers,1
create_table,1
_extract_brightness_channels,1
_invert_extract_brightness_channels,1
_images_to_hsv_,1
_hs_to_images_,1
_transform_image_cv2,1
_transform_image_numpy,1
_handle_value_arg,1
_handle_value_hue_arg,1
_handle_value_saturation_arg,1
_generate_lut_table,1
_ensure_max_size,1
get_for_nb_bins,1
_generate_quantize_uniform_table,1
_contrastfuncwrapper,1
adjust_contrast_gamma,1
adjust_contrast_sigmoid,1
adjust_contrast_log,1
adjust_contrast_linear,1
gammacontrast,1
sigmoidcontrast,1
logcontrast,1
linearcontrast,1
_intensitychannelbasedapplier,1
allchannelsclahe,1
clahe,1
allchannelshistogramequalization,1
histogramequalization,1
_augment_all_channels_clahe,1
_augment_all_channels_histogram_equalization,1
convolve_,1
sharpen,1
_sharpeningmatrixgenerator,1
emboss,1
_embossmatrixgenerator,1
edgedetect,1
_edgedetectmatrixgenerator,1
directededgedetect,1
_directededgedetectmatrixgenerator,1
_resizepad_to_size,1
_idebuggridcell,1
_debuggridbordercell,1
_debuggridtextcell,1
_debuggridimagecell,1
_debuggridcbasoicell,1
_debuggridcolumn,1
_debuggrid,1
draw_debug_image,1
_add_borders,1
_add_text_cell,1
_create_images_column,1
_create_heatmaps_columns,1
_create_segmap_columns,1
_create_cbasois_column,1
_generate_images_description,1
_generate_segmaps_description,1
_generate_heatmaps_description,1
_generate_sm_hm_description,1
_generate_cbasois_description,1
_generate_on_image_shapes_descr,1
_join_description_strs,1
_listofarraysstats,1
_iimagedestination,1
_multidestination,1
_folderimagedestination,1
_ibatchwiseschedule,1
_everynbatchesschedule,1
_savedebugimage,1
savedebugimageeverynbatches,1
_resize_overlay,1
max_cell_width,1
max_cell_height,1
areas,1
arrays_by_area,1
shapes,1
all_same_shape,1
smallest_shape,1
largest_shape,1
area_max,1
heights,1
height_min,1
height_max,1
widths,1
width_min,1
width_max,1
get_channels_min,1
get_channels_max,1
dtypes,1
dtype_names,1
all_same_dtype,1
all_dtypes_intlike,1
unique_dtype_names,1
value_min,1
value_max,1
nb_unique_values,1
ibinaryimagecolorizer,1
randomcolorsbinaryimagecolorizer,1
canny,1
_fliplr_sliced,1
_fliplr_cv2,1
horizontalflip,1
verticalflip,1
_clipped_zoom_no_scipy_warning,1
_call_imgcorrupt_func,1
get_corruption_names,1
apply_gaussian_noise,1
apply_shot_noise,1
apply_impulse_noise,1
apply_speckle_noise,1
apply_gaussian_blur,1
apply_glass_blur,1
_apply_glass_blur_imgaug,1
_apply_glass_blur_imgaug_loop,1
apply_defocus_blur,1
apply_motion_blur,1
apply_zoom_blur,1
apply_fog,1
apply_frost,1
apply_snow,1
apply_spatter,1
apply_contrast,1
apply_brightness,1
apply_saturate,1
apply_jpeg_compression,1
apply_pixelate,1
apply_elastic_transform,1
_imgcorruptaugmenterbase,1
gaussiannoise,1
shotnoise,1
specklenoise,1
glassblur,1
defocusblur,1
zoomblur,1
frost,1
snow,1
spatter,1
contrast,1
brightness,1
saturate,1
pixelate,1
elastictransform,1
clip_augmented_image_,1
clip_augmented_image,1
clip_augmented_images_,1
clip_augmented_images,1
handle_children_list,1
reduce_to_nonempty,1
invert_reduce_to_nonempty,1
estimate_max_number_of_channels,1
copy_arrays,1
_add_channel_axis,1
_remove_added_channel_axis,1
_maybe_deterministic_ctx,1
augmenter,1
sequential,1
someof,1
oneof,1
sometimes,1
withchannels,1
noop,1
assertlambda,1
_assertlambdacallback,1
assertshape,1
_assertshapeimagescheck,1
_assertshapeheatmapscheck,1
_assertshapesegmapcheck,1
_assertshapekeypointscheck,1
_assertshapeboundingboxescheck,1
_assertshapepolygonscheck,1
_assertshapelinestringscheck,1
channelshuffle,1
shuffle_channels,1
removecbasbyoutofimagefraction,1
clipcbastoimageplanes,1
augment_batches,1
augment_batch,1
augment_batch_,1
augment_image,1
augment_images,1
augment_heatmaps,1
augment_segmentation_maps,1
augment_keypoints,1
augment_bounding_boxes,1
augment_polygons,1
augment_line_strings,1
_augment_bounding_boxes_as_keypoints,1
_augment_polygons_as_keypoints,1
_augment_line_strings_as_keypoints,1
_augment_cbaois_as_keypoints,1
_apply_to_polygons_as_keypoints,1
_apply_to_cbaois_as_keypoints,1
to_deterministic,1
seed_,1
localize_random_state,1
localize_random_state_,1
copy_random_state_,1
get_all_children,1
find_augmenters,1
find_augmenters_by_name,1
find_augmenters_by_names,1
remove_augmenters,1
remove_augmenters_inplace,1
remove_augmenters_,1
_handle_arg_n,1
_get_n,1
_get_augmenter_order,1
_get_augmenter_active,1
_assert_lengths_not_changed,1
_assert_shapes_not_changed,1
_assert_dtypes_not_changed,1
_recover_images_array,1
_reduce_images_to_channels,1
_invert_reduce_images_to_channels,1
_replace_unaugmented_cells,1
_compare,1
_check_shapes,1
_normalize_batch,1
_unnormalize_batch,1
load_batches,1
comparer,1
_ensure_valid_shape,1
posterize_,1
equalize_,1
_equalize_no_pil_,1
_equalize_pil_,1
_autocontrast_pil,1
_autocontrast_no_pil,1
_apply_enhance_func,1
enhance_color,1
enhance_contrast,1
enhance_brightness,1
enhance_sharpness,1
_filter_by_kernel,1
filter_blur,1
filter_smooth,1
filter_smooth_more,1
filter_edge_enhance,1
filter_edge_enhance_more,1
filter_find_edges,1
filter_contour,1
filter_emboss,1
filter_sharpen,1
filter_detail,1
_create_affine_matrix,1
warp_affine,1
_enhancebase,1
enhancecolor,1
enhancecontrast,1
enhancebrightness,1
enhancesharpness,1
_filterbase,1
filterblur,1
filtersmooth,1
filtersmoothmore,1
filteredgeenhance,1
filteredgeenhancemore,1
filterfindedges,1
filtercontour,1
filteremboss,1
filtersharpen,1
filterdetail,1
affine,1
_compute_shape_after_pooling,1
_abstractpoolingbase,1
averagepooling,1
maxpooling,1
minpooling,1
medianpooling,1
_augment_heatmaps_by_samples,1
_augment_segmentation_maps_by_samples,1
_augment_hms_and_segmaps_by_samples,1
_augment_polygons_by_samples,1
_augment_line_strings_by_samples,1
_augment_bounding_boxes_by_samples,1
_ensure_image_max_size,1
superpixels,1
replace_segments_,1
_replace_segments_np_,1
_replace_segments_numba_dispatcher_,1
_replace_segments_numba_collect_avg_colors,1
_replace_segments_numba_apply_avg_cols_,1
segment_voronoi,1
_match_pixels_with_voronoi_cells,1
_generate_pixel_coords,1
voronoi,1
uniformvoronoi,1
regulargridvoronoi,1
relativeregulargridvoronoi,1
ipointssampler,1
_verify_sample_points_images,1
regulargridpointssampler,1
relativeregulargridpointssampler,1
dropoutpointssampler,1
uniformpointssampler,1
subsamplingpointssampler,1
_clip_rows_and_cols,1
_generate_point_grids,1
_generate_point_grid,1
_convert_p_drop_to_inverted_mask_param,1
_draw_samples_for_image,1
_apply_dropout_masks,1
_convert_relative_coords_to_absolute,1
_subsample,1
_crop_trbl_to_xyxy,1
_crop_arr_,1
_crop_and_pad_arr,1
_crop_and_pad_heatmap_,1
_crop_and_pad_segmap_,1
_crop_and_pad_hms_or_segmaps_,1
_crop_and_pad_kpsoi_,1
_compute_shape_after_crop_and_pad,1
_prevent_zero_size_after_crop_trbl_,1
_prevent_zero_size_after_crop_,1
_prevent_zero_sizes_after_crops_,1
_project_size_changes,1
_int_r,1
_handle_pad_mode_param,1
_handle_position_parameter,1
pad_to_multiples_of,1
compute_paddings_to_reach_aspect_ratio,1
compute_croppings_to_reach_aspect_ratio,1
compute_paddings_to_reach_multiples_of,1
compute_croppings_to_reach_multiples_of,1
compute_paddings_to_reach_powers_of,1
compute_croppings_to_reach_powers_of,1
_cropandpadsamplingresult,1
cropandpad,1
crop,1
padtofixedsize,1
centerpadtofixedsize,1
croptofixedsize,1
centercroptofixedsize,1
croptomultiplesof,1
centercroptomultiplesof,1
padtomultiplesof,1
centerpadtomultiplesof,1
croptopowersof,1
centercroptopowersof,1
padtopowersof,1
centerpadtopowersof,1
croptoaspectratio,1
centercroptoaspectratio,1
padtoaspectratio,1
centerpadtoaspectratio,1
croptosquare,1
centercroptosquare,1
padtosquare,1
centerpadtosquare,1
keepsizebyresize,1
_handle_size_arg,1
_handle_interpolation_arg,1
_compute_height_width,1
croppings,1
paddings,1
_handle_px_and_percent_args,1
_handle_px_arg,1
_handle_percent_arg,1
_calculate_paddings,1
_calculate_crop_amounts,1
_keep_size_images,1
_keep_size_maps,1
_keep_size_keypoints,1
_get_shapes,1
_dict_to_size_tuple,1
_contains_any_key,1
recursive_validate,1
recursive_negate,1
_validate_param,1
fastsnowylandscape,1
cloudlayer,1
clouds,1
snowflakeslayer,1
snowflakes,1
rainlayer,1
rain,1
generate_maps,1
_generate_intensity_map_coarse,1
_generate_intensity_map_fine,1
_generate_alpha_mask,1
_generate_noise,1
_gate,1
_motion_blur,1
_blend_by_sum,1
_blend_by_max,1
_quokka_normalize_extract,1
_compute_resized_shape,1
quokka,1
quokka_square,1
quokka_heatmap,1
quokka_segmentation_map,1
quokka_keypoints,1
quokka_bounding_boxes,1
quokka_polygons,1
normalize_dtypes,1
normalize_dtype,1
change_dtype_,1
change_dtypes_,1
restore_dtypes_,1
copy_dtypes_for_restore,1
increase_itemsize_of_dtype,1
get_minimal_dtype,1
promote_array_dtypes_,1
increase_array_resolutions_,1
get_value_range_of_dtype,1
clip_,1
clip_to_dtype_value_range_,1
gate_dtypes_strs,1
_convert_gate_dtype_strs_to_types,1
_convert_dtype_strs_to_types_cached,1
_convert_dtype_strs_to_types,1
gate_dtypes,1
_gate_dtypes,1
_dtype_names_to_string,1
allow_only_uint8,1
_cvt,1
overflow,1
opensimplex,1
floor,1
_extrapolate2d,1
_extrapolate3d,1
_extrapolate4d,1
noise2d,1
noise3d,1
noise4d,1
event,1
sweepline,1
eventqueue,1
isect_segments_impl,1
isect_polygon_impl,1
isect_segments,1
isect_polygon,1
isect_segments_include_segments,1
isect_polygon_include_segments,1
slope_v2v2,1
sub_v2v2,1
dot_v2v2,1
len_squared_v2v2,1
line_point_factor_v2,1
isect_seg_seg_v2_point,1
isect_segments__naive,1
isect_polygon__naive,1
_abctree,1
rbtree,1
is_vertical,1
y_intercept_x,1
get_intersections,1
get_intersections_with_segments,1
_check_intersection,1
_sweep_to,1
above,1
below,1
above_all,1
handle_event,1
offer,1
poll,1
clear,1
get_value,1
pop_item,1
min_item,1
max_item,1
succ_item,1
prev_item,1
is_empty,1
set_default,1
pop,1
prev_key,1
succ_key,1
pop_min,1
pop_max,1
min_key,1
max_key,1
key_slice,1
iter_items,1
_iter_items_forward,1
_iter_items_backward,1
_iter_items,1
_get_in_range_func,1
free,1
is_red,1
jsw_single,1
jsw_double,1
_new_node,1
_clear,1
cmp,1
deprecationwarning,1
warn_deprecated,1
deprecated,1
is_np_array,1
is_np_scalar,1
is_single_integer,1
is_single_float,1
is_single_number,1
is_string,1
is_single_bool,1
is_integer_array,1
is_float_array,1
is_callable,1
is_generator,1
caller_name,1
normalize_random_state,1
current_random_state,1
new_random_state,1
dummy_random_state,1
derive_random_state,1
derive_random_states,1
forward_random_state,1
angle_between_vectors,1
compute_line_intersection_point,1
draw_text,1
imresize_many_images,1
imresize_single_image,1
_pool_dispatcher_,1
_avg_pool_uint8,1
max_pool_,1
min_pool,1
min_pool_,1
_min_pool_uint8_,1
_max_pool_uint8_,1
_minmax_pool_uint8_,1
median_pool,1
_median_pool_cv2,1
imshow,1
do_assert,1
_normalize_cv2_input_arr_,1
apply_lut,1
apply_lut_,1
_identity_decorator,1
hooksimages,1
hooksheatmaps,1
hookskeypoints,1
_mark_moved_class_or_function,1
_make_line,1
_decorator,1
is_activated,1
is_propagating,1
preprocess,1
postprocess,1
_func,1
wrapped,1
_get_context_method,1
_set_context,1
_reset_context,1
_autoset_context,1
_get_context,1
_create_output_buffer_left,1
_pool_initialize_worker,1
_pool_worker,1
_pool_starworker,1
_reseed_global_local,1
_derive_seed,1
batchloader,1
backgroundaugmenter,1
map_batches,1
map_batches_async,1
_assert_batches_is_list,1
imap_batches,1
imap_batches_unordered,1
_assert_batches_is_generator,1
_handle_batch_ids,1
_handle_batch_ids_gen,1
_ibuffer_batch_loading,1
count_workers_alive,1
_main_worker,1
_load_batches,1
get_batch,1
_augment_images_worker,1
_prefetchable,1
_prefetchable_str,1
_wrap_param_in_prefetchers,1
_wrap_leafs_of_param_in_prefetchers,1
_wrap_leafs_of_param_in_prefetchers_recursive,1
toggle_prefetching,1
toggled_prefetching,1
no_prefetching,1
_check_value_range,1
handle_continuous_param,1
handle_discrete_param,1
handle_categorical_string_param,1
handle_discrete_kernel_size_param,1
handle_probability_param,1
force_np_float_dtype,1
both_np_float_if_one_is_float,1
draw_distributions_grid,1
show_distributions_grid,1
stochasticparameter,1
autoprefetcher,1
deterministic,1
deterministiclist,1
discreteuniform,1
truncatednormal,1
fromlowerresolution,1
clip,1
discretize,1
subtract,1
absolute,1
randomsign,1
forcesign,1
positive,1
negative,1
iterativenoiseaggregator,1
simplexnoise,1
frequencynoise,1
_assert_arg_is_stoch_param,1
draw_sample,1
draw_samples,1
draw_distribution_graph,1
_prefetch,1
create_for_noise,1
_draw_samples_iteration,1
_get_distance_matrix_cached,1
_extract_distance_matrix,1
_create_distance_matrix,1
_assert_within_bounds,1
_create_line,1
rng,1
supports_new_numpy_rng_style,1
get_global_rng,1
_seed_np117_,1
_seed_np116_,1
normalize_generator,1
normalize_generator_,1
_normalize_generator_np117_,1
_normalize_generator_np116_,1
convert_seed_to_generator,1
_convert_seed_to_generator_np117,1
_convert_seed_to_generator_np116,1
convert_seed_sequence_to_generator,1
create_pseudo_random_generator_,1
create_fully_random_generator,1
_create_fully_random_generator_np117,1
_create_fully_random_generator_np116,1
copy_generator,1
_copy_generator_np117,1
_copy_generator_np116,1
copy_generator_unless_global_generator,1
reset_generator_cache_,1
_reset_generator_cache_np117_,1
_reset_generator_cache_np116_,1
derive_generator_,1
derive_generators_,1
_derive_generators_np117_,1
_derive_generators_np116_,1
get_generator_state,1
_get_generator_state_np117,1
_get_generator_state_np116,1
set_generator_state_,1
_set_generator_state_np117_,1
_set_generator_state_np116_,1
is_generator_equal_to,1
_is_generator_equal_to_np117,1
_is_generator_equal_to_np116,1
advance_generator_,1
_advance_generator_np117_,1
_advance_generator_np116_,1
polyfill_integers,1
polyfill_random,1
temporary_numpy_seed,1
set_state_,1
use_state_of_,1
is_global_rng,1
equals_global_rng,1
reset_cache_,1
derive_rng_,1
derive_rngs_,1
equals,1
advance_,1
copy_unless_global_rng,1
duplicate,1
create_fully_random,1
create_pseudo_random_,1
create_if_not_rng_,1
integers,1
random,1
bytes,1
permutation,1
dirichlet,1
gamma,1
geometric,1
gumbel,1
hypergeometric,1
logseries,1
multinomial,1
multivariate_normal,1
negative_binomial,1
noncentral_chisquare,1
noncentral_f,1
pareto,1
rayleigh,1
standard_cauchy,1
standard_exponential,1
standard_gamma,1
standard_normal,1
standard_t,1
triangular,1
vonmises,1
wald,1
zipf,1
randn,1
random_integers,1
random_sample,1
tomaxint,1
argcopyingmagicmock,1
assert_cbaois_equal,1
create_random_images,1
create_random_keypoints,1
array_equal_lists,1
keypoints_equal,1
runtest_pickleable_uint8_img,1
wrap_shift_deprecation,1
temporarydirectory,1
_is_subtype,1
_basetestcasecontext,1
_assertraisesbasecontext,1
_assertwarnscontext,1
assertwarns,1
temporary_constants,1
is_parameter_instance,1
remove_prefetching,1
ensure_deprecation_warning,1
_mock_call,1
_raisefailure,1
_wrapper_with_args,1
convert_iterable_to_string_of_types,1
is_iterable_of,1
assert_is_iterable_of,1
tutorial,1
monagent,1
httpclient,1
create_unverified_context,1
connect,1
request,1
externalprocesslogger,1
externalsinkconnector,1
externalsourceconnector,1
externalprocesswriter,1
externalsinkconfig,1
externalsinktask,1
externalprocessquerier,1
externalsourceconfig,1
externalsourcetask,1
runpipeconnector,1
streamsapplication,1
externalprocessorconfig,1
externalprocessorsupplier,1
filterprocessorconfig,1
keyfilterprocessorsupplier,1
glanceprocessorsupplier,1
processorconfig,1
runexternalprocessor,1
runglanceprocessor,1
jsonserde,1
configuredtopologybuilder,1
processornodeconfig,1
sinknodeconfig,1
sourcenodeconfig,1
statestoreconfig,1
topologyconfig,1
topologynodeconfig,1
dbconnection,1
oracleconnection,1
save_query_file,1
query_cursor,1
query_set_retried,1
query_unset_retried,1
query_is_retried,1
query_retry,1
offsetstorage,1
fileoffsetstorage,1
log_config,1
config_get,1
config_path,1
query_path,1
init_offset_tz,1
init_offset_delay,1
init_offset_storage,1
commit_offset,1
get_offset,1
offset_now,1
plain,1
squash,1
squash_records,1
join_results,1
interval_seconds,1
str2date,1
date2str,1
parsingarguments,1
add_es_index_info,1
get_category,1
input_events,1
input_events_v2,1
processed_events_v2,1
transform_chain_data,1
ami_tags_chain,1
generate_step_names,1
init_es_client,1
get_es_client,1
task_metadata,1
get_indices_by_interval,1
agg_query,1
agg_metadata,1
round_ts,1
progress_data,1
es_connect,1
get_fields,1
init_rucio_client,1
get_rucio_client,1
process_ds,1
get_ds_info,1
adjust_metadata,1
is_data_complete,1
init_ami_client,1
get_ami_client,1
amiphysvalues,1
change_key_names,1
container_name,1
collection_verification,1
search_paper,1
search_notes,1
search_note,1
form_output_data,1
input_json_handle,1
transfer,1
get_url,1
save_config,1
path_join,1
datasetcategory,1
find_cut_reg,1
mask_intervals,1
organize_intervals,1
process_diapason,1
check_all_button,1
cmp_papernames,1
scrollable_warning,1
paper,1
get_txt_page,1
get_xml_page,1
clear_metadata,1
save_metadata,1
load_metadata,1
find_attributes_general,1
find_datasets,1
find_datatables,1
export,1
unsaved_papers,1
status_set,1
redraw,1
preferences,1
add_papers,1
clear_paper,1
save_paper,1
delete_paper,1
show_paper_info,1
determine_paper_title_step_1,1
determine_paper_title_step_2,1
update_paper_parameter,1
show_paper_attributes,1
show_paper_datasets,1
show_paper_datatables,1
export_paper_text,1
export_texts,1
export_all,1
remove_ligatures,1
get_page_text,1
textline,1
row_centery,1
table,1
analyze_page,1
get_tables_from_text,1
swap_y,1
same_row,1
construct_row,1
row_text,1
break_short_rows,1
doc_content_triples,1
define_globals,1
get_document_iri,1
document_glance,1
document_links,1
document_cds,1
doi2ttl,1
keywords2ttl,1
cds_internal_extraction,1
report_number_extraction,1
glance_parameter_extraction,1
cds_parameter_extraction,1
abstract_extraction,1
title_extraction,1
cds_id_extraction,1
creation_date_extraction,1
arxiv_extraction,1
generate_journal_id,1
process_journals,1
fix_string,1
fix_list_values,1
dataset_data_format,1
dataset_scope,1
normalize_dataset_name,1
custom_readline,1
hdfsexception,1
check_stderr,1
makedirs,1
putfile,1
movefile,1
getfile,1
file,1
listdir,1
basename,1
valuebykey,1
nestedkeys,1
loggableobject,1
ensure_argparse_arg_name,1
execute_with_retry,1
member,1
hasmember,1
membername,1
cdsinvenioconnector,1
kerberizedcdsinvenioconnector,1
kill,1
_init_browser,1
consumerbuilder,1
setsource,1
consumerexception,1
consumer,1
stream_is_readable,1
fileconsumer,1
source_is_readable,1
init_sources,1
_filenames_from_stdin,1
hdfsconsumer,1
streamconsumer,1
decodeunknowntype,1
encodeunknowntype,1
abstractmessage,1
jsonmessage,1
ttlmessage,1
getoriginal,1
typename,1
content,1
extension,1
incomplete,1
producerbuilder,1
setdest,1
setsourceinfomethod,1
fileproducer,1
_source_info,1
default_dir,1
get_dir,1
get_filename,1
reset_file,1
hdfsproducer,1
producerexception,1
producer,1
streamproducer,1
streambuilder,1
setstream,1
streamexception,1
inputstream,1
_reset_iterator,1
is_readable,1
_unknown_is_readable,1
_fd_is_readable,1
_gi_is_readable,1
parse_message,1
outputstream,1
stream,1
message_type,1
get_fd,1
firstvalue,1
docid,1
authorid,1
dkbid,1
dataflowexception,1
abstractstage,1
log_configuration,1
_is_flag_option,1
add_argument,1
reset_default_arguments,1
parse_args,1
args_error,1
config_error,1
print_usage,1
set_error,1
output_error,1
processorstage,1
set_input_message_type,1
input_message_class,1
set_output_message_type,1
output_message_class,1
input,1
flush_buffer,1
clear_buffer,1
__stoppable_append,1
attentionlayer,1
meanlayer,1
makewgsim,1
openex,1
parse_mason,1
make_wgsim,1
setorientationcontrols,1
loadgltfs,1
params,1
measurement,1
parsedresult,1
get_pretty_name,1
get_short_pretty_name,1
get_line_color,1
get_var_type_color,1
get_var_type_short_name,1
get_panel_label,1
linear_trajectory,1
fit_linear_trajectory,1
powerlaw_trajectory,1
frank_mut_trajectory,1
wiser_mut_trajectory,1
finite_mut_trajectory,1
coupon_trajectory,1
sergey_trajectory,1
fit_powerlaw_trajectory,1
fit_sergey_trajectory,1
fit_coupon_trajectory,1
fit_wiser_mut_trajectory,1
fit_finite_mut_trajectory,1
fit_neutral_mutation_rate,1
calculate_simulation_loglikelihood_pvalue,1
loglikelihood,1
calculate_time_distribution,1
calculate_population_distribution,1
calculate_early_late_time_distributions,1
sample_null_dm,1
calculate_loglikelihood_ratio,1
estimate_slope,1
average_trajectories,1
mask_timepoints,1
estimate_frequencies,1
estimate_clone_frequencies,1
estimate_depth_fold_changes,1
create_interpolation_function,1
calculate_appearance_time_from_hmm,1
calculate_appearance_fixation_time_from_hmm,1
calculate_appearance_fixation_time_from_clade_hmm,1
split_clade_hmm,1
calculate_appearance_time_from_freqs,1
calculate_appearance_time,1
calculate_fixed_weight,1
calculate_clade_fixed_weight,1
combinedteststatistic,1
infer_hmm,1
elman,1
layeredneuralnetwork,1
neuralnetwork,1
thrown,1
neuralnetworkexception,1
perceptron,1
reservoirneuralnetwork,1
inspectatpixel,1
checkevent,1
inittrajectoriesmonitor,1
updatetrajectoriesmonitor,1
getpixel32_secured,1
putpixel32_secured,1
register_robotmask,1
clean_robotmask,1
savecustomscreenshot,1
saverenderscreenshot,1
saveenvironmentscreenshot,1
savefootprintscreenshot,1
savetrajectoryimage,1
saveimage,1
drawline,1
castline,1
getpidasreadablestring,1
sleep,1
findrandomlocation,1
should,1
initcamerasensors,1
edqdconfigurationloader,1
templateeeconfigurationloader,1
physicalobjectfactory,1
edqdshareddata,1
templateeeagentobserver,1
templateeeshareddata,1
engine,1
disrandom,1
disrandint,1
disnormal,1
getcontentfromfile,1
getlineswithprefix,1
parselinestoarrayofvalues,1
gettimestamp,1
getmaximumlength,1
tracedata,1
setup_horovod,1
run_iw_eval,1
run_standard_eval,1
gated_conv,1
gated_attn,1
pointwise,1
elemwiseaffine,1
mixlogisticcdf,1
_run_split_test,1
test_checkerboard_split,1
test_channel_split,1
_finitediff,1
_run_flow_test,1
test_imgproc,1
test_sigmoid,1
test_normalize,1
test_elemwise_affine,1
test_mix_logistic_cdf,1
test_mix_logistic_coupling,1
_nin,1
_get_logscales,1
_get_logistic_kwargs,1
dequant,1
flow_constructor,1
shallow_processor,1
uniformdequantizer,1
convert_path_to_npy,1
save_tiled_imgs_scipy,1
scopenode,1
regionnode,1
partitionnode,1
n_instances,1
n_features,1
is_leaf,1
greedy_feature_split,1
retrieve_clustering,1
cluster_rows,1
cache_data_slice,1
estimate_kernel_density_spn,1
learnspn,1
randomlearnspn,1
fit_mixture_bootstrap,1
fit_structure_bagging,1
batch_feature_split,1
load_batch_feature_splits,1
merging_features,1
model_score,1
adding_bins_to_path,1
convert_spn_to_ac,1
mtlearn_wrapper,1
retrieve_instance,1
load_caltech101_from_mat,1
save_caltech101_pickle,1
load_caltech101_pickle,1
plot_caltech101_silhouettes,1
safe_log,1
compute_mutual_information,1
compute_log_probs,1
compute_joint_bin_freqs,1
compute_log_joint_bin_probs,1
compute_log_cond_probs,1
compute_log_factors,1
tree_2_factor_matrix,1
instantiate_factors,1
marginalize,1
eval_instance,1
eval_instance_fact,1
cltree,1
_learn_from_data,1
_build_from_factors,1
joint_freqs,1
log_marg_probs,1
log_joint_probs,1
log_cond_probs,1
log_factors,1
mutual_information,1
eval_fact,1
tree_repr,1
factors_repr,1
scope_union,1
factor_length,1
n_factor_features,1
numba_cumsum,1
compute_factor_stride,1
compute_factor_product,1
factor_product,1
add_nodes,1
add_edges,1
apply_styles,1
cltree_2_dot,1
csv_2_numpy,1
load_train_val_test_csvs,1
load_dataset_splits,1
save_splits_to_csv,1
sample_indexes,1
sample_instances,1
sample_sets,1
dataset_to_instances_set,1
one_hot_encoding,1
data_2_freqs,1
update_feature_count,1
data_clust_freqs,1
merge_datasets,1
shuffle_columns,1
random_binary_dataset,1
split_into_folds,1
load_mnist_data_split_from_txt,1
load_mnist_from_txt,1
save_mnist_pickle,1
load_mnist_pickle,1
plot_mnist_digits,1
binarize_image,1
binarize_mnist_data_split,1
binarize_mnist,1
load_ocr_letters_data_split_from_txt,1
load_ocr_letters_from_txt,1
save_ocr_letters_pickle,1
load_ocr_letters_pickle,1
plot_ocr_letters,1
topological_layer_sort,1
is_log_zero,1
abstractspn,1
abstractlayeredspn,1
top_down_layers,1
bottom_up_layers,1
n_layers,1
spnfactory,1
merge_block_layers,1
compute_block_layer_depths,1
edge_density_after_merge,1
merge_block_layers_spn,1
retrieve_children_parent_assoc,1
linked_categorical_input_to_indicators,1
make_marginalized_network_constant,1
split_layer_by_node_scopes,1
split_layer_by_outputs,1
build_theanok_input_layer,1
build_theanok_layer,1
build_theanok_spn_from_block_linked,1
build_linked_layer_from_nodes,1
linked_kernel_density_estimation,1
linked_naive_factorization,1
linked_random_spn_top_down,1
layered_linked_spn,1
pruned_spn_from_slices,1
pruned_spn_from_scopes,1
layered_pruned_linked_spn,1
cluster_scopes,1
cluster_set_scope,1
link_leaf_to_input_layer,1
build_product_layer,1
build_sum_layer,1
categoricalinputlayer,1
compute_feature_vals,1
categoricalclinputlayer,1
categoricalindicatorlayer,1
categoricalsmoothedlayer,1
remove_node,1
nodes,1
remove_input_layer,1
remove_output_layer,1
disconnect_layer,1
set_log_derivative,1
node_values,1
get_nodes_by_id,1
get_node,1
update_weights,1
vars,1
feature_vals,1
nodebuild,1
spectralstructurelearner,1
coclusterslice,1
clusterh,1
coclusteringstructurelearner,1
gaussian_kernel,1
estimate_counts,1
g_test_val,1
compute_similarity_matrix_pair,1
compute_similarity_matrix,1
greedy_split_features,1
diag_sum,1
cut_val_f,1
cut_val_w,1
vol,1
f_clu,1
ncut_val,1
ncut,1
f_assignment_from_clusters,1
f_from_clusters,1
f_from_labels,1
from_labels_to_clustering,1
is_clustering_valid_ncut,1
is_clustering_valid_gtest,1
spectral_clustering,1
read_hierarchy_from_file,1
build_linked_hierarchy,1
split_into_univariate_dist,1
split_by_row,1
split_by_column,1
build_spn_from_co_clusters,1
eval_sum_node,1
sumnode,1
eval_prod_node,1
productnode,1
categoricalindicatornode,1
cltreenode,1
categoricalsmoothednode,1
constantnode,1
sample_from_leaf,1
mpe_states_from_leaf,1
set_val,1
backprop2,1
smooth_ll,1
smooth_freq_from_data,1
var_values,1
node_in_path_feature,1
acc_node_in_path_feature,1
max_weight_feature,1
max_child_id_feature,1
max_hidden_var_feature,1
max_hidden_var_log_val,1
max_hidden_var_val,1
hidden_var_val,1
hidden_var_log_val,1
child_var_val,1
child_var_log_val,1
var_val,1
var_log_val,1
log_output_feature,1
filter_non_sum_nodes,1
filter_non_leaf_nodes,1
filter_all_nodes,1
filter_hidden_var_nodes,1
save_feature_info,1
store_feature_info,1
load_feature_info,1
filter_features_by_layer,1
filter_features_by_scope_length,1
filter_features_by_node_type,1
feature_mask_from_info,1
extract_features_nodes_mpe,1
extract_features_nodes,1
scope_stats,1
scope_stats_marg,1
node_mpe_instantiation,1
retrieve_all_nodes_mpe_instantiations,1
random_feature_mask,1
random_rectangular_feature_mask,1
mask_dataset_marginalization,1
extract_feature_marginalization_from_masks,1
extract_feature_marginalization_from_masks_opt_unique,1
feature_mask_to_marg,1
extract_feature_marginalization_from_masks_theanok,1
extract_feature_marginalization_from_masks_theanok_opt_unique,1
save_features_to_file,1
load_features_from_file,1
feature_mask_scope,1
extract_features_marginalization_grid,1
instance_from_disjoint_feature_masks,1
extract_features_marginalization_rectangles,1
extract_features_marginalization_rand,1
extract_instances_groups,1
format_val,1
data_through_feature_mask,1
data_through_feature_mask_opt_unique,1
acquery,1
extract_features_marginalization_acquery,1
extract_features_marginalization_acquery_opt_unique,1
node_activations_for_instance,1
extract_features_node_activations,1
all_single_marginals_spn,1
all_single_marginals_ml,1
extract_features_all_marginals_spn,1
extract_features_all_marginals_ml,1
marginalizations_for_instance,1
get_nearest_neighbours_theano_func,1
get_nearest_neighbour,1
spn,1
insert_layer,1
root_layer,1
root,1
bottom_up_nodes,1
single_eval,1
test_eval,1
single_mpe_eval,1
test_mpe_eval,1
get_features,1
to_text,1
test_weight_update,1
backprop_and_update,1
mpe_traversal,1
fit_sgd,1
fit_em,1
compute_grad,1
evaluate_indicator_node,1
evaluate_categorical_node,1
evaluate_product_node,1
evaluate_sum_node,1
evaluate_node,1
ml_weights_estimation_posterior,1
ml_weights_estimation_posterior_i,1
ml_weights_estimation_posterior_ii,1
ml_weights_estimation_counts,1
ml_evaluation,1
random_weight_estimation,1
estimate_counts_numba,1
smooth_ll_parameters,1
random_weight_ml_estimation,1
bootstrap_weight_ml_estimation,1
remove_child_parent,1
floatx,1
sharedx,1
shared_zeros,1
shared_scalar,1
shared_ones,1
ndim_tensor,1
initialization,1
exp_activation,1
log_activation,1
log_sum_exp_activation,1
theanoklayer,1
inputlayer_logspace,1
sumlayer_logspace,1
maxlayer_logspace,1
productlayer_logspace,1
set_input_shape,1
set_previous,1
sequentialspn,1
blocklayeredspn,1
evaluate_on_dataset_batch,1
evaluate_mpe,1
layer_stats,1
remove_double_links_layers,1
double_linking_layers,1
pairwise,1
sample_all_worlds,1
statistically_significant,1
matching_dirs,1
directory_stat_test,1
directory_curves_vis,1
load_frames_from_dirs,1
approx_scope_histo_quartiles,1
beautify_with_seaborn,1
visualize_curves,1
visualize_histograms,1
jitter,1
plot_depth_vs_size,1
get_best_value_from_frame,1
plot_comparative_histograms,1
plot_m_by_n_by_p_by_q_images,1
plot_m_by_n_heatmaps,1
tiling_sizes,1
scope_histogram,1
scope_maps,1
scope_map_layerwise,1
multiple_scope_histogram,1
layer_scope_histogram,1
visualize_node_activations_for_instance,1
visualize_marginalizations_for_instance,1
session_tag,1
ansi_color,1
ansi_bold,1
configerror,1
sshcontrol,1
register_after,1
_check_config,1
register_sync,1
__expectwait,1
notifyafter,1
notifysync,1
ssh_connect,1
ssh_abort,1
ssh_disconnect,1
simcommand,1
addtodelete,1
updatematching,1
scc,1
ensuregacalldiff,1
compatiblevertexlabels,1
compatibleedgelabels,1
used,1
printdomains,1
tofilterempty,1
resettofilter,1
nexttofilter,1
addtofilter,1
isind,1
augmentingpath,1
removeallvaluesbutone,1
removevalue,1
iscompatible,1
matchvertices,1
matchvertex,1
qcompare,1
compatiblevertices,1
createdomains,1
initdomains,1
creategraph,1
printgraph,1
checklad,1
filter,1
solve,1
usage,1
printstats,1
description,1
binarygraphloader,1
which,1
functionattrdestroyer,1
functionattrcomparator,1
generatemesh,1
bool,1
extractsubgraph,1
schur,1
mean_cpp,1
covariance_cpp,1
seq_cpp,1
solve_ctrimat_cpp,1
solve_system_cpp,1
for_1_cpp,1
rec_1_cpp,1
predict_cpp,1
noise_cpp,1
double_mult_cpp,1
generate_field_cpp,1
inflation,1
ensembl_kalman_cpp,1
annotatesup,1
annotatesub,1
translatepunctuation,1
annotatenotations,1
parse_notation,1
highlight_using_coqdoc,1
make_target,1
coqobject,1
plainobject,1
notationobject,1
tacticobject,1
gallinaobject,1
vernacobject,1
vernacvariantobject,1
tacticnotationobject,1
tacticnotationvariantobject,1
optionobject,1
exceptionobject,1
notationrole,1
coq_code_role,1
coqtopdirective,1
coqdocdirective,1
exampledirective,1
preambledirective,1
inferencedirective,1
ansicolorsparser,1
coqtopblockstransform,1
coqsubdomainsindex,1
coqvernacindex,1
coqtacticindex,1
coqoptionindex,1
coqgallinaindex,1
coqexceptionindex,1
indexxrefrole,1
grammarproductionrole,1
coqdomain,1
is_coqtop_or_coqdoc_block,1
simplify_source_code_blocks_for_latex,1
_subdomain,1
handle_signature,1
_index_suffix,1
_record_name,1
_add_target,1
_add_index_entry,1
add_target_and_index,1
make_math_node,1
prepare_latex_operand,1
prepare_latex,1
_finalize_pending_nodes,1
_add_text,1
colorize_str,1
is_coqtop_block,1
split_sentences,1
parse_options,1
block_classes,1
make_rawsource,1
add_coqtop_output,1
merge_coqtop_classes,1
merge_consecutive_coqtop_blocks,1
process_link,1
find_index_by_name,1
get_objects,1
merge_domaindata,1
resolve_xref,1
clear_doc,1
glyph_height,1
scale_single_glyph,1
avg,1
trim_font,1
center_glyphs,1
tacticnotationstohtmlvisitor,1
htmlize,1
htmlize_str,1
htmlize_p,1
substitute,1
tacticnotationstodotsvisitor,1
stringify_with_ellipses,1
tacticnotationstoregexpvisitor,1
regexpify,1
tacticnotationstosphinxvisitor,1
sphinxify,1
defaultresult,1
aggregateresult,1
tacticnotationslexer,1
tacticnotationsparser,1
topcontext,1
top,1
blockscontext,1
blockcontext,1
repeatcontext,1
curliescontext,1
whitespacecontext,1
atomiccontext,1
holecontext,1
eof,1
lgroup,1
lbrace,1
id,1
tacticnotationsvisitor,1
visittop,1
visitblocks,1
visitblock,1
parse_color,1
parse_style,1
parse_ansi,1
coqtop,1
sendmany,1
next_prompt,1
sendone,1
identity_xf,1
inv_nx2x2,1
inv_nx2x3,1
cat_nx2x3,1
rotation_matrices,1
centre_xf,1
imageaugmentation,1
augment_pair,1
intens_aug_options,1
colon_separated_range,1
ensure_containing_dir_exists,1
rgb2grey_tensor,1
load_svhn,1
load_mnist,1
load_fashion_mnist,1
load_usps,1
load_cifar10,1
load_stl,1
load_syn_digits,1
load_syn_signs,1
load_gtsrb,1
_resize_tensor,1
get_data_dir,1
_syndigits_train_path,1
_syndigits_test_path,1
_syndigits_h5_path,1
fetch_syn_digits,1
delete_cache,1
syndigits,1
gtsrb,1
synsigns,1
architecture,1
get_net_and_shape_for_architecture,1
mnist_bn_32_64_256,1
grey_32_64_128_gp,1
grey_32_64_128_gp_wn,1
grey_32_64_128_gp_nonorm,1
rgb_48_96_192_gp,1
rgb_128_256_down_gp,1
rgb40_48_96_192_384_gp,1
rgb40_96_192_384_gp,1
robust_binary_crossentropy,1
bugged_cls_bal_bce,1
log_cls_bal,1
get_cls_bal_function,1
decorate,1
oldweightema,1
emaweightoptimizer,1
load_image_dir,1
standardise_samples,1
standardise_dataset,1
_next_regular,1
sane,1
sanecore,1
vec_mean,1
fasthankel_prod_mat_mat,1
fasthankel_prod_mat_vec,1
fast_hankel2dt,1
optk,1
test_sane_gene,1
sane_tests,1
subspace_filling_with_rank,1
separate_signal_from_noise,1
find_best_rank,1
peaks1d,1
plot_param,1
mfft,1
snr,1
test_sane_iter_trick,1
_test_optim,1
bucket1d,1
bucket2d,1
bucketingtests,1
announce,1
_test_log,1
residus,1
l1,1
ent,1
criterion,1
lambert_w,1
approx_lambert,1
prox_l1,1
prox_l2,1
prox_l1_sent,1
ppxaplus,1
eval_dosy_noise,1
auto_damp_width,1
calibdosy,1
determine_seqtype,1
dcalibdosy,1
import_dosy,1
import_dosy_proc,1
do_palma,1
prepare_palma,1
palma,1
test,1
palmaiter,1
sane_plugin,1
read_param,1
title_parser,1
readplist,1
generate_report,1
loadint2d,1
loadstd2d,1
affiche,1
symetrise,1
nettoie,1
nettoie_mieux,1
nettoie_encore_mieux,1
set_globalconfig,1
get_localparameters,1
analyze_1d,1
files,1
mask,1
joint_action,1
addtransition,1
gettransition,1
addveto,1
updateetraces,1
addetrace,1
intervalprocessor,1
geneexonintervalprocessor,1
_summarize_by_exon,1
_gene_name_from_group,1
process_apsi,1
intersect_junctions,1
extract_group_coverage,1
group_coverage,1
calc_psi,1
percent_spliced_in,1
calc_jir,1
junction_inclusion_ratio,1
tissue_specificity,1
track_exons,1
filter_exons,1
count_samples_per_group,1
report_shared_sample_counts,1
report_splice_mates,1
sum_sample_coverage,1
retry,1
parse_query_argument,1
parse_command_line_args,1
breakup_junction_id_query,1
samples_changed,1
urlopen,1
download_sample_metadata,1
round_like_r,1
normalize_coverage,1
deco_retry,1
f_retry,1
snaptroniterator,1
snaptroniteratorlocal,1
construct_query_string,1
execute_query_string,1
exon,1
apsi,1
slope,1
load_annotations,1
process_counts,1
copyright,1
dllmain,1
messagemappingoscpacketlistener,1
void,1
registermessagefunction,1
fromint32,1
fromuint32,1
fromint64,1
fromuint64,1
oscpacketlistener,1
processbundle,1
processpacket,1
toint32,1
touint32,1
toint64,1
touint64,1
receivedpacket,1
receivedmessageargumentstream,1
beginbundleimmediate,1
isvalidelementsizevalue,1
ismultipleof4,1
beginbundle,1
because,1
allows,1
constructor,1
destructor,1
trackingmodule,1
processmessage,1
public,1
createeventchannels,1
juce_declare_non_copyable_with_leak_detector,1
lombok_installer_windowsdriveinfo,1
caliordering,1
add_license,1
add_licenses,1
is_compliant,1
all_compatible,1
all_compliant,1
get_rdf_graph,1
_is_compatible_with,1
licenseconstraints,1
compatibilityconstraints,1
sharealike_compatibility,1
derivativeworks_compatibility,1
commercialuse_not_duty,1
sharealike_not_prohibition,1
commercialuse_include_use,1
missingaction,1
missingstatus,1
badvocabulary,1
missinglicense,1
notalicenseconstraint,1
notacompatibilityconstraint,1
notavalidlicense,1
license,1
odrllicense,1
odrllicenses,1
get_status,1
restrictivenesslatticeofstatus,1
_rec_restrictives,1
is_less_restrictive,1
vocabulary,1
odrlvocabulary,1
cavmixin,1
macmixin,1
sneismtvdetector,1
sneeshterdetector,1
energyfromcovariancemixin,1
sneeshterenergydetector,1
sneeshtercavdetector,1
sneeshtermacdetector,1
energydetector,1
covariancedetector,1
compcovariancedetector,1
fscbd,1
cavdetector,1
compcavdetector,1
cfnmixin,1
cfndetector,1
compcfndetector,1
macdetector,1
compmacdetector,1
eigenvaluemixin,1
mmemixin,1
mmedetector,1
compmmedetector,1
ememixin,1
emedetector,1
compemedetector,1
agmmixin,1
agmdetector,1
compagmdetector,1
metmixin,1
metdetector,1
compmetdetector,1
cyclostationarydetector,1
scfdetector,1
candetector,1
_train,1
lbd,1
scf,1
simulatedieeemic,1
simulatedieeemicsoftspeaker,1
simulatedieeemicsilent,1
simulatedieeemicloudspeaker,1
simulatednoise,1
addspuriouscosine,1
addgaussiannoise,1
oversample,1
loadmeasurement,1
get_sig,1
_get,1
sliding_window,1
fam,1
contruct_dbpedia_dgraph,1
get_kb_translation_dbpdis,1
get_genre_name_from_dbpedia_resource,1
get_dbpedia_music_genres,1
get_dbpedia_music_genre_derivatives,1
get_dbpedia_music_genre_origins,1
get_dbpedia_music_genre_subgenres,1
get_dbpedia_music_genre_wikiredirects,1
read_results_file,1
read_all_files,1
read_map_logreg_with_bias,1
read_map_logreg_no_bias,1
read_ml_logreg_no_bias,1
read_kb_results,1
read_bs_results,1
read_and_format,1
format_command_map,1
format_command_ml,1
format_command,1
filter_data,1
mark_groups_for_samples,1
select_fold,1
iterative_split,1
check_args,1
save_train_data_and_missing_tags,1
judge,1
fast_average_precision_score,1
fast_average_precision_score_samples,1
get_default_judge,1
compute_metrics,1
compute_high_level_metrics,1
compute_macro_metrics,1
compute_map,1
compute_auc,1
get_source_supragenres,1
compute_results_from_centrality_scores,1
get_candidates_ordered_by_centrality,1
centrality_mapping_main_genres,1
centrality_mapping_composed_genres,1
map_taxonomies_direct,1
get_dbpedia_mappings,1
map_taxonomy_on_dbpedia,1
sourcegenres,1
get_rel_types,1
source,1
genres,1
from_file,1
add_genre,1
add_relation,1
add_subgenre,1
add_stylistic_origin,1
add_derivative,1
add_alias,1
neighbors_for_type,1
get_subgenres,1
get_origins,1
get_derivatives,1
is_root,1
get_di_graph_repr,1
save_graphml,1
tagrepresentation,1
normalize_token,1
_basic_str_tokenization,1
_process_and_update,1
_add_to_aliases,1
build_normalized_graph,1
decode_genre,1
print_concepts,1
print_aliases,1
print_concept_trie_tokenization,1
print_graph,1
save_normalized_graph,1
save_extended_graph,1
cluster_nodes_sharing_same_concepts,1
check_prefix,1
check_lemmas,1
get_normalized_genres_for_source,1
build_extended_graph,1
add_taxonomy_relations_to_extended_graph,1
filter_out_aliases,1
get_dbpedia_neighbours_by_relation,1
trienode,1
trie,1
_has_prefix,1
has_prefix,1
has_word,1
_add_word,1
get_words,1
get_all_words,1
print_words,1
_mark_known_words,1
decode_tag,1
_is_short_string,1
_is_wikipedia_word,1
_tokens_in_order_form_word,1
_are_many_short_tokens,1
_count_short_tokens_exceeds_threshold,1
_has_short_suffix,1
_known_tokens_single__middle_letters,1
_acceptable_tokenization,1
_get_valid_tokenization_for_start_with_known,1
_get_valid_tokenization_for_start_with_unknown,1
_get_valid_tokenization,1
_add_with_wiki_tokenization,1
_try_add_with_trie_tokenization,1
add_string_with_tokenization,1
search_recursive,1
_tokenize,1
_get_word_list,1
baselinetranslator,1
levenshteintranslator,1
normdirecttranslator,1
compute_distances,1
dbpmappingtranslator,1
get_translation_table,1
get_translation_table_per_source,1
iteratorinitializerhook,1
get_weights_from_logdir,1
maplogreg,1
after_create_session,1
select_sigma,1
get_model_fn,1
make_input_fn,1
_input_fn,1
logregmultioutputclassifier,1
sklearntranslator,1
get_estimator_parameters,1
predict_proba,1
translator,1
logregtranslator,1
_evaluate,1
load_tag_csv,1
format_row_gather_tags,1
format_dataset_rows_and_split,1
read_train_data,1
read_translation_table,1
get_tags_for_source,1
get_default_fold_split_file_for_target,1
tagmanager,1
datahelper,1
load_genre_representation,1
dump_object,1
load_row,1
unprefixed_source_tags,1
unprefixed_target_tags,1
sources,1
target,1
mlb_all_sources,1
mlb_target,1
transform_for_target,1
transform_for_sources,1
load_dataset,1
transform_sources_and_target_data,1
_get_dataset_split,1
get_train_data,1
get_test_data,1
bsds300,1
cifar10,1
_flip_augmentation,1
gas,1
get_correlation_numbers,1
load_data_and_clean,1
load_data_and_clean_and_split,1
hepmass,1
load_data_no_discrete,1
load_data_no_discrete_normalised,1
load_data_no_discrete_normalised_as_array,1
miniboone,1
mnist,1
load_data_split_with_noise,1
isposint,1
logit,1
disp_imdata,1
isdistribution,1
discrete_sample,1
ess_importance,1
ess_mcmc,1
probs2contours,1
plot_pdf_marginals,1
plot_hist_marginals,1
calc_whitening_transform,1
whiten,1
copy_model_parms,1
one_hot_encode,1
make_folder,1
plot_page,1
on_key_event,1
load_bmnist_image,1
load_mnist_image,1
load_cifar10_image,1
load_omniglot_image,1
datasetwrapper,1
inputonly,1
load_maf_data,1
reshape_data,1
sigmoids,1
