extension,total_files,classified_files,unclassified_files,classification_rate_pct,unclassified_rate_pct
.png,311733,18420,293313,5.9089,94.0911
(none),164266,5574,158692,3.3933,96.6067
.csv,153705,28,153677,0.0182,99.9818
.jpg,115501,2600,112901,2.2511,97.7489
.json,113543,15,113528,0.0132,99.9868
.py,112939,39128,73811,34.6453,65.3547
.pdb,89716,33,89683,0.0368,99.9632
.gz,81954,565,81389,0.6894,99.3106
.java,76774,70800,5974,92.2187,7.7813
.txt,68151,6938,61213,10.1803,89.8197
.db,63545,0,63545,0.0,100.0
.xml,62194,4,62190,0.0064,99.9936
.m,56290,10929,45361,19.4155,80.5845
.h,54632,22492,32140,41.17,58.83
.html,54379,19723,34656,36.2695,63.7305
.e_output,48174,0,48174,0.0,100.0
.js,42603,23137,19466,54.3084,45.6916
.dat,39599,124,39475,0.3131,99.6869
.md,36343,27693,8650,76.199,23.801
.cs,34621,466,34155,1.346,98.654
.hpp,32279,18045,14234,55.9032,44.0968
.es,29110,0,29110,0.0,100.0
.en,29100,0,29100,0.0,100.0
.cpp,29003,19567,9436,67.4654,32.5346
.out,28767,527,28240,1.832,98.168
.pdf,26645,2618,24027,9.8255,90.1745
.meta,25793,41,25752,0.159,99.841
.mp4,25462,169,25293,0.6637,99.3363
.c,23870,11315,12555,47.4026,52.5974
.mat,23591,190,23401,0.8054,99.1946
.fasta,23005,29,22976,0.1261,99.8739
.npy,22663,0,22663,0.0,100.0
.cif,22198,1,22197,0.0045,99.9955
.kp,20803,0,20803,0.0,100.0
.r,20205,2527,17678,12.5068,87.4932
.class,19241,1697,17544,8.8197,91.1803
.php,16177,6955,9222,42.9931,57.0069
.sh,16072,3276,12796,20.3833,79.6167
.svg,15307,1743,13564,11.3869,88.6131
.yaml,15035,2,15033,0.0133,99.9867
.lisp,14475,229,14246,1.582,98.418
.proof,13865,0,13865,0.0,100.0
.csvy,13775,0,13775,0.0,100.0
.lsp,13247,263,12984,1.9854,98.0146
.pddl,13206,1954,11252,14.7963,85.2037
.rd,12807,3,12804,0.0234,99.9766
.tif,11387,1170,10217,10.2749,89.7251
.bin,11045,0,11045,0.0,100.0
.scala,10475,10262,213,97.9666,2.0334
.pl,10441,555,9886,5.3156,94.6844
.yml,10029,5,10024,0.0499,99.9501
.pkl,9954,0,9954,0.0,100.0
.cb,9762,0,9762,0.0,100.0
.gif,9672,2326,7346,24.0488,75.9512
.cc,9634,7499,2135,77.8389,22.1611
.rst,9387,8564,823,91.2326,8.7674
.rb,8768,5105,3663,58.2231,41.7769
.hea,8619,0,8619,0.0,100.0
.tsv,8381,0,8381,0.0,100.0
.ts,8278,7799,479,94.2136,5.7864
.css,8246,1661,6585,20.1431,79.8569
.star,7617,7615,2,99.9737,0.0263
.hh,7380,23,7357,0.3117,99.6883
.go,7341,3032,4309,41.3023,58.6977
.conll,7336,2,7334,0.0273,99.9727
.mables,7270,0,7270,0.0,100.0
.ante_scores,7270,0,7270,0.0,100.0
.chains,7270,0,7270,0.0,100.0
.ovf,7133,0,7133,0.0,100.0
.ipynb,6745,1199,5546,17.7761,82.2239
.agda,6744,121,6623,1.7942,98.2058
.xyz,6710,7,6703,0.1043,99.8957
.dae,5581,0,5581,0.0,100.0
.jar,5265,39,5226,0.7407,99.2593
.cxx,5146,1697,3449,32.9771,67.0229
.log,4936,304,4632,6.1588,93.8412
.inc,4831,26,4805,0.5382,99.4618
.kt,4728,4724,4,99.9154,0.0846
.svn-base,4726,156,4570,3.3009,96.6991
.pyc,4711,65,4646,1.3797,98.6203
.properties,4574,432,4142,9.4447,90.5553
.mseed,4537,0,4537,0.0,100.0
.pickle,4523,0,4523,0.0,100.0
.prefab,4420,2,4418,0.0452,99.9548
.toml,4418,11,4407,0.249,99.751
.xlsx,4175,103,4072,2.4671,97.5329
.adb,4050,2,4048,0.0494,99.9506
.stru,4009,0,4009,0.0,100.0
.tfa,3907,0,3907,0.0,100.0
.f90,3715,0,3715,0.0,100.0
.rmd,3625,148,3477,4.0828,95.9172
.info,3466,10,3456,0.2885,99.7115
.in,3394,214,3180,6.3052,93.6948
.st,3375,0,3375,0.0,100.0
.tsx,3182,74,3108,2.3256,97.6744
.ads,3039,1,3038,0.0329,99.9671
.v,2960,2,2958,0.0676,99.9324
.po,2938,117,2821,3.9823,96.0177
.tex,2866,1183,1683,41.277,58.723
.cmake,2808,14,2794,0.4986,99.5014
.swift,2773,644,2129,23.2239,76.7761
.data,2766,45,2721,1.6269,98.3731
.vhd,2737,1,2736,0.0365,99.9635
.sto,2723,60,2663,2.2035,97.7965
.par,2672,10,2662,0.3743,99.6257
.phy,2668,0,2668,0.0,100.0
.f,2574,3,2571,0.1166,99.8834
.tree,2535,1,2534,0.0394,99.9606
.sql,2524,77,2447,3.0507,96.9493
.aln,2462,0,2462,0.0,100.0
.wav,2445,131,2314,5.3579,94.6421
.rs,2332,2229,103,95.5832,4.4168
.tre,2325,62,2263,2.6667,97.3333
.q,2308,0,2308,0.0,100.0
.zip,2161,75,2086,3.4706,96.5294
.bed,2161,2,2159,0.0925,99.9075
.dll,2110,6,2104,0.2844,99.7156
.resx,2072,0,2072,0.0,100.0
.rdata,2059,44,2015,2.137,97.863
.pt,2015,0,2015,0.0,100.0
.erb,1978,75,1903,3.7917,96.2083
.groovy,1963,44,1919,2.2415,97.7585
.hmm,1959,1,1958,0.051,99.949
.smi,1954,1800,154,92.1187,7.8813
.erl,1942,3,1939,0.1545,99.8455
.err,1918,0,1918,0.0,100.0
.scss,1890,183,1707,9.6825,90.3175
.abi,1885,4,1881,0.2122,99.7878
.lua,1867,17,1850,0.9106,99.0894
.box,1866,1865,1,99.9464,0.0536
.hs,1849,119,1730,6.4359,93.5641
.o,1826,0,1826,0.0,100.0
.vtp,1826,0,1826,0.0,100.0
.abo,1816,0,1816,0.0,100.0
.gd,1812,1,1811,0.0552,99.9448
.acl2,1791,37,1754,2.0659,97.9341
.jl,1777,1345,432,75.6894,24.3106
.ttf,1772,382,1390,21.5576,78.4424
.fa,1762,1,1761,0.0568,99.9432
.jpeg,1714,46,1668,2.6838,97.3162
.t,1676,0,1676,0.0,100.0
.pp,1667,0,1667,0.0,100.0
.ini,1652,0,1652,0.0,100.0
.cfg,1633,3,1630,0.1837,99.8163
.rda,1622,4,1618,0.2466,99.7534
.p,1574,515,1059,32.7192,67.2808
.config,1564,43,1521,2.7494,97.2506
.graphml,1555,13,1542,0.836,99.164
.as,1508,14,1494,0.9284,99.0716
.conf,1500,82,1418,5.4667,94.5333
.stl,1495,2,1493,0.1338,99.8662
.map,1491,614,877,41.1804,58.8196
.ml,1468,79,1389,5.3815,94.6185
.kmz,1439,0,1439,0.0,100.0
.bc,1392,0,1392,0.0,100.0
.param,1389,4,1385,0.288,99.712
.h5,1386,0,1386,0.0,100.0
.fbx,1376,0,1376,0.0,100.0
.cell,1343,0,1343,0.0,100.0
.dds,1323,0,1323,0.0,100.0
.asl,1322,21,1301,1.5885,98.4115
.less,1306,19,1287,1.4548,98.5452
.bat,1304,329,975,25.2301,74.7699
.patch,1268,9,1259,0.7098,99.2902
.eps,1247,462,785,37.0489,62.9511
.annotated,1217,0,1217,0.0,100.0
.sp,1208,12,1196,0.9934,99.0066
.rates,1203,4,1199,0.3325,99.6675
.bb,1195,0,1195,0.0,100.0
.ttl,1186,0,1186,0.0,100.0
.asset,1181,0,1181,0.0,100.0
.npz,1170,0,1170,0.0,100.0
.sol,1157,0,1157,0.0,100.0
.tcl,1147,22,1125,1.918,98.082
.xmi,1140,27,1113,2.3684,97.6316
.cu,1138,8,1130,0.703,99.297
.ogg,1132,0,1132,0.0,100.0
.mod,1109,272,837,24.5266,75.4734
.test,1093,16,1077,1.4639,98.5361
.pro,1082,4,1078,0.3697,99.6303
.gradle,1046,800,246,76.4818,23.5182
.pem,1044,0,1044,0.0,100.0
.cfcase,1044,11,1033,1.0536,98.9464
.pcap,1020,5,1015,0.4902,99.5098
.csproj,1018,11,1007,1.0806,98.9194
.owl,968,0,968,0.0,100.0
.xls,949,12,937,1.2645,98.7355
.ltree,945,0,945,0.0,100.0
.i,932,0,932,0.0,100.0
.prefs,930,4,926,0.4301,99.5699
.ada,924,1,923,0.1082,99.8918
.dsp,917,0,917,0.0,100.0
.rds,910,17,893,1.8681,98.1319
.omex,907,0,907,0.0,100.0
.xz,906,3,903,0.3311,99.6689
.gml,904,0,904,0.0,100.0
.gpr,897,4,893,0.4459,99.5541
.apk,887,73,814,8.23,91.77
.obj,874,2,872,0.2288,99.7712
.am,865,54,811,6.2428,93.7572
.cache-3,864,96,768,11.1111,88.8889
.woff,844,366,478,43.3649,56.6351
.pm,841,1,840,0.1189,99.8811
.ces,839,670,169,79.857,20.143
.woff2,830,454,376,54.6988,45.3012
.xsd,815,30,785,3.681,96.319
.pyo,813,2,811,0.246,99.754
.dot,810,49,761,6.0494,93.9506
.so,803,1,802,0.1245,99.8755
.ld,796,59,737,7.4121,92.5879
.textgrid,794,0,794,0.0,100.0
.ico,788,142,646,18.0203,81.9797
.deft,769,12,757,1.5605,98.4395
.s,757,4,753,0.5284,99.4716
.hex,754,42,712,5.5703,94.4297
.mdx,751,730,21,97.2037,2.7963
.fits,743,13,730,1.7497,98.2503
.clj,738,17,721,2.3035,97.6965
.docx,716,120,596,16.7598,83.2402
.fna,695,0,695,0.0,100.0
.mexw64,689,1,688,0.1451,99.8549
.ms,681,0,681,0.0,100.0
.abs,677,11,666,1.6248,98.3752
.unity,675,2,673,0.2963,99.7037
.bedgraph,661,0,661,0.0,100.0
.launch,658,2,656,0.304,99.696
.asm,655,2,653,0.3053,99.6947
.mli,651,38,613,5.8372,94.1628
.rq,650,9,641,1.3846,98.6154
.exe,645,7,638,1.0853,98.9147
.icf,643,56,587,8.7092,91.2908
.ino,642,3,639,0.4673,99.5327
.md5,634,537,97,84.7003,15.2997
.vue,632,17,615,2.6899,97.3101
.emproject,627,58,569,9.2504,90.7496
.emsession,626,58,568,9.2652,90.7348
.uvprojx,625,58,567,9.28,90.72
.uvoptx,624,58,566,9.2949,90.7051
.yuml,623,0,623,0.0,100.0
.mexa64,618,1,617,0.1618,99.8382
.ewp,618,56,562,9.0615,90.9385
.ewd,614,56,558,9.1205,90.8795
.sbvr,607,0,607,0.0,100.0
.rxn,606,0,606,0.0,100.0
.xaml,597,1,596,0.1675,99.8325
.bel,593,0,593,0.0,100.0
.make,589,32,557,5.4329,94.5671
.pyx,587,13,574,2.2147,97.7853
.m4,578,1,577,0.173,99.827
.ecore,577,1,576,0.1733,99.8267
.rdb,574,31,543,5.4007,94.5993
.rdx,572,31,541,5.4196,94.5804
.prolog,571,0,571,0.0,100.0
.cri,570,0,570,0.0,100.0
.gv,569,16,553,2.812,97.188
.msg,568,0,568,0.0,100.0
.htm,566,63,503,11.1307,88.8693
.bib,566,318,248,56.1837,43.8163
.lib,561,4,557,0.713,99.287
.vcxproj,554,1,553,0.1805,99.8195
.eot,552,221,331,40.0362,59.9638
.btor2,540,0,540,0.0,100.0
.mp3,532,237,295,44.5489,55.4511
.module,531,0,531,0.0,100.0
.gsp,530,5,525,0.9434,99.0566
.bmp,529,23,506,4.3478,95.6522
.mags,525,0,525,0.0,100.0
.plist,524,4,520,0.7634,99.2366
.rdf,523,0,523,0.0,100.0
.fig,522,71,451,13.6015,86.3985
.install,515,1,514,0.1942,99.8058
.ase,510,0,510,0.0,100.0
.label,506,2,504,0.3953,99.6047
.dead,506,0,506,0.0,100.0
.dimacs,505,0,505,0.0,100.0
.augment,505,0,505,0.0,100.0
.mandatory,505,0,505,0.0,100.0
.richseed,505,0,505,0.0,100.0
.mxl,502,0,502,0.0,100.0
.ui,499,0,499,0.0,100.0
.uasset,497,0,497,0.0,100.0
.doctree,492,411,81,83.5366,16.4634
.reg,492,2,490,0.4065,99.5935
.tab,491,33,458,6.721,93.279
.d,488,2,486,0.4098,99.5902
.cshtml,481,9,472,1.8711,98.1289
.inl,481,0,481,0.0,100.0
.qasm,479,0,479,0.0,100.0
.pimc,471,0,471,0.0,100.0
.fsf,468,0,468,0.0,100.0
.xsl,464,37,427,7.9741,92.0259
.pod,463,439,24,94.8164,5.1836
.1,461,137,324,29.718,70.282
.mk,461,9,452,1.9523,98.0477
.pgm,459,1,458,0.2179,99.7821
.ned,454,0,454,0.0,100.0
.rproj,452,1,451,0.2212,99.7788
.mexmaci64,446,0,446,0.0,100.0
.tlog,446,0,446,0.0,100.0
.tpl,445,13,432,2.9213,97.0787
.pop,444,405,39,91.2162,8.7838
.prototxt,441,3,438,0.6803,99.3197
.mf,438,7,431,1.5982,98.4018
.a,435,2,433,0.4598,99.5402
.plo,433,0,433,0.0,100.0
.hxx,427,11,416,2.5761,97.4239
.tar,419,1,418,0.2387,99.7613
.jsx,414,27,387,6.5217,93.4783
.maxhelp,413,173,240,41.8886,58.1114
.nc,411,1,410,0.2433,99.7567
.uml,403,3,400,0.7444,99.2556
.narrowpeak,403,10,393,2.4814,97.5186
.markdown,402,43,359,10.6965,89.3035
.pure,402,0,402,0.0,100.0
.crt,398,1,397,0.2513,99.7487
.excludes,397,0,397,0.0,100.0
.index,393,2,391,0.5089,99.4911
.geojson,381,4,377,1.0499,98.9501
.bam,381,0,381,0.0,100.0
.arff,381,0,381,0.0,100.0
.mo,379,16,363,4.2216,95.7784
.sv,379,3,376,0.7916,99.2084
.asc,375,14,361,3.7333,96.2667
.tmd,372,0,372,0.0,100.0
.elf64,371,0,371,0.0,100.0
.tiff,370,71,299,19.1892,80.8108
.x3d,365,0,365,0.0,100.0
.vcf,358,0,358,0.0,100.0
.mexw32,357,7,350,1.9608,98.0392
.phtml,353,0,353,0.0,100.0
.proto,350,2,348,0.5714,99.4286
.km3,348,0,348,0.0,100.0
.cuh,345,2,343,0.5797,99.4203
.shader,345,0,345,0.0,100.0
.max,345,0,345,0.0,100.0
.oplib,344,0,344,0.0,100.0
.min,339,0,339,0.0,100.0
.cache,332,1,331,0.3012,99.6988
.lock,329,17,312,5.1672,94.8328
.dbf,327,1,326,0.3058,99.6942
.mexglx,325,0,325,0.0,100.0
.scn,323,0,323,0.0,100.0
.template,319,15,304,4.7022,95.2978
.mjs,319,6,313,1.8809,98.1191
.bash,318,111,207,34.9057,65.0943
.shp,316,1,315,0.3165,99.6835
.ci,316,0,316,0.0,100.0
.do,316,59,257,18.6709,81.3291
.data-00000-of-00001,315,1,314,0.3175,99.6825
.shx,315,1,314,0.3175,99.6825
.cmd,314,2,312,0.6369,99.3631
.package,314,4,310,1.2739,98.7261
.bz2,312,0,312,0.0,100.0
.jsp,310,1,309,0.3226,99.6774
.output,310,0,310,0.0,100.0
.nb,308,107,201,34.7403,65.2597
.key,308,15,293,4.8701,95.1299
.dsldm,306,0,306,0.0,100.0
.xme,306,0,306,0.0,100.0
.xasm,306,0,306,0.0,100.0
.ipp,305,0,305,0.0,100.0
.yield_table,305,0,305,0.0,100.0
.mse,305,0,305,0.0,100.0
.phy_phyml_tree,305,0,305,0.0,100.0
.prj,304,1,303,0.3289,99.6711
.asml,304,0,304,0.0,100.0
.opt,301,0,301,0.0,100.0
.sln,300,0,300,0.0,100.0
.aes,300,0,300,0.0,100.0
.cafe,298,31,267,10.4027,89.5973
.gplt,294,4,290,1.3605,98.6395
.checked,294,0,294,0.0,100.0
.vi,292,0,292,0.0,100.0
.nf,292,19,273,6.5068,93.4932
.emf,292,0,292,0.0,100.0
.ctl,291,0,291,0.0,100.0
.msstats,290,0,290,0.0,100.0
.mno,290,0,290,0.0,100.0
.faa,289,0,289,0.0,100.0
.hdr,286,1,285,0.3497,99.6503
.cnf,283,35,248,12.3675,87.6325
.g,280,14,266,5.0,95.0
.bats,277,3,274,1.083,98.917
.rat,277,0,277,0.0,100.0
.doc,276,64,212,23.1884,76.8116
.ipf,275,2,273,0.7273,99.2727
.0,274,44,230,16.0584,83.9416
.mtl,274,3,271,1.0949,98.9051
.gpl,274,1,273,0.365,99.635
.iml,271,1,270,0.369,99.631
.inp,270,5,265,1.8519,98.1481
.srq,270,0,270,0.0,100.0
.maxpat,269,31,238,11.5242,88.4758
.snap,268,12,256,4.4776,95.5224
.3,266,40,226,15.0376,84.9624
.twig,266,1,265,0.3759,99.6241
.xtend,262,18,244,6.8702,93.1298
.chk,262,0,262,0.0,100.0
.params,260,8,252,3.0769,96.9231
.lo,259,0,259,0.0,100.0
.jsonl,257,0,257,0.0,100.0
.hgh,257,0,257,0.0,100.0
.slx,253,0,253,0.0,100.0
.cf,249,5,244,2.008,97.992
.bt2,246,6,240,2.439,97.561
.coffee,245,6,239,2.449,97.551
.motif,244,0,244,0.0,100.0
.fast5,243,22,221,9.0535,90.9465
.otf,240,49,191,20.4167,79.5833
.def,239,9,230,3.7657,96.2343
.m~,237,1,236,0.4219,99.5781
.strings,237,0,237,0.0,100.0
.tga,236,0,236,0.0,100.0
.feature,236,1,235,0.4237,99.5763
.hoc,235,13,222,5.5319,94.4681
.gro,234,2,232,0.8547,99.1453
.xyc,230,127,103,55.2174,44.7826
.ctp,230,0,230,0.0,100.0
.asp,229,0,229,0.0,100.0
.mac,228,2,226,0.8772,99.1228
.awk,227,7,220,3.0837,96.9163
.fas,224,8,216,3.5714,96.4286
.qml,223,1,222,0.4484,99.5516
.trees,223,1,222,0.4484,99.5516
.flags,223,7,216,3.139,96.861
.pxd,222,2,220,0.9009,99.0991
.frq,222,0,222,0.0,100.0
.sparql,221,1,220,0.4525,99.5475
.desktop,220,3,217,1.3636,98.6364
.mxml,220,0,220,0.0,100.0
.000000,217,0,217,0.0,100.0
.ale,215,100,115,46.5116,53.4884
.amsr18i,214,0,214,0.0,100.0
.terms,211,0,211,0.0,100.0
.lm,211,1,210,0.4739,99.5261
.nrg,210,0,210,0.0,100.0
.lus,209,0,209,0.0,100.0
.al,209,0,209,0.0,100.0
.msf,207,0,207,0.0,100.0
.sty,206,99,107,48.0583,51.9417
.inputs,206,0,206,0.0,100.0
.files,205,0,205,0.0,100.0
.res,203,0,203,0.0,100.0
.eww,201,22,179,10.9453,89.0547
.rar,200,0,200,0.0,100.0
.binvox,200,0,200,0.0,100.0
.psd,198,9,189,4.5455,95.4545
.gff,198,0,198,0.0,100.0
.resources,198,0,198,0.0,100.0
.hdf5,197,0,197,0.0,100.0
.phy_phyml_stats,197,0,197,0.0,100.0
.pyi,195,4,191,2.0513,97.9487
.sl,194,173,21,89.1753,10.8247
.cpp-e,193,0,193,0.0,100.0
.fastq,192,6,186,3.125,96.875
.bsh,192,0,192,0.0,100.0
.tlsf,192,126,66,65.625,34.375
.cls,191,77,114,40.3141,59.6859
.xhtml,189,0,189,0.0,100.0
.xci,188,0,188,0.0,100.0
.rankings,187,0,187,0.0,100.0
.mexmaci,187,0,187,0.0,100.0
.2,185,86,99,46.4865,53.5135
.e,183,1,182,0.5464,99.4536
.cto,182,0,182,0.0,100.0
.sbt,181,0,181,0.0,100.0
.cfmesh,178,0,178,0.0,100.0
.cro,178,0,178,0.0,100.0
.elf,176,9,167,5.1136,94.8864
.mid,176,25,151,14.2045,85.7955
.ttimes,176,0,176,0.0,100.0
.sed,175,2,173,1.1429,98.8571
.world,174,0,174,0.0,100.0
.rl,174,0,174,0.0,100.0
.props,173,1,172,0.578,99.422
.maude,173,4,169,2.3121,97.6879
.sqlpp,171,0,171,0.0,100.0
.spec,170,14,156,8.2353,91.7647
.rhtml,170,3,167,1.7647,98.2353
.ref,168,0,168,0.0,100.0
.wig,168,0,168,0.0,100.0
.pd,168,0,168,0.0,100.0
.bs,166,2,164,1.2048,98.7952
.kicad_mod,166,0,166,0.0,100.0
.pptx,165,52,113,31.5152,68.4848
.frcmod,165,0,165,0.0,100.0
.warn,165,0,165,0.0,100.0
.a1,163,1,162,0.6135,99.3865
.xsf,163,0,163,0.0,100.0
.restext,163,0,163,0.0,100.0
.middiag,163,25,138,15.3374,84.6626
.ps,162,61,101,37.6543,62.3457
.src,162,1,161,0.6173,99.3827
.tgz,160,21,139,13.125,86.875
.ps1,159,2,157,1.2579,98.7421
.expected,158,0,158,0.0,100.0
.pir,157,0,157,0.0,100.0
.dict,156,0,156,0.0,100.0
.typ,156,0,156,0.0,100.0
.plot,154,0,154,0.0,100.0
.adoc,153,95,58,62.0915,37.9085
.model,153,1,152,0.6536,99.3464
.terminal,153,0,153,0.0,100.0
.rpt,153,0,153,0.0,100.0
.kts,152,1,151,0.6579,99.3421
.amsr36i,152,0,152,0.0,100.0
.qza,151,0,151,0.0,100.0
.mesh,151,0,151,0.0,100.0
.old,150,2,148,1.3333,98.6667
.filters,150,0,150,0.0,100.0
.pmp,149,0,149,0.0,100.0
.sim,148,0,148,0.0,100.0
.uavcan,147,0,147,0.0,100.0
.ejs,147,2,145,1.3605,98.6395
.ltl,147,147,0,100.0,0.0
.o2,147,0,147,0.0,100.0
.org,146,18,128,12.3288,87.6712
.graphql,146,1,145,0.6849,99.3151
.nex,146,1,145,0.6849,99.3151
.prepi,146,0,146,0.0,100.0
.input,145,3,142,2.069,97.931
.ax,144,0,144,0.0,100.0
.mtx,144,5,139,3.4722,96.5278
.au,144,0,144,0.0,100.0
.prob,143,0,143,0.0,100.0
.sample,143,1,142,0.6993,99.3007
.msh,142,4,138,2.8169,97.1831
.part,142,138,4,97.1831,2.8169
.nwk,141,63,78,44.6809,55.3191
.ac,140,3,137,2.1429,97.8571
.hudson,140,0,140,0.0,100.0
.swc,139,33,106,23.741,76.259
.directive,139,0,139,0.0,100.0
.xcscheme,138,0,138,0.0,100.0
.off,138,0,138,0.0,100.0
.svelte,138,4,134,2.8986,97.1014
.ll,138,1,137,0.7246,99.2754
.exs,138,0,138,0.0,100.0
.bak,137,7,130,5.1095,94.8905
.gh,137,0,137,0.0,100.0
.dara,137,0,137,0.0,100.0
.root,136,3,133,2.2059,97.7941
.xacro,136,0,136,0.0,100.0
.dox,135,81,54,60.0,40.0
.pcss,135,0,135,0.0,100.0
.service,135,13,122,9.6296,90.3704
.fxml,135,0,135,0.0,100.0
.dart,135,8,127,5.9259,94.0741
.qgs,135,0,135,0.0,100.0
.pred,135,0,135,0.0,100.0
.form,134,0,134,0.0,100.0
.sldprt,134,0,134,0.0,100.0
.swf,134,3,131,2.2388,97.7612
.fix,134,0,134,0.0,100.0
.ics,134,0,134,0.0,100.0
.aux,132,30,102,22.7273,77.2727
.bai,132,0,132,0.0,100.0
.bedpe,132,0,132,0.0,100.0
.bdeu,132,0,132,0.0,100.0
.pth,131,6,125,4.5802,95.4198
.lst,130,40,90,30.7692,69.2308
.orig,130,13,117,10.0,90.0
.atl,128,3,125,2.3438,97.6562
.pbs,127,8,119,6.2992,93.7008
.gbr,127,20,107,15.748,84.252
.example,126,1,125,0.7937,99.2063
.sci,126,0,126,0.0,100.0
.h2ci,126,0,126,0.0,100.0
.pper,126,0,126,0.0,100.0
.kdump,125,0,125,0.0,100.0
.stdout,124,0,124,0.0,100.0
.exo,124,4,120,3.2258,96.7742
.pot,123,3,120,2.439,97.561
.api,122,0,122,0.0,100.0
.ipt,122,0,122,0.0,100.0
.nsh,122,0,122,0.0,100.0
.tmpl,121,9,112,7.438,92.562
.manifest,121,0,121,0.0,100.0
.pls,121,0,121,0.0,100.0
.smt2,121,0,121,0.0,100.0
.pbj,120,0,120,0.0,100.0
.pbk,120,0,120,0.0,100.0
.diff,119,5,114,4.2017,95.7983
.physicmaterial,119,0,119,0.0,100.0
.rtf,118,19,99,16.1017,83.8983
.all,118,0,118,0.0,100.0
.jsonnet,118,4,114,3.3898,96.6102
.xtc,118,0,118,0.0,100.0
.fp,117,73,44,62.3932,37.6068
.list,116,1,115,0.8621,99.1379
.cff,116,14,102,12.069,87.931
.settings,116,3,113,2.5862,97.4138
.gnu,116,26,90,22.4138,77.5862
.buf,116,0,116,0.0,100.0
.gdoc,115,115,0,100.0,0.0
.hyp,114,0,114,0.0,100.0
.mm,113,1,112,0.885,99.115
.user,112,0,112,0.0,100.0
.mro,112,0,112,0.0,100.0
.pkt,112,0,112,0.0,100.0
.jawa,112,0,112,0.0,100.0
.bpmn,111,2,109,1.8018,98.1982
.hrl,111,0,111,0.0,100.0
.exr,111,1,110,0.9009,99.0991
.lnt,111,0,111,0.0,100.0
.crtf,111,0,111,0.0,100.0
.bst,110,60,50,54.5455,45.4545
.swp,109,8,101,7.3394,92.6606
.ascii,108,0,108,0.0,100.0
.snk,108,0,108,0.0,100.0
.isf,108,0,108,0.0,100.0
.pbxproj,107,0,107,0.0,100.0
.itp,107,1,106,0.9346,99.0654
.net,107,3,104,2.8037,97.1963
.wsdl,107,0,107,0.0,100.0
.ai,106,24,82,22.6415,77.3585
.mis,106,99,7,93.3962,6.6038
.ods,105,14,91,13.3333,86.6667
.gate,105,0,105,0.0,100.0
.irt,105,0,105,0.0,100.0
.vhdl,105,0,105,0.0,100.0
.srx,105,0,105,0.0,100.0
.mot,104,0,104,0.0,100.0
.mos,104,0,104,0.0,100.0
.cube,104,0,104,0.0,100.0
.xdc,103,0,103,0.0,100.0
.sign,103,0,103,0.0,100.0
.win,102,1,101,0.9804,99.0196
.corr,102,102,0,100.0,0.0
.xib,101,0,101,0.0,100.0
.inter,101,0,101,0.0,100.0
.detector,101,2,99,1.9802,98.0198
.spdi,101,0,101,0.0,100.0
.clf,101,0,101,0.0,100.0
.gb,100,0,100,0.0,100.0
.nii,100,1,99,1.0,99.0
.sofa,100,0,100,0.0,100.0
.rake,100,0,100,0.0,100.0
.srv,100,0,100,0.0,100.0
.sim_b,100,0,100,0.0,100.0
.sim_be,100,0,100,0.0,100.0
.sh3d,100,0,100,0.0,100.0
.ctab,100,0,100,0.0,100.0
.vert,99,0,99,0.0,100.0
.ratdb,99,0,99,0.0,100.0
.ident,99,99,0,100.0,0.0
.psp8,98,0,98,0.0,100.0
.rules,98,1,97,1.0204,98.9796
.pyd,98,0,98,0.0,100.0
.abnf,98,0,98,0.0,100.0
.scat,98,0,98,0.0,100.0
.geo,97,1,96,1.0309,98.9691
.ga,97,7,90,7.2165,92.7835
.z,96,0,96,0.0,100.0
.stan,96,1,95,1.0417,98.9583
.xpr,96,0,96,0.0,100.0
.fm,96,0,96,0.0,100.0
.hm,96,0,96,0.0,100.0
.frag,95,0,95,0.0,100.0
.cl,94,2,92,2.1277,97.8723
.cer,94,0,94,0.0,100.0
.crc,94,0,94,0.0,100.0
.tim,94,2,92,2.1277,97.8723
.istar_mavo,94,0,94,0.0,100.0
.local,93,0,93,0.0,100.0
.raw,93,1,92,1.0753,98.9247
.dtd,92,7,85,7.6087,92.3913
.dcd,92,0,92,0.0,100.0
.vcproj,92,0,92,0.0,100.0
.sdf,92,0,92,0.0,100.0
.asd,92,0,92,0.0,100.0
.stderr,91,0,91,0.0,100.0
.xslt,91,1,90,1.0989,98.9011
.ctf,91,0,91,0.0,100.0
.tbl,90,5,85,5.5556,94.4444
.str,90,13,77,14.4444,85.5556
.ijm,89,0,89,0.0,100.0
.build,89,7,82,7.8652,92.1348
.cat,89,0,89,0.0,100.0
.8,89,9,80,10.1124,89.8876
.nml,89,0,89,0.0,100.0
.yara,89,0,89,0.0,100.0
.jld2,88,0,88,0.0,100.0
.top,88,0,88,0.0,100.0
.dist,88,0,88,0.0,100.0
.utr20,88,0,88,0.0,100.0
.xcf,87,41,46,47.1264,52.8736
.texi,87,76,11,87.3563,12.6437
.dia,87,60,27,68.9655,31.0345
.thm,87,2,85,2.2989,97.7011
.handlebars,87,0,87,0.0,100.0
.yang,87,1,86,1.1494,98.8506
.dis,87,0,87,0.0,100.0
.bdd,87,0,87,0.0,100.0
.xcconfig,86,0,86,0.0,100.0
.fai,86,0,86,0.0,100.0
.plt,85,10,75,11.7647,88.2353
.aps,85,0,85,0.0,100.0
.rsc,84,0,84,0.0,100.0
.jks,84,0,84,0.0,100.0
.lay,84,74,10,88.0952,11.9048
.sum,83,0,83,0.0,100.0
.koat,83,1,82,1.2048,98.7952
.j2,82,1,81,1.2195,98.7805
.rnw,82,6,76,7.3171,92.6829
.vec,82,2,80,2.439,97.561
.pgout,82,0,82,0.0,100.0
.lpr,82,0,82,0.0,100.0
.icns,81,1,80,1.2346,98.7654
.eml,81,6,75,7.4074,92.5926
.wpc,81,0,81,0.0,100.0
.exome,81,0,81,0.0,100.0
.sheep,81,0,81,0.0,100.0
.ftl,80,1,79,1.25,98.75
.targets,80,0,80,0.0,100.0
.step,80,0,80,0.0,100.0
.avif,80,0,80,0.0,100.0
.td,80,78,2,97.5,2.5
.dic,80,11,69,13.75,86.25
.sch,79,3,76,3.7975,96.2025
.5,79,32,47,40.5063,59.4937
.wxm,79,8,71,10.1266,89.8734
.pha,79,0,79,0.0,100.0
.jade,79,51,28,64.557,35.443
.apl,79,0,79,0.0,100.0
.tokens,78,13,65,16.6667,83.3333
.nix,78,2,76,2.5641,97.4359
.cabal,77,7,70,9.0909,90.9091
.apib,77,1,76,1.2987,98.7013
.ckpt,76,0,76,0.0,100.0
.full,76,75,1,98.6842,1.3158
.el,75,6,69,8.0,92.0
.pc,75,0,75,0.0,100.0
.ass,75,68,7,90.6667,9.3333
.stack,75,0,75,0.0,100.0
.at2,75,0,75,0.0,100.0
.newick,74,1,73,1.3514,98.6486
.rc,74,0,74,0.0,100.0
.gltf,74,0,74,0.0,100.0
.asv,73,1,72,1.3699,98.6301
.y,73,4,69,5.4795,94.5205
.ann,73,0,73,0.0,100.0
.pcs,73,0,73,0.0,100.0
.job,73,0,73,0.0,100.0
.thingml,73,13,60,17.8082,82.1918
.wandb,73,0,73,0.0,100.0
.vm,72,3,69,4.1667,95.8333
.sam,72,0,72,0.0,100.0
.csh,72,0,72,0.0,100.0
.mech,72,6,66,8.3333,91.6667
.a2,72,0,72,0.0,100.0
.tp,72,69,3,95.8333,4.1667
.region,72,0,72,0.0,100.0
.xcworkspacedata,71,0,71,0.0,100.0
.sig,71,2,69,2.8169,97.1831
.anim,71,0,71,0.0,100.0
.inv,70,59,11,84.2857,15.7143
.glsl,70,1,69,1.4286,98.5714
.pin,70,0,70,0.0,100.0
.psq,70,0,70,0.0,100.0
.nsi,70,1,69,1.4286,98.5714
.cab,70,0,70,0.0,100.0
.com,70,0,70,0.0,100.0
.idl,70,0,70,0.0,100.0
.psf,70,0,70,0.0,100.0
.phr,69,0,69,0.0,100.0
.l,69,2,67,2.8986,97.1014
.readme,69,0,69,0.0,100.0
.xscade,69,0,69,0.0,100.0
.edl,69,0,69,0.0,100.0
.dblite,69,0,69,0.0,100.0
.kremlin,69,0,69,0.0,100.0
.clm,69,0,69,0.0,100.0
.fn,69,69,0,100.0,0.0
.pbin,69,0,69,0.0,100.0
.pri,68,1,67,1.4706,98.5294
.rt,68,1,67,1.4706,98.5294
.help,67,43,24,64.1791,35.8209
.3dti-hrtf,67,0,67,0.0,100.0
.fst,67,0,67,0.0,100.0
.aps2,67,0,67,0.0,100.0
.nlf,67,0,67,0.0,100.0
.aidl,66,0,66,0.0,100.0
.neu,66,2,64,3.0303,96.9697
.feather,66,0,66,0.0,100.0
.ors,66,0,66,0.0,100.0
.pde,65,20,45,30.7692,69.2308
.fs,65,0,65,0.0,100.0
.slurm,65,1,64,1.5385,98.4615
.zc,65,0,65,0.0,100.0
.doctest,65,0,65,0.0,100.0
.csq,65,0,65,0.0,100.0
.sub,64,4,60,6.25,93.75
.n3,64,1,63,1.5625,98.4375
.prop,64,0,64,0.0,100.0
.bpl,64,0,64,0.0,100.0
.val,64,0,64,0.0,100.0
.ghuser,64,0,64,0.0,100.0
.7,63,35,28,55.5556,44.4444
.mix,63,0,63,0.0,100.0
.nl,63,0,63,0.0,100.0
.baml,63,0,63,0.0,100.0
.rbi,63,0,63,0.0,100.0
.txx,63,0,63,0.0,100.0
.sbatch,62,0,62,0.0,100.0
.history,62,0,62,0.0,100.0
.prmtop,62,2,60,3.2258,96.7742
.lang,62,0,62,0.0,100.0
.dylib,61,0,61,0.0,100.0
.zmat,61,0,61,0.0,100.0
.cwl,61,3,58,4.918,95.082
.ceq,61,0,61,0.0,100.0
.keyw,61,0,61,0.0,100.0
.filez,61,0,61,0.0,100.0
.x,60,2,58,3.3333,96.6667
.inf,60,0,60,0.0,100.0
.onnx,60,1,59,1.6667,98.3333
.xpm,60,2,58,3.3333,96.6667
.plan,60,0,60,0.0,100.0
.wad,60,0,60,0.0,100.0
.save,59,0,59,0.0,100.0
.odt,59,28,31,47.4576,52.5424
.ds_store,59,1,58,1.6949,98.3051
.gemspec,59,2,57,3.3898,96.6102
.dyjson,59,0,59,0.0,100.0
.sse,59,0,59,0.0,100.0
.run,58,28,30,48.2759,51.7241
.typed,58,0,58,0.0,100.0
.storyboard,58,0,58,0.0,100.0
.controller,58,0,58,0.0,100.0
.dh,58,0,58,0.0,100.0
.hh~,58,0,58,0.0,100.0
.guess,57,0,57,0.0,100.0
.hs-boot,57,2,55,3.5088,96.4912
.cpg,57,0,57,0.0,100.0
.suo,57,0,57,0.0,100.0
.mlapp,57,0,57,0.0,100.0
.rout,57,20,37,35.0877,64.9123
.7z,57,1,56,1.7544,98.2456
.sobj,57,0,57,0.0,100.0
.any,57,23,34,40.3509,59.6491
.mfem_root,57,0,57,0.0,100.0
.tntp,57,0,57,0.0,100.0
.avi,56,3,53,5.3571,94.6429
.tmp,56,5,51,8.9286,91.0714
.gexf,56,0,56,0.0,100.0
.xy,56,0,56,0.0,100.0
.pug,56,0,56,0.0,100.0
.kij,56,0,56,0.0,100.0
.classdiagram,56,1,55,1.7857,98.2143
.reference_output,56,0,56,0.0,100.0
.nuspec,55,0,55,0.0,100.0
.aar,55,0,55,0.0,100.0
.toc,55,5,50,9.0909,90.9091
.p12,55,0,55,0.0,100.0
.tpr,55,0,55,0.0,100.0
.mol2,55,0,55,0.0,100.0
.syn,55,0,55,0.0,100.0
.bbappend,55,0,55,0.0,100.0
.j3m,55,0,55,0.0,100.0
.3dm,55,0,55,0.0,100.0
.py~,54,4,50,7.4074,92.5926
.reaction,54,1,53,1.8519,98.1481
.bbl,53,19,34,35.8491,64.1509
.genmodel,53,0,53,0.0,100.0
.webp,53,6,47,11.3208,88.6792
.graph,53,0,53,0.0,100.0
.internal,53,0,53,0.0,100.0
.lyx,53,28,25,52.8302,47.1698
.swatch,53,0,53,0.0,100.0
.lagda,53,0,53,0.0,100.0
.env,52,0,52,0.0,100.0
.ins,52,1,51,1.9231,98.0769
.gnuplot,52,30,22,57.6923,42.3077
.script,52,0,52,0.0,100.0
.mexmac,52,0,52,0.0,100.0
.adc,52,0,52,0.0,100.0
.features,52,0,52,0.0,100.0
.adf,51,0,51,0.0,100.0
.prm,51,0,51,0.0,100.0
.exp,51,6,45,11.7647,88.2353
.mll,51,10,41,19.6078,80.3922
.backup,51,26,25,50.9804,49.0196
.ofn,51,0,51,0.0,100.0
.adl,51,0,51,0.0,100.0
.piqi,50,0,50,0.0,100.0
.adm,50,0,50,0.0,100.0
.broadpeak,50,0,50,0.0,100.0
.dcf,49,1,48,2.0408,97.9592
.asmdef,49,0,49,0.0,100.0
.whl,49,0,49,0.0,100.0
.vb,49,0,49,0.0,100.0
.bim,48,0,48,0.0,100.0
.g4,48,4,44,8.3333,91.6667
.ecl,48,0,48,0.0,100.0
.od,48,14,34,29.1667,70.8333
.lox,48,0,48,0.0,100.0
.final,48,48,0,100.0,0.0
.gbk,47,0,47,0.0,100.0
.dockerfile,47,0,47,0.0,100.0
.default,47,0,47,0.0,100.0
.aspx,47,0,47,0.0,100.0
.t7,47,0,47,0.0,100.0
.nt,47,0,47,0.0,100.0
.gp,47,9,38,19.1489,80.8511
.wdl,47,0,47,0.0,100.0
.lean,47,0,47,0.0,100.0
.fl,47,0,47,0.0,100.0
.msc,47,44,3,93.617,6.383
.nw,46,1,45,2.1739,97.8261
.col,46,0,46,0.0,100.0
.rviz,46,0,46,0.0,100.0
.gephi,46,0,46,0.0,100.0
.circom,45,0,45,0.0,100.0
.th,45,0,45,0.0,100.0
.exc,45,4,41,8.8889,91.1111
.skip,45,0,45,0.0,100.0
.qpj,45,0,45,0.0,100.0
.license,45,16,29,35.5556,64.4444
.scad,45,1,44,2.2222,97.7778
.tmtheme,45,0,45,0.0,100.0
.blastn,45,0,45,0.0,100.0
.pomdp,45,0,45,0.0,100.0
.paw,44,0,44,0.0,100.0
.postinst,44,0,44,0.0,100.0
.px2,44,0,44,0.0,100.0
.gotmpl,44,1,43,2.2727,97.7273
.3pcap,44,0,44,0.0,100.0
.hhe,44,0,44,0.0,100.0
.hhn,44,0,44,0.0,100.0
.hhz,44,0,44,0.0,100.0
.stub,44,0,44,0.0,100.0
.yul,44,0,44,0.0,100.0
.fulloutput,44,0,44,0.0,100.0
.pik,44,0,44,0.0,100.0
.ninja,44,0,44,0.0,100.0
.dlog,44,0,44,0.0,100.0
.original,43,1,42,2.3256,97.6744
.4,43,10,33,23.2558,76.7442
.graffle,43,18,25,41.8605,58.1395
.pairs,43,0,43,0.0,100.0
.order,43,0,43,0.0,100.0
.perl,43,5,38,11.6279,88.3721
.compile,43,0,43,0.0,100.0
.txt~,42,0,42,0.0,100.0
.modulemap,42,0,42,0.0,100.0
.ply,42,0,42,0.0,100.0
.cd,42,0,42,0.0,100.0
.nn,42,0,42,0.0,100.0
.jld,42,0,42,0.0,100.0
.tec,42,0,42,0.0,100.0
.lastbuildstate,42,0,42,0.0,100.0
.batch,42,0,42,0.0,100.0
.varparams,42,0,42,0.0,100.0
.psql,42,0,42,0.0,100.0
.sunwcch,42,0,42,0.0,100.0
.tbi,41,0,41,0.0,100.0
.smk,41,0,41,0.0,100.0
.dotsettings,41,0,41,0.0,100.0
.opi,41,0,41,0.0,100.0
.options,41,1,40,2.439,97.561
.ncd,41,0,41,0.0,100.0
.sage,41,0,41,0.0,100.0
.torrent,41,0,41,0.0,100.0
.bnf,41,0,41,0.0,100.0
.productline,41,0,41,0.0,100.0
.weave,41,0,41,0.0,100.0
.mustache,40,0,40,0.0,100.0
.kml,40,2,38,5.0,95.0
.jinja2,40,0,40,0.0,100.0
.ru,40,0,40,0.0,100.0
.arch,40,0,40,0.0,100.0
.mov,40,0,40,0.0,100.0
.bazel,40,0,40,0.0,100.0
.spl,40,0,40,0.0,100.0
.stamp,40,0,40,0.0,100.0
.lbr,40,0,40,0.0,100.0
.jadd,40,0,40,0.0,100.0
.xsp,40,0,40,0.0,100.0
.iwa,40,20,20,50.0,50.0
.gbn,40,0,40,0.0,100.0
.names,39,0,39,0.0,100.0
.qrc,39,0,39,0.0,100.0
.gff3,39,0,39,0.0,100.0
.sml,39,1,38,2.5641,97.4359
.6,39,9,30,23.0769,76.9231
.g3dj,39,0,39,0.0,100.0
.http,39,0,39,0.0,100.0
.finc,39,0,39,0.0,100.0
.qm,39,0,39,0.0,100.0
.vs,39,0,39,0.0,100.0
.astro,39,18,21,46.1538,53.8462
.function,39,0,39,0.0,100.0
.cmnd,39,0,39,0.0,100.0
.odg,38,17,21,44.7368,55.2632
.tagger,38,0,38,0.0,100.0
.datasource,38,0,38,0.0,100.0
.req,38,0,38,0.0,100.0
.nexus,38,0,38,0.0,100.0
.svc,38,0,38,0.0,100.0
._trace,38,0,38,0.0,100.0
.csl,38,11,27,28.9474,71.0526
.mdb,38,1,37,2.6316,97.3684
.biom,38,0,38,0.0,100.0
.agda-lib,38,1,37,2.6316,97.3684
.fls,38,1,37,2.6316,97.3684
.haml,38,1,37,2.6316,97.3684
.coor,38,0,38,0.0,100.0
.classdiagram_mavo,38,1,37,2.6316,97.3684
.grc,37,0,37,0.0,100.0
.fnt,37,0,37,0.0,100.0
.lesser,37,0,37,0.0,100.0
.der,37,4,33,10.8108,89.1892
.mps,37,0,37,0.0,100.0
.brd,37,0,37,0.0,100.0
.gmtx,37,0,37,0.0,100.0
.1-2,37,0,37,0.0,100.0
.1-3,37,0,37,0.0,100.0
.1-4,37,0,37,0.0,100.0
.1-5,37,0,37,0.0,100.0
.2-2,37,0,37,0.0,100.0
.2-3,37,0,37,0.0,100.0
.2-4,37,0,37,0.0,100.0
.2-5,37,0,37,0.0,100.0
.messages,37,37,0,100.0,0.0
.svn-work,37,18,19,48.6486,51.3514
.pch,36,0,36,0.0,100.0
.fam,36,0,36,0.0,100.0
.sif,36,0,36,0.0,100.0
.mlx,36,0,36,0.0,100.0
.mexmaca64,36,0,36,0.0,100.0
.dirs,36,0,36,0.0,100.0
.sbn,36,1,35,2.7778,97.2222
.sbx,36,1,35,2.7778,97.2222
.pb,36,0,36,0.0,100.0
.pub,36,1,35,2.7778,97.2222
.xsc,36,0,36,0.0,100.0
.metadata,36,0,36,0.0,100.0
.pos,36,4,32,11.1111,88.8889
.iso,36,0,36,0.0,100.0
.300,36,0,36,0.0,100.0
.mar,36,0,36,0.0,100.0
.msgpack,36,0,36,0.0,100.0
.aps1,36,0,36,0.0,100.0
.clstr,36,0,36,0.0,100.0
.graphqls,36,0,36,0.0,100.0
.thtml,36,0,36,0.0,100.0
.cost,36,0,36,0.0,100.0
.001,35,0,35,0.0,100.0
.summary,35,20,15,57.1429,42.8571
.dex,35,0,35,0.0,100.0
.pspnc,35,0,35,0.0,100.0
.caffemodel,35,0,35,0.0,100.0
.aj,35,0,35,0.0,100.0
.mcr,35,0,35,0.0,100.0
.ppm,35,0,35,0.0,100.0
.header,35,4,31,11.4286,88.5714
.dxf,35,11,24,31.4286,68.5714
.language,35,1,34,2.8571,97.1429
.svd,35,0,35,0.0,100.0
.brite,35,0,35,0.0,100.0
.option,35,0,35,0.0,100.0
.jy,35,0,35,0.0,100.0
.lss,35,19,16,54.2857,45.7143
.obs,35,0,35,0.0,100.0
.jrag,35,2,33,5.7143,94.2857
.tld,34,0,34,0.0,100.0
.annot,34,0,34,0.0,100.0
.sav,34,0,34,0.0,100.0
.blg,34,10,24,29.4118,70.5882
.nbin,34,4,30,11.7647,88.2353
.mak,34,0,34,0.0,100.0
.con,34,4,30,11.7647,88.2353
.urdf,34,0,34,0.0,100.0
.dummy,34,0,34,0.0,100.0
.saved,34,0,34,0.0,100.0
.pipeline-config,34,0,34,0.0,100.0
.proj,34,0,34,0.0,100.0
.ehe,34,0,34,0.0,100.0
.ehn,34,0,34,0.0,100.0
.ehz,34,0,34,0.0,100.0
.ascx,34,0,34,0.0,100.0
.j3o,34,0,34,0.0,100.0
.kpp,34,0,34,0.0,100.0
.scope,34,34,0,100.0,0.0
.cxls,33,0,33,0.0,100.0
.la,33,0,33,0.0,100.0
.cys,33,0,33,0.0,100.0
.dcm,33,0,33,0.0,100.0
.cginc,33,0,33,0.0,100.0
.400,33,10,23,30.303,69.697
.tsp,33,0,33,0.0,100.0
.sct,33,0,33,0.0,100.0
.cmi,33,17,16,51.5152,48.4848
.sts,33,0,33,0.0,100.0
.05-1,33,0,33,0.0,100.0
.05-2,33,0,33,0.0,100.0
.05-3,33,0,33,0.0,100.0
.05-4,33,0,33,0.0,100.0
.05-5,33,0,33,0.0,100.0
.1-1,33,0,33,0.0,100.0
.15-1,33,0,33,0.0,100.0
.15-2,33,0,33,0.0,100.0
.15-3,33,0,33,0.0,100.0
.15-4,33,0,33,0.0,100.0
.15-5,33,0,33,0.0,100.0
.2-1,33,0,33,0.0,100.0
.pspimage,33,0,33,0.0,100.0
.gpx,32,0,32,0.0,100.0
.002,32,0,32,0.0,100.0
.rcx,32,0,32,0.0,100.0
.blend,32,0,32,0.0,100.0
.disabled,32,3,29,9.375,90.625
.em,32,0,32,0.0,100.0
.gjf,32,2,30,6.25,93.75
.iss,32,0,32,0.0,100.0
.hbs,32,1,31,3.125,96.875
.grd,32,15,17,46.875,53.125
.swinb,32,0,32,0.0,100.0
.jape,32,0,32,0.0,100.0
.hoa,32,0,32,0.0,100.0
.grapp,32,0,32,0.0,100.0
.fdb,32,0,32,0.0,100.0
.fld,32,0,32,0.0,100.0
.flm,32,0,32,0.0,100.0
.html~,31,2,29,6.4516,93.5484
.trace,31,0,31,0.0,100.0
.mg,31,0,31,0.0,100.0
.fea,31,0,31,0.0,100.0
.de,31,0,31,0.0,100.0
.ex,31,1,30,3.2258,96.7742
.lat,31,0,31,0.0,100.0
.vim,30,2,28,6.6667,93.3333
.seq,30,4,26,13.3333,86.6667
.bn,30,0,30,0.0,100.0
.sldasm,30,0,30,0.0,100.0
.parset,30,0,30,0.0,100.0
.wlt,30,0,30,0.0,100.0
.mdp,30,3,27,10.0,90.0
.alloy,30,0,30,0.0,100.0
.excalidraw,30,1,29,3.3333,96.6667
.pxi,30,1,29,3.3333,96.6667
.row,30,0,30,0.0,100.0
.aiff,30,14,16,46.6667,53.3333
.pytorch,30,0,30,0.0,100.0
.qc,30,1,29,3.3333,96.6667
.rls,30,0,30,0.0,100.0
.landmarkascii,30,0,30,0.0,100.0
.tt,29,0,29,0.0,100.0
.posl,29,7,22,24.1379,75.8621
.name,29,0,29,0.0,100.0
.drl,29,4,25,13.7931,86.2069
.mgz,29,0,29,0.0,100.0
.mly,29,9,20,31.0345,68.9655
.spc,29,0,29,0.0,100.0
.lds,29,0,29,0.0,100.0
.only,29,0,29,0.0,100.0
.line,29,0,29,0.0,100.0
.fr,29,0,29,0.0,100.0
.bw,29,0,29,0.0,100.0
.pipeline,29,0,29,0.0,100.0
.crd,29,0,29,0.0,100.0
.balzac,29,0,29,0.0,100.0
.yld,29,0,29,0.0,100.0
.filtered,29,0,29,0.0,100.0
.hash,29,0,29,0.0,100.0
.pre,28,6,22,21.4286,78.5714
.sh~,28,0,28,0.0,100.0
.xcuserstate,28,0,28,0.0,100.0
.debug,28,0,28,0.0,100.0
.tru,28,0,28,0.0,100.0
.pfx,28,0,28,0.0,100.0
.event,28,0,28,0.0,100.0
.drawio,28,17,11,60.7143,39.2857
.check_cache,28,0,28,0.0,100.0
.zero,28,0,28,0.0,100.0
.kv,28,0,28,0.0,100.0
.ngdoc,28,25,3,89.2857,10.7143
.0&desc=1,28,28,0,100.0,0.0
.jpage,28,2,26,7.1429,92.8571
.unv,28,0,28,0.0,100.0
.styl,27,1,26,3.7037,96.2963
.cjs,27,0,27,0.0,100.0
.amf,27,0,27,0.0,100.0
.init,27,0,27,0.0,100.0
.xtext,27,2,25,7.4074,92.5926
.component,27,0,27,0.0,100.0
.eqn,27,0,27,0.0,100.0
.dbs,27,12,15,44.4444,55.5556
.llik,27,0,27,0.0,100.0
.vrb,27,4,23,14.8148,85.1852
.profile,27,6,21,22.2222,77.7778
.sqlite,27,0,27,0.0,100.0
.opts,27,0,27,0.0,100.0
.las,27,4,23,14.8148,85.1852
.conv,27,0,27,0.0,100.0
.np,27,0,27,0.0,100.0
.piq,27,0,27,0.0,100.0
.scl,27,0,27,0.0,100.0
.tri,27,0,27,0.0,100.0
.safsu,27,0,27,0.0,100.0
.sbml,27,0,27,0.0,100.0
.submit,27,0,27,0.0,100.0
.tfm,27,0,27,0.0,100.0
.overlay,27,0,27,0.0,100.0
.osim,26,4,22,15.3846,84.6154
.egg,26,0,26,0.0,100.0
.parquet,26,0,26,0.0,100.0
.mediawiki,26,24,2,92.3077,7.6923
.tx,26,0,26,0.0,100.0
.rsf,26,0,26,0.0,100.0
.sc,26,0,26,0.0,100.0
.it,26,0,26,0.0,100.0
.npo,26,0,26,0.0,100.0
.tf,26,1,25,3.8462,96.1538
.castep,26,0,26,0.0,100.0
.gaml,26,0,26,0.0,100.0
.bag,26,0,26,0.0,100.0
.bc18map,26,0,26,0.0,100.0
.ダウンロード,26,0,26,0.0,100.0
.arc,26,0,26,0.0,100.0
.counts,25,0,25,0.0,100.0
.003,25,0,25,0.0,100.0
.mfa,25,0,25,0.0,100.0
.gmt,25,0,25,0.0,100.0
.eviewpoint,25,0,25,0.0,100.0
.app,25,0,25,0.0,100.0
.pump,25,0,25,0.0,100.0
.pqr,25,2,23,8.0,92.0
.ds,25,0,25,0.0,100.0
.qsub,25,0,25,0.0,100.0
.ft,25,0,25,0.0,100.0
.ttm,25,0,25,0.0,100.0
.ct,25,0,25,0.0,100.0
.molecule,25,0,25,0.0,100.0
.obo,25,2,23,8.0,92.0
.henshin,25,0,25,0.0,100.0
.henshin_diagram,25,0,25,0.0,100.0
.tax,25,0,25,0.0,100.0
.modeldef,25,0,25,0.0,100.0
.sas,25,0,25,0.0,100.0
.pssm,25,0,25,0.0,100.0
.rpm,25,11,14,44.0,56.0
.ipac,25,0,25,0.0,100.0
.zy,25,0,25,0.0,100.0
.hx,24,1,23,4.1667,95.8333
.h~,24,0,24,0.0,100.0
.geom,24,0,24,0.0,100.0
.gfa,24,0,24,0.0,100.0
.wiki,24,11,13,45.8333,54.1667
.stdin,24,0,24,0.0,100.0
.gen,24,4,20,16.6667,83.3333
.ser,24,0,24,0.0,100.0
.trn,24,0,24,0.0,100.0
.pts,24,0,24,0.0,100.0
.bkp,24,0,24,0.0,100.0
.idx,24,5,19,20.8333,79.1667
.nrrd,24,1,23,4.1667,95.8333
.material,24,0,24,0.0,100.0
.prerm,24,0,24,0.0,100.0
.bunch,24,0,24,0.0,100.0
.copairs,24,0,24,0.0,100.0
.misppairs,24,0,24,0.0,100.0
.200,24,0,24,0.0,100.0
.tabular,24,0,24,0.0,100.0
.apex,24,19,5,79.1667,20.8333
.slim,24,23,1,95.8333,4.1667
.r~,24,0,24,0.0,100.0
.sm,24,0,24,0.0,100.0
.smt,24,0,24,0.0,100.0
.rng,24,0,24,0.0,100.0
.freq,24,0,24,0.0,100.0
.failed_md5,24,0,24,0.0,100.0
.stat,23,0,23,0.0,100.0
.dmg,23,15,8,65.2174,34.7826
.gpg,23,0,23,0.0,100.0
.razor,23,0,23,0.0,100.0
.face,23,0,23,0.0,100.0
.pep,23,0,23,0.0,100.0
.rdoc,23,5,18,21.7391,78.2609
.adv,23,2,21,8.6957,91.3043
.dump,23,0,23,0.0,100.0
.wmz,23,0,23,0.0,100.0
.pom,23,0,23,0.0,100.0
.bgen,23,0,23,0.0,100.0
.wgsl,23,0,23,0.0,100.0
.marks,23,0,23,0.0,100.0
.packet,23,0,23,0.0,100.0
.bugfix,23,0,23,0.0,100.0
.pref,23,0,23,0.0,100.0
.tfrecords,23,0,23,0.0,100.0
.ix,22,0,22,0.0,100.0
.nhr,22,0,22,0.0,100.0
.nin,22,0,22,0.0,100.0
.nsq,22,0,22,0.0,100.0
.fhi,22,0,22,0.0,100.0
.args,22,0,22,0.0,100.0
.usage,22,22,0,100.0,0.0
.sys,22,0,22,0.0,100.0
.vspscc,22,0,22,0.0,100.0
.release,22,0,22,0.0,100.0
.thor,22,2,20,9.0909,90.9091
.static,22,0,22,0.0,100.0
.dev,22,0,22,0.0,100.0
.xpt,22,0,22,0.0,100.0
.desc,22,0,22,0.0,100.0
.md5sum,22,0,22,0.0,100.0
.mol,22,0,22,0.0,100.0
.story,22,0,22,0.0,100.0
.ks,22,0,22,0.0,100.0
.fo,22,0,22,0.0,100.0
.annotation,22,0,22,0.0,100.0
.vql,22,0,22,0.0,100.0
.0-1,22,0,22,0.0,100.0
.sha1,22,0,22,0.0,100.0
.menkar,22,0,22,0.0,100.0
.octree,22,0,22,0.0,100.0
.webm,21,3,18,14.2857,85.7143
.fq,21,0,21,0.0,100.0
.nib,21,0,21,0.0,100.0
.eview,21,0,21,0.0,100.0
.mrt,21,0,21,0.0,100.0
.gin,21,0,21,0.0,100.0
.pbtxt,21,0,21,0.0,100.0
.design,21,0,21,0.0,100.0
.edr,21,0,21,0.0,100.0
.mexsg64,21,0,21,0.0,100.0
.cocommonpairs,21,0,21,0.0,100.0
.commonpairs,21,0,21,0.0,100.0
.mispcommonpairs,21,0,21,0.0,100.0
.grp,21,0,21,0.0,100.0
.preinst,21,0,21,0.0,100.0
.vsz,21,5,16,23.8095,76.1905
.jsonld,21,0,21,0.0,100.0
.ace,21,0,21,0.0,100.0
.tpp,21,0,21,0.0,100.0
.jrxml,21,0,21,0.0,100.0
.tmplt,21,0,21,0.0,100.0
.colc,21,0,21,0.0,100.0
.lin,21,0,21,0.0,100.0
.case6_4_demo,21,0,21,0.0,100.0
.taggers,21,0,21,0.0,100.0
.j3odata,21,0,21,0.0,100.0
.bob,21,0,21,0.0,100.0
.gcd,21,0,21,0.0,100.0
.pes,21,0,21,0.0,100.0
.abinit,20,0,20,0.0,100.0
.subset52_25,20,20,0,100.0,0.0
.subset52_45,20,20,0,100.0,0.0
.subset52_70,20,20,0,100.0,0.0
.subset93_25,20,20,0,100.0,0.0
.subset93_45,20,20,0,100.0,0.0
.gii,20,0,20,0.0,100.0
.gtf,20,0,20,0.0,100.0
.psp,20,0,20,0.0,100.0
.pac,20,0,20,0.0,100.0
.pyf,20,0,20,0.0,100.0
.new,20,0,20,0.0,100.0
.cfs,20,4,16,20.0,80.0
.mit,20,0,20,0.0,100.0
.apr,20,10,10,50.0,50.0
.sha256,20,1,19,5.0,95.0
.cspc,20,0,20,0.0,100.0
.cpp~,20,0,20,0.0,100.0
.brf,20,0,20,0.0,100.0
.template~,20,0,20,0.0,100.0
.sfd,20,0,20,0.0,100.0
.shared,20,0,20,0.0,100.0
.tps,20,3,17,15.0,85.0
.vel,20,4,16,20.0,80.0
.rscript,20,0,20,0.0,100.0
.h5ad,20,1,19,5.0,95.0
.icc,20,0,20,0.0,100.0
.sizes,20,0,20,0.0,100.0
.ott,20,0,20,0.0,100.0
.dpr,20,0,20,0.0,100.0
.anod,20,0,20,0.0,100.0
.gotpl,20,0,20,0.0,100.0
.not_proved,20,0,20,0.0,100.0
.proved,20,0,20,0.0,100.0
.used,20,0,20,0.0,100.0
.ily,19,0,19,0.0,100.0
.trk,19,0,19,0.0,100.0
.fchk,19,0,19,0.0,100.0
.scssc,19,7,12,36.8421,63.1579
.lop,19,0,19,0.0,100.0
.pyt,19,18,1,94.7368,5.2632
.amb,19,0,19,0.0,100.0
.bwt,19,0,19,0.0,100.0
.sa,19,0,19,0.0,100.0
.version,19,0,19,0.0,100.0
.pdn,19,3,16,15.7895,84.2105
.treetop,19,6,13,31.5789,68.4211
.container,19,0,19,0.0,100.0
.baseline,19,2,17,10.5263,89.4737
.man,19,0,19,0.0,100.0
.sf,19,0,19,0.0,100.0
.cmakein,19,0,19,0.0,100.0
.classdiagramdiag,19,1,18,5.2632,94.7368
.hamlet,19,0,19,0.0,100.0
.xpl,19,0,19,0.0,100.0
.dsimjob,19,0,19,0.0,100.0
.mcmeta,19,0,19,0.0,100.0
.csm,19,0,19,0.0,100.0
.pulses,19,2,17,10.5263,89.4737
.upl,19,2,17,10.5263,89.4737
.lf,19,0,19,0.0,100.0
.gamma,19,0,19,0.0,100.0
.sb,19,19,0,100.0,0.0
.zsol,19,0,19,0.0,100.0
.kvg,19,0,19,0.0,100.0
.prt,19,0,19,0.0,100.0
.rfo,19,0,19,0.0,100.0
.results,18,0,18,0.0,100.0
.cgi,18,6,12,33.3333,66.6667
.include,18,0,18,0.0,100.0
.state,18,0,18,0.0,100.0
.mwe2,18,1,17,5.5556,94.4444
.layout,18,0,18,0.0,100.0
.xq,18,1,17,5.5556,94.4444
.spydata,18,0,18,0.0,100.0
.jou,18,0,18,0.0,100.0
.xccheckout,18,0,18,0.0,100.0
.ocio,18,1,17,5.5556,94.4444
.bgd,18,2,16,11.1111,88.8889
.lref,18,0,18,0.0,100.0
.rnc,18,0,18,0.0,100.0
.rockspec,18,0,18,0.0,100.0
.aird,18,0,18,0.0,100.0
.weights,18,0,18,0.0,100.0
.aa,18,0,18,0.0,100.0
.heh,18,0,18,0.0,100.0
.vtree,18,0,18,0.0,100.0
.dproj,18,0,18,0.0,100.0
.bbclass,18,0,18,0.0,100.0
.art,18,0,18,0.0,100.0
.prc,18,0,18,0.0,100.0
.be,18,0,18,0.0,100.0
.macho64,18,0,18,0.0,100.0
.mt,18,0,18,0.0,100.0
.c4d,18,0,18,0.0,100.0
.gri,18,15,3,83.3333,16.6667
.aag,18,0,18,0.0,100.0
._,18,0,18,0.0,100.0
.stat_totcorr,18,0,18,0.0,100.0
.stations,18,0,18,0.0,100.0
.nupkg,17,0,17,0.0,100.0
.xcbkptlist,17,0,17,0.0,100.0
.nit,17,0,17,0.0,100.0
.arpa,17,0,17,0.0,100.0
.fragment,17,0,17,0.0,100.0
.csv#,17,1,16,5.8824,94.1176
.04,17,1,16,5.8824,94.1176
.genome,17,0,17,0.0,100.0
.ttt,17,0,17,0.0,100.0
.dats,17,0,17,0.0,100.0
.train,17,0,17,0.0,100.0
.gss,17,16,1,94.1176,5.8824
.trimmed,17,0,17,0.0,100.0
.qmd,17,11,6,64.7059,35.2941
.iam,17,0,17,0.0,100.0
.si,17,0,17,0.0,100.0
.lefse_summary,17,0,17,0.0,100.0
.12,17,0,17,0.0,100.0
.supp,17,0,17,0.0,100.0
.fsa,17,5,12,29.4118,70.5882
.bcf,17,0,17,0.0,100.0
.cal,17,0,17,0.0,100.0
.un~,17,0,17,0.0,100.0
.incritic,17,0,17,0.0,100.0
.common,17,0,17,0.0,100.0
.ecorediag,17,0,17,0.0,100.0
.mp,17,0,17,0.0,100.0
.dix,17,0,17,0.0,100.0
.coeff,17,0,17,0.0,100.0
.opam,17,0,17,0.0,100.0
.skeleton,17,0,17,0.0,100.0
.zout,17,0,17,0.0,100.0
.g4table,17,1,16,5.8824,94.1176
.cvr,17,0,17,0.0,100.0
.sqn,17,0,17,0.0,100.0
.month,17,0,17,0.0,100.0
.nodes,17,0,17,0.0,100.0
.year,17,0,17,0.0,100.0
.lhe,17,0,17,0.0,100.0
.5120,17,0,17,0.0,100.0
.csp,17,0,17,0.0,100.0
.vsn,17,0,17,0.0,100.0
.dwg,16,0,16,0.0,100.0
.mex,16,0,16,0.0,100.0
.url,16,2,14,12.5,87.5
.004,16,0,16,0.0,100.0
.sc2map,16,0,16,0.0,100.0
.jnilib,16,0,16,0.0,100.0
.lintian-overrides,16,0,16,0.0,100.0
.glb,16,0,16,0.0,100.0
.image,16,0,16,0.0,100.0
.lnk,16,2,14,12.5,87.5
.glade,16,0,16,0.0,100.0
.vbs,16,12,4,75.0,25.0
.adj,16,1,15,6.25,93.75
.tcc,16,0,16,0.0,100.0
.psl,16,0,16,0.0,100.0
.md~,16,0,16,0.0,100.0
.fmt,16,3,13,18.75,81.25
.json5,16,1,15,6.25,93.75
.cdl,16,0,16,0.0,100.0
.9,16,8,8,50.0,50.0
.bzl,16,0,16,0.0,100.0
.06,16,0,16,0.0,100.0
.dat-s,16,0,16,0.0,100.0
.console_out,16,0,16,0.0,100.0
.metavalue,16,0,16,0.0,100.0
.5),16,16,0,100.0,0.0
.jspf,16,0,16,0.0,100.0
.vala,16,1,15,6.25,93.75
.jpk-force,16,1,15,6.25,93.75
.cnt,16,0,16,0.0,100.0
.gsn,16,0,16,0.0,100.0
.classdiagramdiag_mavo,16,0,16,0.0,100.0
.grid,16,0,16,0.0,100.0
.srim,16,0,16,0.0,100.0
.fbs,16,0,16,0.0,100.0
.rulesetprovider,16,0,16,0.0,100.0
.cie,16,0,16,0.0,100.0
.pdbqt,16,0,16,0.0,100.0
.testfile,16,0,16,0.0,100.0
.vp,16,0,16,0.0,100.0
.cfg~,16,0,16,0.0,100.0
.dat_results,16,0,16,0.0,100.0
.fpj,16,0,16,0.0,100.0
.ftx,16,0,16,0.0,100.0
.xwam,16,0,16,0.0,100.0
.hypo_inv,16,0,16,0.0,100.0
.entitlements,15,0,15,0.0,100.0
.sqlite3,15,0,15,0.0,100.0
.js~,15,0,15,0.0,100.0
.lgo,15,0,15,0.0,100.0
.dep,15,0,15,0.0,100.0
.teal,15,0,15,0.0,100.0
.hs-incl,15,0,15,0.0,100.0
.exsd,15,0,15,0.0,100.0
.tla,15,0,15,0.0,100.0
.arj,15,0,15,0.0,100.0
.xml~,15,0,15,0.0,100.0
.rendertexture,15,0,15,0.0,100.0
.dvi,15,5,10,33.3333,66.6667
.rsp,15,0,15,0.0,100.0
.bk,15,1,14,6.6667,93.3333
.types,15,0,15,0.0,100.0
.verb,15,1,14,6.6667,93.3333
.abc,15,1,14,6.6667,93.3333
.gbs,15,2,13,13.3333,86.6667
.gts,15,1,14,6.6667,93.3333
.webmanifest,15,2,13,13.3333,86.6667
.wl,15,0,15,0.0,100.0
.pxp,15,0,15,0.0,100.0
.cfe,15,0,15,0.0,100.0
.allx,15,0,15,0.0,100.0
.ally,15,0,15,0.0,100.0
.ty,15,0,15,0.0,100.0
.device,15,0,15,0.0,100.0
.ped,15,0,15,0.0,100.0
.amova,15,0,15,0.0,100.0
.pitch,15,0,15,0.0,100.0
.xcsettings,15,0,15,0.0,100.0
.apfmapping,15,0,15,0.0,100.0
.mexsg,15,0,15,0.0,100.0
.mexsol,15,0,15,0.0,100.0
.true,15,0,15,0.0,100.0
.cljs,15,0,15,0.0,100.0
.500,15,4,11,26.6667,73.3333
.human1,15,0,15,0.0,100.0
.sdd,15,0,15,0.0,100.0
.ec,15,0,15,0.0,100.0
.ncl,15,0,15,0.0,100.0
.prf,15,0,15,0.0,100.0
.mapping,15,0,15,0.0,100.0
.gir,15,0,15,0.0,100.0
.rblock,15,0,15,0.0,100.0
.dyp,15,1,14,6.6667,93.3333
.golden,15,0,15,0.0,100.0
.mzid,15,11,4,73.3333,26.6667
.aif,15,0,15,0.0,100.0
.shadergraph,15,0,15,0.0,100.0
.mx3,15,0,15,0.0,100.0
.jenkinsfile,15,0,15,0.0,100.0
.ldscore,15,0,15,0.0,100.0
.tads,15,0,15,0.0,100.0
.fxs,15,0,15,0.0,100.0
.cti,15,0,15,0.0,100.0
.rel,15,0,15,0.0,100.0
.emb,15,0,15,0.0,100.0
.ses,14,0,14,0.0,100.0
.upf,14,0,14,0.0,100.0
.pnml,14,0,14,0.0,100.0
.ff,14,0,14,0.0,100.0
.defs,14,0,14,0.0,100.0
.sorted-by-tts,14,0,14,0.0,100.0
.policy,14,0,14,0.0,100.0
.gmm,14,0,14,0.0,100.0
.b,14,0,14,0.0,100.0
.bit,14,0,14,0.0,100.0
.noun,14,0,14,0.0,100.0
.gbo,14,1,13,7.1429,92.8571
.gto,14,1,13,7.1429,92.8571
.ecsv,14,7,7,50.0,50.0
.idb,14,0,14,0.0,100.0
.ifc,14,0,14,0.0,100.0
.slnx,14,0,14,0.0,100.0
.hdfs,14,0,14,0.0,100.0
.lut,14,0,14,0.0,100.0
.trainer,14,0,14,0.0,100.0
.norm,14,0,14,0.0,100.0
.norm~,14,0,14,0.0,100.0
.tag,14,0,14,0.0,100.0
.click,14,0,14,0.0,100.0
.csi,14,0,14,0.0,100.0
.wrl,14,0,14,0.0,100.0
.templ,14,0,14,0.0,100.0
.statemachine,14,0,14,0.0,100.0
.bin+8,14,0,14,0.0,100.0
.bin+4,14,0,14,0.0,100.0
.il,14,0,14,0.0,100.0
.gcc,14,0,14,0.0,100.0
.tm,14,5,9,35.7143,64.2857
.stream,14,0,14,0.0,100.0
.cnd,14,0,14,0.0,100.0
.restart,14,0,14,0.0,100.0
.sld,14,0,14,0.0,100.0
.bbmodel,14,0,14,0.0,100.0
.pkg,14,0,14,0.0,100.0
.ffly,14,0,14,0.0,100.0
.ncml,14,0,14,0.0,100.0
.snake,14,3,11,21.4286,78.5714
.sd,14,7,7,50.0,50.0
.jstest,14,0,14,0.0,100.0
.gws,14,0,14,0.0,100.0
.sbgn,14,0,14,0.0,100.0
.bar,14,0,14,0.0,100.0
.m4v,13,1,12,7.6923,92.3077
.osm,13,0,13,0.0,100.0
.10,13,0,13,0.0,100.0
.css_t,13,11,2,84.6154,15.3846
.ahead,13,0,13,0.0,100.0
.doxyfile,13,8,5,61.5385,38.4615
.linux,13,0,13,0.0,100.0
.smiles,13,0,13,0.0,100.0
.dbn,13,0,13,0.0,100.0
.jxr,13,10,3,76.9231,23.0769
.stg,13,2,11,15.3846,84.6154
.jslib,13,0,13,0.0,100.0
.notation,13,1,12,7.6923,92.3077
.di,13,1,12,7.6923,92.3077
.cds,13,0,13,0.0,100.0
.status,13,0,13,0.0,100.0
.fish,13,0,13,0.0,100.0
.fct,13,0,13,0.0,100.0
.img,13,0,13,0.0,100.0
.eval,13,0,13,0.0,100.0
.ids,13,0,13,0.0,100.0
.sfp,13,0,13,0.0,100.0
.page,13,0,13,0.0,100.0
.vsd,13,4,9,30.7692,69.2308
.inpcrd,13,0,13,0.0,100.0
.vmd,13,0,13,0.0,100.0
.rml,13,0,13,0.0,100.0
.000,13,0,13,0.0,100.0
.64,13,0,13,0.0,100.0
.clu,13,0,13,0.0,100.0
.theme,13,0,13,0.0,100.0
.sha,13,0,13,0.0,100.0
.kmc,13,0,13,0.0,100.0
.interval_list,13,0,13,0.0,100.0
.assets,13,0,13,0.0,100.0
.count,13,0,13,0.0,100.0
.relationaldatabase_mavo,13,0,13,0.0,100.0
.hdtcfg,13,0,13,0.0,100.0
.bql,13,0,13,0.0,100.0
.otio,13,0,13,0.0,100.0
.mcl,13,0,13,0.0,100.0
.bc18t,13,0,13,0.0,100.0
.lef,13,1,12,7.6923,92.3077
.dtf,13,0,13,0.0,100.0
.picked,13,0,13,0.0,100.0
.prb,13,0,13,0.0,100.0
.testsuite,13,0,13,0.0,100.0
.hse,13,0,13,0.0,100.0
.nhx,13,0,13,0.0,100.0
.wkt,13,0,13,0.0,100.0
.hlsl,12,0,12,0.0,100.0
.p4,12,0,12,0.0,100.0
.f95,12,0,12,0.0,100.0
.mako,12,0,12,0.0,100.0
.jmx,12,2,10,16.6667,83.3333
.done,12,0,12,0.0,100.0
.fof,12,0,12,0.0,100.0
.agr,12,7,5,58.3333,41.6667
.manpages,12,0,12,0.0,100.0
.edges,12,0,12,0.0,100.0
.sge,12,0,12,0.0,100.0
.autosave,12,3,9,25.0,75.0
.gold,12,4,8,33.3333,66.6667
.stats,12,0,12,0.0,100.0
.enc,12,0,12,0.0,100.0
.hc,12,0,12,0.0,100.0
.xml_gen,12,1,11,8.3333,91.6667
.cxt,12,0,12,0.0,100.0
.matrix,12,0,12,0.0,100.0
.cbproj,12,0,12,0.0,100.0
.start,12,0,12,0.0,100.0
.source,12,0,12,0.0,100.0
.gbl,12,1,11,8.3333,91.6667
.gtp,12,0,12,0.0,100.0
.rst~,12,12,0,100.0,0.0
.ppt,12,5,7,41.6667,58.3333
.har,12,0,12,0.0,100.0
.interp,12,4,8,33.3333,66.6667
.gpkg,12,0,12,0.0,100.0
.std,12,1,11,8.3333,91.6667
.paths,12,0,12,0.0,100.0
.target,12,1,11,8.3333,91.6667
.fb,12,1,11,8.3333,91.6667
.slab,12,0,12,0.0,100.0
.eqc,12,0,12,0.0,100.0
.oct,12,1,11,8.3333,91.6667
.xcix,12,0,12,0.0,100.0
.parm7,12,0,12,0.0,100.0
.asy,12,11,1,91.6667,8.3333
.ipe,12,9,3,75.0,25.0
.rd~,12,0,12,0.0,100.0
.x2r,12,0,12,0.0,100.0
.tc,12,0,12,0.0,100.0
.boa,12,12,0,100.0,0.0
.clrat,12,0,12,0.0,100.0
.lrat,12,0,12,0.0,100.0
.normal,12,0,12,0.0,100.0
.strip,12,0,12,0.0,100.0
.smd,12,0,12,0.0,100.0
.svl,12,0,12,0.0,100.0
.ren,12,0,12,0.0,100.0
.jdl,12,0,12,0.0,100.0
.ktr,12,0,12,0.0,100.0
.fds,12,0,12,0.0,100.0
.dtrace,12,0,12,0.0,100.0
.slog,12,0,12,0.0,100.0
.couch,12,0,12,0.0,100.0
.m_5_50,12,0,12,0.0,100.0
.nxs,12,0,12,0.0,100.0
.vv,12,0,12,0.0,100.0
.pk8,12,0,12,0.0,100.0
.c~,11,0,11,0.0,100.0
.table,11,3,8,27.2727,72.7273
.appxmanifest,11,0,11,0.0,100.0
.tfw,11,0,11,0.0,100.0
.rlx,11,0,11,0.0,100.0
.jfd,11,0,11,0.0,100.0
.dockerignore,11,0,11,0.0,100.0
.docs,11,0,11,0.0,100.0
.debian,11,0,11,0.0,100.0
.005,11,0,11,0.0,100.0
.wasm,11,0,11,0.0,100.0
.inline,11,0,11,0.0,100.0
.depend,11,0,11,0.0,100.0
.vsdx,11,11,0,100.0,0.0
.ncdi,11,0,11,0.0,100.0
.mel,11,1,10,9.0909,90.9091
.egl,11,0,11,0.0,100.0
.eol,11,0,11,0.0,100.0
.demo,11,1,10,9.0909,90.9091
.dwlt,11,0,11,0.0,100.0
.dcif,11,11,0,100.0,0.0
.rfis,11,0,11,0.0,100.0
.phi0,11,0,11,0.0,100.0
.ilk,11,1,10,9.0909,90.9091
.gko,11,0,11,0.0,100.0
.gtl,11,1,10,9.0909,90.9091
.cpickle,11,0,11,0.0,100.0
.good,11,0,11,0.0,100.0
.application,11,0,11,0.0,100.0
.bhe,11,0,11,0.0,100.0
.bhn,11,0,11,0.0,100.0
.bhz,11,0,11,0.0,100.0
.cli,11,0,11,0.0,100.0
.snp,11,0,11,0.0,100.0
.dft,11,0,11,0.0,100.0
.jj,11,1,10,9.0909,90.9091
.ndx,11,0,11,0.0,100.0
.int,11,2,9,18.1818,81.8182
.fileout,11,11,0,100.0,0.0
.moon,11,0,11,0.0,100.0
.trr,11,0,11,0.0,100.0
.prep,11,0,11,0.0,100.0
.gon,11,0,11,0.0,100.0
.gonstats,11,0,11,0.0,100.0
.cp256,11,0,11,0.0,100.0
.cov,11,0,11,0.0,100.0
.events,11,0,11,0.0,100.0
.pml,11,0,11,0.0,100.0
.js_broken,11,0,11,0.0,100.0
.lhs,11,4,7,36.3636,63.6364
.intel,11,0,11,0.0,100.0
.plg,11,1,10,9.0909,90.9091
.epp,11,1,10,9.0909,90.9091
.schema,11,0,11,0.0,100.0
.residuals,11,11,0,100.0,0.0
.dsw,11,0,11,0.0,100.0
.odesign,11,0,11,0.0,100.0
.base,11,0,11,0.0,100.0
.layoutxml,11,11,0,100.0,0.0
.down,11,10,1,90.9091,9.0909
.kicad_pcb,11,4,7,36.3636,63.6364
.r2016b,11,0,11,0.0,100.0
.multiplerec,11,11,0,100.0,0.0
.schelp,11,0,11,0.0,100.0
.tjs,11,0,11,0.0,100.0
.timeseries,11,0,11,0.0,100.0
.flx,11,0,11,0.0,100.0
.arff 2,11,0,11,0.0,100.0
.arff 3,11,0,11,0.0,100.0
.dom,11,0,11,0.0,100.0
.pas,10,1,9,10.0,90.0
.scm,10,1,9,10.0,90.0
.mplstyle,10,3,7,30.0,70.0
.report,10,1,9,10.0,90.0
.trc,10,5,5,50.0,50.0
.vels,10,0,10,0.0,100.0
.pcm,10,3,7,30.0,70.0
.mdown,10,0,10,0.0,100.0
.20,10,0,10,0.0,100.0
.tags,10,0,10,0.0,100.0
.grace,10,0,10,0.0,100.0
.scr,10,3,7,30.0,70.0
.ddk,10,0,10,0.0,100.0
.006,10,0,10,0.0,100.0
.links,10,0,10,0.0,100.0
.24,10,0,10,0.0,100.0
.json~,10,0,10,0.0,100.0
.apkg,10,0,10,0.0,100.0
.dotx,10,0,10,0.0,100.0
.cert,10,0,10,0.0,100.0
.gbp,10,0,10,0.0,100.0
.rul,10,0,10,0.0,100.0
.wbf,10,0,10,0.0,100.0
.text,10,2,8,20.0,80.0
.vtk,10,0,10,0.0,100.0
.axes,10,0,10,0.0,100.0
.war,10,0,10,0.0,100.0
.sublime-project,10,0,10,0.0,100.0
.dpx,10,0,10,0.0,100.0
.gzi,10,0,10,0.0,100.0
.align,10,0,10,0.0,100.0
.omh,10,0,10,0.0,100.0
.hlean,10,0,10,0.0,100.0
.assign,10,0,10,0.0,100.0
.linestats,10,0,10,0.0,100.0
.fieldml,10,0,10,0.0,100.0
.ja,10,1,9,10.0,90.0
.kompren,10,0,10,0.0,100.0
.arb,10,0,10,0.0,100.0
.100,10,0,10,0.0,100.0
.256,10,0,10,0.0,100.0
.512,10,0,10,0.0,100.0
.599,10,0,10,0.0,100.0
.700,10,0,10,0.0,100.0
.800,10,0,10,0.0,100.0
.900,10,0,10,0.0,100.0
.body,10,4,6,40.0,60.0
.xqm,10,0,10,0.0,100.0
.nopct,10,0,10,0.0,100.0
.htc,10,1,9,10.0,90.0
.flux,10,0,10,0.0,100.0
.trad,10,0,10,0.0,100.0
.gms,10,0,10,0.0,100.0
.jnlp,10,0,10,0.0,100.0
.seqdiag,10,10,0,100.0,0.0
.nse,10,0,10,0.0,100.0
.ion,10,1,9,10.0,90.0
.ress,10,0,10,0.0,100.0
.gmfgen,10,0,10,0.0,100.0
.gmfgraph,10,0,10,0.0,100.0
.gmfmap,10,0,10,0.0,100.0
.gmftool,10,0,10,0.0,100.0
.blend1,10,0,10,0.0,100.0
.cof,10,0,10,0.0,100.0
.nyx,10,0,10,0.0,100.0
.area,10,0,10,0.0,100.0
.nblink,10,10,0,100.0,0.0
.mts,10,0,10,0.0,100.0
.y4m,10,0,10,0.0,100.0
.sym,10,0,10,0.0,100.0
.lpmln,10,0,10,0.0,100.0
.arf,10,0,10,0.0,100.0
.edt,10,0,10,0.0,100.0
.edx,10,0,10,0.0,100.0
.texinfo,10,10,0,100.0,0.0
.docker,10,0,10,0.0,100.0
.flcvr,10,0,10,0.0,100.0
.cascade,10,0,10,0.0,100.0
.tea,10,0,10,0.0,100.0
.mzxml,10,0,10,0.0,100.0
.cogsbox,10,0,10,0.0,100.0
.jsm,10,0,10,0.0,100.0
.correctedsolution,10,0,10,0.0,100.0
.diurnal,10,0,10,0.0,100.0
.cpt,10,0,10,0.0,100.0
.knime,10,0,10,0.0,100.0
.tsdb,10,0,10,0.0,100.0
.jpt,10,0,10,0.0,100.0
.gappedpeak,10,0,10,0.0,100.0
.2d,10,0,10,0.0,100.0
.dr,10,0,10,0.0,100.0
.snippet,10,0,10,0.0,100.0
.neic,10,0,10,0.0,100.0
.ly,9,0,9,0.0,100.0
.cor,9,0,9,0.0,100.0
.wsgi,9,0,9,0.0,100.0
.ap_,9,0,9,0.0,100.0
.tagged,9,0,9,0.0,100.0
.apt,9,9,0,100.0,0.0
.atlas,9,0,9,0.0,100.0
.nog,9,0,9,0.0,100.0
.ignore,9,0,9,0.0,100.0
.psml,9,0,9,0.0,100.0
.fc,9,0,9,0.0,100.0
.ambr,9,0,9,0.0,100.0
.escript,9,0,9,0.0,100.0
.cpproj,9,4,5,44.4444,55.5556
.vsixmanifest,9,0,9,0.0,100.0
.ris,9,0,9,0.0,100.0
.var,9,4,5,44.4444,55.5556
.jp2,9,0,9,0.0,100.0
.frm,9,0,9,0.0,100.0
.rpc,9,0,9,0.0,100.0
.cthm,9,0,9,0.0,100.0
.neon,9,0,9,0.0,100.0
.numbers,9,0,9,0.0,100.0
.rev,9,1,8,11.1111,88.8889
.framestext,9,1,8,11.1111,88.8889
.block,9,0,9,0.0,100.0
.eig,9,4,5,44.4444,55.5556
.des,9,5,4,55.5556,44.4444
.fragmentshader,9,0,9,0.0,100.0
.zsh,9,1,8,11.1111,88.8889
.vdproj,9,0,9,0.0,100.0
.latex,9,5,4,55.5556,44.4444
.gyp,9,0,9,0.0,100.0
.mml,9,0,9,0.0,100.0
.axaml,9,0,9,0.0,100.0
.sublime-workspace,9,0,9,0.0,100.0
.loc,9,0,9,0.0,100.0
.jjt,9,1,8,11.1111,88.8889
.tcs,9,0,9,0.0,100.0
.matlab,9,1,8,11.1111,88.8889
.128,9,0,9,0.0,100.0
.30,9,0,9,0.0,100.0
.600,9,0,9,0.0,100.0
.fit,9,4,5,44.4444,55.5556
.rp,9,1,8,11.1111,88.8889
.lp,9,1,8,11.1111,88.8889
.includecache,9,0,9,0.0,100.0
.xlsx#,9,0,9,0.0,100.0
.shtml,9,0,9,0.0,100.0
.3dti-brir,9,0,9,0.0,100.0
.bp,9,0,9,0.0,100.0
.vfp,9,1,8,11.1111,88.8889
.nlogo,9,0,9,0.0,100.0
.session,9,0,9,0.0,100.0
.dsc,9,0,9,0.0,100.0
.jsonp,9,0,9,0.0,100.0
.docm,9,0,9,0.0,100.0
.c++,9,0,9,0.0,100.0
.pal,9,0,9,0.0,100.0
.z01,9,0,9,0.0,100.0
.up,9,8,1,88.8889,11.1111
.mph,9,0,9,0.0,100.0
.tiny,9,0,9,0.0,100.0
.pds,9,0,9,0.0,100.0
.patt,9,0,9,0.0,100.0
.rgs,9,0,9,0.0,100.0
.afa,9,0,9,0.0,100.0
.pf,9,0,9,0.0,100.0
.topostats,9,0,9,0.0,100.0
.hmm2,9,0,9,0.0,100.0
.fg,9,0,9,0.0,100.0
.hp,9,0,9,0.0,100.0
.lab,9,0,9,0.0,100.0
.implications,9,0,9,0.0,100.0
.tsl,9,0,9,0.0,100.0
.grdgmt,9,0,9,0.0,100.0
.latlon,9,0,9,0.0,100.0
.ind,8,2,6,25.0,75.0
.tran,8,0,8,0.0,100.0
.bgz,8,0,8,0.0,100.0
.ovr,8,0,8,0.0,100.0
.gdml,8,0,8,0.0,100.0
.csr,8,0,8,0.0,100.0
.g3db,8,0,8,0.0,100.0
.rsd,8,0,8,0.0,100.0
.128procs,8,0,8,0.0,100.0
.ddb,8,0,8,0.0,100.0
.clusters,8,0,8,0.0,100.0
.louvain,8,0,8,0.0,100.0
.resw,8,0,8,0.0,100.0
.dta,8,0,8,0.0,100.0
.posl~,8,8,0,100.0,0.0
.pres~,8,8,0,100.0,0.0
.asax,8,0,8,0.0,100.0
.esv,8,0,8,0.0,100.0
.guiskin,8,0,8,0.0,100.0
.lex,8,0,8,0.0,100.0
.pytor,8,0,8,0.0,100.0
.dataset,8,0,8,0.0,100.0
.spi1d,8,0,8,0.0,100.0
.cfin,8,0,8,0.0,100.0
.codon,8,0,8,0.0,100.0
.32,8,0,8,0.0,100.0
.gemfile,8,0,8,0.0,100.0
.clo,8,1,7,12.5,87.5
.jcm,8,0,8,0.0,100.0
.pcfg,8,0,8,0.0,100.0
.action,8,0,8,0.0,100.0
.mag,8,0,8,0.0,100.0
.configurations,8,0,8,0.0,100.0
.fio,8,0,8,0.0,100.0
.xlsm,8,0,8,0.0,100.0
.mhelp,8,0,8,0.0,100.0
.ql,8,0,8,0.0,100.0
.mllib,8,0,8,0.0,100.0
.time,8,0,8,0.0,100.0
.vtt,8,0,8,0.0,100.0
.mw,8,0,8,0.0,100.0
.windows,8,0,8,0.0,100.0
.highres,8,0,8,0.0,100.0
.bcs,8,0,8,0.0,100.0
.cbp,8,0,8,0.0,100.0
.os,8,0,8,0.0,100.0
.sketch,8,4,4,50.0,50.0
.comp,8,0,8,0.0,100.0
.constraint,8,0,8,0.0,100.0
.statemachinediag,8,0,8,0.0,100.0
.query,8,0,8,0.0,100.0
.pcd,8,0,8,0.0,100.0
.wcfg,8,0,8,0.0,100.0
.long,8,0,8,0.0,100.0
.mgh,8,0,8,0.0,100.0
.nav,8,1,7,12.5,87.5
.yaml~,8,0,8,0.0,100.0
.gds,8,0,8,0.0,100.0
.hpp~,8,0,8,0.0,100.0
.qix,8,0,8,0.0,100.0
.eab,8,0,8,0.0,100.0
.ocb,8,0,8,0.0,100.0
.nbt,8,0,8,0.0,100.0
.pe64,8,0,8,0.0,100.0
.df,8,0,8,0.0,100.0
.leo,8,0,8,0.0,100.0
.lyx~,8,4,4,50.0,50.0
.ipy,8,0,8,0.0,100.0
.xed,8,0,8,0.0,100.0
.instances,8,0,8,0.0,100.0
.dssp,8,0,8,0.0,100.0
.pomdpx,8,0,8,0.0,100.0
.nn-01000,8,0,8,0.0,100.0
.fastqsanger,8,0,8,0.0,100.0
.pro~,8,0,8,0.0,100.0
.i18n,8,0,8,0.0,100.0
.apron,8,0,8,0.0,100.0
.tadb,8,0,8,0.0,100.0
.mon,8,0,8,0.0,100.0
.gwd,8,0,8,0.0,100.0
.itx,8,0,8,0.0,100.0
.xop,8,0,8,0.0,100.0
.wise,8,0,8,0.0,100.0
.fak,8,0,8,0.0,100.0
.leopard,8,0,8,0.0,100.0
.chemos-xps-8300,8,0,8,0.0,100.0
.1000hz,8,0,8,0.0,100.0
.iaproj,8,0,8,0.0,100.0
.2levels,8,0,8,0.0,100.0
.coords,8,0,8,0.0,100.0
.coords_tmp,8,0,8,0.0,100.0
.unaligned,8,0,8,0.0,100.0
.shield,8,0,8,0.0,100.0
.wrap,8,0,8,0.0,100.0
.gmtxy,8,0,8,0.0,100.0
.p4~,7,0,7,0.0,100.0
.gpu,7,0,7,0.0,100.0
.atr,7,0,7,0.0,100.0
.comps,7,0,7,0.0,100.0
.swaps,7,0,7,0.0,100.0
.sexp,7,0,7,0.0,100.0
.vars,7,0,7,0.0,100.0
.maf,7,0,7,0.0,100.0
.psp_mod,7,0,7,0.0,100.0
.pspgth,7,0,7,0.0,100.0
.for,7,4,3,57.1429,42.8571
.pcapng,7,0,7,0.0,100.0
.puml,7,6,1,85.7143,14.2857
.afdesign,7,2,5,28.5714,71.4286
.trans,7,0,7,0.0,100.0
.examples,7,0,7,0.0,100.0
.symbols,7,0,7,0.0,100.0
.mdl,7,0,7,0.0,100.0
.gmms,7,0,7,0.0,100.0
.sphere,7,0,7,0.0,100.0
.odp,7,2,5,28.5714,71.4286
.tikz,7,1,6,14.2857,85.7143
.thmx,7,1,6,14.2857,85.7143
.xswt,7,0,7,0.0,100.0
.mwb,7,1,6,14.2857,85.7143
.stash,7,0,7,0.0,100.0
.tst,7,0,7,0.0,100.0
.pages,7,0,7,0.0,100.0
.sense,7,0,7,0.0,100.0
.rep,7,0,7,0.0,100.0
.t3001,7,0,7,0.0,100.0
.fdt,7,0,7,0.0,100.0
.fdx,7,0,7,0.0,100.0
.fnm,7,0,7,0.0,100.0
.rxntbl,7,0,7,0.0,100.0
.code,7,0,7,0.0,100.0
.loom,7,0,7,0.0,100.0
.ucls,7,0,7,0.0,100.0
.ansible,7,0,7,0.0,100.0
.command,7,0,7,0.0,100.0
.fzz,7,5,2,71.4286,28.5714
.line1,7,0,7,0.0,100.0
.aadl,7,6,1,85.7143,14.2857
.aaxl,7,7,0,100.0,0.0
.cram,7,0,7,0.0,100.0
.eng,7,0,7,0.0,100.0
.fin,7,0,7,0.0,100.0
.tur,7,0,7,0.0,100.0
.nos,7,4,3,57.1429,42.8571
.pdos_tot,7,6,1,85.7143,14.2857
.dng,7,0,7,0.0,100.0
.rst7,7,0,7,0.0,100.0
.preprocessed,7,7,0,100.0,0.0
.custom,7,0,7,0.0,100.0
.logic,7,1,6,14.2857,85.7143
.19,7,0,7,0.0,100.0
.25,7,0,7,0.0,100.0
.350,7,0,7,0.0,100.0
.420,7,0,7,0.0,100.0
.75,7,0,7,0.0,100.0
.crl,7,0,7,0.0,100.0
.sst,7,0,7,0.0,100.0
.pfg,7,0,7,0.0,100.0
.topojson,7,0,7,0.0,100.0
.avsc,7,0,7,0.0,100.0
.yy,7,1,6,14.2857,85.7143
.ent,7,1,6,14.2857,85.7143
.flex,7,5,2,71.4286,28.5714
.lts,7,0,7,0.0,100.0
.force,7,0,7,0.0,100.0
.qss,7,0,7,0.0,100.0
.vml,7,0,7,0.0,100.0
.short,7,0,7,0.0,100.0
.asis,7,0,7,0.0,100.0
.mobi,7,0,7,0.0,100.0
.card,7,0,7,0.0,100.0
.gnumeric,7,1,6,14.2857,85.7143
.diag,7,0,7,0.0,100.0
.scores,7,0,7,0.0,100.0
.uvt,7,0,7,0.0,100.0
.bck,7,0,7,0.0,100.0
.cvt,7,0,7,0.0,100.0
.mrg,7,0,7,0.0,100.0
.cquery,7,0,7,0.0,100.0
.taxonomy,7,0,7,0.0,100.0
.pxm,7,0,7,0.0,100.0
.bytes,7,0,7,0.0,100.0
.synth,7,0,7,0.0,100.0
.vdf,7,0,7,0.0,100.0
.pklz,7,0,7,0.0,100.0
.mlmodel,7,0,7,0.0,100.0
.eviewtype,7,0,7,0.0,100.0
.extension,7,0,7,0.0,100.0
.2010,7,0,7,0.0,100.0
.misc,7,0,7,0.0,100.0
.hql,7,0,7,0.0,100.0
.actives,7,0,7,0.0,100.0
.inactives,7,0,7,0.0,100.0
.rngstate,7,0,7,0.0,100.0
.ado,7,0,7,0.0,100.0
.l2,7,0,7,0.0,100.0
.sla,7,0,7,0.0,100.0
.mspdi,7,0,7,0.0,100.0
.icao,7,0,7,0.0,100.0
.ashx,7,0,7,0.0,100.0
.1024,7,0,7,0.0,100.0
.00km,7,0,7,0.0,100.0
.gui,7,0,7,0.0,100.0
.pdf_t,7,7,0,100.0,0.0
.sing,7,0,7,0.0,100.0
.nvisionam-v100,7,7,0,100.0,0.0
.namelist,7,0,7,0.0,100.0
.dbl,7,0,7,0.0,100.0
.lcm,7,0,7,0.0,100.0
.scenario,6,3,3,50.0,50.0
.pckl,6,0,6,0.0,100.0
.tfam,6,0,6,0.0,100.0
.tped,6,0,6,0.0,100.0
.atomicdata,6,0,6,0.0,100.0
.ofr,6,0,6,0.0,100.0
.3pm,6,0,6,0.0,100.0
.cpu,6,0,6,0.0,100.0
.max_comps,6,0,6,0.0,100.0
.nsd,6,0,6,0.0,100.0
.ebwt,6,0,6,0.0,100.0
.05,6,1,5,16.6667,83.3333
.elements,6,0,6,0.0,100.0
.32procs,6,0,6,0.0,100.0
.project,6,0,6,0.0,100.0
.circuit,6,0,6,0.0,100.0
.logger,6,0,6,0.0,100.0
.wxs,6,0,6,0.0,100.0
.axml,6,0,6,0.0,100.0
.ioc,6,0,6,0.0,100.0
.file,6,0,6,0.0,100.0
.xps,6,1,5,16.6667,83.3333
.system,6,0,6,0.0,100.0
.trg,6,0,6,0.0,100.0
.bundle,6,0,6,0.0,100.0
.gdf,6,0,6,0.0,100.0
.fla,6,0,6,0.0,100.0
.labels,6,0,6,0.0,100.0
.timer,6,3,3,50.0,50.0
.ldif,6,0,6,0.0,100.0
.spi3d,6,0,6,0.0,100.0
.cfout,6,0,6,0.0,100.0
.cout,6,0,6,0.0,100.0
.pjs,6,0,6,0.0,100.0
.ptf,6,0,6,0.0,100.0
.pto,6,0,6,0.0,100.0
.testsettings,6,0,6,0.0,100.0
.roi,6,0,6,0.0,100.0
.mysql,6,1,5,16.6667,83.3333
.lighting,6,0,6,0.0,100.0
.edgelist,6,0,6,0.0,100.0
.ubuntu,6,0,6,0.0,100.0
.svg#fontawesome,6,0,6,0.0,100.0
.logfile,6,0,6,0.0,100.0
.back,6,1,5,16.6667,83.3333
.lammps,6,0,6,0.0,100.0
.win32,6,0,6,0.0,100.0
.cdb,6,0,6,0.0,100.0
.tdb,6,0,6,0.0,100.0
.ehoa,6,0,6,0.0,100.0
.me,6,1,5,16.6667,83.3333
.line2,6,0,6,0.0,100.0
.poscar,6,0,6,0.0,100.0
.beagle,6,0,6,0.0,100.0
.fdr3,6,0,6,0.0,100.0
.clib,6,0,6,0.0,100.0
.mldylib,6,0,6,0.0,100.0
.dmnd,6,0,6,0.0,100.0
.podspec,6,0,6,0.0,100.0
.hcl,6,0,6,0.0,100.0
.tconf,6,0,6,0.0,100.0
.hdf,6,0,6,0.0,100.0
.mlpack,6,0,6,0.0,100.0
.00,6,0,6,0.0,100.0
.13,6,0,6,0.0,100.0
.41,6,0,6,0.0,100.0
.47,6,0,6,0.0,100.0
.550,6,0,6,0.0,100.0
.768,6,0,6,0.0,100.0
.swo,6,0,6,0.0,100.0
.mango,6,0,6,0.0,100.0
.spm,6,0,6,0.0,100.0
.dig,6,3,3,50.0,50.0
.lac,6,0,6,0.0,100.0
.tm2,6,0,6,0.0,100.0
.doxy,6,3,3,50.0,50.0
.3dti-ild,6,0,6,0.0,100.0
.vlw,6,3,3,50.0,50.0
.cg,6,0,6,0.0,100.0
.tex~,6,0,6,0.0,100.0
.server231,6,0,6,0.0,100.0
.jpk-force-map,6,0,6,0.0,100.0
.iobj,6,0,6,0.0,100.0
.ipdb,6,0,6,0.0,100.0
.thermo,6,6,0,100.0,0.0
.luti,6,0,6,0.0,100.0
.orf,6,0,6,0.0,100.0
.prox,6,0,6,0.0,100.0
.except,6,0,6,0.0,100.0
.pfm,6,0,6,0.0,100.0
.avg_profile,6,0,6,0.0,100.0
.rdr,6,0,6,0.0,100.0
.deeplearnermobile,6,6,0,100.0,0.0
.per,6,0,6,0.0,100.0
.cuda,6,0,6,0.0,100.0
.scaffolds,6,0,6,0.0,100.0
.v2,6,0,6,0.0,100.0
.cc~,6,0,6,0.0,100.0
.pick,6,0,6,0.0,100.0
.readdb,6,0,6,0.0,100.0
.manual,6,0,6,0.0,100.0
.plain,6,0,6,0.0,100.0
.kicad_pcb-bak,6,2,4,33.3333,66.6667
.nrm,6,0,6,0.0,100.0
.tii,6,0,6,0.0,100.0
.tis,6,0,6,0.0,100.0
.outputreport,6,0,6,0.0,100.0
.rmd~,6,0,6,0.0,100.0
.empty,6,0,6,0.0,100.0
.3mf,6,0,6,0.0,100.0
.wos,6,0,6,0.0,100.0
.degree_dist,6,0,6,0.0,100.0
.mzml,6,0,6,0.0,100.0
.mnb,6,0,6,0.0,100.0
.txt-utf8,6,0,6,0.0,100.0
.atrpms,6,0,6,0.0,100.0
.emftvm,6,0,6,0.0,100.0
.gid,6,0,6,0.0,100.0
.runsettings,6,0,6,0.0,100.0
.chain,6,0,6,0.0,100.0
.mj2,6,0,6,0.0,100.0
.ms2,6,0,6,0.0,100.0
.cocci,6,0,6,0.0,100.0
.nn-04885,6,0,6,0.0,100.0
.nn-03205,6,0,6,0.0,100.0
.unitypackage,6,0,6,0.0,100.0
.cpc,6,0,6,0.0,100.0
.fasta-gb,6,0,6,0.0,100.0
.sg,6,3,3,50.0,50.0
.u,6,0,6,0.0,100.0
.1r69,6,0,6,0.0,100.0
.accno,6,0,6,0.0,100.0
.gdalinfo,6,0,6,0.0,100.0
.oncvpsp,6,0,6,0.0,100.0
.txml,6,0,6,0.0,100.0
.zipx,6,0,6,0.0,100.0
.xctestplan,6,0,6,0.0,100.0
.rst_t,6,6,0,100.0,0.0
.ihf,6,0,6,0.0,100.0
.copycomplete,6,0,6,0.0,100.0
.jsdiff,6,0,6,0.0,100.0
.ssdf,6,0,6,0.0,100.0
.1d,6,0,6,0.0,100.0
.6400,6,0,6,0.0,100.0
.hip,6,0,6,0.0,100.0
.ociom,6,0,6,0.0,100.0
.length_filtered_tp,6,0,6,0.0,100.0
.dts,6,0,6,0.0,100.0
.vapi,6,0,6,0.0,100.0
.georss,6,0,6,0.0,100.0
.seerplugin,6,0,6,0.0,100.0
.jspx,5,0,5,0.0,100.0
.tagx,5,0,5,0.0,100.0
.tml,5,0,5,0.0,100.0
.vot,5,4,1,80.0,20.0
.keystore,5,0,5,0.0,100.0
.mlappinstall,5,0,5,0.0,100.0
.trp,5,0,5,0.0,100.0
.xs,5,0,5,0.0,100.0
.contigs,5,0,5,0.0,100.0
.pileup,5,0,5,0.0,100.0
.twol,5,0,5,0.0,100.0
.m5,5,0,5,0.0,100.0
.set,5,0,5,0.0,100.0
.txn,5,0,5,0.0,100.0
.node,5,0,5,0.0,100.0
.lda,5,0,5,0.0,100.0
.dgf,5,0,5,0.0,100.0
.userprefs,5,0,5,0.0,100.0
.cur,5,2,3,40.0,60.0
.ruleset,5,0,5,0.0,100.0
.twb,5,0,5,0.0,100.0
.tmlanguage,5,0,5,0.0,100.0
.edf,5,0,5,0.0,100.0
.ffn,5,0,5,0.0,100.0
.cpio,5,2,3,40.0,60.0
.lz,5,0,5,0.0,100.0
.lzma,5,0,5,0.0,100.0
.pri~,5,1,4,20.0,80.0
.socket,5,2,3,40.0,60.0
.mdc,5,0,5,0.0,100.0
.bas,5,1,4,20.0,80.0
.vocab,5,1,4,20.0,80.0
.cloc,5,0,5,0.0,100.0
.result,5,0,5,0.0,100.0
.mpl,5,0,5,0.0,100.0
.msd,5,0,5,0.0,100.0
.svcinfo,5,0,5,0.0,100.0
.css~,5,0,5,0.0,100.0
.partaa,5,0,5,0.0,100.0
.partab,5,0,5,0.0,100.0
.partac,5,0,5,0.0,100.0
.partad,5,0,5,0.0,100.0
.partae,5,0,5,0.0,100.0
.partaf,5,0,5,0.0,100.0
.partag,5,0,5,0.0,100.0
.partah,5,0,5,0.0,100.0
.partai,5,0,5,0.0,100.0
.vc,5,0,5,0.0,100.0
.etp,5,0,5,0.0,100.0
.ewo,5,0,5,0.0,100.0
.vsw,5,0,5,0.0,100.0
.groupproj,5,0,5,0.0,100.0
.dpl,5,0,5,0.0,100.0
.xbm,5,0,5,0.0,100.0
.qvto,5,5,0,100.0,0.0
.apr_lib,5,0,5,0.0,100.0
.drr,5,0,5,0.0,100.0
.extrep,5,0,5,0.0,100.0
.ldp,5,0,5,0.0,100.0
.pcbdoc,5,0,5,0.0,100.0
.prjpcb,5,0,5,0.0,100.0
.prjpcbstructure,5,0,5,0.0,100.0
.schdoc,5,0,5,0.0,100.0
.xcprivacy,5,0,5,0.0,100.0
.jison,5,0,5,0.0,100.0
.chm,5,0,5,0.0,100.0
.sce,5,1,4,20.0,80.0
.ddl,5,0,5,0.0,100.0
.fromr_2020-02-29,5,0,5,0.0,100.0
.biopepa,5,0,5,0.0,100.0
.java~,5,0,5,0.0,100.0
.machines,5,0,5,0.0,100.0
.tree7,5,0,5,0.0,100.0
.ops,5,0,5,0.0,100.0
.tersoff,5,0,5,0.0,100.0
.999,5,0,5,0.0,100.0
.ext,5,0,5,0.0,100.0
.specir,5,0,5,0.0,100.0
.pk,5,0,5,0.0,100.0
.hdb,5,0,5,0.0,100.0
.r2b,5,0,5,0.0,100.0
.rtp,5,0,5,0.0,100.0
.dx,5,0,5,0.0,100.0
.core,5,0,5,0.0,100.0
.ger,5,0,5,0.0,100.0
.etrees,5,0,5,0.0,100.0
.mgc,5,0,5,0.0,100.0
.path,5,2,3,40.0,60.0
.spv,5,0,5,0.0,100.0
.epf,5,0,5,0.0,100.0
.dos,5,2,3,40.0,60.0
.dasc,5,0,5,0.0,100.0
.cdf,5,0,5,0.0,100.0
.cmp,5,0,5,0.0,100.0
.bsd,5,0,5,0.0,100.0
.sex,5,0,5,0.0,100.0
.007,5,0,5,0.0,100.0
.11,5,0,5,0.0,100.0
.14,5,0,5,0.0,100.0
.35,5,0,5,0.0,100.0
.384,5,0,5,0.0,100.0
.399,5,0,5,0.0,100.0
.50,5,0,5,0.0,100.0
.webgmex,5,0,5,0.0,100.0
.stk,5,0,5,0.0,100.0
.xar,5,0,5,0.0,100.0
.sec,5,0,5,0.0,100.0
.xvg,5,0,5,0.0,100.0
.tres,5,1,4,20.0,80.0
.x86_64,5,0,5,0.0,100.0
.fodt,5,5,0,100.0,0.0
.texc,5,0,5,0.0,100.0
.matnew,5,0,5,0.0,100.0
.jacoco,5,5,0,100.0,0.0
.tm4,5,0,5,0.0,100.0
.lic,5,0,5,0.0,100.0
.master,5,0,5,0.0,100.0
.vis,5,0,5,0.0,100.0
.njk,5,4,1,80.0,20.0
.hjson,5,1,4,20.0,80.0
.sass,5,1,4,20.0,80.0
.kmc_amrex,5,0,5,0.0,100.0
.pz,5,0,5,0.0,100.0
.catcol,5,0,5,0.0,100.0
.fpga,5,0,5,0.0,100.0
.id2word,5,0,5,0.0,100.0
.cki,5,5,0,100.0,0.0
.ckt,5,5,0,100.0,0.0
.volatilememoryallocatorservice,5,0,5,0.0,100.0
.dj,5,0,5,0.0,100.0
.xstfile,5,0,5,0.0,100.0
.eap,5,0,5,0.0,100.0
.tvel,5,0,5,0.0,100.0
.iv,5,0,5,0.0,100.0
.mn,5,1,4,20.0,80.0
.zmap,5,0,5,0.0,100.0
.amd,5,0,5,0.0,100.0
.tbd,5,0,5,0.0,100.0
.0a0dd73c396f,5,0,5,0.0,100.0
.communities,5,0,5,0.0,100.0
.conllu,5,0,5,0.0,100.0
.chai,5,0,5,0.0,100.0
.sk,5,0,5,0.0,100.0
.lise,5,0,5,0.0,100.0
.vectors,5,0,5,0.0,100.0
.clabel,5,0,5,0.0,100.0
.se,5,0,5,0.0,100.0
.gem,5,0,5,0.0,100.0
.z02,5,0,5,0.0,100.0
.tbz2,5,0,5,0.0,100.0
.paletteconfiguration,5,0,5,0.0,100.0
.double_shear_layer,5,0,5,0.0,100.0
.lid_driven_cavity,5,0,5,0.0,100.0
.psc,5,5,0,100.0,0.0
.scala~,5,0,5,0.0,100.0
.cutsites,5,0,5,0.0,100.0
.srt,5,0,5,0.0,100.0
.owl_err,5,0,5,0.0,100.0
.m#,5,0,5,0.0,100.0
.mss,5,0,5,0.0,100.0
.modes,5,0,5,0.0,100.0
.hmap,5,0,5,0.0,100.0
.nwb,5,0,5,0.0,100.0
.fset,5,0,5,0.0,100.0
.fset3,5,0,5,0.0,100.0
.iset,5,0,5,0.0,100.0
.cy,5,2,3,40.0,60.0
.cln,5,0,5,0.0,100.0
.ada_specification,5,0,5,0.0,100.0
.onetoc2,5,0,5,0.0,100.0
.tm3,5,0,5,0.0,100.0
.uvproj,5,0,5,0.0,100.0
.flist,5,0,5,0.0,100.0
.xtextbin,5,0,5,0.0,100.0
.ows,5,3,2,60.0,40.0
.vloupe,5,0,5,0.0,100.0
.feb,5,0,5,0.0,100.0
.rdat,5,0,5,0.0,100.0
.pcl,5,0,5,0.0,100.0
.tem,5,0,5,0.0,100.0
.dirtree,5,0,5,0.0,100.0
.del,5,0,5,0.0,100.0
.sync,5,1,4,20.0,80.0
.l#1,5,0,5,0.0,100.0
.plantuml,5,5,0,100.0,0.0
.ncs,5,0,5,0.0,100.0
.conduit_bin,5,0,5,0.0,100.0
.conduit_bin_json,5,0,5,0.0,100.0
.stp,5,0,5,0.0,100.0
.readcount,5,0,5,0.0,100.0
.f90~,5,0,5,0.0,100.0
.changelog,5,0,5,0.0,100.0
.crf,5,0,5,0.0,100.0
.fa-gb,5,0,5,0.0,100.0
.pipe,5,0,5,0.0,100.0
.single,5,0,5,0.0,100.0
.pco,5,0,5,0.0,100.0
.sx,5,0,5,0.0,100.0
.etl,5,2,3,40.0,60.0
.csv~,5,0,5,0.0,100.0
.apecs,5,0,5,0.0,100.0
.cuf,5,0,5,0.0,100.0
.2560,5,0,5,0.0,100.0
.3d,5,0,5,0.0,100.0
.1280,5,0,5,0.0,100.0
.aprox13,5,0,5,0.0,100.0
.snakemake,5,0,5,0.0,100.0
.exactbase,5,0,5,0.0,100.0
.avgbase,5,0,5,0.0,100.0
.3levels,5,0,5,0.0,100.0
.deploy,5,0,5,0.0,100.0
.ald,5,0,5,0.0,100.0
.dat4,5,0,5,0.0,100.0
.times,5,0,5,0.0,100.0
.ocioz,5,0,5,0.0,100.0
.lai,4,0,4,0.0,100.0
.repository,4,4,0,100.0,0.0
.ijmap,4,0,4,0.0,100.0
.loop,4,0,4,0.0,100.0
.vnm,4,0,4,0.0,100.0
.srl,4,0,4,0.0,100.0
.plx,4,0,4,0.0,100.0
.readposition,4,0,4,0.0,100.0
.singlets,4,0,4,0.0,100.0
.21,4,0,4,0.0,100.0
.psd1,4,0,4,0.0,100.0
.code-workspace,4,0,4,0.0,100.0
.vertex,4,0,4,0.0,100.0
.xes,4,0,4,0.0,100.0
.eslintrc,4,0,4,0.0,100.0
.01,4,1,3,25.0,75.0
.02,4,1,3,25.0,75.0
.03,4,1,3,25.0,75.0
.pspfhi,4,0,4,0.0,100.0
.drh,4,0,4,0.0,100.0
.ae,4,0,4,0.0,100.0
.pawps,4,0,4,0.0,100.0
.cml,4,0,4,0.0,100.0
.mav,4,0,4,0.0,100.0
.pav,4,0,4,0.0,100.0
.notes,4,0,4,0.0,100.0
.right,4,0,4,0.0,100.0
.swn,4,0,4,0.0,100.0
.sma,4,0,4,0.0,100.0
.osx,4,0,4,0.0,100.0
.ncrunchproject,4,0,4,0.0,100.0
.llvm,4,0,4,0.0,100.0
.rz,4,0,4,0.0,100.0
.cmds,4,0,4,0.0,100.0
.v2_auto_conll,4,0,4,0.0,100.0
.v2_gold_conll,4,0,4,0.0,100.0
.amrg,4,0,4,0.0,100.0
.psm1,4,0,4,0.0,100.0
.spx,4,0,4,0.0,100.0
.22,4,0,4,0.0,100.0
.15,4,0,4,0.0,100.0
.fd,4,1,3,25.0,75.0
.cob,4,0,4,0.0,100.0
.navdata,4,0,4,0.0,100.0
.mobl,4,0,4,0.0,100.0
.sql~,4,0,4,0.0,100.0
.aartemplate,4,0,4,0.0,100.0
.wtc,4,0,4,0.0,100.0
.pagedef,4,0,4,0.0,100.0
.asn,4,0,4,0.0,100.0
.utran,4,0,4,0.0,100.0
.anki2,4,0,4,0.0,100.0
.sats,4,0,4,0.0,100.0
.2504e12,4,0,4,0.0,100.0
.sxw,4,4,0,100.0,0.0
.dn,4,0,4,0.0,100.0
.gld,4,0,4,0.0,100.0
.h5py,4,0,4,0.0,100.0
.postrm,4,0,4,0.0,100.0
.vms,4,0,4,0.0,100.0
.mmdb,4,0,4,0.0,100.0
.selestim,4,0,4,0.0,100.0
.drc,4,0,4,0.0,100.0
.tf3,4,1,3,25.0,75.0
.eos,4,0,4,0.0,100.0
.vertexshader,4,0,4,0.0,100.0
.msi,4,0,4,0.0,100.0
.vsmdi,4,0,4,0.0,100.0
.emz,4,0,4,0.0,100.0
.netmodule,4,0,4,0.0,100.0
.da,4,0,4,0.0,100.0
.dat~,4,0,4,0.0,100.0
.deb,4,0,4,0.0,100.0
.cp,4,0,4,0.0,100.0
.json-tmlanguage,4,0,4,0.0,100.0
.head,4,0,4,0.0,100.0
.posttemplate,4,0,4,0.0,100.0
.basic,4,0,4,0.0,100.0
.robot,4,1,3,25.0,75.0
.packedancestrymap,4,0,4,0.0,100.0
.gc,4,0,4,0.0,100.0
.travis,4,0,4,0.0,100.0
.ilprofile,4,0,4,0.0,100.0
.03_lefse_summary,4,0,4,0.0,100.0
.gr,4,0,4,0.0,100.0
.alt,4,0,4,0.0,100.0
.phylip,4,0,4,0.0,100.0
.makefile,4,0,4,0.0,100.0
.mappings,4,0,4,0.0,100.0
.data-00000-of-00002,4,0,4,0.0,100.0
.data-00001-of-00002,4,0,4,0.0,100.0
.arn,4,0,4,0.0,100.0
.lpf,4,0,4,0.0,100.0
.34,4,0,4,0.0,100.0
.mem,4,0,4,0.0,100.0
.sdb,4,0,4,0.0,100.0
.rf,4,0,4,0.0,100.0
.cel,4,4,0,100.0,0.0
.evp,4,4,0,100.0,0.0
.hrs,4,4,0,100.0,0.0
.ncg,4,4,0,100.0,0.0
.pol,4,4,0,100.0,0.0
.spr,4,4,0,100.0,0.0
.the,4,4,0,100.0,0.0
.wfc,4,4,0,100.0,0.0
.ldos_boxes,4,4,0,100.0,0.0
.myspell,4,0,4,0.0,100.0
.lgpl,4,1,3,25.0,75.0
.pli,4,0,4,0.0,100.0
.kra,4,0,4,0.0,100.0
.pyproj,4,0,4,0.0,100.0
.komprenx,4,0,4,0.0,100.0
.ocl,4,0,4,0.0,100.0
.65_200_300mpc_v3,4,0,4,0.0,100.0
.yoda,4,0,4,0.0,100.0
.16,4,0,4,0.0,100.0
.199,4,0,4,0.0,100.0
.23,4,0,4,0.0,100.0
.27,4,0,4,0.0,100.0
.299,4,0,4,0.0,100.0
.36,4,0,4,0.0,100.0
.499,4,0,4,0.0,100.0
.640,4,0,4,0.0,100.0
.70,4,0,4,0.0,100.0
.799,4,0,4,0.0,100.0
.960,4,0,4,0.0,100.0
.macos,4,0,4,0.0,100.0
.shape,4,0,4,0.0,100.0
.case,4,1,3,25.0,75.0
.unityweb,4,0,4,0.0,100.0
.stex,4,0,4,0.0,100.0
.import,4,0,4,0.0,100.0
.tscn,4,0,4,0.0,100.0
.download,4,0,4,0.0,100.0
.fdb_latexmk,4,1,3,25.0,75.0
.corrected,4,0,4,0.0,100.0
.tde,4,0,4,0.0,100.0
.doxygen,4,0,4,0.0,100.0
.production,4,0,4,0.0,100.0
.mvg,4,0,4,0.0,100.0
.traintest,4,0,4,0.0,100.0
.mpi,4,0,4,0.0,100.0
.eam,4,0,4,0.0,100.0
.border,4,0,4,0.0,100.0
.blk,4,0,4,0.0,100.0
.xap,4,0,4,0.0,100.0
.acl,4,2,2,50.0,50.0
.intervals,4,0,4,0.0,100.0
.cbl,4,1,3,25.0,75.0
.praat,4,1,3,25.0,75.0
.defaults,4,0,4,0.0,100.0
.large,4,0,4,0.0,100.0
.jyds,4,0,4,0.0,100.0
.avro,4,0,4,0.0,100.0
.howto,4,1,3,25.0,75.0
.nonvolatilememoryallocatorservice,4,0,4,0.0,100.0
.inflated,4,0,4,0.0,100.0
.pial,4,0,4,0.0,100.0
.white,4,0,4,0.0,100.0
.wc,4,0,4,0.0,100.0
.ff14sb,4,0,4,0.0,100.0
.runtime,4,0,4,0.0,100.0
.xdy,4,4,0,100.0,0.0
.hcc,4,0,4,0.0,100.0
.num,4,0,4,0.0,100.0
.pic,4,0,4,0.0,100.0
.statemachine_mavo,4,0,4,0.0,100.0
.statemachinediag_mavo,4,0,4,0.0,100.0
.icse15_sequencediagram_mavo,4,1,3,25.0,75.0
.icse15_sequencediagramdiag_mavo,4,1,3,25.0,75.0
.sequencediagram,4,0,4,0.0,100.0
.property,4,0,4,0.0,100.0
.aff,4,0,4,0.0,100.0
.pse,4,0,4,0.0,100.0
.jaas,4,0,4,0.0,100.0
.test2,4,0,4,0.0,100.0
.summit,4,0,4,0.0,100.0
.mass,4,0,4,0.0,100.0
.2line,4,0,4,0.0,100.0
.dec,4,0,4,0.0,100.0
.lis,4,0,4,0.0,100.0
.rclass,4,0,4,0.0,100.0
.agent,4,0,4,0.0,100.0
.foma,4,0,4,0.0,100.0
.thrift,4,0,4,0.0,100.0
.nh,4,0,4,0.0,100.0
.xg,4,0,4,0.0,100.0
.epub,4,1,3,25.0,75.0
.sqldataprovider,4,0,4,0.0,100.0
.rating,4,0,4,0.0,100.0
.snm,4,1,3,25.0,75.0
.store,4,0,4,0.0,100.0
.no,4,0,4,0.0,100.0
.bil,4,0,4,0.0,100.0
.gunit,4,0,4,0.0,100.0
.bf,4,0,4,0.0,100.0
.rego,4,0,4,0.0,100.0
.xtra,4,0,4,0.0,100.0
.flo,4,0,4,0.0,100.0
.z03,4,0,4,0.0,100.0
.blob,4,0,4,0.0,100.0
.unknown,4,0,4,0.0,100.0
.ld+json,4,0,4,0.0,100.0
.cleaned,4,0,4,0.0,100.0
.ang,4,0,4,0.0,100.0
.flow_past_cylinder-x,4,0,4,0.0,100.0
.hotspot,4,0,4,0.0,100.0
.poiseuille,4,0,4,0.0,100.0
.tab-backward,4,0,4,0.0,100.0
.optjob,4,0,4,0.0,100.0
.c_template,4,0,4,0.0,100.0
.common-outliers,4,0,4,0.0,100.0
.sars-cov-2,4,0,4,0.0,100.0
.prx,4,0,4,0.0,100.0
.consolereport,4,0,4,0.0,100.0
.dntheme,4,0,4,0.0,100.0
.paj,4,0,4,0.0,100.0
.hugo,4,0,4,0.0,100.0
.ab1,4,0,4,0.0,100.0
.topas,4,0,4,0.0,100.0
.commit,4,0,4,0.0,100.0
.p7s,4,0,4,0.0,100.0
.rrf,4,0,4,0.0,100.0
.xyr,4,0,4,0.0,100.0
.dangerous,4,0,4,0.0,100.0
.mingw,4,0,4,0.0,100.0
.dpatch,4,0,4,0.0,100.0
.b#1,4,0,4,0.0,100.0
.sage~,4,0,4,0.0,100.0
.hg19,4,0,4,0.0,100.0
.hg38,4,0,4,0.0,100.0
.lv,4,0,4,0.0,100.0
.mr,4,2,2,50.0,50.0
.nod,4,0,4,0.0,100.0
.tcn,4,0,4,0.0,100.0
.odd,4,0,4,0.0,100.0
.elf32,4,0,4,0.0,100.0
.cir,4,0,4,0.0,100.0
.sha512,4,0,4,0.0,100.0
.special,4,0,4,0.0,100.0
.lottie,4,0,4,0.0,100.0
.ksy,4,0,4,0.0,100.0
.csvt,4,0,4,0.0,100.0
.fcstd,4,0,4,0.0,100.0
.partaj,4,0,4,0.0,100.0
.partak,4,0,4,0.0,100.0
.partal,4,0,4,0.0,100.0
.partam,4,0,4,0.0,100.0
.partan,4,0,4,0.0,100.0
.partao,4,0,4,0.0,100.0
.partap,4,0,4,0.0,100.0
.partaq,4,0,4,0.0,100.0
.partar,4,0,4,0.0,100.0
.partas,4,0,4,0.0,100.0
.partat,4,0,4,0.0,100.0
.partau,4,0,4,0.0,100.0
.ewt,4,0,4,0.0,100.0
.crun,4,0,4,0.0,100.0
.wspos,4,0,4,0.0,100.0
.uvopt,4,0,4,0.0,100.0
.2-6,4,0,4,0.0,100.0
.1-6,4,0,4,0.0,100.0
.2-10,4,0,4,0.0,100.0
.2-11,4,0,4,0.0,100.0
.2-7,4,0,4,0.0,100.0
.2-8,4,0,4,0.0,100.0
.2-9,4,0,4,0.0,100.0
.4-12,4,0,4,0.0,100.0
.4-13,4,0,4,0.0,100.0
.4-14,4,0,4,0.0,100.0
.4-15,4,0,4,0.0,100.0
.4-16,4,0,4,0.0,100.0
.8-17,4,0,4,0.0,100.0
.ttx,4,0,4,0.0,100.0
.nestml,4,1,3,25.0,75.0
.tofix,4,0,4,0.0,100.0
.crai,4,0,4,0.0,100.0
.magma,4,0,4,0.0,100.0
.awg,4,0,4,0.0,100.0
.s#1,4,0,4,0.0,100.0
.flv,4,0,4,0.0,100.0
.ogv,4,1,3,25.0,75.0
.taylor_green_vortices,4,0,4,0.0,100.0
.mhtml,4,4,0,100.0,0.0
.sn,4,0,4,0.0,100.0
.suite,4,4,0,100.0,0.0
.globalconfig,4,0,4,0.0,100.0
.asn1,4,0,4,0.0,100.0
.sbel,4,0,4,0.0,100.0
.pars,4,0,4,0.0,100.0
.af,4,0,4,0.0,100.0
.nls,4,0,4,0.0,100.0
.obf,4,0,4,0.0,100.0
.nn-01500,4,0,4,0.0,100.0
.scs,4,0,4,0.0,100.0
.kjb,4,0,4,0.0,100.0
.pzfx,4,0,4,0.0,100.0
.hmmb,4,0,4,0.0,100.0
.bitmaps,4,0,4,0.0,100.0
.jinja,4,1,3,25.0,75.0
.elixir,4,0,4,0.0,100.0
.nbtxt,4,0,4,0.0,100.0
.v3,4,0,4,0.0,100.0
.res~,4,0,4,0.0,100.0
.cluebuddy,4,0,4,0.0,100.0
.skin,4,0,4,0.0,100.0
.p8,4,0,4,0.0,100.0
.ffdata,4,0,4,0.0,100.0
.ffindex,4,0,4,0.0,100.0
.ndl,4,0,4,0.0,100.0
.tests,4,0,4,0.0,100.0
._log,4,0,4,0.0,100.0
.nautilus,4,0,4,0.0,100.0
.prom,4,0,4,0.0,100.0
.astc,4,0,4,0.0,100.0
.mhd,4,0,4,0.0,100.0
.boost,4,0,4,0.0,100.0
.helm,4,0,4,0.0,100.0
.extras,4,0,4,0.0,100.0
.one_layer,4,0,4,0.0,100.0
.dont-chk,4,0,4,0.0,100.0
.rhs,4,0,4,0.0,100.0
.3dl,4,0,4,0.0,100.0
.hhr,4,0,4,0.0,100.0
.length_filtered,4,0,4,0.0,100.0
.046697_nc_7,4,0,4,0.0,100.0
.xeon,4,0,4,0.0,100.0
.spkc,4,0,4,0.0,100.0
.tdms,4,0,4,0.0,100.0
.mafft,4,0,4,0.0,100.0
.hypo,4,0,4,0.0,100.0
.invc,4,0,4,0.0,100.0
.headrules,4,0,4,0.0,100.0
.linfrag,4,0,4,0.0,100.0
.odin,3,1,2,33.3333,66.6667
.zig,3,1,2,33.3333,66.6667
.units,3,0,3,0.0,100.0
.macosx,3,1,2,33.3333,66.6667
.lvproj,3,0,3,0.0,100.0
.robj,3,0,3,0.0,100.0
.dir,3,0,3,0.0,100.0
.lira,3,0,3,0.0,100.0
.daf,3,0,3,0.0,100.0
.jrn,3,0,3,0.0,100.0
.binaryproto,3,1,2,33.3333,66.6667
.gtkw,3,0,3,0.0,100.0
.lexc,3,0,3,0.0,100.0
.txtlast,3,0,3,0.0,100.0
.scif,3,0,3,0.0,100.0
.devel,3,0,3,0.0,100.0
.pairstat,3,0,3,0.0,100.0
.rsstat,3,0,3,0.0,100.0
.depairs,3,0,3,0.0,100.0
.dumppairs,3,0,3,0.0,100.0
.scpairs,3,0,3,0.0,100.0
.singlepairs,3,0,3,0.0,100.0
.validpairs,3,0,3,0.0,100.0
.services,3,0,3,0.0,100.0
.main,3,0,3,0.0,100.0
.input1,3,1,2,33.3333,66.6667
.input2,3,1,2,33.3333,66.6667
.input3,3,1,2,33.3333,66.6667
.64procs-1,3,0,3,0.0,100.0
.64procs-2,3,0,3,0.0,100.0
.64procs,3,0,3,0.0,100.0
.atompaw,3,0,3,0.0,100.0
.wvl,3,0,3,0.0,100.0
.in_freq,3,0,3,0.0,100.0
.outden,3,0,3,0.0,100.0
.heic,3,0,3,0.0,100.0
.mpsystheme,3,0,3,0.0,100.0
.wixproj,3,0,3,0.0,100.0
.projitems,3,0,3,0.0,100.0
.shproj,3,0,3,0.0,100.0
.m3u,3,0,3,0.0,100.0
.vsconfig,3,0,3,0.0,100.0
.rule,3,0,3,0.0,100.0
.doc-base,3,0,3,0.0,100.0
.hlg,3,0,3,0.0,100.0
.bproto,3,0,3,0.0,100.0
.wxl,3,0,3,0.0,100.0
.qemu,3,0,3,0.0,100.0
.lzo,3,0,3,0.0,100.0
.lha,3,0,3,0.0,100.0
.lrz,3,0,3,0.0,100.0
.zoo,3,0,3,0.0,100.0
.mpg,3,0,3,0.0,100.0
.maintscript,3,0,3,0.0,100.0
.oc,3,0,3,0.0,100.0
.oh,3,0,3,0.0,100.0
.data_fids,3,0,3,0.0,100.0
.data_gval,3,0,3,0.0,100.0
.data_hcls,3,0,3,0.0,100.0
.data_ival,3,0,3,0.0,100.0
.data_gspn,3,0,3,0.0,100.0
.w,3,0,3,0.0,100.0
.sorted,3,0,3,0.0,100.0
.sorted-by-tts-prove,3,0,3,0.0,100.0
.sorted-by-tts-s1heur,3,0,3,0.0,100.0
.sorted-by-tts-s3heur,3,0,3,0.0,100.0
.edmx,3,0,3,0.0,100.0
.fsproj,3,0,3,0.0,100.0
.emx,3,0,3,0.0,100.0
.xss,3,0,3,0.0,100.0
.svcmap,3,0,3,0.0,100.0
.megal,3,0,3,0.0,100.0
.seg,3,0,3,0.0,100.0
.2dmap,3,0,3,0.0,100.0
.overridecontroller,3,0,3,0.0,100.0
.nam,3,0,3,0.0,100.0
.5553ff9,3,0,3,0.0,100.0
.almgp,3,0,3,0.0,100.0
.almgr,3,0,3,0.0,100.0
.postman_collection,3,0,3,0.0,100.0
.cmix,3,0,3,0.0,100.0
.get,3,0,3,0.0,100.0
.legacy,3,0,3,0.0,100.0
.fff,3,0,3,0.0,100.0
.testing,3,0,3,0.0,100.0
.hist,3,0,3,0.0,100.0
.cpn,3,0,3,0.0,100.0
.filtmaf1p,3,0,3,0.0,100.0
.geno,3,0,3,0.0,100.0
.outjob,3,0,3,0.0,100.0
.tasks,3,0,3,0.0,100.0
.ist,3,3,0,100.0,0.0
.hd5,3,0,3,0.0,100.0
.py#,3,0,3,0.0,100.0
.lof,3,1,2,33.3333,66.6667
.xsx,3,0,3,0.0,100.0
.mso,3,0,3,0.0,100.0
.wmf,3,0,3,0.0,100.0
.fed,3,0,3,0.0,100.0
.mfd,3,0,3,0.0,100.0
.xpd,3,0,3,0.0,100.0
.pgp,3,0,3,0.0,100.0
.rsa,3,0,3,0.0,100.0
.imageinfo,3,0,3,0.0,100.0
.imageset,3,0,3,0.0,100.0
.csf,3,0,3,0.0,100.0
.classify,3,0,3,0.0,100.0
.sublime-keymap,3,0,3,0.0,100.0
.n-triples,3,0,3,0.0,100.0
.mtgl,3,0,3,0.0,100.0
.soft,3,0,3,0.0,100.0
.textile,3,1,2,33.3333,66.6667
.perspective,3,0,3,0.0,100.0
.icdd,3,0,3,0.0,100.0
.co,3,0,3,0.0,100.0
.development,3,0,3,0.0,100.0
.fd1,3,0,3,0.0,100.0
.ft1,3,0,3,0.0,100.0
.fsh,3,0,3,0.0,100.0
.vsh,3,0,3,0.0,100.0
.spdx,3,0,3,0.0,100.0
.ssv,3,0,3,0.0,100.0
.site,3,0,3,0.0,100.0
.jardesc,3,0,3,0.0,100.0
.sdef,3,0,3,0.0,100.0
.retry,3,0,3,0.0,100.0
.object,3,0,3,0.0,100.0
.atp,3,0,3,0.0,100.0
.scc,3,0,3,0.0,100.0
.hsd,3,0,3,0.0,100.0
.pyscf,3,0,3,0.0,100.0
.d12,3,0,3,0.0,100.0
.uvp,3,3,0,100.0,0.0
.trig,3,0,3,0.0,100.0
.odocl,3,0,3,0.0,100.0
.0_0,3,3,0,100.0,0.0
.applescript,3,0,3,0.0,100.0
.respack,3,0,3,0.0,100.0
.mdv,3,0,3,0.0,100.0
.react,3,0,3,0.0,100.0
.resolved,3,0,3,0.0,100.0
.gitignore,3,0,3,0.0,100.0
.webarchive,3,0,3,0.0,100.0
.en0,3,0,3,0.0,100.0
.en1,3,0,3,0.0,100.0
.en2,3,0,3,0.0,100.0
.en3,3,0,3,0.0,100.0
.jucer,3,0,3,0.0,100.0
.from_github,3,0,3,0.0,100.0
.arm,3,0,3,0.0,100.0
.jbf,3,0,3,0.0,100.0
.zst,3,0,3,0.0,100.0
.km,3,0,3,0.0,100.0
.setup,3,0,3,0.0,100.0
.mnc,3,0,3,0.0,100.0
.gypi,3,0,3,0.0,100.0
.jena,3,0,3,0.0,100.0
.dvs,3,0,3,0.0,100.0
.17_200_300mpc_v3,3,0,3,0.0,100.0
.dmp,3,0,3,0.0,100.0
.mrc,3,0,3,0.0,100.0
.07,3,0,3,0.0,100.0
.08,3,0,3,0.0,100.0
.09,3,0,3,0.0,100.0
.099,3,0,3,0.0,100.0
.17,3,0,3,0.0,100.0
.18,3,0,3,0.0,100.0
.26,3,0,3,0.0,100.0
.28,3,0,3,0.0,100.0
.29,3,0,3,0.0,100.0
.31,3,0,3,0.0,100.0
.320,3,0,3,0.0,100.0
.33,3,0,3,0.0,100.0
.37,3,0,3,0.0,100.0
.38,3,0,3,0.0,100.0
.39,3,0,3,0.0,100.0
.40,3,0,3,0.0,100.0
.42,3,0,3,0.0,100.0
.43,3,0,3,0.0,100.0
.44,3,0,3,0.0,100.0
.45,3,0,3,0.0,100.0
.46,3,0,3,0.0,100.0
.48,3,0,3,0.0,100.0
.49,3,0,3,0.0,100.0
.51,3,0,3,0.0,100.0
.52,3,0,3,0.0,100.0
.53,3,0,3,0.0,100.0
.54,3,0,3,0.0,100.0
.55,3,0,3,0.0,100.0
.56,3,0,3,0.0,100.0
.57,3,0,3,0.0,100.0
.58,3,0,3,0.0,100.0
.59,3,0,3,0.0,100.0
.60,3,0,3,0.0,100.0
.61,3,0,3,0.0,100.0
.62,3,0,3,0.0,100.0
.63,3,0,3,0.0,100.0
.65,3,0,3,0.0,100.0
.66,3,0,3,0.0,100.0
.67,3,0,3,0.0,100.0
.68,3,0,3,0.0,100.0
.69,3,0,3,0.0,100.0
.699,3,0,3,0.0,100.0
.71,3,0,3,0.0,100.0
.72,3,0,3,0.0,100.0
.73,3,0,3,0.0,100.0
.74,3,0,3,0.0,100.0
.76,3,0,3,0.0,100.0
.77,3,0,3,0.0,100.0
.78,3,0,3,0.0,100.0
.899,3,0,3,0.0,100.0
.libs,3,2,1,66.6667,33.3333
.poly,3,0,3,0.0,100.0
.regex,3,0,3,0.0,100.0
.vrml,3,0,3,0.0,100.0
.control,3,0,3,0.0,100.0
.npread,3,0,3,0.0,100.0
.tgt,3,0,3,0.0,100.0
.p7b,3,0,3,0.0,100.0
.bcfzip,3,0,3,0.0,100.0
.pck,3,0,3,0.0,100.0
.godot,3,0,3,0.0,100.0
.100kb,3,0,3,0.0,100.0
.256kb,3,0,3,0.0,100.0
.jfif,3,1,2,33.3333,66.6667
.converted,3,0,3,0.0,100.0
.bor,3,1,2,33.3333,66.6667
.degree_sequence,3,0,3,0.0,100.0
.bsub,3,0,3,0.0,100.0
.1064,3,0,3,0.0,100.0
.1800,3,0,3,0.0,100.0
.bzlmod,3,0,3,0.0,100.0
.pra,3,0,3,0.0,100.0
.wgh,3,0,3,0.0,100.0
.tf1,3,0,3,0.0,100.0
.fad,3,0,3,0.0,100.0
.tmpfile,3,0,3,0.0,100.0
.configuration,3,0,3,0.0,100.0
.bbx,3,2,1,66.6667,33.3333
.cbx,3,2,1,66.6667,33.3333
.dbx,3,2,1,66.6667,33.3333
.dsl,3,3,0,100.0,0.0
.ahk,3,1,2,33.3333,66.6667
.edi,3,1,2,33.3333,66.6667
.elm,3,1,2,33.3333,66.6667
.jq,3,1,2,33.3333,66.6667
.mc,3,1,2,33.3333,66.6667
.prisma,3,1,2,33.3333,66.6667
.scaled,3,0,3,0.0,100.0
.buddy,3,0,3,0.0,100.0
.cori,3,0,3,0.0,100.0
.highres-thin,3,0,3,0.0,100.0
.large-thin,3,0,3,0.0,100.0
.3ds,3,0,3,0.0,100.0
.flat,3,0,3,0.0,100.0
.jsonc,3,0,3,0.0,100.0
.dilp,3,0,3,0.0,100.0
.vex,3,0,3,0.0,100.0
.lipid21,3,0,3,0.0,100.0
.gaff2,3,0,3,0.0,100.0
.ol3,3,0,3,0.0,100.0
.bsc1,3,0,3,0.0,100.0
.tip3p,3,0,3,0.0,100.0
.ide,3,0,3,0.0,100.0
.buildreport,3,0,3,0.0,100.0
.caw,3,0,3,0.0,100.0
.ecm,3,0,3,0.0,100.0
.rgb,3,0,3,0.0,100.0
.chkpt,3,0,3,0.0,100.0
.lua~,3,0,3,0.0,100.0
.ox,3,0,3,0.0,100.0
.slm,3,3,0,100.0,0.0
.mms,3,0,3,0.0,100.0
.engine,3,0,3,0.0,100.0
.jsonstreamfactory,3,0,3,0.0,100.0
.zran,3,0,3,0.0,100.0
.sdl,3,0,3,0.0,100.0
.knwf,3,0,3,0.0,100.0
.istardiag_mavo,3,0,3,0.0,100.0
.rosinstall,3,0,3,0.0,100.0
.resource,3,0,3,0.0,100.0
.svh,3,0,3,0.0,100.0
.bmr,3,0,3,0.0,100.0
.mtrol,3,0,3,0.0,100.0
.trol,3,0,3,0.0,100.0
.vpp,3,1,2,33.3333,66.6667
.trl,3,0,3,0.0,100.0
.sod,3,0,3,0.0,100.0
.test3,3,0,3,0.0,100.0
.sedov,3,0,3,0.0,100.0
.small,3,0,3,0.0,100.0
.positions,3,0,3,0.0,100.0
.cpp_zz,3,0,3,0.0,100.0
.subtree,3,0,3,0.0,100.0
.sequences,3,0,3,0.0,100.0
.rlabel,3,0,3,0.0,100.0
.cap,3,0,3,0.0,100.0
.dnn,3,0,3,0.0,100.0
.addin,3,0,3,0.0,100.0
.cm,3,0,3,0.0,100.0
.unix,3,0,3,0.0,100.0
.containerfile,3,0,3,0.0,100.0
.ptg,3,0,3,0.0,100.0
.slxc,3,0,3,0.0,100.0
.oifits,3,0,3,0.0,100.0
.re,3,0,3,0.0,100.0
.nu,3,0,3,0.0,100.0
.metal,3,0,3,0.0,100.0
.asl~,3,0,3,0.0,100.0
.z04,3,0,3,0.0,100.0
.rsy,3,0,3,0.0,100.0
.rc2,3,0,3,0.0,100.0
.ltx,3,0,3,0.0,100.0
.sparql-results+xml,3,0,3,0.0,100.0
.w32,3,0,3,0.0,100.0
.est,3,0,3,0.0,100.0
.fan,3,0,3,0.0,100.0
.inx,3,0,3,0.0,100.0
.edb,3,0,3,0.0,100.0
.wiff,3,0,3,0.0,100.0
.flow_past_cylinder-y,3,0,3,0.0,100.0
.taylorgreen,3,0,3,0.0,100.0
.gresource,3,0,3,0.0,100.0
.zlib,3,0,3,0.0,100.0
.uncorrelated_chain_10ti1rd1,3,0,3,0.0,100.0
.uncorrelated_chain_10ti2rd2,3,0,3,0.0,100.0
.uncorrelated_chain_1ti1rd1,3,0,3,0.0,100.0
.uncorrelated_chain_1ti2rd2,3,0,3,0.0,100.0
.uncorrelated_chain_2ti1rd1,3,0,3,0.0,100.0
.uncorrelated_chain_2ti2rd2,3,0,3,0.0,100.0
.uncorrelated_chain_3ti1rd1,3,0,3,0.0,100.0
.uncorrelated_chain_3ti2rd2,3,0,3,0.0,100.0
.uncorrelated_chain_4ti1rd1,3,0,3,0.0,100.0
.uncorrelated_chain_4ti2rd2,3,0,3,0.0,100.0
.uncorrelated_chain_5ti1rd1,3,0,3,0.0,100.0
.uncorrelated_chain_5ti2rd2,3,0,3,0.0,100.0
.uncorrelated_chain_6ti1rd1,3,0,3,0.0,100.0
.uncorrelated_chain_6ti2rd2,3,0,3,0.0,100.0
.uncorrelated_chain_7ti1rd1,3,0,3,0.0,100.0
.uncorrelated_chain_7ti2rd2,3,0,3,0.0,100.0
.uncorrelated_chain_8ti1rd1,3,0,3,0.0,100.0
.uncorrelated_chain_8ti2rd2,3,0,3,0.0,100.0
.uncorrelated_chain_9ti1rd1,3,0,3,0.0,100.0
.uncorrelated_chain_9ti2rd2,3,0,3,0.0,100.0
.uncorrelated_timing__ti1_simdata1,3,0,3,0.0,100.0
.uncorrelated_timing__ti2_simdata2,3,0,3,0.0,100.0
.uncorrelated_chain_10ti1rd0,3,0,3,0.0,100.0
.uncorrelated_chain_1ti1rd0,3,0,3,0.0,100.0
.uncorrelated_chain_2ti1rd0,3,0,3,0.0,100.0
.uncorrelated_chain_3ti1rd0,3,0,3,0.0,100.0
.uncorrelated_chain_4ti1rd0,3,0,3,0.0,100.0
.uncorrelated_chain_5ti1rd0,3,0,3,0.0,100.0
.uncorrelated_chain_6ti1rd0,3,0,3,0.0,100.0
.uncorrelated_chain_7ti1rd0,3,0,3,0.0,100.0
.uncorrelated_chain_8ti1rd0,3,0,3,0.0,100.0
.uncorrelated_chain_9ti1rd0,3,0,3,0.0,100.0
.fileprocesslistener,3,0,3,0.0,100.0
.macros,3,0,3,0.0,100.0
.vbproj,3,0,3,0.0,100.0
.creol,3,0,3,0.0,100.0
.intent,3,0,3,0.0,100.0
.rmf,3,0,3,0.0,100.0
.jsonschema,3,0,3,0.0,100.0
.enaml,3,0,3,0.0,100.0
.smake,3,0,3,0.0,100.0
.fdi,3,0,3,0.0,100.0
.gbrjob,3,0,3,0.0,100.0
.scriptenginefactory,3,0,3,0.0,100.0
.mona,3,0,3,0.0,100.0
.logrotate,3,0,3,0.0,100.0
.qsubsec,3,0,3,0.0,100.0
.tl,3,0,3,0.0,100.0
.defhol,3,0,3,0.0,100.0
.nasm,3,0,3,0.0,100.0
.xcvb,3,0,3,0.0,100.0
.vcd,3,0,3,0.0,100.0
.repositories,3,0,3,0.0,100.0
.snet,3,0,3,0.0,100.0
.eran,3,0,3,0.0,100.0
.fgb,3,0,3,0.0,100.0
.cron,3,0,3,0.0,100.0
.gazebo,3,0,3,0.0,100.0
.lkt,3,0,3,0.0,100.0
.cgpr,3,0,3,0.0,100.0
.cst,3,2,1,66.6667,33.3333
.partav,3,0,3,0.0,100.0
.partaw,3,0,3,0.0,100.0
.partax,3,0,3,0.0,100.0
.icloud,3,0,3,0.0,100.0
.evl,3,0,3,0.0,100.0
.sch-bak,3,2,1,66.6667,33.3333
.preset,3,0,3,0.0,100.0
.itermcolors,3,0,3,0.0,100.0
.clif,3,0,3,0.0,100.0
.v1,3,0,3,0.0,100.0
.preseed,3,0,3,0.0,100.0
.orb,3,0,3,0.0,100.0
.descarga,3,3,0,100.0,0.0
.number,3,0,3,0.0,100.0
.quirksprovider,3,0,3,0.0,100.0
.convertersprovider,3,0,3,0.0,100.0
.dssp2,3,0,3,0.0,100.0
.dtx,3,2,1,66.6667,33.3333
.xquery,3,0,3,0.0,100.0
.tn,3,0,3,0.0,100.0
.cts,3,0,3,0.0,100.0
.b#2,3,0,3,0.0,100.0
.b#3,3,0,3,0.0,100.0
.b#4,3,0,3,0.0,100.0
.b#5,3,0,3,0.0,100.0
.b#6,3,0,3,0.0,100.0
.b#7,3,0,3,0.0,100.0
.b#8,3,0,3,0.0,100.0
.b#9,3,0,3,0.0,100.0
.s#2,3,0,3,0.0,100.0
.s#3,3,0,3,0.0,100.0
.s#4,3,0,3,0.0,100.0
.s#5,3,0,3,0.0,100.0
.s#6,3,0,3,0.0,100.0
.s#7,3,0,3,0.0,100.0
.s#8,3,0,3,0.0,100.0
.s#9,3,0,3,0.0,100.0
.jlink,3,0,3,0.0,100.0
.posix,3,0,3,0.0,100.0
.hhc,3,3,0,100.0,0.0
.hhk,3,3,0,100.0,0.0
.hhp,3,3,0,100.0,0.0
.l#2,3,0,3,0.0,100.0
.gsch2pcb,3,0,3,0.0,100.0
.pcb,3,0,3,0.0,100.0
.cir-gold,3,0,3,0.0,100.0
.bigwig,3,0,3,0.0,100.0
.faw,3,0,3,0.0,100.0
.opsahl-powergrid,3,0,3,0.0,100.0
.hmmtbl,3,0,3,0.0,100.0
.rosif,3,0,3,0.0,100.0
.aarch64,3,0,3,0.0,100.0
.linst,3,0,3,0.0,100.0
.gpmn,3,0,3,0.0,100.0
.gpmn_diagram,3,0,3,0.0,100.0
.grdecl,3,0,3,0.0,100.0
.sai,3,0,3,0.0,100.0
.sha224,3,0,3,0.0,100.0
.sha384,3,0,3,0.0,100.0
.view,3,0,3,0.0,100.0
.1srl,3,0,3,0.0,100.0
.coord,3,0,3,0.0,100.0
.sumstats,3,0,3,0.0,100.0
.annotm,3,0,3,0.0,100.0
.rddl,3,0,3,0.0,100.0
.vector,3,0,3,0.0,100.0
.secret,3,0,3,0.0,100.0
.icao_intrare,3,0,3,0.0,100.0
.export,3,0,3,0.0,100.0
.raxml,3,0,3,0.0,100.0
.01tsmear_ddb,3,0,3,0.0,100.0
.02tsmear_ddb,3,0,3,0.0,100.0
.04tsmear_ddb,3,0,3,0.0,100.0
.cluevariety,3,0,3,0.0,100.0
.stylecop,3,0,3,0.0,100.0
.pctl,3,0,3,0.0,100.0
.trashinfo,3,0,3,0.0,100.0
.sh#,3,0,3,0.0,100.0
.cross,3,0,3,0.0,100.0
.gold_conll,3,0,3,0.0,100.0
.tr,3,0,3,0.0,100.0
.delete_manifest,3,0,3,0.0,100.0
.map_manifest,3,0,3,0.0,100.0
.rsrc,3,0,3,0.0,100.0
.acalib,3,0,3,0.0,100.0
.gmsh,3,3,0,100.0,0.0
.motifs,3,0,3,0.0,100.0
.motifs10,3,0,3,0.0,100.0
.motifs12,3,0,3,0.0,100.0
.motifs8,3,0,3,0.0,100.0
.hse_test,3,0,3,0.0,100.0
.sph,3,0,3,0.0,100.0
.pslope,3,0,3,0.0,100.0
.00cm,3,0,3,0.0,100.0
.vfproj,3,0,3,0.0,100.0
.rg,3,0,3,0.0,100.0
.prof,3,2,1,66.6667,33.3333
.uniq,3,0,3,0.0,100.0
.r32,3,0,3,0.0,100.0
.r36,3,0,3,0.0,100.0
.tvd,3,0,3,0.0,100.0
.tvf,3,0,3,0.0,100.0
.tvx,3,0,3,0.0,100.0
.ndb,3,0,3,0.0,100.0
.nhd,3,0,3,0.0,100.0
.nhi,3,0,3,0.0,100.0
.not,3,0,3,0.0,100.0
.ntf,3,0,3,0.0,100.0
.nto,3,0,3,0.0,100.0
.vkb,3,0,3,0.0,100.0
.textclipping,3,0,3,0.0,100.0
.newhead,3,0,3,0.0,100.0
.altaza,3,0,3,0.0,100.0
.3-const,3,0,3,0.0,100.0
.3-vowel,3,0,3,0.0,100.0
.feaconf,3,0,3,0.0,100.0
.600pk,3,0,3,0.0,100.0
.c#,3,0,3,0.0,100.0
.defconfig,3,0,3,0.0,100.0
.treefile,3,0,3,0.0,100.0
.vipr,3,0,3,0.0,100.0
.wdata,3,0,3,0.0,100.0
.cta,3,0,3,0.0,100.0
.i~,3,0,3,0.0,100.0
.landmarkasciiold,3,0,3,0.0,100.0
.ninox,2,0,2,0.0,100.0
.prg,2,0,2,0.0,100.0
.mx,2,0,2,0.0,100.0
.anc,2,0,2,0.0,100.0
.lpp,2,0,2,0.0,100.0
.ypp,2,0,2,0.0,100.0
.edward,2,0,2,0.0,100.0
.first,2,0,2,0.0,100.0
.jplace,2,0,2,0.0,100.0
.gct,2,0,2,0.0,100.0
.limo,2,0,2,0.0,100.0
.rjs,2,0,2,0.0,100.0
.fcgi,2,0,2,0.0,100.0
.fil,2,0,2,0.0,100.0
.wfn001,2,0,2,0.0,100.0
.wfn002,2,0,2,0.0,100.0
.wfn003,2,0,2,0.0,100.0
.wfn004,2,0,2,0.0,100.0
.wfn1,2,0,2,0.0,100.0
.wfn2,2,0,2,0.0,100.0
.wfn3,2,0,2,0.0,100.0
.wfn4,2,0,2,0.0,100.0
.lvlib,2,0,2,0.0,100.0
.fr_msm_hcv_1a,2,1,1,50.0,50.0
.mccrone_h3n2_2014,2,2,0,100.0,0.0
.gpickle,2,0,2,0.0,100.0
.voc,2,0,2,0.0,100.0
.dem,2,1,1,50.0,50.0
.hh_bak,2,0,2,0.0,100.0
.comm,2,0,2,0.0,100.0
.sh-example,2,0,2,0.0,100.0
.systemd,2,0,2,0.0,100.0
.spellrelax,2,0,2,0.0,100.0
.addon,2,0,2,0.0,100.0
.binned_anchors,2,0,2,0.0,100.0
.out_1,2,0,2,0.0,100.0
.tdl,2,0,2,0.0,100.0
.graphdb,2,0,2,0.0,100.0
.nv,2,0,2,0.0,100.0
.tptp,2,0,2,0.0,100.0
.server,2,0,2,0.0,100.0
.semicore,2,2,0,100.0,0.0
.vanderbilt,2,2,0,100.0,0.0
.1024procs,2,0,2,0.0,100.0
.256procs,2,0,2,0.0,100.0
.512procs,2,0,2,0.0,100.0
.bare,2,0,2,0.0,100.0
.psppos,2,0,2,0.0,100.0
.phoney_mod,2,0,2,0.0,100.0
.khgh,2,0,2,0.0,100.0
.sgs_mod,2,0,2,0.0,100.0
.pbe,2,0,2,0.0,100.0
.fromphermet,2,0,2,0.0,100.0
.out_ep_sbk,2,0,2,0.0,100.0
.out_ep_sbk_org,2,0,2,0.0,100.0
.01_ddb,2,0,2,0.0,100.0
.rhistory,2,0,2,0.0,100.0
.mb,2,0,2,0.0,100.0
.foo,2,1,1,50.0,50.0
.mavlink,2,0,2,0.0,100.0
.dumped,2,0,2,0.0,100.0
.ros,2,0,2,0.0,100.0
.hf,2,0,2,0.0,100.0
.ronn,2,0,2,0.0,100.0
.rej,2,0,2,0.0,100.0
.tutorial,2,1,1,50.0,50.0
.atg,2,0,2,0.0,100.0
.frame,2,0,2,0.0,100.0
.pidb,2,0,2,0.0,100.0
.dbd,2,0,2,0.0,100.0
.bfs,2,0,2,0.0,100.0
.424,2,0,2,0.0,100.0
.433,2,0,2,0.0,100.0
.442,2,0,2,0.0,100.0
.1600,2,0,2,0.0,100.0
.big,2,0,2,0.0,100.0
.opus,2,0,2,0.0,100.0
.aac,2,0,2,0.0,100.0
.bloom,2,0,2,0.0,100.0
.ev,2,0,2,0.0,100.0
.fem,2,0,2,0.0,100.0
.dbn 2,2,0,2,0.0,100.0
.oobn,2,0,2,0.0,100.0
.tmsnippet,2,0,2,0.0,100.0
.nrank,2,0,2,0.0,100.0
.prank,2,0,2,0.0,100.0
.java-bak,2,0,2,0.0,100.0
.dictionaries,2,0,2,0.0,100.0
.experiments,2,2,0,100.0,0.0
.dislocator,2,0,2,0.0,100.0
.tokencap,2,0,2,0.0,100.0
.testcases,2,0,2,0.0,100.0
.poc,2,0,2,0.0,100.0
.avdl,2,0,2,0.0,100.0
.bs~,2,2,0,100.0,0.0
.frx,2,0,2,0.0,100.0
.vbp,2,0,2,0.0,100.0
.vbw,2,0,2,0.0,100.0
.dubm,2,0,2,0.0,100.0
.ie,2,0,2,0.0,100.0
.glove,2,0,2,0.0,100.0
.439,2,0,2,0.0,100.0
.zargo,2,0,2,0.0,100.0
.101,2,0,2,0.0,100.0
.dbml,2,0,2,0.0,100.0
.trm,2,0,2,0.0,100.0
.ipr,2,0,2,0.0,100.0
.changes,2,0,2,0.0,100.0
.disco,2,0,2,0.0,100.0
.schemaview,2,0,2,0.0,100.0
.dbmdl,2,0,2,0.0,100.0
.sqlproj,2,0,2,0.0,100.0
.ioi,2,0,2,0.0,100.0
.geflo,2,0,2,0.0,100.0
.etd,2,0,2,0.0,100.0
.hst,2,0,2,0.0,100.0
.naco,2,0,2,0.0,100.0
.vega,2,0,2,0.0,100.0
.ptx,2,0,2,0.0,100.0
.sca,2,0,2,0.0,100.0
.vci,2,0,2,0.0,100.0
.movements,2,0,2,0.0,100.0
.csv_off,2,0,2,0.0,100.0
.unstable,2,0,2,0.0,100.0
.fgram,2,0,2,0.0,100.0
.imp,2,0,2,0.0,100.0
.soap,2,0,2,0.0,100.0
.02e3b54,2,0,2,0.0,100.0
.8-pre1,2,0,2,0.0,100.0
.fda8cb8,2,0,2,0.0,100.0
.4f9c5c1,2,0,2,0.0,100.0
.lproj,2,0,2,0.0,100.0
.mixer,2,0,2,0.0,100.0
.pprj,2,2,0,100.0,0.0
.tts,2,0,2,0.0,100.0
.rqtf,2,0,2,0.0,100.0
.rqtfimage,2,0,2,0.0,100.0
.aty,2,0,2,0.0,100.0
.422,2,0,2,0.0,100.0
.bands,2,0,2,0.0,100.0
.darwin,2,0,2,0.0,100.0
.generic,2,0,2,0.0,100.0
.gladep,2,0,2,0.0,100.0
.xls#,2,0,2,0.0,100.0
.mcmc,2,0,2,0.0,100.0
.2nd,2,0,2,0.0,100.0
.clang,2,0,2,0.0,100.0
.31_i86linux64,2,0,2,0.0,100.0
.rsl-new,2,0,2,0.0,100.0
.rsl-old,2,0,2,0.0,100.0
.rsl,2,0,2,0.0,100.0
.prl,2,0,2,0.0,100.0
.crx,2,0,2,0.0,100.0
.svg~,2,0,2,0.0,100.0
.mbox,2,0,2,0.0,100.0
.corpus,2,0,2,0.0,100.0
.triggers,2,0,2,0.0,100.0
.daily,2,0,2,0.0,100.0
.ln,2,0,2,0.0,100.0
.before,2,0,2,0.0,100.0
.apache,2,0,2,0.0,100.0
.pi,2,0,2,0.0,100.0
.pods,2,0,2,0.0,100.0
.jp,2,0,2,0.0,100.0
.flk,2,0,2,0.0,100.0
.pcbdocpreview,2,0,2,0.0,100.0
.schdocpreview,2,0,2,0.0,100.0
.bom,2,0,2,0.0,100.0
.sagews,2,0,2,0.0,100.0
.geh,2,0,2,0.0,100.0
.alpha,2,0,2,0.0,100.0
.ilg,2,2,0,100.0,0.0
.lc,2,0,2,0.0,100.0
.geometryshader,2,0,2,0.0,100.0
.resp-pyr,2,0,2,0.0,100.0
.testrunconfig,2,0,2,0.0,100.0
.keys,2,0,2,0.0,100.0
.gtif,2,0,2,0.0,100.0
.dat2,2,0,2,0.0,100.0
.bh,2,0,2,0.0,100.0
.batch_plot,2,0,2,0.0,100.0
.bef,2,0,2,0.0,100.0
.description,2,1,1,50.0,50.0
.diffbase,2,2,0,100.0,0.0
.layers,2,2,0,100.0,0.0
.pheno,2,0,2,0.0,100.0
.eigenstrat,2,0,2,0.0,100.0
.chisq,2,0,2,0.0,100.0
.pca,2,0,2,0.0,100.0
.evec,2,0,2,0.0,100.0
.xtxt,2,0,2,0.0,100.0
.rss,2,0,2,0.0,100.0
.xrefs,2,0,2,0.0,100.0
.lookup,2,0,2,0.0,100.0
.lcasedata,2,0,2,0.0,100.0
.fml,2,2,0,100.0,0.0
.iters,2,0,2,0.0,100.0
.stress,2,0,2,0.0,100.0
.loadings,2,0,2,0.0,100.0
.carb,2,0,2,0.0,100.0
.tcp,2,1,1,50.0,50.0
.predict,2,0,2,0.0,100.0
.py-example,2,0,2,0.0,100.0
.todo,2,0,2,0.0,100.0
.patterns,2,0,2,0.0,100.0
.pso,2,0,2,0.0,100.0
.spo,2,0,2,0.0,100.0
.external,2,0,2,0.0,100.0
.supportvectormachine,2,0,2,0.0,100.0
.airebo,2,0,2,0.0,100.0
.flag,2,0,2,0.0,100.0
.agro,2,0,2,0.0,100.0
.crop,2,0,2,0.0,100.0
.soil,2,0,2,0.0,100.0
.976,2,0,2,0.0,100.0
.977,2,0,2,0.0,100.0
.978,2,0,2,0.0,100.0
.979,2,0,2,0.0,100.0
.980,2,0,2,0.0,100.0
.981,2,0,2,0.0,100.0
.982,2,0,2,0.0,100.0
.983,2,0,2,0.0,100.0
.984,2,0,2,0.0,100.0
.985,2,0,2,0.0,100.0
.986,2,0,2,0.0,100.0
.987,2,0,2,0.0,100.0
.988,2,0,2,0.0,100.0
.989,2,0,2,0.0,100.0
.990,2,0,2,0.0,100.0
.991,2,0,2,0.0,100.0
.992,2,0,2,0.0,100.0
.993,2,0,2,0.0,100.0
.994,2,0,2,0.0,100.0
.995,2,0,2,0.0,100.0
.996,2,0,2,0.0,100.0
.997,2,0,2,0.0,100.0
.998,2,0,2,0.0,100.0
.optim,2,0,2,0.0,100.0
.cpl,2,0,2,0.0,100.0
.fraplib,2,0,2,0.0,100.0
.coco,2,0,2,0.0,100.0
.rlib,2,0,2,0.0,100.0
.prog,2,0,2,0.0,100.0
.tes,2,0,2,0.0,100.0
.watchr,2,0,2,0.0,100.0
.-chr,2,0,2,0.0,100.0
.chr21_22_only,2,0,2,0.0,100.0
.chr21_22_only:50000,2,0,2,0.0,100.0
.regions,2,0,2,0.0,100.0
.regions2,2,0,2,0.0,100.0
.xvv,2,0,2,0.0,100.0
.fdf,2,0,2,0.0,100.0
.basin,2,0,2,0.0,100.0
.dbasin,2,0,2,0.0,100.0
.mech_backup,2,0,2,0.0,100.0
.spot,2,0,2,0.0,100.0
.mafs,2,0,2,0.0,100.0
.align_one_indexed_and_reversed,2,0,2,0.0,100.0
.format,2,0,2,0.0,100.0
.ibd,2,0,2,0.0,100.0
.imzml,2,0,2,0.0,100.0
.pdos_atm#1(fe)_wfc#1(s),2,2,0,100.0,0.0
.pdos_atm#1(fe)_wfc#2(s),2,2,0,100.0,0.0
.pdos_atm#1(fe)_wfc#3(p),2,2,0,100.0,0.0
.pdos_atm#1(fe)_wfc#4(p),2,2,0,100.0,0.0
.pdos_atm#1(fe)_wfc#5(d),2,2,0,100.0,0.0
.pdos_atm#2(fe)_wfc#1(s),2,2,0,100.0,0.0
.pdos_atm#2(fe)_wfc#2(s),2,2,0,100.0,0.0
.pdos_atm#2(fe)_wfc#3(p),2,2,0,100.0,0.0
.pdos_atm#2(fe)_wfc#4(p),2,2,0,100.0,0.0
.pdos_atm#2(fe)_wfc#5(d),2,2,0,100.0,0.0
.hunspell,2,0,2,0.0,100.0
.alias,2,0,2,0.0,100.0
.sigmet,2,0,2,0.0,100.0
.candidates,2,2,0,100.0,0.0
.frcfld,2,0,2,0.0,100.0
.xml_tokenandwait,2,0,2,0.0,100.0
.te,2,0,2,0.0,100.0
.maxpresets,2,0,2,0.0,100.0
.superstl,2,0,2,0.0,100.0
.sstl,2,0,2,0.0,100.0
.guest,2,0,2,0.0,100.0
.kmt,2,0,2,0.0,100.0
.ivy,2,0,2,0.0,100.0
.ab,2,0,2,0.0,100.0
.qpf,2,0,2,0.0,100.0
.qsf,2,0,2,0.0,100.0
.qip,2,0,2,0.0,100.0
.4t,2,0,2,0.0,100.0
.4a,2,0,2,0.0,100.0
.12_200_300mpc_v3,2,0,2,0.0,100.0
.62_200_300mpc_v3,2,0,2,0.0,100.0
.75_200_300mpc_v3,2,0,2,0.0,100.0
.55_200_300mpc_v3,2,0,2,0.0,100.0
.81_200_300mpc_v3,2,0,2,0.0,100.0
.27_200_300mpc_v3,2,0,2,0.0,100.0
.70_200_300mpc_v3,2,0,2,0.0,100.0
.79_200_300mpc_v3,2,0,2,0.0,100.0
.16_200_300mpc_v3,2,0,2,0.0,100.0
.02_200_300mpc_v3,2,0,2,0.0,100.0
.57_200_300mpc_v3,2,0,2,0.0,100.0
.14_200_300mpc_v3,2,0,2,0.0,100.0
.73_200_300mpc_v3,2,0,2,0.0,100.0
.60_200_300mpc_v3,2,0,2,0.0,100.0
.33_200_300mpc_v3,2,0,2,0.0,100.0
.93_200_300mpc_v3,2,0,2,0.0,100.0
.72_200_300mpc_v3,2,0,2,0.0,100.0
.50_200_300mpc_v3,2,0,2,0.0,100.0
.renviron,2,0,2,0.0,100.0
.008,2,0,2,0.0,100.0
.009,2,0,2,0.0,100.0
.010,2,0,2,0.0,100.0
.039,2,0,2,0.0,100.0
.127,2,0,2,0.0,100.0
.250,2,0,2,0.0,100.0
.255,2,0,2,0.0,100.0
.450,2,0,2,0.0,100.0
.501,2,0,2,0.0,100.0
.686,2,0,2,0.0,100.0
.99,2,0,2,0.0,100.0
.cognition,2,0,2,0.0,100.0
.communication,2,0,2,0.0,100.0
.possession,2,0,2,0.0,100.0
.timestamp,2,1,1,50.0,50.0
.lrx,2,0,2,0.0,100.0
.t1x,2,0,2,0.0,100.0
.gplv3,2,0,2,0.0,100.0
.port,2,1,1,50.0,50.0
.replay_exclude,2,0,2,0.0,100.0
.replay_include,2,0,2,0.0,100.0
.replay_unique_ip,2,0,2,0.0,100.0
.rewrite_1ttl,2,0,2,0.0,100.0
.rewrite_1ttl-hdrfix,2,0,2,0.0,100.0
.rewrite_2ttl,2,0,2,0.0,100.0
.rewrite_2ttl-hdrfix,2,0,2,0.0,100.0
.rewrite_3ttl,2,0,2,0.0,100.0
.rewrite_3ttl-hdrfix,2,0,2,0.0,100.0
.rewrite_config,2,0,2,0.0,100.0
.rewrite_dlthdlc,2,0,2,0.0,100.0
.rewrite_dltraw,2,0,2,0.0,100.0
.rewrite_dltuser,2,0,2,0.0,100.0
.rewrite_efcs,2,0,2,0.0,100.0
.rewrite_endpoint,2,0,2,0.0,100.0
.rewrite_enet_subsmac,2,0,2,0.0,100.0
.rewrite_fixcsum,2,0,2,0.0,100.0
.rewrite_fixlen_del,2,0,2,0.0,100.0
.rewrite_fixlen_pad,2,0,2,0.0,100.0
.rewrite_fixlen_trunc,2,0,2,0.0,100.0
.rewrite_l7fuzzing,2,0,2,0.0,100.0
.rewrite_layer2,2,0,2,0.0,100.0
.rewrite_mac,2,0,2,0.0,100.0
.rewrite_mac_seed,2,0,2,0.0,100.0
.rewrite_mac_seed_keep,2,0,2,0.0,100.0
.rewrite_mtutrunc,2,0,2,0.0,100.0
.rewrite_nanosec,2,0,2,0.0,100.0
.rewrite_pad,2,0,2,0.0,100.0
.rewrite_pnat,2,0,2,0.0,100.0
.rewrite_portmap,2,0,2,0.0,100.0
.rewrite_range_portmap,2,0,2,0.0,100.0
.rewrite_seed,2,0,2,0.0,100.0
.rewrite_sequence,2,0,2,0.0,100.0
.rewrite_skip,2,0,2,0.0,100.0
.rewrite_tos,2,0,2,0.0,100.0
.rewrite_trunc,2,0,2,0.0,100.0
.1ad,2,0,2,0.0,100.0
.rewrite_vlandel,2,0,2,0.0,100.0
.bson,2,0,2,0.0,100.0
.bedlogr,2,0,2,0.0,100.0
.p7m,2,0,2,0.0,100.0
.oca,2,0,2,0.0,100.0
.ocx,2,0,2,0.0,100.0
.libsonnet,2,0,2,0.0,100.0
.product,2,0,2,0.0,100.0
.sil,2,2,0,100.0,0.0
.rootmap,2,0,2,0.0,100.0
.genre,2,0,2,0.0,100.0
.item,2,0,2,0.0,100.0
.occupation,2,0,2,0.0,100.0
.kij~,2,0,2,0.0,100.0
.inp~,2,0,2,0.0,100.0
.physical,2,0,2,0.0,100.0
.physical~,2,0,2,0.0,100.0
.depart,2,0,2,0.0,100.0
.age,2,0,2,0.0,100.0
.ssl,2,0,2,0.0,100.0
.sso,2,0,2,0.0,100.0
.xa,2,0,2,0.0,100.0
.100212,2,2,0,100.0,0.0
.subdir,2,0,2,0.0,100.0
.sdp,2,0,2,0.0,100.0
.hrg,2,0,2,0.0,100.0
.pack,2,0,2,0.0,100.0
.lmk,2,0,2,0.0,100.0
.lmko,2,0,2,0.0,100.0
.tmw,2,0,2,0.0,100.0
.simd,2,0,2,0.0,100.0
.qgz,2,1,1,50.0,50.0
.intel_2025,2,0,2,0.0,100.0
.xl,2,0,2,0.0,100.0
.traj,2,0,2,0.0,100.0
.tra,2,0,2,0.0,100.0
.nova,2,0,2,0.0,100.0
.voice,2,0,2,0.0,100.0
.tfb,2,0,2,0.0,100.0
.ns_movements,2,0,2,0.0,100.0
.unsuccessfulbuild,2,0,2,0.0,100.0
.nraw,2,0,2,0.0,100.0
.rrng,2,0,2,0.0,100.0
.model3,2,0,2,0.0,100.0
.mpileup,2,0,2,0.0,100.0
.cfm,2,1,1,50.0,50.0
.orc,2,1,1,50.0,50.0
.fsl,2,1,1,50.0,50.0
.gdshader,2,1,1,50.0,50.0
.gql,2,1,1,50.0,50.0
.ls,2,1,1,50.0,50.0
.lgt,2,1,1,50.0,50.0
.nim,2,1,1,50.0,50.0
.pig,2,1,1,50.0,50.0
.prql,2,1,1,50.0,50.0
.sqlserver,2,1,1,50.0,50.0
.tpd,2,0,2,0.0,100.0
.nosex,2,0,2,0.0,100.0
.kmc_nonmui,2,0,2,0.0,100.0
.cygwin,2,0,2,0.0,100.0
.serial,2,0,2,0.0,100.0
.strips,2,0,2,0.0,100.0
.corigpu,2,0,2,0.0,100.0
.obj~,2,0,2,0.0,100.0
.gdx,2,0,2,0.0,100.0
.check,2,0,2,0.0,100.0
.routes,2,1,1,50.0,50.0
.aocx,2,0,2,0.0,100.0
.asi,2,0,2,0.0,100.0
.qv,2,0,2,0.0,100.0
.chinese-news,2,0,2,0.0,100.0
.m2,2,0,2,0.0,100.0
.contents,2,0,2,0.0,100.0
.analysis,2,0,2,0.0,100.0
.vix,2,0,2,0.0,100.0
.request,2,0,2,0.0,100.0
.dangambigs,2,0,2,0.0,100.0
.freq-dawg,2,0,2,0.0,100.0
.inttemp,2,0,2,0.0,100.0
.normproto,2,0,2,0.0,100.0
.pffmtable,2,0,2,0.0,100.0
.unicharset,2,0,2,0.0,100.0
.user-words,2,0,2,0.0,100.0
.word-dawg,2,0,2,0.0,100.0
.cijdat,2,0,2,0.0,100.0
.processor,2,0,2,0.0,100.0
.locked,2,0,2,0.0,100.0
.missingdatainfo,2,0,2,0.0,100.0
.umap,2,0,2,0.0,100.0
.uproject,2,0,2,0.0,100.0
.ide-shm,2,0,2,0.0,100.0
.ide-wal,2,0,2,0.0,100.0
.tmpoutputpath,2,0,2,0.0,100.0
.browser,2,0,2,0.0,100.0
.bdg,2,0,2,0.0,100.0
.qea,2,0,2,0.0,100.0
.lot,2,1,1,50.0,50.0
.hh*,2,0,2,0.0,100.0
.scripted,2,0,2,0.0,100.0
.attr,2,0,2,0.0,100.0
.configure,2,0,2,0.0,100.0
.tr_list,2,0,2,0.0,100.0
.unx,2,0,2,0.0,100.0
.distrib,2,2,0,100.0,0.0
.sgml,2,1,1,50.0,50.0
.mpf,2,0,2,0.0,100.0
.apps,2,0,2,0.0,100.0
.pkgs,2,0,2,0.0,100.0
.xgb,2,0,2,0.0,100.0
.tfrecord,2,0,2,0.0,100.0
.950214,2,0,2,0.0,100.0
.950215,2,0,2,0.0,100.0
.950216,2,0,2,0.0,100.0
.950217,2,0,2,0.0,100.0
.950218,2,0,2,0.0,100.0
.950219,2,0,2,0.0,100.0
.950220,2,0,2,0.0,100.0
.950221,2,0,2,0.0,100.0
.950222,2,0,2,0.0,100.0
.950223,2,0,2,0.0,100.0
.950224,2,0,2,0.0,100.0
.150309,2,0,2,0.0,100.0
.150307,2,0,2,0.0,100.0
.150310,2,0,2,0.0,100.0
.150314,2,0,2,0.0,100.0
.150313,2,0,2,0.0,100.0
.150311,2,0,2,0.0,100.0
.150315,2,0,2,0.0,100.0
.150312,2,0,2,0.0,100.0
.150308,2,0,2,0.0,100.0
.150317,2,0,2,0.0,100.0
.150316,2,0,2,0.0,100.0
.150508,2,0,2,0.0,100.0
.150506,2,0,2,0.0,100.0
.150509,2,0,2,0.0,100.0
.150513,2,0,2,0.0,100.0
.150512,2,0,2,0.0,100.0
.150510,2,0,2,0.0,100.0
.150514,2,0,2,0.0,100.0
.150511,2,0,2,0.0,100.0
.150507,2,0,2,0.0,100.0
.150516,2,0,2,0.0,100.0
.150515,2,0,2,0.0,100.0
.150320,2,0,2,0.0,100.0
.150318,2,0,2,0.0,100.0
.150321,2,0,2,0.0,100.0
.150325,2,0,2,0.0,100.0
.150324,2,0,2,0.0,100.0
.150322,2,0,2,0.0,100.0
.150326,2,0,2,0.0,100.0
.150323,2,0,2,0.0,100.0
.150319,2,0,2,0.0,100.0
.150328,2,0,2,0.0,100.0
.150327,2,0,2,0.0,100.0
.502328,2,0,2,0.0,100.0
.502331,2,0,2,0.0,100.0
.502333,2,0,2,0.0,100.0
.502327,2,0,2,0.0,100.0
.502326,2,0,2,0.0,100.0
.502325,2,0,2,0.0,100.0
.502329,2,0,2,0.0,100.0
.502332,2,0,2,0.0,100.0
.502324,2,0,2,0.0,100.0
.502330,2,0,2,0.0,100.0
.clist,2,0,2,0.0,100.0
.input4,2,0,2,0.0,100.0
.importorder,2,0,2,0.0,100.0
.nvcc,2,0,2,0.0,100.0
.acx,2,0,2,0.0,100.0
.byte,2,0,2,0.0,100.0
.info-1,2,1,1,50.0,50.0
.info-2,2,1,1,50.0,50.0
.7b,2,0,2,0.0,100.0
.6d,2,0,2,0.0,100.0
.garuda,2,0,2,0.0,100.0
.restarttest,2,0,2,0.0,100.0
.nosub,2,0,2,0.0,100.0
.load,2,0,2,0.0,100.0
.beam,2,0,2,0.0,100.0
.lsf,2,0,2,0.0,100.0
.avg_curv,2,0,2,0.0,100.0
.avg_sulc,2,0,2,0.0,100.0
.avg_thickness,2,0,2,0.0,100.0
.curv,2,0,2,0.0,100.0
.sulc,2,0,2,0.0,100.0
.thickness,2,0,2,0.0,100.0
.k,2,0,2,0.0,100.0
.meme,2,0,2,0.0,100.0
.pattern,2,0,2,0.0,100.0
.mold,2,0,2,0.0,100.0
.oldcpp,2,0,2,0.0,100.0
.svgz,2,0,2,0.0,100.0
.org_archive,2,0,2,0.0,100.0
.asci,2,0,2,0.0,100.0
.negative,2,0,2,0.0,100.0
.mht,2,0,2,0.0,100.0
.tmx,2,0,2,0.0,100.0
.mime,2,0,2,0.0,100.0
.bcc,2,0,2,0.0,100.0
.manx,2,0,2,0.0,100.0
.mc6,2,0,2,0.0,100.0
.wat,2,0,2,0.0,100.0
.flac,2,0,2,0.0,100.0
.apns,2,0,2,0.0,100.0
.ptm,2,0,2,0.0,100.0
.sls,2,0,2,0.0,100.0
.cj,2,0,2,0.0,100.0
.idr,2,0,2,0.0,100.0
.dfy,2,0,2,0.0,100.0
.ʕ◔ϖ◔ʔ,2,0,2,0.0,100.0
.f03,2,0,2,0.0,100.0
.rkt,2,0,2,0.0,100.0
.civet,2,0,2,0.0,100.0
.pegjs,2,0,2,0.0,100.0
.slnf,2,0,2,0.0,100.0
.cid,2,0,2,0.0,100.0
.3des,2,0,2,0.0,100.0
.cson,2,2,0,100.0,0.0
.licensepp,2,0,2,0.0,100.0
.keywords,2,0,2,0.0,100.0
.rtems,2,0,2,0.0,100.0
.bna,2,0,2,0.0,100.0
.nxd,2,0,2,0.0,100.0
.nxj,2,0,2,0.0,100.0
.tk,2,0,2,0.0,100.0
.pip,2,0,2,0.0,100.0
.z05,2,0,2,0.0,100.0
.dacpac,2,0,2,0.0,100.0
.yml~,2,0,2,0.0,100.0
.osc,2,0,2,0.0,100.0
.add,2,0,2,0.0,100.0
.rdf+xml,2,0,2,0.0,100.0
.turtle,2,0,2,0.0,100.0
.joblib,2,0,2,0.0,100.0
.agp,2,0,2,0.0,100.0
.selected,2,0,2,0.0,100.0
.top_500_longest,2,0,2,0.0,100.0
.rbz,2,0,2,0.0,100.0
.typesconfigurations,2,0,2,0.0,100.0
.tfa_clu,2,0,2,0.0,100.0
.tfa_kalign,2,0,2,0.0,100.0
.tfa_muscle,2,0,2,0.0,100.0
.sphinx,2,2,0,100.0,0.0
.bubble,2,0,2,0.0,100.0
.flow_past_cylinder-z,2,0,2,0.0,100.0
.traceradvect_bds,2,0,2,0.0,100.0
.rayleightaylor,2,0,2,0.0,100.0
.convectedvortex,2,0,2,0.0,100.0
.traceradvect,2,0,2,0.0,100.0
.stanford,2,0,2,0.0,100.0
.tcsh,2,0,2,0.0,100.0
.left,2,0,2,0.0,100.0
.pion,2,0,2,0.0,100.0
.gch,2,0,2,0.0,100.0
.db-journal,2,0,2,0.0,100.0
.abcjob,2,0,2,0.0,100.0
.rest,2,0,2,0.0,100.0
.sygus,2,2,0,100.0,0.0
.dfm,2,0,2,0.0,100.0
.creator,2,0,2,0.0,100.0
.includes,2,0,2,0.0,100.0
.defaultconfigurationprovider,2,0,2,0.0,100.0
.detektprovider,2,0,2,0.0,100.0
.versionprovider,2,0,2,0.0,100.0
.configvalidator,2,0,2,0.0,100.0
.aas,2,0,2,0.0,100.0
.mgm,2,0,2,0.0,100.0
.fch,2,2,0,100.0,0.0
.ast,2,0,2,0.0,100.0
.mtvl,2,1,1,50.0,50.0
.i64,2,0,2,0.0,100.0
.garf,2,0,2,0.0,100.0
.grmf,2,0,2,0.0,100.0
.const,2,0,2,0.0,100.0
.ewprj,2,0,2,0.0,100.0
.ewprj (security copy),2,0,2,0.0,100.0
.ecf,2,0,2,0.0,100.0
.r2022b,2,0,2,0.0,100.0
.ea,2,0,2,0.0,100.0
.kaval,2,0,2,0.0,100.0
.kavec,2,0,2,0.0,100.0
.kdval,2,0,2,0.0,100.0
.kdvec,2,0,2,0.0,100.0
.nka,2,0,2,0.0,100.0
.nkd,2,0,2,0.0,100.0
.r0,2,0,2,0.0,100.0
.ensemble,2,0,2,0.0,100.0
.oe,2,0,2,0.0,100.0
.blacklist,2,0,2,0.0,100.0
.xln,2,0,2,0.0,100.0
.tip4pd,2,0,2,0.0,100.0
.repo,2,0,2,0.0,100.0
.chromsizes,2,0,2,0.0,100.0
.is,2,0,2,0.0,100.0
.lisp~,2,0,2,0.0,100.0
.warc,2,0,2,0.0,100.0
.experiment,2,0,2,0.0,100.0
.nonroot,2,0,2,0.0,100.0
.style,2,0,2,0.0,100.0
.conll10,2,0,2,0.0,100.0
.mess,2,0,2,0.0,100.0
.dita,2,2,0,100.0,0.0
.rtl,2,0,2,0.0,100.0
.nif,2,0,2,0.0,100.0
.ane,2,0,2,0.0,100.0
.ebnf,2,0,2,0.0,100.0
.htkdic,2,0,2,0.0,100.0
.gtout,2,0,2,0.0,100.0
.preferences_pb,2,0,2,0.0,100.0
.stetic,2,0,2,0.0,100.0
.protect,2,0,2,0.0,100.0
.xmap,2,1,1,50.0,50.0
.cmap,2,0,2,0.0,100.0
.spyx,2,0,2,0.0,100.0
.feat,2,0,2,0.0,100.0
.vcb,2,0,2,0.0,100.0
.wembed,2,0,2,0.0,100.0
.wvec,2,0,2,0.0,100.0
.ppk,2,0,2,0.0,100.0
.ez,2,0,2,0.0,100.0
.actions,2,0,2,0.0,100.0
.lpi,2,0,2,0.0,100.0
.vrt,2,0,2,0.0,100.0
.chr2l,2,0,2,0.0,100.0
.425_i86linux32,2,0,2,0.0,100.0
.425_i86linux64,2,0,2,0.0,100.0
.adabody,2,0,2,0.0,100.0
.ok,2,0,2,0.0,100.0
.gzaa,2,0,2,0.0,100.0
.gzab,2,0,2,0.0,100.0
.partay,2,0,2,0.0,100.0
.partaz,2,0,2,0.0,100.0
.partba,2,0,2,0.0,100.0
.partbb,2,0,2,0.0,100.0
.partbc,2,0,2,0.0,100.0
.partbd,2,0,2,0.0,100.0
.partbe,2,0,2,0.0,100.0
.partbf,2,0,2,0.0,100.0
.partbg,2,0,2,0.0,100.0
.partbh,2,0,2,0.0,100.0
.partbi,2,0,2,0.0,100.0
.partbj,2,0,2,0.0,100.0
.partbk,2,0,2,0.0,100.0
.partbl,2,0,2,0.0,100.0
.partbm,2,0,2,0.0,100.0
.partbn,2,0,2,0.0,100.0
.partbo,2,0,2,0.0,100.0
.partbp,2,0,2,0.0,100.0
.partbq,2,0,2,0.0,100.0
.partbr,2,0,2,0.0,100.0
.partbs,2,0,2,0.0,100.0
.partbt,2,0,2,0.0,100.0
.partbu,2,0,2,0.0,100.0
.partbv,2,0,2,0.0,100.0
.partbw,2,0,2,0.0,100.0
.partbx,2,0,2,0.0,100.0
.partby,2,0,2,0.0,100.0
.partbz,2,0,2,0.0,100.0
.partca,2,0,2,0.0,100.0
.partcb,2,0,2,0.0,100.0
.partcc,2,0,2,0.0,100.0
.partcd,2,0,2,0.0,100.0
.partce,2,0,2,0.0,100.0
.partcf,2,0,2,0.0,100.0
.partcg,2,0,2,0.0,100.0
.partch,2,0,2,0.0,100.0
.partci,2,0,2,0.0,100.0
.partcj,2,0,2,0.0,100.0
.partck,2,0,2,0.0,100.0
.partcl,2,0,2,0.0,100.0
.partcm,2,0,2,0.0,100.0
.partcn,2,0,2,0.0,100.0
.partco,2,0,2,0.0,100.0
.partcp,2,0,2,0.0,100.0
.partcq,2,0,2,0.0,100.0
.partcr,2,0,2,0.0,100.0
.partcs,2,0,2,0.0,100.0
.partct,2,0,2,0.0,100.0
.partcu,2,0,2,0.0,100.0
.partcv,2,0,2,0.0,100.0
.sdk,2,0,2,0.0,100.0
.112-12,2,0,2,0.0,100.0
.112-13,2,0,2,0.0,100.0
.112-14,2,0,2,0.0,100.0
.112-15,2,0,2,0.0,100.0
.112-16,2,0,2,0.0,100.0
.223-17,2,0,2,0.0,100.0
.23-2,2,0,2,0.0,100.0
.23-3,2,0,2,0.0,100.0
.23-4,2,0,2,0.0,100.0
.23-5,2,0,2,0.0,100.0
.23-6,2,0,2,0.0,100.0
.56-10,2,0,2,0.0,100.0
.56-11,2,0,2,0.0,100.0
.56-7,2,0,2,0.0,100.0
.56-8,2,0,2,0.0,100.0
.56-9,2,0,2,0.0,100.0
.18-17,2,0,2,0.0,100.0
.5-10,2,0,2,0.0,100.0
.5-11,2,0,2,0.0,100.0
.5-7,2,0,2,0.0,100.0
.5-8,2,0,2,0.0,100.0
.5-9,2,0,2,0.0,100.0
.9-12,2,0,2,0.0,100.0
.9-13,2,0,2,0.0,100.0
.9-14,2,0,2,0.0,100.0
.9-15,2,0,2,0.0,100.0
.9-16,2,0,2,0.0,100.0
.135-10,2,0,2,0.0,100.0
.135-11,2,0,2,0.0,100.0
.135-7,2,0,2,0.0,100.0
.135-8,2,0,2,0.0,100.0
.135-9,2,0,2,0.0,100.0
.270-12,2,0,2,0.0,100.0
.270-13,2,0,2,0.0,100.0
.270-14,2,0,2,0.0,100.0
.270-15,2,0,2,0.0,100.0
.270-16,2,0,2,0.0,100.0
.539-17,2,0,2,0.0,100.0
.54-2,2,0,2,0.0,100.0
.54-3,2,0,2,0.0,100.0
.54-4,2,0,2,0.0,100.0
.54-5,2,0,2,0.0,100.0
.54-6,2,0,2,0.0,100.0
.16-10,2,0,2,0.0,100.0
.16-11,2,0,2,0.0,100.0
.16-7,2,0,2,0.0,100.0
.16-8,2,0,2,0.0,100.0
.16-9,2,0,2,0.0,100.0
.32-12,2,0,2,0.0,100.0
.32-13,2,0,2,0.0,100.0
.32-14,2,0,2,0.0,100.0
.32-15,2,0,2,0.0,100.0
.32-16,2,0,2,0.0,100.0
.64-17,2,0,2,0.0,100.0
.7-2,2,0,2,0.0,100.0
.7-3,2,0,2,0.0,100.0
.7-4,2,0,2,0.0,100.0
.7-5,2,0,2,0.0,100.0
.7-6,2,0,2,0.0,100.0
.168-17,2,0,2,0.0,100.0
.17-2,2,0,2,0.0,100.0
.17-3,2,0,2,0.0,100.0
.17-4,2,0,2,0.0,100.0
.17-5,2,0,2,0.0,100.0
.17-6,2,0,2,0.0,100.0
.42-10,2,0,2,0.0,100.0
.42-11,2,0,2,0.0,100.0
.42-7,2,0,2,0.0,100.0
.42-8,2,0,2,0.0,100.0
.42-9,2,0,2,0.0,100.0
.84-12,2,0,2,0.0,100.0
.84-13,2,0,2,0.0,100.0
.84-14,2,0,2,0.0,100.0
.84-15,2,0,2,0.0,100.0
.84-16,2,0,2,0.0,100.0
.142-12,2,0,2,0.0,100.0
.142-13,2,0,2,0.0,100.0
.142-14,2,0,2,0.0,100.0
.142-15,2,0,2,0.0,100.0
.142-16,2,0,2,0.0,100.0
.284-17,2,0,2,0.0,100.0
.29-2,2,0,2,0.0,100.0
.29-3,2,0,2,0.0,100.0
.29-4,2,0,2,0.0,100.0
.29-5,2,0,2,0.0,100.0
.29-6,2,0,2,0.0,100.0
.71-10,2,0,2,0.0,100.0
.71-11,2,0,2,0.0,100.0
.71-7,2,0,2,0.0,100.0
.71-8,2,0,2,0.0,100.0
.71-9,2,0,2,0.0,100.0
.11-12,2,0,2,0.0,100.0
.11-13,2,0,2,0.0,100.0
.11-14,2,0,2,0.0,100.0
.11-15,2,0,2,0.0,100.0
.11-16,2,0,2,0.0,100.0
.22-17,2,0,2,0.0,100.0
.3-2,2,0,2,0.0,100.0
.3-3,2,0,2,0.0,100.0
.3-4,2,0,2,0.0,100.0
.3-5,2,0,2,0.0,100.0
.3-6,2,0,2,0.0,100.0
.6-10,2,0,2,0.0,100.0
.6-11,2,0,2,0.0,100.0
.6-7,2,0,2,0.0,100.0
.6-8,2,0,2,0.0,100.0
.6-9,2,0,2,0.0,100.0
.13-17,2,0,2,0.0,100.0
.4-10,2,0,2,0.0,100.0
.4-11,2,0,2,0.0,100.0
.4-7,2,0,2,0.0,100.0
.4-8,2,0,2,0.0,100.0
.4-9,2,0,2,0.0,100.0
.7-12,2,0,2,0.0,100.0
.7-13,2,0,2,0.0,100.0
.7-14,2,0,2,0.0,100.0
.7-15,2,0,2,0.0,100.0
.7-16,2,0,2,0.0,100.0
.173-17,2,0,2,0.0,100.0
.18-2,2,0,2,0.0,100.0
.18-3,2,0,2,0.0,100.0
.18-4,2,0,2,0.0,100.0
.18-5,2,0,2,0.0,100.0
.18-6,2,0,2,0.0,100.0
.44-10,2,0,2,0.0,100.0
.44-11,2,0,2,0.0,100.0
.44-7,2,0,2,0.0,100.0
.44-8,2,0,2,0.0,100.0
.44-9,2,0,2,0.0,100.0
.87-12,2,0,2,0.0,100.0
.87-13,2,0,2,0.0,100.0
.87-14,2,0,2,0.0,100.0
.87-15,2,0,2,0.0,100.0
.87-16,2,0,2,0.0,100.0
.case-insensitive,2,0,2,0.0,100.0
.case-sensitive,2,0,2,0.0,100.0
.h5f,2,0,2,0.0,100.0
.others,2,0,2,0.0,100.0
.tassign,2,0,2,0.0,100.0
.theta,2,0,2,0.0,100.0
.twords,2,0,2,0.0,100.0
.ncb,2,0,2,0.0,100.0
.odex,2,0,2,0.0,100.0
.srdf,2,0,2,0.0,100.0
.java#,2,0,2,0.0,100.0
.conservationscores,2,0,2,0.0,100.0
".txt,1",2,0,2,0.0,100.0
.glf,2,0,2,0.0,100.0
.vfb,2,0,2,0.0,100.0
.designer,2,0,2,0.0,100.0
.mscz,2,0,2,0.0,100.0
.ur5,2,0,2,0.0,100.0
.keep,2,0,2,0.0,100.0
.jtv,2,0,2,0.0,100.0
.jfr,2,0,2,0.0,100.0
.sjk,2,0,2,0.0,100.0
.ori,2,0,2,0.0,100.0
.iges,2,0,2,0.0,100.0
.sbproj,2,0,2,0.0,100.0
.txtinput,2,0,2,0.0,100.0
.keylayout,2,0,2,0.0,100.0
.klc,2,0,2,0.0,100.0
.temp,2,0,2,0.0,100.0
.rbwt,2,0,2,0.0,100.0
.rpac,2,0,2,0.0,100.0
.cool,2,0,2,0.0,100.0
.mcool,2,0,2,0.0,100.0
.hic,2,0,2,0.0,100.0
.zul,2,0,2,0.0,100.0
.magma_template,2,0,2,0.0,100.0
.magma_out,2,0,2,0.0,100.0
.bvh,2,0,2,0.0,100.0
.pka,2,0,2,0.0,100.0
.aspect,2,0,2,0.0,100.0
.r2016a,2,0,2,0.0,100.0
.carefully,2,0,2,0.0,100.0
.bt,2,0,2,0.0,100.0
.omc,2,0,2,0.0,100.0
.msk,2,0,2,0.0,100.0
.nnw,2,0,2,0.0,100.0
.gsheet,2,0,2,0.0,100.0
.axlsx,2,0,2,0.0,100.0
.odat,2,0,2,0.0,100.0
.chrom_map,2,0,2,0.0,100.0
.r#,2,0,2,0.0,100.0
.jsfrag,2,0,2,0.0,100.0
.taylor_vortex_decaying,2,0,2,0.0,100.0
.bds_tracer_advection,2,0,2,0.0,100.0
.couette,2,0,2,0.0,100.0
.read,2,0,2,0.0,100.0
.write,2,0,2,0.0,100.0
.eb_flow_const_velx,2,0,2,0.0,100.0
.eb_flow_const_vely,2,0,2,0.0,100.0
.poiseuille_cylinder_bingham,2,0,2,0.0,100.0
.poiseuille_cylinder_newtonian,2,0,2,0.0,100.0
.poiseuille_plane_bingham,2,0,2,0.0,100.0
.poiseuille_plane_newtonian,2,0,2,0.0,100.0
.split,2,0,2,0.0,100.0
.tracer_adv_diff,2,0,2,0.0,100.0
.tracer_adv_diff_cn,2,0,2,0.0,100.0
.tracer_advection,2,0,2,0.0,100.0
.uniform_velocity_sphere,2,0,2,0.0,100.0
.channel_sphere,2,0,2,0.0,100.0
.rotated_cylinder_x,2,0,2,0.0,100.0
.rotated_cylinder_y,2,0,2,0.0,100.0
.rotated_cylinder_z,2,0,2,0.0,100.0
.bouss_bubble_god,2,0,2,0.0,100.0
.bouss_bubble_mol,2,0,2,0.0,100.0
.bouss_bubble_plm,2,0,2,0.0,100.0
.burggraf,2,0,2,0.0,100.0
.inout,2,0,2,0.0,100.0
.rayleigh_taylor,2,0,2,0.0,100.0
.time_dep_inflow,2,0,2,0.0,100.0
.gaussian_traceradvect_bds,2,0,2,0.0,100.0
.pakmor,2,0,2,0.0,100.0
.copyright,2,0,2,0.0,100.0
.fa~,2,0,2,0.0,100.0
.bionic,2,0,2,0.0,100.0
.xenial,2,0,2,0.0,100.0
.dirmeta,2,0,2,0.0,100.0
.scratch,2,0,2,0.0,100.0
.strata,2,0,2,0.0,100.0
.enw,2,0,2,0.0,100.0
.errorprofile,2,0,2,0.0,100.0
.mma,2,0,2,0.0,100.0
.mmc,2,0,2,0.0,100.0
.indel,2,0,2,0.0,100.0
.vsct,2,0,2,0.0,100.0
.dru,2,0,2,0.0,100.0
.cam,2,0,2,0.0,100.0
.l#3,2,0,2,0.0,100.0
.l#4,2,0,2,0.0,100.0
.axf,2,0,2,0.0,100.0
.pbxuser,2,0,2,0.0,100.0
.cikernel,2,0,2,0.0,100.0
.xsemantics,2,0,2,0.0,100.0
.yar,2,0,2,0.0,100.0
.kf,2,0,2,0.0,100.0
.xsf-in,2,0,2,0.0,100.0
.rspec,2,0,2,0.0,100.0
.ipk,2,0,2,0.0,100.0
.magicrc,2,2,0,100.0,0.0
.tech,2,2,0,100.0,0.0
.va,2,0,2,0.0,100.0
.argo,2,0,2,0.0,100.0
.pyf~,2,0,2,0.0,100.0
.deprecated,2,0,2,0.0,100.0
.vcf_bgzip,2,0,2,0.0,100.0
.js1,2,0,2,0.0,100.0
.yapf,2,0,2,0.0,100.0
.qs,2,0,2,0.0,100.0
.hlp,2,0,2,0.0,100.0
.alessandro,2,0,2,0.0,100.0
.melino,2,0,2,0.0,100.0
.alex,2,0,2,0.0,100.0
.álvaro,2,0,2,0.0,100.0
._2i,2,0,2,0.0,100.0
.eps_template,2,0,2,0.0,100.0
.vanilla,2,0,2,0.0,100.0
.benchfile,2,0,2,0.0,100.0
.vssscc,2,0,2,0.0,100.0
.mxd,2,0,2,0.0,100.0
.emm,2,1,1,50.0,50.0
.specialsubmit,2,2,0,100.0,0.0
.wrapper,2,0,2,0.0,100.0
.pops,2,0,2,0.0,100.0
.tfvars,2,0,2,0.0,100.0
.asprox,2,0,2,0.0,100.0
.msx,2,0,2,0.0,100.0
.50k,2,0,2,0.0,100.0
.javascript,2,0,2,0.0,100.0
.task,2,0,2,0.0,100.0
.1ctadimer,2,0,2,0.0,100.0
.separated,2,0,2,0.0,100.0
.extended,2,0,2,0.0,100.0
.n,2,0,2,0.0,100.0
.logistic,2,0,2,0.0,100.0
.mseq,2,0,2,0.0,100.0
.genus,2,0,2,0.0,100.0
.bkup,2,2,0,100.0,0.0
.tuxy,2,0,2,0.0,100.0
.rrd,2,0,2,0.0,100.0
.odoc,2,0,2,0.0,100.0
.dcr,2,0,2,0.0,100.0
.ram,2,0,2,0.0,100.0
.rm,2,0,2,0.0,100.0
.wout,2,0,2,0.0,100.0
.kb,2,0,2,0.0,100.0
.lst~,2,0,2,0.0,100.0
.tsv~,2,0,2,0.0,100.0
.points,2,0,2,0.0,100.0
.checks,2,0,2,0.0,100.0
.tcss,2,0,2,0.0,100.0
.mpx,2,0,2,0.0,100.0
.axd,2,0,2,0.0,100.0
.asmx,2,0,2,0.0,100.0
.refresh,2,0,2,0.0,100.0
.sitemap,2,0,2,0.0,100.0
.alpha_chain,2,0,2,0.0,100.0
.beta_chain,2,0,2,0.0,100.0
.psi,2,0,2,0.0,100.0
.protein_l10p,2,0,2,0.0,100.0
.protein_l11p,2,0,2,0.0,100.0
.protein_l13p,2,0,2,0.0,100.0
.protein_l14p,2,0,2,0.0,100.0
.protein_l15p,2,0,2,0.0,100.0
.protein_l16p,2,0,2,0.0,100.0
.protein_l18p,2,0,2,0.0,100.0
.protein_l1p,2,0,2,0.0,100.0
.protein_l22p,2,0,2,0.0,100.0
.protein_l24p,2,0,2,0.0,100.0
.protein_l2p,2,0,2,0.0,100.0
.protein_l3p,2,0,2,0.0,100.0
.protein_l4p,2,0,2,0.0,100.0
.protein_l5p,2,0,2,0.0,100.0
.protein_l6p,2,0,2,0.0,100.0
.protein_s11p,2,0,2,0.0,100.0
.protein_s12p,2,0,2,0.0,100.0
.protein_s13p,2,0,2,0.0,100.0
.protein_s15p,2,0,2,0.0,100.0
.protein_s17p,2,0,2,0.0,100.0
.protein_s19p,2,0,2,0.0,100.0
.protein_s2p,2,0,2,0.0,100.0
.protein_s3p,2,0,2,0.0,100.0
.protein_s5p,2,0,2,0.0,100.0
.protein_s7p,2,0,2,0.0,100.0
.protein_s8p,2,0,2,0.0,100.0
.protein_s9p,2,0,2,0.0,100.0
.classpath,2,0,2,0.0,100.0
.combine,2,0,2,0.0,100.0
.cppx,2,0,2,0.0,100.0
.acp,2,0,2,0.0,100.0
.z1,2,0,2,0.0,100.0
.pbm,2,0,2,0.0,100.0
.org~,2,0,2,0.0,100.0
.eaf,2,0,2,0.0,100.0
.exb,2,0,2,0.0,100.0
.fwbackup,2,0,2,0.0,100.0
.fwdata,2,0,2,0.0,100.0
.sqlview,2,0,2,0.0,100.0
.extraman,2,0,2,0.0,100.0
.rdfs,2,0,2,0.0,100.0
.levels_outformat,2,0,2,0.0,100.0
.simple,2,0,2,0.0,100.0
.flr,2,0,2,0.0,100.0
.flr_query,2,0,2,0.0,100.0
.flr_results,2,0,2,0.0,100.0
.mozilla,2,0,2,0.0,100.0
.richseed2,2,0,2,0.0,100.0
.mnt,2,0,2,0.0,100.0
.forge,2,0,2,0.0,100.0
.ordered,2,0,2,0.0,100.0
.acff,2,0,2,0.0,100.0
.notmp,2,0,2,0.0,100.0
.bio,2,0,2,0.0,100.0
.constraints,2,0,2,0.0,100.0
.fms,2,0,2,0.0,100.0
.sit,2,0,2,0.0,100.0
.mmn,2,0,2,0.0,100.0
.spin,2,0,2,0.0,100.0
.pygtex,2,0,2,0.0,100.0
.pygstyle,2,0,2,0.0,100.0
.djvu,2,0,2,0.0,100.0
.harvest_params,2,0,2,0.0,100.0
.json_manifest,2,0,2,0.0,100.0
.rsync_manifest,2,0,2,0.0,100.0
.sfo,2,0,2,0.0,100.0
.qa,2,0,2,0.0,100.0
.listobs,2,0,2,0.0,100.0
.in~,2,0,2,0.0,100.0
.lff,2,0,2,0.0,100.0
.zinc,2,0,2,0.0,100.0
.gwp,2,0,2,0.0,100.0
.jhm,2,0,2,0.0,100.0
.f0,2,0,2,0.0,100.0
.vab,2,0,2,0.0,100.0
.rcq,2,0,2,0.0,100.0
.thr,2,0,2,0.0,100.0
.aspect_x,2,0,2,0.0,100.0
.aspect_y,2,0,2,0.0,100.0
.multid,2,0,2,0.0,100.0
.coulomb,2,0,2,0.0,100.0
.simplified_sdc,2,0,2,0.0,100.0
.nse_net,2,0,2,0.0,100.0
.one,2,0,2,0.0,100.0
.coarse,2,0,2,0.0,100.0
.nonsquare,2,0,2,0.0,100.0
.dx_6cm,2,0,2,0.0,100.0
.runner,2,1,1,50.0,50.0
.1536,2,0,2,0.0,100.0
.rprox,2,0,2,0.0,100.0
.unittest,2,0,2,0.0,100.0
.parameterized,2,0,2,0.0,100.0
.diskspecs,2,0,2,0.0,100.0
.outv,2,0,2,0.0,100.0
.parv,2,0,2,0.0,100.0
.xctimeline,2,0,2,0.0,100.0
.dsidx,2,2,0,100.0,0.0
.dat3,2,0,2,0.0,100.0
.dotnet,2,0,2,0.0,100.0
.sthlp,2,0,2,0.0,100.0
.cproj,2,0,2,0.0,100.0
.feas,2,0,2,0.0,100.0
.modelproj,2,0,2,0.0,100.0
.ewl,2,0,2,0.0,100.0
.lzfse,2,0,2,0.0,100.0
.csv1,2,0,2,0.0,100.0
.ccc,2,0,2,0.0,100.0
.nc4,2,0,2,0.0,100.0
.should,2,0,2,0.0,100.0
.quad,2,0,2,0.0,100.0
.f90_good,2,0,2,0.0,100.0
.maybe,2,0,2,0.0,100.0
.parameters,2,0,2,0.0,100.0
.vowel,2,0,2,0.0,100.0
.1-const,2,0,2,0.0,100.0
.1-vowel,2,0,2,0.0,100.0
.poni,2,0,2,0.0,100.0
.cql,2,0,2,0.0,100.0
.avl,2,0,2,0.0,100.0
.cad,2,0,2,0.0,100.0
.knob,2,0,2,0.0,100.0
.gvdesign,2,2,0,100.0,0.0
.cn,2,0,2,0.0,100.0
.cnu,2,0,2,0.0,100.0
.vsidx,2,0,2,0.0,100.0
.ktx,2,0,2,0.0,100.0
.jbuilder,2,0,2,0.0,100.0
.geohash,2,0,2,0.0,100.0
.f%,2,0,2,0.0,100.0
.taup,2,0,2,0.0,100.0
.clustal_num,2,0,2,0.0,100.0
.dbr,2,0,2,0.0,100.0
.f77,1,0,1,0.0,100.0
.fast,1,0,1,0.0,100.0
.yymps,1,0,1,0.0,100.0
.qgraf,1,0,1,0.0,100.0
.rtn,1,0,1,0.0,100.0
.headers,1,0,1,0.0,100.0
.scaf2bin,1,0,1,0.0,100.0
.count_table,1,0,1,0.0,100.0
.earth,1,0,1,0.0,100.0
.ive,1,0,1,0.0,100.0
.2018,1,0,1,0.0,100.0
.xwb,1,0,1,0.0,100.0
.transformerfactory,1,0,1,0.0,100.0
.xpathfactory,1,0,1,0.0,100.0
.64intel,1,0,1,0.0,100.0
.64sointel,1,0,1,0.0,100.0
.absoft,1,0,1,0.0,100.0
.elabsoft,1,0,1,0.0,100.0
.elg95,1,0,1,0.0,100.0
.elintel,1,0,1,0.0,100.0
.intel80,1,0,1,0.0,100.0
.pouillon,1,0,1,0.0,100.0
.aliases,1,0,1,0.0,100.0
.lvlps,1,0,1,0.0,100.0
.fr_msm_hcv_4d,1,1,0,100.0,0.0
.cyjs,1,0,1,0.0,100.0
.scatter,1,0,1,0.0,100.0
.fbt,1,0,1,0.0,100.0
.filt,1,0,1,0.0,100.0
.e4821625,1,0,1,0.0,100.0
.e5085402,1,0,1,0.0,100.0
.o4821625,1,0,1,0.0,100.0
.o5085402,1,0,1,0.0,100.0
.e3862270,1,0,1,0.0,100.0
.e3982326,1,0,1,0.0,100.0
.e5086168,1,0,1,0.0,100.0
.o3862270,1,0,1,0.0,100.0
.o3982326,1,0,1,0.0,100.0
.o5086168,1,0,1,0.0,100.0
.arith,1,0,1,0.0,100.0
.gmk,1,0,1,0.0,100.0
.cc_head,1,0,1,0.0,100.0
.cc_tail,1,0,1,0.0,100.0
.opf,1,0,1,0.0,100.0
.scrm,1,0,1,0.0,100.0
.axt,1,0,1,0.0,100.0
.eu,1,0,1,0.0,100.0
.ini_tmpl,1,0,1,0.0,100.0
.ode,1,0,1,0.0,100.0
.lsb,1,0,1,0.0,100.0
.upstart,1,0,1,0.0,100.0
.softlearning,1,0,1,0.0,100.0
.entry1,1,0,1,0.0,100.0
.fqrs,1,0,1,0.0,100.0
.ecg,1,0,1,0.0,100.0
.aa6f9e2,1,0,1,0.0,100.0
.p18564,1,0,1,0.0,100.0
.png~,1,0,1,0.0,100.0
.bridge,1,1,0,100.0,0.0
.pass,1,0,1,0.0,100.0
.client,1,0,1,0.0,100.0
.graphmapping,1,0,1,0.0,100.0
.ods#,1,0,1,0.0,100.0
.english,1,1,0,100.0,0.0
.template1,1,0,1,0.0,100.0
.template2,1,0,1,0.0,100.0
.0_c07_19_nc_sat001_minmin_p005000_rr,1,0,1,0.0,100.0
.0_c07_19_nc_sos_sat001_minmin_p005000_rr,1,0,1,0.0,100.0
.0_c12_02_nc_sat001_minmin_p005000_rr,1,0,1,0.0,100.0
.0_g----_0001_c18_f1_se_cs_sp_s00,1,0,1,0.0,100.0
.0_g----_0001_c18_f1_se_cs_sp_s0y,1,0,1,0.0,100.0
.0_g----_0001_c47_f1_se_cs_sp_s00,1,0,1,0.0,100.0
.0_g----_0003_c18_f1_pi_se_cs_sp_s0y,1,0,1,0.0,100.0
.0_g----_0003_c18_f1_se_cs_sp_s0y,1,0,1,0.0,100.0
.0_g----_0004_c18_f1_se_cs_sp_pi_s0y,1,0,1,0.0,100.0
.0_g----_0004_c18_f1_se_cs_sp_s0y,1,0,1,0.0,100.0
.0_g----_0005_c18_f1_se_cs_sp_s0y,1,0,1,0.0,100.0
.0_g----_0008_c18_f1_se_cs_sp_s0y,1,0,1,0.0,100.0
.0_g----_0010_evo,1,0,1,0.0,100.0
.0_g----_0012_c18_f1_se_cs_sp_s0y,1,0,1,0.0,100.0
.0_g----_0012_c18_f1_se_cs_sp_s5prr_rg_s04an,1,0,1,0.0,100.0
.0_g----_0012_c18_f1_se_cs_sp_s5prr_rg_s0y,1,0,1,0.0,100.0
.0_g----_0013_c18_f1_se_cs_sp_s0y,1,0,1,0.0,100.0
.0_g----_0014_c18_f1_se_cs_sp_s0y,1,0,1,0.0,100.0
.0_g----_0015_c18_f1_se_cs_sp_s0y,1,0,1,0.0,100.0
.0_g----_0016_c18_f1_se_cs_sp_s0y,1,0,1,0.0,100.0
.0_g----_0017_c18_f1_pi_se_cs_sp_s4y,1,0,1,0.0,100.0
.0_g----_0017_c18_f1_se_cs_sp_s0y,1,0,1,0.0,100.0
.0_g----_0017_c18_f1_se_cs_sp_s4y,1,0,1,0.0,100.0
.0_g----_0018_c18_f1_se_cs_sp_s0y,1,0,1,0.0,100.0
.0_g----_0019_c18_f1_pi_se_cs_sp_s0y,1,0,1,0.0,100.0
.0_g----_0019_c18_f1_se_cs_sp_s0y,1,0,1,0.0,100.0
.0_g----_0021_c18_f1_se_cs_sp_s0y,1,0,1,0.0,100.0
.0_g----_0021_c18_f1_se_cs_sp_s4s,1,0,1,0.0,100.0
.0_g----_0021_c18_f1_se_cs_sp_s4y,1,0,1,0.0,100.0
.0_g----_0021_c18_f1_se_cs_sp_s5prr_s0y,1,0,1,0.0,100.0
.0_g----_0023_c18_f1_se_cs_sp_s0y,1,0,1,0.0,100.0
.0_g----_0023_c18_f1_se_cs_sp_s4s,1,0,1,0.0,100.0
.0_g----_0026_c18_f1_se_cs_sp_s0y,1,0,1,0.0,100.0
.0_g----_0026_c18_f1_se_cs_sp_s4s,1,0,1,0.0,100.0
.0_g----_0027_c18_f1_pi_se_cs_sp_s0y,1,0,1,0.0,100.0
.0_g----_0027_c18_f1_se_cs_sp_s0y,1,0,1,0.0,100.0
.0_g----_0028_c18_f1_se_cs_sp_ps_s0y,1,0,1,0.0,100.0
.0_g----_0028_c18_f1_se_cs_sp_s0y,1,0,1,0.0,100.0
.0_g----_0029_c18_f1_pi_se_cs_sp_s0y,1,0,1,0.0,100.0
.0_g----_0029_c18_f1_se_cs_sp_s0y,1,0,1,0.0,100.0
.0_g----_0030_c18_f1_pi_se_cs_sp_s0y,1,0,1,0.0,100.0
.0_g----_0030_c18_f1_se_cs_sp_s0y,1,0,1,0.0,100.0
.0_g----_0031_c18_f1_se_cs_sp_s0y,1,0,1,0.0,100.0
.0_g----_0033_c18_f1_se_cs_sp_s0y,1,0,1,0.0,100.0
.0_g----_0034_c18_f1_se_cs_sp_s0y,1,0,1,0.0,100.0
.0_g----_2275__c12_02_nc_f1_ae_cs_sp_rg_s2s,1,0,1,0.0,100.0
.0_g----_2275_c12_02_nc_f1_ae_cs_sp_s2s,1,0,1,0.0,100.0
.0_g----_400_c05_02_f1_se_cs_sp_ps_rg_s04aa,1,0,1,0.0,100.0
.0_g----_400_c05_02_f1_se_cs_sp_ps_rg_s04ai,1,0,1,0.0,100.0
.0_g----_400_c05_02_f1_se_cs_sp_ps_rg_s04an,1,0,1,0.0,100.0
.0_g----_401_c05_02_f1_se_cs_sp_ps_rg_s04aa,1,0,1,0.0,100.0
.0_g----_401_c05_02_f1_se_cs_sp_ps_rg_s04ai,1,0,1,0.0,100.0
.0_g----_401_c05_02_f1_se_cs_sp_ps_rg_s04an,1,0,1,0.0,100.0
.0_g----_402_c05_02_f1_se_cs_sp_ps_rg_s04aa,1,0,1,0.0,100.0
.0_g----_402_c05_02_f1_se_cs_sp_ps_rg_s04ai,1,0,1,0.0,100.0
.0_g----_402_c05_02_f1_se_cs_sp_ps_rg_s04an,1,0,1,0.0,100.0
.0_g----_403_c05_02_f1_se_cs_sp_ps_rg_s04aa,1,0,1,0.0,100.0
.0_g----_403_c05_02_f1_se_cs_sp_ps_rg_s04ai,1,0,1,0.0,100.0
.0_g----_403_c05_02_f1_se_cs_sp_ps_rg_s04an,1,0,1,0.0,100.0
.0_g----_404_c05_02_f1_se_cs_sp_ps_rg_s04aa,1,0,1,0.0,100.0
.0_g----_404_c05_02_f1_se_cs_sp_ps_rg_s04ai,1,0,1,0.0,100.0
.0_g----_404_c05_02_f1_se_cs_sp_ps_rg_s04an,1,0,1,0.0,100.0
.0_g----_405_c05_02_f1_se_cs_sp_ps_rg_s04aa,1,0,1,0.0,100.0
.0_g----_405_c05_02_f1_se_cs_sp_ps_rg_s04ai,1,0,1,0.0,100.0
.0_g----_405_c05_02_f1_se_cs_sp_ps_rg_s04an,1,0,1,0.0,100.0
.0_g----_406_c05_02_f1_se_cs_sp_ps_rg_s04aa,1,0,1,0.0,100.0
.0_g----_406_c05_02_f1_se_cs_sp_ps_rg_s04ai,1,0,1,0.0,100.0
.0_g----_406_c05_02_f1_se_cs_sp_ps_rg_s04an,1,0,1,0.0,100.0
.0_g----_407_c05_02_f1_se_cs_sp_ps_rg_s04aa,1,0,1,0.0,100.0
.0_g----_407_c05_02_f1_se_cs_sp_ps_rg_s04ai,1,0,1,0.0,100.0
.0_g----_407_c05_02_f1_se_cs_sp_ps_rg_s04an,1,0,1,0.0,100.0
.0_g----_408_c05_02_f1_se_cs_sp_ps_rg_s04aa,1,0,1,0.0,100.0
.0_g----_408_c05_02_f1_se_cs_sp_ps_rg_s04ai,1,0,1,0.0,100.0
.0_g----_408_c05_02_f1_se_cs_sp_ps_rg_s04an,1,0,1,0.0,100.0
.0_g----_409_c05_02_f1_se_cs_sp_ps_rg_s04aa,1,0,1,0.0,100.0
.0_g----_409_c05_02_f1_se_cs_sp_ps_rg_s04ai,1,0,1,0.0,100.0
.0_g----_409_c05_02_f1_se_cs_sp_ps_rg_s04an,1,0,1,0.0,100.0
.0_g----_420_c05_02_f1_se_cs_sp_ps_rg_s04aa,1,0,1,0.0,100.0
.0_g----_420_c05_02_f1_se_cs_sp_ps_rg_s04ai,1,0,1,0.0,100.0
.0_g----_420_c05_02_f1_se_cs_sp_ps_rg_s04an,1,0,1,0.0,100.0
.0_g----_421_c05_02_f1_se_cs_sp_ps_rg_s04aa,1,0,1,0.0,100.0
.0_g----_421_c05_02_f1_se_cs_sp_ps_rg_s04ai,1,0,1,0.0,100.0
.0_g----_421_c05_02_f1_se_cs_sp_ps_rg_s04an,1,0,1,0.0,100.0
.0_g----_422_c05_02_f1_se_cs_sp_ps_rg_s04aa,1,0,1,0.0,100.0
.0_g----_422_c05_02_f1_se_cs_sp_ps_rg_s04ai,1,0,1,0.0,100.0
.0_g----_422_c05_02_f1_se_cs_sp_ps_rg_s04an,1,0,1,0.0,100.0
.0_g----_423_c05_02_f1_se_cs_sp_ps_rg_s04aa,1,0,1,0.0,100.0
.0_g----_423_c05_02_f1_se_cs_sp_ps_rg_s04ai,1,0,1,0.0,100.0
.0_g----_423_c05_02_f1_se_cs_sp_ps_rg_s04an,1,0,1,0.0,100.0
.0_g----_424_c05_02_f1_se_cs_sp_ps_rg_s04aa,1,0,1,0.0,100.0
.0_g----_424_c05_02_f1_se_cs_sp_ps_rg_s04ai,1,0,1,0.0,100.0
.0_g----_424_c05_02_f1_se_cs_sp_ps_rg_s04an,1,0,1,0.0,100.0
.0_g----_425_c05_02_f1_se_cs_sp_ps_rg_s04aa,1,0,1,0.0,100.0
.0_g----_425_c05_02_f1_se_cs_sp_ps_rg_s04ai,1,0,1,0.0,100.0
.0_g----_425_c05_02_f1_se_cs_sp_ps_rg_s04an,1,0,1,0.0,100.0
.0_g----_426_c05_02_f1_se_cs_sp_ps_rg_s04aa,1,0,1,0.0,100.0
.0_g----_426_c05_02_f1_se_cs_sp_ps_rg_s04ai,1,0,1,0.0,100.0
.0_g----_426_c05_02_f1_se_cs_sp_ps_rg_s04an,1,0,1,0.0,100.0
.0_g----_427_c05_02_f1_se_cs_sp_ps_rg_s04aa,1,0,1,0.0,100.0
.0_g----_427_c05_02_f1_se_cs_sp_ps_rg_s04ai,1,0,1,0.0,100.0
.0_g----_427_c05_02_f1_se_cs_sp_ps_rg_s04an,1,0,1,0.0,100.0
.0_g----_428_c05_02_f1_se_cs_sp_ps_rg_s04aa,1,0,1,0.0,100.0
.0_g----_428_c05_02_f1_se_cs_sp_ps_rg_s04ai,1,0,1,0.0,100.0
.0_g----_428_c05_02_f1_se_cs_sp_ps_rg_s04an,1,0,1,0.0,100.0
.0_g----_429_c05_02_f1_se_cs_sp_ps_rg_s04aa,1,0,1,0.0,100.0
.0_g----_429_c05_02_f1_se_cs_sp_ps_rg_s04ai,1,0,1,0.0,100.0
.0_g----_429_c05_02_f1_se_cs_sp_ps_rg_s04an,1,0,1,0.0,100.0
.0_g----_x1276__c12_02_nc_f1_ae_cs_sp_rg_s04an,1,0,1,0.0,100.0
.0_g----_x1276__c12_02_nc_f1_ae_cs_sp_s2s,1,0,1,0.0,100.0
.0_g----_x1276__c12_02_nc_f1_ae_cs_sp_s5prr_s2s,1,0,1,0.0,100.0
.0_g----_x1410__c12_02_nc_f1_ae_cs_sp_s2s,1,0,1,0.0,100.0
.0_g----_y1006_c12_02_nc_f1_ae_cs_sp_s2s,1,0,1,0.0,100.0
.0_g----_y1346__c12_02_nc_f1_ae_cs_sp_s2s,1,0,1,0.0,100.0
.0_g----_y1410__c12_02_nc_f1_ae_cs_sp_s2s,1,0,1,0.0,100.0
.0_g----_z1014__c12_02_nc_f1_ae_cs_sp_s2s,1,0,1,0.0,100.0
.0_g----_z1014__c12_02_nc_f1_ae_cs_ssp_s2s,1,0,1,0.0,100.0
.0_g----_z1410__c12_02_nc_f1_ae_cs_sp_s2s,1,0,1,0.0,100.0
.0_g-e--_006_c18_f1_pi_ae_q4_cs_sp_s2s,1,0,1,0.0,100.0
.0_g-e--_008_c18_f1_ae_q4_cs_sp_s2s,1,0,1,0.0,100.0
.0_g-e--_008_c18_f1_pi_ae_cs_sp_co_s4s,1,0,1,0.0,100.0
.0_g-e--_008_c18_f1_pi_ae_q4_cs_sp_ps_s0y,1,0,1,0.0,100.0
.0_g-e--_008_c18_f1_pi_se_cs_sp_co_s4s,1,0,1,0.0,100.0
.0_g-e--_008_c45_f1_ae_cs_sp_ps_s0y,1,0,1,0.0,100.0
.0_g-e--_008_c45_f1_pi_ae_cs_sp_co_s4s,1,0,1,0.0,100.0
.0_g-e--_008_c45_f1_pi_ae_q4_cs_sp_co_s4s,1,0,1,0.0,100.0
.0_g-e--_008_c45_f1_pi_ae_q4_cs_sp_s4c,1,0,1,0.0,100.0
.0_g-e--_008_c45_f1_pi_ae_q4_cs_sp_s4d,1,0,1,0.0,100.0
.0_g-e--_008_c45_f1_pi_ae_q4_cs_sp_s4s,1,0,1,0.0,100.0
.0_g-e--_008_c45_f1_pi_s5prr_se_q4_cs_sp_s4s,1,0,1,0.0,100.0
.0_g-e--_008_c45_f1_pi_se_q4_cs_sp_s0y,1,0,1,0.0,100.0
.0_g-e--_008_c45_f1_pi_se_q4_cs_sp_s4s,1,0,1,0.0,100.0
.0_g-e--_008_c45_f1_pi_se_q4_cs_sp_s4sa,1,0,1,0.0,100.0
.0_g-e--_008_c45_f1_pi_se_q4_cs_sp_s4si,1,0,1,0.0,100.0
.0_g-e--_012_c18_f1_pi_ae_q4_cs_sp_ps_s0y,1,0,1,0.0,100.0
.0_g-e--_024_b31_f1_pi_ae_q4_cs_sp_s2s,1,0,1,0.0,100.0
.0_g-e--_041_c18_f1_pi_ae_q4_cs_sp_s0y,1,0,1,0.0,100.0
.0_g-e--_042_c18_f1_pi_ae_q4_cs_sp_ps_s0y,1,0,1,0.0,100.0
.0_g-e--_042_c45_f1_pi_ae_q4_cs_sp_ps_s4s,1,0,1,0.0,100.0
.0_g-e--_060_c18_f1_pi_ae_cs_sp_co_s0y,1,0,1,0.0,100.0
.0_g-e--_060_c18_f1_pi_ae_cs_sp_s0y,1,0,1,0.0,100.0
.0_g-e--_060_c18_f1_pi_ae_q4_cs_sp_s0y,1,0,1,0.0,100.0
.0_g-e--_060_c18_f1_pi_se_cs_sp_co_s0y,1,0,1,0.0,100.0
.0_g-e--_060_c18_f1_pi_se_cs_sp_s0y,1,0,1,0.0,100.0
.0_g-e--_092_c01_f1_ae_cs_sp_ps_co_s0y,1,0,1,0.0,100.0
.0_g-e--_092_c01_f1_ae_cs_sp_ps_s0y,1,0,1,0.0,100.0
.0_g-e--_092_c01_f1_pi_ae_q4_cs_sp_ps_s0y,1,0,1,0.0,100.0
.0_g-e--_100_c18_f1_pi_ae_q4_cs_sp_ps_s0y,1,0,1,0.0,100.0
.0_g-e--_100_c18_f1_pi_ae_q4_cs_sp_s0y,1,0,1,0.0,100.0
.0_g-e--_103_c18_f1_pi_ae_q4_cs_sp_s0y,1,0,1,0.0,100.0
.0_g-e--_107_b00_00_f1_pi_ae_q4_cs_sp_ps_s071i,1,0,1,0.0,100.0
.0_g-e--_107_b00_00_f1_pi_ae_q4_cs_sp_ps_s08bn,1,0,1,0.0,100.0
.0_g-e--_107_b03_f1_pi_ae_q4_cs_sp_ps_s0y,1,0,1,0.0,100.0
.0_g-e--_107_b03_f1_pi_ae_q4_cs_sp_ps_s4s,1,0,1,0.0,100.0
.0_g-e--_107_b42_f1_pi_ae_q4_cs_sp_ps_s0y,1,0,1,0.0,100.0
.0_g-e--_107_b42_f1_pi_se_q4_cs_sp_ps_s0y,1,0,1,0.0,100.0
.0_g-e--_107_b42_f1_pi_se_q4_cs_sp_ps_s0ya,1,0,1,0.0,100.0
.0_g-e--_107_b42_f1_pi_se_q4_cs_sp_ps_s0yi,1,0,1,0.0,100.0
.0_g-e--_107_b42_f1_pi_se_q4_cs_sp_ps_s5prr_s0y,1,0,1,0.0,100.0
.0_g-e--_107_c12_02_nc_f1_pi_ae_q4_cs_sp_ps_s033n,1,0,1,0.0,100.0
.0_g-e--_107_c12_11_nc_f1_pi_ae_q4_cs_sp_ps_s071i,1,0,1,0.0,100.0
.0_g-e--_107_c18_f1_ae_cs_sp_ps_s0y,1,0,1,0.0,100.0
.0_g-e--_107_c18_f1_ae_q4_cs_sp_co_s0y,1,0,1,0.0,100.0
.0_g-e--_107_c18_f1_ae_q4_cs_sp_ps_s0y,1,0,1,0.0,100.0
.0_g-e--_107_c18_f1_ae_q4_cs_sp_s0y,1,0,1,0.0,100.0
.0_g-e--_107_c18_f1_pi_ae_q4_cs_sp_ps_s4s,1,0,1,0.0,100.0
.0_g-e--_107_c36_f1_pi_ae_q4_cs_sp_ps_s0y,1,0,1,0.0,100.0
.0_g-e--_107_c37_f1_pi_ae_q4_cs_sp_ps_s0y,1,0,1,0.0,100.0
.0_g-e--_107_c37_sos_f1_pi_ae_q4_cs_sp_ps_s0y,1,0,1,0.0,100.0
.0_g-e--_107_c41_f1_pi_ae_cs_sp_ps_s4s,1,0,1,0.0,100.0
.0_g-e--_107_c41_f1_pi_ae_q4_cs_sp_ps_co_s4s,1,0,1,0.0,100.0
.0_g-e--_107_c41_f1_pi_ae_q4_cs_sp_ps_s0y,1,0,1,0.0,100.0
.0_g-e--_107_c41_f1_pi_ae_q4_cs_sp_ps_s2u,1,0,1,0.0,100.0
.0_g-e--_107_c41_f1_pi_ae_q4_cs_sp_ps_s4s,1,0,1,0.0,100.0
.0_g-e--_107_c41_f1_pi_ae_q4_cs_sp_ps_s5s,1,0,1,0.0,100.0
.0_g-e--_107_c45_f1_ae_q4_cs_sp_ps_s0y,1,0,1,0.0,100.0
.0_g-e--_107_c45_f1_pi_ae_q4_cs_sp_s0y,1,0,1,0.0,100.0
.0_g-e--_107_c45_f1_pi_ae_q7_cs_sp_ps_s0y,1,0,1,0.0,100.0
.0_g-e--_107_c48_f1_ae_cs_sp_ps_s0y,1,0,1,0.0,100.0
.0_g-e--_107_c48_f1_pi_ae_q4_cs_sp_ps_s0y,1,0,1,0.0,100.0
.0_g-e--_110_c45_f1_pi_ae_q4_cs_sp_ps_s4s,1,0,1,0.0,100.0
.0_g-e--_110_c45_f1_pi_se_cs_sp_ps_s4s,1,0,1,0.0,100.0
.0_g-e--_110_c45_f1_pi_se_q4_cs_sp_ps_s4s,1,0,1,0.0,100.0
.0_g-e--_200_b02_f1_ae_cs_sp_pi_s0s,1,0,1,0.0,100.0
.0_g-e--_200_b02_f1_ae_cs_sp_pi_s0y,1,0,1,0.0,100.0
.0_g-e--_200_b02_f1_ae_cs_sp_pi_s2k,1,0,1,0.0,100.0
.0_g-e--_200_b02_f1_se_cs_sp_pi_s0s,1,0,1,0.0,100.0
.0_g-e--_200_b02_f1_se_cs_sp_pi_s2k,1,0,1,0.0,100.0
.0_g-e--_200_b07_f1_ae_cs_sp_pi_s0y,1,0,1,0.0,100.0
.0_g-e--_200_c18_f1_ae_cs_sp_pi_s0y,1,0,1,0.0,100.0
.0_g-e--_200_c41_f1_ae_cs_sp_pi_s0y,1,0,1,0.0,100.0
.0_g-e--_200_c45_f1_ae_cs_sp_pi_co_s0v,1,0,1,0.0,100.0
.0_g-e--_200_c45_f1_ae_cs_sp_pi_ps_s0y,1,0,1,0.0,100.0
.0_g-e--_200_c45_f1_ae_cs_sp_pi_s0s,1,0,1,0.0,100.0
.0_g-e--_200_c45_f1_ae_cs_sp_pi_s0v,1,0,1,0.0,100.0
.0_g-e--_200_c45_f1_ae_cs_sp_pi_s0y,1,0,1,0.0,100.0
.0_g-e--_200_c45_f1_ae_cs_sp_pi_s2s,1,0,1,0.0,100.0
.0_g-e--_200_c45_f1_ae_cs_sp_pi_s4s,1,0,1,0.0,100.0
.0_g-e--_200_c45_f1_ae_cs_sp_s0y,1,0,1,0.0,100.0
.0_g-e--_200_c45_f1_ae_q4_cs_sp_pi_s0y,1,0,1,0.0,100.0
.0_g-e--_200_c45_f1_se_cs_sp_pi_co_s0v,1,0,1,0.0,100.0
.0_g-e--_200_c45_f1_se_cs_sp_pi_co_s5prr_s0v,1,0,1,0.0,100.0
.0_g-e--_201_c45_f1_ae_cs_sp_pi_co_s0y,1,0,1,0.0,100.0
.0_g-e--_201_c45_f1_ae_cs_sp_pi_s0y,1,0,1,0.0,100.0
.0_g-e--_204_c45_f1_ae_cs_sp_pi_s0y,1,0,1,0.0,100.0
.0_g-e--_205_c45_f1_ae_cs_sp_pi_s0y,1,0,1,0.0,100.0
.0_g-e--_205_c45_f1_ae_cs_sp_pi_s5prr_s0y,1,0,1,0.0,100.0
.0_g-e--_207_b07_f1_ae_cs_sp_pi_ps_s0y,1,0,1,0.0,100.0
.0_g-e--_207_b07_f1_ae_cs_sp_ps_s0y,1,0,1,0.0,100.0
.0_g-e--_207_c01_f1_ae_cs_sp_pi_s0y,1,0,1,0.0,100.0
.0_g-e--_207_c01_f1_se_cs_sp_pi_s0y,1,0,1,0.0,100.0
.0_g-e--_207_c01_f1_se_cs_sp_pi_s5prr_s0y,1,0,1,0.0,100.0
.0_g-e--_207_c18_f1_ae_cs_sp_pi_co_s00,1,0,1,0.0,100.0
.0_g-e--_207_c18_f1_ae_cs_sp_pi_co_s0y,1,0,1,0.0,100.0
.0_g-e--_207_c18_f1_ae_cs_sp_pi_co_s2s,1,0,1,0.0,100.0
.0_g-e--_207_c18_f1_ae_cs_sp_pi_ps_s00,1,0,1,0.0,100.0
.0_g-e--_207_c18_f1_ae_cs_sp_pi_ps_s0i,1,0,1,0.0,100.0
.0_g-e--_207_c18_f1_ae_cs_sp_pi_ps_s0s,1,0,1,0.0,100.0
.0_g-e--_207_c18_f1_ae_cs_sp_pi_ps_s0u,1,0,1,0.0,100.0
.0_g-e--_207_c18_f1_ae_cs_sp_pi_ps_s0y,1,0,1,0.0,100.0
.0_g-e--_207_c18_f1_ae_cs_sp_pi_ps_s2s,1,0,1,0.0,100.0
.0_g-e--_207_c18_f1_ae_cs_sp_pi_ps_s2u,1,0,1,0.0,100.0
.0_g-e--_207_c18_f1_ae_cs_sp_pi_ps_s3s,1,0,1,0.0,100.0
.0_g-e--_207_c18_f1_ae_cs_sp_pi_s00,1,0,1,0.0,100.0
.0_g-e--_207_c18_f1_ae_cs_sp_pi_s0a,1,0,1,0.0,100.0
.0_g-e--_207_c18_f1_ae_cs_sp_pi_s0e,1,0,1,0.0,100.0
.0_g-e--_207_c18_f1_ae_cs_sp_pi_s0y,1,0,1,0.0,100.0
.0_g-e--_207_c18_f1_ae_cs_sp_pi_s2s,1,0,1,0.0,100.0
.0_g-e--_207_c18_f1_ae_cs_sp_pi_s4s,1,0,1,0.0,100.0
.0_g-e--_207_c18_f1_ae_cs_sp_ps_s0u,1,0,1,0.0,100.0
.0_g-e--_207_c18_f1_ae_cs_sp_ps_s0v,1,0,1,0.0,100.0
.0_g-e--_207_c18_f1_ae_cs_sp_ps_s0y,1,0,1,0.0,100.0
.0_g-e--_207_c18_f1_ae_cs_sp_ps_s2s,1,0,1,0.0,100.0
.0_g-e--_207_c18_f1_ae_cs_sp_ps_s3s,1,0,1,0.0,100.0
.0_g-e--_207_c18_f1_ae_cs_sp_ps_s4s,1,0,1,0.0,100.0
.0_g-e--_207_c18_f1_ae_q4_cs_sp_pi_co_ps_s00,1,0,1,0.0,100.0
.0_g-e--_207_c18_f1_ae_q7_cs_sp_co_ps_s00,1,0,1,0.0,100.0
.0_g-e--_207_c18_f1_ae_q7_cs_sp_pi_co_ps_s00,1,0,1,0.0,100.0
.0_g-e--_207_c18_f1_cs_sp_s0y,1,0,1,0.0,100.0
.0_g-e--_207_c18_f1_pi_s0y,1,0,1,0.0,100.0
.0_g-e--_207_c18_f1_se_cs_sp_pi_ps_s00a,1,0,1,0.0,100.0
.0_g-e--_207_c18_f1_se_cs_sp_pi_ps_s00i,1,0,1,0.0,100.0
.0_g-e--_207_c18_f1_se_cs_sp_pi_ps_s0y,1,0,1,0.0,100.0
.0_g-e--_207_c18_f1_se_cs_sp_pi_ps_s2s,1,0,1,0.0,100.0
.0_g-e--_207_c18_f1_se_cs_sp_pi_ps_s2sa,1,0,1,0.0,100.0
.0_g-e--_207_c18_f1_se_cs_sp_pi_ps_s2si,1,0,1,0.0,100.0
.0_g-e--_207_c18_f1_se_cs_sp_pi_ps_s5prr_rg_s04an,1,0,1,0.0,100.0
.0_g-e--_207_c18_f1_se_cs_sp_pi_ps_s5prr_rg_s0y,1,0,1,0.0,100.0
.0_g-e--_207_c18_f1_se_cs_sp_pi_ps_s5prr_rg_s2s,1,0,1,0.0,100.0
.0_g-e--_207_c18_f1_se_cs_sp_pi_ps_s5prr_s2s,1,0,1,0.0,100.0
.0_g-e--_207_c18_f1_se_cs_sp_pi_ps_s5prr_s2si,1,0,1,0.0,100.0
.0_g-e--_207_c18_f1_sp_pi_s0y,1,0,1,0.0,100.0
.0_g-e--_207_c18_f1_sp_s0y,1,0,1,0.0,100.0
.0_g-e--_207_c41_f1_ae_cs_sp_pi_s0y,1,0,1,0.0,100.0
.0_g-e--_207_c41_f1_ae_cs_sp_pi_s4s,1,0,1,0.0,100.0
.0_g-e--_207_c45_f1_ae_cs_sp_pi_s0y,1,0,1,0.0,100.0
.0_g-e--_208_b00_00_f1_se_cs_sp_ps_s071i,1,0,1,0.0,100.0
.0_g-e--_208_b00_00_f1_se_cs_sp_ps_s5prr_s00en,1,0,1,0.0,100.0
.0_g-e--_208_b01_00_f1_se_cs_sp_ps_s04an,1,0,1,0.0,100.0
.0_g-e--_208_b01_00_f1_se_cs_sp_ps_s064a,1,0,1,0.0,100.0
.0_g-e--_208_b02_f1_ae_cs_sp_ps_s0y,1,0,1,0.0,100.0
.0_g-e--_208_b02cma_f1_se_cs_sp_ps_s5prr_rg_s04an,1,0,1,0.0,100.0
.0_g-e--_208_b07----d_f1_se_cs_sp_ps_s5prr_rg_s04aa,1,0,1,0.0,100.0
.0_g-e--_208_b07----d_f1_se_cs_sp_ps_s5prr_rg_s04ai,1,0,1,0.0,100.0
.0_g-e--_208_b07----d_f1_se_cs_sp_ps_s5prr_rg_s04an,1,0,1,0.0,100.0
.0_g-e--_208_b07----s_f1_se_cs_sp_ps_s5prr_rg_s04an,1,0,1,0.0,100.0
.0_g-e--_208_b07--c_f1_se_cs_sp_ps_s5prr_rg_s04an,1,0,1,0.0,100.0
.0_g-e--_208_b07_f1_ae_cs_sp_ps_s0y,1,0,1,0.0,100.0
.0_g-e--_208_b07_f1_ae_cs_sp_ps_s5prr_s0y,1,0,1,0.0,100.0
.0_g-e--_208_b07_f1_s5prr_se_cs_sp_ps_s0y,1,0,1,0.0,100.0
.0_g-e--_208_b07_f1_se_cs_sp_ps_s0y,1,0,1,0.0,100.0
.0_g-e--_208_b07_f1_se_cs_sp_ps_s2q,1,0,1,0.0,100.0
.0_g-e--_208_b07_f1_se_cs_sp_ps_s4d,1,0,1,0.0,100.0
.0_g-e--_208_b07_f1_se_cs_sp_ps_s5prr_rg_s04an,1,0,1,0.0,100.0
.0_g-e--_208_b07amc_f1_se_cs_sp_ps_s5prr_rg_s04an,1,0,1,0.0,100.0
.0_g-e--_208_b07cma_f1_se_cs_sp_ps_s5prr_rg_s04an,1,0,1,0.0,100.0
.0_g-e--_208_c02---_f1_se_cs_sp_ps_s5prr_rg_s04an,1,0,1,0.0,100.0
.0_g-e--_208_c02amc_f1_se_cs_sp_ps_s5prr_rg_s04an,1,0,1,0.0,100.0
.0_g-e--_208_c02cma_f1_se_cs_sp_ps_s5prr_rg_s04an,1,0,1,0.0,100.0
.0_g-e--_208_c02sc-_f1_se_cs_sp_ps_s5prr_rg_s04an,1,0,1,0.0,100.0
.0_g-e--_208_c05_02_f1_se_cs_sp_ps_s5prr_rg_s04an,1,0,1,0.0,100.0
.0_g-e--_208_c09_12_f1_se_cs_sp_ps_s002a,1,0,1,0.0,100.0
.0_g-e--_208_c09_12_f1_se_cs_sp_ps_s070i,1,0,1,0.0,100.0
.0_g-e--_208_c09_12_f1_se_cs_sp_ps_s5prr_rg_nd_s04an,1,0,1,0.0,100.0
.0_g-e--_208_c09_12_f1_se_cs_sp_ps_s5prr_rg_s04an,1,0,1,0.0,100.0
.0_g-e--_208_c09_12_f1_se_cs_sp_ps_s5prr_s04an,1,0,1,0.0,100.0
.0_g-e--_208_c12_00_f1_se_cs_pi_sp_ps_s5prr_rg_s04an,1,0,1,0.0,100.0
.0_g-e--_208_c12_00_f1_se_cs_sp_ps_s5prr_rg_s04an,1,0,1,0.0,100.0
.0_g-e--_208_c12_02_nc_f1_se_cs_sp_ps_s06dn,1,0,1,0.0,100.0
.0_g-e--_208_c12_02_nc_f1_se_cs_sp_ps_s070i,1,0,1,0.0,100.0
.0_g-e--_208_c12_02_nc_f1_se_cs_sp_ps_s5prr_rg_s070i,1,0,1,0.0,100.0
.0_g-e--_208_c12_11_nc_f1_se_cs_sp_ps_s022a,1,0,1,0.0,100.0
.0_g-e--_208_c12_11_nc_f1_se_cs_sp_ps_s04bn,1,0,1,0.0,100.0
.0_g-e--_208_c12_11_nc_f1_se_cs_sp_ps_s5prr_rg_s04an,1,0,1,0.0,100.0
.0_g-e--_208_c12_11_nc_f1_se_cs_sp_ps_s5prr_s04bn,1,0,1,0.0,100.0
.0_g-e--_208_c18--c_f1_se_cs_sp_ps_s5prr_rg_s04an,1,0,1,0.0,100.0
.0_g-e--_208_c18_f1_ae_cs_sp_pi_s0a,1,0,1,0.0,100.0
.0_g-e--_208_c18_f1_ae_cs_sp_pi_s0y,1,0,1,0.0,100.0
.0_g-e--_208_c18_f1_ae_cs_sp_ps_s0a,1,0,1,0.0,100.0
.0_g-e--_208_c18_f1_ae_cs_sp_ps_s0v,1,0,1,0.0,100.0
.0_g-e--_208_c18_f1_ae_cs_sp_ps_s0y,1,0,1,0.0,100.0
.0_g-e--_208_c18_f1_ae_cs_sp_ps_s1y,1,0,1,0.0,100.0
.0_g-e--_208_c18_f1_ae_cs_sp_ps_s3s,1,0,1,0.0,100.0
.0_g-e--_208_c18_f1_ae_cs_sp_ps_s4s,1,0,1,0.0,100.0
.0_g-e--_208_c18_f1_ae_cs_sp_s0y,1,0,1,0.0,100.0
.0_g-e--_208_c18_f1_se_cs_sos_sp_ps_s5prr_rg_s04an,1,0,1,0.0,100.0
.0_g-e--_208_c18_f1_se_cs_sp_pi_ps_s5prr_rg_s04an,1,0,1,0.0,100.0
.0_g-e--_208_c18_f1_se_cs_sp_pi_ps_s5prr_s032n,1,0,1,0.0,100.0
.0_g-e--_208_c18_f1_se_cs_sp_ps_rg_s2sx,1,0,1,0.0,100.0
.0_g-e--_208_c18_f1_se_cs_sp_ps_s00,1,0,1,0.0,100.0
.0_g-e--_208_c18_f1_se_cs_sp_ps_s002a,1,0,1,0.0,100.0
.0_g-e--_208_c18_f1_se_cs_sp_ps_s003i,1,0,1,0.0,100.0
.0_g-e--_208_c18_f1_se_cs_sp_ps_s022i,1,0,1,0.0,100.0
.0_g-e--_208_c18_f1_se_cs_sp_ps_s024i,1,0,1,0.0,100.0
.0_g-e--_208_c18_f1_se_cs_sp_ps_s026i,1,0,1,0.0,100.0
.0_g-e--_208_c18_f1_se_cs_sp_ps_s028n,1,0,1,0.0,100.0
.0_g-e--_208_c18_f1_se_cs_sp_ps_s02dn,1,0,1,0.0,100.0
.0_g-e--_208_c18_f1_se_cs_sp_ps_s032n,1,0,1,0.0,100.0
.0_g-e--_208_c18_f1_se_cs_sp_ps_s038i,1,0,1,0.0,100.0
.0_g-e--_208_c18_f1_se_cs_sp_ps_s047a,1,0,1,0.0,100.0
.0_g-e--_208_c18_f1_se_cs_sp_ps_s059i,1,0,1,0.0,100.0
.0_g-e--_208_c18_f1_se_cs_sp_ps_s05ai,1,0,1,0.0,100.0
.0_g-e--_208_c18_f1_se_cs_sp_ps_s05bn,1,0,1,0.0,100.0
.0_g-e--_208_c18_f1_se_cs_sp_ps_s05cn,1,0,1,0.0,100.0
.0_g-e--_208_c18_f1_se_cs_sp_ps_s05ea,1,0,1,0.0,100.0
.0_g-e--_208_c18_f1_se_cs_sp_ps_s061n,1,0,1,0.0,100.0
.0_g-e--_208_c18_f1_se_cs_sp_ps_s07fn,1,0,1,0.0,100.0
.0_g-e--_208_c18_f1_se_cs_sp_ps_s0a,1,0,1,0.0,100.0
.0_g-e--_208_c18_f1_se_cs_sp_ps_s0u,1,0,1,0.0,100.0
.0_g-e--_208_c18_f1_se_cs_sp_ps_s0y,1,0,1,0.0,100.0
.0_g-e--_208_c18_f1_se_cs_sp_ps_s0y_ni,1,0,1,0.0,100.0
.0_g-e--_208_c18_f1_se_cs_sp_ps_s0yp,1,0,1,0.0,100.0
.0_g-e--_208_c18_f1_se_cs_sp_ps_s2a,1,0,1,0.0,100.0
.0_g-e--_208_c18_f1_se_cs_sp_ps_s2b,1,0,1,0.0,100.0
.0_g-e--_208_c18_f1_se_cs_sp_ps_s2c,1,0,1,0.0,100.0
.0_g-e--_208_c18_f1_se_cs_sp_ps_s2d,1,0,1,0.0,100.0
.0_g-e--_208_c18_f1_se_cs_sp_ps_s2f,1,0,1,0.0,100.0
.0_g-e--_208_c18_f1_se_cs_sp_ps_s2g,1,0,1,0.0,100.0
.0_g-e--_208_c18_f1_se_cs_sp_ps_s2i,1,0,1,0.0,100.0
.0_g-e--_208_c18_f1_se_cs_sp_ps_s2j,1,0,1,0.0,100.0
.0_g-e--_208_c18_f1_se_cs_sp_ps_s2k,1,0,1,0.0,100.0
.0_g-e--_208_c18_f1_se_cs_sp_ps_s2m,1,0,1,0.0,100.0
.0_g-e--_208_c18_f1_se_cs_sp_ps_s2n,1,0,1,0.0,100.0
.0_g-e--_208_c18_f1_se_cs_sp_ps_s2o,1,0,1,0.0,100.0
.0_g-e--_208_c18_f1_se_cs_sp_ps_s2p,1,0,1,0.0,100.0
.0_g-e--_208_c18_f1_se_cs_sp_ps_s2r,1,0,1,0.0,100.0
.0_g-e--_208_c18_f1_se_cs_sp_ps_s2s,1,0,1,0.0,100.0
.0_g-e--_208_c18_f1_se_cs_sp_ps_s2v,1,0,1,0.0,100.0
.0_g-e--_208_c18_f1_se_cs_sp_ps_s3a,1,0,1,0.0,100.0
.0_g-e--_208_c18_f1_se_cs_sp_ps_s3b,1,0,1,0.0,100.0
.0_g-e--_208_c18_f1_se_cs_sp_ps_s4b,1,0,1,0.0,100.0
.0_g-e--_208_c18_f1_se_cs_sp_ps_s4c,1,0,1,0.0,100.0
.0_g-e--_208_c18_f1_se_cs_sp_ps_s4d,1,0,1,0.0,100.0
.0_g-e--_208_c18_f1_se_cs_sp_ps_s4y,1,0,1,0.0,100.0
.0_g-e--_208_c18_f1_se_cs_sp_ps_s5prr_rg_s04ai,1,0,1,0.0,100.0
.0_g-e--_208_c18_f1_se_cs_sp_ps_s5prr_rg_s04an,1,0,1,0.0,100.0
.0_g-e--_208_c18_f1_se_cs_sp_ps_s5prr_rg_s04bn,1,0,1,0.0,100.0
.0_g-e--_208_c18_f1_se_cs_sp_ps_s5prr_rg_s0y,1,0,1,0.0,100.0
.0_g-e--_208_c18_f1_se_cs_sp_ps_s5prr_s002a,1,0,1,0.0,100.0
.0_g-e--_208_c18_f1_se_cs_sp_ps_s5prr_s028n,1,0,1,0.0,100.0
.0_g-e--_208_c18_f1_se_cs_sp_ps_s5prr_s032n,1,0,1,0.0,100.0
.0_g-e--_208_c18_f1_se_cs_sp_ps_s5prr_s04an,1,0,1,0.0,100.0
.0_g-e--_208_c18_f1_se_cs_sp_ps_s5prr_s059i,1,0,1,0.0,100.0
.0_g-e--_208_c18_f1_se_cs_sp_ps_s5prr_s0y,1,0,1,0.0,100.0
.0_g-e--_208_c18_f1_se_cs_sp_ps_s5prr_s2m,1,0,1,0.0,100.0
.0_g-e--_208_c18_f1_se_cs_sp_ps_s5prr_s2ma,1,0,1,0.0,100.0
.0_g-e--_208_c18_f1_se_cs_sp_ps_s5prr_s2mi,1,0,1,0.0,100.0
.0_g-e--_208_c18_f1_se_cs_sp_ps_s5prr_s2p,1,0,1,0.0,100.0
.0_g-e--_208_c18_f1_se_cs_sp_ps_s5prr_s2v,1,0,1,0.0,100.0
.0_g-e--_208_c18_f1_se_cs_sp_ps_s5prr_s4d,1,0,1,0.0,100.0
.0_g-e--_208_c18_f1_se_cs_sp_ps_tt_s0y,1,0,1,0.0,100.0
.0_g-e--_208_c18_f1_se_cs_ssp_ps_s5prr_rg_s04an,1,0,1,0.0,100.0
.0_g-e--_208_c18_f2_se_cs_sp_ps_rg_s04a,1,0,1,0.0,100.0
.0_g-e--_208_c18_f2_se_cs_sp_ps_s5prr_rg_s04a,1,0,1,0.0,100.0
.0_g-e--_208_c18_sos_f1_se_cs_sp_ps_s4c,1,0,1,0.0,100.0
.0_g-e--_208_c18amc_f1_se_cs_sp_ps_s5prr_rg_s04an,1,0,1,0.0,100.0
.0_g-e--_208_c18c--_f1_se_cs_sp_ps_s5prr_rg_s04an,1,0,1,0.0,100.0
.0_g-e--_208_c18cma_f1_se_cs_sp_ps_s5prr_rg_s04an,1,0,1,0.0,100.0
.0_g-e--_208_c41_f1_ae_cs_sp_ps_s00,1,0,1,0.0,100.0
.0_g-e--_208_c41_f1_ae_cs_sp_ps_s4s,1,0,1,0.0,100.0
.0_g-e--_208_c45_f1_ae_cs_sp_pi_co_s0v,1,0,1,0.0,100.0
.0_g-e--_208_c45_f1_ae_cs_sp_pi_ps_s0y,1,0,1,0.0,100.0
.0_g-e--_208_c47_f1_se_cs_sp_ps_s0y,1,0,1,0.0,100.0
.0_g-e--_208_c48_f1_ae_cs_sp_ps_s0y,1,0,1,0.0,100.0
.0_g-e--_209_c18_f1_ae_cs_sp_pi_s0y,1,0,1,0.0,100.0
.0_g-e--_209_c18_f1_ae_cs_sp_s0y,1,0,1,0.0,100.0
.0_g-e--_210_c18_f1_ae_cs_sp_pi_s0y,1,0,1,0.0,100.0
.0_g-e--_211_c18_f1_ae_cs_sp_s0y,1,0,1,0.0,100.0
.0_g-e--_212_c18_f1_ae_q12_cs_sp_s0y,1,0,1,0.0,100.0
.0_g-e--_212_c18_f1_ae_q12_cs_sp_s2s,1,0,1,0.0,100.0
.0_g-e--_213_c18_f1_ae_cs_sp_pi_s0y,1,0,1,0.0,100.0
.0_g-e--_214_c18_f1_ae_q7_cs_sp_pi_s0y,1,0,1,0.0,100.0
.0_g-e--_214_c18_f1_ae_r4_cs_sp_pi_s0y,1,0,1,0.0,100.0
.0_g-e--_214_c18_f1_ae_s4_cs_sp_pi_s0y,1,0,1,0.0,100.0
.0_g-e--_215_c46_f1_ae_cs_sp_ps_s0y,1,0,1,0.0,100.0
.0_g-e--_215_c46_f1_ae_cs_sp_ps_s2s,1,0,1,0.0,100.0
.0_g-e--_300_c01_f1_se_cs_sp_s0y,1,0,1,0.0,100.0
.0_g-e--_300_c01_s00,1,0,1,0.0,100.0
.0_g-e--_300_c01_s5prr_s00,1,0,1,0.0,100.0
.0_g-e--_300_c18_f1_se_cs_sp_ps_s0y,1,0,1,0.0,100.0
.0_g-e--_300_c18_f1_se_cs_sp_s0y,1,0,1,0.0,100.0
.0_g-e--_300_c18_f1_urban_s0y,1,0,1,0.0,100.0
.0_g-e--_301_c18_f1_urban_s0y,1,0,1,0.0,100.0
.0_g-e--_301_c18_f1_urban_s5prr_rg_s04an,1,0,1,0.0,100.0
.0_g-e--_301_c18_f1_urban_s5prr_rg_s04bn,1,0,1,0.0,100.0
.0_g-e--_301_c18_f1_urban_s5prr_rg_s070i,1,0,1,0.0,100.0
.0_g-e--_301_c18_f1_urban_s5prr_rg_s0y,1,0,1,0.0,100.0
.0_g-e--_301_c18_f1_urban_s5prr_s0y,1,0,1,0.0,100.0
.0_g-e--_302_c18_f1_urban_rg_s04bn,1,0,1,0.0,100.0
.0_g-e--_302_c18_f1_urban_s0y,1,0,1,0.0,100.0
.0_g-e--_302_c18_f1_urban_s5prr_rg_s04bn,1,0,1,0.0,100.0
.0_g-e--_302_c18_f1_urban_s5prr_rg_s0y,1,0,1,0.0,100.0
.0_g-e--_302_c18_f1_urban_s5prr_s0y,1,0,1,0.0,100.0
.0_g-e--_303_c18_f1_urban_s0y,1,0,1,0.0,100.0
.0_g-n--_023_b07_f1_pi_q7_cs_os_s0y,1,0,1,0.0,100.0
.0_g-n--_023_b07_f1_sp_pi_q7_cs_ae_s0y,1,0,1,0.0,100.0
.0_g-n--_023_b07_f1_sp_pi_q7_cs_se_s0y,1,0,1,0.0,100.0
.0_g-n--_023_b07_f1_sp_pi_q7_cs_se_s5prr_s0y,1,0,1,0.0,100.0
.0_g-n--_023_b07_f1_sp_pi_q7_cs_sp_co_s0y,1,0,1,0.0,100.0
.0_g-n--_023_b07_f1_sp_pi_q7_cs_sp_co_s5prr_s0y,1,0,1,0.0,100.0
.0_g-n--_023_b07_f1_sp_pi_q7_cs_sp_s0y,1,0,1,0.0,100.0
.0_h----_011_c07_f1_pi_ae_os_r8_sp_s1u,1,0,1,0.0,100.0
.0_h----_011_c07_f1_pi_ae_os_s1u,1,0,1,0.0,100.0
.0_h----_011_c07_f1_pi_ae_q4_cs_sp_ps_s0v,1,0,1,0.0,100.0
.0_h----_011_c07_f1_pi_ae_q4_cs_sp_ps_sov,1,0,1,0.0,100.0
.0_h----_011_c07_f1_pi_ae_q4_sp_s0v,1,0,1,0.0,100.0
.0_h----_011_c07_f1_pi_ae_sp_s0v,1,0,1,0.0,100.0
.0_h----_011_c07_f1_pi_se_sp_s0v,1,0,1,0.0,100.0
.0_h----_011_c18_f1_pi_ae_sp_s2s,1,0,1,0.0,100.0
.0_h----_011_c18_f1_pi_se_sp_s2s,1,0,1,0.0,100.0
.0_h----_042_b03_f1_ae_q4_sp_s2s,1,0,1,0.0,100.0
.0_h----_047_b31_f1_pi_ae_r4_cs_sp_s2k,1,0,1,0.0,100.0
.0_h----_047_b31_f1_pi_ae_r4_cs_sp_s2s,1,0,1,0.0,100.0
.0_h----_047_b31_f1_pi_ae_r4_cs_sp_s4c,1,0,1,0.0,100.0
.0_h----_047_b31_f1_pi_ae_r4_cs_sp_s4d,1,0,1,0.0,100.0
.0_h----_047_c02_f1_pi_ae_q12_cs_sp_s2s,1,0,1,0.0,100.0
.0_h----_047_c02_f1_pi_se_q12_cs_sp_s2s,1,0,1,0.0,100.0
.0_h----_047_c05_04_f1_ae_r8_cs_sp_rg_s2s,1,0,1,0.0,100.0
.0_h----_047_c09_12_f1_ae_nd_cs_sp_s2s,1,0,1,0.0,100.0
.0_h----_047_c09_12_f1_ae_nd_cs_sp_s5prr_rg_s04an,1,0,1,0.0,100.0
.0_h----_047_c09_12_f1_ae_nd_cs_sp_s5prr_rg_s2s,1,0,1,0.0,100.0
.0_h----_047_c09_12_f1_ae_nd_cs_sp_s5prr_s2s,1,0,1,0.0,100.0
.0_h----_047_c09_12_f1_ae_nd_sp_s2s,1,0,1,0.0,100.0
.0_h----_047_c18_f1_ae_r8_cs_sp_s2s,1,0,1,0.0,100.0
.0_h----_047_c18_f1_pi_ae_r8_cs_sp_s2s,1,0,1,0.0,100.0
.0_h----_047_c45_f1_ae_r8_cs_sp_s2s,1,0,1,0.0,100.0
.0_h----_102_c18_f1_pi_ae_cs_sp_ps_s0y,1,0,1,0.0,100.0
.0_h----_102_c18_f1_pi_ae_cs_sp_ps_s2s,1,0,1,0.0,100.0
.0_h----_102_c18_f1_pi_ae_q4_cs_sp_ps_s2s,1,0,1,0.0,100.0
.0_h----_102_c18_f1_pi_ae_q4_cs_sp_ps_s5prr_s2s,1,0,1,0.0,100.0
.0_h----_102_c18_f1_pi_ae_q4_cs_sp_s1s,1,0,1,0.0,100.0
.0_sat001_ca_minmin_p005000_rr,1,0,1,0.0,100.0
.0_sat001_co_minmin_p005000_rr,1,0,1,0.0,100.0
.0_sat001_frscon_p005000_rr,1,0,1,0.0,100.0
.0_sat001_glomax_p005000_rr,1,0,1,0.0,100.0
.0_sat001_glomin_p005000_nn,1,0,1,0.0,100.0
.0_sat001_glomin_p005000_rr,1,0,1,0.0,100.0
.0_sat001_maxmax_p005000_rr,1,0,1,0.0,100.0
.0_sat001_maxmin_p005000_rr,1,0,1,0.0,100.0
.0_sat001_minmax_g010000_rr,1,0,1,0.0,100.0
.0_sat001_minmax_g050000_rr,1,0,1,0.0,100.0
.0_sat001_minmax_g100000_rr,1,0,1,0.0,100.0
.0_sat001_minmax_p002000_rr,1,0,1,0.0,100.0
.0_sat001_minmax_p005000_nn,1,0,1,0.0,100.0
.0_sat001_minmax_p005000_rr,1,0,1,0.0,100.0
.0_sat001_minmin_p002000_nn,1,0,1,0.0,100.0
.0_sat001_minmin_p002000_rr,1,0,1,0.0,100.0
.0_sat001_minmin_p005000_nr,1,0,1,0.0,100.0
.0_sat001_minmin_p005000_rr,1,0,1,0.0,100.0
.0_sat001_minmin_p005000_rr_d1,1,0,1,0.0,100.0
.0_sat001_minmin_p005000_rr_q4,1,0,1,0.0,100.0
.0_sat001_minmin_p005000_rr_q7,1,0,1,0.0,100.0
.0_sat001_minmin_p005000_rr_rg,1,0,1,0.0,100.0
.0_sat001_minmin_t00x000_rr,1,0,1,0.0,100.0
.0_sat001_minmin_t050000_nr,1,0,1,0.0,100.0
.0_sat001_minmin_t050000_rr,1,0,1,0.0,100.0
.0_sat001_minmin_x000000_rr,1,0,1,0.0,100.0
.0_sat002_minmin_p005000_rr,1,0,1,0.0,100.0
.0_sat002_minmin_p005000_rr_d1,1,0,1,0.0,100.0
.0_sat002_minmin_p005000_rr_d10,1,0,1,0.0,100.0
.0_sat002_minmin_p005000_rr_d100,1,0,1,0.0,100.0
.0_sat002_minmin_p005000_rr_d1000,1,0,1,0.0,100.0
.0_sat002_minmin_p010000_rr_d1000,1,0,1,0.0,100.0
.0_sat002_minmin_x000000_rr,1,0,1,0.0,100.0
.0_sat003_minmin_p005000_rr,1,0,1,0.0,100.0
.0_sat003_minmin_t00x000_rr,1,0,1,0.0,100.0
.0_sat003_minmin_x000000_rr,1,0,1,0.0,100.0
.0_u----_043_b31_f1_pi_ae_cs_sp_s2s,1,0,1,0.0,100.0
.0_u----_043_c18_f1_pi_ae_s4_cs_sp_s0y,1,0,1,0.0,100.0
.0_u----_043_c18_f1_pi_ae_s4_cs_sp_s4c,1,0,1,0.0,100.0
.0_u----_100_c07_23_f1_se_cs_sp_ps_s5prr_rg_s04an,1,0,1,0.0,100.0
.0_u----_100_c09_12_f1_se_cs_sp_ps_s5prr_rg_nd_s04an,1,0,1,0.0,100.0
.0_u----_100_c09_12_f1_se_cs_sp_ps_s5prr_rg_s04an,1,0,1,0.0,100.0
.0_u----_101_c09_12_f1_se_cs_sp_ps_s5prr_rg_s04an,1,0,1,0.0,100.0
.0_u----_102_c09_12_f1_se_cs_sp_ps_s5prr_rg_s04an,1,0,1,0.0,100.0
.0_u----_115e_c05_00_f1_se_pi_cs_sp_ps_s5prr_rg_s04an,1,0,1,0.0,100.0
.0_u----_115u_c12_06_f1_se_pi_cs_sp_ps_s5prr_rg_s04an,1,0,1,0.0,100.0
.0_u----_115v_c12_07_f1_se_pi_cs_sp_ps_s5prr_rg_s04an,1,0,1,0.0,100.0
.0_u----_116_c05_02_f1_se_pi_cs_sp_ps_rg_s04an,1,0,1,0.0,100.0
.0_u----_116_c05_02_f1_se_pi_cs_sp_ps_s5prr_rg_s04an,1,0,1,0.0,100.0
.0_u----_116x_c05_02_f1_se_pi_cs_sp_ps_s5prr_rg_s04an,1,0,1,0.0,100.0
.0_u----_116xg_c05_02_f1_se_pi_cs_sp_ps_s5prr_rg_s04an,1,0,1,0.0,100.0
.0_u----_116y_c05_02_f1_se_pi_cs_sp_ps_s5prr_rg_s04an,1,0,1,0.0,100.0
.0_u----_116yg_c05_02_f1_se_pi_cs_sp_ps_s5prr_rg_s04an,1,0,1,0.0,100.0
.0_u----_204f_05_c11_08_f1_se_pi_cs_sp_ps_s5prr_rg_s04an,1,0,1,0.0,100.0
.0_u----_206b_01_c11_23_f1_se_pi_cs_sp_ps_s5prr_rg_s04an,1,0,1,0.0,100.0
.0_u----_206c_00_b11_00_f1_se_pi_cs_sp_ps_s5prr_rg_s04an,1,0,1,0.0,100.0
.0_u----_206c_00_c07_23_f1_se_pi_cs_sp_ps_s5prr_rg_s04an,1,0,1,0.0,100.0
.0_u----_206c_02_b10_00_f1_se_pi_cs_sp_ps_s5prr_rg_s04an,1,0,1,0.0,100.0
.0_u----_206c_02_c11_23_f1_se_pi_cs_sp_ps_s5prr_rg_s04an,1,0,1,0.0,100.0
.0_u----_206c_10_b11_00_f1_se_pi_cs_sp_ps_s5prr_rg_s04an,1,0,1,0.0,100.0
.0_u----_206c_10_c11_08_f1_se_pi_cs_sp_ps_s5prr_rg_s04an,1,0,1,0.0,100.0
.0_u----_206d_00_b07_00_f1_se_pi_cs_sp_ps_s5prr_rg_s04an,1,0,1,0.0,100.0
.0_u----_206d_00_b10_00_f1_se_pi_cs_sp_ps_s5prr_rg_s04an,1,0,1,0.0,100.0
.0_u----_206d_00_c11_23_f1_se_pi_cs_sp_ps_s5prr_rg_s04an,1,0,1,0.0,100.0
.0_u----_206d_01_c11_23_f1_se_pi_cs_sp_ps_s5prr_rg_s04an,1,0,1,0.0,100.0
.0_u----_206d_02_b11_00_f1_se_pi_cs_sp_ps_s5prr_rg_s04an,1,0,1,0.0,100.0
.0_u----_206d_05_b11_00_f1_se_pi_cs_sp_ps_s5prr_rg_s04an,1,0,1,0.0,100.0
.0_u----_206d_05_c11_08_f1_se_pi_cs_sp_ps_s5prr_rg_s04an,1,0,1,0.0,100.0
.0_u----_206e_00_b11_00_f1_se_pi_cs_sp_ps_s5prr_rg_s04an,1,0,1,0.0,100.0
.0_u----_206e_02_b07_00_f1_se_pi_cs_sp_ps_s5prr_rg_s04an,1,0,1,0.0,100.0
.0_u----_206e_02_c07_23_f1_se_pi_cs_sp_ps_s5prr_rg_s04an,1,0,1,0.0,100.0
.0_u----_206e_02_c10_23_f1_se_pi_cs_sp_ps_s5prr_rg_s04an,1,0,1,0.0,100.0
.0_u----_206e_05_b11_00_f1_se_pi_cs_sp_ps_s5prr_rg_s04an,1,0,1,0.0,100.0
.1_0001_fifo,1,0,1,0.0,100.0
.1_0002_cw11,1,0,1,0.0,100.0
.1_0003_cw21,1,0,1,0.0,100.0
.1_0004_5cw21fifo,1,0,1,0.0,100.0
.1_0005_10cw21fifo,1,0,1,0.0,100.0
.1_0006_15cw21fifo,1,0,1,0.0,100.0
.1_0007_rw2121,1,0,1,0.0,100.0
.1_0008_rw2122,1,0,1,0.0,100.0
.1_0009_10rw2122fifo,1,0,1,0.0,100.0
.1_000x,1,0,1,0.0,100.0
.1_0010_evo,1,0,1,0.0,100.0
.1_0011_auto,1,0,1,0.0,100.0
.1_0012_rw21m1,1,0,1,0.0,100.0
.1_0013_5cw11fifo,1,0,1,0.0,100.0
.1_0014_10cw11fifo,1,0,1,0.0,100.0
.1_0015_gd,1,0,1,0.0,100.0
.1_0016_5gdfifo,1,0,1,0.0,100.0
.1_0017_15cw21fifopi,1,0,1,0.0,100.0
.1_0018_gd1,1,0,1,0.0,100.0
.1_0019_gd2,1,0,1,0.0,100.0
.1_0020_10gd1fifo,1,0,1,0.0,100.0
.1_0021_10gd3,1,0,1,0.0,100.0
.1_0022_10cw112fifo,1,0,1,0.0,100.0
.1_0023_10cw11mfifo,1,0,1,0.0,100.0
.1_0024_5cw21fifopi,1,0,1,0.0,100.0
.1_0025_gd4,1,0,1,0.0,100.0
.1_0026_15cw11fifo,1,0,1,0.0,100.0
.1_0027_10cw21fifopi,1,0,1,0.0,100.0
.1_0028_cw11pi,1,0,1,0.0,100.0
.1_0029_cw112,1,0,1,0.0,100.0
.1_0029_cw112pi,1,0,1,0.0,100.0
.1_0030_cw11m,1,0,1,0.0,100.0
.1_0030_cw11mpi,1,0,1,0.0,100.0
.1_0031_gd5,1,0,1,0.0,100.0
.1_0032_gd6,1,0,1,0.0,100.0
.1_0033_gd7,1,0,1,0.0,100.0
.1_0034_gd8,1,0,1,0.0,100.0
.1_0035_cw112,1,0,1,0.0,100.0
.1_0035_cw113,1,0,1,0.0,100.0
.1_0036_10cw113fifo,1,0,1,0.0,100.0
.1_0037_cw12,1,0,1,0.0,100.0
.1_0038_2cw11fifo,1,0,1,0.0,100.0
.1_0039_10cw11fifopi,1,0,1,0.0,100.0
.1_0051auto,1,0,1,0.0,100.0
.1_0052autosched,1,0,1,0.0,100.0
.1_0053auto,1,0,1,0.0,100.0
.1_0054autosched,1,0,1,0.0,100.0
.0_0001auto,1,0,1,0.0,100.0
.0_0055cascauto,1,0,1,0.0,100.0
.0_0056cascautosched,1,0,1,0.0,100.0
.0_0057cascauto_ncnf,1,0,1,0.0,100.0
.0_0058cascautosched_ncnf,1,0,1,0.0,100.0
.0_xxx,1,0,1,0.0,100.0
.csscpa,1,0,1,0.0,100.0
.ctmp,1,0,1,0.0,100.0
.commentboxes,1,0,1,0.0,100.0
.ston,1,0,1,0.0,100.0
.dotplot,1,0,1,0.0,100.0
.coverage,1,0,1,0.0,100.0
.ac9,1,1,0,100.0,0.0
.fort,1,1,0,100.0,0.0
.md_not_yet_ok,1,1,0,100.0,0.0
.bloechl,1,1,0,100.0,0.0
.rrkj,1,1,0,100.0,0.0
.rso,1,1,0,100.0,0.0
.bigdft,1,0,1,0.0,100.0
.2048procs,1,0,1,0.0,100.0
.bare2,1,0,1,0.0,100.0
.fakesmooth,1,0,1,0.0,100.0
.soft_tm,1,0,1,0.0,100.0
.doug_mod,1,0,1,0.0,100.0
.hamann_mod,1,0,1,0.0,100.0
.revpbe,1,0,1,0.0,100.0
.sj_mod,1,0,1,0.0,100.0
.971106_mod,1,0,1,0.0,100.0
.pho,1,0,1,0.0,100.0
.tm_so,1,0,1,0.0,100.0
.960808c_mod,1,0,1,0.0,100.0
.psphgh,1,0,1,0.0,100.0
.corewf,1,0,1,0.0,100.0
.f2b,1,0,1,0.0,100.0
.exit,1,0,1,0.0,100.0
.in_displ,1,0,1,0.0,100.0
.ns_energy,1,0,1,0.0,100.0
.struct,1,0,1,0.0,100.0
.intrans,1,0,1,0.0,100.0
.out_ep_invtauk,1,0,1,0.0,100.0
.out_ep_taue,1,0,1,0.0,100.0
.out_ep_tauk,1,0,1,0.0,100.0
.bxsf,1,0,1,0.0,100.0
.abo_gruns_dos,1,0,1,0.0,100.0
.abo_gruns_qpath,1,0,1,0.0,100.0
.ucell,1,0,1,0.0,100.0
.buildsys,1,0,1,0.0,100.0
.edits,1,0,1,0.0,100.0
.htk,1,0,1,0.0,100.0
.size,1,0,1,0.0,100.0
.test_bin,1,0,1,0.0,100.0
.10x,1,0,1,0.0,100.0
.glyphs,1,0,1,0.0,100.0
.appimage,1,0,1,0.0,100.0
.dbj,1,1,0,100.0,0.0
.preamble,1,0,1,0.0,100.0
.spin2,1,0,1,0.0,100.0
.other_extension,1,0,1,0.0,100.0
.jf,1,0,1,0.0,100.0
.noadmixstrainsnov10k,1,0,1,0.0,100.0
.in_000,1,0,1,0.0,100.0
.hostkey,1,0,1,0.0,100.0
.mingw32,1,0,1,0.0,100.0
.mingw64,1,0,1,0.0,100.0
.fxcop,1,0,1,0.0,100.0
.shfb,1,0,1,0.0,100.0
.pubxml,1,0,1,0.0,100.0
.wapproj,1,0,1,0.0,100.0
.osqp,1,0,1,0.0,100.0
.substitutions,1,0,1,0.0,100.0
.deck,1,0,1,0.0,100.0
.part2,1,0,1,0.0,100.0
.part3,1,0,1,0.0,100.0
.part4,1,0,1,0.0,100.0
.hybrid,1,0,1,0.0,100.0
.par24,1,0,1,0.0,100.0
.schonhage1,1,0,1,0.0,100.0
.schonhage2,1,0,1,0.0,100.0
.2000,1,0,1,0.0,100.0
.2400,1,0,1,0.0,100.0
.square24,1,0,1,0.0,100.0
.square6,1,0,1,0.0,100.0
.corn,1,0,1,0.0,100.0
.edison,1,0,1,0.0,100.0
.m4a,1,0,1,0.0,100.0
.amr,1,0,1,0.0,100.0
.embed,1,0,1,0.0,100.0
.mal,1,0,1,0.0,100.0
.h-xx,1,0,1,0.0,100.0
.lime,1,0,1,0.0,100.0
.bootstrap,1,0,1,0.0,100.0
.tmpreferences,1,0,1,0.0,100.0
.pu1,1,0,1,0.0,100.0
.ignore-warnings,1,0,1,0.0,100.0
.glnxa64,1,0,1,0.0,100.0
.maci64,1,0,1,0.0,100.0
.copy,1,0,1,0.0,100.0
.rb-old,1,0,1,0.0,100.0
.f29,1,0,1,0.0,100.0
.u16,1,0,1,0.0,100.0
.u18,1,0,1,0.0,100.0
.ac3,1,0,1,0.0,100.0
.mkv,1,0,1,0.0,100.0
.5+user_all,1,0,1,0.0,100.0
.23414,1,0,1,0.0,100.0
.23579,1,0,1,0.0,100.0
.23865,1,0,1,0.0,100.0
.24300,1,0,1,0.0,100.0
.beppe,1,0,1,0.0,100.0
.checkpatch,1,0,1,0.0,100.0
.cco,1,0,1,0.0,100.0
.bsd_fb,1,0,1,0.0,100.0
.bsd_mit,1,0,1,0.0,100.0
.gpl2,1,0,1,0.0,100.0
.kernel-init,1,0,1,0.0,100.0
.modprobe,1,0,1,0.0,100.0
.sriov-init,1,0,1,0.0,100.0
.sriov-vfs,1,0,1,0.0,100.0
.udev-rules,1,0,1,0.0,100.0
.sriov-rules,1,0,1,0.0,100.0
.sriov-service,1,0,1,0.0,100.0
.agdai,1,1,0,100.0,0.0
.classified,1,0,1,0.0,100.0
.detailed,1,0,1,0.0,100.0
.confused_entities,1,0,1,0.0,100.0
.divided,1,0,1,0.0,100.0
.divided_prog,1,0,1,0.0,100.0
.extra_entity,1,0,1,0.0,100.0
.extra_entity_prog,1,0,1,0.0,100.0
.extra_mention,1,0,1,0.0,100.0
.extra_mention_prog,1,0,1,0.0,100.0
.missing_entity,1,0,1,0.0,100.0
.missing_entity_prog,1,0,1,0.0,100.0
.missing_mention,1,0,1,0.0,100.0
.missing_mention_prog,1,0,1,0.0,100.0
.none,1,0,1,0.0,100.0
.span_errors,1,0,1,0.0,100.0
.cluster_context,1,0,1,0.0,100.0
.cluster_errors,1,0,1,0.0,100.0
.cluster_extra,1,0,1,0.0,100.0
.cluster_missing,1,0,1,0.0,100.0
.mention_list,1,0,1,0.0,100.0
.mention_text,1,0,1,0.0,100.0
.classified_detailed_properties,1,0,1,0.0,100.0
.classified_errors,1,0,1,0.0,100.0
.classified_summary,1,0,1,0.0,100.0
.text_with_mentions,1,0,1,0.0,100.0
.crdt,1,0,1,0.0,100.0
.reconstructed,1,0,1,0.0,100.0
.tool,1,0,1,0.0,100.0
.extra,1,0,1,0.0,100.0
.syms,1,0,1,0.0,100.0
.reqif,1,0,1,0.0,100.0
.vpdl,1,0,1,0.0,100.0
.0-rc3,1,0,1,0.0,100.0
.json_bert-base-uncased_512_128_64,1,0,1,0.0,100.0
.cypher,1,0,1,0.0,100.0
.cpy,1,0,1,0.0,100.0
.ws,1,0,1,0.0,100.0
.registered,1,0,1,0.0,100.0
.g2m,1,0,1,0.0,100.0
.state1,1,0,1,0.0,100.0
.state2,1,0,1,0.0,100.0
.tg,1,0,1,0.0,100.0
.iws,1,0,1,0.0,100.0
.mpr,1,0,1,0.0,100.0
.xcss,1,0,1,0.0,100.0
.sources,1,0,1,0.0,100.0
.clientconfig,1,0,1,0.0,100.0
.erwin,1,0,1,0.0,100.0
.sqlcmdvars,1,0,1,0.0,100.0
.sqldeployment,1,0,1,0.0,100.0
.sqlpermissions,1,0,1,0.0,100.0
.sqlsettings,1,0,1,0.0,100.0
.ldf,1,0,1,0.0,100.0
.mdf,1,0,1,0.0,100.0
.dbproj,1,0,1,0.0,100.0
.aterm,1,0,1,0.0,100.0
.odg#,1,1,0,100.0,0.0
.git,1,0,1,0.0,100.0
.hg,1,0,1,0.0,100.0
.wto,1,0,1,0.0,100.0
.anf,1,0,1,0.0,100.0
.sitedef,1,0,1,0.0,100.0
.movement,1,0,1,0.0,100.0
.multicast1,1,0,1,0.0,100.0
.multicast2,1,0,1,0.0,100.0
.ns,1,0,1,0.0,100.0
.filelist,1,0,1,0.0,100.0
.issueregistry,1,0,1,0.0,100.0
.minisat,1,0,1,0.0,100.0
.nbc_minisat_all,1,0,1,0.0,100.0
.custom-r-base,1,0,1,0.0,100.0
.dna,1,0,1,0.0,100.0
.ce6c855,1,0,1,0.0,100.0
.codebook,1,0,1,0.0,100.0
.docx#,1,1,0,100.0,0.0
.pptx#,1,1,0,100.0,0.0
.dot-input,1,1,0,100.0,0.0
.search,1,0,1,0.0,100.0
.tot,1,0,1,0.0,100.0
.conformalmappingtoolbox,1,0,1,0.0,100.0
.bash-completion,1,0,1,0.0,100.0
.run_std_atm,1,0,1,0.0,100.0
.cfga,1,0,1,0.0,100.0
.out_electrons_band19,1,0,1,0.0,100.0
.out_heavy_holes_band18,1,0,1,0.0,100.0
.out_light_holes_band17,1,0,1,0.0,100.0
.d12_scf,1,0,1,0.0,100.0
.out_scf,1,0,1,0.0,100.0
.orbit_benchmark,1,0,1,0.0,100.0
.yacc,1,0,1,0.0,100.0
.compute,1,0,1,0.0,100.0
.gaf#,1,0,1,0.0,100.0
.1659_example,1,0,1,0.0,100.0
.pivt,1,0,1,0.0,100.0
.nobc,1,0,1,0.0,100.0
.ns_start,1,0,1,0.0,100.0
.start_lte_demix,1,0,1,0.0,100.0
.start_ns,1,0,1,0.0,100.0
.xcfcase,1,0,1,0.0,100.0
.cmn,1,0,1,0.0,100.0
.ctest,1,0,1,0.0,100.0
.example_coconut,1,0,1,0.0,100.0
.cray,1,0,1,0.0,100.0
.juqueen,1,0,1,0.0,100.0
.juqueen_big,1,0,1,0.0,100.0
.exec,1,0,1,0.0,100.0
.mfmhd_cuda,1,0,1,0.0,100.0
.minimal,1,0,1,0.0,100.0
.mutationpp,1,0,1,0.0,100.0
.xsh,1,0,1,0.0,100.0
.m_old,1,1,0,100.0,0.0
.sty#,1,1,0,100.0,0.0
.pyde,1,0,1,0.0,100.0
.paml,1,0,1,0.0,100.0
.builder,1,0,1,0.0,100.0
.mcs,1,0,1,0.0,100.0
.ucf,1,0,1,0.0,100.0
.uxf,1,0,1,0.0,100.0
.geotiff,1,0,1,0.0,100.0
.hgt,1,0,1,0.0,100.0
.jm,1,0,1,0.0,100.0
.traps,1,0,1,0.0,100.0
.weekly,1,0,1,0.0,100.0
.buildbot,1,0,1,0.0,100.0
.d-bbmass,1,0,1,0.0,100.0
.d-freqsd,1,0,1,0.0,100.0
.postfix,1,0,1,0.0,100.0
.nospam,1,0,1,0.0,100.0
.spam,1,0,1,0.0,100.0
.set0,1,0,1,0.0,100.0
.set1,1,0,1,0.0,100.0
.set2,1,0,1,0.0,100.0
.set3,1,0,1,0.0,100.0
.perceptron,1,0,1,0.0,100.0
.by,1,0,1,0.0,100.0
.post-svn,1,0,1,0.0,100.0
.nightly,1,0,1,0.0,100.0
.qmail,1,0,1,0.0,100.0
.suse,1,0,1,0.0,100.0
.vpopmail,1,0,1,0.0,100.0
.awl,1,0,1,0.0,100.0
.bayes,1,0,1,0.0,100.0
.txrep,1,0,1,0.0,100.0
.com_password,1,0,1,0.0,100.0
.speedtest,1,0,1,0.0,100.0
.plhtml,1,0,1,0.0,100.0
.urimap,1,0,1,0.0,100.0
.contrasts,1,0,1,0.0,100.0
.trait,1,0,1,0.0,100.0
.detsnp,1,0,1,0.0,100.0
.popname,1,0,1,0.0,100.0
.hapflk,1,0,1,0.0,100.0
.rey,1,0,1,0.0,100.0
.rpres,1,0,1,0.0,100.0
.usda,1,1,0,100.0,0.0
.sfm,1,0,1,0.0,100.0
.protxt,1,1,0,100.0,0.0
.reppreview,1,0,1,0.0,100.0
.slddrw,1,0,1,0.0,100.0
.melt,1,0,1,0.0,100.0
.peta4-knl,1,0,1,0.0,100.0
.peta4-skylake,1,0,1,0.0,100.0
.wilkes2,1,0,1,0.0,100.0
.jmd,1,0,1,0.0,100.0
.ctv,1,0,1,0.0,100.0
.06112012,1,0,1,0.0,100.0
.slackbuild,1,0,1,0.0,100.0
.lng,1,0,1,0.0,100.0
.cub,1,0,1,0.0,100.0
.tf2,1,0,1,0.0,100.0
.xml-tpfa,1,0,1,0.0,100.0
.h5m,1,0,1,0.0,100.0
.centos-buildbot,1,0,1,0.0,100.0
.fedora-buildbot,1,0,1,0.0,100.0
.mac-buildbot,1,0,1,0.0,100.0
.mac-min,1,0,1,0.0,100.0
.ubuntu-buildbot,1,0,1,0.0,100.0
.gov,1,0,1,0.0,100.0
._pyc_,1,0,1,0.0,100.0
.lck,1,0,1,0.0,100.0
.ofs,1,0,1,0.0,100.0
.ofssave,1,0,1,0.0,100.0
.poses,1,0,1,0.0,100.0
.sub#,1,0,1,0.0,100.0
.loa,1,0,1,0.0,100.0
.nvd,1,0,1,0.0,100.0
.nvm,1,0,1,0.0,100.0
.tip,1,0,1,0.0,100.0
.jseo,1,0,1,0.0,100.0
.hostkeys,1,0,1,0.0,100.0
.gitcrypt,1,0,1,0.0,100.0
.omd,1,0,1,0.0,100.0
.shfbproj,1,0,1,0.0,100.0
.renametozip,1,0,1,0.0,100.0
.licenses,1,0,1,0.0,100.0
.licx,1,0,1,0.0,100.0
.ism,1,0,1,0.0,100.0
.toml_empty,1,0,1,0.0,100.0
.xc,1,0,1,0.0,100.0
.arsc,1,0,1,0.0,100.0
.dat1,1,0,1,0.0,100.0
.complex,1,0,1,0.0,100.0
.rules~,1,0,1,0.0,100.0
.ini into one folder,1,0,1,0.0,100.0
.exe and overwrite old copies,1,0,1,0.0,100.0
.trial,1,0,1,0.0,100.0
.irr,1,0,1,0.0,100.0
.ptb,1,0,1,0.0,100.0
.bak2,1,0,1,0.0,100.0
.bak3,1,0,1,0.0,100.0
.intact,1,0,1,0.0,100.0
.perrimon,1,0,1,0.0,100.0
.suratanee,1,0,1,0.0,100.0
.beta_pending_debugging,1,0,1,0.0,100.0
.localdb,1,0,1,0.0,100.0
.pbf,1,0,1,0.0,100.0
.sublime-commands,1,0,1,0.0,100.0
.sublime-mousemap,1,0,1,0.0,100.0
.sublime-menu,1,0,1,0.0,100.0
.bookmarks,1,0,1,0.0,100.0
.branch,1,0,1,0.0,100.0
.dirstate,1,0,1,0.0,100.0
.modif,1,0,1,0.0,100.0
.modif_add,1,0,1,0.0,100.0
.modif_addremove,1,0,1,0.0,100.0
.modif_reorder,1,0,1,0.0,100.0
.postgres,1,0,1,0.0,100.0
.rignore,1,0,1,0.0,100.0
.unifiedpusharchive,1,0,1,0.0,100.0
.loadableextension,1,0,1,0.0,100.0
.artemis,1,0,1,0.0,100.0
.noartemis,1,0,1,0.0,100.0
.nokeycloak,1,0,1,0.0,100.0
.cuter,1,0,1,0.0,100.0
.ver,1,1,0,100.0,0.0
.deps,1,1,0,100.0,0.0
.ancestrymapgeno,1,0,1,0.0,100.0
.eigenstratgeno,1,0,1,0.0,100.0
.packedancestrymapgeno,1,0,1,0.0,100.0
.pedind,1,0,1,0.0,100.0
.pedsnp,1,0,1,0.0,100.0
.ancestrymap,1,0,1,0.0,100.0
.packedped,1,0,1,0.0,100.0
.samuela,1,0,1,0.0,100.0
.ckp,1,0,1,0.0,100.0
.ckp~,1,0,1,0.0,100.0
.parts,1,0,1,0.0,100.0
.trprobs,1,0,1,0.0,100.0
.tstat,1,0,1,0.0,100.0
.vstat,1,0,1,0.0,100.0
.txt_582ko-602kowt,1,0,1,0.0,100.0
.xml_not_working,1,0,1,0.0,100.0
.lexicon,1,0,1,0.0,100.0
.jxl,1,0,1,0.0,100.0
.qoi,1,0,1,0.0,100.0
.sh_serial,1,0,1,0.0,100.0
.vtu,1,0,1,0.0,100.0
.cup,1,0,1,0.0,100.0
.jflex,1,0,1,0.0,100.0
.ham,1,1,0,100.0,0.0
.opensdf,1,0,1,0.0,100.0
.tfl,1,0,1,0.0,100.0
.dat13,1,0,1,0.0,100.0
.dat322,1,0,1,0.0,100.0
.dat330,1,0,1,0.0,100.0
.c172p,1,0,1,0.0,100.0
.c172r,1,0,1,0.0,100.0
.c182,1,0,1,0.0,100.0
.c310,1,0,1,0.0,100.0
.tsf,1,0,1,0.0,100.0
.datasourceregister,1,0,1,0.0,100.0
.pvk,1,0,1,0.0,100.0
.dgml,1,0,1,0.0,100.0
.cpp-17-rewriter,1,0,1,0.0,100.0
.osp,1,0,1,0.0,100.0
.sop,1,0,1,0.0,100.0
.docsdb,1,0,1,0.0,100.0
.vocabulary,1,0,1,0.0,100.0
.codebooks,1,0,1,0.0,100.0
.offsets,1,0,1,0.0,100.0
.adicht,1,0,1,0.0,100.0
.ml_mmfb,1,0,1,0.0,100.0
.ml_tabular_benchmark,1,0,1,0.0,100.0
.pybnn,1,0,1,0.0,100.0
.xgboostbenchmark,1,0,1,0.0,100.0
.nasbench_101,1,0,1,0.0,100.0
.nasbench_1shot1,1,0,1,0.0,100.0
.nasbench_201,1,0,1,0.0,100.0
.tabularbenchmarks,1,0,1,0.0,100.0
.odbenchmarks,1,0,1,0.0,100.0
.odkerneldensityestimation,1,0,1,0.0,100.0
.cartpole,1,0,1,0.0,100.0
.learnabenchmark,1,0,1,0.0,100.0
.paramnetbenchmark,1,0,1,0.0,100.0
.profiles_linc_macaq,1,0,1,0.0,100.0
.profiles_linc_mouse,1,0,1,0.0,100.0
.profiles_linc_rat,1,0,1,0.0,100.0
.profiles_linc_zebra,1,0,1,0.0,100.0
.xist-001,1,0,1,0.0,100.0
.gan,1,0,1,0.0,100.0
.lammps_data,1,0,1,0.0,100.0
.g96,1,0,1,0.0,100.0
.txyz,1,0,1,0.0,100.0
.aapl,1,0,1,0.0,100.0
.bak1,1,0,1,0.0,100.0
.cuh_temp,1,0,1,0.0,100.0
.nobox,1,0,1,0.0,100.0
.nooptim,1,0,1,0.0,100.0
.sheared,1,0,1,0.0,100.0
.singlepoint,1,0,1,0.0,100.0
.gf,1,0,1,0.0,100.0
.ssd,1,0,1,0.0,100.0
.r2010a,1,0,1,0.0,100.0
.tasty,1,0,1,0.0,100.0
.launchersessionlistener,1,0,1,0.0,100.0
.04_acescontainer,1,0,1,0.0,100.0
.04_brew,1,0,1,0.0,100.0
.04_lto,1,0,1,0.0,100.0
.04_no_libtiff_valgrind,1,0,1,0.0,100.0
.04_openexr2_shared,1,0,1,0.0,100.0
.04_openexr2_static,1,0,1,0.0,100.0
.04_openexr33,1,0,1,0.0,100.0
.04_openexr34,1,0,1,0.0,100.0
.qbs,1,0,1,0.0,100.0
.fhiaims,1,0,1,0.0,100.0
.rbs,1,0,1,0.0,100.0
.dockcross,1,0,1,0.0,100.0
.dockcross-manylinux,1,0,1,0.0,100.0
.dockcross-musl,1,0,1,0.0,100.0
.manylinux,1,0,1,0.0,100.0
.manylinux-mkl,1,0,1,0.0,100.0
.winaarch64,1,0,1,0.0,100.0
.mkd,1,0,1,0.0,100.0
.fep,1,0,1,0.0,100.0
.simulation,1,0,1,0.0,100.0
.n2t,1,0,1,0.0,100.0
.line3,1,0,1,0.0,100.0
.line4,1,0,1,0.0,100.0
.line5,1,0,1,0.0,100.0
.line6,1,0,1,0.0,100.0
.plane1,1,0,1,0.0,100.0
.plane10,1,0,1,0.0,100.0
.plane11,1,0,1,0.0,100.0
.plane12,1,0,1,0.0,100.0
.plane13,1,0,1,0.0,100.0
.plane2,1,0,1,0.0,100.0
.plane3,1,0,1,0.0,100.0
.plane4,1,0,1,0.0,100.0
.plane5,1,0,1,0.0,100.0
.plane6,1,0,1,0.0,100.0
.plane7,1,0,1,0.0,100.0
.plane8,1,0,1,0.0,100.0
.plane9,1,0,1,0.0,100.0
.chgcar,1,0,1,0.0,100.0
.tess,1,0,1,0.0,100.0
.contcar,1,0,1,0.0,100.0
.abin,1,0,1,0.0,100.0
.elk,1,0,1,0.0,100.0
.gau,1,0,1,0.0,100.0
.struct_in,1,0,1,0.0,100.0
.in_control,1,0,1,0.0,100.0
.frac,1,0,1,0.0,100.0
.mols,1,0,1,0.0,100.0
.eqns,1,0,1,0.0,100.0
.wdm,1,0,1,0.0,100.0
.dbg,1,0,1,0.0,100.0
.reloc,1,0,1,0.0,100.0
.rtti,1,0,1,0.0,100.0
.type,1,0,1,0.0,100.0
.xdbg,1,0,1,0.0,100.0
.py__,1,1,0,100.0,0.0
.dotfile,1,0,1,0.0,100.0
.enp,1,0,1,0.0,100.0
.flt,1,0,1,0.0,100.0
.numpy,1,0,1,0.0,100.0
.rawb,1,0,1,0.0,100.0
.phe,1,0,1,0.0,100.0
.md5sum~,1,0,1,0.0,100.0
.print,1,0,1,0.0,100.0
.syn1neg,1,0,1,0.0,100.0
.scan,1,0,1,0.0,100.0
.pydevproject,1,0,1,0.0,100.0
.mpu,1,0,1,0.0,100.0
.lark,1,0,1,0.0,100.0
.uvfits,1,1,0,100.0,0.0
.nq,1,0,1,0.0,100.0
.rj,1,0,1,0.0,100.0
.lfasta1,1,0,1,0.0,100.0
.lfasta2,1,0,1,0.0,100.0
.ma,1,0,1,0.0,100.0
.pixexp,1,0,1,0.0,100.0
.owl~,1,0,1,0.0,100.0
.eep,1,0,1,0.0,100.0
.tracks,1,0,1,0.0,100.0
.tracks_new,1,0,1,0.0,100.0
.sap,1,0,1,0.0,100.0
.wrd,1,1,0,100.0,0.0
.gae-deploy,1,0,1,0.0,100.0
._t_,1,0,1,0.0,100.0
.pu,1,1,0,100.0,0.0
.filplot001,1,1,0,100.0,0.0
.filplot002,1,1,0,100.0,0.0
.pdos_atm#1(c)_wfc#1(s),1,1,0,100.0,0.0
.pdos_atm#1(c)_wfc#2(p),1,1,0,100.0,0.0
.pdos_atm#2(c)_wfc#1(s),1,1,0,100.0,0.0
.pdos_atm#2(c)_wfc#2(p),1,1,0,100.0,0.0
.pdos_atm#1(si)_wfc#1(s),1,1,0,100.0,0.0
.pdos_atm#1(si)_wfc#2(p),1,1,0,100.0,0.0
.pdos_atm#2(si)_wfc#1(s),1,1,0,100.0,0.0
.pdos_atm#2(si)_wfc#2(p),1,1,0,100.0,0.0
.pdos_atm#1(si1)_wfc#1(s),1,1,0,100.0,0.0
.pdos_atm#1(si1)_wfc#2(p),1,1,0,100.0,0.0
.pdos_atm#2(si2)_wfc#1(s),1,1,0,100.0,0.0
.pdos_atm#2(si2)_wfc#2(p),1,1,0,100.0,0.0
.nnkp,1,1,0,100.0,0.0
.luabins,1,0,1,0.0,100.0
.chl,1,0,1,0.0,100.0
.ar2v,1,0,1,0.0,100.0
.uf,1,0,1,0.0,100.0
.pdb_bk,1,0,1,0.0,100.0
.pdb_report_npt,1,0,1,0.0,100.0
.pdb_report_nvt,1,0,1,0.0,100.0
.exclude,1,0,1,0.0,100.0
.py_old_version_,1,0,1,0.0,100.0
.gitmodules,1,0,1,0.0,100.0
.drivers,1,0,1,0.0,100.0
.1_extraparams,1,0,1,0.0,100.0
.1_mainparams,1,0,1,0.0,100.0
.com_copy,1,0,1,0.0,100.0
.xpi,1,0,1,0.0,100.0
.gendsp,1,0,1,0.0,100.0
.domain,1,0,1,0.0,100.0
.fypp,1,0,1,0.0,100.0
.userlibraries,1,0,1,0.0,100.0
.storesalloutputs,1,0,1,0.0,100.0
.g~,1,0,1,0.0,100.0
.sams,1,0,1,0.0,100.0
.alfredworkflow,1,0,1,0.0,100.0
.kineloader,1,0,1,0.0,100.0
.json_old,1,0,1,0.0,100.0
.giga_all_zpar_msr_model,1,0,1,0.0,100.0
.komprent,1,0,1,0.0,100.0
.vmt,1,0,1,0.0,100.0
.sdc,1,0,1,0.0,100.0
.qdf,1,0,1,0.0,100.0
.bsf,1,0,1,0.0,100.0
.ppf,1,0,1,0.0,100.0
.sip,1,0,1,0.0,100.0
.spd,1,0,1,0.0,100.0
.vho,1,0,1,0.0,100.0
.headfile,1,0,1,0.0,100.0
.brik,1,0,1,0.0,100.0
.mzn,1,0,1,0.0,100.0
.0_coregisterstainstohe,1,0,1,0.0,100.0
.0_quickcheckreg,1,0,1,0.0,100.0
.0_applyxfmtopngs,1,0,1,0.0,100.0
.0_extractexdicoms3t,1,0,1,0.0,100.0
.1_splitcombinedeximage3t,1,0,1,0.0,100.0
.2_orienteximages,1,0,1,0.0,100.0
.5_procexdti,1,0,1,0.0,100.0
.0_extractpostopdicoms,1,0,1,0.0,100.0
.1_computepostopdespot1,1,0,1,0.0,100.0
.2_despotskullstrip,1,0,1,0.0,100.0
.0_extractpreopdicoms,1,0,1,0.0,100.0
.1_computedespot1,1,0,1,0.0,100.0
.2_robustskullstrip,1,0,1,0.0,100.0
.3_synt1wbrains,1,0,1,0.0,100.0
.5_tissuesegbiascorrect,1,0,1,0.0,100.0
.6_computedespot2,1,0,1,0.0,100.0
.7_skullstripdespotoutput,1,0,1,0.0,100.0
.9_identifydtmridicoms,1,0,1,0.0,100.0
.2_resampleto100um,1,0,1,0.0,100.0
.4t_neo,1,0,1,0.0,100.0
.1_warpdtitoaligned,1,0,1,0.0,100.0
.1_checkreganatexdti,1,0,1,0.0,100.0
.2_checkalignedexdti,1,0,1,0.0,100.0
.0_initregextopre#,1,0,1,0.0,100.0
.0_initregextopre,1,0,1,0.0,100.0
.0_concatrigxfms,1,0,1,0.0,100.0
.1_nregwarpneotohist,1,0,1,0.0,100.0
.label~,1,1,0,100.0,0.0
.v03,1,0,1,0.0,100.0
.1_runsinglesubjprestats,1,0,1,0.0,100.0
.2_rundistortcorrect,1,0,1,0.0,100.0
.3_runsinglesubjica,1,0,1,0.0,100.0
.1_coregfreesurferlabels,1,0,1,0.0,100.0
.0_runroiconnectivityfeat,1,0,1,0.0,100.0
.2a,1,0,1,0.0,100.0
.3a,1,0,1,0.0,100.0
.4b,1,0,1,0.0,100.0
.4c,1,0,1,0.0,100.0
.4d,1,0,1,0.0,100.0
.4e,1,0,1,0.0,100.0
.4f,1,0,1,0.0,100.0
.4g,1,0,1,0.0,100.0
.04_freevnc,1,0,1,0.0,100.0
.sci~,1,0,1,0.0,100.0
.30_200_300mpc_v3,1,0,1,0.0,100.0
.87_200_300mpc_v3,1,0,1,0.0,100.0
.68_200_300mpc_v3,1,0,1,0.0,100.0
.40_200_300mpc_v3,1,0,1,0.0,100.0
.49_200_300mpc_v3,1,0,1,0.0,100.0
.41_200_300mpc_v3,1,0,1,0.0,100.0
.97_200_300mpc_v3,1,0,1,0.0,100.0
.08_200_300mpc_v3,1,0,1,0.0,100.0
.04_200_300mpc_v3,1,0,1,0.0,100.0
.34_200_300mpc_v3,1,0,1,0.0,100.0
.07_200_300mpc_v3,1,0,1,0.0,100.0
.78_200_300mpc_v3,1,0,1,0.0,100.0
.47_200_300mpc_v3,1,0,1,0.0,100.0
.09_200_300mpc_v3,1,0,1,0.0,100.0
.00_200_300mpc_v3,1,0,1,0.0,100.0
.88_200_300mpc_v3,1,0,1,0.0,100.0
.22_200_300mpc_v3,1,0,1,0.0,100.0
.66_200_300mpc_v3,1,0,1,0.0,100.0
.19_200_300mpc_v3,1,0,1,0.0,100.0
.53_200_300mpc_v3,1,0,1,0.0,100.0
.69_200_300mpc_v3,1,0,1,0.0,100.0
.67_200_300mpc_v3,1,0,1,0.0,100.0
.90_200_300mpc_v3,1,0,1,0.0,100.0
.64_200_300mpc_v3,1,0,1,0.0,100.0
.58_200_300mpc_v3,1,0,1,0.0,100.0
.59_200_300mpc_v3,1,0,1,0.0,100.0
.61_200_300mpc_v3,1,0,1,0.0,100.0
.92_200_300mpc_v3,1,0,1,0.0,100.0
.03_200_300mpc_v3,1,0,1,0.0,100.0
.44_200_300mpc_v3,1,0,1,0.0,100.0
.74_200_300mpc_v3,1,0,1,0.0,100.0
.05_200_300mpc_v3,1,0,1,0.0,100.0
.42_200_300mpc_v3,1,0,1,0.0,100.0
.ctex,1,0,1,0.0,100.0
.c-old,1,0,1,0.0,100.0
.011,1,0,1,0.0,100.0
.012,1,0,1,0.0,100.0
.013,1,0,1,0.0,100.0
.014,1,0,1,0.0,100.0
.015,1,0,1,0.0,100.0
.016,1,0,1,0.0,100.0
.017,1,0,1,0.0,100.0
.018,1,0,1,0.0,100.0
.019,1,0,1,0.0,100.0
.020,1,0,1,0.0,100.0
.021,1,0,1,0.0,100.0
.022,1,0,1,0.0,100.0
.023,1,0,1,0.0,100.0
.024,1,0,1,0.0,100.0
.025,1,0,1,0.0,100.0
.026,1,0,1,0.0,100.0
.027,1,0,1,0.0,100.0
.028,1,0,1,0.0,100.0
.029,1,0,1,0.0,100.0
.030,1,0,1,0.0,100.0
.031,1,0,1,0.0,100.0
.032,1,0,1,0.0,100.0
.033,1,0,1,0.0,100.0
.034,1,0,1,0.0,100.0
.035,1,0,1,0.0,100.0
.036,1,0,1,0.0,100.0
.037,1,0,1,0.0,100.0
.038,1,0,1,0.0,100.0
.040,1,0,1,0.0,100.0
.041,1,0,1,0.0,100.0
.042,1,0,1,0.0,100.0
.043,1,0,1,0.0,100.0
.044,1,0,1,0.0,100.0
.045,1,0,1,0.0,100.0
.046,1,0,1,0.0,100.0
.047,1,0,1,0.0,100.0
.048,1,0,1,0.0,100.0
.049,1,0,1,0.0,100.0
.050,1,0,1,0.0,100.0
.051,1,0,1,0.0,100.0
.052,1,0,1,0.0,100.0
.053,1,0,1,0.0,100.0
.054,1,0,1,0.0,100.0
.055,1,0,1,0.0,100.0
.056,1,0,1,0.0,100.0
.057,1,0,1,0.0,100.0
.058,1,0,1,0.0,100.0
.059,1,0,1,0.0,100.0
.060,1,0,1,0.0,100.0
.061,1,0,1,0.0,100.0
.062,1,0,1,0.0,100.0
.063,1,0,1,0.0,100.0
.064,1,0,1,0.0,100.0
.065,1,0,1,0.0,100.0
.066,1,0,1,0.0,100.0
.067,1,0,1,0.0,100.0
.068,1,0,1,0.0,100.0
.069,1,0,1,0.0,100.0
.070,1,0,1,0.0,100.0
.071,1,0,1,0.0,100.0
.072,1,0,1,0.0,100.0
.073,1,0,1,0.0,100.0
.074,1,0,1,0.0,100.0
.075,1,0,1,0.0,100.0
.076,1,0,1,0.0,100.0
.077,1,0,1,0.0,100.0
.078,1,0,1,0.0,100.0
.079,1,0,1,0.0,100.0
.080,1,0,1,0.0,100.0
.081,1,0,1,0.0,100.0
.082,1,0,1,0.0,100.0
.083,1,0,1,0.0,100.0
.084,1,0,1,0.0,100.0
.085,1,0,1,0.0,100.0
.086,1,0,1,0.0,100.0
.087,1,0,1,0.0,100.0
.088,1,0,1,0.0,100.0
.089,1,0,1,0.0,100.0
.090,1,0,1,0.0,100.0
.091,1,0,1,0.0,100.0
.092,1,0,1,0.0,100.0
.093,1,0,1,0.0,100.0
.094,1,0,1,0.0,100.0
.095,1,0,1,0.0,100.0
.096,1,0,1,0.0,100.0
.097,1,0,1,0.0,100.0
.098,1,0,1,0.0,100.0
.102,1,0,1,0.0,100.0
.103,1,0,1,0.0,100.0
.104,1,0,1,0.0,100.0
.105,1,0,1,0.0,100.0
.106,1,0,1,0.0,100.0
.107,1,0,1,0.0,100.0
.108,1,0,1,0.0,100.0
.109,1,0,1,0.0,100.0
.110,1,0,1,0.0,100.0
.111,1,0,1,0.0,100.0
.112,1,0,1,0.0,100.0
.113,1,0,1,0.0,100.0
.114,1,0,1,0.0,100.0
.115,1,0,1,0.0,100.0
.116,1,0,1,0.0,100.0
.117,1,0,1,0.0,100.0
.118,1,0,1,0.0,100.0
.119,1,0,1,0.0,100.0
.120,1,0,1,0.0,100.0
.121,1,0,1,0.0,100.0
.122,1,0,1,0.0,100.0
.123,1,0,1,0.0,100.0
.124,1,0,1,0.0,100.0
.125,1,0,1,0.0,100.0
.126,1,0,1,0.0,100.0
.129,1,0,1,0.0,100.0
.130,1,0,1,0.0,100.0
.131,1,0,1,0.0,100.0
.132,1,0,1,0.0,100.0
.133,1,0,1,0.0,100.0
.134,1,0,1,0.0,100.0
.135,1,0,1,0.0,100.0
.136,1,0,1,0.0,100.0
.137,1,0,1,0.0,100.0
.138,1,0,1,0.0,100.0
.139,1,0,1,0.0,100.0
.140,1,0,1,0.0,100.0
.141,1,0,1,0.0,100.0
.142,1,0,1,0.0,100.0
.143,1,0,1,0.0,100.0
.144,1,0,1,0.0,100.0
.145,1,0,1,0.0,100.0
.146,1,0,1,0.0,100.0
.147,1,0,1,0.0,100.0
.148,1,0,1,0.0,100.0
.149,1,0,1,0.0,100.0
.150,1,0,1,0.0,100.0
.151,1,0,1,0.0,100.0
.152,1,0,1,0.0,100.0
.153,1,0,1,0.0,100.0
.154,1,0,1,0.0,100.0
.155,1,0,1,0.0,100.0
.156,1,0,1,0.0,100.0
.157,1,0,1,0.0,100.0
.158,1,0,1,0.0,100.0
.159,1,0,1,0.0,100.0
.160,1,0,1,0.0,100.0
.161,1,0,1,0.0,100.0
.162,1,0,1,0.0,100.0
.163,1,0,1,0.0,100.0
.164,1,0,1,0.0,100.0
.165,1,0,1,0.0,100.0
.166,1,0,1,0.0,100.0
.167,1,0,1,0.0,100.0
.168,1,0,1,0.0,100.0
.169,1,0,1,0.0,100.0
.170,1,0,1,0.0,100.0
.171,1,0,1,0.0,100.0
.172,1,0,1,0.0,100.0
.173,1,0,1,0.0,100.0
.174,1,0,1,0.0,100.0
.175,1,0,1,0.0,100.0
.176,1,0,1,0.0,100.0
.177,1,0,1,0.0,100.0
.178,1,0,1,0.0,100.0
.179,1,0,1,0.0,100.0
.180,1,0,1,0.0,100.0
.181,1,0,1,0.0,100.0
.182,1,0,1,0.0,100.0
.183,1,0,1,0.0,100.0
.184,1,0,1,0.0,100.0
.185,1,0,1,0.0,100.0
.186,1,0,1,0.0,100.0
.187,1,0,1,0.0,100.0
.188,1,0,1,0.0,100.0
.189,1,0,1,0.0,100.0
.190,1,0,1,0.0,100.0
.191,1,0,1,0.0,100.0
.192,1,0,1,0.0,100.0
.193,1,0,1,0.0,100.0
.194,1,0,1,0.0,100.0
.195,1,0,1,0.0,100.0
.196,1,0,1,0.0,100.0
.197,1,0,1,0.0,100.0
.198,1,0,1,0.0,100.0
.201,1,0,1,0.0,100.0
.202,1,0,1,0.0,100.0
.203,1,0,1,0.0,100.0
.204,1,0,1,0.0,100.0
.205,1,0,1,0.0,100.0
.206,1,0,1,0.0,100.0
.207,1,0,1,0.0,100.0
.208,1,0,1,0.0,100.0
.209,1,0,1,0.0,100.0
.210,1,0,1,0.0,100.0
.211,1,0,1,0.0,100.0
.212,1,0,1,0.0,100.0
.213,1,0,1,0.0,100.0
.214,1,0,1,0.0,100.0
.215,1,0,1,0.0,100.0
.216,1,0,1,0.0,100.0
.217,1,0,1,0.0,100.0
.218,1,0,1,0.0,100.0
.219,1,0,1,0.0,100.0
.220,1,0,1,0.0,100.0
.221,1,0,1,0.0,100.0
.222,1,0,1,0.0,100.0
.223,1,0,1,0.0,100.0
.224,1,0,1,0.0,100.0
.225,1,0,1,0.0,100.0
.226,1,0,1,0.0,100.0
.227,1,0,1,0.0,100.0
.228,1,0,1,0.0,100.0
.229,1,0,1,0.0,100.0
.230,1,0,1,0.0,100.0
.231,1,0,1,0.0,100.0
.232,1,0,1,0.0,100.0
.233,1,0,1,0.0,100.0
.234,1,0,1,0.0,100.0
.235,1,0,1,0.0,100.0
.236,1,0,1,0.0,100.0
.237,1,0,1,0.0,100.0
.238,1,0,1,0.0,100.0
.239,1,0,1,0.0,100.0
.240,1,0,1,0.0,100.0
.241,1,0,1,0.0,100.0
.242,1,0,1,0.0,100.0
.243,1,0,1,0.0,100.0
.244,1,0,1,0.0,100.0
.245,1,0,1,0.0,100.0
.246,1,0,1,0.0,100.0
.247,1,0,1,0.0,100.0
.248,1,0,1,0.0,100.0
.249,1,0,1,0.0,100.0
.251,1,0,1,0.0,100.0
.252,1,0,1,0.0,100.0
.253,1,0,1,0.0,100.0
.254,1,0,1,0.0,100.0
.257,1,0,1,0.0,100.0
.258,1,0,1,0.0,100.0
.259,1,0,1,0.0,100.0
.260,1,0,1,0.0,100.0
.261,1,0,1,0.0,100.0
.262,1,0,1,0.0,100.0
.263,1,0,1,0.0,100.0
.264,1,0,1,0.0,100.0
.265,1,0,1,0.0,100.0
.266,1,0,1,0.0,100.0
.267,1,0,1,0.0,100.0
.268,1,0,1,0.0,100.0
.269,1,0,1,0.0,100.0
.270,1,0,1,0.0,100.0
.271,1,0,1,0.0,100.0
.272,1,0,1,0.0,100.0
.273,1,0,1,0.0,100.0
.274,1,0,1,0.0,100.0
.275,1,0,1,0.0,100.0
.276,1,0,1,0.0,100.0
.277,1,0,1,0.0,100.0
.278,1,0,1,0.0,100.0
.279,1,0,1,0.0,100.0
.280,1,0,1,0.0,100.0
.281,1,0,1,0.0,100.0
.282,1,0,1,0.0,100.0
.283,1,0,1,0.0,100.0
.284,1,0,1,0.0,100.0
.285,1,0,1,0.0,100.0
.286,1,0,1,0.0,100.0
.287,1,0,1,0.0,100.0
.288,1,0,1,0.0,100.0
.289,1,0,1,0.0,100.0
.290,1,0,1,0.0,100.0
.291,1,0,1,0.0,100.0
.292,1,0,1,0.0,100.0
.293,1,0,1,0.0,100.0
.294,1,0,1,0.0,100.0
.295,1,0,1,0.0,100.0
.296,1,0,1,0.0,100.0
.297,1,0,1,0.0,100.0
.298,1,0,1,0.0,100.0
.301,1,0,1,0.0,100.0
.302,1,0,1,0.0,100.0
.303,1,0,1,0.0,100.0
.304,1,0,1,0.0,100.0
.305,1,0,1,0.0,100.0
.306,1,0,1,0.0,100.0
.307,1,0,1,0.0,100.0
.308,1,0,1,0.0,100.0
.309,1,0,1,0.0,100.0
.310,1,0,1,0.0,100.0
.311,1,0,1,0.0,100.0
.312,1,0,1,0.0,100.0
.313,1,0,1,0.0,100.0
.314,1,0,1,0.0,100.0
.315,1,0,1,0.0,100.0
.316,1,0,1,0.0,100.0
.317,1,0,1,0.0,100.0
.318,1,0,1,0.0,100.0
.319,1,0,1,0.0,100.0
.321,1,0,1,0.0,100.0
.322,1,0,1,0.0,100.0
.323,1,0,1,0.0,100.0
.324,1,0,1,0.0,100.0
.325,1,0,1,0.0,100.0
.326,1,0,1,0.0,100.0
.327,1,0,1,0.0,100.0
.328,1,0,1,0.0,100.0
.329,1,0,1,0.0,100.0
.330,1,0,1,0.0,100.0
.331,1,0,1,0.0,100.0
.332,1,0,1,0.0,100.0
.333,1,0,1,0.0,100.0
.334,1,0,1,0.0,100.0
.335,1,0,1,0.0,100.0
.336,1,0,1,0.0,100.0
.337,1,0,1,0.0,100.0
.338,1,0,1,0.0,100.0
.339,1,0,1,0.0,100.0
.340,1,0,1,0.0,100.0
.341,1,0,1,0.0,100.0
.342,1,0,1,0.0,100.0
.343,1,0,1,0.0,100.0
.344,1,0,1,0.0,100.0
.345,1,0,1,0.0,100.0
.346,1,0,1,0.0,100.0
.347,1,0,1,0.0,100.0
.348,1,0,1,0.0,100.0
.349,1,0,1,0.0,100.0
.351,1,0,1,0.0,100.0
.352,1,0,1,0.0,100.0
.353,1,0,1,0.0,100.0
.354,1,0,1,0.0,100.0
.355,1,0,1,0.0,100.0
.356,1,0,1,0.0,100.0
.357,1,0,1,0.0,100.0
.358,1,0,1,0.0,100.0
.359,1,0,1,0.0,100.0
.360,1,0,1,0.0,100.0
.361,1,0,1,0.0,100.0
.362,1,0,1,0.0,100.0
.363,1,0,1,0.0,100.0
.364,1,0,1,0.0,100.0
.365,1,0,1,0.0,100.0
.366,1,0,1,0.0,100.0
.367,1,0,1,0.0,100.0
.368,1,0,1,0.0,100.0
.369,1,0,1,0.0,100.0
.370,1,0,1,0.0,100.0
.371,1,0,1,0.0,100.0
.372,1,0,1,0.0,100.0
.373,1,0,1,0.0,100.0
.374,1,0,1,0.0,100.0
.375,1,0,1,0.0,100.0
.376,1,0,1,0.0,100.0
.377,1,0,1,0.0,100.0
.378,1,0,1,0.0,100.0
.379,1,0,1,0.0,100.0
.380,1,0,1,0.0,100.0
.381,1,0,1,0.0,100.0
.382,1,0,1,0.0,100.0
.383,1,0,1,0.0,100.0
.385,1,0,1,0.0,100.0
.386,1,0,1,0.0,100.0
.387,1,0,1,0.0,100.0
.388,1,0,1,0.0,100.0
.389,1,0,1,0.0,100.0
.390,1,0,1,0.0,100.0
.391,1,0,1,0.0,100.0
.392,1,0,1,0.0,100.0
.393,1,0,1,0.0,100.0
.394,1,0,1,0.0,100.0
.395,1,0,1,0.0,100.0
.396,1,0,1,0.0,100.0
.397,1,0,1,0.0,100.0
.398,1,0,1,0.0,100.0
.401,1,0,1,0.0,100.0
.402,1,0,1,0.0,100.0
.403,1,0,1,0.0,100.0
.404,1,0,1,0.0,100.0
.405,1,0,1,0.0,100.0
.406,1,0,1,0.0,100.0
.407,1,0,1,0.0,100.0
.408,1,0,1,0.0,100.0
.409,1,0,1,0.0,100.0
.410,1,0,1,0.0,100.0
.411,1,0,1,0.0,100.0
.412,1,0,1,0.0,100.0
.413,1,0,1,0.0,100.0
.414,1,0,1,0.0,100.0
.415,1,0,1,0.0,100.0
.416,1,0,1,0.0,100.0
.417,1,0,1,0.0,100.0
.418,1,0,1,0.0,100.0
.419,1,0,1,0.0,100.0
.421,1,0,1,0.0,100.0
.423,1,0,1,0.0,100.0
.425,1,0,1,0.0,100.0
.426,1,0,1,0.0,100.0
.427,1,0,1,0.0,100.0
.428,1,0,1,0.0,100.0
.429,1,0,1,0.0,100.0
.430,1,0,1,0.0,100.0
.431,1,0,1,0.0,100.0
.432,1,0,1,0.0,100.0
.434,1,0,1,0.0,100.0
.435,1,0,1,0.0,100.0
.436,1,0,1,0.0,100.0
.437,1,0,1,0.0,100.0
.438,1,0,1,0.0,100.0
.440,1,0,1,0.0,100.0
.441,1,0,1,0.0,100.0
.443,1,0,1,0.0,100.0
.444,1,0,1,0.0,100.0
.445,1,0,1,0.0,100.0
.446,1,0,1,0.0,100.0
.447,1,0,1,0.0,100.0
.448,1,0,1,0.0,100.0
.449,1,0,1,0.0,100.0
.451,1,0,1,0.0,100.0
.452,1,0,1,0.0,100.0
.453,1,0,1,0.0,100.0
.454,1,0,1,0.0,100.0
.455,1,0,1,0.0,100.0
.456,1,0,1,0.0,100.0
.457,1,0,1,0.0,100.0
.458,1,0,1,0.0,100.0
.459,1,0,1,0.0,100.0
.460,1,0,1,0.0,100.0
.461,1,0,1,0.0,100.0
.462,1,0,1,0.0,100.0
.463,1,0,1,0.0,100.0
.464,1,0,1,0.0,100.0
.465,1,0,1,0.0,100.0
.466,1,0,1,0.0,100.0
.467,1,0,1,0.0,100.0
.468,1,0,1,0.0,100.0
.469,1,0,1,0.0,100.0
.470,1,0,1,0.0,100.0
.471,1,0,1,0.0,100.0
.472,1,0,1,0.0,100.0
.473,1,0,1,0.0,100.0
.474,1,0,1,0.0,100.0
.475,1,0,1,0.0,100.0
.476,1,0,1,0.0,100.0
.477,1,0,1,0.0,100.0
.478,1,0,1,0.0,100.0
.479,1,0,1,0.0,100.0
.480,1,0,1,0.0,100.0
.481,1,0,1,0.0,100.0
.482,1,0,1,0.0,100.0
.483,1,0,1,0.0,100.0
.484,1,0,1,0.0,100.0
.485,1,0,1,0.0,100.0
.486,1,0,1,0.0,100.0
.487,1,0,1,0.0,100.0
.488,1,0,1,0.0,100.0
.489,1,0,1,0.0,100.0
.490,1,0,1,0.0,100.0
.491,1,0,1,0.0,100.0
.492,1,0,1,0.0,100.0
.493,1,0,1,0.0,100.0
.494,1,0,1,0.0,100.0
.495,1,0,1,0.0,100.0
.496,1,0,1,0.0,100.0
.497,1,0,1,0.0,100.0
.498,1,0,1,0.0,100.0
.502,1,0,1,0.0,100.0
.503,1,0,1,0.0,100.0
.504,1,0,1,0.0,100.0
.505,1,0,1,0.0,100.0
.506,1,0,1,0.0,100.0
.507,1,0,1,0.0,100.0
.508,1,0,1,0.0,100.0
.509,1,0,1,0.0,100.0
.510,1,0,1,0.0,100.0
.511,1,0,1,0.0,100.0
.513,1,0,1,0.0,100.0
.514,1,0,1,0.0,100.0
.515,1,0,1,0.0,100.0
.516,1,0,1,0.0,100.0
.517,1,0,1,0.0,100.0
.518,1,0,1,0.0,100.0
.519,1,0,1,0.0,100.0
.520,1,0,1,0.0,100.0
.521,1,0,1,0.0,100.0
.522,1,0,1,0.0,100.0
.523,1,0,1,0.0,100.0
.524,1,0,1,0.0,100.0
.525,1,0,1,0.0,100.0
.526,1,0,1,0.0,100.0
.527,1,0,1,0.0,100.0
.528,1,0,1,0.0,100.0
.529,1,0,1,0.0,100.0
.530,1,0,1,0.0,100.0
.531,1,0,1,0.0,100.0
.532,1,0,1,0.0,100.0
.533,1,0,1,0.0,100.0
.534,1,0,1,0.0,100.0
.535,1,0,1,0.0,100.0
.536,1,0,1,0.0,100.0
.537,1,0,1,0.0,100.0
.538,1,0,1,0.0,100.0
.539,1,0,1,0.0,100.0
.540,1,0,1,0.0,100.0
.541,1,0,1,0.0,100.0
.542,1,0,1,0.0,100.0
.543,1,0,1,0.0,100.0
.544,1,0,1,0.0,100.0
.545,1,0,1,0.0,100.0
.546,1,0,1,0.0,100.0
.547,1,0,1,0.0,100.0
.548,1,0,1,0.0,100.0
.549,1,0,1,0.0,100.0
.551,1,0,1,0.0,100.0
.552,1,0,1,0.0,100.0
.553,1,0,1,0.0,100.0
.554,1,0,1,0.0,100.0
.555,1,0,1,0.0,100.0
.556,1,0,1,0.0,100.0
.557,1,0,1,0.0,100.0
.558,1,0,1,0.0,100.0
.559,1,0,1,0.0,100.0
.560,1,0,1,0.0,100.0
.561,1,0,1,0.0,100.0
.562,1,0,1,0.0,100.0
.563,1,0,1,0.0,100.0
.564,1,0,1,0.0,100.0
.565,1,0,1,0.0,100.0
.566,1,0,1,0.0,100.0
.567,1,0,1,0.0,100.0
.568,1,0,1,0.0,100.0
.569,1,0,1,0.0,100.0
.570,1,0,1,0.0,100.0
.571,1,0,1,0.0,100.0
.572,1,0,1,0.0,100.0
.573,1,0,1,0.0,100.0
.574,1,0,1,0.0,100.0
.575,1,0,1,0.0,100.0
.576,1,0,1,0.0,100.0
.577,1,0,1,0.0,100.0
.578,1,0,1,0.0,100.0
.579,1,0,1,0.0,100.0
.580,1,0,1,0.0,100.0
.581,1,0,1,0.0,100.0
.582,1,0,1,0.0,100.0
.583,1,0,1,0.0,100.0
.584,1,0,1,0.0,100.0
.585,1,0,1,0.0,100.0
.586,1,0,1,0.0,100.0
.587,1,0,1,0.0,100.0
.588,1,0,1,0.0,100.0
.589,1,0,1,0.0,100.0
.590,1,0,1,0.0,100.0
.591,1,0,1,0.0,100.0
.592,1,0,1,0.0,100.0
.593,1,0,1,0.0,100.0
.594,1,0,1,0.0,100.0
.595,1,0,1,0.0,100.0
.596,1,0,1,0.0,100.0
.597,1,0,1,0.0,100.0
.598,1,0,1,0.0,100.0
.601,1,0,1,0.0,100.0
.602,1,0,1,0.0,100.0
.603,1,0,1,0.0,100.0
.604,1,0,1,0.0,100.0
.605,1,0,1,0.0,100.0
.606,1,0,1,0.0,100.0
.607,1,0,1,0.0,100.0
.608,1,0,1,0.0,100.0
.609,1,0,1,0.0,100.0
.610,1,0,1,0.0,100.0
.611,1,0,1,0.0,100.0
.612,1,0,1,0.0,100.0
.613,1,0,1,0.0,100.0
.614,1,0,1,0.0,100.0
.615,1,0,1,0.0,100.0
.616,1,0,1,0.0,100.0
.617,1,0,1,0.0,100.0
.618,1,0,1,0.0,100.0
.619,1,0,1,0.0,100.0
.620,1,0,1,0.0,100.0
.621,1,0,1,0.0,100.0
.622,1,0,1,0.0,100.0
.623,1,0,1,0.0,100.0
.624,1,0,1,0.0,100.0
.625,1,0,1,0.0,100.0
.626,1,0,1,0.0,100.0
.627,1,0,1,0.0,100.0
.628,1,0,1,0.0,100.0
.629,1,0,1,0.0,100.0
.630,1,0,1,0.0,100.0
.631,1,0,1,0.0,100.0
.632,1,0,1,0.0,100.0
.633,1,0,1,0.0,100.0
.634,1,0,1,0.0,100.0
.635,1,0,1,0.0,100.0
.636,1,0,1,0.0,100.0
.637,1,0,1,0.0,100.0
.638,1,0,1,0.0,100.0
.639,1,0,1,0.0,100.0
.641,1,0,1,0.0,100.0
.642,1,0,1,0.0,100.0
.643,1,0,1,0.0,100.0
.644,1,0,1,0.0,100.0
.645,1,0,1,0.0,100.0
.646,1,0,1,0.0,100.0
.647,1,0,1,0.0,100.0
.648,1,0,1,0.0,100.0
.649,1,0,1,0.0,100.0
.650,1,0,1,0.0,100.0
.651,1,0,1,0.0,100.0
.652,1,0,1,0.0,100.0
.653,1,0,1,0.0,100.0
.654,1,0,1,0.0,100.0
.655,1,0,1,0.0,100.0
.656,1,0,1,0.0,100.0
.657,1,0,1,0.0,100.0
.658,1,0,1,0.0,100.0
.659,1,0,1,0.0,100.0
.660,1,0,1,0.0,100.0
.661,1,0,1,0.0,100.0
.662,1,0,1,0.0,100.0
.663,1,0,1,0.0,100.0
.664,1,0,1,0.0,100.0
.665,1,0,1,0.0,100.0
.666,1,0,1,0.0,100.0
.667,1,0,1,0.0,100.0
.668,1,0,1,0.0,100.0
.669,1,0,1,0.0,100.0
.670,1,0,1,0.0,100.0
.671,1,0,1,0.0,100.0
.672,1,0,1,0.0,100.0
.673,1,0,1,0.0,100.0
.674,1,0,1,0.0,100.0
.675,1,0,1,0.0,100.0
.676,1,0,1,0.0,100.0
.677,1,0,1,0.0,100.0
.678,1,0,1,0.0,100.0
.679,1,0,1,0.0,100.0
.680,1,0,1,0.0,100.0
.681,1,0,1,0.0,100.0
.682,1,0,1,0.0,100.0
.683,1,0,1,0.0,100.0
.684,1,0,1,0.0,100.0
.685,1,0,1,0.0,100.0
.687,1,0,1,0.0,100.0
.688,1,0,1,0.0,100.0
.689,1,0,1,0.0,100.0
.690,1,0,1,0.0,100.0
.691,1,0,1,0.0,100.0
.692,1,0,1,0.0,100.0
.693,1,0,1,0.0,100.0
.694,1,0,1,0.0,100.0
.695,1,0,1,0.0,100.0
.696,1,0,1,0.0,100.0
.697,1,0,1,0.0,100.0
.698,1,0,1,0.0,100.0
.701,1,0,1,0.0,100.0
.702,1,0,1,0.0,100.0
.703,1,0,1,0.0,100.0
.704,1,0,1,0.0,100.0
.705,1,0,1,0.0,100.0
.706,1,0,1,0.0,100.0
.707,1,0,1,0.0,100.0
.708,1,0,1,0.0,100.0
.709,1,0,1,0.0,100.0
.710,1,0,1,0.0,100.0
.711,1,0,1,0.0,100.0
.712,1,0,1,0.0,100.0
.713,1,0,1,0.0,100.0
.714,1,0,1,0.0,100.0
.715,1,0,1,0.0,100.0
.716,1,0,1,0.0,100.0
.717,1,0,1,0.0,100.0
.718,1,0,1,0.0,100.0
.719,1,0,1,0.0,100.0
.720,1,0,1,0.0,100.0
.721,1,0,1,0.0,100.0
.722,1,0,1,0.0,100.0
.723,1,0,1,0.0,100.0
.724,1,0,1,0.0,100.0
.725,1,0,1,0.0,100.0
.726,1,0,1,0.0,100.0
.727,1,0,1,0.0,100.0
.728,1,0,1,0.0,100.0
.729,1,0,1,0.0,100.0
.730,1,0,1,0.0,100.0
.731,1,0,1,0.0,100.0
.732,1,0,1,0.0,100.0
.733,1,0,1,0.0,100.0
.734,1,0,1,0.0,100.0
.735,1,0,1,0.0,100.0
.736,1,0,1,0.0,100.0
.737,1,0,1,0.0,100.0
.738,1,0,1,0.0,100.0
.739,1,0,1,0.0,100.0
.740,1,0,1,0.0,100.0
.741,1,0,1,0.0,100.0
.742,1,0,1,0.0,100.0
.743,1,0,1,0.0,100.0
.744,1,0,1,0.0,100.0
.745,1,0,1,0.0,100.0
.746,1,0,1,0.0,100.0
.747,1,0,1,0.0,100.0
.748,1,0,1,0.0,100.0
.749,1,0,1,0.0,100.0
.750,1,0,1,0.0,100.0
.751,1,0,1,0.0,100.0
.752,1,0,1,0.0,100.0
.753,1,0,1,0.0,100.0
.754,1,0,1,0.0,100.0
.755,1,0,1,0.0,100.0
.756,1,0,1,0.0,100.0
.757,1,0,1,0.0,100.0
.758,1,0,1,0.0,100.0
.759,1,0,1,0.0,100.0
.760,1,0,1,0.0,100.0
.761,1,0,1,0.0,100.0
.762,1,0,1,0.0,100.0
.763,1,0,1,0.0,100.0
.764,1,0,1,0.0,100.0
.765,1,0,1,0.0,100.0
.766,1,0,1,0.0,100.0
.767,1,0,1,0.0,100.0
.769,1,0,1,0.0,100.0
.770,1,0,1,0.0,100.0
.771,1,0,1,0.0,100.0
.772,1,0,1,0.0,100.0
.773,1,0,1,0.0,100.0
.774,1,0,1,0.0,100.0
.775,1,0,1,0.0,100.0
.776,1,0,1,0.0,100.0
.777,1,0,1,0.0,100.0
.778,1,0,1,0.0,100.0
.779,1,0,1,0.0,100.0
.780,1,0,1,0.0,100.0
.781,1,0,1,0.0,100.0
.782,1,0,1,0.0,100.0
.783,1,0,1,0.0,100.0
.784,1,0,1,0.0,100.0
.785,1,0,1,0.0,100.0
.786,1,0,1,0.0,100.0
.787,1,0,1,0.0,100.0
.788,1,0,1,0.0,100.0
.789,1,0,1,0.0,100.0
.79,1,0,1,0.0,100.0
.790,1,0,1,0.0,100.0
.791,1,0,1,0.0,100.0
.792,1,0,1,0.0,100.0
.793,1,0,1,0.0,100.0
.794,1,0,1,0.0,100.0
.795,1,0,1,0.0,100.0
.796,1,0,1,0.0,100.0
.797,1,0,1,0.0,100.0
.798,1,0,1,0.0,100.0
.80,1,0,1,0.0,100.0
.801,1,0,1,0.0,100.0
.802,1,0,1,0.0,100.0
.803,1,0,1,0.0,100.0
.804,1,0,1,0.0,100.0
.805,1,0,1,0.0,100.0
.806,1,0,1,0.0,100.0
.807,1,0,1,0.0,100.0
.808,1,0,1,0.0,100.0
.809,1,0,1,0.0,100.0
.81,1,0,1,0.0,100.0
.810,1,0,1,0.0,100.0
.811,1,0,1,0.0,100.0
.812,1,0,1,0.0,100.0
.813,1,0,1,0.0,100.0
.814,1,0,1,0.0,100.0
.815,1,0,1,0.0,100.0
.816,1,0,1,0.0,100.0
.817,1,0,1,0.0,100.0
.818,1,0,1,0.0,100.0
.819,1,0,1,0.0,100.0
.82,1,0,1,0.0,100.0
.820,1,0,1,0.0,100.0
.821,1,0,1,0.0,100.0
.822,1,0,1,0.0,100.0
.823,1,0,1,0.0,100.0
.824,1,0,1,0.0,100.0
.825,1,0,1,0.0,100.0
.826,1,0,1,0.0,100.0
.827,1,0,1,0.0,100.0
.828,1,0,1,0.0,100.0
.829,1,0,1,0.0,100.0
.83,1,0,1,0.0,100.0
.830,1,0,1,0.0,100.0
.831,1,0,1,0.0,100.0
.832,1,0,1,0.0,100.0
.833,1,0,1,0.0,100.0
.834,1,0,1,0.0,100.0
.835,1,0,1,0.0,100.0
.836,1,0,1,0.0,100.0
.837,1,0,1,0.0,100.0
.838,1,0,1,0.0,100.0
.839,1,0,1,0.0,100.0
.84,1,0,1,0.0,100.0
.840,1,0,1,0.0,100.0
.841,1,0,1,0.0,100.0
.842,1,0,1,0.0,100.0
.843,1,0,1,0.0,100.0
.844,1,0,1,0.0,100.0
.845,1,0,1,0.0,100.0
.846,1,0,1,0.0,100.0
.847,1,0,1,0.0,100.0
.848,1,0,1,0.0,100.0
.849,1,0,1,0.0,100.0
.85,1,0,1,0.0,100.0
.850,1,0,1,0.0,100.0
.851,1,0,1,0.0,100.0
.852,1,0,1,0.0,100.0
.853,1,0,1,0.0,100.0
.854,1,0,1,0.0,100.0
.855,1,0,1,0.0,100.0
.856,1,0,1,0.0,100.0
.857,1,0,1,0.0,100.0
.858,1,0,1,0.0,100.0
.859,1,0,1,0.0,100.0
.86,1,0,1,0.0,100.0
.860,1,0,1,0.0,100.0
.861,1,0,1,0.0,100.0
.862,1,0,1,0.0,100.0
.863,1,0,1,0.0,100.0
.864,1,0,1,0.0,100.0
.865,1,0,1,0.0,100.0
.866,1,0,1,0.0,100.0
.867,1,0,1,0.0,100.0
.868,1,0,1,0.0,100.0
.869,1,0,1,0.0,100.0
.87,1,0,1,0.0,100.0
.870,1,0,1,0.0,100.0
.871,1,0,1,0.0,100.0
.872,1,0,1,0.0,100.0
.873,1,0,1,0.0,100.0
.874,1,0,1,0.0,100.0
.875,1,0,1,0.0,100.0
.876,1,0,1,0.0,100.0
.877,1,0,1,0.0,100.0
.878,1,0,1,0.0,100.0
.879,1,0,1,0.0,100.0
.88,1,0,1,0.0,100.0
.880,1,0,1,0.0,100.0
.881,1,0,1,0.0,100.0
.882,1,0,1,0.0,100.0
.883,1,0,1,0.0,100.0
.884,1,0,1,0.0,100.0
.885,1,0,1,0.0,100.0
.886,1,0,1,0.0,100.0
.887,1,0,1,0.0,100.0
.888,1,0,1,0.0,100.0
.889,1,0,1,0.0,100.0
.89,1,0,1,0.0,100.0
.890,1,0,1,0.0,100.0
.891,1,0,1,0.0,100.0
.892,1,0,1,0.0,100.0
.893,1,0,1,0.0,100.0
.894,1,0,1,0.0,100.0
.895,1,0,1,0.0,100.0
.896,1,0,1,0.0,100.0
.897,1,0,1,0.0,100.0
.898,1,0,1,0.0,100.0
.90,1,0,1,0.0,100.0
.901,1,0,1,0.0,100.0
.902,1,0,1,0.0,100.0
.903,1,0,1,0.0,100.0
.904,1,0,1,0.0,100.0
.905,1,0,1,0.0,100.0
.906,1,0,1,0.0,100.0
.907,1,0,1,0.0,100.0
.908,1,0,1,0.0,100.0
.909,1,0,1,0.0,100.0
.91,1,0,1,0.0,100.0
.910,1,0,1,0.0,100.0
.911,1,0,1,0.0,100.0
.912,1,0,1,0.0,100.0
.913,1,0,1,0.0,100.0
.914,1,0,1,0.0,100.0
.915,1,0,1,0.0,100.0
.916,1,0,1,0.0,100.0
.917,1,0,1,0.0,100.0
.918,1,0,1,0.0,100.0
.919,1,0,1,0.0,100.0
.92,1,0,1,0.0,100.0
.920,1,0,1,0.0,100.0
.921,1,0,1,0.0,100.0
.922,1,0,1,0.0,100.0
.923,1,0,1,0.0,100.0
.924,1,0,1,0.0,100.0
.925,1,0,1,0.0,100.0
.926,1,0,1,0.0,100.0
.927,1,0,1,0.0,100.0
.928,1,0,1,0.0,100.0
.929,1,0,1,0.0,100.0
.93,1,0,1,0.0,100.0
.930,1,0,1,0.0,100.0
.931,1,0,1,0.0,100.0
.932,1,0,1,0.0,100.0
.933,1,0,1,0.0,100.0
.934,1,0,1,0.0,100.0
.935,1,0,1,0.0,100.0
.936,1,0,1,0.0,100.0
.937,1,0,1,0.0,100.0
.938,1,0,1,0.0,100.0
.939,1,0,1,0.0,100.0
.94,1,0,1,0.0,100.0
.940,1,0,1,0.0,100.0
.941,1,0,1,0.0,100.0
.942,1,0,1,0.0,100.0
.943,1,0,1,0.0,100.0
.944,1,0,1,0.0,100.0
.945,1,0,1,0.0,100.0
.946,1,0,1,0.0,100.0
.947,1,0,1,0.0,100.0
.948,1,0,1,0.0,100.0
.949,1,0,1,0.0,100.0
.95,1,0,1,0.0,100.0
.950,1,0,1,0.0,100.0
.951,1,0,1,0.0,100.0
.952,1,0,1,0.0,100.0
.953,1,0,1,0.0,100.0
.954,1,0,1,0.0,100.0
.955,1,0,1,0.0,100.0
.956,1,0,1,0.0,100.0
.957,1,0,1,0.0,100.0
.958,1,0,1,0.0,100.0
.959,1,0,1,0.0,100.0
.96,1,0,1,0.0,100.0
.961,1,0,1,0.0,100.0
.962,1,0,1,0.0,100.0
.963,1,0,1,0.0,100.0
.964,1,0,1,0.0,100.0
.965,1,0,1,0.0,100.0
.966,1,0,1,0.0,100.0
.967,1,0,1,0.0,100.0
.968,1,0,1,0.0,100.0
.969,1,0,1,0.0,100.0
.97,1,0,1,0.0,100.0
.970,1,0,1,0.0,100.0
.971,1,0,1,0.0,100.0
.972,1,0,1,0.0,100.0
.973,1,0,1,0.0,100.0
.974,1,0,1,0.0,100.0
.975,1,0,1,0.0,100.0
.98,1,0,1,0.0,100.0
.c_old,1,0,1,0.0,100.0
.hqx,1,0,1,0.0,100.0
.tpt,1,0,1,0.0,100.0
.actr,1,0,1,0.0,100.0
.pert,1,0,1,0.0,100.0
.ppl,1,0,1,0.0,100.0
.act,1,0,1,0.0,100.0
.animal,1,0,1,0.0,100.0
.artifact,1,0,1,0.0,100.0
.attribute,1,0,1,0.0,100.0
.feeling,1,0,1,0.0,100.0
.food,1,0,1,0.0,100.0
.group,1,0,1,0.0,100.0
.location,1,0,1,0.0,100.0
.motive,1,0,1,0.0,100.0
.person,1,0,1,0.0,100.0
.phenomenon,1,0,1,0.0,100.0
.plant,1,0,1,0.0,100.0
.process,1,0,1,0.0,100.0
.quantity,1,0,1,0.0,100.0
.relation,1,0,1,0.0,100.0
.substance,1,0,1,0.0,100.0
.tops,1,0,1,0.0,100.0
.change,1,0,1,0.0,100.0
.competition,1,0,1,0.0,100.0
.consumption,1,0,1,0.0,100.0
.contact,1,0,1,0.0,100.0
.creation,1,0,1,0.0,100.0
.emotion,1,0,1,0.0,100.0
.motion,1,0,1,0.0,100.0
.perception,1,0,1,0.0,100.0
.social,1,0,1,0.0,100.0
.stative,1,0,1,0.0,100.0
.weather,1,0,1,0.0,100.0
.suml,1,1,0,100.0,0.0
.icons,1,1,0,100.0,0.0
.spid,1,0,1,0.0,100.0
.invertito,1,0,1,0.0,100.0
.edge,1,0,1,0.0,100.0
.ele,1,0,1,0.0,100.0
.neigh,1,0,1,0.0,100.0
.mesh-0,1,0,1,0.0,100.0
.cns,1,0,1,0.0,100.0
.histo,1,0,1,0.0,100.0
.hnotcompile,1,0,1,0.0,100.0
.903003751z--5409ed021d9299bf6814279a6a1411a7e866a631,1,0,1,0.0,100.0
.794553183z--6ecbe1db9ef729cbe972c83fb886247691fb6beb,1,0,1,0.0,100.0
.696351411z--e36ea790bc9d7ab70c55260c66d52b1eca985f84,1,0,1,0.0,100.0
.479938556z--e834ec434daba538cd1b9fe1582052b880bd7e63,1,0,1,0.0,100.0
.260348580z--78dc5d2d739606d31509c31d654056a45185ecb6,1,0,1,0.0,100.0
.178294829z--a8dda8d7f5310e4a9e24f8eba77e091ac264f872,1,0,1,0.0,100.0
.960499696z--06cef8e666768cc40cc78cf93d9611019ddcb628,1,0,1,0.0,100.0
.757010386z--4404ac8bd8f9618d27ad2f1485aa1b2cfd82482d,1,0,1,0.0,100.0
.554233052z--7457d5e02197480db681d3fdf256c7aca21bdc12,1,0,1,0.0,100.0
.342711541z--91c987bf62d25945db517bdaa840a6c661374402,1,0,1,0.0,100.0
.532037737z--e8816898d851d5b61b7f950627d04d794c07ca37,1,0,1,0.0,100.0
.lgplv3,1,0,1,0.0,100.0
.mbsd,1,0,1,0.0,100.0
.auto_bridge,1,0,1,0.0,100.0
.auto_client,1,0,1,0.0,100.0
.auto_first,1,0,1,0.0,100.0
.auto_router,1,0,1,0.0,100.0
.auto_server,1,0,1,0.0,100.0
.cidr,1,0,1,0.0,100.0
.cidr_reverse,1,0,1,0.0,100.0
.comment,1,0,1,0.0,100.0
.exclude_packets,1,0,1,0.0,100.0
.include_dest,1,0,1,0.0,100.0
.include_packets,1,0,1,0.0,100.0
.include_source,1,0,1,0.0,100.0
.mac_reverse,1,0,1,0.0,100.0
.prep_config,1,0,1,0.0,100.0
.primary,1,0,1,0.0,100.0
.regex_reverse,1,0,1,0.0,100.0
.secondary,1,0,1,0.0,100.0
.lp4,1,0,1,0.0,100.0
.haskell-ci,1,0,1,0.0,100.0
.lav,1,0,1,0.0,100.0
.nhdp,1,0,1,0.0,100.0
.dlg,1,0,1,0.0,100.0
.pws,1,0,1,0.0,100.0
.qch,1,0,1,0.0,100.0
.qhp,1,0,1,0.0,100.0
.qhc,1,0,1,0.0,100.0
.qhcp,1,0,1,0.0,100.0
.1#,1,0,1,0.0,100.0
.styles,1,0,1,0.0,100.0
.rocky,1,0,1,0.0,100.0
.plugins,1,0,1,0.0,100.0
.codegenconfig,1,0,1,0.0,100.0
.pgo,1,0,1,0.0,100.0
.kasm,1,0,1,0.0,100.0
.hxproj,1,0,1,0.0,100.0
.javalog,1,0,1,0.0,100.0
.log4j,1,0,1,0.0,100.0
.e4xmi,1,0,1,0.0,100.0
.tlpx,1,0,1,0.0,100.0
.ocaml,1,0,1,0.0,100.0
.expand_piqi_boot,1,0,1,0.0,100.0
.pp-expand-abbr,1,0,1,0.0,100.0
.pp-expand-abbr-parse-literals,1,0,1,0.0,100.0
.fontsettings,1,0,1,0.0,100.0
.dxy,1,1,0,100.0,0.0
.cc_def,1,0,1,0.0,100.0
.popstar,1,0,1,0.0,100.0
.stb,1,0,1,0.0,100.0
.shacl,1,0,1,0.0,100.0
.mlg,1,0,1,0.0,100.0
.rocq-codegen,1,0,1,0.0,100.0
.clustal,1,0,1,0.0,100.0
.theanorc,1,0,1,0.0,100.0
.ssm,1,0,1,0.0,100.0
.cppcheck,1,0,1,0.0,100.0
.natvis,1,0,1,0.0,100.0
.byt_ref,1,0,1,0.0,100.0
.20120924,1,1,0,100.0,0.0
.100621,1,1,0,100.0,0.0
.100622b,1,1,0,100.0,0.0
.100323a,1,1,0,100.0,0.0
.100323c,1,1,0,100.0,0.0
.100326,1,1,0,100.0,0.0
.100323d,1,1,0,100.0,0.0
.101104,1,1,0,100.0,0.0
.101105b,1,1,0,100.0,0.0
.101105a,1,1,0,100.0,0.0
.tbb_version,1,0,1,0.0,100.0
.eepic,1,1,0,100.0,0.0
.gm,1,0,1,0.0,100.0
.ijson,1,0,1,0.0,100.0
.groups,1,0,1,0.0,100.0
.opml,1,0,1,0.0,100.0
.export_metadata,1,0,1,0.0,100.0
.overall_export_metadata,1,0,1,0.0,100.0
.r2014b,1,0,1,0.0,100.0
.aup,1,0,1,0.0,100.0
.frf,1,0,1,0.0,100.0
.snapp,1,0,1,0.0,100.0
.d2,1,0,1,0.0,100.0
.cv,1,0,1,0.0,100.0
.wdep,1,0,1,0.0,100.0
.windep,1,0,1,0.0,100.0
.1-compute-correlations-from-raw-data,1,0,1,0.0,100.0
.2-convert-effect-sizes-into-correlation-coefficients-r,1,0,1,0.0,100.0
.xdsl,1,0,1,0.0,100.0
.access,1,0,1,0.0,100.0
.password,1,0,1,0.0,100.0
.arm64v8,1,0,1,0.0,100.0
.ns_params,1,0,1,0.0,100.0
.mob,1,0,1,0.0,100.0
.gcc_plugin,1,0,1,0.0,100.0
.copying3,1,0,1,0.0,100.0
.commercial,1,0,1,0.0,100.0
.deactivated,1,0,1,0.0,100.0
.truststore,1,0,1,0.0,100.0
.snappy,1,0,1,0.0,100.0
.psv,1,0,1,0.0,100.0
.cut,1,0,1,0.0,100.0
.sdf5,1,0,1,0.0,100.0
.bwkd,1,0,1,0.0,100.0
.pt4,1,0,1,0.0,100.0
.dmesg,1,0,1,0.0,100.0
.unsupported-features,1,0,1,0.0,100.0
.whitelist,1,0,1,0.0,100.0
.ghi,1,0,1,0.0,100.0
.abap,1,1,0,100.0,0.0
.alda,1,1,0,100.0,0.0
.aql,1,1,0,100.0,0.0
.asciidoc,1,1,0,100.0,0.0
.c9search_results,1,1,0,100.0,0.0
.cedar,1,1,0,100.0,0.0
.cedarschema,1,1,0,100.0,0.0
.cirru,1,1,0,100.0,0.0
.clue,1,1,0,100.0,0.0
.cr,1,1,0,100.0,0.0
.csd,1,1,0,100.0,0.0
.sco,1,1,0,100.0,0.0
.curly,1,1,0,100.0,0.0
.djt,1,1,0,100.0,0.0
.flix,1,1,0,100.0,0.0
.frt,1,1,0,100.0,0.0
.fsi,1,1,0,100.0,0.0
.gcode,1,1,0,100.0,0.0
.groq,1,1,0,100.0,0.0
.eex,1,1,0,100.0,0.0
.io,1,1,0,100.0,0.0
.jack,1,1,0,100.0,0.0
.jexl,1,1,0,100.0,0.0
.jssm,1,1,0,100.0,0.0
.latte,1,1,0,100.0,0.0
.liquid,1,1,0,100.0,0.0
.lsl,1,1,0,100.0,0.0
.lucene,1,1,0,100.0,0.0
.mariadb,1,1,0,100.0,0.0
.mask,1,1,0,100.0,0.0
.mz,1,1,0,100.0,0.0
.mixal,1,1,0,100.0,0.0
.nas,1,1,0,100.0,0.0
.nginx,1,1,0,100.0,0.0
.nunjucks,1,1,0,100.0,0.0
.partiql,1,1,0,100.0,0.0
.pgsql,1,1,0,100.0,0.0
.plsql,1,1,0,100.0,0.0
.raku,1,1,0,100.0,0.0
.red,1,1,0,100.0,0.0
.sac,1,1,0,100.0,0.0
.scrypt,1,1,0,100.0,0.0
.sjs,1,1,0,100.0,0.0
.smarty,1,1,0,100.0,0.0
.smithy,1,1,0,100.0,0.0
.snippets,1,1,0,100.0,0.0
.soy,1,1,0,100.0,0.0
.space,1,1,0,100.0,0.0
.wlk,1,1,0,100.0,0.0
.zeek,1,1,0,100.0,0.0
.aux#,1,0,1,0.0,100.0
.pyg,1,0,1,0.0,100.0
.bib~,1,0,1,0.0,100.0
.specification,1,0,1,0.0,100.0
.npy#,1,0,1,0.0,100.0
.eq,1,0,1,0.0,100.0
.4spec,1,0,1,0.0,100.0
.cpp_0126_bc,1,0,1,0.0,100.0
.kmc_eq,1,0,1,0.0,100.0
.kmc_only,1,0,1,0.0,100.0
.blackrose,1,0,1,0.0,100.0
.chama,1,0,1,0.0,100.0
.g++,1,0,1,0.0,100.0
.mac_debug,1,0,1,0.0,100.0
.mac_mpi,1,0,1,0.0,100.0
.mui,1,0,1,0.0,100.0
.mui_cori,1,0,1,0.0,100.0
.mui_slurm,1,0,1,0.0,100.0
.nonmui,1,0,1,0.0,100.0
.redsky,1,0,1,0.0,100.0
.serial_debug,1,0,1,0.0,100.0
.xt5,1,0,1,0.0,100.0
.shlib,1,0,1,0.0,100.0
.convergence,1,0,1,0.0,100.0
.slab_2d,1,0,1,0.0,100.0
.tflite,1,0,1,0.0,100.0
.egg~,1,0,1,0.0,100.0
.udb,1,0,1,0.0,100.0
.saint,1,0,1,0.0,100.0
.exports,1,0,1,0.0,100.0
.cbm,1,0,1,0.0,100.0
.ellie,1,0,1,0.0,100.0
.regexp,1,0,1,0.0,100.0
.filesystem,1,0,1,0.0,100.0
.python2,1,0,1,0.0,100.0
.python3,1,0,1,0.0,100.0
.coreproc,1,1,0,100.0,0.0
.noss,1,1,0,100.0,0.0
.vap,1,0,1,0.0,100.0
.dnf,1,0,1,0.0,100.0
.ipch,1,0,1,0.0,100.0
.0-license,1,0,1,0.0,100.0
.msa,1,0,1,0.0,100.0
.gcskew,1,0,1,0.0,100.0
.skew,1,0,1,0.0,100.0
.3gon,1,0,1,0.0,100.0
.4gon,1,0,1,0.0,100.0
.5gon,1,0,1,0.0,100.0
.vtx,1,0,1,0.0,100.0
.deflate,1,0,1,0.0,100.0
.0-0-5db3b55120a19863d96460d399c2d0e,1,0,1,0.0,100.0
.0-0-4f5da98a11db8e7192423c27db767ca6,1,0,1,0.0,100.0
.0 + '1'-0-a6ec78b3b93d52034aab829d43210e73,1,0,1,0.0,100.0
.0 + 1-0-30a4b1c8227906931cd0532367bebc43,1,0,1,0.0,100.0
.0-0-87321b2e30ee2986b00b631d0e4f4d8d,1,0,1,0.0,100.0
.0 + 1l-0-44bb88a1c9280952e8119a3ab1bb4205,1,0,1,0.0,100.0
.0 + 1s-0-31fbe14d01fb532176c1689680398368,1,0,1,0.0,100.0
.0 + 1y-0-12bcf6e49e83abd2aa36ea612b418d43,1,0,1,0.0,100.0
.0-0-95a30c4b746f520f1251981a66cef5c8,1,0,1,0.0,100.0
.0-0-8dfa46ec33c1be5ffba2e40cbfe5349e,1,0,1,0.0,100.0
.0-0-3ad5e3db0d0300312d33231e7c2a6c8d,1,0,1,0.0,100.0
.attr-0-42104e7e35985f4504c6d9a79b1bb4b8,1,0,1,0.0,100.0
.star-0-7bdb861d11e895aaea545810cdac316d,1,0,1,0.0,100.0
.0 else null end -0-aeb1f906bfe92f2d406f84109301afe0,1,0,1,0.0,100.0
.0 end -0-7f5ce763801781cf568c6a31dd80b623,1,0,1,0.0,100.0
.attr case insensitive-0-98b2e34c9134208e9fe7c62d33010005,1,0,1,0.0,100.0
.attr-0-6cbb13c3a48f53fa6550dbba4d2c28fd,1,0,1,0.0,100.0
.table-0-c657beb729b6a7882309a203fc6f298e,1,0,1,0.0,100.0
.udf-0-e85ebb8ce5d939964fd87bd13b326c02,1,0,1,0.0,100.0
.attr-0-97b3c408090f758257e4bd20597a525e,1,0,1,0.0,100.0
.cartesian-0-e3c7f62795b0e7c14b41b0dc29c47619,1,0,1,0.0,100.0
.attr-0-fc8183d758151be72b3d75d9df124504,1,0,1,0.0,100.0
.attr-0-26c9d24eb6305ea2106c26bdca38012e,1,0,1,0.0,100.0
.close in lateral views-0-ac5c96224a534f07b49462ad76620678,1,0,1,0.0,100.0
.close in select-0-517f834fef35b896ec64399f42b2a151,1,0,1,0.0,100.0
. testwindowing-0-327a8cd39fe30255ff492ee86f660522,1,0,1,0.0,100.0
. testhavingwithwindowingcondranknogby-0-fef4bf638d52a9a601845347010602fd,1,0,1,0.0,100.0
. testfirstlast-0-86bb9c97d92fdcd941bcb5143513e2e6,1,0,1,0.0,100.0
. testfirstlastwithwhere-0-84345a9f685ba63b87caa4bb16b122b5,1,0,1,0.0,100.0
. testsumwindow-0-6cfc8840d3a4469b0fe11d63182cb59f,1,0,1,0.0,100.0
. testnosortclause-0-88d96a526d3cae6ed8168c5b228974d1,1,0,1,0.0,100.0
. testexpressions-0-11f6c13cf2710ce7054654cca136e73e,1,0,1,0.0,100.0
. testmultiplewindows-0-efd1476255eeb1b1961149144f574b7a,1,0,1,0.0,100.0
. testcountstar-0-1b1fc185c8fddf68e58e92f29052ab2d,1,0,1,0.0,100.0
. testudafs-0-6974e5959e41a661e09db18547fef58a,1,0,1,0.0,100.0
. testudafswithgby-0-67d15ee5915ac64a738fd4b60d75eb35,1,0,1,0.0,100.0
. testgroupbywithpartitioning-0-cb5618b1e626f3a9d4a030b508b5d251,1,0,1,0.0,100.0
. teststats-0-6dfcd7925fb267699c4bf82737d4609,1,0,1,0.0,100.0
. teststats-0-da0e0cca69e42118a96b8609b8fa5838,1,0,1,0.0,100.0
. testdists-0-672d4cb385b7ced2e446f132474293ad,1,0,1,0.0,100.0
. testlateralviews-0-dea06072f0a64fe4537fae854944ed5a,1,0,1,0.0,100.0
. testgroupbyhavingwithswqandalias-0-b996a664b06e5741c08079d5c38241bc,1,0,1,0.0,100.0
. testmultiplerangewindows-0-227e080e337d734dd88ff814b3b412e4,1,0,1,0.0,100.0
. testpartorderinudafinvoke-0-25912ae7d18c91cc09e17e57968fb5db,1,0,1,0.0,100.0
. testpartorderinwdwdef-0-88945892370ccbc1125a927a3d55342a,1,0,1,0.0,100.0
. testgroupbyhavingwithswq-0-a5a5339330a6a6660d32ccb0cc5d7100,1,0,1,0.0,100.0
. testdefaultpartitioningspecrules-0-fa80b09c99e3c1487de48ea71a88dada,1,0,1,0.0,100.0
. testrankwithpartitioning-0-45ccbaf0ee083858f7661c66b11d4768,1,0,1,0.0,100.0
. testpartitioningvariousforms-0-3436e50214f9afdec84334e10faa931a,1,0,1,0.0,100.0
. testpartitioningvariousforms2-0-cba9d84a6b1bb5e36595338d4602377e,1,0,1,0.0,100.0
. testudfonordercols-0-7647562850dd367ef1e6c63117805423,1,0,1,0.0,100.0
. testcount-0-e6e97e884327df86f16b870527ec026c,1,0,1,0.0,100.0
. testnobetweenforrows-0-99007f45b6406869e048b0e4eb9213f1,1,0,1,0.0,100.0
. testnobetweenforrange-0-d81a591e90950de291d2f133793e9283,1,0,1,0.0,100.0
. testunboundedfollowingforrows-0-fb8648e82e4dd56d6bdcfd739dd1edf0,1,0,1,0.0,100.0
. testunboundedfollowingforrange-0-3cd04e5f2398853c4850f4f86142bb39,1,0,1,0.0,100.0
. testovernopartitionsingleaggregate-0-cb3d2f8c1296044dc2658876bb6103ae,1,0,1,0.0,100.0
. testcountwithwindowingudaf-0-3bde93728761b780a745c2ce0398aa0f,1,0,1,0.0,100.0
. testcountinsubq-0-73d5274a21d4f4fd51d2a0f1d98516ce,1,0,1,0.0,100.0
. testmixedcasealias-0-4b1ad2515fb079012467e987f484a722,1,0,1,0.0,100.0
. testhavingwithwindowingnogby-0-70cdc0555a61ef08534a9ebebb95ebbf,1,0,1,0.0,100.0
.q (deterministic) 1-0-12a92d8800e0da8b515ba3eaf6a7fd0f,1,0,1,0.0,100.0
.q (deterministic) 3-0-455e41d9949a2d22bab634fd8e42f2b1,1,0,1,0.0,100.0
.q (deterministic) 4-0-cfad06ae8eba6b047d32a6a61dd59392,1,0,1,0.0,100.0
.q (deterministic) 5-0-d7ca7a61377cef3a9f721a28afdae012,1,0,1,0.0,100.0
.q (deterministic) 6-0-287bcc7679822bc7b684532b267bf11f,1,0,1,0.0,100.0
.q (deterministic)-0-36217f6074daaacddb9fcb50a3f4fb5b,1,0,1,0.0,100.0
.q (deterministic)-1-9ee79e711248dd6e0a6ce27e439e55f4,1,0,1,0.0,100.0
.q (deterministic)-2-1e88e0ba414a00195f7ebf6b8600ac04,1,0,1,0.0,100.0
.q (deterministic)-3-34d9ee4120f21d0d0ae914fba0acc60c,1,0,1,0.0,100.0
.q (deterministic)-4-dfd39236756a3951bc1ec354799d69e4,1,0,1,0.0,100.0
.q (deterministic)-5-8d0ee3e1605f38214bfad28a5ce897cc,1,0,1,0.0,100.0
.q (deterministic)-0-b7cb25303831392a51cd996e758ac79a,1,0,1,0.0,100.0
.q (deterministic)-1-a3d352560ac835993001665db6954965,1,0,1,0.0,100.0
.q (deterministic)-2-fafa16c0f7697ca28aeb6f2698799562,1,0,1,0.0,100.0
.q (deterministic)-3-bda0e7c77d6f4712a03389cb5032bc6d,1,0,1,0.0,100.0
.q (deterministic) 1-0-2e0cbc2d7c5f16657edacd9e7209e6e7,1,0,1,0.0,100.0
.q (deterministic) 1-1-5c5f373e325115d710a7a23fcb1626f1,1,0,1,0.0,100.0
.q (deterministic) 1-2-ac487cc1b94130bf9ce00e07c7075f65,1,0,1,0.0,100.0
.q (deterministic) 1-3-b82dfa24123047be4b4e3c27c3997d34,1,0,1,0.0,100.0
.q (deterministic) 2-0-81bb7f49a55385878637c8aac4d08e5,1,0,1,0.0,100.0
.q (deterministic) 3-0-58a982694ba2b1e34de82b1de54936a0,1,0,1,0.0,100.0
.q (deterministic) 4-0-12cc78f3953c3e6b5411ddc729541bf0,1,0,1,0.0,100.0
.q (deterministic)-0-6642a21d87e0401ba1a668ea8b244f0c,1,0,1,0.0,100.0
.q (deterministic)-1-2bf20f39e6ffef258858f7943a974e7e,1,0,1,0.0,100.0
.q (deterministic)-2-16239d2b069789ba99fbac50c4f0724f,1,0,1,0.0,100.0
.q (deterministic)-3-d90b27fca067b0b3c48d873b3ef32af7,1,0,1,0.0,100.0
.q (deterministic)-4-f2e4d659b65a833e9281b6786d3d55c1,1,0,1,0.0,100.0
.q (deterministic)-0-f498cccf82480be03022d2a36f87651e,1,0,1,0.0,100.0
.q (deterministic)-1-6378faf36ffd3f61e61cee6c0cb70e6,1,0,1,0.0,100.0
.q (deterministic)-2-5f0eab306ea3c22b11ace9b542a7ee56,1,0,1,0.0,100.0
.q (deterministic)-3-6f104992e0050576085064815de43194,1,0,1,0.0,100.0
.q (deterministic)-4-cd2e3d2344810cb3ba843d4c01c81d7e,1,0,1,0.0,100.0
.q (deterministic)-5-ee44c5cdc80e1c832b702f9fb76d8145,1,0,1,0.0,100.0
.q (deterministic)-6-4d78f7b1d172d20c91f5867bc13a42a0,1,0,1,0.0,100.0
.q (deterministic)-7-20fdc99aa046b2c41d9b85ab338c749c,1,0,1,0.0,100.0
.q (deterministic)-8-45a1d7c2aba45d761e19ff4dfdf5463e,1,0,1,0.0,100.0
.yes,1,0,1,0.0,100.0
.same-story,1,0,1,0.0,100.0
.query_doc,1,0,1,0.0,100.0
.complete,1,0,1,0.0,100.0
.minimalist,1,0,1,0.0,100.0
.mkl,1,0,1,0.0,100.0
.acfg,1,0,1,0.0,100.0
.atts,1,0,1,0.0,100.0
.rnd,1,0,1,0.0,100.0
.es5,1,0,1,0.0,100.0
.worldmapping,1,0,1,0.0,100.0
.dropped_data,1,0,1,0.0,100.0
.37275184,1,0,1,0.0,100.0
.jpl,1,0,1,0.0,100.0
.ctrl,1,0,1,0.0,100.0
.skd,1,0,1,0.0,100.0
.wsdl2,1,0,1,0.0,100.0
.macro,1,0,1,0.0,100.0
.txt_reference,1,0,1,0.0,100.0
.dbt,1,0,1,0.0,100.0
.inits,1,0,1,0.0,100.0
.generalcomputingservice,1,0,1,0.0,100.0
.grad,1,0,1,0.0,100.0
.localctriple,1,0,1,0.0,100.0
.localttriple,1,0,1,0.0,100.0
.aix,1,0,1,0.0,100.0
.dag,1,0,1,0.0,100.0
.hpux,1,0,1,0.0,100.0
.septel,1,0,1,0.0,100.0
.sita,1,0,1,0.0,100.0
.tru64,1,0,1,0.0,100.0
.sparc,1,0,1,0.0,100.0
.sun3,1,0,1,0.0,100.0
.3c,1,0,1,0.0,100.0
.mutable_base,1,0,1,0.0,100.0
.mutable_delta,1,0,1,0.0,100.0
.namd,1,0,1,0.0,100.0
.lipid14,1,0,1,0.0,100.0
.gaff,1,0,1,0.0,100.0
.ionsjc_tip3p,1,0,1,0.0,100.0
.ions234lm_126_tip3p,1,0,1,0.0,100.0
.ff-nucleic-ol15,1,0,1,0.0,100.0
.mmtf,1,0,1,0.0,100.0
.aqu,1,0,1,0.0,100.0
.ingv,1,0,1,0.0,100.0
.15_6,1,0,1,0.0,100.0
.hap,1,0,1,0.0,100.0
.last,1,0,1,0.0,100.0
.abbrevs,1,0,1,0.0,100.0
.amp,1,0,1,0.0,100.0
.open64,1,0,1,0.0,100.0
.consoleapp,1,0,1,0.0,100.0
.djgpp,1,0,1,0.0,100.0
.ecc,1,0,1,0.0,100.0
.fips,1,0,1,0.0,100.0
.messagebodyreader,1,0,1,0.0,100.0
.messagebodywriter,1,0,1,0.0,100.0
.cfgtbd,1,0,1,0.0,100.0
.listener,1,0,1,0.0,100.0
.speller,1,0,1,0.0,100.0
.predictions,1,0,1,0.0,100.0
.nmake,1,0,1,0.0,100.0
.h2m,1,0,1,0.0,100.0
.uplugin,1,0,1,0.0,100.0
.ibl,1,0,1,0.0,100.0
.army,1,0,1,0.0,100.0
.armydiag,1,0,1,0.0,100.0
.economy,1,0,1,0.0,100.0
.economydiag,1,0,1,0.0,100.0
.statediag,1,0,1,0.0,100.0
.necsis14_classdiagram,1,0,1,0.0,100.0
.necsis14_classdiagramdiag,1,0,1,0.0,100.0
.z3,1,0,1,0.0,100.0
.pklmetadata,1,0,1,0.0,100.0
.blend2,1,0,1,0.0,100.0
.vcg,1,0,1,0.0,100.0
.rb4196,1,0,1,0.0,100.0
.gt3x,1,0,1,0.0,100.0
.957687,1,0,1,0.0,100.0
.957688,1,0,1,0.0,100.0
.957689,1,0,1,0.0,100.0
.957690,1,0,1,0.0,100.0
.957691,1,0,1,0.0,100.0
.957692,1,0,1,0.0,100.0
.957693,1,0,1,0.0,100.0
.957694,1,0,1,0.0,100.0
.957695,1,0,1,0.0,100.0
.957696,1,0,1,0.0,100.0
.957697,1,0,1,0.0,100.0
.132113,1,0,1,0.0,100.0
.174160,1,0,1,0.0,100.0
.174161,1,0,1,0.0,100.0
.174162,1,0,1,0.0,100.0
.174163,1,0,1,0.0,100.0
.174164,1,0,1,0.0,100.0
.174165,1,0,1,0.0,100.0
.174166,1,0,1,0.0,100.0
.174167,1,0,1,0.0,100.0
.174168,1,0,1,0.0,100.0
.174169,1,0,1,0.0,100.0
.174170,1,0,1,0.0,100.0
.174171,1,0,1,0.0,100.0
.174172,1,0,1,0.0,100.0
.174173,1,0,1,0.0,100.0
.174174,1,0,1,0.0,100.0
.174175,1,0,1,0.0,100.0
.174176,1,0,1,0.0,100.0
.174177,1,0,1,0.0,100.0
.174178,1,0,1,0.0,100.0
.174179,1,0,1,0.0,100.0
.174180,1,0,1,0.0,100.0
.174181,1,0,1,0.0,100.0
.174182,1,0,1,0.0,100.0
.174183,1,0,1,0.0,100.0
.145812,1,0,1,0.0,100.0
.145810,1,0,1,0.0,100.0
.145813,1,0,1,0.0,100.0
.145817,1,0,1,0.0,100.0
.145816,1,0,1,0.0,100.0
.145814,1,0,1,0.0,100.0
.145818,1,0,1,0.0,100.0
.145815,1,0,1,0.0,100.0
.145811,1,0,1,0.0,100.0
.145820,1,0,1,0.0,100.0
.145819,1,0,1,0.0,100.0
.capnp,1,0,1,0.0,100.0
.ggo,1,0,1,0.0,100.0
.kishar,1,1,0,100.0,0.0
.pymol,1,0,1,0.0,100.0
.4-linux-amd64,1,0,1,0.0,100.0
.00000,1,0,1,0.0,100.0
.best,1,0,1,0.0,100.0
.note,1,0,1,0.0,100.0
.threshold,1,0,1,0.0,100.0
.fum,1,0,1,0.0,100.0
.chi,1,0,1,0.0,100.0
.udx,1,0,1,0.0,100.0
.vislcg,1,0,1,0.0,100.0
.gubsdb,1,0,1,0.0,100.0
.gegcc,1,0,1,0.0,100.0
.gelua,1,0,1,0.0,100.0
.geslang,1,0,1,0.0,100.0
.getcc,1,0,1,0.0,100.0
.workspace,1,0,1,0.0,100.0
.phones,1,0,1,0.0,100.0
.7a,1,0,1,0.0,100.0
.developer,1,0,1,0.0,100.0
.weide,1,0,1,0.0,100.0
.regtest,1,0,1,0.0,100.0
.ascent,1,0,1,0.0,100.0
.no_hydro_64,1,0,1,0.0,100.0
.plot_z,1,0,1,0.0,100.0
.knl,1,0,1,0.0,100.0
.noreduceverb,1,0,1,0.0,100.0
.bsd-3-clause,1,0,1,0.0,100.0
.0-only,1,0,1,0.0,100.0
.switch,1,0,1,0.0,100.0
.aml,1,0,1,0.0,100.0
.pprof,1,0,1,0.0,100.0
.secmd,1,0,1,0.0,100.0
.fe,1,0,1,0.0,100.0
.arp,1,0,1,0.0,100.0
.profile-empty,1,0,1,0.0,100.0
.xsec,1,0,1,0.0,100.0
.pbuu,1,0,1,0.0,100.0
.cxx~,1,0,1,0.0,100.0
.cc#,1,0,1,0.0,100.0
.osa,1,0,1,0.0,100.0
.sie,1,0,1,0.0,100.0
.xfm,1,0,1,0.0,100.0
.local-copy,1,0,1,0.0,100.0
.testa,1,0,1,0.0,100.0
.testb,1,0,1,0.0,100.0
.train54019,1,0,1,0.0,100.0
.pairing_issues,1,0,1,0.0,100.0
.codekit,1,0,1,0.0,100.0
.editing,1,0,1,0.0,100.0
.outgroup,1,0,1,0.0,100.0
.scv,1,0,1,0.0,100.0
.old2,1,0,1,0.0,100.0
.oldm,1,0,1,0.0,100.0
.nlogox,1,0,1,0.0,100.0
.txt2,1,0,1,0.0,100.0
.hist5000,1,0,1,0.0,100.0
.hancho,1,0,1,0.0,100.0
.azw3,1,0,1,0.0,100.0
.accdb,1,0,1,0.0,100.0
.fb2,1,0,1,0.0,100.0
.dotm,1,0,1,0.0,100.0
.vsdir,1,0,1,0.0,100.0
.identcache,1,0,1,0.0,100.0
.txt#,1,0,1,0.0,100.0
.spe,1,0,1,0.0,100.0
.coli,1,0,1,0.0,100.0
.anik,1,0,1,0.0,100.0
.aws,1,0,1,0.0,100.0
.lol,1,0,1,0.0,100.0
.snps,1,0,1,0.0,100.0
.c4,1,1,0,100.0,0.0
.runtests,1,0,1,0.0,100.0
.notice,1,0,1,0.0,100.0
.news,1,0,1,0.0,100.0
.ansi,1,0,1,0.0,100.0
.android,1,0,1,0.0,100.0
.oga,1,0,1,0.0,100.0
.miff,1,0,1,0.0,100.0
.xml_withparentpom,1,0,1,0.0,100.0
.hjs,1,0,1,0.0,100.0
.cppipe,1,0,1,0.0,100.0
.xeap,1,0,1,0.0,100.0
.json_sample,1,0,1,0.0,100.0
.enduser,1,0,1,0.0,100.0
.double,1,0,1,0.0,100.0
.htm-copy,1,0,1,0.0,100.0
.htm_backup,1,0,1,0.0,100.0
.lsa,1,0,1,0.0,100.0
.base64,1,0,1,0.0,100.0
.htaccess,1,0,1,0.0,100.0
.ethane,1,0,1,0.0,100.0
.airebo-m,1,0,1,0.0,100.0
.rebo,1,0,1,0.0,100.0
.lmiss,1,0,1,0.0,100.0
.janet,1,0,1,0.0,100.0
.hoon,1,0,1,0.0,100.0
.luau,1,0,1,0.0,100.0
.ixx,1,0,1,0.0,100.0
.gjs,1,0,1,0.0,100.0
.cocoa5,1,0,1,0.0,100.0
.cake,1,0,1,0.0,100.0
.cdc,1,0,1,0.0,100.0
.ecr,1,0,1,0.0,100.0
.chpl,1,0,1,0.0,100.0
.clar,1,0,1,0.0,100.0
.imba,1,0,1,0.0,100.0
.ttcn,1,0,1,0.0,100.0
.rhai,1,0,1,0.0,100.0
.ecpp,1,0,1,0.0,100.0
.derw,1,0,1,0.0,100.0
.junos,1,0,1,0.0,100.0
.just,1,0,1,0.0,100.0
.cairo,1,0,1,0.0,100.0
.plm,1,0,1,0.0,100.0
.ha,1,0,1,0.0,100.0
.focexec,1,0,1,0.0,100.0
.um,1,0,1,0.0,100.0
.fsx,1,0,1,0.0,100.0
.fut,1,0,1,0.0,100.0
.fnl,1,0,1,0.0,100.0
.aria,1,0,1,0.0,100.0
.gvy,1,0,1,0.0,100.0
.yarn,1,0,1,0.0,100.0
.slang,1,0,1,0.0,100.0
.lidr,1,0,1,0.0,100.0
.pl1,1,0,1,0.0,100.0
.raml,1,0,1,0.0,100.0
.mojo,1,0,1,0.0,100.0
.heex,1,0,1,0.0,100.0
.icl,1,0,1,0.0,100.0
.ipl,1,0,1,0.0,100.0
.c3,1,0,1,0.0,100.0
.bdy,1,0,1,0.0,100.0
.thy,1,0,1,0.0,100.0
.fth,1,0,1,0.0,100.0
.smarty2,1,0,1,0.0,100.0
.vsql,1,0,1,0.0,100.0
.txtt,1,0,1,0.0,100.0
.dt,1,0,1,0.0,100.0
.xm,1,0,1,0.0,100.0
.lem,1,0,1,0.0,100.0
.magik,1,0,1,0.0,100.0
.wren,1,0,1,0.0,100.0
.mojom,1,0,1,0.0,100.0
.mbt,1,0,1,0.0,100.0
.mbti,1,0,1,0.0,100.0
.nuon,1,0,1,0.0,100.0
.jcl,1,0,1,0.0,100.0
.ets,1,0,1,0.0,100.0
.wxml,1,0,1,0.0,100.0
.wxss,1,0,1,0.0,100.0
.pek,1,0,1,0.0,100.0
.lfe,1,0,1,0.0,100.0
.jai,1,0,1,0.0,100.0
.dhall,1,0,1,0.0,100.0
.p6,1,0,1,0.0,100.0
.odx,1,0,1,0.0,100.0
.surql,1,0,1,0.0,100.0
.pony,1,0,1,0.0,100.0
.brs,1,0,1,0.0,100.0
.sss,1,0,1,0.0,100.0
.bicep,1,0,1,0.0,100.0
.qxs,1,0,1,0.0,100.0
.scp,1,0,1,0.0,100.0
.sema,1,0,1,0.0,100.0
.jspeg,1,0,1,0.0,100.0
.peg,1,0,1,0.0,100.0
.peggy,1,0,1,0.0,100.0
.tspeg,1,0,1,0.0,100.0
.slint,1,0,1,0.0,100.0
.nut,1,0,1,0.0,100.0
.gleam,1,0,1,0.0,100.0
.daml,1,0,1,0.0,100.0
.dsr,1,0,1,0.0,100.0
.vbhtml,1,0,1,0.0,100.0
.ring,1,0,1,0.0,100.0
.pest,1,0,1,0.0,100.0
.wast,1,0,1,0.0,100.0
.uss,1,0,1,0.0,100.0
.uxml,1,0,1,0.0,100.0
.carbon,1,0,1,0.0,100.0
.vba,1,0,1,0.0,100.0
.vy,1,0,1,0.0,100.0
.blp,1,0,1,0.0,100.0
.xpo,1,0,1,0.0,100.0
.btp,1,0,1,0.0,100.0
.head~1,1,0,1,0.0,100.0
.tok,1,0,1,0.0,100.0
.startup,1,0,1,0.0,100.0
.updated,1,1,0,100.0,0.0
.qry,1,0,1,0.0,100.0
.sfproj,1,0,1,0.0,100.0
.mas2j,1,0,1,0.0,100.0
.acars2,1,1,0,100.0,0.0
.figtree,1,1,0,100.0,0.0
.z06,1,0,1,0.0,100.0
.z07,1,0,1,0.0,100.0
.z08,1,0,1,0.0,100.0
.x_b,1,0,1,0.0,100.0
.eepe,1,0,1,0.0,100.0
.dnd,1,0,1,0.0,100.0
.datbak,1,0,1,0.0,100.0
.01_tgyr_elemplot_intd,1,0,1,0.0,100.0
.10_tgyr_elemplot_intd,1,0,1,0.0,100.0
.c2hs,1,0,1,0.0,100.0
.dump-ast,1,0,1,0.0,100.0
.nanorc,1,0,1,0.0,100.0
.ssh,1,0,1,0.0,100.0
.cats,1,0,1,0.0,100.0
.purerc,1,0,1,0.0,100.0
.clw,1,0,1,0.0,100.0
.archimate,1,1,0,100.0,0.0
.propertiesprovider,1,0,1,0.0,100.0
.raw_header,1,1,0,100.0,0.0
.psfex,1,0,1,0.0,100.0
.prior,1,0,1,0.0,100.0
.jrtx,1,0,1,0.0,100.0
.jasper,1,0,1,0.0,100.0
.allscalecc,1,0,1,0.0,100.0
.gff3_aa,1,0,1,0.0,100.0
.gff3_ab,1,0,1,0.0,100.0
.gff3_ac,1,0,1,0.0,100.0
.gff3_ad,1,0,1,0.0,100.0
.signalp,1,0,1,0.0,100.0
.stim,1,0,1,0.0,100.0
.globals,1,0,1,0.0,100.0
.ccz,1,0,1,0.0,100.0
.evid,1,0,1,0.0,100.0
.elementtypesconfigurations,1,0,1,0.0,100.0
.creationmenumodel,1,0,1,0.0,100.0
. briefings in bioinformatics (2026),1,1,0,100.0,0.0
.pl~,1,0,1,0.0,100.0
.qdp-amd,1,0,1,0.0,100.0
.shock_past_cylinder,1,0,1,0.0,100.0
.shock_past_sphere,1,0,1,0.0,100.0
.iamr,1,0,1,0.0,100.0
.hotspot_rz,1,0,1,0.0,100.0
.euler,1,0,1,0.0,100.0
.euler-restart,1,0,1,0.0,100.0
.square_grid,1,0,1,0.0,100.0
.bubble_rz,1,0,1,0.0,100.0
.double_shear_layer-rotate,1,0,1,0.0,100.0
.forced,1,0,1,0.0,100.0
.average_hotspot,1,0,1,0.0,100.0
.les_hotspot,1,0,1,0.0,100.0
.perlmutter,1,0,1,0.0,100.0
.greg,1,0,1,0.0,100.0
.lwo,1,0,1,0.0,100.0
.gpb,1,0,1,0.0,100.0
.mvl,1,0,1,0.0,100.0
.sxd,1,1,0,100.0,0.0
.gitattributes,1,0,1,0.0,100.0
.power9v100,1,0,1,0.0,100.0
.jsdoc,1,0,1,0.0,100.0
.ib_pdb_index,1,0,1,0.0,100.0
.pd_darwin,1,0,1,0.0,100.0
.name_accession,1,0,1,0.0,100.0
.tplx,1,0,1,0.0,100.0
.mk~,1,0,1,0.0,100.0
.px,1,0,1,0.0,100.0
.pchk,1,0,1,0.0,100.0
.gsl,1,0,1,0.0,100.0
.senses,1,0,1,0.0,100.0
.blobs,1,0,1,0.0,100.0
.tester,1,0,1,0.0,100.0
.rtml,1,0,1,0.0,100.0
.guide,1,0,1,0.0,100.0
.hashes,1,0,1,0.0,100.0
.recipe,1,0,1,0.0,100.0
.strs,1,0,1,0.0,100.0
.detektcli,1,0,1,0.0,100.0
.reportingextension,1,0,1,0.0,100.0
.baselineprovider,1,0,1,0.0,100.0
.tgz?accesstype=download,1,0,1,0.0,100.0
.problematique,1,0,1,0.0,100.0
.mshp,1,0,1,0.0,100.0
.wtb,1,0,1,0.0,100.0
.2010-02,1,0,1,0.0,100.0
.2010-03,1,0,1,0.0,100.0
.xmlb,1,0,1,0.0,100.0
.omake,1,0,1,0.0,100.0
.exist,1,0,1,0.0,100.0
.eclipse,1,0,1,0.0,100.0
.rmap,1,0,1,0.0,100.0
.b2bc7b7d,1,0,1,0.0,100.0
.valid,1,0,1,0.0,100.0
.stuff,1,1,0,100.0,0.0
.otu_table,1,0,1,0.0,100.0
.xval,1,0,1,0.0,100.0
.sift,1,0,1,0.0,100.0
.soc,1,0,1,0.0,100.0
.dcl,1,0,1,0.0,100.0
.validspike,1,0,1,0.0,100.0
.conv_n1600_mean4_5_st08_lx19_ly7,1,0,1,0.0,100.0
.liggghts,1,0,1,0.0,100.0
.springcalve,1,0,1,0.0,100.0
.summercalve,1,0,1,0.0,100.0
.7920000,1,0,1,0.0,100.0
.fjordbond_final_h20_str5e5_lfc30,1,0,1,0.0,100.0
.bonds,1,0,1,0.0,100.0
.infox,1,0,1,0.0,100.0
.5-linux32,1,0,1,0.0,100.0
.5-linux64,1,0,1,0.0,100.0
.5-osx,1,0,1,0.0,100.0
.profiles,1,0,1,0.0,100.0
.snakefile,1,0,1,0.0,100.0
.default-zones,1,0,1,0.0,100.0
.rfc1918,1,0,1,0.0,100.0
.protobuf,1,0,1,0.0,100.0
.pmids,1,0,1,0.0,100.0
.ewnet,1,0,1,0.0,100.0
.ms14,1,0,1,0.0,100.0
.ms14 (security copy),1,0,1,0.0,100.0
.ms13,1,0,1,0.0,100.0
.indivq,1,0,1,0.0,100.0
.pkla,1,0,1,0.0,100.0
.cdsfeatures_original,1,0,1,0.0,100.0
.marshal,1,0,1,0.0,100.0
.mothur,1,0,1,0.0,100.0
.ncdump,1,0,1,0.0,100.0
.ifunctionregistrant,1,0,1,0.0,100.0
.gzip,1,0,1,0.0,100.0
.bui,1,0,1,0.0,100.0
.op2,1,0,1,0.0,100.0
.op4,1,0,1,0.0,100.0
.op6,1,0,1,0.0,100.0
.menu,1,0,1,0.0,100.0
.03_samba,1,0,1,0.0,100.0
.pamd,1,0,1,0.0,100.0
.xinput,1,0,1,0.0,100.0
.linux-cross,1,0,1,0.0,100.0
.apk_,1,0,1,0.0,100.0
.pyw,1,0,1,0.0,100.0
.persistentjoboutput,1,0,1,0.0,100.0
.discoverable,1,0,1,0.0,100.0
.databases,1,0,1,0.0,100.0
.powergslb,1,0,1,0.0,100.0
.stmt,1,0,1,0.0,100.0
.srec,1,0,1,0.0,100.0
.cpp_arduplicate,1,0,1,0.0,100.0
.ca,1,0,1,0.0,100.0
.et,1,0,1,0.0,100.0
.fi,1,0,1,0.0,100.0
.gu,1,0,1,0.0,100.0
.hi,1,0,1,0.0,100.0
.hu,1,0,1,0.0,100.0
.kn,1,0,1,0.0,100.0
.lt,1,0,1,0.0,100.0
.mni,1,0,1,0.0,100.0
.or,1,0,1,0.0,100.0
.pa,1,0,1,0.0,100.0
.ro,1,0,1,0.0,100.0
.ta,1,0,1,0.0,100.0
.tdt,1,0,1,0.0,100.0
.yue,1,0,1,0.0,100.0
.zh,1,0,1,0.0,100.0
.chn,1,0,1,0.0,100.0
.jnet,1,0,1,0.0,100.0
.pyxbld,1,0,1,0.0,100.0
.cbk,1,0,1,0.0,100.0
.asta,1,0,1,0.0,100.0
.longorfs,1,0,1,0.0,100.0
.dao,1,1,0,100.0,0.0
.travis-rbx,1,0,1,0.0,100.0
.date,1,0,1,0.0,100.0
.freeze,1,0,1,0.0,100.0
.ebuild,1,0,1,0.0,100.0
.processors,1,0,1,0.0,100.0
.symbolprocessorprovider,1,0,1,0.0,100.0
.tff,1,0,1,0.0,100.0
.hkl,1,0,1,0.0,100.0
.out_b_swope,1,0,1,0.0,100.0
.out_g_swope,1,0,1,0.0,100.0
.out_h_wirc,1,0,1,0.0,100.0
.out_i_swope,1,0,1,0.0,100.0
.out_j_wirc,1,0,1,0.0,100.0
.out_k_wirc,1,0,1,0.0,100.0
.out_r_swope,1,0,1,0.0,100.0
.out_u_swope,1,0,1,0.0,100.0
.out_v_oswope,1,0,1,0.0,100.0
.out_y_wirc,1,0,1,0.0,100.0
.out_r,1,0,1,0.0,100.0
.vtl,1,0,1,0.0,100.0
.rpath,1,0,1,0.0,100.0
.texi2html,1,1,0,100.0,0.0
.ptr,1,0,1,0.0,100.0
.tree-ssa,1,0,1,0.0,100.0
.graphite,1,0,1,0.0,100.0
.rexsterextension,1,0,1,0.0,100.0
.binyan,1,0,1,0.0,100.0
.lemma,1,0,1,0.0,100.0
.bedtofasta,1,0,1,0.0,100.0
.blastn_hgncrna,1,0,1,0.0,100.0
.extractblastnresults,1,0,1,0.0,100.0
.final_lncrna,1,0,1,0.0,100.0
.certdep,1,0,1,0.0,100.0
.stv,1,0,1,0.0,100.0
.elf32-musl-static,1,0,1,0.0,100.0
.cvc,1,0,1,0.0,100.0
.executable,1,0,1,0.0,100.0
.elf64statico2,1,0,1,0.0,100.0
.o32,1,0,1,0.0,100.0
.copythis,1,0,1,0.0,100.0
.moved,1,0,1,0.0,100.0
.lisp ,1,0,1,0.0,100.0
.lisp-old,1,0,1,0.0,100.0
.deflated,1,0,1,0.0,100.0
.xdb,1,0,1,0.0,100.0
.zi,1,0,1,0.0,100.0
.tmproj,1,1,0,100.0,0.0
.ditamap,1,1,0,100.0,0.0
.acl2x-source,1,0,1,0.0,100.0
.linkfilelist,1,0,1,0.0,100.0
.as3proj,1,0,1,0.0,100.0
.tbx,1,0,1,0.0,100.0
.mdproj,1,0,1,0.0,100.0
.dubase,1,0,1,0.0,100.0
.jsfdia,1,0,1,0.0,100.0
.database,1,0,1,0.0,100.0
.ubase,1,0,1,0.0,100.0
.poem-react-tests,1,0,1,0.0,100.0
.2f4cec7,1,0,1,0.0,100.0
.c589374,1,0,1,0.0,100.0
.e8763af,1,0,1,0.0,100.0
.mdj,1,0,1,0.0,100.0
.bnx,1,0,1,0.0,100.0
.log~,1,0,1,0.0,100.0
.properties~,1,0,1,0.0,100.0
.3g,1,0,1,0.0,100.0
.mco,1,0,1,0.0,100.0
.filemap,1,0,1,0.0,100.0
.cpgz,1,0,1,0.0,100.0
.src_linux,1,0,1,0.0,100.0
.mason2,1,0,1,0.0,100.0
.git-id,1,0,1,0.0,100.0
.mrii,1,0,1,0.0,100.0
.mr_0,1,0,1,0.0,100.0
.mr_1,1,0,1,0.0,100.0
.mr_10,1,0,1,0.0,100.0
.mr_100,1,0,1,0.0,100.0
.mr_101,1,0,1,0.0,100.0
.mr_102,1,0,1,0.0,100.0
.mr_103,1,0,1,0.0,100.0
.mr_104,1,0,1,0.0,100.0
.mr_105,1,0,1,0.0,100.0
.mr_106,1,0,1,0.0,100.0
.mr_107,1,0,1,0.0,100.0
.mr_108,1,0,1,0.0,100.0
.mr_109,1,0,1,0.0,100.0
.mr_11,1,0,1,0.0,100.0
.mr_110,1,0,1,0.0,100.0
.mr_111,1,0,1,0.0,100.0
.mr_112,1,0,1,0.0,100.0
.mr_113,1,0,1,0.0,100.0
.mr_114,1,0,1,0.0,100.0
.mr_115,1,0,1,0.0,100.0
.mr_116,1,0,1,0.0,100.0
.mr_117,1,0,1,0.0,100.0
.mr_118,1,0,1,0.0,100.0
.mr_119,1,0,1,0.0,100.0
.mr_12,1,0,1,0.0,100.0
.mr_120,1,0,1,0.0,100.0
.mr_121,1,0,1,0.0,100.0
.mr_122,1,0,1,0.0,100.0
.mr_123,1,0,1,0.0,100.0
.mr_124,1,0,1,0.0,100.0
.mr_125,1,0,1,0.0,100.0
.mr_126,1,0,1,0.0,100.0
.mr_127,1,0,1,0.0,100.0
.mr_128,1,0,1,0.0,100.0
.mr_129,1,0,1,0.0,100.0
.mr_13,1,0,1,0.0,100.0
.mr_130,1,0,1,0.0,100.0
.mr_131,1,0,1,0.0,100.0
.mr_132,1,0,1,0.0,100.0
.mr_133,1,0,1,0.0,100.0
.mr_134,1,0,1,0.0,100.0
.mr_135,1,0,1,0.0,100.0
.mr_136,1,0,1,0.0,100.0
.mr_137,1,0,1,0.0,100.0
.mr_138,1,0,1,0.0,100.0
.mr_139,1,0,1,0.0,100.0
.mr_14,1,0,1,0.0,100.0
.mr_140,1,0,1,0.0,100.0
.mr_141,1,0,1,0.0,100.0
.mr_142,1,0,1,0.0,100.0
.mr_143,1,0,1,0.0,100.0
.mr_144,1,0,1,0.0,100.0
.mr_145,1,0,1,0.0,100.0
.mr_146,1,0,1,0.0,100.0
.mr_147,1,0,1,0.0,100.0
.mr_148,1,0,1,0.0,100.0
.mr_149,1,0,1,0.0,100.0
.mr_15,1,0,1,0.0,100.0
.mr_150,1,0,1,0.0,100.0
.mr_151,1,0,1,0.0,100.0
.mr_152,1,0,1,0.0,100.0
.mr_153,1,0,1,0.0,100.0
.mr_154,1,0,1,0.0,100.0
.mr_155,1,0,1,0.0,100.0
.mr_156,1,0,1,0.0,100.0
.mr_157,1,0,1,0.0,100.0
.mr_158,1,0,1,0.0,100.0
.mr_159,1,0,1,0.0,100.0
.mr_16,1,0,1,0.0,100.0
.mr_160,1,0,1,0.0,100.0
.mr_161,1,0,1,0.0,100.0
.mr_162,1,0,1,0.0,100.0
.mr_163,1,0,1,0.0,100.0
.mr_164,1,0,1,0.0,100.0
.mr_165,1,0,1,0.0,100.0
.mr_166,1,0,1,0.0,100.0
.mr_167,1,0,1,0.0,100.0
.mr_168,1,0,1,0.0,100.0
.mr_169,1,0,1,0.0,100.0
.mr_17,1,0,1,0.0,100.0
.mr_170,1,0,1,0.0,100.0
.mr_171,1,0,1,0.0,100.0
.mr_172,1,0,1,0.0,100.0
.mr_173,1,0,1,0.0,100.0
.mr_174,1,0,1,0.0,100.0
.mr_175,1,0,1,0.0,100.0
.mr_176,1,0,1,0.0,100.0
.mr_177,1,0,1,0.0,100.0
.mr_178,1,0,1,0.0,100.0
.mr_179,1,0,1,0.0,100.0
.mr_18,1,0,1,0.0,100.0
.mr_180,1,0,1,0.0,100.0
.mr_181,1,0,1,0.0,100.0
.mr_182,1,0,1,0.0,100.0
.mr_183,1,0,1,0.0,100.0
.mr_184,1,0,1,0.0,100.0
.mr_185,1,0,1,0.0,100.0
.mr_186,1,0,1,0.0,100.0
.mr_187,1,0,1,0.0,100.0
.mr_188,1,0,1,0.0,100.0
.mr_189,1,0,1,0.0,100.0
.mr_19,1,0,1,0.0,100.0
.mr_190,1,0,1,0.0,100.0
.mr_191,1,0,1,0.0,100.0
.mr_192,1,0,1,0.0,100.0
.mr_193,1,0,1,0.0,100.0
.mr_194,1,0,1,0.0,100.0
.mr_195,1,0,1,0.0,100.0
.mr_196,1,0,1,0.0,100.0
.mr_197,1,0,1,0.0,100.0
.mr_198,1,0,1,0.0,100.0
.mr_199,1,0,1,0.0,100.0
.mr_2,1,0,1,0.0,100.0
.mr_20,1,0,1,0.0,100.0
.mr_200,1,0,1,0.0,100.0
.mr_201,1,0,1,0.0,100.0
.mr_202,1,0,1,0.0,100.0
.mr_203,1,0,1,0.0,100.0
.mr_204,1,0,1,0.0,100.0
.mr_205,1,0,1,0.0,100.0
.mr_206,1,0,1,0.0,100.0
.mr_207,1,0,1,0.0,100.0
.mr_208,1,0,1,0.0,100.0
.mr_209,1,0,1,0.0,100.0
.mr_21,1,0,1,0.0,100.0
.mr_210,1,0,1,0.0,100.0
.mr_211,1,0,1,0.0,100.0
.mr_212,1,0,1,0.0,100.0
.mr_213,1,0,1,0.0,100.0
.mr_214,1,0,1,0.0,100.0
.mr_215,1,0,1,0.0,100.0
.mr_216,1,0,1,0.0,100.0
.mr_217,1,0,1,0.0,100.0
.mr_218,1,0,1,0.0,100.0
.mr_219,1,0,1,0.0,100.0
.mr_22,1,0,1,0.0,100.0
.mr_220,1,0,1,0.0,100.0
.mr_221,1,0,1,0.0,100.0
.mr_222,1,0,1,0.0,100.0
.mr_223,1,0,1,0.0,100.0
.mr_224,1,0,1,0.0,100.0
.mr_225,1,0,1,0.0,100.0
.mr_226,1,0,1,0.0,100.0
.mr_227,1,0,1,0.0,100.0
.mr_228,1,0,1,0.0,100.0
.mr_229,1,0,1,0.0,100.0
.mr_23,1,0,1,0.0,100.0
.mr_230,1,0,1,0.0,100.0
.mr_231,1,0,1,0.0,100.0
.mr_232,1,0,1,0.0,100.0
.mr_233,1,0,1,0.0,100.0
.mr_234,1,0,1,0.0,100.0
.mr_235,1,0,1,0.0,100.0
.mr_236,1,0,1,0.0,100.0
.mr_237,1,0,1,0.0,100.0
.mr_238,1,0,1,0.0,100.0
.mr_239,1,0,1,0.0,100.0
.mr_24,1,0,1,0.0,100.0
.mr_240,1,0,1,0.0,100.0
.mr_241,1,0,1,0.0,100.0
.mr_242,1,0,1,0.0,100.0
.mr_243,1,0,1,0.0,100.0
.mr_244,1,0,1,0.0,100.0
.mr_245,1,0,1,0.0,100.0
.mr_246,1,0,1,0.0,100.0
.mr_247,1,0,1,0.0,100.0
.mr_248,1,0,1,0.0,100.0
.mr_249,1,0,1,0.0,100.0
.mr_25,1,0,1,0.0,100.0
.mr_250,1,0,1,0.0,100.0
.mr_251,1,0,1,0.0,100.0
.mr_252,1,0,1,0.0,100.0
.mr_253,1,0,1,0.0,100.0
.mr_254,1,0,1,0.0,100.0
.mr_255,1,0,1,0.0,100.0
.mr_256,1,0,1,0.0,100.0
.mr_257,1,0,1,0.0,100.0
.mr_258,1,0,1,0.0,100.0
.mr_259,1,0,1,0.0,100.0
.mr_26,1,0,1,0.0,100.0
.mr_260,1,0,1,0.0,100.0
.mr_261,1,0,1,0.0,100.0
.mr_262,1,0,1,0.0,100.0
.mr_263,1,0,1,0.0,100.0
.mr_264,1,0,1,0.0,100.0
.mr_265,1,0,1,0.0,100.0
.mr_266,1,0,1,0.0,100.0
.mr_267,1,0,1,0.0,100.0
.mr_268,1,0,1,0.0,100.0
.mr_269,1,0,1,0.0,100.0
.mr_27,1,0,1,0.0,100.0
.mr_270,1,0,1,0.0,100.0
.mr_271,1,0,1,0.0,100.0
.mr_272,1,0,1,0.0,100.0
.mr_273,1,0,1,0.0,100.0
.mr_274,1,0,1,0.0,100.0
.mr_275,1,0,1,0.0,100.0
.mr_276,1,0,1,0.0,100.0
.mr_277,1,0,1,0.0,100.0
.mr_278,1,0,1,0.0,100.0
.mr_279,1,0,1,0.0,100.0
.mr_28,1,0,1,0.0,100.0
.mr_280,1,0,1,0.0,100.0
.mr_281,1,0,1,0.0,100.0
.mr_282,1,0,1,0.0,100.0
.mr_283,1,0,1,0.0,100.0
.mr_284,1,0,1,0.0,100.0
.mr_285,1,0,1,0.0,100.0
.mr_286,1,0,1,0.0,100.0
.mr_287,1,0,1,0.0,100.0
.mr_288,1,0,1,0.0,100.0
.mr_289,1,0,1,0.0,100.0
.mr_29,1,0,1,0.0,100.0
.mr_290,1,0,1,0.0,100.0
.mr_291,1,0,1,0.0,100.0
.mr_292,1,0,1,0.0,100.0
.mr_293,1,0,1,0.0,100.0
.mr_294,1,0,1,0.0,100.0
.mr_295,1,0,1,0.0,100.0
.mr_296,1,0,1,0.0,100.0
.mr_297,1,0,1,0.0,100.0
.mr_298,1,0,1,0.0,100.0
.mr_299,1,0,1,0.0,100.0
.mr_3,1,0,1,0.0,100.0
.mr_30,1,0,1,0.0,100.0
.mr_300,1,0,1,0.0,100.0
.mr_301,1,0,1,0.0,100.0
.mr_302,1,0,1,0.0,100.0
.mr_303,1,0,1,0.0,100.0
.mr_304,1,0,1,0.0,100.0
.mr_305,1,0,1,0.0,100.0
.mr_306,1,0,1,0.0,100.0
.mr_307,1,0,1,0.0,100.0
.mr_308,1,0,1,0.0,100.0
.mr_309,1,0,1,0.0,100.0
.mr_31,1,0,1,0.0,100.0
.mr_310,1,0,1,0.0,100.0
.mr_311,1,0,1,0.0,100.0
.mr_312,1,0,1,0.0,100.0
.mr_313,1,0,1,0.0,100.0
.mr_314,1,0,1,0.0,100.0
.mr_315,1,0,1,0.0,100.0
.mr_316,1,0,1,0.0,100.0
.mr_317,1,0,1,0.0,100.0
.mr_318,1,0,1,0.0,100.0
.mr_319,1,0,1,0.0,100.0
.mr_32,1,0,1,0.0,100.0
.mr_320,1,0,1,0.0,100.0
.mr_321,1,0,1,0.0,100.0
.mr_322,1,0,1,0.0,100.0
.mr_323,1,0,1,0.0,100.0
.mr_324,1,0,1,0.0,100.0
.mr_325,1,0,1,0.0,100.0
.mr_326,1,0,1,0.0,100.0
.mr_327,1,0,1,0.0,100.0
.mr_328,1,0,1,0.0,100.0
.mr_329,1,0,1,0.0,100.0
.mr_33,1,0,1,0.0,100.0
.mr_330,1,0,1,0.0,100.0
.mr_331,1,0,1,0.0,100.0
.mr_332,1,0,1,0.0,100.0
.mr_333,1,0,1,0.0,100.0
.mr_334,1,0,1,0.0,100.0
.mr_335,1,0,1,0.0,100.0
.mr_336,1,0,1,0.0,100.0
.mr_337,1,0,1,0.0,100.0
.mr_338,1,0,1,0.0,100.0
.mr_339,1,0,1,0.0,100.0
.mr_34,1,0,1,0.0,100.0
.mr_340,1,0,1,0.0,100.0
.mr_341,1,0,1,0.0,100.0
.mr_342,1,0,1,0.0,100.0
.mr_343,1,0,1,0.0,100.0
.mr_344,1,0,1,0.0,100.0
.mr_345,1,0,1,0.0,100.0
.mr_346,1,0,1,0.0,100.0
.mr_347,1,0,1,0.0,100.0
.mr_348,1,0,1,0.0,100.0
.mr_349,1,0,1,0.0,100.0
.mr_35,1,0,1,0.0,100.0
.mr_350,1,0,1,0.0,100.0
.mr_351,1,0,1,0.0,100.0
.mr_352,1,0,1,0.0,100.0
.mr_353,1,0,1,0.0,100.0
.mr_354,1,0,1,0.0,100.0
.mr_355,1,0,1,0.0,100.0
.mr_356,1,0,1,0.0,100.0
.mr_357,1,0,1,0.0,100.0
.mr_358,1,0,1,0.0,100.0
.mr_359,1,0,1,0.0,100.0
.mr_36,1,0,1,0.0,100.0
.mr_360,1,0,1,0.0,100.0
.mr_361,1,0,1,0.0,100.0
.mr_362,1,0,1,0.0,100.0
.mr_363,1,0,1,0.0,100.0
.mr_364,1,0,1,0.0,100.0
.mr_365,1,0,1,0.0,100.0
.mr_366,1,0,1,0.0,100.0
.mr_367,1,0,1,0.0,100.0
.mr_368,1,0,1,0.0,100.0
.mr_369,1,0,1,0.0,100.0
.mr_37,1,0,1,0.0,100.0
.mr_370,1,0,1,0.0,100.0
.mr_371,1,0,1,0.0,100.0
.mr_372,1,0,1,0.0,100.0
.mr_373,1,0,1,0.0,100.0
.mr_374,1,0,1,0.0,100.0
.mr_375,1,0,1,0.0,100.0
.mr_376,1,0,1,0.0,100.0
.mr_377,1,0,1,0.0,100.0
.mr_378,1,0,1,0.0,100.0
.mr_379,1,0,1,0.0,100.0
.mr_38,1,0,1,0.0,100.0
.mr_380,1,0,1,0.0,100.0
.mr_381,1,0,1,0.0,100.0
.mr_382,1,0,1,0.0,100.0
.mr_383,1,0,1,0.0,100.0
.mr_384,1,0,1,0.0,100.0
.mr_385,1,0,1,0.0,100.0
.mr_386,1,0,1,0.0,100.0
.mr_387,1,0,1,0.0,100.0
.mr_388,1,0,1,0.0,100.0
.mr_389,1,0,1,0.0,100.0
.mr_39,1,0,1,0.0,100.0
.mr_390,1,0,1,0.0,100.0
.mr_391,1,0,1,0.0,100.0
.mr_392,1,0,1,0.0,100.0
.mr_393,1,0,1,0.0,100.0
.mr_394,1,0,1,0.0,100.0
.mr_395,1,0,1,0.0,100.0
.mr_396,1,0,1,0.0,100.0
.mr_397,1,0,1,0.0,100.0
.mr_398,1,0,1,0.0,100.0
.mr_399,1,0,1,0.0,100.0
.mr_4,1,0,1,0.0,100.0
.mr_40,1,0,1,0.0,100.0
.mr_400,1,0,1,0.0,100.0
.mr_401,1,0,1,0.0,100.0
.mr_402,1,0,1,0.0,100.0
.mr_403,1,0,1,0.0,100.0
.mr_404,1,0,1,0.0,100.0
.mr_405,1,0,1,0.0,100.0
.mr_406,1,0,1,0.0,100.0
.mr_407,1,0,1,0.0,100.0
.mr_408,1,0,1,0.0,100.0
.mr_409,1,0,1,0.0,100.0
.mr_41,1,0,1,0.0,100.0
.mr_410,1,0,1,0.0,100.0
.mr_411,1,0,1,0.0,100.0
.mr_412,1,0,1,0.0,100.0
.mr_413,1,0,1,0.0,100.0
.mr_414,1,0,1,0.0,100.0
.mr_415,1,0,1,0.0,100.0
.mr_416,1,0,1,0.0,100.0
.mr_417,1,0,1,0.0,100.0
.mr_418,1,0,1,0.0,100.0
.mr_419,1,0,1,0.0,100.0
.mr_42,1,0,1,0.0,100.0
.mr_420,1,0,1,0.0,100.0
.mr_421,1,0,1,0.0,100.0
.mr_422,1,0,1,0.0,100.0
.mr_423,1,0,1,0.0,100.0
.mr_424,1,0,1,0.0,100.0
.mr_425,1,0,1,0.0,100.0
.mr_426,1,0,1,0.0,100.0
.mr_427,1,0,1,0.0,100.0
.mr_428,1,0,1,0.0,100.0
.mr_429,1,0,1,0.0,100.0
.mr_43,1,0,1,0.0,100.0
.mr_430,1,0,1,0.0,100.0
.mr_431,1,0,1,0.0,100.0
.mr_432,1,0,1,0.0,100.0
.mr_433,1,0,1,0.0,100.0
.mr_434,1,0,1,0.0,100.0
.mr_435,1,0,1,0.0,100.0
.mr_436,1,0,1,0.0,100.0
.mr_437,1,0,1,0.0,100.0
.mr_438,1,0,1,0.0,100.0
.mr_439,1,0,1,0.0,100.0
.mr_44,1,0,1,0.0,100.0
.mr_440,1,0,1,0.0,100.0
.mr_441,1,0,1,0.0,100.0
.mr_442,1,0,1,0.0,100.0
.mr_443,1,0,1,0.0,100.0
.mr_444,1,0,1,0.0,100.0
.mr_445,1,0,1,0.0,100.0
.mr_446,1,0,1,0.0,100.0
.mr_447,1,0,1,0.0,100.0
.mr_448,1,0,1,0.0,100.0
.mr_449,1,0,1,0.0,100.0
.mr_45,1,0,1,0.0,100.0
.mr_450,1,0,1,0.0,100.0
.mr_451,1,0,1,0.0,100.0
.mr_452,1,0,1,0.0,100.0
.mr_453,1,0,1,0.0,100.0
.mr_454,1,0,1,0.0,100.0
.mr_455,1,0,1,0.0,100.0
.mr_456,1,0,1,0.0,100.0
.mr_457,1,0,1,0.0,100.0
.mr_458,1,0,1,0.0,100.0
.mr_459,1,0,1,0.0,100.0
.mr_46,1,0,1,0.0,100.0
.mr_460,1,0,1,0.0,100.0
.mr_461,1,0,1,0.0,100.0
.mr_462,1,0,1,0.0,100.0
.mr_463,1,0,1,0.0,100.0
.mr_464,1,0,1,0.0,100.0
.mr_465,1,0,1,0.0,100.0
.mr_466,1,0,1,0.0,100.0
.mr_467,1,0,1,0.0,100.0
.mr_468,1,0,1,0.0,100.0
.mr_469,1,0,1,0.0,100.0
.mr_47,1,0,1,0.0,100.0
.mr_470,1,0,1,0.0,100.0
.mr_471,1,0,1,0.0,100.0
.mr_472,1,0,1,0.0,100.0
.mr_473,1,0,1,0.0,100.0
.mr_474,1,0,1,0.0,100.0
.mr_475,1,0,1,0.0,100.0
.mr_476,1,0,1,0.0,100.0
.mr_477,1,0,1,0.0,100.0
.mr_478,1,0,1,0.0,100.0
.mr_479,1,0,1,0.0,100.0
.mr_48,1,0,1,0.0,100.0
.mr_480,1,0,1,0.0,100.0
.mr_481,1,0,1,0.0,100.0
.mr_482,1,0,1,0.0,100.0
.mr_483,1,0,1,0.0,100.0
.mr_484,1,0,1,0.0,100.0
.mr_485,1,0,1,0.0,100.0
.mr_486,1,0,1,0.0,100.0
.mr_487,1,0,1,0.0,100.0
.mr_488,1,0,1,0.0,100.0
.mr_489,1,0,1,0.0,100.0
.mr_49,1,0,1,0.0,100.0
.mr_490,1,0,1,0.0,100.0
.mr_491,1,0,1,0.0,100.0
.mr_492,1,0,1,0.0,100.0
.mr_493,1,0,1,0.0,100.0
.mr_494,1,0,1,0.0,100.0
.mr_495,1,0,1,0.0,100.0
.mr_496,1,0,1,0.0,100.0
.mr_497,1,0,1,0.0,100.0
.mr_498,1,0,1,0.0,100.0
.mr_499,1,0,1,0.0,100.0
.mr_5,1,0,1,0.0,100.0
.mr_50,1,0,1,0.0,100.0
.mr_500,1,0,1,0.0,100.0
.mr_501,1,0,1,0.0,100.0
.mr_502,1,0,1,0.0,100.0
.mr_503,1,0,1,0.0,100.0
.mr_504,1,0,1,0.0,100.0
.mr_505,1,0,1,0.0,100.0
.mr_506,1,0,1,0.0,100.0
.mr_507,1,0,1,0.0,100.0
.mr_508,1,0,1,0.0,100.0
.mr_509,1,0,1,0.0,100.0
.mr_51,1,0,1,0.0,100.0
.mr_510,1,0,1,0.0,100.0
.mr_511,1,0,1,0.0,100.0
.mr_52,1,0,1,0.0,100.0
.mr_53,1,0,1,0.0,100.0
.mr_54,1,0,1,0.0,100.0
.mr_55,1,0,1,0.0,100.0
.mr_56,1,0,1,0.0,100.0
.mr_57,1,0,1,0.0,100.0
.mr_58,1,0,1,0.0,100.0
.mr_59,1,0,1,0.0,100.0
.mr_6,1,0,1,0.0,100.0
.mr_60,1,0,1,0.0,100.0
.mr_61,1,0,1,0.0,100.0
.mr_62,1,0,1,0.0,100.0
.mr_63,1,0,1,0.0,100.0
.mr_64,1,0,1,0.0,100.0
.mr_65,1,0,1,0.0,100.0
.mr_66,1,0,1,0.0,100.0
.mr_67,1,0,1,0.0,100.0
.mr_68,1,0,1,0.0,100.0
.mr_69,1,0,1,0.0,100.0
.mr_7,1,0,1,0.0,100.0
.mr_70,1,0,1,0.0,100.0
.mr_71,1,0,1,0.0,100.0
.mr_72,1,0,1,0.0,100.0
.mr_73,1,0,1,0.0,100.0
.mr_74,1,0,1,0.0,100.0
.mr_75,1,0,1,0.0,100.0
.mr_76,1,0,1,0.0,100.0
.mr_77,1,0,1,0.0,100.0
.mr_78,1,0,1,0.0,100.0
.mr_79,1,0,1,0.0,100.0
.mr_8,1,0,1,0.0,100.0
.mr_80,1,0,1,0.0,100.0
.mr_81,1,0,1,0.0,100.0
.mr_82,1,0,1,0.0,100.0
.mr_83,1,0,1,0.0,100.0
.mr_84,1,0,1,0.0,100.0
.mr_85,1,0,1,0.0,100.0
.mr_86,1,0,1,0.0,100.0
.mr_87,1,0,1,0.0,100.0
.mr_88,1,0,1,0.0,100.0
.mr_89,1,0,1,0.0,100.0
.mr_9,1,0,1,0.0,100.0
.mr_90,1,0,1,0.0,100.0
.mr_91,1,0,1,0.0,100.0
.mr_92,1,0,1,0.0,100.0
.mr_93,1,0,1,0.0,100.0
.mr_94,1,0,1,0.0,100.0
.mr_95,1,0,1,0.0,100.0
.mr_96,1,0,1,0.0,100.0
.mr_97,1,0,1,0.0,100.0
.mr_98,1,0,1,0.0,100.0
.mr_99,1,0,1,0.0,100.0
.mrii_0,1,0,1,0.0,100.0
.mrii_1,1,0,1,0.0,100.0
.mrii_10,1,0,1,0.0,100.0
.mrii_100,1,0,1,0.0,100.0
.mrii_101,1,0,1,0.0,100.0
.mrii_102,1,0,1,0.0,100.0
.mrii_103,1,0,1,0.0,100.0
.mrii_104,1,0,1,0.0,100.0
.mrii_105,1,0,1,0.0,100.0
.mrii_106,1,0,1,0.0,100.0
.mrii_107,1,0,1,0.0,100.0
.mrii_108,1,0,1,0.0,100.0
.mrii_109,1,0,1,0.0,100.0
.mrii_11,1,0,1,0.0,100.0
.mrii_110,1,0,1,0.0,100.0
.mrii_111,1,0,1,0.0,100.0
.mrii_112,1,0,1,0.0,100.0
.mrii_113,1,0,1,0.0,100.0
.mrii_114,1,0,1,0.0,100.0
.mrii_115,1,0,1,0.0,100.0
.mrii_116,1,0,1,0.0,100.0
.mrii_117,1,0,1,0.0,100.0
.mrii_118,1,0,1,0.0,100.0
.mrii_119,1,0,1,0.0,100.0
.mrii_12,1,0,1,0.0,100.0
.mrii_120,1,0,1,0.0,100.0
.mrii_121,1,0,1,0.0,100.0
.mrii_122,1,0,1,0.0,100.0
.mrii_123,1,0,1,0.0,100.0
.mrii_124,1,0,1,0.0,100.0
.mrii_125,1,0,1,0.0,100.0
.mrii_126,1,0,1,0.0,100.0
.mrii_127,1,0,1,0.0,100.0
.mrii_128,1,0,1,0.0,100.0
.mrii_129,1,0,1,0.0,100.0
.mrii_13,1,0,1,0.0,100.0
.mrii_130,1,0,1,0.0,100.0
.mrii_131,1,0,1,0.0,100.0
.mrii_132,1,0,1,0.0,100.0
.mrii_133,1,0,1,0.0,100.0
.mrii_134,1,0,1,0.0,100.0
.mrii_135,1,0,1,0.0,100.0
.mrii_136,1,0,1,0.0,100.0
.mrii_137,1,0,1,0.0,100.0
.mrii_138,1,0,1,0.0,100.0
.mrii_139,1,0,1,0.0,100.0
.mrii_14,1,0,1,0.0,100.0
.mrii_140,1,0,1,0.0,100.0
.mrii_141,1,0,1,0.0,100.0
.mrii_142,1,0,1,0.0,100.0
.mrii_143,1,0,1,0.0,100.0
.mrii_144,1,0,1,0.0,100.0
.mrii_145,1,0,1,0.0,100.0
.mrii_146,1,0,1,0.0,100.0
.mrii_147,1,0,1,0.0,100.0
.mrii_148,1,0,1,0.0,100.0
.mrii_149,1,0,1,0.0,100.0
.mrii_15,1,0,1,0.0,100.0
.mrii_150,1,0,1,0.0,100.0
.mrii_151,1,0,1,0.0,100.0
.mrii_152,1,0,1,0.0,100.0
.mrii_153,1,0,1,0.0,100.0
.mrii_154,1,0,1,0.0,100.0
.mrii_155,1,0,1,0.0,100.0
.mrii_156,1,0,1,0.0,100.0
.mrii_157,1,0,1,0.0,100.0
.mrii_158,1,0,1,0.0,100.0
.mrii_159,1,0,1,0.0,100.0
.mrii_16,1,0,1,0.0,100.0
.mrii_160,1,0,1,0.0,100.0
.mrii_161,1,0,1,0.0,100.0
.mrii_162,1,0,1,0.0,100.0
.mrii_163,1,0,1,0.0,100.0
.mrii_164,1,0,1,0.0,100.0
.mrii_165,1,0,1,0.0,100.0
.mrii_166,1,0,1,0.0,100.0
.mrii_167,1,0,1,0.0,100.0
.mrii_168,1,0,1,0.0,100.0
.mrii_169,1,0,1,0.0,100.0
.mrii_17,1,0,1,0.0,100.0
.mrii_170,1,0,1,0.0,100.0
.mrii_171,1,0,1,0.0,100.0
.mrii_172,1,0,1,0.0,100.0
.mrii_173,1,0,1,0.0,100.0
.mrii_174,1,0,1,0.0,100.0
.mrii_175,1,0,1,0.0,100.0
.mrii_176,1,0,1,0.0,100.0
.mrii_177,1,0,1,0.0,100.0
.mrii_178,1,0,1,0.0,100.0
.mrii_179,1,0,1,0.0,100.0
.mrii_18,1,0,1,0.0,100.0
.mrii_180,1,0,1,0.0,100.0
.mrii_181,1,0,1,0.0,100.0
.mrii_182,1,0,1,0.0,100.0
.mrii_183,1,0,1,0.0,100.0
.mrii_184,1,0,1,0.0,100.0
.mrii_185,1,0,1,0.0,100.0
.mrii_186,1,0,1,0.0,100.0
.mrii_187,1,0,1,0.0,100.0
.mrii_188,1,0,1,0.0,100.0
.mrii_189,1,0,1,0.0,100.0
.mrii_19,1,0,1,0.0,100.0
.mrii_190,1,0,1,0.0,100.0
.mrii_191,1,0,1,0.0,100.0
.mrii_192,1,0,1,0.0,100.0
.mrii_193,1,0,1,0.0,100.0
.mrii_194,1,0,1,0.0,100.0
.mrii_195,1,0,1,0.0,100.0
.mrii_196,1,0,1,0.0,100.0
.mrii_197,1,0,1,0.0,100.0
.mrii_198,1,0,1,0.0,100.0
.mrii_199,1,0,1,0.0,100.0
.mrii_2,1,0,1,0.0,100.0
.mrii_20,1,0,1,0.0,100.0
.mrii_200,1,0,1,0.0,100.0
.mrii_201,1,0,1,0.0,100.0
.mrii_202,1,0,1,0.0,100.0
.mrii_203,1,0,1,0.0,100.0
.mrii_204,1,0,1,0.0,100.0
.mrii_205,1,0,1,0.0,100.0
.mrii_206,1,0,1,0.0,100.0
.mrii_207,1,0,1,0.0,100.0
.mrii_208,1,0,1,0.0,100.0
.mrii_209,1,0,1,0.0,100.0
.mrii_21,1,0,1,0.0,100.0
.mrii_210,1,0,1,0.0,100.0
.mrii_211,1,0,1,0.0,100.0
.mrii_212,1,0,1,0.0,100.0
.mrii_213,1,0,1,0.0,100.0
.mrii_214,1,0,1,0.0,100.0
.mrii_215,1,0,1,0.0,100.0
.mrii_216,1,0,1,0.0,100.0
.mrii_217,1,0,1,0.0,100.0
.mrii_218,1,0,1,0.0,100.0
.mrii_219,1,0,1,0.0,100.0
.mrii_22,1,0,1,0.0,100.0
.mrii_220,1,0,1,0.0,100.0
.mrii_221,1,0,1,0.0,100.0
.mrii_222,1,0,1,0.0,100.0
.mrii_223,1,0,1,0.0,100.0
.mrii_224,1,0,1,0.0,100.0
.mrii_225,1,0,1,0.0,100.0
.mrii_226,1,0,1,0.0,100.0
.mrii_227,1,0,1,0.0,100.0
.mrii_228,1,0,1,0.0,100.0
.mrii_229,1,0,1,0.0,100.0
.mrii_23,1,0,1,0.0,100.0
.mrii_230,1,0,1,0.0,100.0
.mrii_231,1,0,1,0.0,100.0
.mrii_232,1,0,1,0.0,100.0
.mrii_233,1,0,1,0.0,100.0
.mrii_234,1,0,1,0.0,100.0
.mrii_235,1,0,1,0.0,100.0
.mrii_236,1,0,1,0.0,100.0
.mrii_237,1,0,1,0.0,100.0
.mrii_238,1,0,1,0.0,100.0
.mrii_239,1,0,1,0.0,100.0
.mrii_24,1,0,1,0.0,100.0
.mrii_240,1,0,1,0.0,100.0
.mrii_241,1,0,1,0.0,100.0
.mrii_242,1,0,1,0.0,100.0
.mrii_243,1,0,1,0.0,100.0
.mrii_244,1,0,1,0.0,100.0
.mrii_245,1,0,1,0.0,100.0
.mrii_246,1,0,1,0.0,100.0
.mrii_247,1,0,1,0.0,100.0
.mrii_248,1,0,1,0.0,100.0
.mrii_249,1,0,1,0.0,100.0
.mrii_25,1,0,1,0.0,100.0
.mrii_250,1,0,1,0.0,100.0
.mrii_251,1,0,1,0.0,100.0
.mrii_252,1,0,1,0.0,100.0
.mrii_253,1,0,1,0.0,100.0
.mrii_254,1,0,1,0.0,100.0
.mrii_255,1,0,1,0.0,100.0
.mrii_256,1,0,1,0.0,100.0
.mrii_257,1,0,1,0.0,100.0
.mrii_258,1,0,1,0.0,100.0
.mrii_259,1,0,1,0.0,100.0
.mrii_26,1,0,1,0.0,100.0
.mrii_260,1,0,1,0.0,100.0
.mrii_261,1,0,1,0.0,100.0
.mrii_262,1,0,1,0.0,100.0
.mrii_263,1,0,1,0.0,100.0
.mrii_264,1,0,1,0.0,100.0
.mrii_265,1,0,1,0.0,100.0
.mrii_266,1,0,1,0.0,100.0
.mrii_267,1,0,1,0.0,100.0
.mrii_268,1,0,1,0.0,100.0
.mrii_269,1,0,1,0.0,100.0
.mrii_27,1,0,1,0.0,100.0
.mrii_270,1,0,1,0.0,100.0
.mrii_271,1,0,1,0.0,100.0
.mrii_272,1,0,1,0.0,100.0
.mrii_273,1,0,1,0.0,100.0
.mrii_274,1,0,1,0.0,100.0
.mrii_275,1,0,1,0.0,100.0
.mrii_276,1,0,1,0.0,100.0
.mrii_277,1,0,1,0.0,100.0
.mrii_278,1,0,1,0.0,100.0
.mrii_279,1,0,1,0.0,100.0
.mrii_28,1,0,1,0.0,100.0
.mrii_280,1,0,1,0.0,100.0
.mrii_281,1,0,1,0.0,100.0
.mrii_282,1,0,1,0.0,100.0
.mrii_283,1,0,1,0.0,100.0
.mrii_284,1,0,1,0.0,100.0
.mrii_285,1,0,1,0.0,100.0
.mrii_286,1,0,1,0.0,100.0
.mrii_287,1,0,1,0.0,100.0
.mrii_288,1,0,1,0.0,100.0
.mrii_289,1,0,1,0.0,100.0
.mrii_29,1,0,1,0.0,100.0
.mrii_290,1,0,1,0.0,100.0
.mrii_291,1,0,1,0.0,100.0
.mrii_292,1,0,1,0.0,100.0
.mrii_293,1,0,1,0.0,100.0
.mrii_294,1,0,1,0.0,100.0
.mrii_295,1,0,1,0.0,100.0
.mrii_296,1,0,1,0.0,100.0
.mrii_297,1,0,1,0.0,100.0
.mrii_298,1,0,1,0.0,100.0
.mrii_299,1,0,1,0.0,100.0
.mrii_3,1,0,1,0.0,100.0
.mrii_30,1,0,1,0.0,100.0
.mrii_300,1,0,1,0.0,100.0
.mrii_301,1,0,1,0.0,100.0
.mrii_302,1,0,1,0.0,100.0
.mrii_303,1,0,1,0.0,100.0
.mrii_304,1,0,1,0.0,100.0
.mrii_305,1,0,1,0.0,100.0
.mrii_306,1,0,1,0.0,100.0
.mrii_307,1,0,1,0.0,100.0
.mrii_308,1,0,1,0.0,100.0
.mrii_309,1,0,1,0.0,100.0
.mrii_31,1,0,1,0.0,100.0
.mrii_310,1,0,1,0.0,100.0
.mrii_311,1,0,1,0.0,100.0
.mrii_312,1,0,1,0.0,100.0
.mrii_313,1,0,1,0.0,100.0
.mrii_314,1,0,1,0.0,100.0
.mrii_315,1,0,1,0.0,100.0
.mrii_316,1,0,1,0.0,100.0
.mrii_317,1,0,1,0.0,100.0
.mrii_318,1,0,1,0.0,100.0
.mrii_319,1,0,1,0.0,100.0
.mrii_32,1,0,1,0.0,100.0
.mrii_320,1,0,1,0.0,100.0
.mrii_321,1,0,1,0.0,100.0
.mrii_322,1,0,1,0.0,100.0
.mrii_323,1,0,1,0.0,100.0
.mrii_324,1,0,1,0.0,100.0
.mrii_325,1,0,1,0.0,100.0
.mrii_326,1,0,1,0.0,100.0
.mrii_327,1,0,1,0.0,100.0
.mrii_328,1,0,1,0.0,100.0
.mrii_329,1,0,1,0.0,100.0
.mrii_33,1,0,1,0.0,100.0
.mrii_330,1,0,1,0.0,100.0
.mrii_331,1,0,1,0.0,100.0
.mrii_332,1,0,1,0.0,100.0
.mrii_333,1,0,1,0.0,100.0
.mrii_334,1,0,1,0.0,100.0
.mrii_335,1,0,1,0.0,100.0
.mrii_336,1,0,1,0.0,100.0
.mrii_337,1,0,1,0.0,100.0
.mrii_338,1,0,1,0.0,100.0
.mrii_339,1,0,1,0.0,100.0
.mrii_34,1,0,1,0.0,100.0
.mrii_340,1,0,1,0.0,100.0
.mrii_341,1,0,1,0.0,100.0
.mrii_342,1,0,1,0.0,100.0
.mrii_343,1,0,1,0.0,100.0
.mrii_344,1,0,1,0.0,100.0
.mrii_345,1,0,1,0.0,100.0
.mrii_346,1,0,1,0.0,100.0
.mrii_347,1,0,1,0.0,100.0
.mrii_348,1,0,1,0.0,100.0
.mrii_349,1,0,1,0.0,100.0
.mrii_35,1,0,1,0.0,100.0
.mrii_350,1,0,1,0.0,100.0
.mrii_351,1,0,1,0.0,100.0
.mrii_352,1,0,1,0.0,100.0
.mrii_353,1,0,1,0.0,100.0
.mrii_354,1,0,1,0.0,100.0
.mrii_355,1,0,1,0.0,100.0
.mrii_356,1,0,1,0.0,100.0
.mrii_357,1,0,1,0.0,100.0
.mrii_358,1,0,1,0.0,100.0
.mrii_359,1,0,1,0.0,100.0
.mrii_36,1,0,1,0.0,100.0
.mrii_360,1,0,1,0.0,100.0
.mrii_361,1,0,1,0.0,100.0
.mrii_362,1,0,1,0.0,100.0
.mrii_363,1,0,1,0.0,100.0
.mrii_364,1,0,1,0.0,100.0
.mrii_365,1,0,1,0.0,100.0
.mrii_366,1,0,1,0.0,100.0
.mrii_367,1,0,1,0.0,100.0
.mrii_368,1,0,1,0.0,100.0
.mrii_369,1,0,1,0.0,100.0
.mrii_37,1,0,1,0.0,100.0
.mrii_370,1,0,1,0.0,100.0
.mrii_371,1,0,1,0.0,100.0
.mrii_372,1,0,1,0.0,100.0
.mrii_373,1,0,1,0.0,100.0
.mrii_374,1,0,1,0.0,100.0
.mrii_375,1,0,1,0.0,100.0
.mrii_376,1,0,1,0.0,100.0
.mrii_377,1,0,1,0.0,100.0
.mrii_378,1,0,1,0.0,100.0
.mrii_379,1,0,1,0.0,100.0
.mrii_38,1,0,1,0.0,100.0
.mrii_380,1,0,1,0.0,100.0
.mrii_381,1,0,1,0.0,100.0
.mrii_382,1,0,1,0.0,100.0
.mrii_383,1,0,1,0.0,100.0
.mrii_384,1,0,1,0.0,100.0
.mrii_385,1,0,1,0.0,100.0
.mrii_386,1,0,1,0.0,100.0
.mrii_387,1,0,1,0.0,100.0
.mrii_388,1,0,1,0.0,100.0
.mrii_389,1,0,1,0.0,100.0
.mrii_39,1,0,1,0.0,100.0
.mrii_390,1,0,1,0.0,100.0
.mrii_391,1,0,1,0.0,100.0
.mrii_392,1,0,1,0.0,100.0
.mrii_393,1,0,1,0.0,100.0
.mrii_394,1,0,1,0.0,100.0
.mrii_395,1,0,1,0.0,100.0
.mrii_396,1,0,1,0.0,100.0
.mrii_397,1,0,1,0.0,100.0
.mrii_398,1,0,1,0.0,100.0
.mrii_399,1,0,1,0.0,100.0
.mrii_4,1,0,1,0.0,100.0
.mrii_40,1,0,1,0.0,100.0
.mrii_400,1,0,1,0.0,100.0
.mrii_401,1,0,1,0.0,100.0
.mrii_402,1,0,1,0.0,100.0
.mrii_403,1,0,1,0.0,100.0
.mrii_404,1,0,1,0.0,100.0
.mrii_405,1,0,1,0.0,100.0
.mrii_406,1,0,1,0.0,100.0
.mrii_407,1,0,1,0.0,100.0
.mrii_408,1,0,1,0.0,100.0
.mrii_409,1,0,1,0.0,100.0
.mrii_41,1,0,1,0.0,100.0
.mrii_410,1,0,1,0.0,100.0
.mrii_411,1,0,1,0.0,100.0
.mrii_412,1,0,1,0.0,100.0
.mrii_413,1,0,1,0.0,100.0
.mrii_414,1,0,1,0.0,100.0
.mrii_415,1,0,1,0.0,100.0
.mrii_416,1,0,1,0.0,100.0
.mrii_417,1,0,1,0.0,100.0
.mrii_418,1,0,1,0.0,100.0
.mrii_419,1,0,1,0.0,100.0
.mrii_42,1,0,1,0.0,100.0
.mrii_420,1,0,1,0.0,100.0
.mrii_421,1,0,1,0.0,100.0
.mrii_422,1,0,1,0.0,100.0
.mrii_423,1,0,1,0.0,100.0
.mrii_424,1,0,1,0.0,100.0
.mrii_425,1,0,1,0.0,100.0
.mrii_426,1,0,1,0.0,100.0
.mrii_427,1,0,1,0.0,100.0
.mrii_428,1,0,1,0.0,100.0
.mrii_429,1,0,1,0.0,100.0
.mrii_43,1,0,1,0.0,100.0
.mrii_430,1,0,1,0.0,100.0
.mrii_431,1,0,1,0.0,100.0
.mrii_432,1,0,1,0.0,100.0
.mrii_433,1,0,1,0.0,100.0
.mrii_434,1,0,1,0.0,100.0
.mrii_435,1,0,1,0.0,100.0
.mrii_436,1,0,1,0.0,100.0
.mrii_437,1,0,1,0.0,100.0
.mrii_438,1,0,1,0.0,100.0
.mrii_439,1,0,1,0.0,100.0
.mrii_44,1,0,1,0.0,100.0
.mrii_440,1,0,1,0.0,100.0
.mrii_441,1,0,1,0.0,100.0
.mrii_442,1,0,1,0.0,100.0
.mrii_443,1,0,1,0.0,100.0
.mrii_444,1,0,1,0.0,100.0
.mrii_445,1,0,1,0.0,100.0
.mrii_446,1,0,1,0.0,100.0
.mrii_447,1,0,1,0.0,100.0
.mrii_448,1,0,1,0.0,100.0
.mrii_449,1,0,1,0.0,100.0
.mrii_45,1,0,1,0.0,100.0
.mrii_450,1,0,1,0.0,100.0
.mrii_451,1,0,1,0.0,100.0
.mrii_452,1,0,1,0.0,100.0
.mrii_453,1,0,1,0.0,100.0
.mrii_454,1,0,1,0.0,100.0
.mrii_455,1,0,1,0.0,100.0
.mrii_456,1,0,1,0.0,100.0
.mrii_457,1,0,1,0.0,100.0
.mrii_458,1,0,1,0.0,100.0
.mrii_459,1,0,1,0.0,100.0
.mrii_46,1,0,1,0.0,100.0
.mrii_460,1,0,1,0.0,100.0
.mrii_461,1,0,1,0.0,100.0
.mrii_462,1,0,1,0.0,100.0
.mrii_463,1,0,1,0.0,100.0
.mrii_464,1,0,1,0.0,100.0
.mrii_465,1,0,1,0.0,100.0
.mrii_466,1,0,1,0.0,100.0
.mrii_467,1,0,1,0.0,100.0
.mrii_468,1,0,1,0.0,100.0
.mrii_469,1,0,1,0.0,100.0
.mrii_47,1,0,1,0.0,100.0
.mrii_470,1,0,1,0.0,100.0
.mrii_471,1,0,1,0.0,100.0
.mrii_472,1,0,1,0.0,100.0
.mrii_473,1,0,1,0.0,100.0
.mrii_474,1,0,1,0.0,100.0
.mrii_475,1,0,1,0.0,100.0
.mrii_476,1,0,1,0.0,100.0
.mrii_477,1,0,1,0.0,100.0
.mrii_478,1,0,1,0.0,100.0
.mrii_479,1,0,1,0.0,100.0
.mrii_48,1,0,1,0.0,100.0
.mrii_480,1,0,1,0.0,100.0
.mrii_481,1,0,1,0.0,100.0
.mrii_482,1,0,1,0.0,100.0
.mrii_483,1,0,1,0.0,100.0
.mrii_484,1,0,1,0.0,100.0
.mrii_485,1,0,1,0.0,100.0
.mrii_486,1,0,1,0.0,100.0
.mrii_487,1,0,1,0.0,100.0
.mrii_488,1,0,1,0.0,100.0
.mrii_489,1,0,1,0.0,100.0
.mrii_49,1,0,1,0.0,100.0
.mrii_490,1,0,1,0.0,100.0
.mrii_491,1,0,1,0.0,100.0
.mrii_492,1,0,1,0.0,100.0
.mrii_493,1,0,1,0.0,100.0
.mrii_494,1,0,1,0.0,100.0
.mrii_495,1,0,1,0.0,100.0
.mrii_496,1,0,1,0.0,100.0
.mrii_497,1,0,1,0.0,100.0
.mrii_498,1,0,1,0.0,100.0
.mrii_499,1,0,1,0.0,100.0
.mrii_5,1,0,1,0.0,100.0
.mrii_50,1,0,1,0.0,100.0
.mrii_500,1,0,1,0.0,100.0
.mrii_501,1,0,1,0.0,100.0
.mrii_502,1,0,1,0.0,100.0
.mrii_503,1,0,1,0.0,100.0
.mrii_504,1,0,1,0.0,100.0
.mrii_505,1,0,1,0.0,100.0
.mrii_506,1,0,1,0.0,100.0
.mrii_507,1,0,1,0.0,100.0
.mrii_508,1,0,1,0.0,100.0
.mrii_509,1,0,1,0.0,100.0
.mrii_51,1,0,1,0.0,100.0
.mrii_510,1,0,1,0.0,100.0
.mrii_511,1,0,1,0.0,100.0
.mrii_52,1,0,1,0.0,100.0
.mrii_53,1,0,1,0.0,100.0
.mrii_54,1,0,1,0.0,100.0
.mrii_55,1,0,1,0.0,100.0
.mrii_56,1,0,1,0.0,100.0
.mrii_57,1,0,1,0.0,100.0
.mrii_58,1,0,1,0.0,100.0
.mrii_59,1,0,1,0.0,100.0
.mrii_6,1,0,1,0.0,100.0
.mrii_60,1,0,1,0.0,100.0
.mrii_61,1,0,1,0.0,100.0
.mrii_62,1,0,1,0.0,100.0
.mrii_63,1,0,1,0.0,100.0
.mrii_64,1,0,1,0.0,100.0
.mrii_65,1,0,1,0.0,100.0
.mrii_66,1,0,1,0.0,100.0
.mrii_67,1,0,1,0.0,100.0
.mrii_68,1,0,1,0.0,100.0
.mrii_69,1,0,1,0.0,100.0
.mrii_7,1,0,1,0.0,100.0
.mrii_70,1,0,1,0.0,100.0
.mrii_71,1,0,1,0.0,100.0
.mrii_72,1,0,1,0.0,100.0
.mrii_73,1,0,1,0.0,100.0
.mrii_74,1,0,1,0.0,100.0
.mrii_75,1,0,1,0.0,100.0
.mrii_76,1,0,1,0.0,100.0
.mrii_77,1,0,1,0.0,100.0
.mrii_78,1,0,1,0.0,100.0
.mrii_79,1,0,1,0.0,100.0
.mrii_8,1,0,1,0.0,100.0
.mrii_80,1,0,1,0.0,100.0
.mrii_81,1,0,1,0.0,100.0
.mrii_82,1,0,1,0.0,100.0
.mrii_83,1,0,1,0.0,100.0
.mrii_84,1,0,1,0.0,100.0
.mrii_85,1,0,1,0.0,100.0
.mrii_86,1,0,1,0.0,100.0
.mrii_87,1,0,1,0.0,100.0
.mrii_88,1,0,1,0.0,100.0
.mrii_89,1,0,1,0.0,100.0
.mrii_9,1,0,1,0.0,100.0
.mrii_90,1,0,1,0.0,100.0
.mrii_91,1,0,1,0.0,100.0
.mrii_92,1,0,1,0.0,100.0
.mrii_93,1,0,1,0.0,100.0
.mrii_94,1,0,1,0.0,100.0
.mrii_95,1,0,1,0.0,100.0
.mrii_96,1,0,1,0.0,100.0
.mrii_97,1,0,1,0.0,100.0
.mrii_98,1,0,1,0.0,100.0
.mrii_99,1,0,1,0.0,100.0
.gxw,1,0,1,0.0,100.0
.rei,1,0,1,0.0,100.0
.dat_higher_diff,1,0,1,0.0,100.0
.idm,1,0,1,0.0,100.0
.qfts,1,0,1,0.0,100.0
.jam,1,0,1,0.0,100.0
.scene,1,0,1,0.0,100.0
.mxe,1,0,1,0.0,100.0
.mxe64,1,0,1,0.0,100.0
.hiro,1,0,1,0.0,100.0
.kanji,1,0,1,0.0,100.0
.origversion,1,0,1,0.0,100.0
.episode,1,0,1,0.0,100.0
.31_i86darwin32,1,0,1,0.0,100.0
.31_i86darwin64,1,0,1,0.0,100.0
.31_macppc,1,0,1,0.0,100.0
.bip,1,0,1,0.0,100.0
.dinvitro,1,0,1,0.0,100.0
.shub,1,0,1,0.0,100.0
.other,1,0,1,0.0,100.0
.adbx,1,0,1,0.0,100.0
.out~,1,0,1,0.0,100.0
.auxil,1,0,1,0.0,100.0
.blas,1,0,1,0.0,100.0
.gesv,1,0,1,0.0,100.0
.matgen,1,0,1,0.0,100.0
.panel,1,0,1,0.0,100.0
.pauxil,1,0,1,0.0,100.0
.pfact,1,0,1,0.0,100.0
.pgesv,1,0,1,0.0,100.0
.pmatgen,1,0,1,0.0,100.0
.ptest,1,0,1,0.0,100.0
.ptimer,1,0,1,0.0,100.0
.prev,1,0,1,0.0,100.0
.centromeres,1,0,1,0.0,100.0
.gap,1,0,1,0.0,100.0
.matk,1,0,1,0.0,100.0
.partcw,1,0,1,0.0,100.0
.partcx,1,0,1,0.0,100.0
.partcy,1,0,1,0.0,100.0
.partcz,1,0,1,0.0,100.0
.partda,1,0,1,0.0,100.0
.partdb,1,0,1,0.0,100.0
.partdc,1,0,1,0.0,100.0
.partdd,1,0,1,0.0,100.0
.partde,1,0,1,0.0,100.0
.partdf,1,0,1,0.0,100.0
.partdg,1,0,1,0.0,100.0
.partdh,1,0,1,0.0,100.0
.partdi,1,0,1,0.0,100.0
.partdj,1,0,1,0.0,100.0
.partdk,1,0,1,0.0,100.0
.partdl,1,0,1,0.0,100.0
.partdm,1,0,1,0.0,100.0
.partdn,1,0,1,0.0,100.0
.partdo,1,0,1,0.0,100.0
.partdp,1,0,1,0.0,100.0
.partdq,1,0,1,0.0,100.0
.partdr,1,0,1,0.0,100.0
.partds,1,0,1,0.0,100.0
.partdt,1,0,1,0.0,100.0
.partdu,1,0,1,0.0,100.0
.partdv,1,0,1,0.0,100.0
.mobileconfig,1,0,1,0.0,100.0
.ios,1,0,1,0.0,100.0
.snapshot,1,0,1,0.0,100.0
.uga,1,1,0,100.0,0.0
.mtl23,1,0,1,0.0,100.0
.epi,1,1,0,100.0,0.0
.aga,1,0,1,0.0,100.0
.cpp#,1,0,1,0.0,100.0
.r-index,1,0,1,0.0,100.0
.vimrc,1,0,1,0.0,100.0
.sample_combined_22inds_4seqs,1,0,1,0.0,100.0
.moses,1,0,1,0.0,100.0
.shadersubgraph,1,0,1,0.0,100.0
.inputactions,1,0,1,0.0,100.0
.spriteatlas,1,0,1,0.0,100.0
.dsn,1,0,1,0.0,100.0
.rou,1,0,1,0.0,100.0
.idraw,1,0,1,0.0,100.0
.adeextension,1,0,1,0.0,100.0
.xjb,1,0,1,0.0,100.0
.adecontext,1,0,1,0.0,100.0
.tapplan,1,0,1,0.0,100.0
.kmers,1,0,1,0.0,100.0
.ieee802_15_4,1,1,0,100.0,0.0
.a64,1,0,1,0.0,100.0
.ginfo,1,0,1,0.0,100.0
.cc-bootloader,1,0,1,0.0,100.0
.immesniff,1,0,1,0.0,100.0
.msfrelay,1,0,1,0.0,100.0
.xconf,1,1,0,100.0,0.0
.xcat,1,1,0,100.0,0.0
.passphrase,1,0,1,0.0,100.0
.rad,1,0,1,0.0,100.0
.czi,1,0,1,0.0,100.0
.f#,1,0,1,0.0,100.0
.lines,1,0,1,0.0,100.0
.poy,1,0,1,0.0,100.0
.mltop,1,0,1,0.0,100.0
.ping,1,0,1,0.0,100.0
.sanger,1,0,1,0.0,100.0
.uedin-wmt16-full,1,0,1,0.0,100.0
.uedin-wmt16-parallel-single,1,0,1,0.0,100.0
.uedin-wmt16-single,1,0,1,0.0,100.0
.uedin-wmt17-full,1,0,1,0.0,100.0
.uedin-wmt17-single,1,0,1,0.0,100.0
.detok,1,0,1,0.0,100.0
.fakesconfig,1,0,1,0.0,100.0
.bkup12mar19,1,0,1,0.0,100.0
.galex,1,0,1,0.0,100.0
.unwise,1,0,1,0.0,100.0
.incase,1,0,1,0.0,100.0
.marker,1,0,1,0.0,100.0
.installation,1,0,1,0.0,100.0
.variables,1,0,1,0.0,100.0
.0-genesis,1,0,1,0.0,100.0
.svs,1,0,1,0.0,100.0
.eventdumpparser,1,0,1,0.0,100.0
.ctz,1,0,1,0.0,100.0
.hsf,1,0,1,0.0,100.0
.vdx,1,1,0,100.0,0.0
.javasource,1,0,1,0.0,100.0
.modular,1,0,1,0.0,100.0
.update,1,0,1,0.0,100.0
.fuck,1,0,1,0.0,100.0
.data~,1,0,1,0.0,100.0
.address,1,0,1,0.0,100.0
.le35,1,0,1,0.0,100.0
.le55,1,0,1,0.0,100.0
.le75,1,0,1,0.0,100.0
.bld,1,0,1,0.0,100.0
.jsbox0,1,0,1,0.0,100.0
.jsbox1,1,0,1,0.0,100.0
.jsbox2,1,0,1,0.0,100.0
.jsconn,1,0,1,0.0,100.0
.todraw,1,0,1,0.0,100.0
.ncrunchsolution,1,0,1,0.0,100.0
.public,1,0,1,0.0,100.0
.clamd,1,0,1,0.0,100.0
.rabbitmq,1,0,1,0.0,100.0
.scpt,1,0,1,0.0,100.0
.vgm,1,0,1,0.0,100.0
.sqlite-journal,1,0,1,0.0,100.0
.alprofile,1,0,1,0.0,100.0
.linesearchtask,1,1,0,100.0,0.0
.automationrequest,1,1,0,100.0,0.0
.taskplanoptions,1,1,0,100.0,0.0
.assignmentcostmatrix,1,1,0,100.0,0.0
.taskassignmentsummary,1,1,0,100.0,0.0
.taskimplementationrequest,1,1,0,100.0,0.0
.taskimplementationresponse,1,1,0,100.0,0.0
.automationresponse,1,1,0,100.0,0.0
.pvs,1,0,1,0.0,100.0
.wxg,1,0,1,0.0,100.0
.xplt,1,0,1,0.0,100.0
.sid,1,0,1,0.0,100.0
.r2017a,1,0,1,0.0,100.0
.dec_alpha,1,0,1,0.0,100.0
.sp2_babbage,1,0,1,0.0,100.0
.sun_ultra_sparc,1,0,1,0.0,100.0
.ep,1,0,1,0.0,100.0
.lu,1,0,1,0.0,100.0
.aiohttp,1,0,1,0.0,100.0
.autobahn,1,0,1,0.0,100.0
.unknown_mime_type,1,0,1,0.0,100.0
.zero_bytes,1,0,1,0.0,100.0
.coderprj,1,0,1,0.0,100.0
.bgm,1,0,1,0.0,100.0
.emscripten,1,0,1,0.0,100.0
.coq,1,0,1,0.0,100.0
.z00,1,0,1,0.0,100.0
.newephem,1,1,0,100.0,0.0
.pov,1,0,1,0.0,100.0
.cpicle,1,0,1,0.0,100.0
.localmode,1,0,1,0.0,100.0
.embeddedapplauncher,1,0,1,0.0,100.0
.yarnapplauncher,1,0,1,0.0,100.0
.securityinfo,1,0,1,0.0,100.0
.tokenidentifier,1,0,1,0.0,100.0
.dagexecutionplugin,1,0,1,0.0,100.0
.keytab,1,0,1,0.0,100.0
.9_cx,1,0,1,0.0,100.0
.molden,1,0,1,0.0,100.0
.ccxml,1,0,1,0.0,100.0
.exregion,1,0,1,0.0,100.0
.example-php,1,0,1,0.0,100.0
.3gp,1,0,1,0.0,100.0
.myjson,1,0,1,0.0,100.0
.mydata,1,0,1,0.0,100.0
.mydata2,1,0,1,0.0,100.0
.myhtml,1,0,1,0.0,100.0
.phps,1,0,1,0.0,100.0
.exelem,1,0,1,0.0,100.0
.exnode,1,0,1,0.0,100.0
.refer,1,0,1,0.0,100.0
.recover,1,0,1,0.0,100.0
.reorder,1,0,1,0.0,100.0
.words,1,0,1,0.0,100.0
.features~,1,0,1,0.0,100.0
.incflo,1,0,1,0.0,100.0
.channel_cylinder,1,0,1,0.0,100.0
.eb_flow_sphere,1,0,1,0.0,100.0
.inviscid_rotated_planes_x,1,0,1,0.0,100.0
.rotated_planes_x,1,0,1,0.0,100.0
.rotated_planes_y,1,0,1,0.0,100.0
.vortex_in_sphere,1,0,1,0.0,100.0
.channel_cylinder-x,1,0,1,0.0,100.0
.channel_cylinder-xx,1,0,1,0.0,100.0
.channel_cylinder-y,1,0,1,0.0,100.0
.channel_cylinder-yy,1,0,1,0.0,100.0
.channel_cylinder-z,1,0,1,0.0,100.0
.channel_cylinder-zz,1,0,1,0.0,100.0
.channel_spherecube,1,0,1,0.0,100.0
.couette_poiseuille,1,0,1,0.0,100.0
.double_shear_restart,1,0,1,0.0,100.0
.eb_flow_const_velz,1,0,1,0.0,100.0
.eb_flow_density,1,0,1,0.0,100.0
.poiseuille_halfplane_newtonian,1,0,1,0.0,100.0
.slanted_cylinder,1,0,1,0.0,100.0
.tuscan,1,0,1,0.0,100.0
.upipe,1,0,1,0.0,100.0
.csg,1,0,1,0.0,100.0
.couette_cylinder,1,0,1,0.0,100.0
.couette_twocylinders,1,0,1,0.0,100.0
.poiseuille_annulus,1,0,1,0.0,100.0
.rotating_cylinder,1,0,1,0.0,100.0
.taylor_couette,1,0,1,0.0,100.0
.test_csg,1,0,1,0.0,100.0
.inviscid_rotated_cylinder_x,1,0,1,0.0,100.0
.inviscid_rotated_cylinder_y,1,0,1,0.0,100.0
.inviscid_rotated_cylinder_z,1,0,1,0.0,100.0
.periodic_box_x,1,0,1,0.0,100.0
.periodic_box_y,1,0,1,0.0,100.0
.periodic_box_z,1,0,1,0.0,100.0
.circ_traceradect_bds,1,0,1,0.0,100.0
.double_shear_layer_x,1,0,1,0.0,100.0
.double_shear_layer_y,1,0,1,0.0,100.0
.double_shear_layer_z,1,0,1,0.0,100.0
.poiseuille_halfplane_newtonian_x,1,0,1,0.0,100.0
.poiseuille_halfplane_newtonian_y,1,0,1,0.0,100.0
.poiseuille_halfplane_newtonian_z,1,0,1,0.0,100.0
.poiseuille_plane_newtonian_x,1,0,1,0.0,100.0
.poiseuille_plane_newtonian_y,1,0,1,0.0,100.0
.poiseuille_plane_newtonian_z,1,0,1,0.0,100.0
.slip_wall_test_x,1,0,1,0.0,100.0
.shap,1,0,1,0.0,100.0
.dpd,1,0,1,0.0,100.0
.xml_correct,1,0,1,0.0,100.0
.xml_orig,1,0,1,0.0,100.0
.ltp,1,0,1,0.0,100.0
.luacov,1,0,1,0.0,100.0
.neg,1,0,1,0.0,100.0
.aktualizr,1,0,1,0.0,100.0
.focal,1,0,1,0.0,100.0
.sgd,1,0,1,0.0,100.0
.2016,1,0,1,0.0,100.0
.cdt,1,0,1,0.0,100.0
.gtr,1,0,1,0.0,100.0
.gold_std,1,0,1,0.0,100.0
.quy,1,0,1,0.0,100.0
.mld,1,0,1,0.0,100.0
.sublime-syntax,1,0,1,0.0,100.0
.metagenemark,1,0,1,0.0,100.0
.drace,1,0,1,0.0,100.0
.altitude,1,0,1,0.0,100.0
.gps,1,0,1,0.0,100.0
.emden-21416,1,1,0,100.0,0.0
.atom,1,0,1,0.0,100.0
.stri,1,0,1,0.0,100.0
.acc,1,0,1,0.0,100.0
.ars,1,0,1,0.0,100.0
.ath,1,0,1,0.0,100.0
.fsm,1,0,1,0.0,100.0
.sth,1,0,1,0.0,100.0
.tfs,1,0,1,0.0,100.0
.j2c,1,0,1,0.0,100.0
.swm,1,0,1,0.0,100.0
.imagereaderspi,1,0,1,0.0,100.0
.gqt,1,0,1,0.0,100.0
.vid,1,0,1,0.0,100.0
.indels,1,0,1,0.0,100.0
.qualities,1,0,1,0.0,100.0
.sitefrequency,1,0,1,0.0,100.0
.sitepositions,1,0,1,0.0,100.0
.incl,1,0,1,0.0,100.0
.extract-native-dependencies,1,0,1,0.0,100.0
.repos,1,0,1,0.0,100.0
.delim,1,0,1,0.0,100.0
.txt_pos,1,0,1,0.0,100.0
.pcaproject,1,0,1,0.0,100.0
.b##,1,0,1,0.0,100.0
.l#5,1,0,1,0.0,100.0
.l#6,1,0,1,0.0,100.0
.l#7,1,0,1,0.0,100.0
.l#8,1,0,1,0.0,100.0
.l#9,1,0,1,0.0,100.0
.wsdt,1,0,1,0.0,100.0
.lineage,1,0,1,0.0,100.0
.mode1v3,1,0,1,0.0,100.0
.w6yv7k,1,0,1,0.0,100.0
.emp,1,0,1,0.0,100.0
.getsatstudy,1,0,1,0.0,100.0
.readgeom,1,0,1,0.0,100.0
.readtree,1,0,1,0.0,100.0
.useraysolver,1,0,1,0.0,100.0
.conversions,1,0,1,0.0,100.0
.processed,1,0,1,0.0,100.0
.blei,1,0,1,0.0,100.0
.low,1,0,1,0.0,100.0
.mallet,1,0,1,0.0,100.0
.svmlight,1,0,1,0.0,100.0
.uci,1,0,1,0.0,100.0
.wcm,1,0,1,0.0,100.0
.myd,1,0,1,0.0,100.0
.myi,1,0,1,0.0,100.0
.potx,1,0,1,0.0,100.0
.pps,1,0,1,0.0,100.0
.sfx,1,0,1,0.0,100.0
.vft,1,0,1,0.0,100.0
.vfx,1,0,1,0.0,100.0
.wmv,1,0,1,0.0,100.0
.xlt,1,0,1,0.0,100.0
.xltx,1,0,1,0.0,100.0
.vti,1,0,1,0.0,100.0
.visit,1,0,1,0.0,100.0
.edg,1,0,1,0.0,100.0
.runs,1,0,1,0.0,100.0
.gfortran,1,0,1,0.0,100.0
.gfortran_macos,1,0,1,0.0,100.0
.gfortran_mkl_mpi_debug_macos,1,0,1,0.0,100.0
.gfortran_mkl_mpi_macos,1,0,1,0.0,100.0
.gfortran_mkl_serial_macos,1,0,1,0.0,100.0
.gfortran_debug,1,0,1,0.0,100.0
.gfortran_debug_macos,1,0,1,0.0,100.0
.gfortran_mkl_mpi,1,0,1,0.0,100.0
.gfortran_mkl_serial,1,0,1,0.0,100.0
.gfortran_mpi,1,0,1,0.0,100.0
.gfortran_mpi_debug,1,0,1,0.0,100.0
.gfortran_openblas_mpi,1,0,1,0.0,100.0
.gfortran_openblas_serial,1,0,1,0.0,100.0
.gfortran_serial,1,0,1,0.0,100.0
.gfortran_serial_macos,1,0,1,0.0,100.0
.ifort_intelmpi,1,0,1,0.0,100.0
.ifort_mpi,1,0,1,0.0,100.0
.ifort_serial,1,0,1,0.0,100.0
.jscad,1,0,1,0.0,100.0
.xspt,1,0,1,0.0,100.0
.moog,1,0,1,0.0,100.0
.mlf,1,0,1,0.0,100.0
.mrf,1,0,1,0.0,100.0
.mes,1,0,1,0.0,100.0
.s4p,1,0,1,0.0,100.0
.aucdl,1,0,1,0.0,100.0
.json-tripled,1,0,1,0.0,100.0
.python,1,0,1,0.0,100.0
.native,1,0,1,0.0,100.0
.native16,1,0,1,0.0,100.0
.convert,1,0,1,0.0,100.0
.from-source,1,0,1,0.0,100.0
.pysat,1,1,0,100.0,0.0
.tally,1,1,0,100.0,0.0
.cpp_nomt,1,0,1,0.0,100.0
.h_bk,1,0,1,0.0,100.0
.lpsolve,1,0,1,0.0,100.0
.superlu,1,0,1,0.0,100.0
.lef_gold,1,0,1,0.0,100.0
.gds_gold,1,0,1,0.0,100.0
.clean,1,0,1,0.0,100.0
.njs,1,0,1,0.0,100.0
.ndjson,1,0,1,0.0,100.0
.crazy_ext,1,0,1,0.0,100.0
.chg,1,0,1,0.0,100.0
.parm,1,0,1,0.0,100.0
.nastruct,1,0,1,0.0,100.0
.r3d,1,0,1,0.0,100.0
.fbl,1,0,1,0.0,100.0
.upload,1,0,1,0.0,100.0
.cb_dist,1,0,1,0.0,100.0
.comap,1,0,1,0.0,100.0
.mfdca,1,0,1,0.0,100.0
.plmdca,1,0,1,0.0,100.0
.psicov,1,0,1,0.0,100.0
.ieee802_11,1,1,0,100.0,0.0
.numpy_bin,1,0,1,0.0,100.0
.fxg,1,0,1,0.0,100.0
.analyse_genomes,1,0,1,0.0,100.0
.galaxykickstart-base,1,0,1,0.0,100.0
.krz,1,0,1,0.0,100.0
.svm,1,0,1,0.0,100.0
.howto_script,1,0,1,0.0,100.0
.howto_transform,1,0,1,0.0,100.0
.apache2,1,0,1,0.0,100.0
.overrides,1,0,1,0.0,100.0
.templates,1,0,1,0.0,100.0
.fieldtrip,1,0,1,0.0,100.0
.gifti,1,0,1,0.0,100.0
.xmltree,1,0,1,0.0,100.0
.dyr,1,0,1,0.0,100.0
.iex,1,0,1,0.0,100.0
.l2p,1,0,1,0.0,100.0
.lnp,1,0,1,0.0,100.0
.connect,1,0,1,0.0,100.0
.nbar,1,0,1,0.0,100.0
.lie,1,0,1,0.0,100.0
.rac,1,0,1,0.0,100.0
.rsml,1,0,1,0.0,100.0
.grep,1,0,1,0.0,100.0
.dependencies,1,0,1,0.0,100.0
.admin,1,0,1,0.0,100.0
.author,1,0,1,0.0,100.0
.granted,1,0,1,0.0,100.0
.granted_token,1,0,1,0.0,100.0
.rejected,1,0,1,0.0,100.0
.com-non_engines,1,0,1,0.0,100.0
.openaire4,1,0,1,0.0,100.0
.axgr,1,0,1,0.0,100.0
.axgx,1,0,1,0.0,100.0
.ppc64le,1,0,1,0.0,100.0
.payload,1,0,1,0.0,100.0
.omp,1,0,1,0.0,100.0
.alpine,1,0,1,0.0,100.0
.heroku,1,0,1,0.0,100.0
.mrb-linux-amd64,1,0,1,0.0,100.0
.universal,1,0,1,0.0,100.0
.nobody,1,0,1,0.0,100.0
.chrlengths,1,0,1,0.0,100.0
.grammar,1,0,1,0.0,100.0
.alljobs,1,0,1,0.0,100.0
.len,1,0,1,0.0,100.0
.ed,1,0,1,0.0,100.0
.xrdf,1,0,1,0.0,100.0
.fsp,1,0,1,0.0,100.0
.com%3fsubject=4store,1,1,0,100.0,0.0
.2em,1,1,0,100.0,0.0
.wikitext,1,1,0,100.0,0.0
.innerhtml=,1,1,0,100.0,0.0
.overflow=,1,1,0,100.0,0.0
.position=,1,1,0,100.0,0.0
.datatype=,1,1,0,100.0,0.0
.top=,1,1,0,100.0,0.0
.offsetheight;f!==,1,1,0,100.0,0.0
.xmlhttp,1,1,0,100.0,0.0
.pauli,1,0,1,0.0,100.0
.php8,1,0,1,0.0,100.0
.score,1,0,1,0.0,100.0
.pickle_n_si_all,1,0,1,0.0,100.0
.metadix,1,0,1,0.0,100.0
.yml__,1,0,1,0.0,100.0
.linearindex,1,0,1,0.0,100.0
.numer,1,0,1,0.0,100.0
.log-20100502,1,0,1,0.0,100.0
.jenasubsystemlifecycle,1,0,1,0.0,100.0
.rap,1,0,1,0.0,100.0
.pdos_atm#1(mg)_wfc#1(s),1,0,1,0.0,100.0
.pdos_atm#1(mg)_wfc#2(p),1,0,1,0.0,100.0
.pdos_atm#2(o)_wfc#1(s),1,0,1,0.0,100.0
.pdos_atm#2(o)_wfc#2(p),1,0,1,0.0,100.0
.drill,1,0,1,0.0,100.0
.freebsd,1,0,1,0.0,100.0
.netbsd,1,0,1,0.0,100.0
.openbsd,1,0,1,0.0,100.0
.1544742160,1,0,1,0.0,100.0
.1544742175,1,0,1,0.0,100.0
.1544742167,1,0,1,0.0,100.0
.1544742164,1,0,1,0.0,100.0
.1544742154,1,0,1,0.0,100.0
.1552581952,1,0,1,0.0,100.0
.1552582328,1,0,1,0.0,100.0
.1552582354,1,0,1,0.0,100.0
.1552582365,1,0,1,0.0,100.0
.1552582374,1,0,1,0.0,100.0
.1552582383,1,0,1,0.0,100.0
.1552582391,1,0,1,0.0,100.0
.1552582400,1,0,1,0.0,100.0
.1552582411,1,0,1,0.0,100.0
.1544742148,1,0,1,0.0,100.0
.1544742145,1,0,1,0.0,100.0
.1544742150,1,0,1,0.0,100.0
.1544744404,1,0,1,0.0,100.0
.1544742180,1,0,1,0.0,100.0
.1544742186,1,0,1,0.0,100.0
.1544742183,1,0,1,0.0,100.0
.1544742185,1,0,1,0.0,100.0
.1544742188,1,0,1,0.0,100.0
.1544742190,1,0,1,0.0,100.0
.qos,1,0,1,0.0,100.0
.mkfg,1,0,1,0.0,100.0
.tz,1,0,1,0.0,100.0
.lambda,1,0,1,0.0,100.0
.vol2bird,1,0,1,0.0,100.0
.vol2bird-mistnet,1,0,1,0.0,100.0
.machine,1,0,1,0.0,100.0
.depends,1,0,1,0.0,100.0
.20130329,1,0,1,0.0,100.0
.drv,1,0,1,0.0,100.0
.m4~,1,0,1,0.0,100.0
.binutils,1,0,1,0.0,100.0
.variants,1,0,1,0.0,100.0
.js_,1,0,1,0.0,100.0
.checkpoint,1,0,1,0.0,100.0
.vssbe,1,0,1,0.0,100.0
.att,1,0,1,0.0,100.0
.ttc,1,0,1,0.0,100.0
.bac,1,0,1,0.0,100.0
.markers,1,0,1,0.0,100.0
.symvers,1,0,1,0.0,100.0
.range,1,1,0,100.0,0.0
.bestmodel,1,0,1,0.0,100.0
.besttree,1,0,1,0.0,100.0
.vpi,1,0,1,0.0,100.0
.sfk,1,0,1,0.0,100.0
.pmd,1,0,1,0.0,100.0
.b64,1,0,1,0.0,100.0
.qp,1,0,1,0.0,100.0
.amiga,1,0,1,0.0,100.0
.b32,1,0,1,0.0,100.0
.m32,1,0,1,0.0,100.0
.netware,1,0,1,0.0,100.0
.vxworks,1,0,1,0.0,100.0
.watcom,1,0,1,0.0,100.0
.aes128,1,0,1,0.0,100.0
.aes192,1,0,1,0.0,100.0
.aes256,1,0,1,0.0,100.0
.psk,1,0,1,0.0,100.0
.pubkey,1,0,1,0.0,100.0
.cert_type,1,0,1,0.0,100.0
.key_usage,1,0,1,0.0,100.0
.ku-ct,1,0,1,0.0,100.0
.md4,1,0,1,0.0,100.0
.bcc32,1,0,1,0.0,100.0
.msvc,1,0,1,0.0,100.0
.filt_list,1,0,1,0.0,100.0
.nsconfig,1,0,1,0.0,100.0
.lora,1,1,0,100.0,0.0
.7cei,1,0,1,0.0,100.0
.1yjo,1,0,1,0.0,100.0
.end,1,0,1,0.0,100.0
.fis,1,0,1,0.0,100.0
.merge,1,0,1,0.0,100.0
.paaa2,1,0,1,0.0,100.0
.gamma-gomodelmicellesimulation,1,0,1,0.0,100.0
.data-gomodelmembranesimulation,1,0,1,0.0,100.0
.data-gomodelmicellesimulation,1,0,1,0.0,100.0
.data_membranedimerprediction,1,0,1,0.0,100.0
.dat_membranedimerprediction,1,0,1,0.0,100.0
.debugforces,1,0,1,0.0,100.0
.parallel,1,0,1,0.0,100.0
.paralleldebug,1,0,1,0.0,100.0
.rcc,1,0,1,0.0,100.0
.serialdebug,1,0,1,0.0,100.0
.h4_traj,1,0,1,0.0,100.0
.ld_and_p,1,0,1,0.0,100.0
.tmat,1,0,1,0.0,100.0
.pnt,1,0,1,0.0,100.0
.e321227,1,0,1,0.0,100.0
.e321228,1,0,1,0.0,100.0
.e321229,1,0,1,0.0,100.0
.e321230,1,0,1,0.0,100.0
.e321231,1,0,1,0.0,100.0
.e321232,1,0,1,0.0,100.0
.e321233,1,0,1,0.0,100.0
.e321234,1,0,1,0.0,100.0
.e321235,1,0,1,0.0,100.0
.e321236,1,0,1,0.0,100.0
.e323962,1,0,1,0.0,100.0
.e323963,1,0,1,0.0,100.0
.e323964,1,0,1,0.0,100.0
.e323965,1,0,1,0.0,100.0
.e323966,1,0,1,0.0,100.0
.e323967,1,0,1,0.0,100.0
.e323968,1,0,1,0.0,100.0
.e323969,1,0,1,0.0,100.0
.e323970,1,0,1,0.0,100.0
.e323971,1,0,1,0.0,100.0
.o321227,1,0,1,0.0,100.0
.o321228,1,0,1,0.0,100.0
.o321229,1,0,1,0.0,100.0
.o321230,1,0,1,0.0,100.0
.o321231,1,0,1,0.0,100.0
.o321232,1,0,1,0.0,100.0
.o321233,1,0,1,0.0,100.0
.o321234,1,0,1,0.0,100.0
.o321235,1,0,1,0.0,100.0
.o321236,1,0,1,0.0,100.0
.o323962,1,0,1,0.0,100.0
.o323963,1,0,1,0.0,100.0
.o323964,1,0,1,0.0,100.0
.o323965,1,0,1,0.0,100.0
.o323966,1,0,1,0.0,100.0
.o323967,1,0,1,0.0,100.0
.o323968,1,0,1,0.0,100.0
.o323969,1,0,1,0.0,100.0
.o323970,1,0,1,0.0,100.0
.o323971,1,0,1,0.0,100.0
.e321271,1,0,1,0.0,100.0
.e321272,1,0,1,0.0,100.0
.e321273,1,0,1,0.0,100.0
.e321274,1,0,1,0.0,100.0
.e321275,1,0,1,0.0,100.0
.e321276,1,0,1,0.0,100.0
.e321277,1,0,1,0.0,100.0
.e321278,1,0,1,0.0,100.0
.e321279,1,0,1,0.0,100.0
.e321280,1,0,1,0.0,100.0
.e326140,1,0,1,0.0,100.0
.e326141,1,0,1,0.0,100.0
.e326142,1,0,1,0.0,100.0
.e326143,1,0,1,0.0,100.0
.e326144,1,0,1,0.0,100.0
.e326145,1,0,1,0.0,100.0
.e326146,1,0,1,0.0,100.0
.e326147,1,0,1,0.0,100.0
.e326148,1,0,1,0.0,100.0
.e326149,1,0,1,0.0,100.0
.o321271,1,0,1,0.0,100.0
.o321272,1,0,1,0.0,100.0
.o321273,1,0,1,0.0,100.0
.o321274,1,0,1,0.0,100.0
.o321275,1,0,1,0.0,100.0
.o321276,1,0,1,0.0,100.0
.o321277,1,0,1,0.0,100.0
.o321278,1,0,1,0.0,100.0
.o321279,1,0,1,0.0,100.0
.o321280,1,0,1,0.0,100.0
.o326140,1,0,1,0.0,100.0
.o326141,1,0,1,0.0,100.0
.o326142,1,0,1,0.0,100.0
.o326143,1,0,1,0.0,100.0
.o326144,1,0,1,0.0,100.0
.o326145,1,0,1,0.0,100.0
.o326146,1,0,1,0.0,100.0
.o326147,1,0,1,0.0,100.0
.o326148,1,0,1,0.0,100.0
.o326149,1,0,1,0.0,100.0
.e321328,1,0,1,0.0,100.0
.e321329,1,0,1,0.0,100.0
.e321330,1,0,1,0.0,100.0
.e321331,1,0,1,0.0,100.0
.e321332,1,0,1,0.0,100.0
.e321333,1,0,1,0.0,100.0
.e321334,1,0,1,0.0,100.0
.e321335,1,0,1,0.0,100.0
.e321336,1,0,1,0.0,100.0
.e321337,1,0,1,0.0,100.0
.e325185,1,0,1,0.0,100.0
.e325186,1,0,1,0.0,100.0
.e325187,1,0,1,0.0,100.0
.e325188,1,0,1,0.0,100.0
.e325189,1,0,1,0.0,100.0
.e325190,1,0,1,0.0,100.0
.e325201,1,0,1,0.0,100.0
.e325212,1,0,1,0.0,100.0
.e325227,1,0,1,0.0,100.0
.e325229,1,0,1,0.0,100.0
.o321328,1,0,1,0.0,100.0
.o321329,1,0,1,0.0,100.0
.o321330,1,0,1,0.0,100.0
.o321331,1,0,1,0.0,100.0
.o321332,1,0,1,0.0,100.0
.o321333,1,0,1,0.0,100.0
.o321334,1,0,1,0.0,100.0
.o321335,1,0,1,0.0,100.0
.o321336,1,0,1,0.0,100.0
.o321337,1,0,1,0.0,100.0
.o325185,1,0,1,0.0,100.0
.o325186,1,0,1,0.0,100.0
.o325187,1,0,1,0.0,100.0
.o325188,1,0,1,0.0,100.0
.o325189,1,0,1,0.0,100.0
.o325190,1,0,1,0.0,100.0
.o325201,1,0,1,0.0,100.0
.o325212,1,0,1,0.0,100.0
.o325227,1,0,1,0.0,100.0
.o325229,1,0,1,0.0,100.0
.e322974,1,0,1,0.0,100.0
.e322975,1,0,1,0.0,100.0
.e322976,1,0,1,0.0,100.0
.e322977,1,0,1,0.0,100.0
.e322978,1,0,1,0.0,100.0
.e322979,1,0,1,0.0,100.0
.e322980,1,0,1,0.0,100.0
.e322981,1,0,1,0.0,100.0
.e322982,1,0,1,0.0,100.0
.e322983,1,0,1,0.0,100.0
.e322984,1,0,1,0.0,100.0
.e322985,1,0,1,0.0,100.0
.e322986,1,0,1,0.0,100.0
.e322987,1,0,1,0.0,100.0
.e322988,1,0,1,0.0,100.0
.e322989,1,0,1,0.0,100.0
.e322990,1,0,1,0.0,100.0
.e322991,1,0,1,0.0,100.0
.e322992,1,0,1,0.0,100.0
.e322993,1,0,1,0.0,100.0
.o322974,1,0,1,0.0,100.0
.o322975,1,0,1,0.0,100.0
.o322976,1,0,1,0.0,100.0
.o322977,1,0,1,0.0,100.0
.o322978,1,0,1,0.0,100.0
.o322979,1,0,1,0.0,100.0
.o322980,1,0,1,0.0,100.0
.o322981,1,0,1,0.0,100.0
.o322982,1,0,1,0.0,100.0
.o322983,1,0,1,0.0,100.0
.o322984,1,0,1,0.0,100.0
.o322985,1,0,1,0.0,100.0
.o322986,1,0,1,0.0,100.0
.o322987,1,0,1,0.0,100.0
.o322988,1,0,1,0.0,100.0
.o322989,1,0,1,0.0,100.0
.o322990,1,0,1,0.0,100.0
.o322991,1,0,1,0.0,100.0
.o322992,1,0,1,0.0,100.0
.o322993,1,0,1,0.0,100.0
.e322954,1,0,1,0.0,100.0
.e322955,1,0,1,0.0,100.0
.e322956,1,0,1,0.0,100.0
.e322957,1,0,1,0.0,100.0
.e322958,1,0,1,0.0,100.0
.e322959,1,0,1,0.0,100.0
.e322960,1,0,1,0.0,100.0
.e322961,1,0,1,0.0,100.0
.e322962,1,0,1,0.0,100.0
.e322963,1,0,1,0.0,100.0
.e322964,1,0,1,0.0,100.0
.e322965,1,0,1,0.0,100.0
.e322966,1,0,1,0.0,100.0
.e322967,1,0,1,0.0,100.0
.e322968,1,0,1,0.0,100.0
.e322969,1,0,1,0.0,100.0
.e322970,1,0,1,0.0,100.0
.e322971,1,0,1,0.0,100.0
.e322972,1,0,1,0.0,100.0
.e322973,1,0,1,0.0,100.0
.o322954,1,0,1,0.0,100.0
.o322955,1,0,1,0.0,100.0
.o322956,1,0,1,0.0,100.0
.o322957,1,0,1,0.0,100.0
.o322958,1,0,1,0.0,100.0
.o322959,1,0,1,0.0,100.0
.o322960,1,0,1,0.0,100.0
.o322961,1,0,1,0.0,100.0
.o322962,1,0,1,0.0,100.0
.o322963,1,0,1,0.0,100.0
.o322964,1,0,1,0.0,100.0
.o322965,1,0,1,0.0,100.0
.o322966,1,0,1,0.0,100.0
.o322967,1,0,1,0.0,100.0
.o322968,1,0,1,0.0,100.0
.o322969,1,0,1,0.0,100.0
.o322970,1,0,1,0.0,100.0
.o322971,1,0,1,0.0,100.0
.o322972,1,0,1,0.0,100.0
.o322973,1,0,1,0.0,100.0
.e322934,1,0,1,0.0,100.0
.e322935,1,0,1,0.0,100.0
.e322936,1,0,1,0.0,100.0
.e322937,1,0,1,0.0,100.0
.e322938,1,0,1,0.0,100.0
.e322939,1,0,1,0.0,100.0
.e322940,1,0,1,0.0,100.0
.e322941,1,0,1,0.0,100.0
.e322942,1,0,1,0.0,100.0
.e322943,1,0,1,0.0,100.0
.e322944,1,0,1,0.0,100.0
.e322945,1,0,1,0.0,100.0
.e322946,1,0,1,0.0,100.0
.e322947,1,0,1,0.0,100.0
.e322948,1,0,1,0.0,100.0
.e322949,1,0,1,0.0,100.0
.e322950,1,0,1,0.0,100.0
.e322951,1,0,1,0.0,100.0
.e322952,1,0,1,0.0,100.0
.e322953,1,0,1,0.0,100.0
.o322934,1,0,1,0.0,100.0
.o322935,1,0,1,0.0,100.0
.o322936,1,0,1,0.0,100.0
.o322937,1,0,1,0.0,100.0
.o322938,1,0,1,0.0,100.0
.o322939,1,0,1,0.0,100.0
.o322940,1,0,1,0.0,100.0
.o322941,1,0,1,0.0,100.0
.o322942,1,0,1,0.0,100.0
.o322943,1,0,1,0.0,100.0
.o322944,1,0,1,0.0,100.0
.o322945,1,0,1,0.0,100.0
.o322946,1,0,1,0.0,100.0
.o322947,1,0,1,0.0,100.0
.o322948,1,0,1,0.0,100.0
.o322949,1,0,1,0.0,100.0
.o322950,1,0,1,0.0,100.0
.o322951,1,0,1,0.0,100.0
.o322952,1,0,1,0.0,100.0
.o322953,1,0,1,0.0,100.0
.e323400,1,0,1,0.0,100.0
.e323401,1,0,1,0.0,100.0
.e323402,1,0,1,0.0,100.0
.e323403,1,0,1,0.0,100.0
.e323404,1,0,1,0.0,100.0
.e323405,1,0,1,0.0,100.0
.e323406,1,0,1,0.0,100.0
.e326160,1,0,1,0.0,100.0
.e326161,1,0,1,0.0,100.0
.e326162,1,0,1,0.0,100.0
.e326163,1,0,1,0.0,100.0
.e326164,1,0,1,0.0,100.0
.e326165,1,0,1,0.0,100.0
.o323400,1,0,1,0.0,100.0
.o323401,1,0,1,0.0,100.0
.o323402,1,0,1,0.0,100.0
.o323403,1,0,1,0.0,100.0
.o323404,1,0,1,0.0,100.0
.o323405,1,0,1,0.0,100.0
.o323406,1,0,1,0.0,100.0
.o326160,1,0,1,0.0,100.0
.o326161,1,0,1,0.0,100.0
.o326162,1,0,1,0.0,100.0
.o326163,1,0,1,0.0,100.0
.o326164,1,0,1,0.0,100.0
.o326165,1,0,1,0.0,100.0
.e323407,1,0,1,0.0,100.0
.e323408,1,0,1,0.0,100.0
.e323409,1,0,1,0.0,100.0
.e323410,1,0,1,0.0,100.0
.e323411,1,0,1,0.0,100.0
.e323412,1,0,1,0.0,100.0
.e323413,1,0,1,0.0,100.0
.e323414,1,0,1,0.0,100.0
.e323415,1,0,1,0.0,100.0
.e323416,1,0,1,0.0,100.0
.e326150,1,0,1,0.0,100.0
.e326151,1,0,1,0.0,100.0
.e326152,1,0,1,0.0,100.0
.e326153,1,0,1,0.0,100.0
.e326154,1,0,1,0.0,100.0
.e326155,1,0,1,0.0,100.0
.e326156,1,0,1,0.0,100.0
.e326157,1,0,1,0.0,100.0
.e326158,1,0,1,0.0,100.0
.e326159,1,0,1,0.0,100.0
.o323407,1,0,1,0.0,100.0
.o323408,1,0,1,0.0,100.0
.o323409,1,0,1,0.0,100.0
.o323410,1,0,1,0.0,100.0
.o323411,1,0,1,0.0,100.0
.o323412,1,0,1,0.0,100.0
.o323413,1,0,1,0.0,100.0
.o323414,1,0,1,0.0,100.0
.o323415,1,0,1,0.0,100.0
.o323416,1,0,1,0.0,100.0
.o326150,1,0,1,0.0,100.0
.o326151,1,0,1,0.0,100.0
.o326152,1,0,1,0.0,100.0
.o326153,1,0,1,0.0,100.0
.o326154,1,0,1,0.0,100.0
.o326155,1,0,1,0.0,100.0
.o326156,1,0,1,0.0,100.0
.o326157,1,0,1,0.0,100.0
.o326158,1,0,1,0.0,100.0
.o326159,1,0,1,0.0,100.0
.e323423,1,0,1,0.0,100.0
.e323424,1,0,1,0.0,100.0
.e323425,1,0,1,0.0,100.0
.e323426,1,0,1,0.0,100.0
.e323427,1,0,1,0.0,100.0
.e323428,1,0,1,0.0,100.0
.e323429,1,0,1,0.0,100.0
.e323430,1,0,1,0.0,100.0
.e323431,1,0,1,0.0,100.0
.e323432,1,0,1,0.0,100.0
.e323433,1,0,1,0.0,100.0
.e323434,1,0,1,0.0,100.0
.e323435,1,0,1,0.0,100.0
.e323436,1,0,1,0.0,100.0
.e323437,1,0,1,0.0,100.0
.e323438,1,0,1,0.0,100.0
.e323439,1,0,1,0.0,100.0
.e326130,1,0,1,0.0,100.0
.e326131,1,0,1,0.0,100.0
.e326132,1,0,1,0.0,100.0
.e326133,1,0,1,0.0,100.0
.e326134,1,0,1,0.0,100.0
.e326135,1,0,1,0.0,100.0
.e326136,1,0,1,0.0,100.0
.e326137,1,0,1,0.0,100.0
.e326138,1,0,1,0.0,100.0
.e326139,1,0,1,0.0,100.0
.o323423,1,0,1,0.0,100.0
.o323424,1,0,1,0.0,100.0
.o323425,1,0,1,0.0,100.0
.o323426,1,0,1,0.0,100.0
.o323427,1,0,1,0.0,100.0
.o323428,1,0,1,0.0,100.0
.o323429,1,0,1,0.0,100.0
.o323430,1,0,1,0.0,100.0
.o323431,1,0,1,0.0,100.0
.o323432,1,0,1,0.0,100.0
.o326130,1,0,1,0.0,100.0
.o326131,1,0,1,0.0,100.0
.o326132,1,0,1,0.0,100.0
.o326133,1,0,1,0.0,100.0
.o326134,1,0,1,0.0,100.0
.o326135,1,0,1,0.0,100.0
.o326136,1,0,1,0.0,100.0
.o326137,1,0,1,0.0,100.0
.o326138,1,0,1,0.0,100.0
.o326139,1,0,1,0.0,100.0
.e321751,1,0,1,0.0,100.0
.e321752,1,0,1,0.0,100.0
.e321753,1,0,1,0.0,100.0
.e321754,1,0,1,0.0,100.0
.e321755,1,0,1,0.0,100.0
.e321756,1,0,1,0.0,100.0
.e321757,1,0,1,0.0,100.0
.e321758,1,0,1,0.0,100.0
.e321759,1,0,1,0.0,100.0
.e321760,1,0,1,0.0,100.0
.e321761,1,0,1,0.0,100.0
.e321762,1,0,1,0.0,100.0
.e321763,1,0,1,0.0,100.0
.e321764,1,0,1,0.0,100.0
.e321765,1,0,1,0.0,100.0
.e321766,1,0,1,0.0,100.0
.e321767,1,0,1,0.0,100.0
.e321768,1,0,1,0.0,100.0
.e321769,1,0,1,0.0,100.0
.e321770,1,0,1,0.0,100.0
.e322159,1,0,1,0.0,100.0
.o321751,1,0,1,0.0,100.0
.o321752,1,0,1,0.0,100.0
.o321753,1,0,1,0.0,100.0
.o321754,1,0,1,0.0,100.0
.o321755,1,0,1,0.0,100.0
.o321756,1,0,1,0.0,100.0
.o321757,1,0,1,0.0,100.0
.o321758,1,0,1,0.0,100.0
.o321759,1,0,1,0.0,100.0
.o321760,1,0,1,0.0,100.0
.o321761,1,0,1,0.0,100.0
.o321762,1,0,1,0.0,100.0
.o321763,1,0,1,0.0,100.0
.o321764,1,0,1,0.0,100.0
.o321765,1,0,1,0.0,100.0
.o321766,1,0,1,0.0,100.0
.o321767,1,0,1,0.0,100.0
.o321768,1,0,1,0.0,100.0
.o321769,1,0,1,0.0,100.0
.o321770,1,0,1,0.0,100.0
.o322159,1,0,1,0.0,100.0
.e322160,1,0,1,0.0,100.0
.e322161,1,0,1,0.0,100.0
.e322162,1,0,1,0.0,100.0
.e322163,1,0,1,0.0,100.0
.e322164,1,0,1,0.0,100.0
.e322165,1,0,1,0.0,100.0
.e322166,1,0,1,0.0,100.0
.e322167,1,0,1,0.0,100.0
.e322168,1,0,1,0.0,100.0
.e322169,1,0,1,0.0,100.0
.e322170,1,0,1,0.0,100.0
.e322171,1,0,1,0.0,100.0
.e322172,1,0,1,0.0,100.0
.e322173,1,0,1,0.0,100.0
.e322174,1,0,1,0.0,100.0
.e322175,1,0,1,0.0,100.0
.e322176,1,0,1,0.0,100.0
.e322177,1,0,1,0.0,100.0
.e322178,1,0,1,0.0,100.0
.e322179,1,0,1,0.0,100.0
.o322160,1,0,1,0.0,100.0
.o322161,1,0,1,0.0,100.0
.o322162,1,0,1,0.0,100.0
.o322163,1,0,1,0.0,100.0
.o322164,1,0,1,0.0,100.0
.o322165,1,0,1,0.0,100.0
.o322166,1,0,1,0.0,100.0
.o322167,1,0,1,0.0,100.0
.o322168,1,0,1,0.0,100.0
.o322169,1,0,1,0.0,100.0
.o322170,1,0,1,0.0,100.0
.o322171,1,0,1,0.0,100.0
.o322172,1,0,1,0.0,100.0
.o322173,1,0,1,0.0,100.0
.o322174,1,0,1,0.0,100.0
.o322175,1,0,1,0.0,100.0
.o322176,1,0,1,0.0,100.0
.o322177,1,0,1,0.0,100.0
.o322178,1,0,1,0.0,100.0
.o322179,1,0,1,0.0,100.0
.e321731,1,0,1,0.0,100.0
.e321732,1,0,1,0.0,100.0
.e321733,1,0,1,0.0,100.0
.e321734,1,0,1,0.0,100.0
.e321735,1,0,1,0.0,100.0
.e321736,1,0,1,0.0,100.0
.e321737,1,0,1,0.0,100.0
.e321738,1,0,1,0.0,100.0
.e321739,1,0,1,0.0,100.0
.e321740,1,0,1,0.0,100.0
.e321741,1,0,1,0.0,100.0
.e321742,1,0,1,0.0,100.0
.e321743,1,0,1,0.0,100.0
.e321744,1,0,1,0.0,100.0
.e321745,1,0,1,0.0,100.0
.e321746,1,0,1,0.0,100.0
.e321747,1,0,1,0.0,100.0
.e321748,1,0,1,0.0,100.0
.e321749,1,0,1,0.0,100.0
.e321750,1,0,1,0.0,100.0
.o321731,1,0,1,0.0,100.0
.o321732,1,0,1,0.0,100.0
.o321733,1,0,1,0.0,100.0
.o321734,1,0,1,0.0,100.0
.o321735,1,0,1,0.0,100.0
.o321736,1,0,1,0.0,100.0
.o321737,1,0,1,0.0,100.0
.o321738,1,0,1,0.0,100.0
.o321739,1,0,1,0.0,100.0
.o321740,1,0,1,0.0,100.0
.o321741,1,0,1,0.0,100.0
.o321742,1,0,1,0.0,100.0
.o321743,1,0,1,0.0,100.0
.o321744,1,0,1,0.0,100.0
.o321745,1,0,1,0.0,100.0
.o321746,1,0,1,0.0,100.0
.o321747,1,0,1,0.0,100.0
.o321748,1,0,1,0.0,100.0
.o321749,1,0,1,0.0,100.0
.o321750,1,0,1,0.0,100.0
.e321711,1,0,1,0.0,100.0
.e321712,1,0,1,0.0,100.0
.e321713,1,0,1,0.0,100.0
.e321714,1,0,1,0.0,100.0
.e321715,1,0,1,0.0,100.0
.e321716,1,0,1,0.0,100.0
.e321717,1,0,1,0.0,100.0
.e321718,1,0,1,0.0,100.0
.e321719,1,0,1,0.0,100.0
.e321720,1,0,1,0.0,100.0
.e321721,1,0,1,0.0,100.0
.e321722,1,0,1,0.0,100.0
.e321723,1,0,1,0.0,100.0
.e321724,1,0,1,0.0,100.0
.e321725,1,0,1,0.0,100.0
.e321726,1,0,1,0.0,100.0
.e321727,1,0,1,0.0,100.0
.e321728,1,0,1,0.0,100.0
.e321729,1,0,1,0.0,100.0
.e321730,1,0,1,0.0,100.0
.o321711,1,0,1,0.0,100.0
.o321712,1,0,1,0.0,100.0
.o321713,1,0,1,0.0,100.0
.o321714,1,0,1,0.0,100.0
.o321715,1,0,1,0.0,100.0
.o321716,1,0,1,0.0,100.0
.o321717,1,0,1,0.0,100.0
.o321718,1,0,1,0.0,100.0
.o321719,1,0,1,0.0,100.0
.o321720,1,0,1,0.0,100.0
.o321721,1,0,1,0.0,100.0
.o321722,1,0,1,0.0,100.0
.o321723,1,0,1,0.0,100.0
.o321724,1,0,1,0.0,100.0
.o321725,1,0,1,0.0,100.0
.o321726,1,0,1,0.0,100.0
.o321727,1,0,1,0.0,100.0
.o321728,1,0,1,0.0,100.0
.o321729,1,0,1,0.0,100.0
.o321730,1,0,1,0.0,100.0
.e321502,1,0,1,0.0,100.0
.e321503,1,0,1,0.0,100.0
.e321504,1,0,1,0.0,100.0
.e321505,1,0,1,0.0,100.0
.e321506,1,0,1,0.0,100.0
.e321507,1,0,1,0.0,100.0
.e321508,1,0,1,0.0,100.0
.e321509,1,0,1,0.0,100.0
.e321510,1,0,1,0.0,100.0
.e321511,1,0,1,0.0,100.0
.e326266,1,0,1,0.0,100.0
.e326267,1,0,1,0.0,100.0
.e326268,1,0,1,0.0,100.0
.e326269,1,0,1,0.0,100.0
.e326270,1,0,1,0.0,100.0
.e326271,1,0,1,0.0,100.0
.e326272,1,0,1,0.0,100.0
.e326273,1,0,1,0.0,100.0
.e326274,1,0,1,0.0,100.0
.e326275,1,0,1,0.0,100.0
.o321502,1,0,1,0.0,100.0
.o321503,1,0,1,0.0,100.0
.o321504,1,0,1,0.0,100.0
.o321505,1,0,1,0.0,100.0
.o321506,1,0,1,0.0,100.0
.o321507,1,0,1,0.0,100.0
.o321508,1,0,1,0.0,100.0
.o321509,1,0,1,0.0,100.0
.o321510,1,0,1,0.0,100.0
.o321511,1,0,1,0.0,100.0
.o326266,1,0,1,0.0,100.0
.o326267,1,0,1,0.0,100.0
.o326268,1,0,1,0.0,100.0
.o326269,1,0,1,0.0,100.0
.o326270,1,0,1,0.0,100.0
.o326271,1,0,1,0.0,100.0
.o326272,1,0,1,0.0,100.0
.o326273,1,0,1,0.0,100.0
.o326274,1,0,1,0.0,100.0
.o326275,1,0,1,0.0,100.0
.e321480,1,0,1,0.0,100.0
.e321481,1,0,1,0.0,100.0
.e321482,1,0,1,0.0,100.0
.e321483,1,0,1,0.0,100.0
.e321484,1,0,1,0.0,100.0
.e321485,1,0,1,0.0,100.0
.e321486,1,0,1,0.0,100.0
.e321487,1,0,1,0.0,100.0
.e321488,1,0,1,0.0,100.0
.e321489,1,0,1,0.0,100.0
.e321492,1,0,1,0.0,100.0
.e321493,1,0,1,0.0,100.0
.e321494,1,0,1,0.0,100.0
.e321495,1,0,1,0.0,100.0
.e321496,1,0,1,0.0,100.0
.e321497,1,0,1,0.0,100.0
.e321498,1,0,1,0.0,100.0
.e321499,1,0,1,0.0,100.0
.e321500,1,0,1,0.0,100.0
.e321501,1,0,1,0.0,100.0
.o321480,1,0,1,0.0,100.0
.o321481,1,0,1,0.0,100.0
.o321482,1,0,1,0.0,100.0
.o321483,1,0,1,0.0,100.0
.o321484,1,0,1,0.0,100.0
.o321485,1,0,1,0.0,100.0
.o321486,1,0,1,0.0,100.0
.o321487,1,0,1,0.0,100.0
.o321488,1,0,1,0.0,100.0
.o321489,1,0,1,0.0,100.0
.o321492,1,0,1,0.0,100.0
.o321493,1,0,1,0.0,100.0
.o321494,1,0,1,0.0,100.0
.o321495,1,0,1,0.0,100.0
.o321496,1,0,1,0.0,100.0
.o321497,1,0,1,0.0,100.0
.o321498,1,0,1,0.0,100.0
.o321499,1,0,1,0.0,100.0
.o321500,1,0,1,0.0,100.0
.o321501,1,0,1,0.0,100.0
.e321460,1,0,1,0.0,100.0
.e321461,1,0,1,0.0,100.0
.e321462,1,0,1,0.0,100.0
.e321463,1,0,1,0.0,100.0
.e321464,1,0,1,0.0,100.0
.e321465,1,0,1,0.0,100.0
.e321466,1,0,1,0.0,100.0
.e321467,1,0,1,0.0,100.0
.e321468,1,0,1,0.0,100.0
.e321469,1,0,1,0.0,100.0
.e321470,1,0,1,0.0,100.0
.e321471,1,0,1,0.0,100.0
.e321472,1,0,1,0.0,100.0
.e321473,1,0,1,0.0,100.0
.e321474,1,0,1,0.0,100.0
.e321475,1,0,1,0.0,100.0
.e321476,1,0,1,0.0,100.0
.e321477,1,0,1,0.0,100.0
.e321478,1,0,1,0.0,100.0
.e321479,1,0,1,0.0,100.0
.o321460,1,0,1,0.0,100.0
.o321461,1,0,1,0.0,100.0
.o321462,1,0,1,0.0,100.0
.o321463,1,0,1,0.0,100.0
.o321464,1,0,1,0.0,100.0
.o321465,1,0,1,0.0,100.0
.o321466,1,0,1,0.0,100.0
.o321467,1,0,1,0.0,100.0
.o321468,1,0,1,0.0,100.0
.o321469,1,0,1,0.0,100.0
.o321470,1,0,1,0.0,100.0
.o321471,1,0,1,0.0,100.0
.o321472,1,0,1,0.0,100.0
.o321473,1,0,1,0.0,100.0
.o321474,1,0,1,0.0,100.0
.o321475,1,0,1,0.0,100.0
.o321476,1,0,1,0.0,100.0
.o321477,1,0,1,0.0,100.0
.o321478,1,0,1,0.0,100.0
.o321479,1,0,1,0.0,100.0
.e323055,1,0,1,0.0,100.0
.e323056,1,0,1,0.0,100.0
.e323057,1,0,1,0.0,100.0
.e323058,1,0,1,0.0,100.0
.e323059,1,0,1,0.0,100.0
.e323060,1,0,1,0.0,100.0
.e323061,1,0,1,0.0,100.0
.e323062,1,0,1,0.0,100.0
.e323063,1,0,1,0.0,100.0
.e323064,1,0,1,0.0,100.0
.e323065,1,0,1,0.0,100.0
.e323066,1,0,1,0.0,100.0
.e323067,1,0,1,0.0,100.0
.e323068,1,0,1,0.0,100.0
.e323069,1,0,1,0.0,100.0
.e323070,1,0,1,0.0,100.0
.e323071,1,0,1,0.0,100.0
.e323072,1,0,1,0.0,100.0
.e323073,1,0,1,0.0,100.0
.e323074,1,0,1,0.0,100.0
.o323055,1,0,1,0.0,100.0
.o323056,1,0,1,0.0,100.0
.o323057,1,0,1,0.0,100.0
.o323058,1,0,1,0.0,100.0
.o323059,1,0,1,0.0,100.0
.o323060,1,0,1,0.0,100.0
.o323061,1,0,1,0.0,100.0
.o323062,1,0,1,0.0,100.0
.o323063,1,0,1,0.0,100.0
.o323064,1,0,1,0.0,100.0
.o323065,1,0,1,0.0,100.0
.o323066,1,0,1,0.0,100.0
.o323067,1,0,1,0.0,100.0
.o323068,1,0,1,0.0,100.0
.o323069,1,0,1,0.0,100.0
.o323070,1,0,1,0.0,100.0
.o323071,1,0,1,0.0,100.0
.o323072,1,0,1,0.0,100.0
.o323073,1,0,1,0.0,100.0
.o323074,1,0,1,0.0,100.0
.e323075,1,0,1,0.0,100.0
.e323076,1,0,1,0.0,100.0
.e323077,1,0,1,0.0,100.0
.e323078,1,0,1,0.0,100.0
.e323079,1,0,1,0.0,100.0
.e323080,1,0,1,0.0,100.0
.e323081,1,0,1,0.0,100.0
.e323082,1,0,1,0.0,100.0
.e323083,1,0,1,0.0,100.0
.e323084,1,0,1,0.0,100.0
.e323085,1,0,1,0.0,100.0
.e323086,1,0,1,0.0,100.0
.e323087,1,0,1,0.0,100.0
.e323088,1,0,1,0.0,100.0
.e323089,1,0,1,0.0,100.0
.e323090,1,0,1,0.0,100.0
.e323091,1,0,1,0.0,100.0
.e323092,1,0,1,0.0,100.0
.e323093,1,0,1,0.0,100.0
.e323094,1,0,1,0.0,100.0
.o323075,1,0,1,0.0,100.0
.o323076,1,0,1,0.0,100.0
.o323077,1,0,1,0.0,100.0
.o323078,1,0,1,0.0,100.0
.o323079,1,0,1,0.0,100.0
.o323080,1,0,1,0.0,100.0
.o323081,1,0,1,0.0,100.0
.o323082,1,0,1,0.0,100.0
.o323083,1,0,1,0.0,100.0
.o323084,1,0,1,0.0,100.0
.o323085,1,0,1,0.0,100.0
.o323086,1,0,1,0.0,100.0
.o323087,1,0,1,0.0,100.0
.o323088,1,0,1,0.0,100.0
.o323089,1,0,1,0.0,100.0
.o323090,1,0,1,0.0,100.0
.o323091,1,0,1,0.0,100.0
.o323092,1,0,1,0.0,100.0
.o323093,1,0,1,0.0,100.0
.o323094,1,0,1,0.0,100.0
.e323500,1,0,1,0.0,100.0
.e323501,1,0,1,0.0,100.0
.e323502,1,0,1,0.0,100.0
.e323503,1,0,1,0.0,100.0
.e323504,1,0,1,0.0,100.0
.e323505,1,0,1,0.0,100.0
.e323506,1,0,1,0.0,100.0
.e323507,1,0,1,0.0,100.0
.e323508,1,0,1,0.0,100.0
.e323509,1,0,1,0.0,100.0
.e323510,1,0,1,0.0,100.0
.e323511,1,0,1,0.0,100.0
.e323512,1,0,1,0.0,100.0
.e323513,1,0,1,0.0,100.0
.e323514,1,0,1,0.0,100.0
.e323515,1,0,1,0.0,100.0
.e323516,1,0,1,0.0,100.0
.e323517,1,0,1,0.0,100.0
.e323518,1,0,1,0.0,100.0
.e323519,1,0,1,0.0,100.0
.o323500,1,0,1,0.0,100.0
.o323501,1,0,1,0.0,100.0
.o323502,1,0,1,0.0,100.0
.o323503,1,0,1,0.0,100.0
.o323504,1,0,1,0.0,100.0
.o323505,1,0,1,0.0,100.0
.o323506,1,0,1,0.0,100.0
.o323507,1,0,1,0.0,100.0
.o323508,1,0,1,0.0,100.0
.o323509,1,0,1,0.0,100.0
.o323510,1,0,1,0.0,100.0
.o323511,1,0,1,0.0,100.0
.o323512,1,0,1,0.0,100.0
.o323513,1,0,1,0.0,100.0
.o323514,1,0,1,0.0,100.0
.o323515,1,0,1,0.0,100.0
.o323516,1,0,1,0.0,100.0
.o323517,1,0,1,0.0,100.0
.o323518,1,0,1,0.0,100.0
.o323519,1,0,1,0.0,100.0
.e323929,1,0,1,0.0,100.0
.e323930,1,0,1,0.0,100.0
.e323931,1,0,1,0.0,100.0
.e323932,1,0,1,0.0,100.0
.e323933,1,0,1,0.0,100.0
.e323934,1,0,1,0.0,100.0
.e323935,1,0,1,0.0,100.0
.e323936,1,0,1,0.0,100.0
.e323937,1,0,1,0.0,100.0
.e323938,1,0,1,0.0,100.0
.e323939,1,0,1,0.0,100.0
.e323940,1,0,1,0.0,100.0
.e323941,1,0,1,0.0,100.0
.e323942,1,0,1,0.0,100.0
.e323943,1,0,1,0.0,100.0
.e323944,1,0,1,0.0,100.0
.e323945,1,0,1,0.0,100.0
.e323946,1,0,1,0.0,100.0
.e323947,1,0,1,0.0,100.0
.e323948,1,0,1,0.0,100.0
.o323929,1,0,1,0.0,100.0
.o323930,1,0,1,0.0,100.0
.o323931,1,0,1,0.0,100.0
.o323932,1,0,1,0.0,100.0
.o323933,1,0,1,0.0,100.0
.o323934,1,0,1,0.0,100.0
.o323935,1,0,1,0.0,100.0
.o323936,1,0,1,0.0,100.0
.o323937,1,0,1,0.0,100.0
.o323938,1,0,1,0.0,100.0
.o323939,1,0,1,0.0,100.0
.o323940,1,0,1,0.0,100.0
.o323941,1,0,1,0.0,100.0
.o323942,1,0,1,0.0,100.0
.o323943,1,0,1,0.0,100.0
.o323944,1,0,1,0.0,100.0
.o323945,1,0,1,0.0,100.0
.o323946,1,0,1,0.0,100.0
.o323947,1,0,1,0.0,100.0
.o323948,1,0,1,0.0,100.0
.e323909,1,0,1,0.0,100.0
.e323910,1,0,1,0.0,100.0
.e323911,1,0,1,0.0,100.0
.e323912,1,0,1,0.0,100.0
.e323913,1,0,1,0.0,100.0
.e323914,1,0,1,0.0,100.0
.e323915,1,0,1,0.0,100.0
.e323916,1,0,1,0.0,100.0
.e323917,1,0,1,0.0,100.0
.e323918,1,0,1,0.0,100.0
.e323919,1,0,1,0.0,100.0
.e323920,1,0,1,0.0,100.0
.e323921,1,0,1,0.0,100.0
.e323922,1,0,1,0.0,100.0
.e323923,1,0,1,0.0,100.0
.e323924,1,0,1,0.0,100.0
.e323925,1,0,1,0.0,100.0
.e323926,1,0,1,0.0,100.0
.e323927,1,0,1,0.0,100.0
.e323928,1,0,1,0.0,100.0
.o323909,1,0,1,0.0,100.0
.o323910,1,0,1,0.0,100.0
.o323911,1,0,1,0.0,100.0
.o323912,1,0,1,0.0,100.0
.o323913,1,0,1,0.0,100.0
.o323914,1,0,1,0.0,100.0
.o323915,1,0,1,0.0,100.0
.o323916,1,0,1,0.0,100.0
.o323917,1,0,1,0.0,100.0
.o323918,1,0,1,0.0,100.0
.o323919,1,0,1,0.0,100.0
.o323920,1,0,1,0.0,100.0
.o323921,1,0,1,0.0,100.0
.o323922,1,0,1,0.0,100.0
.o323923,1,0,1,0.0,100.0
.o323924,1,0,1,0.0,100.0
.o323925,1,0,1,0.0,100.0
.o323926,1,0,1,0.0,100.0
.o323927,1,0,1,0.0,100.0
.o323928,1,0,1,0.0,100.0
.e322604,1,0,1,0.0,100.0
.e322605,1,0,1,0.0,100.0
.e322606,1,0,1,0.0,100.0
.e322607,1,0,1,0.0,100.0
.e322608,1,0,1,0.0,100.0
.e322609,1,0,1,0.0,100.0
.e322610,1,0,1,0.0,100.0
.e322611,1,0,1,0.0,100.0
.e322612,1,0,1,0.0,100.0
.e322613,1,0,1,0.0,100.0
.e322614,1,0,1,0.0,100.0
.e322615,1,0,1,0.0,100.0
.e322616,1,0,1,0.0,100.0
.e322617,1,0,1,0.0,100.0
.e322618,1,0,1,0.0,100.0
.e322619,1,0,1,0.0,100.0
.e322620,1,0,1,0.0,100.0
.e322621,1,0,1,0.0,100.0
.e322622,1,0,1,0.0,100.0
.e322623,1,0,1,0.0,100.0
.o322604,1,0,1,0.0,100.0
.o322605,1,0,1,0.0,100.0
.o322606,1,0,1,0.0,100.0
.o322607,1,0,1,0.0,100.0
.o322608,1,0,1,0.0,100.0
.o322609,1,0,1,0.0,100.0
.o322610,1,0,1,0.0,100.0
.o322611,1,0,1,0.0,100.0
.o322612,1,0,1,0.0,100.0
.o322613,1,0,1,0.0,100.0
.o322614,1,0,1,0.0,100.0
.o322615,1,0,1,0.0,100.0
.o322616,1,0,1,0.0,100.0
.o322617,1,0,1,0.0,100.0
.o322618,1,0,1,0.0,100.0
.o322619,1,0,1,0.0,100.0
.o322620,1,0,1,0.0,100.0
.o322621,1,0,1,0.0,100.0
.o322622,1,0,1,0.0,100.0
.o322623,1,0,1,0.0,100.0
.e322653,1,0,1,0.0,100.0
.o322653,1,0,1,0.0,100.0
.e322624,1,0,1,0.0,100.0
.e322625,1,0,1,0.0,100.0
.e322626,1,0,1,0.0,100.0
.e322627,1,0,1,0.0,100.0
.e322628,1,0,1,0.0,100.0
.e322629,1,0,1,0.0,100.0
.e322630,1,0,1,0.0,100.0
.e322631,1,0,1,0.0,100.0
.e322632,1,0,1,0.0,100.0
.e322633,1,0,1,0.0,100.0
.e322645,1,0,1,0.0,100.0
.e322646,1,0,1,0.0,100.0
.e322647,1,0,1,0.0,100.0
.e322649,1,0,1,0.0,100.0
.e322650,1,0,1,0.0,100.0
.e322651,1,0,1,0.0,100.0
.e322652,1,0,1,0.0,100.0
.e322654,1,0,1,0.0,100.0
.e322655,1,0,1,0.0,100.0
.o322624,1,0,1,0.0,100.0
.o322625,1,0,1,0.0,100.0
.o322626,1,0,1,0.0,100.0
.o322627,1,0,1,0.0,100.0
.o322628,1,0,1,0.0,100.0
.o322629,1,0,1,0.0,100.0
.o322630,1,0,1,0.0,100.0
.o322631,1,0,1,0.0,100.0
.o322632,1,0,1,0.0,100.0
.o322633,1,0,1,0.0,100.0
.o322645,1,0,1,0.0,100.0
.o322646,1,0,1,0.0,100.0
.o322647,1,0,1,0.0,100.0
.o322649,1,0,1,0.0,100.0
.o322650,1,0,1,0.0,100.0
.o322651,1,0,1,0.0,100.0
.o322652,1,0,1,0.0,100.0
.o322654,1,0,1,0.0,100.0
.o322655,1,0,1,0.0,100.0
.e322582,1,0,1,0.0,100.0
.e322583,1,0,1,0.0,100.0
.e322584,1,0,1,0.0,100.0
.e322585,1,0,1,0.0,100.0
.e322586,1,0,1,0.0,100.0
.e322587,1,0,1,0.0,100.0
.e322588,1,0,1,0.0,100.0
.e322589,1,0,1,0.0,100.0
.e322590,1,0,1,0.0,100.0
.e322591,1,0,1,0.0,100.0
.e322592,1,0,1,0.0,100.0
.e322593,1,0,1,0.0,100.0
.e322594,1,0,1,0.0,100.0
.e322595,1,0,1,0.0,100.0
.e322596,1,0,1,0.0,100.0
.e322597,1,0,1,0.0,100.0
.e322598,1,0,1,0.0,100.0
.e322599,1,0,1,0.0,100.0
.e322600,1,0,1,0.0,100.0
.e322601,1,0,1,0.0,100.0
.o322582,1,0,1,0.0,100.0
.o322583,1,0,1,0.0,100.0
.o322584,1,0,1,0.0,100.0
.o322585,1,0,1,0.0,100.0
.o322586,1,0,1,0.0,100.0
.o322587,1,0,1,0.0,100.0
.o322588,1,0,1,0.0,100.0
.o322589,1,0,1,0.0,100.0
.o322590,1,0,1,0.0,100.0
.o322591,1,0,1,0.0,100.0
.o322592,1,0,1,0.0,100.0
.o322593,1,0,1,0.0,100.0
.o322594,1,0,1,0.0,100.0
.o322595,1,0,1,0.0,100.0
.o322596,1,0,1,0.0,100.0
.o322597,1,0,1,0.0,100.0
.o322598,1,0,1,0.0,100.0
.o322599,1,0,1,0.0,100.0
.o322600,1,0,1,0.0,100.0
.o322601,1,0,1,0.0,100.0
.e323054,1,0,1,0.0,100.0
.o323054,1,0,1,0.0,100.0
.e321400,1,0,1,0.0,100.0
.e321401,1,0,1,0.0,100.0
.e321402,1,0,1,0.0,100.0
.e321403,1,0,1,0.0,100.0
.e321404,1,0,1,0.0,100.0
.e321405,1,0,1,0.0,100.0
.e321406,1,0,1,0.0,100.0
.e321407,1,0,1,0.0,100.0
.e321408,1,0,1,0.0,100.0
.e321409,1,0,1,0.0,100.0
.e321410,1,0,1,0.0,100.0
.e321411,1,0,1,0.0,100.0
.e321412,1,0,1,0.0,100.0
.e321413,1,0,1,0.0,100.0
.e321414,1,0,1,0.0,100.0
.e321415,1,0,1,0.0,100.0
.e321416,1,0,1,0.0,100.0
.e321417,1,0,1,0.0,100.0
.e321418,1,0,1,0.0,100.0
.e321419,1,0,1,0.0,100.0
.o321400,1,0,1,0.0,100.0
.o321401,1,0,1,0.0,100.0
.o321402,1,0,1,0.0,100.0
.o321403,1,0,1,0.0,100.0
.o321404,1,0,1,0.0,100.0
.o321405,1,0,1,0.0,100.0
.o321406,1,0,1,0.0,100.0
.o321407,1,0,1,0.0,100.0
.o321408,1,0,1,0.0,100.0
.o321409,1,0,1,0.0,100.0
.o321410,1,0,1,0.0,100.0
.o321411,1,0,1,0.0,100.0
.o321412,1,0,1,0.0,100.0
.o321413,1,0,1,0.0,100.0
.o321414,1,0,1,0.0,100.0
.o321415,1,0,1,0.0,100.0
.o321416,1,0,1,0.0,100.0
.o321417,1,0,1,0.0,100.0
.o321418,1,0,1,0.0,100.0
.o321419,1,0,1,0.0,100.0
.e321420,1,0,1,0.0,100.0
.e321421,1,0,1,0.0,100.0
.e321422,1,0,1,0.0,100.0
.e321423,1,0,1,0.0,100.0
.e321424,1,0,1,0.0,100.0
.e321425,1,0,1,0.0,100.0
.e321426,1,0,1,0.0,100.0
.e321427,1,0,1,0.0,100.0
.e321428,1,0,1,0.0,100.0
.e321429,1,0,1,0.0,100.0
.e321430,1,0,1,0.0,100.0
.e321431,1,0,1,0.0,100.0
.e321432,1,0,1,0.0,100.0
.e321433,1,0,1,0.0,100.0
.e321434,1,0,1,0.0,100.0
.e321435,1,0,1,0.0,100.0
.e321436,1,0,1,0.0,100.0
.e321437,1,0,1,0.0,100.0
.e321438,1,0,1,0.0,100.0
.e321439,1,0,1,0.0,100.0
.o321420,1,0,1,0.0,100.0
.o321421,1,0,1,0.0,100.0
.o321422,1,0,1,0.0,100.0
.o321423,1,0,1,0.0,100.0
.o321424,1,0,1,0.0,100.0
.o321425,1,0,1,0.0,100.0
.o321426,1,0,1,0.0,100.0
.o321427,1,0,1,0.0,100.0
.o321428,1,0,1,0.0,100.0
.o321429,1,0,1,0.0,100.0
.o321430,1,0,1,0.0,100.0
.o321431,1,0,1,0.0,100.0
.o321432,1,0,1,0.0,100.0
.o321433,1,0,1,0.0,100.0
.o321434,1,0,1,0.0,100.0
.o321435,1,0,1,0.0,100.0
.o321436,1,0,1,0.0,100.0
.o321437,1,0,1,0.0,100.0
.o321438,1,0,1,0.0,100.0
.o321439,1,0,1,0.0,100.0
.e321440,1,0,1,0.0,100.0
.e321441,1,0,1,0.0,100.0
.e321442,1,0,1,0.0,100.0
.e321443,1,0,1,0.0,100.0
.e321444,1,0,1,0.0,100.0
.e321445,1,0,1,0.0,100.0
.e321446,1,0,1,0.0,100.0
.e321447,1,0,1,0.0,100.0
.e321448,1,0,1,0.0,100.0
.e321449,1,0,1,0.0,100.0
.e321450,1,0,1,0.0,100.0
.e321451,1,0,1,0.0,100.0
.e321452,1,0,1,0.0,100.0
.e321453,1,0,1,0.0,100.0
.e321454,1,0,1,0.0,100.0
.e321455,1,0,1,0.0,100.0
.e321456,1,0,1,0.0,100.0
.e321457,1,0,1,0.0,100.0
.e321458,1,0,1,0.0,100.0
.e321459,1,0,1,0.0,100.0
.o321440,1,0,1,0.0,100.0
.o321441,1,0,1,0.0,100.0
.o321442,1,0,1,0.0,100.0
.o321443,1,0,1,0.0,100.0
.o321444,1,0,1,0.0,100.0
.o321445,1,0,1,0.0,100.0
.o321446,1,0,1,0.0,100.0
.o321447,1,0,1,0.0,100.0
.o321448,1,0,1,0.0,100.0
.o321449,1,0,1,0.0,100.0
.o321450,1,0,1,0.0,100.0
.o321451,1,0,1,0.0,100.0
.o321452,1,0,1,0.0,100.0
.o321453,1,0,1,0.0,100.0
.o321454,1,0,1,0.0,100.0
.o321455,1,0,1,0.0,100.0
.o321456,1,0,1,0.0,100.0
.o321457,1,0,1,0.0,100.0
.o321458,1,0,1,0.0,100.0
.o321459,1,0,1,0.0,100.0
.e322719,1,0,1,0.0,100.0
.e322720,1,0,1,0.0,100.0
.e322721,1,0,1,0.0,100.0
.e322722,1,0,1,0.0,100.0
.e322723,1,0,1,0.0,100.0
.e322724,1,0,1,0.0,100.0
.e322725,1,0,1,0.0,100.0
.e322726,1,0,1,0.0,100.0
.e322727,1,0,1,0.0,100.0
.e322728,1,0,1,0.0,100.0
.e322729,1,0,1,0.0,100.0
.e322730,1,0,1,0.0,100.0
.e322731,1,0,1,0.0,100.0
.e322732,1,0,1,0.0,100.0
.e322733,1,0,1,0.0,100.0
.e322734,1,0,1,0.0,100.0
.e322735,1,0,1,0.0,100.0
.e322736,1,0,1,0.0,100.0
.e322737,1,0,1,0.0,100.0
.e322738,1,0,1,0.0,100.0
.o322719,1,0,1,0.0,100.0
.o322720,1,0,1,0.0,100.0
.o322721,1,0,1,0.0,100.0
.o322722,1,0,1,0.0,100.0
.o322723,1,0,1,0.0,100.0
.o322724,1,0,1,0.0,100.0
.o322725,1,0,1,0.0,100.0
.o322726,1,0,1,0.0,100.0
.o322727,1,0,1,0.0,100.0
.o322728,1,0,1,0.0,100.0
.o322729,1,0,1,0.0,100.0
.o322730,1,0,1,0.0,100.0
.o322731,1,0,1,0.0,100.0
.o322732,1,0,1,0.0,100.0
.o322733,1,0,1,0.0,100.0
.o322734,1,0,1,0.0,100.0
.o322735,1,0,1,0.0,100.0
.o322736,1,0,1,0.0,100.0
.o322737,1,0,1,0.0,100.0
.o322738,1,0,1,0.0,100.0
.e322699,1,0,1,0.0,100.0
.e322700,1,0,1,0.0,100.0
.e322701,1,0,1,0.0,100.0
.e322702,1,0,1,0.0,100.0
.e322703,1,0,1,0.0,100.0
.e322704,1,0,1,0.0,100.0
.e322705,1,0,1,0.0,100.0
.e322706,1,0,1,0.0,100.0
.e322707,1,0,1,0.0,100.0
.e322708,1,0,1,0.0,100.0
.e322709,1,0,1,0.0,100.0
.e322710,1,0,1,0.0,100.0
.e322711,1,0,1,0.0,100.0
.e322712,1,0,1,0.0,100.0
.e322713,1,0,1,0.0,100.0
.e322714,1,0,1,0.0,100.0
.e322715,1,0,1,0.0,100.0
.e322716,1,0,1,0.0,100.0
.e322717,1,0,1,0.0,100.0
.e322718,1,0,1,0.0,100.0
.o322699,1,0,1,0.0,100.0
.o322700,1,0,1,0.0,100.0
.o322701,1,0,1,0.0,100.0
.o322702,1,0,1,0.0,100.0
.o322703,1,0,1,0.0,100.0
.o322704,1,0,1,0.0,100.0
.o322705,1,0,1,0.0,100.0
.o322706,1,0,1,0.0,100.0
.o322707,1,0,1,0.0,100.0
.o322708,1,0,1,0.0,100.0
.o322709,1,0,1,0.0,100.0
.o322710,1,0,1,0.0,100.0
.o322711,1,0,1,0.0,100.0
.o322712,1,0,1,0.0,100.0
.o322713,1,0,1,0.0,100.0
.o322714,1,0,1,0.0,100.0
.o322715,1,0,1,0.0,100.0
.o322716,1,0,1,0.0,100.0
.o322717,1,0,1,0.0,100.0
.o322718,1,0,1,0.0,100.0
.e326594,1,0,1,0.0,100.0
.e326595,1,0,1,0.0,100.0
.e326596,1,0,1,0.0,100.0
.e326597,1,0,1,0.0,100.0
.e326598,1,0,1,0.0,100.0
.e326599,1,0,1,0.0,100.0
.e326600,1,0,1,0.0,100.0
.e326601,1,0,1,0.0,100.0
.e326602,1,0,1,0.0,100.0
.e326603,1,0,1,0.0,100.0
.e326604,1,0,1,0.0,100.0
.e326605,1,0,1,0.0,100.0
.e326606,1,0,1,0.0,100.0
.e326607,1,0,1,0.0,100.0
.e326608,1,0,1,0.0,100.0
.e326609,1,0,1,0.0,100.0
.e326610,1,0,1,0.0,100.0
.e326611,1,0,1,0.0,100.0
.e326612,1,0,1,0.0,100.0
.e326613,1,0,1,0.0,100.0
.o326594,1,0,1,0.0,100.0
.o326595,1,0,1,0.0,100.0
.o326596,1,0,1,0.0,100.0
.o326597,1,0,1,0.0,100.0
.o326598,1,0,1,0.0,100.0
.o326599,1,0,1,0.0,100.0
.o326600,1,0,1,0.0,100.0
.o326601,1,0,1,0.0,100.0
.o326602,1,0,1,0.0,100.0
.o326603,1,0,1,0.0,100.0
.o326604,1,0,1,0.0,100.0
.o326605,1,0,1,0.0,100.0
.o326606,1,0,1,0.0,100.0
.o326607,1,0,1,0.0,100.0
.o326608,1,0,1,0.0,100.0
.o326609,1,0,1,0.0,100.0
.o326610,1,0,1,0.0,100.0
.o326611,1,0,1,0.0,100.0
.o326612,1,0,1,0.0,100.0
.o326613,1,0,1,0.0,100.0
.e322697,1,0,1,0.0,100.0
.o322697,1,0,1,0.0,100.0
.e323114,1,0,1,0.0,100.0
.e323115,1,0,1,0.0,100.0
.e323116,1,0,1,0.0,100.0
.e323117,1,0,1,0.0,100.0
.e323118,1,0,1,0.0,100.0
.e323119,1,0,1,0.0,100.0
.e323120,1,0,1,0.0,100.0
.e323121,1,0,1,0.0,100.0
.e323122,1,0,1,0.0,100.0
.e323123,1,0,1,0.0,100.0
.e323124,1,0,1,0.0,100.0
.e323125,1,0,1,0.0,100.0
.e323126,1,0,1,0.0,100.0
.e323127,1,0,1,0.0,100.0
.e323128,1,0,1,0.0,100.0
.e323129,1,0,1,0.0,100.0
.e323130,1,0,1,0.0,100.0
.e323131,1,0,1,0.0,100.0
.e323132,1,0,1,0.0,100.0
.e323133,1,0,1,0.0,100.0
.o323114,1,0,1,0.0,100.0
.o323115,1,0,1,0.0,100.0
.o323116,1,0,1,0.0,100.0
.o323117,1,0,1,0.0,100.0
.o323118,1,0,1,0.0,100.0
.o323119,1,0,1,0.0,100.0
.o323120,1,0,1,0.0,100.0
.o323121,1,0,1,0.0,100.0
.o323122,1,0,1,0.0,100.0
.o323123,1,0,1,0.0,100.0
.o323124,1,0,1,0.0,100.0
.o323125,1,0,1,0.0,100.0
.o323126,1,0,1,0.0,100.0
.o323127,1,0,1,0.0,100.0
.o323128,1,0,1,0.0,100.0
.o323129,1,0,1,0.0,100.0
.o323130,1,0,1,0.0,100.0
.o323131,1,0,1,0.0,100.0
.o323132,1,0,1,0.0,100.0
.o323133,1,0,1,0.0,100.0
.e323136,1,0,1,0.0,100.0
.e323137,1,0,1,0.0,100.0
.e323138,1,0,1,0.0,100.0
.e323139,1,0,1,0.0,100.0
.e323140,1,0,1,0.0,100.0
.e323141,1,0,1,0.0,100.0
.e323142,1,0,1,0.0,100.0
.e323143,1,0,1,0.0,100.0
.e323144,1,0,1,0.0,100.0
.e323145,1,0,1,0.0,100.0
.e323146,1,0,1,0.0,100.0
.e323147,1,0,1,0.0,100.0
.e323148,1,0,1,0.0,100.0
.e323149,1,0,1,0.0,100.0
.e323150,1,0,1,0.0,100.0
.e323151,1,0,1,0.0,100.0
.e323152,1,0,1,0.0,100.0
.e323153,1,0,1,0.0,100.0
.e323154,1,0,1,0.0,100.0
.e323155,1,0,1,0.0,100.0
.o323136,1,0,1,0.0,100.0
.o323137,1,0,1,0.0,100.0
.o323138,1,0,1,0.0,100.0
.o323139,1,0,1,0.0,100.0
.o323140,1,0,1,0.0,100.0
.o323141,1,0,1,0.0,100.0
.o323142,1,0,1,0.0,100.0
.o323143,1,0,1,0.0,100.0
.o323144,1,0,1,0.0,100.0
.o323145,1,0,1,0.0,100.0
.o323146,1,0,1,0.0,100.0
.o323147,1,0,1,0.0,100.0
.o323148,1,0,1,0.0,100.0
.o323149,1,0,1,0.0,100.0
.o323150,1,0,1,0.0,100.0
.o323151,1,0,1,0.0,100.0
.o323152,1,0,1,0.0,100.0
.o323153,1,0,1,0.0,100.0
.o323154,1,0,1,0.0,100.0
.o323155,1,0,1,0.0,100.0
.e323157,1,0,1,0.0,100.0
.e323158,1,0,1,0.0,100.0
.e323159,1,0,1,0.0,100.0
.e323160,1,0,1,0.0,100.0
.e323161,1,0,1,0.0,100.0
.e323162,1,0,1,0.0,100.0
.e323163,1,0,1,0.0,100.0
.e323164,1,0,1,0.0,100.0
.e323165,1,0,1,0.0,100.0
.e323166,1,0,1,0.0,100.0
.e323167,1,0,1,0.0,100.0
.e323168,1,0,1,0.0,100.0
.e323169,1,0,1,0.0,100.0
.e323170,1,0,1,0.0,100.0
.e323171,1,0,1,0.0,100.0
.e323172,1,0,1,0.0,100.0
.e323173,1,0,1,0.0,100.0
.e323174,1,0,1,0.0,100.0
.e323175,1,0,1,0.0,100.0
.e323176,1,0,1,0.0,100.0
.o323157,1,0,1,0.0,100.0
.o323158,1,0,1,0.0,100.0
.o323159,1,0,1,0.0,100.0
.o323160,1,0,1,0.0,100.0
.o323161,1,0,1,0.0,100.0
.o323162,1,0,1,0.0,100.0
.o323163,1,0,1,0.0,100.0
.o323164,1,0,1,0.0,100.0
.o323165,1,0,1,0.0,100.0
.o323166,1,0,1,0.0,100.0
.o323167,1,0,1,0.0,100.0
.o323168,1,0,1,0.0,100.0
.o323169,1,0,1,0.0,100.0
.o323170,1,0,1,0.0,100.0
.o323171,1,0,1,0.0,100.0
.o323172,1,0,1,0.0,100.0
.o323173,1,0,1,0.0,100.0
.o323174,1,0,1,0.0,100.0
.o323175,1,0,1,0.0,100.0
.o323176,1,0,1,0.0,100.0
.e323737,1,0,1,0.0,100.0
.e323738,1,0,1,0.0,100.0
.e323739,1,0,1,0.0,100.0
.e323740,1,0,1,0.0,100.0
.e323741,1,0,1,0.0,100.0
.e323742,1,0,1,0.0,100.0
.e323743,1,0,1,0.0,100.0
.e323744,1,0,1,0.0,100.0
.e323745,1,0,1,0.0,100.0
.e323746,1,0,1,0.0,100.0
.e323747,1,0,1,0.0,100.0
.e323748,1,0,1,0.0,100.0
.e323749,1,0,1,0.0,100.0
.e323750,1,0,1,0.0,100.0
.e323751,1,0,1,0.0,100.0
.e323752,1,0,1,0.0,100.0
.e323753,1,0,1,0.0,100.0
.e323754,1,0,1,0.0,100.0
.e323755,1,0,1,0.0,100.0
.e323756,1,0,1,0.0,100.0
.o323737,1,0,1,0.0,100.0
.o323738,1,0,1,0.0,100.0
.o323739,1,0,1,0.0,100.0
.o323740,1,0,1,0.0,100.0
.o323741,1,0,1,0.0,100.0
.o323742,1,0,1,0.0,100.0
.o323743,1,0,1,0.0,100.0
.o323744,1,0,1,0.0,100.0
.o323745,1,0,1,0.0,100.0
.o323746,1,0,1,0.0,100.0
.o323747,1,0,1,0.0,100.0
.o323748,1,0,1,0.0,100.0
.o323749,1,0,1,0.0,100.0
.o323750,1,0,1,0.0,100.0
.o323751,1,0,1,0.0,100.0
.o323752,1,0,1,0.0,100.0
.o323753,1,0,1,0.0,100.0
.o323754,1,0,1,0.0,100.0
.o323755,1,0,1,0.0,100.0
.o323756,1,0,1,0.0,100.0
.e323757,1,0,1,0.0,100.0
.e323758,1,0,1,0.0,100.0
.e323759,1,0,1,0.0,100.0
.e323760,1,0,1,0.0,100.0
.e323761,1,0,1,0.0,100.0
.e323762,1,0,1,0.0,100.0
.e323763,1,0,1,0.0,100.0
.e323764,1,0,1,0.0,100.0
.e323765,1,0,1,0.0,100.0
.e323766,1,0,1,0.0,100.0
.e323767,1,0,1,0.0,100.0
.e323768,1,0,1,0.0,100.0
.e323769,1,0,1,0.0,100.0
.e323770,1,0,1,0.0,100.0
.e323771,1,0,1,0.0,100.0
.e323772,1,0,1,0.0,100.0
.e323773,1,0,1,0.0,100.0
.e323774,1,0,1,0.0,100.0
.e323775,1,0,1,0.0,100.0
.e323776,1,0,1,0.0,100.0
.o323757,1,0,1,0.0,100.0
.o323758,1,0,1,0.0,100.0
.o323759,1,0,1,0.0,100.0
.o323760,1,0,1,0.0,100.0
.o323761,1,0,1,0.0,100.0
.o323762,1,0,1,0.0,100.0
.o323763,1,0,1,0.0,100.0
.o323764,1,0,1,0.0,100.0
.o323765,1,0,1,0.0,100.0
.o323766,1,0,1,0.0,100.0
.o323767,1,0,1,0.0,100.0
.o323768,1,0,1,0.0,100.0
.o323769,1,0,1,0.0,100.0
.o323770,1,0,1,0.0,100.0
.o323771,1,0,1,0.0,100.0
.o323772,1,0,1,0.0,100.0
.o323773,1,0,1,0.0,100.0
.o323774,1,0,1,0.0,100.0
.o323775,1,0,1,0.0,100.0
.o323776,1,0,1,0.0,100.0
.e323777,1,0,1,0.0,100.0
.e323778,1,0,1,0.0,100.0
.e323779,1,0,1,0.0,100.0
.e323780,1,0,1,0.0,100.0
.e323781,1,0,1,0.0,100.0
.e323782,1,0,1,0.0,100.0
.e323783,1,0,1,0.0,100.0
.e323784,1,0,1,0.0,100.0
.e323785,1,0,1,0.0,100.0
.e323786,1,0,1,0.0,100.0
.e323787,1,0,1,0.0,100.0
.e323788,1,0,1,0.0,100.0
.e323789,1,0,1,0.0,100.0
.e323790,1,0,1,0.0,100.0
.e323791,1,0,1,0.0,100.0
.e323792,1,0,1,0.0,100.0
.e323793,1,0,1,0.0,100.0
.e323794,1,0,1,0.0,100.0
.e323795,1,0,1,0.0,100.0
.e323796,1,0,1,0.0,100.0
.o323777,1,0,1,0.0,100.0
.o323778,1,0,1,0.0,100.0
.o323779,1,0,1,0.0,100.0
.o323780,1,0,1,0.0,100.0
.o323781,1,0,1,0.0,100.0
.o323782,1,0,1,0.0,100.0
.o323783,1,0,1,0.0,100.0
.o323784,1,0,1,0.0,100.0
.o323785,1,0,1,0.0,100.0
.o323786,1,0,1,0.0,100.0
.o323787,1,0,1,0.0,100.0
.o323788,1,0,1,0.0,100.0
.o323789,1,0,1,0.0,100.0
.o323790,1,0,1,0.0,100.0
.o323791,1,0,1,0.0,100.0
.o323792,1,0,1,0.0,100.0
.o323793,1,0,1,0.0,100.0
.o323794,1,0,1,0.0,100.0
.o323795,1,0,1,0.0,100.0
.o323796,1,0,1,0.0,100.0
.e321562,1,0,1,0.0,100.0
.e321563,1,0,1,0.0,100.0
.e321564,1,0,1,0.0,100.0
.e321565,1,0,1,0.0,100.0
.e321566,1,0,1,0.0,100.0
.e321567,1,0,1,0.0,100.0
.e321568,1,0,1,0.0,100.0
.e321569,1,0,1,0.0,100.0
.e321570,1,0,1,0.0,100.0
.e321571,1,0,1,0.0,100.0
.e321572,1,0,1,0.0,100.0
.e321573,1,0,1,0.0,100.0
.e321574,1,0,1,0.0,100.0
.e321575,1,0,1,0.0,100.0
.e321576,1,0,1,0.0,100.0
.e321577,1,0,1,0.0,100.0
.e321578,1,0,1,0.0,100.0
.e321579,1,0,1,0.0,100.0
.e321580,1,0,1,0.0,100.0
.e321581,1,0,1,0.0,100.0
.o321562,1,0,1,0.0,100.0
.o321563,1,0,1,0.0,100.0
.o321564,1,0,1,0.0,100.0
.o321565,1,0,1,0.0,100.0
.o321566,1,0,1,0.0,100.0
.o321567,1,0,1,0.0,100.0
.o321568,1,0,1,0.0,100.0
.o321569,1,0,1,0.0,100.0
.o321570,1,0,1,0.0,100.0
.o321571,1,0,1,0.0,100.0
.o321572,1,0,1,0.0,100.0
.o321573,1,0,1,0.0,100.0
.o321574,1,0,1,0.0,100.0
.o321575,1,0,1,0.0,100.0
.o321576,1,0,1,0.0,100.0
.o321577,1,0,1,0.0,100.0
.o321578,1,0,1,0.0,100.0
.o321579,1,0,1,0.0,100.0
.o321580,1,0,1,0.0,100.0
.o321581,1,0,1,0.0,100.0
.e321542,1,0,1,0.0,100.0
.e321543,1,0,1,0.0,100.0
.e321544,1,0,1,0.0,100.0
.e321545,1,0,1,0.0,100.0
.e321546,1,0,1,0.0,100.0
.e321547,1,0,1,0.0,100.0
.e321548,1,0,1,0.0,100.0
.e321549,1,0,1,0.0,100.0
.e321550,1,0,1,0.0,100.0
.e321551,1,0,1,0.0,100.0
.e321552,1,0,1,0.0,100.0
.e321553,1,0,1,0.0,100.0
.e321554,1,0,1,0.0,100.0
.e321555,1,0,1,0.0,100.0
.e321556,1,0,1,0.0,100.0
.e321557,1,0,1,0.0,100.0
.e321558,1,0,1,0.0,100.0
.e321559,1,0,1,0.0,100.0
.e321560,1,0,1,0.0,100.0
.e321561,1,0,1,0.0,100.0
.o321542,1,0,1,0.0,100.0
.o321543,1,0,1,0.0,100.0
.o321544,1,0,1,0.0,100.0
.o321545,1,0,1,0.0,100.0
.o321546,1,0,1,0.0,100.0
.o321547,1,0,1,0.0,100.0
.o321548,1,0,1,0.0,100.0
.o321549,1,0,1,0.0,100.0
.o321550,1,0,1,0.0,100.0
.o321551,1,0,1,0.0,100.0
.o321552,1,0,1,0.0,100.0
.o321553,1,0,1,0.0,100.0
.o321554,1,0,1,0.0,100.0
.o321555,1,0,1,0.0,100.0
.o321556,1,0,1,0.0,100.0
.o321557,1,0,1,0.0,100.0
.o321558,1,0,1,0.0,100.0
.o321559,1,0,1,0.0,100.0
.o321560,1,0,1,0.0,100.0
.o321561,1,0,1,0.0,100.0
.e321522,1,0,1,0.0,100.0
.e321523,1,0,1,0.0,100.0
.e321524,1,0,1,0.0,100.0
.e321525,1,0,1,0.0,100.0
.e321526,1,0,1,0.0,100.0
.e321527,1,0,1,0.0,100.0
.e321528,1,0,1,0.0,100.0
.e321529,1,0,1,0.0,100.0
.e321530,1,0,1,0.0,100.0
.e321531,1,0,1,0.0,100.0
.e321532,1,0,1,0.0,100.0
.e321533,1,0,1,0.0,100.0
.e321534,1,0,1,0.0,100.0
.e321535,1,0,1,0.0,100.0
.e321536,1,0,1,0.0,100.0
.e321537,1,0,1,0.0,100.0
.e321538,1,0,1,0.0,100.0
.e321539,1,0,1,0.0,100.0
.e321540,1,0,1,0.0,100.0
.e321541,1,0,1,0.0,100.0
.o321522,1,0,1,0.0,100.0
.o321523,1,0,1,0.0,100.0
.o321524,1,0,1,0.0,100.0
.o321525,1,0,1,0.0,100.0
.o321526,1,0,1,0.0,100.0
.o321527,1,0,1,0.0,100.0
.o321528,1,0,1,0.0,100.0
.o321529,1,0,1,0.0,100.0
.o321530,1,0,1,0.0,100.0
.o321531,1,0,1,0.0,100.0
.o321532,1,0,1,0.0,100.0
.o321533,1,0,1,0.0,100.0
.o321534,1,0,1,0.0,100.0
.o321535,1,0,1,0.0,100.0
.o321536,1,0,1,0.0,100.0
.o321537,1,0,1,0.0,100.0
.o321538,1,0,1,0.0,100.0
.o321539,1,0,1,0.0,100.0
.o321540,1,0,1,0.0,100.0
.o321541,1,0,1,0.0,100.0
.e321207,1,0,1,0.0,100.0
.e321208,1,0,1,0.0,100.0
.e321209,1,0,1,0.0,100.0
.e321210,1,0,1,0.0,100.0
.e321211,1,0,1,0.0,100.0
.e321212,1,0,1,0.0,100.0
.e321213,1,0,1,0.0,100.0
.e321214,1,0,1,0.0,100.0
.e321215,1,0,1,0.0,100.0
.e321216,1,0,1,0.0,100.0
.e321217,1,0,1,0.0,100.0
.e321218,1,0,1,0.0,100.0
.e321219,1,0,1,0.0,100.0
.e321220,1,0,1,0.0,100.0
.e321221,1,0,1,0.0,100.0
.e321222,1,0,1,0.0,100.0
.e321223,1,0,1,0.0,100.0
.e321224,1,0,1,0.0,100.0
.e321225,1,0,1,0.0,100.0
.e321226,1,0,1,0.0,100.0
.o321207,1,0,1,0.0,100.0
.o321208,1,0,1,0.0,100.0
.o321209,1,0,1,0.0,100.0
.o321210,1,0,1,0.0,100.0
.o321211,1,0,1,0.0,100.0
.o321212,1,0,1,0.0,100.0
.o321213,1,0,1,0.0,100.0
.o321214,1,0,1,0.0,100.0
.o321215,1,0,1,0.0,100.0
.o321216,1,0,1,0.0,100.0
.o321217,1,0,1,0.0,100.0
.o321218,1,0,1,0.0,100.0
.o321219,1,0,1,0.0,100.0
.o321220,1,0,1,0.0,100.0
.o321221,1,0,1,0.0,100.0
.o321222,1,0,1,0.0,100.0
.o321223,1,0,1,0.0,100.0
.o321224,1,0,1,0.0,100.0
.o321225,1,0,1,0.0,100.0
.o321226,1,0,1,0.0,100.0
.e321187,1,0,1,0.0,100.0
.e321188,1,0,1,0.0,100.0
.e321189,1,0,1,0.0,100.0
.e321190,1,0,1,0.0,100.0
.e321191,1,0,1,0.0,100.0
.e321192,1,0,1,0.0,100.0
.e321193,1,0,1,0.0,100.0
.e321194,1,0,1,0.0,100.0
.e321195,1,0,1,0.0,100.0
.e321196,1,0,1,0.0,100.0
.e321197,1,0,1,0.0,100.0
.e321198,1,0,1,0.0,100.0
.e321199,1,0,1,0.0,100.0
.e321200,1,0,1,0.0,100.0
.e321201,1,0,1,0.0,100.0
.e321202,1,0,1,0.0,100.0
.e321203,1,0,1,0.0,100.0
.e321204,1,0,1,0.0,100.0
.e321205,1,0,1,0.0,100.0
.e321206,1,0,1,0.0,100.0
.o321187,1,0,1,0.0,100.0
.o321188,1,0,1,0.0,100.0
.o321189,1,0,1,0.0,100.0
.o321190,1,0,1,0.0,100.0
.o321191,1,0,1,0.0,100.0
.o321192,1,0,1,0.0,100.0
.o321193,1,0,1,0.0,100.0
.o321194,1,0,1,0.0,100.0
.o321195,1,0,1,0.0,100.0
.o321196,1,0,1,0.0,100.0
.o321197,1,0,1,0.0,100.0
.o321198,1,0,1,0.0,100.0
.o321199,1,0,1,0.0,100.0
.o321200,1,0,1,0.0,100.0
.o321201,1,0,1,0.0,100.0
.o321202,1,0,1,0.0,100.0
.o321203,1,0,1,0.0,100.0
.o321204,1,0,1,0.0,100.0
.o321205,1,0,1,0.0,100.0
.o321206,1,0,1,0.0,100.0
.e321167,1,0,1,0.0,100.0
.e321168,1,0,1,0.0,100.0
.e321169,1,0,1,0.0,100.0
.e321170,1,0,1,0.0,100.0
.e321171,1,0,1,0.0,100.0
.e321172,1,0,1,0.0,100.0
.e321173,1,0,1,0.0,100.0
.e321174,1,0,1,0.0,100.0
.e321175,1,0,1,0.0,100.0
.e321176,1,0,1,0.0,100.0
.e321177,1,0,1,0.0,100.0
.e321178,1,0,1,0.0,100.0
.e321179,1,0,1,0.0,100.0
.e321180,1,0,1,0.0,100.0
.e321181,1,0,1,0.0,100.0
.e321182,1,0,1,0.0,100.0
.e321183,1,0,1,0.0,100.0
.e321184,1,0,1,0.0,100.0
.e321185,1,0,1,0.0,100.0
.e321186,1,0,1,0.0,100.0
.o321167,1,0,1,0.0,100.0
.o321168,1,0,1,0.0,100.0
.o321169,1,0,1,0.0,100.0
.o321170,1,0,1,0.0,100.0
.o321171,1,0,1,0.0,100.0
.o321172,1,0,1,0.0,100.0
.o321173,1,0,1,0.0,100.0
.o321174,1,0,1,0.0,100.0
.o321175,1,0,1,0.0,100.0
.o321176,1,0,1,0.0,100.0
.o321177,1,0,1,0.0,100.0
.o321178,1,0,1,0.0,100.0
.o321179,1,0,1,0.0,100.0
.o321180,1,0,1,0.0,100.0
.o321181,1,0,1,0.0,100.0
.o321182,1,0,1,0.0,100.0
.o321183,1,0,1,0.0,100.0
.o321184,1,0,1,0.0,100.0
.o321185,1,0,1,0.0,100.0
.o321186,1,0,1,0.0,100.0
.e321150,1,0,1,0.0,100.0
.o321150,1,0,1,0.0,100.0
.e322839,1,0,1,0.0,100.0
.e322840,1,0,1,0.0,100.0
.e322841,1,0,1,0.0,100.0
.e322842,1,0,1,0.0,100.0
.e322843,1,0,1,0.0,100.0
.e322844,1,0,1,0.0,100.0
.e322845,1,0,1,0.0,100.0
.e322846,1,0,1,0.0,100.0
.e322847,1,0,1,0.0,100.0
.e322848,1,0,1,0.0,100.0
.e322849,1,0,1,0.0,100.0
.e322850,1,0,1,0.0,100.0
.e322851,1,0,1,0.0,100.0
.e322852,1,0,1,0.0,100.0
.e322853,1,0,1,0.0,100.0
.e322854,1,0,1,0.0,100.0
.e322855,1,0,1,0.0,100.0
.e322856,1,0,1,0.0,100.0
.e322857,1,0,1,0.0,100.0
.e322858,1,0,1,0.0,100.0
.o322839,1,0,1,0.0,100.0
.o322840,1,0,1,0.0,100.0
.o322841,1,0,1,0.0,100.0
.o322842,1,0,1,0.0,100.0
.o322843,1,0,1,0.0,100.0
.o322844,1,0,1,0.0,100.0
.o322845,1,0,1,0.0,100.0
.o322846,1,0,1,0.0,100.0
.o322847,1,0,1,0.0,100.0
.o322848,1,0,1,0.0,100.0
.o322849,1,0,1,0.0,100.0
.o322850,1,0,1,0.0,100.0
.o322851,1,0,1,0.0,100.0
.o322852,1,0,1,0.0,100.0
.o322853,1,0,1,0.0,100.0
.o322854,1,0,1,0.0,100.0
.o322855,1,0,1,0.0,100.0
.o322856,1,0,1,0.0,100.0
.o322857,1,0,1,0.0,100.0
.o322858,1,0,1,0.0,100.0
.e322819,1,0,1,0.0,100.0
.e322820,1,0,1,0.0,100.0
.e322821,1,0,1,0.0,100.0
.e322822,1,0,1,0.0,100.0
.e322823,1,0,1,0.0,100.0
.e322824,1,0,1,0.0,100.0
.e322825,1,0,1,0.0,100.0
.e322826,1,0,1,0.0,100.0
.e322827,1,0,1,0.0,100.0
.e322828,1,0,1,0.0,100.0
.e322829,1,0,1,0.0,100.0
.e322830,1,0,1,0.0,100.0
.e322831,1,0,1,0.0,100.0
.e322832,1,0,1,0.0,100.0
.e322833,1,0,1,0.0,100.0
.e322834,1,0,1,0.0,100.0
.e322835,1,0,1,0.0,100.0
.e322836,1,0,1,0.0,100.0
.e322837,1,0,1,0.0,100.0
.e322838,1,0,1,0.0,100.0
.o322819,1,0,1,0.0,100.0
.o322820,1,0,1,0.0,100.0
.o322821,1,0,1,0.0,100.0
.o322822,1,0,1,0.0,100.0
.o322823,1,0,1,0.0,100.0
.o322824,1,0,1,0.0,100.0
.o322825,1,0,1,0.0,100.0
.o322826,1,0,1,0.0,100.0
.o322827,1,0,1,0.0,100.0
.o322828,1,0,1,0.0,100.0
.o322829,1,0,1,0.0,100.0
.o322830,1,0,1,0.0,100.0
.o322831,1,0,1,0.0,100.0
.o322832,1,0,1,0.0,100.0
.o322833,1,0,1,0.0,100.0
.o322834,1,0,1,0.0,100.0
.o322835,1,0,1,0.0,100.0
.o322836,1,0,1,0.0,100.0
.o322837,1,0,1,0.0,100.0
.o322838,1,0,1,0.0,100.0
.e322799,1,0,1,0.0,100.0
.e322800,1,0,1,0.0,100.0
.e322801,1,0,1,0.0,100.0
.e322802,1,0,1,0.0,100.0
.e322803,1,0,1,0.0,100.0
.e322804,1,0,1,0.0,100.0
.e322805,1,0,1,0.0,100.0
.e322806,1,0,1,0.0,100.0
.e322807,1,0,1,0.0,100.0
.e322808,1,0,1,0.0,100.0
.e322809,1,0,1,0.0,100.0
.e322810,1,0,1,0.0,100.0
.e322811,1,0,1,0.0,100.0
.e322812,1,0,1,0.0,100.0
.e322813,1,0,1,0.0,100.0
.e322814,1,0,1,0.0,100.0
.e322815,1,0,1,0.0,100.0
.e322816,1,0,1,0.0,100.0
.e322817,1,0,1,0.0,100.0
.e322818,1,0,1,0.0,100.0
.o322799,1,0,1,0.0,100.0
.o322800,1,0,1,0.0,100.0
.o322801,1,0,1,0.0,100.0
.o322802,1,0,1,0.0,100.0
.o322803,1,0,1,0.0,100.0
.o322804,1,0,1,0.0,100.0
.o322805,1,0,1,0.0,100.0
.o322806,1,0,1,0.0,100.0
.o322807,1,0,1,0.0,100.0
.o322808,1,0,1,0.0,100.0
.o322809,1,0,1,0.0,100.0
.o322810,1,0,1,0.0,100.0
.o322811,1,0,1,0.0,100.0
.o322812,1,0,1,0.0,100.0
.o322813,1,0,1,0.0,100.0
.o322814,1,0,1,0.0,100.0
.o322815,1,0,1,0.0,100.0
.o322816,1,0,1,0.0,100.0
.o322817,1,0,1,0.0,100.0
.o322818,1,0,1,0.0,100.0
.e322739,1,0,1,0.0,100.0
.e322740,1,0,1,0.0,100.0
.e322741,1,0,1,0.0,100.0
.e322742,1,0,1,0.0,100.0
.e322743,1,0,1,0.0,100.0
.e322744,1,0,1,0.0,100.0
.e322745,1,0,1,0.0,100.0
.e322746,1,0,1,0.0,100.0
.e322747,1,0,1,0.0,100.0
.e322748,1,0,1,0.0,100.0
.e322749,1,0,1,0.0,100.0
.e322750,1,0,1,0.0,100.0
.e322751,1,0,1,0.0,100.0
.e322752,1,0,1,0.0,100.0
.e322753,1,0,1,0.0,100.0
.e322754,1,0,1,0.0,100.0
.e322755,1,0,1,0.0,100.0
.e322756,1,0,1,0.0,100.0
.e322757,1,0,1,0.0,100.0
.e322758,1,0,1,0.0,100.0
.o322739,1,0,1,0.0,100.0
.o322740,1,0,1,0.0,100.0
.o322741,1,0,1,0.0,100.0
.o322742,1,0,1,0.0,100.0
.o322743,1,0,1,0.0,100.0
.o322744,1,0,1,0.0,100.0
.o322745,1,0,1,0.0,100.0
.o322746,1,0,1,0.0,100.0
.o322747,1,0,1,0.0,100.0
.o322748,1,0,1,0.0,100.0
.o322749,1,0,1,0.0,100.0
.o322750,1,0,1,0.0,100.0
.o322751,1,0,1,0.0,100.0
.o322752,1,0,1,0.0,100.0
.o322753,1,0,1,0.0,100.0
.o322754,1,0,1,0.0,100.0
.o322755,1,0,1,0.0,100.0
.o322756,1,0,1,0.0,100.0
.o322757,1,0,1,0.0,100.0
.o322758,1,0,1,0.0,100.0
.e322759,1,0,1,0.0,100.0
.e322760,1,0,1,0.0,100.0
.e322761,1,0,1,0.0,100.0
.e322762,1,0,1,0.0,100.0
.e322763,1,0,1,0.0,100.0
.e322764,1,0,1,0.0,100.0
.e322765,1,0,1,0.0,100.0
.e322766,1,0,1,0.0,100.0
.e322767,1,0,1,0.0,100.0
.e322768,1,0,1,0.0,100.0
.e322769,1,0,1,0.0,100.0
.e322770,1,0,1,0.0,100.0
.e322771,1,0,1,0.0,100.0
.e322772,1,0,1,0.0,100.0
.e322773,1,0,1,0.0,100.0
.e322774,1,0,1,0.0,100.0
.e322775,1,0,1,0.0,100.0
.e322776,1,0,1,0.0,100.0
.e322777,1,0,1,0.0,100.0
.e322778,1,0,1,0.0,100.0
.o322759,1,0,1,0.0,100.0
.o322760,1,0,1,0.0,100.0
.o322761,1,0,1,0.0,100.0
.o322762,1,0,1,0.0,100.0
.o322763,1,0,1,0.0,100.0
.o322764,1,0,1,0.0,100.0
.o322765,1,0,1,0.0,100.0
.o322766,1,0,1,0.0,100.0
.o322767,1,0,1,0.0,100.0
.o322768,1,0,1,0.0,100.0
.o322769,1,0,1,0.0,100.0
.o322770,1,0,1,0.0,100.0
.o322771,1,0,1,0.0,100.0
.o322772,1,0,1,0.0,100.0
.o322773,1,0,1,0.0,100.0
.o322774,1,0,1,0.0,100.0
.o322775,1,0,1,0.0,100.0
.o322776,1,0,1,0.0,100.0
.o322777,1,0,1,0.0,100.0
.o322778,1,0,1,0.0,100.0
.e322779,1,0,1,0.0,100.0
.e322780,1,0,1,0.0,100.0
.e322781,1,0,1,0.0,100.0
.e322782,1,0,1,0.0,100.0
.e322783,1,0,1,0.0,100.0
.e322784,1,0,1,0.0,100.0
.e322785,1,0,1,0.0,100.0
.e322786,1,0,1,0.0,100.0
.e322787,1,0,1,0.0,100.0
.e322788,1,0,1,0.0,100.0
.e322789,1,0,1,0.0,100.0
.e322790,1,0,1,0.0,100.0
.e322791,1,0,1,0.0,100.0
.e322792,1,0,1,0.0,100.0
.e322793,1,0,1,0.0,100.0
.e322794,1,0,1,0.0,100.0
.e322795,1,0,1,0.0,100.0
.e322796,1,0,1,0.0,100.0
.e322797,1,0,1,0.0,100.0
.e322798,1,0,1,0.0,100.0
.o322779,1,0,1,0.0,100.0
.o322780,1,0,1,0.0,100.0
.o322781,1,0,1,0.0,100.0
.o322782,1,0,1,0.0,100.0
.o322783,1,0,1,0.0,100.0
.o322784,1,0,1,0.0,100.0
.o322785,1,0,1,0.0,100.0
.o322786,1,0,1,0.0,100.0
.o322787,1,0,1,0.0,100.0
.o322788,1,0,1,0.0,100.0
.o322789,1,0,1,0.0,100.0
.o322790,1,0,1,0.0,100.0
.o322791,1,0,1,0.0,100.0
.o322792,1,0,1,0.0,100.0
.o322793,1,0,1,0.0,100.0
.o322794,1,0,1,0.0,100.0
.o322795,1,0,1,0.0,100.0
.o322796,1,0,1,0.0,100.0
.o322797,1,0,1,0.0,100.0
.o322798,1,0,1,0.0,100.0
.e323320,1,0,1,0.0,100.0
.e323321,1,0,1,0.0,100.0
.e323322,1,0,1,0.0,100.0
.e323323,1,0,1,0.0,100.0
.e323324,1,0,1,0.0,100.0
.e323325,1,0,1,0.0,100.0
.e323326,1,0,1,0.0,100.0
.e323327,1,0,1,0.0,100.0
.e323328,1,0,1,0.0,100.0
.e323329,1,0,1,0.0,100.0
.e323330,1,0,1,0.0,100.0
.e323331,1,0,1,0.0,100.0
.e323332,1,0,1,0.0,100.0
.e323333,1,0,1,0.0,100.0
.e323334,1,0,1,0.0,100.0
.e323335,1,0,1,0.0,100.0
.e323336,1,0,1,0.0,100.0
.e323337,1,0,1,0.0,100.0
.e323338,1,0,1,0.0,100.0
.e323339,1,0,1,0.0,100.0
.o323320,1,0,1,0.0,100.0
.o323321,1,0,1,0.0,100.0
.o323322,1,0,1,0.0,100.0
.o323323,1,0,1,0.0,100.0
.o323324,1,0,1,0.0,100.0
.o323325,1,0,1,0.0,100.0
.o323326,1,0,1,0.0,100.0
.o323327,1,0,1,0.0,100.0
.o323328,1,0,1,0.0,100.0
.o323329,1,0,1,0.0,100.0
.o323330,1,0,1,0.0,100.0
.o323331,1,0,1,0.0,100.0
.o323332,1,0,1,0.0,100.0
.o323333,1,0,1,0.0,100.0
.o323334,1,0,1,0.0,100.0
.o323335,1,0,1,0.0,100.0
.o323336,1,0,1,0.0,100.0
.o323337,1,0,1,0.0,100.0
.o323338,1,0,1,0.0,100.0
.o323339,1,0,1,0.0,100.0
.e323200,1,0,1,0.0,100.0
.e323201,1,0,1,0.0,100.0
.e323202,1,0,1,0.0,100.0
.e323203,1,0,1,0.0,100.0
.e323204,1,0,1,0.0,100.0
.e323205,1,0,1,0.0,100.0
.e323206,1,0,1,0.0,100.0
.e323207,1,0,1,0.0,100.0
.e323208,1,0,1,0.0,100.0
.e323209,1,0,1,0.0,100.0
.e323210,1,0,1,0.0,100.0
.e323212,1,0,1,0.0,100.0
.e323213,1,0,1,0.0,100.0
.e323214,1,0,1,0.0,100.0
.e323215,1,0,1,0.0,100.0
.e323216,1,0,1,0.0,100.0
.e323217,1,0,1,0.0,100.0
.e323218,1,0,1,0.0,100.0
.e323219,1,0,1,0.0,100.0
.e323220,1,0,1,0.0,100.0
.o323200,1,0,1,0.0,100.0
.o323201,1,0,1,0.0,100.0
.o323202,1,0,1,0.0,100.0
.o323203,1,0,1,0.0,100.0
.o323204,1,0,1,0.0,100.0
.o323205,1,0,1,0.0,100.0
.o323206,1,0,1,0.0,100.0
.o323207,1,0,1,0.0,100.0
.o323208,1,0,1,0.0,100.0
.o323209,1,0,1,0.0,100.0
.o323210,1,0,1,0.0,100.0
.o323212,1,0,1,0.0,100.0
.o323213,1,0,1,0.0,100.0
.o323214,1,0,1,0.0,100.0
.o323215,1,0,1,0.0,100.0
.o323216,1,0,1,0.0,100.0
.o323217,1,0,1,0.0,100.0
.o323218,1,0,1,0.0,100.0
.o323219,1,0,1,0.0,100.0
.o323220,1,0,1,0.0,100.0
.e323178,1,0,1,0.0,100.0
.e323179,1,0,1,0.0,100.0
.e323180,1,0,1,0.0,100.0
.e323181,1,0,1,0.0,100.0
.e323182,1,0,1,0.0,100.0
.e323183,1,0,1,0.0,100.0
.e323184,1,0,1,0.0,100.0
.e323185,1,0,1,0.0,100.0
.e323186,1,0,1,0.0,100.0
.e323187,1,0,1,0.0,100.0
.e323188,1,0,1,0.0,100.0
.e323189,1,0,1,0.0,100.0
.e323190,1,0,1,0.0,100.0
.e323191,1,0,1,0.0,100.0
.e323192,1,0,1,0.0,100.0
.e323193,1,0,1,0.0,100.0
.e323194,1,0,1,0.0,100.0
.e323195,1,0,1,0.0,100.0
.e323196,1,0,1,0.0,100.0
.e323197,1,0,1,0.0,100.0
.o323178,1,0,1,0.0,100.0
.o323179,1,0,1,0.0,100.0
.o323180,1,0,1,0.0,100.0
.o323181,1,0,1,0.0,100.0
.o323182,1,0,1,0.0,100.0
.o323183,1,0,1,0.0,100.0
.o323184,1,0,1,0.0,100.0
.o323185,1,0,1,0.0,100.0
.o323186,1,0,1,0.0,100.0
.o323187,1,0,1,0.0,100.0
.o323188,1,0,1,0.0,100.0
.o323189,1,0,1,0.0,100.0
.o323190,1,0,1,0.0,100.0
.o323191,1,0,1,0.0,100.0
.o323192,1,0,1,0.0,100.0
.o323193,1,0,1,0.0,100.0
.o323194,1,0,1,0.0,100.0
.o323195,1,0,1,0.0,100.0
.o323196,1,0,1,0.0,100.0
.o323197,1,0,1,0.0,100.0
.e323797,1,0,1,0.0,100.0
.e323798,1,0,1,0.0,100.0
.e323799,1,0,1,0.0,100.0
.e323800,1,0,1,0.0,100.0
.e323801,1,0,1,0.0,100.0
.e323802,1,0,1,0.0,100.0
.e323803,1,0,1,0.0,100.0
.e323804,1,0,1,0.0,100.0
.e323805,1,0,1,0.0,100.0
.e323806,1,0,1,0.0,100.0
.e323807,1,0,1,0.0,100.0
.e323808,1,0,1,0.0,100.0
.e323809,1,0,1,0.0,100.0
.e323810,1,0,1,0.0,100.0
.e323811,1,0,1,0.0,100.0
.e323812,1,0,1,0.0,100.0
.e323813,1,0,1,0.0,100.0
.e323814,1,0,1,0.0,100.0
.e323815,1,0,1,0.0,100.0
.e323816,1,0,1,0.0,100.0
.o323797,1,0,1,0.0,100.0
.o323798,1,0,1,0.0,100.0
.o323799,1,0,1,0.0,100.0
.o323800,1,0,1,0.0,100.0
.o323801,1,0,1,0.0,100.0
.o323802,1,0,1,0.0,100.0
.o323803,1,0,1,0.0,100.0
.o323804,1,0,1,0.0,100.0
.o323805,1,0,1,0.0,100.0
.o323806,1,0,1,0.0,100.0
.o323807,1,0,1,0.0,100.0
.o323808,1,0,1,0.0,100.0
.o323809,1,0,1,0.0,100.0
.o323810,1,0,1,0.0,100.0
.o323811,1,0,1,0.0,100.0
.o323812,1,0,1,0.0,100.0
.o323813,1,0,1,0.0,100.0
.o323814,1,0,1,0.0,100.0
.o323815,1,0,1,0.0,100.0
.o323816,1,0,1,0.0,100.0
.e323817,1,0,1,0.0,100.0
.e323818,1,0,1,0.0,100.0
.e323819,1,0,1,0.0,100.0
.e323820,1,0,1,0.0,100.0
.e323821,1,0,1,0.0,100.0
.e323822,1,0,1,0.0,100.0
.e323823,1,0,1,0.0,100.0
.e323824,1,0,1,0.0,100.0
.e323825,1,0,1,0.0,100.0
.e323826,1,0,1,0.0,100.0
.e323827,1,0,1,0.0,100.0
.e323828,1,0,1,0.0,100.0
.e323829,1,0,1,0.0,100.0
.e323830,1,0,1,0.0,100.0
.e323831,1,0,1,0.0,100.0
.e323832,1,0,1,0.0,100.0
.e323833,1,0,1,0.0,100.0
.e323834,1,0,1,0.0,100.0
.e323835,1,0,1,0.0,100.0
.e323836,1,0,1,0.0,100.0
.o323817,1,0,1,0.0,100.0
.o323818,1,0,1,0.0,100.0
.o323819,1,0,1,0.0,100.0
.o323820,1,0,1,0.0,100.0
.o323821,1,0,1,0.0,100.0
.o323822,1,0,1,0.0,100.0
.o323823,1,0,1,0.0,100.0
.o323824,1,0,1,0.0,100.0
.o323825,1,0,1,0.0,100.0
.o323826,1,0,1,0.0,100.0
.o323827,1,0,1,0.0,100.0
.o323828,1,0,1,0.0,100.0
.o323829,1,0,1,0.0,100.0
.o323830,1,0,1,0.0,100.0
.o323831,1,0,1,0.0,100.0
.o323832,1,0,1,0.0,100.0
.o323833,1,0,1,0.0,100.0
.o323834,1,0,1,0.0,100.0
.o323835,1,0,1,0.0,100.0
.o323836,1,0,1,0.0,100.0
.e321622,1,0,1,0.0,100.0
.e321623,1,0,1,0.0,100.0
.e321624,1,0,1,0.0,100.0
.e321625,1,0,1,0.0,100.0
.e321626,1,0,1,0.0,100.0
.e321627,1,0,1,0.0,100.0
.e321628,1,0,1,0.0,100.0
.e321629,1,0,1,0.0,100.0
.e321630,1,0,1,0.0,100.0
.e321631,1,0,1,0.0,100.0
.e321632,1,0,1,0.0,100.0
.e321633,1,0,1,0.0,100.0
.e321634,1,0,1,0.0,100.0
.e321635,1,0,1,0.0,100.0
.e321636,1,0,1,0.0,100.0
.e321637,1,0,1,0.0,100.0
.e321638,1,0,1,0.0,100.0
.e321639,1,0,1,0.0,100.0
.e321640,1,0,1,0.0,100.0
.e321641,1,0,1,0.0,100.0
.o321622,1,0,1,0.0,100.0
.o321623,1,0,1,0.0,100.0
.o321624,1,0,1,0.0,100.0
.o321625,1,0,1,0.0,100.0
.o321626,1,0,1,0.0,100.0
.o321627,1,0,1,0.0,100.0
.o321628,1,0,1,0.0,100.0
.o321629,1,0,1,0.0,100.0
.o321630,1,0,1,0.0,100.0
.o321631,1,0,1,0.0,100.0
.o321632,1,0,1,0.0,100.0
.o321633,1,0,1,0.0,100.0
.o321634,1,0,1,0.0,100.0
.o321635,1,0,1,0.0,100.0
.o321636,1,0,1,0.0,100.0
.o321637,1,0,1,0.0,100.0
.o321638,1,0,1,0.0,100.0
.o321639,1,0,1,0.0,100.0
.o321640,1,0,1,0.0,100.0
.o321641,1,0,1,0.0,100.0
.e326633,1,0,1,0.0,100.0
.e326634,1,0,1,0.0,100.0
.e326635,1,0,1,0.0,100.0
.e326636,1,0,1,0.0,100.0
.e326637,1,0,1,0.0,100.0
.e326638,1,0,1,0.0,100.0
.e326639,1,0,1,0.0,100.0
.e326640,1,0,1,0.0,100.0
.e326641,1,0,1,0.0,100.0
.e326642,1,0,1,0.0,100.0
.e326643,1,0,1,0.0,100.0
.e326644,1,0,1,0.0,100.0
.e326645,1,0,1,0.0,100.0
.e326646,1,0,1,0.0,100.0
.e326647,1,0,1,0.0,100.0
.e326648,1,0,1,0.0,100.0
.e326649,1,0,1,0.0,100.0
.e326650,1,0,1,0.0,100.0
.e326651,1,0,1,0.0,100.0
.e326652,1,0,1,0.0,100.0
.o326633,1,0,1,0.0,100.0
.o326634,1,0,1,0.0,100.0
.o326635,1,0,1,0.0,100.0
.o326636,1,0,1,0.0,100.0
.o326637,1,0,1,0.0,100.0
.o326638,1,0,1,0.0,100.0
.o326639,1,0,1,0.0,100.0
.o326640,1,0,1,0.0,100.0
.o326641,1,0,1,0.0,100.0
.o326642,1,0,1,0.0,100.0
.o326643,1,0,1,0.0,100.0
.o326644,1,0,1,0.0,100.0
.o326645,1,0,1,0.0,100.0
.o326646,1,0,1,0.0,100.0
.o326647,1,0,1,0.0,100.0
.o326648,1,0,1,0.0,100.0
.o326649,1,0,1,0.0,100.0
.o326650,1,0,1,0.0,100.0
.o326651,1,0,1,0.0,100.0
.o326652,1,0,1,0.0,100.0
.e321582,1,0,1,0.0,100.0
.e321583,1,0,1,0.0,100.0
.e321584,1,0,1,0.0,100.0
.e321585,1,0,1,0.0,100.0
.e321586,1,0,1,0.0,100.0
.e321587,1,0,1,0.0,100.0
.e321588,1,0,1,0.0,100.0
.e321589,1,0,1,0.0,100.0
.e321590,1,0,1,0.0,100.0
.e321591,1,0,1,0.0,100.0
.e321592,1,0,1,0.0,100.0
.e321593,1,0,1,0.0,100.0
.e321594,1,0,1,0.0,100.0
.e321595,1,0,1,0.0,100.0
.e321596,1,0,1,0.0,100.0
.e321597,1,0,1,0.0,100.0
.e321598,1,0,1,0.0,100.0
.e321599,1,0,1,0.0,100.0
.e321600,1,0,1,0.0,100.0
.e321601,1,0,1,0.0,100.0
.o321582,1,0,1,0.0,100.0
.o321583,1,0,1,0.0,100.0
.o321584,1,0,1,0.0,100.0
.o321585,1,0,1,0.0,100.0
.o321586,1,0,1,0.0,100.0
.o321587,1,0,1,0.0,100.0
.o321588,1,0,1,0.0,100.0
.o321589,1,0,1,0.0,100.0
.o321590,1,0,1,0.0,100.0
.o321591,1,0,1,0.0,100.0
.o321592,1,0,1,0.0,100.0
.o321593,1,0,1,0.0,100.0
.o321594,1,0,1,0.0,100.0
.o321595,1,0,1,0.0,100.0
.o321596,1,0,1,0.0,100.0
.o321597,1,0,1,0.0,100.0
.o321598,1,0,1,0.0,100.0
.o321599,1,0,1,0.0,100.0
.o321600,1,0,1,0.0,100.0
.o321601,1,0,1,0.0,100.0
.e321602,1,0,1,0.0,100.0
.e321603,1,0,1,0.0,100.0
.e321604,1,0,1,0.0,100.0
.e321605,1,0,1,0.0,100.0
.e321606,1,0,1,0.0,100.0
.e321607,1,0,1,0.0,100.0
.e321608,1,0,1,0.0,100.0
.e321609,1,0,1,0.0,100.0
.e321610,1,0,1,0.0,100.0
.e321611,1,0,1,0.0,100.0
.e321612,1,0,1,0.0,100.0
.e321613,1,0,1,0.0,100.0
.e321614,1,0,1,0.0,100.0
.e321615,1,0,1,0.0,100.0
.e321616,1,0,1,0.0,100.0
.e321617,1,0,1,0.0,100.0
.e321618,1,0,1,0.0,100.0
.e321619,1,0,1,0.0,100.0
.e321620,1,0,1,0.0,100.0
.e321621,1,0,1,0.0,100.0
.o321602,1,0,1,0.0,100.0
.o321603,1,0,1,0.0,100.0
.o321604,1,0,1,0.0,100.0
.o321605,1,0,1,0.0,100.0
.o321606,1,0,1,0.0,100.0
.o321607,1,0,1,0.0,100.0
.o321608,1,0,1,0.0,100.0
.o321609,1,0,1,0.0,100.0
.o321610,1,0,1,0.0,100.0
.o321611,1,0,1,0.0,100.0
.o321612,1,0,1,0.0,100.0
.o321613,1,0,1,0.0,100.0
.o321614,1,0,1,0.0,100.0
.o321615,1,0,1,0.0,100.0
.o321616,1,0,1,0.0,100.0
.o321617,1,0,1,0.0,100.0
.o321618,1,0,1,0.0,100.0
.o321619,1,0,1,0.0,100.0
.o321620,1,0,1,0.0,100.0
.o321621,1,0,1,0.0,100.0
.e321314,1,0,1,0.0,100.0
.e321315,1,0,1,0.0,100.0
.e321316,1,0,1,0.0,100.0
.e321317,1,0,1,0.0,100.0
.e321318,1,0,1,0.0,100.0
.e321319,1,0,1,0.0,100.0
.e321320,1,0,1,0.0,100.0
.e321321,1,0,1,0.0,100.0
.e321322,1,0,1,0.0,100.0
.e321323,1,0,1,0.0,100.0
.e321514,1,0,1,0.0,100.0
.e326376,1,0,1,0.0,100.0
.e326377,1,0,1,0.0,100.0
.e326378,1,0,1,0.0,100.0
.e326379,1,0,1,0.0,100.0
.e326380,1,0,1,0.0,100.0
.e326381,1,0,1,0.0,100.0
.e326382,1,0,1,0.0,100.0
.e326383,1,0,1,0.0,100.0
.e326384,1,0,1,0.0,100.0
.e326385,1,0,1,0.0,100.0
.o321314,1,0,1,0.0,100.0
.o321315,1,0,1,0.0,100.0
.o321316,1,0,1,0.0,100.0
.o321317,1,0,1,0.0,100.0
.o321318,1,0,1,0.0,100.0
.o321319,1,0,1,0.0,100.0
.o321320,1,0,1,0.0,100.0
.o321321,1,0,1,0.0,100.0
.o321322,1,0,1,0.0,100.0
.o321323,1,0,1,0.0,100.0
.o321514,1,0,1,0.0,100.0
.o326376,1,0,1,0.0,100.0
.o326377,1,0,1,0.0,100.0
.o326378,1,0,1,0.0,100.0
.o326379,1,0,1,0.0,100.0
.o326380,1,0,1,0.0,100.0
.o326381,1,0,1,0.0,100.0
.o326382,1,0,1,0.0,100.0
.o326383,1,0,1,0.0,100.0
.o326384,1,0,1,0.0,100.0
.o326385,1,0,1,0.0,100.0
.e321283,1,0,1,0.0,100.0
.e321284,1,0,1,0.0,100.0
.e321285,1,0,1,0.0,100.0
.e321286,1,0,1,0.0,100.0
.e321287,1,0,1,0.0,100.0
.e321288,1,0,1,0.0,100.0
.e321289,1,0,1,0.0,100.0
.e321290,1,0,1,0.0,100.0
.e321291,1,0,1,0.0,100.0
.e321292,1,0,1,0.0,100.0
.e326386,1,0,1,0.0,100.0
.e326387,1,0,1,0.0,100.0
.e326388,1,0,1,0.0,100.0
.e326389,1,0,1,0.0,100.0
.e326390,1,0,1,0.0,100.0
.e326391,1,0,1,0.0,100.0
.e326392,1,0,1,0.0,100.0
.e326393,1,0,1,0.0,100.0
.e326394,1,0,1,0.0,100.0
.e326395,1,0,1,0.0,100.0
.o321283,1,0,1,0.0,100.0
.o321284,1,0,1,0.0,100.0
.o321285,1,0,1,0.0,100.0
.o321286,1,0,1,0.0,100.0
.o321287,1,0,1,0.0,100.0
.o321288,1,0,1,0.0,100.0
.o321289,1,0,1,0.0,100.0
.o321290,1,0,1,0.0,100.0
.o321291,1,0,1,0.0,100.0
.o321292,1,0,1,0.0,100.0
.o326386,1,0,1,0.0,100.0
.o326387,1,0,1,0.0,100.0
.o326388,1,0,1,0.0,100.0
.o326389,1,0,1,0.0,100.0
.o326390,1,0,1,0.0,100.0
.o326391,1,0,1,0.0,100.0
.o326392,1,0,1,0.0,100.0
.o326393,1,0,1,0.0,100.0
.o326394,1,0,1,0.0,100.0
.o326395,1,0,1,0.0,100.0
.e321293,1,0,1,0.0,100.0
.e321294,1,0,1,0.0,100.0
.e321295,1,0,1,0.0,100.0
.e321296,1,0,1,0.0,100.0
.e321297,1,0,1,0.0,100.0
.e321298,1,0,1,0.0,100.0
.e321299,1,0,1,0.0,100.0
.e321300,1,0,1,0.0,100.0
.e321301,1,0,1,0.0,100.0
.e321302,1,0,1,0.0,100.0
.e321303,1,0,1,0.0,100.0
.e321304,1,0,1,0.0,100.0
.e321306,1,0,1,0.0,100.0
.e321307,1,0,1,0.0,100.0
.e321308,1,0,1,0.0,100.0
.e321309,1,0,1,0.0,100.0
.e321310,1,0,1,0.0,100.0
.e321311,1,0,1,0.0,100.0
.e321312,1,0,1,0.0,100.0
.e321313,1,0,1,0.0,100.0
.o321293,1,0,1,0.0,100.0
.o321294,1,0,1,0.0,100.0
.o321295,1,0,1,0.0,100.0
.o321296,1,0,1,0.0,100.0
.o321297,1,0,1,0.0,100.0
.o321298,1,0,1,0.0,100.0
.o321299,1,0,1,0.0,100.0
.o321300,1,0,1,0.0,100.0
.o321301,1,0,1,0.0,100.0
.o321302,1,0,1,0.0,100.0
.o321303,1,0,1,0.0,100.0
.o321304,1,0,1,0.0,100.0
.o321306,1,0,1,0.0,100.0
.o321307,1,0,1,0.0,100.0
.o321308,1,0,1,0.0,100.0
.o321309,1,0,1,0.0,100.0
.o321310,1,0,1,0.0,100.0
.o321311,1,0,1,0.0,100.0
.o321312,1,0,1,0.0,100.0
.o321313,1,0,1,0.0,100.0
.e322994,1,0,1,0.0,100.0
.e322995,1,0,1,0.0,100.0
.e322996,1,0,1,0.0,100.0
.e322997,1,0,1,0.0,100.0
.e322998,1,0,1,0.0,100.0
.e322999,1,0,1,0.0,100.0
.e323000,1,0,1,0.0,100.0
.e323001,1,0,1,0.0,100.0
.e323002,1,0,1,0.0,100.0
.e323003,1,0,1,0.0,100.0
.e323004,1,0,1,0.0,100.0
.e323005,1,0,1,0.0,100.0
.e323006,1,0,1,0.0,100.0
.e323007,1,0,1,0.0,100.0
.e323008,1,0,1,0.0,100.0
.e323009,1,0,1,0.0,100.0
.e323010,1,0,1,0.0,100.0
.e323011,1,0,1,0.0,100.0
.e323012,1,0,1,0.0,100.0
.e323013,1,0,1,0.0,100.0
.o322994,1,0,1,0.0,100.0
.o322995,1,0,1,0.0,100.0
.o322996,1,0,1,0.0,100.0
.o322997,1,0,1,0.0,100.0
.o322998,1,0,1,0.0,100.0
.o322999,1,0,1,0.0,100.0
.o323000,1,0,1,0.0,100.0
.o323001,1,0,1,0.0,100.0
.o323002,1,0,1,0.0,100.0
.o323003,1,0,1,0.0,100.0
.o323004,1,0,1,0.0,100.0
.o323005,1,0,1,0.0,100.0
.o323006,1,0,1,0.0,100.0
.o323007,1,0,1,0.0,100.0
.o323008,1,0,1,0.0,100.0
.o323009,1,0,1,0.0,100.0
.o323010,1,0,1,0.0,100.0
.o323011,1,0,1,0.0,100.0
.o323012,1,0,1,0.0,100.0
.o323013,1,0,1,0.0,100.0
.e323034,1,0,1,0.0,100.0
.e323035,1,0,1,0.0,100.0
.e323036,1,0,1,0.0,100.0
.e323037,1,0,1,0.0,100.0
.e323038,1,0,1,0.0,100.0
.e323039,1,0,1,0.0,100.0
.e323040,1,0,1,0.0,100.0
.e323041,1,0,1,0.0,100.0
.e323042,1,0,1,0.0,100.0
.e323043,1,0,1,0.0,100.0
.e323044,1,0,1,0.0,100.0
.e323045,1,0,1,0.0,100.0
.e323046,1,0,1,0.0,100.0
.e323047,1,0,1,0.0,100.0
.e323048,1,0,1,0.0,100.0
.e323049,1,0,1,0.0,100.0
.e323050,1,0,1,0.0,100.0
.e323051,1,0,1,0.0,100.0
.e323052,1,0,1,0.0,100.0
.e323053,1,0,1,0.0,100.0
.o323034,1,0,1,0.0,100.0
.o323035,1,0,1,0.0,100.0
.o323036,1,0,1,0.0,100.0
.o323037,1,0,1,0.0,100.0
.o323038,1,0,1,0.0,100.0
.o323039,1,0,1,0.0,100.0
.o323040,1,0,1,0.0,100.0
.o323041,1,0,1,0.0,100.0
.o323042,1,0,1,0.0,100.0
.o323043,1,0,1,0.0,100.0
.o323044,1,0,1,0.0,100.0
.o323045,1,0,1,0.0,100.0
.o323046,1,0,1,0.0,100.0
.o323047,1,0,1,0.0,100.0
.o323048,1,0,1,0.0,100.0
.o323049,1,0,1,0.0,100.0
.o323050,1,0,1,0.0,100.0
.o323051,1,0,1,0.0,100.0
.o323052,1,0,1,0.0,100.0
.o323053,1,0,1,0.0,100.0
.e323014,1,0,1,0.0,100.0
.e323015,1,0,1,0.0,100.0
.e323016,1,0,1,0.0,100.0
.e323017,1,0,1,0.0,100.0
.e323018,1,0,1,0.0,100.0
.e323019,1,0,1,0.0,100.0
.e323020,1,0,1,0.0,100.0
.e323021,1,0,1,0.0,100.0
.e323022,1,0,1,0.0,100.0
.e323023,1,0,1,0.0,100.0
.e323024,1,0,1,0.0,100.0
.e323025,1,0,1,0.0,100.0
.e323026,1,0,1,0.0,100.0
.e323027,1,0,1,0.0,100.0
.e323028,1,0,1,0.0,100.0
.e323029,1,0,1,0.0,100.0
.e323030,1,0,1,0.0,100.0
.e323031,1,0,1,0.0,100.0
.e323032,1,0,1,0.0,100.0
.e323033,1,0,1,0.0,100.0
.o323014,1,0,1,0.0,100.0
.o323015,1,0,1,0.0,100.0
.o323016,1,0,1,0.0,100.0
.o323017,1,0,1,0.0,100.0
.o323018,1,0,1,0.0,100.0
.o323019,1,0,1,0.0,100.0
.o323020,1,0,1,0.0,100.0
.o323021,1,0,1,0.0,100.0
.o323022,1,0,1,0.0,100.0
.o323023,1,0,1,0.0,100.0
.o323024,1,0,1,0.0,100.0
.o323025,1,0,1,0.0,100.0
.o323026,1,0,1,0.0,100.0
.o323027,1,0,1,0.0,100.0
.o323028,1,0,1,0.0,100.0
.o323029,1,0,1,0.0,100.0
.o323030,1,0,1,0.0,100.0
.o323031,1,0,1,0.0,100.0
.o323032,1,0,1,0.0,100.0
.o323033,1,0,1,0.0,100.0
.e323470,1,0,1,0.0,100.0
.e323471,1,0,1,0.0,100.0
.e323472,1,0,1,0.0,100.0
.e323473,1,0,1,0.0,100.0
.e323474,1,0,1,0.0,100.0
.e323475,1,0,1,0.0,100.0
.e323476,1,0,1,0.0,100.0
.e323477,1,0,1,0.0,100.0
.e323478,1,0,1,0.0,100.0
.e323479,1,0,1,0.0,100.0
.e326396,1,0,1,0.0,100.0
.e326397,1,0,1,0.0,100.0
.e326398,1,0,1,0.0,100.0
.e326399,1,0,1,0.0,100.0
.e326400,1,0,1,0.0,100.0
.e326401,1,0,1,0.0,100.0
.e326402,1,0,1,0.0,100.0
.e326403,1,0,1,0.0,100.0
.o323470,1,0,1,0.0,100.0
.o323471,1,0,1,0.0,100.0
.o323472,1,0,1,0.0,100.0
.o323473,1,0,1,0.0,100.0
.o323474,1,0,1,0.0,100.0
.o323475,1,0,1,0.0,100.0
.o323476,1,0,1,0.0,100.0
.o323477,1,0,1,0.0,100.0
.o323478,1,0,1,0.0,100.0
.o323479,1,0,1,0.0,100.0
.o326396,1,0,1,0.0,100.0
.o326397,1,0,1,0.0,100.0
.o326398,1,0,1,0.0,100.0
.o326399,1,0,1,0.0,100.0
.o326400,1,0,1,0.0,100.0
.o326401,1,0,1,0.0,100.0
.o326402,1,0,1,0.0,100.0
.o326403,1,0,1,0.0,100.0
.e323460,1,0,1,0.0,100.0
.e323461,1,0,1,0.0,100.0
.e323462,1,0,1,0.0,100.0
.e323463,1,0,1,0.0,100.0
.e323464,1,0,1,0.0,100.0
.e323465,1,0,1,0.0,100.0
.e323466,1,0,1,0.0,100.0
.e323467,1,0,1,0.0,100.0
.e323468,1,0,1,0.0,100.0
.e323469,1,0,1,0.0,100.0
.e326620,1,0,1,0.0,100.0
.e326621,1,0,1,0.0,100.0
.e326622,1,0,1,0.0,100.0
.e326623,1,0,1,0.0,100.0
.e326624,1,0,1,0.0,100.0
.e326625,1,0,1,0.0,100.0
.e326626,1,0,1,0.0,100.0
.e326627,1,0,1,0.0,100.0
.e326628,1,0,1,0.0,100.0
.e326629,1,0,1,0.0,100.0
.o323460,1,0,1,0.0,100.0
.o323461,1,0,1,0.0,100.0
.o323462,1,0,1,0.0,100.0
.o323463,1,0,1,0.0,100.0
.o323464,1,0,1,0.0,100.0
.o323465,1,0,1,0.0,100.0
.o323466,1,0,1,0.0,100.0
.o323467,1,0,1,0.0,100.0
.o323468,1,0,1,0.0,100.0
.o323469,1,0,1,0.0,100.0
.o326620,1,0,1,0.0,100.0
.o326621,1,0,1,0.0,100.0
.o326622,1,0,1,0.0,100.0
.o326623,1,0,1,0.0,100.0
.o326624,1,0,1,0.0,100.0
.o326625,1,0,1,0.0,100.0
.o326626,1,0,1,0.0,100.0
.o326627,1,0,1,0.0,100.0
.o326628,1,0,1,0.0,100.0
.o326629,1,0,1,0.0,100.0
.e323440,1,0,1,0.0,100.0
.e323441,1,0,1,0.0,100.0
.e323442,1,0,1,0.0,100.0
.e323443,1,0,1,0.0,100.0
.e323444,1,0,1,0.0,100.0
.e323445,1,0,1,0.0,100.0
.e323446,1,0,1,0.0,100.0
.e323447,1,0,1,0.0,100.0
.e323448,1,0,1,0.0,100.0
.e323449,1,0,1,0.0,100.0
.e323450,1,0,1,0.0,100.0
.e323451,1,0,1,0.0,100.0
.e323452,1,0,1,0.0,100.0
.e323453,1,0,1,0.0,100.0
.e323454,1,0,1,0.0,100.0
.e323455,1,0,1,0.0,100.0
.e323456,1,0,1,0.0,100.0
.e323457,1,0,1,0.0,100.0
.e323458,1,0,1,0.0,100.0
.e323459,1,0,1,0.0,100.0
.o323440,1,0,1,0.0,100.0
.o323441,1,0,1,0.0,100.0
.o323442,1,0,1,0.0,100.0
.o323443,1,0,1,0.0,100.0
.o323444,1,0,1,0.0,100.0
.o323445,1,0,1,0.0,100.0
.o323446,1,0,1,0.0,100.0
.o323447,1,0,1,0.0,100.0
.o323448,1,0,1,0.0,100.0
.o323449,1,0,1,0.0,100.0
.o323450,1,0,1,0.0,100.0
.o323451,1,0,1,0.0,100.0
.o323452,1,0,1,0.0,100.0
.o323453,1,0,1,0.0,100.0
.o323454,1,0,1,0.0,100.0
.o323455,1,0,1,0.0,100.0
.o323456,1,0,1,0.0,100.0
.o323457,1,0,1,0.0,100.0
.o323458,1,0,1,0.0,100.0
.o323459,1,0,1,0.0,100.0
.e322180,1,0,1,0.0,100.0
.e322181,1,0,1,0.0,100.0
.e322182,1,0,1,0.0,100.0
.e322183,1,0,1,0.0,100.0
.e322184,1,0,1,0.0,100.0
.e322185,1,0,1,0.0,100.0
.e322186,1,0,1,0.0,100.0
.e322187,1,0,1,0.0,100.0
.e322188,1,0,1,0.0,100.0
.e322189,1,0,1,0.0,100.0
.e322190,1,0,1,0.0,100.0
.e322191,1,0,1,0.0,100.0
.e322192,1,0,1,0.0,100.0
.e322193,1,0,1,0.0,100.0
.e322194,1,0,1,0.0,100.0
.e322195,1,0,1,0.0,100.0
.e322196,1,0,1,0.0,100.0
.e322197,1,0,1,0.0,100.0
.e322198,1,0,1,0.0,100.0
.e322199,1,0,1,0.0,100.0
.o322180,1,0,1,0.0,100.0
.o322181,1,0,1,0.0,100.0
.o322182,1,0,1,0.0,100.0
.o322183,1,0,1,0.0,100.0
.o322184,1,0,1,0.0,100.0
.o322185,1,0,1,0.0,100.0
.o322186,1,0,1,0.0,100.0
.o322187,1,0,1,0.0,100.0
.o322188,1,0,1,0.0,100.0
.o322189,1,0,1,0.0,100.0
.o322190,1,0,1,0.0,100.0
.o322191,1,0,1,0.0,100.0
.o322192,1,0,1,0.0,100.0
.o322193,1,0,1,0.0,100.0
.o322194,1,0,1,0.0,100.0
.o322195,1,0,1,0.0,100.0
.o322196,1,0,1,0.0,100.0
.o322197,1,0,1,0.0,100.0
.o322198,1,0,1,0.0,100.0
.o322199,1,0,1,0.0,100.0
.e322200,1,0,1,0.0,100.0
.e322201,1,0,1,0.0,100.0
.e322202,1,0,1,0.0,100.0
.e322203,1,0,1,0.0,100.0
.e322204,1,0,1,0.0,100.0
.e322205,1,0,1,0.0,100.0
.e322206,1,0,1,0.0,100.0
.e322207,1,0,1,0.0,100.0
.e322208,1,0,1,0.0,100.0
.e322209,1,0,1,0.0,100.0
.e322210,1,0,1,0.0,100.0
.e322211,1,0,1,0.0,100.0
.e322212,1,0,1,0.0,100.0
.e322213,1,0,1,0.0,100.0
.e322214,1,0,1,0.0,100.0
.e322215,1,0,1,0.0,100.0
.e322216,1,0,1,0.0,100.0
.e322217,1,0,1,0.0,100.0
.e322218,1,0,1,0.0,100.0
.e322219,1,0,1,0.0,100.0
.o322200,1,0,1,0.0,100.0
.o322201,1,0,1,0.0,100.0
.o322202,1,0,1,0.0,100.0
.o322203,1,0,1,0.0,100.0
.o322204,1,0,1,0.0,100.0
.o322205,1,0,1,0.0,100.0
.o322206,1,0,1,0.0,100.0
.o322207,1,0,1,0.0,100.0
.o322208,1,0,1,0.0,100.0
.o322209,1,0,1,0.0,100.0
.o322210,1,0,1,0.0,100.0
.o322211,1,0,1,0.0,100.0
.o322212,1,0,1,0.0,100.0
.o322213,1,0,1,0.0,100.0
.o322214,1,0,1,0.0,100.0
.o322215,1,0,1,0.0,100.0
.o322216,1,0,1,0.0,100.0
.o322217,1,0,1,0.0,100.0
.o322218,1,0,1,0.0,100.0
.o322219,1,0,1,0.0,100.0
.e322562,1,0,1,0.0,100.0
.e322563,1,0,1,0.0,100.0
.e322564,1,0,1,0.0,100.0
.e322565,1,0,1,0.0,100.0
.e322566,1,0,1,0.0,100.0
.e322567,1,0,1,0.0,100.0
.e322568,1,0,1,0.0,100.0
.e322569,1,0,1,0.0,100.0
.e322570,1,0,1,0.0,100.0
.e322571,1,0,1,0.0,100.0
.e322572,1,0,1,0.0,100.0
.e322573,1,0,1,0.0,100.0
.e322574,1,0,1,0.0,100.0
.e322575,1,0,1,0.0,100.0
.e322576,1,0,1,0.0,100.0
.e322577,1,0,1,0.0,100.0
.e322578,1,0,1,0.0,100.0
.e322579,1,0,1,0.0,100.0
.e322580,1,0,1,0.0,100.0
.e322581,1,0,1,0.0,100.0
.o322562,1,0,1,0.0,100.0
.o322563,1,0,1,0.0,100.0
.o322564,1,0,1,0.0,100.0
.o322565,1,0,1,0.0,100.0
.o322566,1,0,1,0.0,100.0
.o322567,1,0,1,0.0,100.0
.o322568,1,0,1,0.0,100.0
.o322569,1,0,1,0.0,100.0
.o322570,1,0,1,0.0,100.0
.o322571,1,0,1,0.0,100.0
.o322572,1,0,1,0.0,100.0
.o322573,1,0,1,0.0,100.0
.o322574,1,0,1,0.0,100.0
.o322575,1,0,1,0.0,100.0
.o322576,1,0,1,0.0,100.0
.o322577,1,0,1,0.0,100.0
.o322578,1,0,1,0.0,100.0
.o322579,1,0,1,0.0,100.0
.o322580,1,0,1,0.0,100.0
.o322581,1,0,1,0.0,100.0
.e321378,1,0,1,0.0,100.0
.e321379,1,0,1,0.0,100.0
.e321380,1,0,1,0.0,100.0
.e321381,1,0,1,0.0,100.0
.e321382,1,0,1,0.0,100.0
.e321383,1,0,1,0.0,100.0
.e321384,1,0,1,0.0,100.0
.e321385,1,0,1,0.0,100.0
.e321386,1,0,1,0.0,100.0
.e321387,1,0,1,0.0,100.0
.e321388,1,0,1,0.0,100.0
.e321389,1,0,1,0.0,100.0
.e321390,1,0,1,0.0,100.0
.e321391,1,0,1,0.0,100.0
.e321392,1,0,1,0.0,100.0
.e321393,1,0,1,0.0,100.0
.e321394,1,0,1,0.0,100.0
.e321395,1,0,1,0.0,100.0
.e321396,1,0,1,0.0,100.0
.e321397,1,0,1,0.0,100.0
.o321378,1,0,1,0.0,100.0
.o321379,1,0,1,0.0,100.0
.o321380,1,0,1,0.0,100.0
.o321381,1,0,1,0.0,100.0
.o321382,1,0,1,0.0,100.0
.o321383,1,0,1,0.0,100.0
.o321384,1,0,1,0.0,100.0
.o321385,1,0,1,0.0,100.0
.o321386,1,0,1,0.0,100.0
.o321387,1,0,1,0.0,100.0
.o321388,1,0,1,0.0,100.0
.o321389,1,0,1,0.0,100.0
.o321390,1,0,1,0.0,100.0
.o321391,1,0,1,0.0,100.0
.o321392,1,0,1,0.0,100.0
.o321393,1,0,1,0.0,100.0
.o321394,1,0,1,0.0,100.0
.o321395,1,0,1,0.0,100.0
.o321396,1,0,1,0.0,100.0
.o321397,1,0,1,0.0,100.0
.e321358,1,0,1,0.0,100.0
.e321359,1,0,1,0.0,100.0
.e321360,1,0,1,0.0,100.0
.e321361,1,0,1,0.0,100.0
.e321362,1,0,1,0.0,100.0
.e321363,1,0,1,0.0,100.0
.e321364,1,0,1,0.0,100.0
.e321365,1,0,1,0.0,100.0
.e321366,1,0,1,0.0,100.0
.e321367,1,0,1,0.0,100.0
.e321368,1,0,1,0.0,100.0
.e321369,1,0,1,0.0,100.0
.e321370,1,0,1,0.0,100.0
.e321371,1,0,1,0.0,100.0
.e321372,1,0,1,0.0,100.0
.e321373,1,0,1,0.0,100.0
.e321374,1,0,1,0.0,100.0
.e321375,1,0,1,0.0,100.0
.e321376,1,0,1,0.0,100.0
.e321377,1,0,1,0.0,100.0
.o321358,1,0,1,0.0,100.0
.o321359,1,0,1,0.0,100.0
.o321360,1,0,1,0.0,100.0
.o321361,1,0,1,0.0,100.0
.o321362,1,0,1,0.0,100.0
.o321363,1,0,1,0.0,100.0
.o321364,1,0,1,0.0,100.0
.o321365,1,0,1,0.0,100.0
.o321366,1,0,1,0.0,100.0
.o321367,1,0,1,0.0,100.0
.o321368,1,0,1,0.0,100.0
.o321369,1,0,1,0.0,100.0
.o321370,1,0,1,0.0,100.0
.o321371,1,0,1,0.0,100.0
.o321372,1,0,1,0.0,100.0
.o321373,1,0,1,0.0,100.0
.o321374,1,0,1,0.0,100.0
.o321375,1,0,1,0.0,100.0
.o321376,1,0,1,0.0,100.0
.o321377,1,0,1,0.0,100.0
.e321338,1,0,1,0.0,100.0
.e321339,1,0,1,0.0,100.0
.e321340,1,0,1,0.0,100.0
.e321341,1,0,1,0.0,100.0
.e321342,1,0,1,0.0,100.0
.e321343,1,0,1,0.0,100.0
.e321344,1,0,1,0.0,100.0
.e321345,1,0,1,0.0,100.0
.e321346,1,0,1,0.0,100.0
.e321347,1,0,1,0.0,100.0
.e321348,1,0,1,0.0,100.0
.e321349,1,0,1,0.0,100.0
.e321350,1,0,1,0.0,100.0
.e321351,1,0,1,0.0,100.0
.e321352,1,0,1,0.0,100.0
.e321353,1,0,1,0.0,100.0
.e321354,1,0,1,0.0,100.0
.e321355,1,0,1,0.0,100.0
.e321356,1,0,1,0.0,100.0
.e321357,1,0,1,0.0,100.0
.o321338,1,0,1,0.0,100.0
.o321339,1,0,1,0.0,100.0
.o321340,1,0,1,0.0,100.0
.o321341,1,0,1,0.0,100.0
.o321342,1,0,1,0.0,100.0
.o321343,1,0,1,0.0,100.0
.o321344,1,0,1,0.0,100.0
.o321345,1,0,1,0.0,100.0
.o321346,1,0,1,0.0,100.0
.o321347,1,0,1,0.0,100.0
.o321348,1,0,1,0.0,100.0
.o321349,1,0,1,0.0,100.0
.o321350,1,0,1,0.0,100.0
.o321351,1,0,1,0.0,100.0
.o321352,1,0,1,0.0,100.0
.o321353,1,0,1,0.0,100.0
.o321354,1,0,1,0.0,100.0
.o321355,1,0,1,0.0,100.0
.o321356,1,0,1,0.0,100.0
.o321357,1,0,1,0.0,100.0
.e322872,1,0,1,0.0,100.0
.e322873,1,0,1,0.0,100.0
.e322874,1,0,1,0.0,100.0
.e322875,1,0,1,0.0,100.0
.e322876,1,0,1,0.0,100.0
.e322877,1,0,1,0.0,100.0
.e322878,1,0,1,0.0,100.0
.e322879,1,0,1,0.0,100.0
.e322880,1,0,1,0.0,100.0
.e322881,1,0,1,0.0,100.0
.e322882,1,0,1,0.0,100.0
.e322883,1,0,1,0.0,100.0
.e322884,1,0,1,0.0,100.0
.e322885,1,0,1,0.0,100.0
.e322886,1,0,1,0.0,100.0
.e322887,1,0,1,0.0,100.0
.e322888,1,0,1,0.0,100.0
.e322889,1,0,1,0.0,100.0
.e322890,1,0,1,0.0,100.0
.e322891,1,0,1,0.0,100.0
.o322872,1,0,1,0.0,100.0
.o322873,1,0,1,0.0,100.0
.o322874,1,0,1,0.0,100.0
.o322875,1,0,1,0.0,100.0
.o322876,1,0,1,0.0,100.0
.o322877,1,0,1,0.0,100.0
.o322878,1,0,1,0.0,100.0
.o322879,1,0,1,0.0,100.0
.o322880,1,0,1,0.0,100.0
.o322881,1,0,1,0.0,100.0
.o322882,1,0,1,0.0,100.0
.o322883,1,0,1,0.0,100.0
.o322884,1,0,1,0.0,100.0
.o322885,1,0,1,0.0,100.0
.o322886,1,0,1,0.0,100.0
.o322887,1,0,1,0.0,100.0
.o322888,1,0,1,0.0,100.0
.o322889,1,0,1,0.0,100.0
.o322890,1,0,1,0.0,100.0
.o322891,1,0,1,0.0,100.0
.e322894,1,0,1,0.0,100.0
.e322895,1,0,1,0.0,100.0
.e322896,1,0,1,0.0,100.0
.e322897,1,0,1,0.0,100.0
.e322898,1,0,1,0.0,100.0
.e322899,1,0,1,0.0,100.0
.e322900,1,0,1,0.0,100.0
.e322901,1,0,1,0.0,100.0
.e322902,1,0,1,0.0,100.0
.e322903,1,0,1,0.0,100.0
.e322904,1,0,1,0.0,100.0
.e322905,1,0,1,0.0,100.0
.e322906,1,0,1,0.0,100.0
.e322907,1,0,1,0.0,100.0
.e322908,1,0,1,0.0,100.0
.e322909,1,0,1,0.0,100.0
.e322910,1,0,1,0.0,100.0
.e322911,1,0,1,0.0,100.0
.e322912,1,0,1,0.0,100.0
.e322913,1,0,1,0.0,100.0
.o322894,1,0,1,0.0,100.0
.o322895,1,0,1,0.0,100.0
.o322896,1,0,1,0.0,100.0
.o322897,1,0,1,0.0,100.0
.o322898,1,0,1,0.0,100.0
.o322899,1,0,1,0.0,100.0
.o322900,1,0,1,0.0,100.0
.o322901,1,0,1,0.0,100.0
.o322902,1,0,1,0.0,100.0
.o322903,1,0,1,0.0,100.0
.o322904,1,0,1,0.0,100.0
.o322905,1,0,1,0.0,100.0
.o322906,1,0,1,0.0,100.0
.o322907,1,0,1,0.0,100.0
.o322908,1,0,1,0.0,100.0
.o322909,1,0,1,0.0,100.0
.o322910,1,0,1,0.0,100.0
.o322911,1,0,1,0.0,100.0
.o322912,1,0,1,0.0,100.0
.o322913,1,0,1,0.0,100.0
.e322914,1,0,1,0.0,100.0
.e322915,1,0,1,0.0,100.0
.e322916,1,0,1,0.0,100.0
.e322917,1,0,1,0.0,100.0
.e322918,1,0,1,0.0,100.0
.e322919,1,0,1,0.0,100.0
.e322920,1,0,1,0.0,100.0
.e322921,1,0,1,0.0,100.0
.e322922,1,0,1,0.0,100.0
.e322923,1,0,1,0.0,100.0
.e322924,1,0,1,0.0,100.0
.e322925,1,0,1,0.0,100.0
.e322926,1,0,1,0.0,100.0
.e322927,1,0,1,0.0,100.0
.e322928,1,0,1,0.0,100.0
.e322929,1,0,1,0.0,100.0
.e322930,1,0,1,0.0,100.0
.e322931,1,0,1,0.0,100.0
.e322932,1,0,1,0.0,100.0
.e322933,1,0,1,0.0,100.0
.o322914,1,0,1,0.0,100.0
.o322915,1,0,1,0.0,100.0
.o322916,1,0,1,0.0,100.0
.o322917,1,0,1,0.0,100.0
.o322918,1,0,1,0.0,100.0
.o322919,1,0,1,0.0,100.0
.o322920,1,0,1,0.0,100.0
.o322921,1,0,1,0.0,100.0
.o322922,1,0,1,0.0,100.0
.o322923,1,0,1,0.0,100.0
.o322924,1,0,1,0.0,100.0
.o322925,1,0,1,0.0,100.0
.o322926,1,0,1,0.0,100.0
.o322927,1,0,1,0.0,100.0
.o322928,1,0,1,0.0,100.0
.o322929,1,0,1,0.0,100.0
.o322930,1,0,1,0.0,100.0
.o322931,1,0,1,0.0,100.0
.o322932,1,0,1,0.0,100.0
.o322933,1,0,1,0.0,100.0
.e323340,1,0,1,0.0,100.0
.e323341,1,0,1,0.0,100.0
.e323342,1,0,1,0.0,100.0
.e323343,1,0,1,0.0,100.0
.e323344,1,0,1,0.0,100.0
.e323345,1,0,1,0.0,100.0
.e323346,1,0,1,0.0,100.0
.e323347,1,0,1,0.0,100.0
.e323348,1,0,1,0.0,100.0
.e323349,1,0,1,0.0,100.0
.e323350,1,0,1,0.0,100.0
.e323351,1,0,1,0.0,100.0
.e323352,1,0,1,0.0,100.0
.e323353,1,0,1,0.0,100.0
.e323354,1,0,1,0.0,100.0
.e323355,1,0,1,0.0,100.0
.e323356,1,0,1,0.0,100.0
.e323357,1,0,1,0.0,100.0
.e323358,1,0,1,0.0,100.0
.e323359,1,0,1,0.0,100.0
.o323340,1,0,1,0.0,100.0
.o323341,1,0,1,0.0,100.0
.o323342,1,0,1,0.0,100.0
.o323343,1,0,1,0.0,100.0
.o323344,1,0,1,0.0,100.0
.o323345,1,0,1,0.0,100.0
.o323346,1,0,1,0.0,100.0
.o323347,1,0,1,0.0,100.0
.o323348,1,0,1,0.0,100.0
.o323349,1,0,1,0.0,100.0
.o323350,1,0,1,0.0,100.0
.o323351,1,0,1,0.0,100.0
.o323352,1,0,1,0.0,100.0
.o323353,1,0,1,0.0,100.0
.o323354,1,0,1,0.0,100.0
.o323355,1,0,1,0.0,100.0
.o323356,1,0,1,0.0,100.0
.o323357,1,0,1,0.0,100.0
.o323358,1,0,1,0.0,100.0
.o323359,1,0,1,0.0,100.0
.e323360,1,0,1,0.0,100.0
.e323361,1,0,1,0.0,100.0
.e323362,1,0,1,0.0,100.0
.e323363,1,0,1,0.0,100.0
.e323364,1,0,1,0.0,100.0
.e323365,1,0,1,0.0,100.0
.e323366,1,0,1,0.0,100.0
.e323367,1,0,1,0.0,100.0
.e323368,1,0,1,0.0,100.0
.e323369,1,0,1,0.0,100.0
.e323370,1,0,1,0.0,100.0
.e323371,1,0,1,0.0,100.0
.e323372,1,0,1,0.0,100.0
.e323373,1,0,1,0.0,100.0
.e323374,1,0,1,0.0,100.0
.e323375,1,0,1,0.0,100.0
.e323376,1,0,1,0.0,100.0
.e323377,1,0,1,0.0,100.0
.e323378,1,0,1,0.0,100.0
.e323379,1,0,1,0.0,100.0
.o323360,1,0,1,0.0,100.0
.o323361,1,0,1,0.0,100.0
.o323362,1,0,1,0.0,100.0
.o323363,1,0,1,0.0,100.0
.o323364,1,0,1,0.0,100.0
.o323365,1,0,1,0.0,100.0
.o323366,1,0,1,0.0,100.0
.o323367,1,0,1,0.0,100.0
.o323368,1,0,1,0.0,100.0
.o323369,1,0,1,0.0,100.0
.o323370,1,0,1,0.0,100.0
.o323371,1,0,1,0.0,100.0
.o323372,1,0,1,0.0,100.0
.o323373,1,0,1,0.0,100.0
.o323374,1,0,1,0.0,100.0
.o323375,1,0,1,0.0,100.0
.o323376,1,0,1,0.0,100.0
.o323377,1,0,1,0.0,100.0
.o323378,1,0,1,0.0,100.0
.o323379,1,0,1,0.0,100.0
.e323380,1,0,1,0.0,100.0
.e323381,1,0,1,0.0,100.0
.e323382,1,0,1,0.0,100.0
.e323383,1,0,1,0.0,100.0
.e323384,1,0,1,0.0,100.0
.e323385,1,0,1,0.0,100.0
.e323386,1,0,1,0.0,100.0
.e323387,1,0,1,0.0,100.0
.e323388,1,0,1,0.0,100.0
.e323389,1,0,1,0.0,100.0
.e323390,1,0,1,0.0,100.0
.e323391,1,0,1,0.0,100.0
.e323392,1,0,1,0.0,100.0
.e323393,1,0,1,0.0,100.0
.e323394,1,0,1,0.0,100.0
.e323395,1,0,1,0.0,100.0
.e323396,1,0,1,0.0,100.0
.e323397,1,0,1,0.0,100.0
.e323398,1,0,1,0.0,100.0
.e323399,1,0,1,0.0,100.0
.o323380,1,0,1,0.0,100.0
.o323381,1,0,1,0.0,100.0
.o323382,1,0,1,0.0,100.0
.o323383,1,0,1,0.0,100.0
.o323384,1,0,1,0.0,100.0
.o323385,1,0,1,0.0,100.0
.o323386,1,0,1,0.0,100.0
.o323387,1,0,1,0.0,100.0
.o323388,1,0,1,0.0,100.0
.o323389,1,0,1,0.0,100.0
.o323390,1,0,1,0.0,100.0
.o323391,1,0,1,0.0,100.0
.o323392,1,0,1,0.0,100.0
.o323393,1,0,1,0.0,100.0
.o323394,1,0,1,0.0,100.0
.o323395,1,0,1,0.0,100.0
.o323396,1,0,1,0.0,100.0
.o323397,1,0,1,0.0,100.0
.o323398,1,0,1,0.0,100.0
.o323399,1,0,1,0.0,100.0
.e321642,1,0,1,0.0,100.0
.e321643,1,0,1,0.0,100.0
.e321644,1,0,1,0.0,100.0
.e321645,1,0,1,0.0,100.0
.e321646,1,0,1,0.0,100.0
.e321647,1,0,1,0.0,100.0
.e321648,1,0,1,0.0,100.0
.e321649,1,0,1,0.0,100.0
.e321650,1,0,1,0.0,100.0
.e321651,1,0,1,0.0,100.0
.e321652,1,0,1,0.0,100.0
.e321653,1,0,1,0.0,100.0
.e321654,1,0,1,0.0,100.0
.e321655,1,0,1,0.0,100.0
.e321656,1,0,1,0.0,100.0
.e321657,1,0,1,0.0,100.0
.e321658,1,0,1,0.0,100.0
.e321659,1,0,1,0.0,100.0
.e321660,1,0,1,0.0,100.0
.e321661,1,0,1,0.0,100.0
.o321642,1,0,1,0.0,100.0
.o321643,1,0,1,0.0,100.0
.o321644,1,0,1,0.0,100.0
.o321645,1,0,1,0.0,100.0
.o321646,1,0,1,0.0,100.0
.o321647,1,0,1,0.0,100.0
.o321648,1,0,1,0.0,100.0
.o321649,1,0,1,0.0,100.0
.o321650,1,0,1,0.0,100.0
.o321651,1,0,1,0.0,100.0
.o321652,1,0,1,0.0,100.0
.o321653,1,0,1,0.0,100.0
.o321654,1,0,1,0.0,100.0
.o321655,1,0,1,0.0,100.0
.o321656,1,0,1,0.0,100.0
.o321657,1,0,1,0.0,100.0
.o321658,1,0,1,0.0,100.0
.o321659,1,0,1,0.0,100.0
.o321660,1,0,1,0.0,100.0
.o321661,1,0,1,0.0,100.0
.e321662,1,0,1,0.0,100.0
.e321663,1,0,1,0.0,100.0
.e321664,1,0,1,0.0,100.0
.e321665,1,0,1,0.0,100.0
.e321666,1,0,1,0.0,100.0
.e321667,1,0,1,0.0,100.0
.e321668,1,0,1,0.0,100.0
.e321669,1,0,1,0.0,100.0
.e321670,1,0,1,0.0,100.0
.e321671,1,0,1,0.0,100.0
.e321672,1,0,1,0.0,100.0
.e321673,1,0,1,0.0,100.0
.e321674,1,0,1,0.0,100.0
.e321675,1,0,1,0.0,100.0
.e321676,1,0,1,0.0,100.0
.e321677,1,0,1,0.0,100.0
.e321678,1,0,1,0.0,100.0
.e321679,1,0,1,0.0,100.0
.e321680,1,0,1,0.0,100.0
.e321681,1,0,1,0.0,100.0
.o321662,1,0,1,0.0,100.0
.o321663,1,0,1,0.0,100.0
.o321664,1,0,1,0.0,100.0
.o321665,1,0,1,0.0,100.0
.o321666,1,0,1,0.0,100.0
.o321667,1,0,1,0.0,100.0
.o321668,1,0,1,0.0,100.0
.o321669,1,0,1,0.0,100.0
.o321670,1,0,1,0.0,100.0
.o321671,1,0,1,0.0,100.0
.o321672,1,0,1,0.0,100.0
.o321673,1,0,1,0.0,100.0
.o321674,1,0,1,0.0,100.0
.o321675,1,0,1,0.0,100.0
.o321676,1,0,1,0.0,100.0
.o321677,1,0,1,0.0,100.0
.o321678,1,0,1,0.0,100.0
.o321679,1,0,1,0.0,100.0
.o321680,1,0,1,0.0,100.0
.o321681,1,0,1,0.0,100.0
.e321682,1,0,1,0.0,100.0
.e321683,1,0,1,0.0,100.0
.e321684,1,0,1,0.0,100.0
.e321685,1,0,1,0.0,100.0
.e321686,1,0,1,0.0,100.0
.e321687,1,0,1,0.0,100.0
.e321688,1,0,1,0.0,100.0
.e321689,1,0,1,0.0,100.0
.e321690,1,0,1,0.0,100.0
.e321691,1,0,1,0.0,100.0
.e321692,1,0,1,0.0,100.0
.e321693,1,0,1,0.0,100.0
.e321694,1,0,1,0.0,100.0
.e321695,1,0,1,0.0,100.0
.e321696,1,0,1,0.0,100.0
.e321697,1,0,1,0.0,100.0
.e321698,1,0,1,0.0,100.0
.e321699,1,0,1,0.0,100.0
.e321700,1,0,1,0.0,100.0
.e321701,1,0,1,0.0,100.0
.o321682,1,0,1,0.0,100.0
.o321683,1,0,1,0.0,100.0
.o321684,1,0,1,0.0,100.0
.o321685,1,0,1,0.0,100.0
.o321686,1,0,1,0.0,100.0
.o321687,1,0,1,0.0,100.0
.o321688,1,0,1,0.0,100.0
.o321689,1,0,1,0.0,100.0
.o321690,1,0,1,0.0,100.0
.o321691,1,0,1,0.0,100.0
.o321692,1,0,1,0.0,100.0
.o321693,1,0,1,0.0,100.0
.o321694,1,0,1,0.0,100.0
.o321695,1,0,1,0.0,100.0
.o321696,1,0,1,0.0,100.0
.o321697,1,0,1,0.0,100.0
.o321698,1,0,1,0.0,100.0
.o321699,1,0,1,0.0,100.0
.o321700,1,0,1,0.0,100.0
.o321701,1,0,1,0.0,100.0
.ggid,1,0,1,0.0,100.0
.rdpid,1,0,1,0.0,100.0
.cons,1,0,1,0.0,100.0
.flanks,1,0,1,0.0,100.0
.v4,1,0,1,0.0,100.0
.v5,1,0,1,0.0,100.0
.v6,1,0,1,0.0,100.0
.v7,1,0,1,0.0,100.0
.v8,1,0,1,0.0,100.0
.v9,1,0,1,0.0,100.0
.e5176286,1,1,0,100.0,0.0
.e5176302,1,1,0,100.0,0.0
.e5176311,1,1,0,100.0,0.0
.e5176837,1,1,0,100.0,0.0
.e5178040,1,1,0,100.0,0.0
.o5176286,1,1,0,100.0,0.0
.o5176311,1,1,0,100.0,0.0
.o5176837,1,1,0,100.0,0.0
.o5178040,1,1,0,100.0,0.0
.e5169431,1,1,0,100.0,0.0
.e5173510,1,1,0,100.0,0.0
.e5173511,1,1,0,100.0,0.0
.e5173513,1,1,0,100.0,0.0
.e5173518,1,1,0,100.0,0.0
.e5173519,1,1,0,100.0,0.0
.e5173894,1,1,0,100.0,0.0
.e5173976,1,1,0,100.0,0.0
.e5175603,1,1,0,100.0,0.0
.e5175624,1,1,0,100.0,0.0
.e5175805,1,1,0,100.0,0.0
.o5173894,1,1,0,100.0,0.0
.o5173976,1,1,0,100.0,0.0
.o5175603,1,1,0,100.0,0.0
.o5175624,1,1,0,100.0,0.0
.o5175805,1,1,0,100.0,0.0
.e5176316,1,1,0,100.0,0.0
.o5176316,1,1,0,100.0,0.0
.e5176317,1,1,0,100.0,0.0
.e5176318,1,1,0,100.0,0.0
.o5176317,1,1,0,100.0,0.0
.o5176318,1,1,0,100.0,0.0
.e5169433,1,1,0,100.0,0.0
.e5173520,1,1,0,100.0,0.0
.e5173521,1,1,0,100.0,0.0
.2-latest,1,1,0,100.0,0.0
.smv,1,0,1,0.0,100.0
.sdt,1,0,1,0.0,100.0
.nersc,1,0,1,0.0,100.0
.libm,1,0,1,0.0,100.0
.gwy,1,0,1,0.0,100.0
.jpk,1,0,1,0.0,100.0
.jpk-qi-image,1,0,1,0.0,100.0
.spm1,1,0,1,0.0,100.0
.ibw,1,0,1,0.0,100.0
.rmd_,1,0,1,0.0,100.0
.petsc,1,0,1,0.0,100.0
.petsc_solver,1,0,1,0.0,100.0
.mgsat_rocker_ver,1,0,1,0.0,100.0
.cov1,1,0,1,0.0,100.0
.decodat,1,0,1,0.0,100.0
.genes,1,0,1,0.0,100.0
.transcripts,1,0,1,0.0,100.0
.sps,1,0,1,0.0,100.0
.amazon,1,0,1,0.0,100.0
.cloud,1,0,1,0.0,100.0
.dirstruct,1,0,1,0.0,100.0
.csdp,1,0,1,0.0,100.0
.xds,1,0,1,0.0,100.0
.ape,1,0,1,0.0,100.0
.hghsc,1,0,1,0.0,100.0
.flexo_ddb,1,0,1,0.0,100.0
.quad_ddb,1,0,1,0.0,100.0
.forceconstant,1,0,1,0.0,100.0
.ssposcar,1,0,1,0.0,100.0
.ucposcar,1,0,1,0.0,100.0
.pdb1,1,0,1,0.0,100.0
.fuzzy,1,0,1,0.0,100.0
.matout,1,0,1,0.0,100.0
.hyer,1,0,1,0.0,100.0
.dragonegg,1,0,1,0.0,100.0
.confidence,1,0,1,0.0,100.0
.hist1d,1,0,1,0.0,100.0
.sed_samples,1,0,1,0.0,100.0
.synthesis,1,0,1,0.0,100.0
.tada,1,0,1,0.0,100.0
.out1,1,0,1,0.0,100.0
.out2,1,0,1,0.0,100.0
.dif,1,0,1,0.0,100.0
.o3dtgz,1,0,1,0.0,100.0
.o3d,1,0,1,0.0,100.0
.csdl,1,0,1,0.0,100.0
.msl,1,0,1,0.0,100.0
.ssdl,1,0,1,0.0,100.0
.discomap,1,0,1,0.0,100.0
.pelec,1,0,1,0.0,100.0
.gdiag,1,0,1,0.0,100.0
.dbexists,1,0,1,0.0,100.0
.updatedb,1,0,1,0.0,100.0
.pup,1,0,1,0.0,100.0
.clp,1,0,1,0.0,100.0
.contrib,1,0,1,0.0,100.0
.dj2,1,0,1,0.0,100.0
.riscos,1,0,1,0.0,100.0
.os2,1,0,1,0.0,100.0
.qpg,1,0,1,0.0,100.0
.c00,1,0,1,0.0,100.0
.a01,1,0,1,0.0,100.0
.a02,1,0,1,0.0,100.0
.a03,1,0,1,0.0,100.0
.a04,1,0,1,0.0,100.0
.a05,1,0,1,0.0,100.0
.r00,1,0,1,0.0,100.0
.r01,1,0,1,0.0,100.0
.r02,1,0,1,0.0,100.0
.r03,1,0,1,0.0,100.0
.r04,1,0,1,0.0,100.0
.r05,1,0,1,0.0,100.0
.zx01,1,0,1,0.0,100.0
.pog,1,0,1,0.0,100.0
.z8,1,0,1,0.0,100.0
.db_worker,1,0,1,0.0,100.0
.key-backup,1,0,1,0.0,100.0
.requirements,1,0,1,0.0,100.0
.ns_are_zero,1,0,1,0.0,100.0
.allreadscounts,1,0,1,0.0,100.0
.find_potentialssr,1,0,1,0.0,100.0
.final_primer_ssrs,1,0,1,0.0,100.0
.designer_primer,1,0,1,0.0,100.0
.primer_filter,1,0,1,0.0,100.0
.blast_parse,1,0,1,0.0,100.0
.primer_pair_generater,1,0,1,0.0,100.0
.intermediate_primer_finder,1,0,1,0.0,100.0
.ssr_product,1,0,1,0.0,100.0
.ssr_filter,1,0,1,0.0,100.0
.input for part3,1,0,1,0.0,100.0
.works,1,0,1,0.0,100.0
.isfdp,1,0,1,0.0,100.0
.csc,1,0,1,0.0,100.0
.e1605500,1,0,1,0.0,100.0
.o1605500,1,0,1,0.0,100.0
.e1367496,1,0,1,0.0,100.0
.e1367498,1,0,1,0.0,100.0
.e1367499,1,0,1,0.0,100.0
.e1367501,1,0,1,0.0,100.0
.o1367496,1,0,1,0.0,100.0
.o1367498,1,0,1,0.0,100.0
.o1367499,1,0,1,0.0,100.0
.o1367501,1,0,1,0.0,100.0
.e1368912,1,0,1,0.0,100.0
.o1368912,1,0,1,0.0,100.0
.e1203148,1,0,1,0.0,100.0
.e1204448,1,0,1,0.0,100.0
.o1203148,1,0,1,0.0,100.0
.o1204448,1,0,1,0.0,100.0
.mgf,1,0,1,0.0,100.0
.pyy,1,0,1,0.0,100.0
.rec,1,0,1,0.0,100.0
.kh,1,0,1,0.0,100.0
.kl,1,0,1,0.0,100.0
.msp,1,0,1,0.0,100.0
.tap,1,0,1,0.0,100.0
.nocuda,1,0,1,0.0,100.0
.cc3d,1,0,1,0.0,100.0
.buildconda,1,0,1,0.0,100.0
.devcontainer,1,0,1,0.0,100.0
.parse,1,0,1,0.0,100.0
.tbt,1,0,1,0.0,100.0
.smartplex,1,0,1,0.0,100.0
.tpm,1,0,1,0.0,100.0
.backbone,1,0,1,0.0,100.0
.backbone_contig_headers,1,0,1,0.0,100.0
.bbcols,1,0,1,0.0,100.0
.guide_tree,1,0,1,0.0,100.0
.magic,1,0,1,0.0,100.0
.ftb,1,0,1,0.0,100.0
.qrel,1,0,1,0.0,100.0
.ini-dist-multistore,1,0,1,0.0,100.0
.ini-dist-mysql,1,0,1,0.0,100.0
.ini-dist-stardog,1,0,1,0.0,100.0
.ini-dist-virtuoso,1,0,1,0.0,100.0
.pxml,1,0,1,0.0,100.0
.dhc,1,0,1,0.0,100.0
.codes3d,1,1,0,100.0,0.0
.desp,1,0,1,0.0,100.0
.source-map,1,0,1,0.0,100.0
.ocg,1,0,1,0.0,100.0
.pcg,1,0,1,0.0,100.0
.gz(busy),1,0,1,0.0,100.0
._aux,1,0,1,0.0,100.0
.rtex,1,0,1,0.0,100.0
.j,1,0,1,0.0,100.0
.dens,1,0,1,0.0,100.0
.ozone,1,0,1,0.0,100.0
.jpl03,1,0,1,0.0,100.0
.jpl97,1,0,1,0.0,100.0
.ave,1,0,1,0.0,100.0
.qy,1,0,1,0.0,100.0
.1992,1,0,1,0.0,100.0
.anders,1,0,1,0.0,100.0
.pof,1,0,1,0.0,100.0
.qws,1,0,1,0.0,100.0
.llb,1,0,1,0.0,100.0
.gtype,1,0,1,0.0,100.0
.gvi,1,0,1,0.0,100.0
.lvcodedb,1,0,1,0.0,100.0
.lvproject,1,0,1,0.0,100.0
.lvprojectcache,1,0,1,0.0,100.0
.opr,1,0,1,0.0,100.0
.ecocyc,1,0,1,0.0,100.0
.ptt,1,0,1,0.0,100.0
.rnt,1,0,1,0.0,100.0
.jkl,1,0,1,0.0,100.0
.xml#,1,0,1,0.0,100.0
.nopdos,1,0,1,0.0,100.0
.nohash,1,0,1,0.0,100.0
.vasp2w90,1,0,1,0.0,100.0
.converged,1,0,1,0.0,100.0
.nelm-breach-consistent,1,0,1,0.0,100.0
.nelm-breach-partial,1,0,1,0.0,100.0
.not-converged,1,0,1,0.0,100.0
.unfinished,1,0,1,0.0,100.0
.aiida,1,0,1,0.0,100.0
.hh#,1,0,1,0.0,100.0
.unw,1,0,1,0.0,100.0
.pwhg,1,0,1,0.0,100.0
.warnings,1,1,0,100.0,0.0
.autoconf,1,0,1,0.0,100.0
.bigslow,1,0,1,0.0,100.0
.shih,1,0,1,0.0,100.0
.smallbutbad,1,0,1,0.0,100.0
.dpy,1,0,1,0.0,100.0
.nodbobjects,1,0,1,0.0,100.0
.noschema,1,0,1,0.0,100.0
.dir_manifest,1,0,1,0.0,100.0
.harvest_params_incomplete,1,0,1,0.0,100.0
.recursive_harvest_params,1,0,1,0.0,100.0
.unknown_file_extension,1,0,1,0.0,100.0
.synopsis,1,1,0,100.0,0.0
.conditional_conf,1,1,0,100.0,0.0
.fwmark,1,1,0,100.0,0.0
.inhibit,1,1,0,100.0,0.0
.ipv6,1,1,0,100.0,0.0
.misc_check,1,1,0,100.0,0.0
.misc_check_arg,1,1,0,100.0,0.0
.ping_check,1,1,0,100.0,0.0
.quorum,1,1,0,100.0,0.0
.smtp_check,1,1,0,100.0,0.0
.ssl_get,1,1,0,100.0,0.0
.status_code,1,1,0,100.0,0.0
.track_interface,1,1,0,100.0,0.0
.udp_check,1,1,0,100.0,0.0
.virtual_server_group,1,1,0,100.0,0.0
.virtualhost,1,1,0,100.0,0.0
.vrrp,1,1,0,100.0,0.0
.localcheck,1,1,0,100.0,0.0
.lvs_syncd,1,1,0,100.0,0.0
.scripts,1,1,0,100.0,0.0
.static_ipaddress,1,1,0,100.0,0.0
.xml_template,1,0,1,0.0,100.0
.kernel_versions,1,0,1,0.0,100.0
.tab2,1,0,1,0.0,100.0
.xl_stis,1,0,1,0.0,100.0
.bpe,1,0,1,0.0,100.0
.xml2,1,0,1,0.0,100.0
.release_notes,1,0,1,0.0,100.0
.release_procedure,1,0,1,0.0,100.0
.sel,1,0,1,0.0,100.0
.api_key,1,0,1,0.0,100.0
.molfit,1,0,1,0.0,100.0
.yang~,1,0,1,0.0,100.0
.py2,1,0,1,0.0,100.0
.xcoefsvsn,1,1,0,100.0,0.0
.xfunction,1,1,0,100.0,0.0
.nonblocking_tests,1,0,1,0.0,100.0
.outputfile,1,0,1,0.0,100.0
.openmp,1,0,1,0.0,100.0
.info-3,1,0,1,0.0,100.0
.info-4,1,0,1,0.0,100.0
.info-5,1,0,1,0.0,100.0
.ligshift,1,0,1,0.0,100.0
.mcrecursion,1,0,1,0.0,100.0
.mol2_rmsd,1,0,1,0.0,100.0
.e23022,1,0,1,0.0,100.0
.charge,1,0,1,0.0,100.0
.e23030,1,0,1,0.0,100.0
.e23034,1,0,1,0.0,100.0
.fzp,1,0,1,0.0,100.0
.fzpz,1,0,1,0.0,100.0
.phpstub,1,0,1,0.0,100.0
.gwa,1,0,1,0.0,100.0
.to,1,0,1,0.0,100.0
.gwg,1,0,1,0.0,100.0
.cdr,1,0,1,0.0,100.0
.frontend,1,0,1,0.0,100.0
.notebook,1,0,1,0.0,100.0
.usb,1,0,1,0.0,100.0
.initiatoriqn,1,0,1,0.0,100.0
.ifn,1,0,1,0.0,100.0
.pat,1,0,1,0.0,100.0
.chw,1,0,1,0.0,100.0
.cites,1,0,1,0.0,100.0
.content,1,0,1,0.0,100.0
.upx,1,0,1,0.0,100.0
.cwt,1,0,1,0.0,100.0
.dmr,1,0,1,0.0,100.0
.mldatx,1,0,1,0.0,100.0
.dhcpc,1,0,1,0.0,100.0
.hello-world,1,0,1,0.0,100.0
.resolv,1,0,1,0.0,100.0
.smtp,1,0,1,0.0,100.0
.telnetd,1,0,1,0.0,100.0
.webclient,1,0,1,0.0,100.0
.webserver,1,0,1,0.0,100.0
.ntpl,1,0,1,0.0,100.0
.moloch,1,0,1,0.0,100.0
.ja4,1,0,1,0.0,100.0
.bro,1,0,1,0.0,100.0
.aarch64_debug,1,0,1,0.0,100.0
.armv7,1,0,1,0.0,100.0
.armv7_debug,1,0,1,0.0,100.0
.x86_64_debug,1,0,1,0.0,100.0
.vsspell,1,0,1,0.0,100.0
.dpwm,1,0,1,0.0,100.0
.pwm,1,0,1,0.0,100.0
.rda?raw=true,1,0,1,0.0,100.0
.n_f,1,0,1,0.0,100.0
.n_m,1,0,1,0.0,100.0
.n_n,1,0,1,0.0,100.0
.edu,1,0,1,0.0,100.0
.sdc_ml,1,0,1,0.0,100.0
.equal,1,0,1,0.0,100.0
.p3,1,0,1,0.0,100.0
.cyl,1,0,1,0.0,100.0
.cyl_in_cartcoords,1,0,1,0.0,100.0
.sph_in_cylcoords,1,0,1,0.0,100.0
.sph_in_sphcoords,1,0,1,0.0,100.0
.helm_scaling,1,0,1,0.0,100.0
.mini-castro,1,0,1,0.0,100.0
.gpu_test,1,0,1,0.0,100.0
.auto_source,1,0,1,0.0,100.0
.castro,1,0,1,0.0,100.0
.sdc_test,1,0,1,0.0,100.0
.celldet,1,0,1,0.0,100.0
.24km,1,0,1,0.0,100.0
.3km,1,0,1,0.0,100.0
.2d_good,1,0,1,0.0,100.0
.regrid,1,0,1,0.0,100.0
.subch_base,1,0,1,0.0,100.0
.simple_sdc,1,0,1,0.0,100.0
.strang,1,0,1,0.0,100.0
.true_sdc,1,0,1,0.0,100.0
.h_he,1,0,1,0.0,100.0
.he,1,0,1,0.0,100.0
.4th_order,1,0,1,0.0,100.0
.250hz,1,0,1,0.0,100.0
.500hz,1,0,1,0.0,100.0
.xrb,1,0,1,0.0,100.0
.25km,1,0,1,0.0,100.0
.50km,1,0,1,0.0,100.0
.axisymmetric,1,0,1,0.0,100.0
.bessel,1,0,1,0.0,100.0
.gaussian,1,0,1,0.0,100.0
.bug,1,0,1,0.0,100.0
.bug2,1,0,1,0.0,100.0
.bug3,1,0,1,0.0,100.0
.bug4,1,0,1,0.0,100.0
.bug5,1,0,1,0.0,100.0
.bug6,1,0,1,0.0,100.0
.bug7,1,0,1,0.0,100.0
.bug8,1,0,1,0.0,100.0
.stellarcollapse,1,0,1,0.0,100.0
.github,1,0,1,0.0,100.0
.anno_input,1,0,1,0.0,100.0
.nodetool,1,0,1,0.0,100.0
.tkt,1,0,1,0.0,100.0
.a0,1,0,1,0.0,100.0
.a0poster,1,0,1,0.0,100.0
.rrna,1,0,1,0.0,100.0
.zraw,1,0,1,0.0,100.0
.maestro,1,0,1,0.0,100.0
.40960,1,0,1,0.0,100.0
.25600,1,0,1,0.0,100.0
.uniform,1,0,1,0.0,100.0
.2048,1,0,1,0.0,100.0
.hotcutoff,1,0,1,0.0,100.0
.titan,1,1,0,100.0,0.0
.2levels_onegrid,1,0,1,0.0,100.0
.1920,1,0,1,0.0,100.0
.3840,1,0,1,0.0,100.0
.7680,1,0,1,0.0,100.0
.e-4,1,0,1,0.0,100.0
.e5,1,0,1,0.0,100.0
.e6,1,0,1,0.0,100.0
.gammalaw,1,0,1,0.0,100.0
.helmeos,1,0,1,0.0,100.0
.3alpha_plus_o,1,0,1,0.0,100.0
.ignition,1,0,1,0.0,100.0
.mesa_carbon,1,0,1,0.0,100.0
.reaclib_cburn,1,0,1,0.0,100.0
.reaclib_ctest,1,0,1,0.0,100.0
.reaclib_ctest_null,1,0,1,0.0,100.0
.reaclib_urca,1,0,1,0.0,100.0
.reaclib_urca_trans,1,0,1,0.0,100.0
.xrb_simple,1,0,1,0.0,100.0
.ad,1,0,1,0.0,100.0
.ag,1,0,1,0.0,100.0
.ah,1,0,1,0.0,100.0
.postgresql,1,0,1,0.0,100.0
.pk3,1,0,1,0.0,100.0
.ail,1,0,1,0.0,100.0
.gwen,1,0,1,0.0,100.0
.jpf,1,0,1,0.0,100.0
.catalyst,1,0,1,0.0,100.0
.ios11_xcode94,1,0,1,0.0,100.0
.ios12_xcode10,1,0,1,0.0,100.0
.ios13_xcode11,1,0,1,0.0,100.0
.tvos13_xcode11,1,0,1,0.0,100.0
.dc,1,0,1,0.0,100.0
.commits,1,0,1,0.0,100.0
.small_molecule_filter,1,0,1,0.0,100.0
.ubiquitous_filter,1,0,1,0.0,100.0
.xml___jb_tmp___,1,0,1,0.0,100.0
.xmind,1,0,1,0.0,100.0
.coal,1,0,1,0.0,100.0
.haps,1,0,1,0.0,100.0
.2732,1,0,1,0.0,100.0
.awf,1,0,1,0.0,100.0
.icon,1,0,1,0.0,100.0
.alida,1,0,1,0.0,100.0
.tle,1,0,1,0.0,100.0
.rk-opt,1,0,1,0.0,100.0
.kdev4,1,0,1,0.0,100.0
.seek,1,0,1,0.0,100.0
.seeks,1,0,1,0.0,100.0
.flashsim,1,0,1,0.0,100.0
.queue,1,0,1,0.0,100.0
.xcplayground,1,0,1,0.0,100.0
.hsc,1,0,1,0.0,100.0
.pst,1,0,1,0.0,100.0
.tsv#,1,0,1,0.0,100.0
.dotnet10isolated,1,0,1,0.0,100.0
.dotnet7isolated,1,0,1,0.0,100.0
.dotnet8,1,0,1,0.0,100.0
.dotnet8isolated,1,0,1,0.0,100.0
.dotnet9isolated,1,0,1,0.0,100.0
.dotnetisolated,1,0,1,0.0,100.0
.java11,1,0,1,0.0,100.0
.java8,1,0,1,0.0,100.0
.powershell7,1,0,1,0.0,100.0
.13-buildenv,1,0,1,0.0,100.0
.14-buildenv,1,0,1,0.0,100.0
.typescript,1,0,1,0.0,100.0
.dst,1,0,1,0.0,100.0
.ppg,1,0,1,0.0,100.0
.pnproj,1,0,1,0.0,100.0
.pnps,1,0,1,0.0,100.0
.my,1,0,1,0.0,100.0
.atsln,1,0,1,0.0,100.0
.vcm,1,0,1,0.0,100.0
.mlb,1,0,1,0.0,100.0
.valgrind,1,0,1,0.0,100.0
.cols,1,0,1,0.0,100.0
.lb,1,0,1,0.0,100.0
.ub,1,0,1,0.0,100.0
.fastsa,1,0,1,0.0,100.0
.multiseq,1,0,1,0.0,100.0
.nunit,1,0,1,0.0,100.0
.dar,1,0,1,0.0,100.0
.smirks,1,0,1,0.0,100.0
.gplv2,1,0,1,0.0,100.0
.3dmbak,1,0,1,0.0,100.0
.li,1,0,1,0.0,100.0
.inria,1,0,1,0.0,100.0
.mlr,1,0,1,0.0,100.0
.pfsx,1,0,1,0.0,100.0
.364747031,1,0,1,0.0,100.0
.787741842,1,0,1,0.0,100.0
.182990609,1,0,1,0.0,100.0
.moccpp,1,0,1,0.0,100.0
.work,1,0,1,0.0,100.0
.macintosh,1,0,1,0.0,100.0
.ltxml,1,0,1,0.0,100.0
.cfg-sample,1,0,1,0.0,100.0
.spimtx,1,0,1,0.0,100.0
.icm,1,0,1,0.0,100.0
.vf,1,0,1,0.0,100.0
.m3d,1,0,1,0.0,100.0
.iotlang,1,0,1,0.0,100.0
.cppclean,1,0,1,0.0,100.0
.redo,1,0,1,0.0,100.0
.md5sums_all,1,0,1,0.0,100.0
.md5sums_uniq,1,0,1,0.0,100.0
.sparkleshare,1,0,1,0.0,100.0
.a3m,1,0,1,0.0,100.0
.hhm,1,0,1,0.0,100.0
.35_last_iter_pdb_eval_fdr_tpr_precision_patched,1,0,1,0.0,100.0
.35_last_iter_pdb_eval_tpr_precision,1,0,1,0.0,100.0
.35_last_iter_pdb_roc,1,0,1,0.0,100.0
.002_final_iter_pdb_eval_fdr_tpr_precision_patched,1,0,1,0.0,100.0
.002_final_iter_pdb_eval_tpr_precision,1,0,1,0.0,100.0
.002_final_iter_pdb_roc,1,0,1,0.0,100.0
.background_info,1,0,1,0.0,100.0
.renew_pdb_full,1,0,1,0.0,100.0
.rsm,1,0,1,0.0,100.0
.aquaria_local,1,0,1,0.0,100.0
.pssh2_local,1,0,1,0.0,100.0
.bgfreq,1,0,1,0.0,100.0
.jl~,1,0,1,0.0,100.0
.gdb,1,0,1,0.0,100.0
.tadbit,1,0,1,0.0,100.0
.slha,1,0,1,0.0,100.0
.hidden,1,0,1,0.0,100.0
.bad,1,0,1,0.0,100.0
.kk_xxx_64_half-slab_5-nospin_scissor_0_nc_26,1,0,1,0.0,100.0
.kk_xxz_64_half-slab_5-nospin_scissor_0_nc_26,1,0,1,0.0,100.0
.kk_zxx_64_half-slab_5-nospin_scissor_0_nc_26,1,0,1,0.0,100.0
.kk_zzz_64_half-slab_5-nospin_scissor_0_nc_26,1,0,1,0.0,100.0
.sm_xxx_64_half-slab_5-nospin_scissor_0_nc_26,1,0,1,0.0,100.0
.sm_xxz_64_half-slab_5-nospin_scissor_0_nc_26,1,0,1,0.0,100.0
.sm_zxx_64_half-slab_5-nospin_scissor_0_nc_26,1,0,1,0.0,100.0
.sm_zzz_64_half-slab_5-nospin_scissor_0_nc_26,1,0,1,0.0,100.0
.f90_respaldo,1,0,1,0.0,100.0
.f90_raul,1,0,1,0.0,100.0
.f90-nojala,1,0,1,0.0,100.0
.hexa,1,0,1,0.0,100.0
.medusa,1,0,1,0.0,100.0
.sh_raul,1,0,1,0.0,100.0
.ago-4-2011,1,0,1,0.0,100.0
.altazb,1,0,1,0.0,100.0
.containers,1,0,1,0.0,100.0
.fen,1,0,1,0.0,100.0
.lsm,1,0,1,0.0,100.0
.dia~,1,1,0,100.0,0.0
.xcu,1,0,1,0.0,100.0
.affix,1,0,1,0.0,100.0
.constituent-knowledge,1,0,1,0.0,100.0
.dialect,1,0,1,0.0,100.0
.knowledge,1,0,1,0.0,100.0
.goddesses,1,0,1,0.0,100.0
.gods,1,0,1,0.0,100.0
.people,1,0,1,0.0,100.0
.gerund,1,0,1,0.0,100.0
.cbf,1,0,1,0.0,100.0
.vtc,1,1,0,100.0,0.0
.tsv ,1,0,1,0.0,100.0
.medium,1,0,1,0.0,100.0
.sli,1,0,1,0.0,100.0
.rnw#,1,0,1,0.0,100.0
.sublime-settings,1,0,1,0.0,100.0
.licenseheader,1,0,1,0.0,100.0
.shushi,1,1,0,100.0,0.0
.profiling,1,0,1,0.0,100.0
.sents,1,0,1,0.0,100.0
.loo,1,0,1,0.0,100.0
.rps,1,0,1,0.0,100.0
.pn,1,0,1,0.0,100.0
.14c,1,0,1,0.0,100.0
.xcexplist,1,0,1,0.0,100.0
.relm,1,0,1,0.0,100.0
.kicad_wks,1,0,1,0.0,100.0
.all-data,1,0,1,0.0,100.0
.cb2,1,0,1,0.0,100.0
.ano,1,0,1,0.0,100.0
.ano~,1,0,1,0.0,100.0
.egg-info,1,0,1,0.0,100.0
.inofunctiontest,1,0,1,0.0,100.0
.cdx,1,0,1,0.0,100.0
.trec_eval,1,0,1,0.0,100.0
.12-config,1,0,1,0.0,100.0
.jbx,1,0,1,0.0,100.0
.isa,1,0,1,0.0,100.0
.tact,1,0,1,0.0,100.0
.tolk,1,0,1,0.0,100.0
.qcow2,1,0,1,0.0,100.0
.exe_here_,1,0,1,0.0,100.0
.mlpkginstall,1,0,1,0.0,100.0
.prod,1,0,1,0.0,100.0
.guesser,1,0,1,0.0,100.0
.twoc,1,0,1,0.0,100.0
.phmc,1,0,1,0.0,100.0
.plugin,1,0,1,0.0,100.0
.rs3,1,0,1,0.0,100.0
.trectext,1,0,1,0.0,100.0
.lock_old,1,0,1,0.0,100.0
.buildnetwork,1,0,1,0.0,100.0
.elevator,1,0,1,0.0,100.0
.exf,1,0,1,0.0,100.0
.ordering,1,0,1,0.0,100.0
.clq,1,0,1,0.0,100.0
.rails2,1,0,1,0.0,100.0
.rb_bu,1,0,1,0.0,100.0
.c-handout,1,0,1,0.0,100.0
.js#,1,0,1,0.0,100.0
.mln,1,0,1,0.0,100.0
.ewkt,1,0,1,0.0,100.0
.wkb,1,0,1,0.0,100.0
.css_,1,0,1,0.0,100.0
.20150916010329,1,0,1,0.0,100.0
.20150916010433,1,0,1,0.0,100.0
.d6,1,0,1,0.0,100.0
.emu,1,0,1,0.0,100.0
.skp,1,1,0,100.0,0.0
.hole2grid,1,0,1,0.0,100.0
.picks,1,0,1,0.0,100.0
.modifierrules,1,0,1,0.0,100.0
.pma,1,0,1,0.0,100.0
.ofcontroller,1,0,1,0.0,100.0
.seerapiplugin,1,0,1,0.0,100.0
.seermgtservice,1,0,1,0.0,100.0
.packetlistener,1,0,1,0.0,100.0
.build_instructions,1,0,1,0.0,100.0
.vrmanifest,1,0,1,0.0,100.0
.gm1,1,0,1,0.0,100.0
