extension,unclassified_files,pct_of_unclassified_files,excluded_by_design,source_like
.png,293313,11.291,False,False
(none),158692,6.1088,False,False
.csv,153677,5.9157,True,False
.json,113528,4.3702,True,False
.jpg,112901,4.3461,False,False
.pdb,89683,3.4523,False,False
.gz,81389,3.133,False,False
.py,73811,2.8413,False,True
.db,63545,2.4461,True,False
.xml,62190,2.394,True,False
.txt,61213,2.3564,False,False
.e_output,48174,1.8544,False,False
.m,45361,1.7462,False,True
.dat,39475,1.5196,False,False
.html,34656,1.3341,False,False
.cs,34155,1.3148,False,True
.h,32140,1.2372,False,True
.es,29110,1.1206,False,False
.en,29100,1.1202,False,False
.out,28240,1.0871,False,False
.meta,25752,0.9913,False,False
.mp4,25293,0.9736,False,False
.pdf,24027,0.9249,False,False
.mat,23401,0.9008,False,False
.fasta,22976,0.8845,False,False
.npy,22663,0.8724,True,False
.cif,22197,0.8545,False,False
.kp,20803,0.8008,False,False
.js,19466,0.7493,False,True
.r,17678,0.6805,False,True
.class,17544,0.6753,False,False
.yaml,15033,0.5787,True,False
.lisp,14246,0.5484,False,False
.hpp,14234,0.5479,False,True
.proof,13865,0.5337,False,False
.csvy,13775,0.5303,False,False
.svg,13564,0.5221,False,False
.lsp,12984,0.4998,False,False
.rd,12804,0.4929,False,False
.sh,12796,0.4926,False,True
.c,12555,0.4833,False,True
.pddl,11252,0.4331,False,False
.bin,11045,0.4252,False,False
.tif,10217,0.3933,False,False
.yml,10024,0.3859,True,False
.pkl,9954,0.3832,True,False
.pl,9886,0.3806,False,True
.cb,9762,0.3758,False,False
.cpp,9436,0.3632,False,True
.php,9222,0.355,False,True
.md,8650,0.333,False,False
.hea,8619,0.3318,False,False
.tsv,8381,0.3226,True,False
.hh,7357,0.2832,False,False
.gif,7346,0.2828,False,False
.conll,7334,0.2823,False,False
.mables,7270,0.2799,False,False
.ante_scores,7270,0.2799,False,False
.chains,7270,0.2799,False,False
.ovf,7133,0.2746,False,False
.xyz,6703,0.258,False,False
.agda,6623,0.2549,False,False
.css,6585,0.2535,False,False
.java,5974,0.23,False,True
.dae,5581,0.2148,False,False
.ipynb,5546,0.2135,False,True
.jar,5226,0.2012,False,False
.inc,4805,0.185,False,False
.pyc,4646,0.1788,False,False
.log,4632,0.1783,False,False
.svn-base,4570,0.1759,False,False
.mseed,4537,0.1746,False,False
.pickle,4523,0.1741,True,False
.prefab,4418,0.1701,False,False
.toml,4407,0.1696,True,False
.go,4309,0.1659,False,True
.properties,4142,0.1594,False,False
.xlsx,4072,0.1567,False,False
.adb,4048,0.1558,False,False
.stru,4009,0.1543,False,False
.tfa,3907,0.1504,False,False
.f90,3715,0.143,False,True
.rb,3663,0.141,False,True
.rmd,3477,0.1338,False,False
.info,3456,0.133,False,False
.cxx,3449,0.1328,False,True
.st,3375,0.1299,False,False
.in,3180,0.1224,False,False
.tsx,3108,0.1196,False,True
.ads,3038,0.1169,False,False
.v,2958,0.1139,False,False
.po,2821,0.1086,False,False
.cmake,2794,0.1076,False,False
.vhd,2736,0.1053,False,False
.data,2721,0.1047,False,False
.phy,2668,0.1027,False,False
.sto,2663,0.1025,False,False
.par,2662,0.1025,False,False
.f,2571,0.099,False,True
.tree,2534,0.0975,False,False
.aln,2462,0.0948,False,False
.sql,2447,0.0942,False,True
.wav,2314,0.0891,False,False
.q,2308,0.0888,False,False
.tre,2263,0.0871,False,False
.bed,2159,0.0831,False,False
.cc,2135,0.0822,False,True
.swift,2129,0.082,False,True
.dll,2104,0.081,False,False
.zip,2086,0.0803,False,False
.resx,2072,0.0798,False,False
.rdata,2015,0.0776,False,False
.pt,2015,0.0776,False,False
.hmm,1958,0.0754,False,False
.erl,1939,0.0746,False,False
.groovy,1919,0.0739,False,False
.err,1918,0.0738,False,False
.erb,1903,0.0733,False,False
.abi,1881,0.0724,False,False
.lua,1850,0.0712,False,True
.o,1826,0.0703,False,False
.vtp,1826,0.0703,False,False
.abo,1816,0.0699,False,False
.gd,1811,0.0697,False,False
.fa,1761,0.0678,False,False
.acl2,1754,0.0675,False,False
.hs,1730,0.0666,False,False
.scss,1707,0.0657,False,False
.tex,1683,0.0648,False,False
.t,1676,0.0645,False,False
.jpeg,1668,0.0642,False,False
.pp,1667,0.0642,False,False
.ini,1652,0.0636,True,False
.cfg,1630,0.0627,True,False
.rda,1618,0.0623,False,False
.graphml,1542,0.0594,False,False
.config,1521,0.0586,False,False
.as,1494,0.0575,False,False
.stl,1493,0.0575,False,False
.kmz,1439,0.0554,False,False
.conf,1418,0.0546,False,False
.bc,1392,0.0536,False,False
.ttf,1390,0.0535,False,False
.ml,1389,0.0535,False,False
.h5,1386,0.0534,True,False
.param,1385,0.0533,False,False
.fbx,1376,0.053,False,False
.cell,1343,0.0517,False,False
.dds,1323,0.0509,False,False
.asl,1301,0.0501,False,False
.less,1287,0.0495,False,False
.patch,1259,0.0485,False,False
.annotated,1217,0.0468,False,False
.rates,1199,0.0462,False,False
.sp,1196,0.046,False,False
.bb,1195,0.046,False,False
.ttl,1186,0.0457,True,False
.asset,1181,0.0455,False,False
.npz,1170,0.045,True,False
.sol,1157,0.0445,False,False
.ogg,1132,0.0436,False,False
.cu,1130,0.0435,False,False
.tcl,1125,0.0433,False,False
.xmi,1113,0.0428,False,False
.pro,1078,0.0415,False,False
.test,1077,0.0415,False,False
.p,1059,0.0408,False,False
.pem,1044,0.0402,False,False
.cfcase,1033,0.0398,False,False
.pcap,1015,0.0391,False,False
.csproj,1007,0.0388,False,False
.bat,975,0.0375,False,False
.owl,968,0.0373,True,False
.ltree,945,0.0364,False,False
.xls,937,0.0361,False,False
.i,932,0.0359,False,False
.prefs,926,0.0356,False,False
.ada,923,0.0355,False,False
.dsp,917,0.0353,False,False
.omex,907,0.0349,False,False
.gml,904,0.0348,False,False
.xz,903,0.0348,False,False
.rds,893,0.0344,False,False
.gpr,893,0.0344,False,False
.map,877,0.0338,False,False
.obj,872,0.0336,False,False
.pm,840,0.0323,False,True
.mod,837,0.0322,False,False
.rst,823,0.0317,False,False
.apk,814,0.0313,False,False
.am,811,0.0312,False,False
.pyo,811,0.0312,False,False
.so,802,0.0309,False,False
.textgrid,794,0.0306,False,False
.xsd,785,0.0302,False,False
.eps,785,0.0302,False,False
.cache-3,768,0.0296,False,False
.dot,761,0.0293,False,False
.deft,757,0.0291,False,False
.s,753,0.029,False,False
.ld,737,0.0284,False,False
.fits,730,0.0281,False,False
.clj,721,0.0278,False,False
.hex,712,0.0274,False,False
.fna,695,0.0268,False,False
.mexw64,688,0.0265,False,False
.ms,681,0.0262,False,False
.unity,673,0.0259,False,False
.abs,666,0.0256,False,False
.bedgraph,661,0.0254,False,False
.launch,656,0.0253,False,False
.asm,653,0.0251,False,False
.ico,646,0.0249,False,False
.rq,641,0.0247,False,False
.ino,639,0.0246,False,False
.exe,638,0.0246,False,False
.yuml,623,0.024,False,False
.mexa64,617,0.0238,False,False
.vue,615,0.0237,False,False
.mli,613,0.0236,False,False
.sbvr,607,0.0234,False,False
.rxn,606,0.0233,False,False
.xaml,596,0.0229,False,False
.docx,596,0.0229,False,False
.bel,593,0.0228,False,False
.icf,587,0.0226,False,False
.m4,577,0.0222,False,False
.ecore,576,0.0222,False,False
.pyx,574,0.0221,False,False
.prolog,571,0.022,False,False
.cri,570,0.0219,False,False
.emproject,569,0.0219,False,False
.msg,568,0.0219,False,False
.emsession,568,0.0219,False,False
.uvprojx,567,0.0218,False,False
.uvoptx,566,0.0218,False,False
.ewp,562,0.0216,False,False
.ewd,558,0.0215,False,False
.make,557,0.0214,False,False
.lib,557,0.0214,False,False
.vcxproj,553,0.0213,False,False
.gv,553,0.0213,False,False
.rdb,543,0.0209,False,False
.rdx,541,0.0208,False,False
.btor2,540,0.0208,False,False
.module,531,0.0204,False,False
.gsp,525,0.0202,False,False
.mags,525,0.0202,False,False
.rdf,523,0.0201,True,False
.plist,520,0.02,False,False
.install,514,0.0198,False,False
.ase,510,0.0196,False,False
.bmp,506,0.0195,False,False
.dead,506,0.0195,False,False
.dimacs,505,0.0194,False,False
.augment,505,0.0194,False,False
.mandatory,505,0.0194,False,False
.richseed,505,0.0194,False,False
.label,504,0.0194,False,False
.htm,503,0.0194,False,False
.mxl,502,0.0193,False,False
.ui,499,0.0192,False,False
.uasset,497,0.0191,False,False
.reg,490,0.0189,False,False
.d,486,0.0187,False,False
.inl,481,0.0185,False,False
.ts,479,0.0184,False,True
.qasm,479,0.0184,False,False
.woff,478,0.0184,False,False
.cshtml,472,0.0182,False,False
.pimc,471,0.0181,False,False
.fsf,468,0.018,False,False
.tab,458,0.0176,False,False
.pgm,458,0.0176,False,False
.ned,454,0.0175,False,False
.mk,452,0.0174,False,False
.rproj,451,0.0174,False,False
.fig,451,0.0174,False,False
.mexmaci64,446,0.0172,False,False
.tlog,446,0.0172,False,False
.prototxt,438,0.0169,False,False
.plo,433,0.0167,False,False
.a,433,0.0167,False,False
.jl,432,0.0166,False,True
.tpl,432,0.0166,False,False
.mf,431,0.0166,False,False
.xsl,427,0.0164,False,False
.tar,418,0.0161,False,False
.hxx,416,0.016,False,False
.nc,410,0.0158,False,False
.pure,402,0.0155,False,False
.uml,400,0.0154,False,False
.crt,397,0.0153,False,False
.excludes,397,0.0153,False,False
.narrowpeak,393,0.0151,False,False
.index,391,0.0151,False,False
.jsx,387,0.0149,False,True
.bam,381,0.0147,False,False
.arff,381,0.0147,True,False
.geojson,377,0.0145,False,False
.woff2,376,0.0145,False,False
.sv,376,0.0145,False,False
.tmd,372,0.0143,False,False
.elf64,371,0.0143,False,False
.x3d,365,0.0141,False,False
.mo,363,0.014,False,False
.asc,361,0.0139,False,False
.markdown,359,0.0138,False,False
.vcf,358,0.0138,False,False
.phtml,353,0.0136,False,False
.mexw32,350,0.0135,False,False
.proto,348,0.0134,False,False
.km3,348,0.0134,False,False
.shader,345,0.0133,False,False
.max,345,0.0133,False,False
.oplib,344,0.0132,False,False
.cuh,343,0.0132,False,False
.min,339,0.013,False,False
.eot,331,0.0127,False,False
.cache,331,0.0127,False,False
.dbf,326,0.0125,False,False
.mexglx,325,0.0125,False,False
.1,324,0.0125,False,False
.scn,323,0.0124,False,False
.ci,316,0.0122,False,False
.shp,315,0.0121,False,False
.data-00000-of-00001,314,0.0121,False,False
.shx,314,0.0121,False,False
.mjs,313,0.012,False,False
.lock,312,0.012,False,False
.bz2,312,0.012,False,False
.cmd,312,0.012,False,False
.output,310,0.0119,False,False
.package,310,0.0119,False,False
.jsp,309,0.0119,False,False
.dsldm,306,0.0118,False,False
.xme,306,0.0118,False,False
.xasm,306,0.0118,False,False
.ipp,305,0.0117,False,False
.yield_table,305,0.0117,False,False
.mse,305,0.0117,False,False
.phy_phyml_tree,305,0.0117,False,False
.template,304,0.0117,False,False
.asml,304,0.0117,False,False
.prj,303,0.0117,False,False
.opt,301,0.0116,False,False
.sln,300,0.0115,False,False
.aes,300,0.0115,False,False
.tiff,299,0.0115,False,False
.mp3,295,0.0114,False,False
.checked,294,0.0113,False,False
.key,293,0.0113,False,False
.vi,292,0.0112,False,False
.emf,292,0.0112,False,False
.ctl,291,0.0112,False,False
.gplt,290,0.0112,False,False
.msstats,290,0.0112,False,False
.mno,290,0.0112,False,False
.faa,289,0.0111,False,False
.hdr,285,0.011,False,False
.rat,277,0.0107,False,False
.bats,274,0.0105,False,False
.nf,273,0.0105,False,False
.ipf,273,0.0105,False,False
.gpl,273,0.0105,False,False
.mtl,271,0.0104,False,False
.iml,270,0.0104,False,False
.srq,270,0.0104,False,False
.cafe,267,0.0103,False,False
.g,266,0.0102,False,False
.inp,265,0.0102,False,False
.twig,265,0.0102,False,False
.chk,262,0.0101,False,False
.lo,259,0.01,False,False
.jsonl,257,0.0099,True,False
.hgh,257,0.0099,False,False
.do,257,0.0099,False,False
.snap,256,0.0099,False,False
.slx,253,0.0097,False,False
.params,252,0.0097,False,False
.bib,248,0.0095,False,False
.cnf,248,0.0095,False,False
.gradle,246,0.0095,False,False
.xtend,244,0.0094,False,False
.cf,244,0.0094,False,False
.motif,244,0.0094,False,False
.bt2,240,0.0092,False,False
.maxhelp,240,0.0092,False,False
.coffee,239,0.0092,False,False
.maxpat,238,0.0092,False,False
.strings,237,0.0091,False,False
.m~,236,0.0091,False,False
.tga,236,0.0091,False,False
.feature,235,0.009,False,False
.gro,232,0.0089,False,False
.0,230,0.0089,False,False
.def,230,0.0089,False,False
.ctp,230,0.0089,False,False
.asp,229,0.0088,False,False
.3,226,0.0087,False,False
.mac,226,0.0087,False,False
.qml,222,0.0085,False,False
.frq,222,0.0085,False,False
.hoc,222,0.0085,False,False
.trees,222,0.0085,False,False
.fast5,221,0.0085,False,False
.pxd,220,0.0085,False,False
.awk,220,0.0085,False,False
.sparql,220,0.0085,False,False
.mxml,220,0.0085,False,False
.desktop,217,0.0084,False,False
.000000,217,0.0084,False,False
.fas,216,0.0083,False,False
.flags,216,0.0083,False,False
.amsr18i,214,0.0082,False,False
.scala,213,0.0082,False,True
.doc,212,0.0082,False,False
.terms,211,0.0081,False,False
.nrg,210,0.0081,False,False
.lm,210,0.0081,False,False
.lus,209,0.008,False,False
.al,209,0.008,False,False
.bash,207,0.008,False,True
.msf,207,0.008,False,False
.inputs,206,0.0079,False,False
.files,205,0.0079,False,False
.res,203,0.0078,False,False
.nb,201,0.0077,False,False
.rar,200,0.0077,False,False
.binvox,200,0.0077,False,False
.gff,198,0.0076,False,False
.resources,198,0.0076,False,False
.hdf5,197,0.0076,True,False
.phy_phyml_stats,197,0.0076,False,False
.cpp-e,193,0.0074,False,False
.bsh,192,0.0074,False,False
.otf,191,0.0074,False,False
.pyi,191,0.0074,False,False
.psd,189,0.0073,False,False
.xhtml,189,0.0073,False,False
.xci,188,0.0072,False,False
.rankings,187,0.0072,False,False
.mexmaci,187,0.0072,False,False
.fastq,186,0.0072,False,False
.e,182,0.007,False,False
.cto,182,0.007,False,False
.sbt,181,0.007,False,False
.eww,179,0.0069,False,False
.cfmesh,178,0.0069,False,False
.cro,178,0.0069,False,False
.ttimes,176,0.0068,False,False
.world,174,0.0067,False,False
.rl,174,0.0067,False,False
.sed,173,0.0067,False,False
.props,172,0.0066,False,False
.sqlpp,171,0.0066,False,False
.maude,169,0.0065,False,False
.ces,169,0.0065,False,False
.ref,168,0.0065,False,False
.wig,168,0.0065,False,False
.pd,168,0.0065,False,False
.elf,167,0.0064,False,False
.rhtml,167,0.0064,False,False
.kicad_mod,166,0.0064,False,False
.frcmod,165,0.0064,False,False
.warn,165,0.0064,False,False
.bs,164,0.0063,False,False
.xsf,163,0.0063,False,False
.restext,163,0.0063,False,False
.a1,162,0.0062,False,False
.src,161,0.0062,False,False
.expected,158,0.0061,False,False
.ps1,157,0.006,False,False
.pir,157,0.006,False,False
.spec,156,0.006,False,False
.dict,156,0.006,False,False
.typ,156,0.006,False,False
.smi,154,0.0059,False,False
.plot,154,0.0059,False,False
.terminal,153,0.0059,False,False
.rpt,153,0.0059,False,False
.model,152,0.0059,False,False
.amsr36i,152,0.0059,False,False
.kts,151,0.0058,False,True
.mid,151,0.0058,False,False
.qza,151,0.0058,False,False
.mesh,151,0.0058,False,False
.filters,150,0.0058,False,False
.pmp,149,0.0057,False,False
.old,148,0.0057,False,False
.sim,148,0.0057,False,False
.uavcan,147,0.0057,False,False
.o2,147,0.0057,False,False
.prepi,146,0.0056,False,False
.ejs,145,0.0056,False,False
.graphql,145,0.0056,False,False
.nex,145,0.0056,False,False
.ax,144,0.0055,False,False
.au,144,0.0055,False,False
.prob,143,0.0055,False,False
.sample,142,0.0055,False,False
.input,142,0.0055,False,False
.hudson,140,0.0054,False,False
.tgz,139,0.0054,False,False
.mtx,139,0.0054,False,False
.directive,139,0.0054,False,False
.xcscheme,138,0.0053,False,False
.off,138,0.0053,False,False
.msh,138,0.0053,False,False
.middiag,138,0.0053,False,False
.exs,138,0.0053,False,False
.ac,137,0.0053,False,False
.ll,137,0.0053,False,False
.gh,137,0.0053,False,False
.dara,137,0.0053,False,False
.xacro,136,0.0052,False,False
.pcss,135,0.0052,False,False
.fxml,135,0.0052,False,False
.qgs,135,0.0052,False,False
.pred,135,0.0052,False,False
.form,134,0.0052,False,False
.sldprt,134,0.0052,False,False
.svelte,134,0.0052,False,False
.fix,134,0.0052,False,False
.ics,134,0.0052,False,False
.root,133,0.0051,False,False
.bai,132,0.0051,False,False
.bedpe,132,0.0051,False,False
.bdeu,132,0.0051,False,False
.swf,131,0.005,False,False
.bak,130,0.005,False,False
.org,128,0.0049,False,False
.dart,127,0.0049,False,False
.sci,126,0.0049,False,False
.h2ci,126,0.0049,False,False
.pper,126,0.0049,False,False
.example,125,0.0048,False,False
.pth,125,0.0048,False,False
.atl,125,0.0048,False,False
.kdump,125,0.0048,False,False
.stdout,124,0.0048,False,False
.service,122,0.0047,False,False
.api,122,0.0047,False,False
.ipt,122,0.0047,False,False
.nsh,122,0.0047,False,False
.manifest,121,0.0047,False,False
.pls,121,0.0047,False,False
.smt2,121,0.0047,False,False
.exo,120,0.0046,False,False
.pot,120,0.0046,False,False
.pbj,120,0.0046,False,False
.pbk,120,0.0046,False,False
.pbs,119,0.0046,False,False
.physicmaterial,119,0.0046,False,False
.all,118,0.0045,False,False
.xtc,118,0.0045,False,False
.orig,117,0.0045,False,False
.buf,116,0.0045,False,False
.list,115,0.0044,False,False
.ale,115,0.0044,False,False
.diff,114,0.0044,False,False
.cls,114,0.0044,False,False
.jsonnet,114,0.0044,False,False
.hyp,114,0.0044,False,False
.settings,113,0.0043,False,False
.pptx,113,0.0043,False,False
.mm,112,0.0043,False,False
.tmpl,112,0.0043,False,False
.user,112,0.0043,False,False
.mro,112,0.0043,False,False
.pkt,112,0.0043,False,False
.jawa,112,0.0043,False,False
.hrl,111,0.0043,False,False
.lnt,111,0.0043,False,False
.crtf,111,0.0043,False,False
.exr,110,0.0042,False,False
.bpmn,109,0.0042,False,False
.ascii,108,0.0042,False,False
.snk,108,0.0042,False,False
.isf,108,0.0042,False,False
.pbxproj,107,0.0041,False,False
.sty,107,0.0041,False,False
.wsdl,107,0.0041,False,False
.gbr,107,0.0041,False,False
.itp,106,0.0041,False,False
.swc,106,0.0041,False,False
.gate,105,0.004,False,False
.irt,105,0.004,False,False
.vhdl,105,0.004,False,False
.srx,105,0.004,False,False
.mot,104,0.004,False,False
.net,104,0.004,False,False
.mos,104,0.004,False,False
.cube,104,0.004,False,False
.xdc,103,0.004,False,False
.rs,103,0.004,False,True
.sign,103,0.004,False,False
.xyc,103,0.004,False,False
.cff,102,0.0039,True,False
.aux,102,0.0039,False,False
.swp,101,0.0039,False,False
.ps,101,0.0039,False,False
.xib,101,0.0039,False,False
.win,101,0.0039,False,False
.inter,101,0.0039,False,False
.spdi,101,0.0039,False,False
.clf,101,0.0039,False,False
.gb,100,0.0038,False,False
.sofa,100,0.0038,False,False
.rake,100,0.0038,False,False
.srv,100,0.0038,False,False
.sim_b,100,0.0038,False,False
.sim_be,100,0.0038,False,False
.sh3d,100,0.0038,False,False
.ctab,100,0.0038,False,False
.2,99,0.0038,False,False
.nii,99,0.0038,False,False
.rtf,99,0.0038,False,False
.vert,99,0.0038,False,False
.detector,99,0.0038,False,False
.ratdb,99,0.0038,False,False
.psp8,98,0.0038,False,False
.pyd,98,0.0038,False,False
.abnf,98,0.0038,False,False
.scat,98,0.0038,False,False
.md5,97,0.0037,False,False
.rules,97,0.0037,False,False
.z,96,0.0037,False,False
.geo,96,0.0037,False,False
.xpr,96,0.0037,False,False
.fm,96,0.0037,False,False
.hm,96,0.0037,False,False
.stan,95,0.0037,False,False
.frag,95,0.0037,False,False
.cer,94,0.0036,False,False
.crc,94,0.0036,False,False
.istar_mavo,94,0.0036,False,False
.local,93,0.0036,False,False
.raw,92,0.0035,False,False
.cl,92,0.0035,False,False
.dcd,92,0.0035,False,False
.vcproj,92,0.0035,False,False
.sdf,92,0.0035,False,False
.asd,92,0.0035,False,False
.tim,92,0.0035,False,False
.stderr,91,0.0035,False,False
.ods,91,0.0035,False,False
.ctf,91,0.0035,False,False
.lst,90,0.0035,False,False
.gnu,90,0.0035,False,False
.xslt,90,0.0035,False,False
.ga,90,0.0035,False,False
.ijm,89,0.0034,False,False
.cat,89,0.0034,False,False
.nml,89,0.0034,False,False
.yara,89,0.0034,False,False
.jld2,88,0.0034,False,False
.top,88,0.0034,False,False
.dist,88,0.0034,False,False
.utr20,88,0.0034,False,False
.handlebars,87,0.0033,False,False
.dis,87,0.0033,False,False
.bdd,87,0.0033,False,False
.xcconfig,86,0.0033,False,False
.fai,86,0.0033,False,False
.yang,86,0.0033,False,False
.tbl,85,0.0033,False,False
.dtd,85,0.0033,False,False
.thm,85,0.0033,False,False
.aps,85,0.0033,False,False
.rsc,84,0.0032,False,False
.jks,84,0.0032,False,False
.sum,83,0.0032,False,False
.build,82,0.0032,False,False
.ai,82,0.0032,False,False
.pgout,82,0.0032,False,False
.lpr,82,0.0032,False,False
.koat,82,0.0032,False,False
.j2,81,0.0031,False,False
.wpc,81,0.0031,False,False
.doctree,81,0.0031,False,False
.exome,81,0.0031,False,False
.sheep,81,0.0031,False,False
.icns,80,0.0031,False,False
.targets,80,0.0031,False,False
.8,80,0.0031,False,False
.vec,80,0.0031,False,False
.step,80,0.0031,False,False
.avif,80,0.0031,False,False
.ftl,79,0.003,False,False
.pha,79,0.003,False,False
.apl,79,0.003,False,False
.nwk,78,0.003,False,False
.str,77,0.003,False,False
.rnw,76,0.0029,False,False
.sch,76,0.0029,False,False
.nix,76,0.0029,False,False
.ckpt,76,0.0029,False,False
.apib,76,0.0029,False,False
.plt,75,0.0029,False,False
.eml,75,0.0029,False,False
.pc,75,0.0029,False,False
.stack,75,0.0029,False,False
.at2,75,0.0029,False,False
.rc,74,0.0028,False,False
.gltf,74,0.0028,False,False
.ann,73,0.0028,False,False
.newick,73,0.0028,False,False
.pcs,73,0.0028,False,False
.job,73,0.0028,False,False
.wandb,73,0.0028,False,False
.asv,72,0.0028,False,False
.sam,72,0.0028,False,False
.csh,72,0.0028,False,False
.a2,72,0.0028,False,False
.region,72,0.0028,False,False
.xcworkspacedata,71,0.0027,False,False
.anim,71,0.0027,False,False
.wxm,71,0.0027,False,False
.pin,70,0.0027,False,False
.psq,70,0.0027,False,False
.cabal,70,0.0027,False,False
.cab,70,0.0027,False,False
.com,70,0.0027,False,False
.idl,70,0.0027,False,False
.psf,70,0.0027,False,False
.vm,69,0.0027,False,False
.glsl,69,0.0027,False,False
.phr,69,0.0027,False,False
.el,69,0.0027,False,False
.y,69,0.0027,False,False
.nsi,69,0.0027,False,False
.sig,69,0.0027,False,False
.readme,69,0.0027,False,False
.xscade,69,0.0027,False,False
.edl,69,0.0027,False,False
.dblite,69,0.0027,False,False
.kremlin,69,0.0027,False,False
.dic,69,0.0027,False,False
.clm,69,0.0027,False,False
.pbin,69,0.0027,False,False
.pri,67,0.0026,False,False
.l,67,0.0026,False,False
.3dti-hrtf,67,0.0026,False,False
.fst,67,0.0026,False,False
.rt,67,0.0026,False,False
.aps2,67,0.0026,False,False
.nlf,67,0.0026,False,False
.aidl,66,0.0025,False,False
.tlsf,66,0.0025,False,False
.mech,66,0.0025,False,False
.feather,66,0.0025,True,False
.ors,66,0.0025,False,False
.tokens,65,0.0025,False,False
.fs,65,0.0025,False,False
.zc,65,0.0025,False,False
.doctest,65,0.0025,False,False
.csq,65,0.0025,False,False
.prop,64,0.0025,False,False
.neu,64,0.0025,False,False
.slurm,64,0.0025,False,False
.bpl,64,0.0025,False,False
.val,64,0.0025,False,False
.ghuser,64,0.0025,False,False
.n3,63,0.0024,False,False
.mix,63,0.0024,False,False
.nl,63,0.0024,False,False
.baml,63,0.0024,False,False
.rbi,63,0.0024,False,False
.txx,63,0.0024,False,False
.sbatch,62,0.0024,False,False
.history,62,0.0024,False,False
.lang,62,0.0024,False,False
.dylib,61,0.0023,False,False
.zmat,61,0.0023,False,False
.ceq,61,0.0023,False,False
.keyw,61,0.0023,False,False
.filez,61,0.0023,False,False
.sub,60,0.0023,False,False
.inf,60,0.0023,False,False
.prmtop,60,0.0023,False,False
.thingml,60,0.0023,False,False
.plan,60,0.0023,False,False
.wad,60,0.0023,False,False
.save,59,0.0023,False,False
.onnx,59,0.0023,False,False
.dyjson,59,0.0023,False,False
.sse,59,0.0023,False,False
.typed,58,0.0022,False,False
.storyboard,58,0.0022,False,False
.adoc,58,0.0022,False,False
.ds_store,58,0.0022,False,False
.x,58,0.0022,False,False
.controller,58,0.0022,False,False
.cwl,58,0.0022,False,False
.xpm,58,0.0022,False,False
.dh,58,0.0022,False,False
.hh~,58,0.0022,False,False
.guess,57,0.0022,False,False
.cpg,57,0.0022,False,False
.suo,57,0.0022,False,False
.mlapp,57,0.0022,False,False
.gemspec,57,0.0022,False,False
.sobj,57,0.0022,False,False
.mfem_root,57,0.0022,False,False
.tntp,57,0.0022,False,False
.7z,56,0.0022,False,False
.gexf,56,0.0022,False,False
.xy,56,0.0022,False,False
.pug,56,0.0022,False,False
.kij,56,0.0022,False,False
.reference_output,56,0.0022,False,False
.nuspec,55,0.0021,False,False
.hs-boot,55,0.0021,False,False
.aar,55,0.0021,False,False
.p12,55,0.0021,False,False
.tpr,55,0.0021,False,False
.mol2,55,0.0021,False,False
.classdiagram,55,0.0021,False,False
.syn,55,0.0021,False,False
.bbappend,55,0.0021,False,False
.j3m,55,0.0021,False,False
.3dm,55,0.0021,False,False
.dox,54,0.0021,False,False
.genmodel,53,0.002,False,False
.avi,53,0.002,False,False
.graph,53,0.002,False,False
.internal,53,0.002,False,False
.swatch,53,0.002,False,False
.reaction,53,0.002,False,False
.lagda,53,0.002,False,False
.env,52,0.002,False,False
.script,52,0.002,False,False
.mexmac,52,0.002,False,False
.adc,52,0.002,False,False
.features,52,0.002,False,False
.adf,51,0.002,False,False
.ins,51,0.002,False,False
.prm,51,0.002,False,False
.tmp,51,0.002,False,False
.ofn,51,0.002,False,False
.adl,51,0.002,False,False
.py~,50,0.0019,False,False
.bst,50,0.0019,False,False
.toc,50,0.0019,False,False
.piqi,50,0.0019,False,False
.adm,50,0.0019,False,False
.broadpeak,50,0.0019,False,False
.asmdef,49,0.0019,False,False
.whl,49,0.0019,False,False
.vb,49,0.0019,False,False
.dcf,48,0.0018,False,False
.bim,48,0.0018,False,False
.ecl,48,0.0018,False,False
.lox,48,0.0018,False,False
.gbk,47,0.0018,False,False
.dockerfile,47,0.0018,False,False
.webp,47,0.0018,False,False
.default,47,0.0018,False,False
.5,47,0.0018,False,False
.aspx,47,0.0018,False,False
.t7,47,0.0018,False,False
.nt,47,0.0018,True,False
.wdl,47,0.0018,False,False
.lean,47,0.0018,False,False
.fl,47,0.0018,False,False
.col,46,0.0018,False,False
.xcf,46,0.0018,False,False
.rviz,46,0.0018,False,False
.gephi,46,0.0018,False,False
.nw,45,0.0017,False,False
.pde,45,0.0017,False,False
.circom,45,0.0017,False,False
.exp,45,0.0017,False,False
.th,45,0.0017,False,False
.skip,45,0.0017,False,False
.qpj,45,0.0017,False,False
.tmtheme,45,0.0017,False,False
.blastn,45,0.0017,False,False
.pomdp,45,0.0017,False,False
.paw,44,0.0017,False,False
.postinst,44,0.0017,False,False
.g4,44,0.0017,False,False
.px2,44,0.0017,False,False
.3pcap,44,0.0017,False,False
.hhe,44,0.0017,False,False
.hhn,44,0.0017,False,False
.hhz,44,0.0017,False,False
.stub,44,0.0017,False,False
.scad,44,0.0017,False,False
.yul,44,0.0017,False,False
.fp,44,0.0017,False,False
.fulloutput,44,0.0017,False,False
.pik,44,0.0017,False,False
.ninja,44,0.0017,False,False
.dlog,44,0.0017,False,False
.pairs,43,0.0017,False,False
.order,43,0.0017,False,False
.gotmpl,43,0.0017,False,False
.compile,43,0.0017,False,False
.txt~,42,0.0016,False,False
.modulemap,42,0.0016,False,False
.original,42,0.0016,False,False
.ply,42,0.0016,False,False
.cd,42,0.0016,False,False
.nn,42,0.0016,False,False
.jld,42,0.0016,False,False
.tec,42,0.0016,False,False
.lastbuildstate,42,0.0016,False,False
.batch,42,0.0016,False,False
.varparams,42,0.0016,False,False
.psql,42,0.0016,False,False
.sunwcch,42,0.0016,False,False
.tbi,41,0.0016,False,False
.smk,41,0.0016,False,False
.dotsettings,41,0.0016,False,False
.opi,41,0.0016,False,False
.ncd,41,0.0016,False,False
.mll,41,0.0016,False,False
.exc,41,0.0016,False,False
.sage,41,0.0016,False,False
.torrent,41,0.0016,False,False
.bnf,41,0.0016,False,False
.productline,41,0.0016,False,False
.weave,41,0.0016,False,False
.mustache,40,0.0015,False,False
.jinja2,40,0.0015,False,False
.options,40,0.0015,False,False
.ru,40,0.0015,False,False
.arch,40,0.0015,False,False
.mov,40,0.0015,False,False
.bazel,40,0.0015,False,False
.spl,40,0.0015,False,False
.stamp,40,0.0015,False,False
.lbr,40,0.0015,False,False
.jadd,40,0.0015,False,False
.xsp,40,0.0015,False,False
.gbn,40,0.0015,False,False
.names,39,0.0015,False,False
.qrc,39,0.0015,False,False
.gff3,39,0.0015,False,False
.g3dj,39,0.0015,False,False
.http,39,0.0015,False,False
.finc,39,0.0015,False,False
.qm,39,0.0015,False,False
.vs,39,0.0015,False,False
.pop,39,0.0015,False,False
.function,39,0.0015,False,False
.cmnd,39,0.0015,False,False
.sml,38,0.0015,False,False
.tagger,38,0.0015,False,False
.kml,38,0.0015,False,False
.datasource,38,0.0015,False,False
.req,38,0.0015,False,False
.nexus,38,0.0015,False,False
.svc,38,0.0015,False,False
._trace,38,0.0015,False,False
.perl,38,0.0015,False,False
.biom,38,0.0015,False,False
.gp,38,0.0015,False,False
.coor,38,0.0015,False,False
.grc,37,0.0014,False,False
.fnt,37,0.0014,False,False
.lesser,37,0.0014,False,False
.rout,37,0.0014,False,False
.mps,37,0.0014,False,False
.mdb,37,0.0014,False,False
.agda-lib,37,0.0014,False,False
.fls,37,0.0014,False,False
.classdiagram_mavo,37,0.0014,False,False
.brd,37,0.0014,False,False
.haml,37,0.0014,False,False
.gmtx,37,0.0014,False,False
.1-2,37,0.0014,False,False
.1-3,37,0.0014,False,False
.1-4,37,0.0014,False,False
.1-5,37,0.0014,False,False
.2-2,37,0.0014,False,False
.2-3,37,0.0014,False,False
.2-4,37,0.0014,False,False
.2-5,37,0.0014,False,False
.pch,36,0.0014,False,False
.fam,36,0.0014,False,False
.sif,36,0.0014,False,False
.mlx,36,0.0014,False,False
.mexmaca64,36,0.0014,False,False
.dirs,36,0.0014,False,False
.pb,36,0.0014,False,False
.xsc,36,0.0014,False,False
.metadata,36,0.0014,False,False
.iso,36,0.0014,False,False
.300,36,0.0014,False,False
.mar,36,0.0014,False,False
.msgpack,36,0.0014,False,False
.aps1,36,0.0014,False,False
.clstr,36,0.0014,False,False
.graphqls,36,0.0014,False,False
.thtml,36,0.0014,False,False
.cost,36,0.0014,False,False
.001,35,0.0013,False,False
.dex,35,0.0013,False,False
.pspnc,35,0.0013,False,False
.sbn,35,0.0013,False,False
.sbx,35,0.0013,False,False
.caffemodel,35,0.0013,False,False
.pub,35,0.0013,False,False
.aj,35,0.0013,False,False
.mcr,35,0.0013,False,False
.ppm,35,0.0013,False,False
.svd,35,0.0013,False,False
.brite,35,0.0013,False,False
.option,35,0.0013,False,False
.jy,35,0.0013,False,False
.obs,35,0.0013,False,False
.tld,34,0.0013,False,False
.annot,34,0.0013,False,False
.sav,34,0.0013,False,False
.mak,34,0.0013,False,False
.bbl,34,0.0013,False,False
.od,34,0.0013,False,False
.urdf,34,0.0013,False,False
.dummy,34,0.0013,False,False
.language,34,0.0013,False,False
.saved,34,0.0013,False,False
.pipeline-config,34,0.0013,False,False
.proj,34,0.0013,False,False
.ehe,34,0.0013,False,False
.ehn,34,0.0013,False,False
.ehz,34,0.0013,False,False
.ascx,34,0.0013,False,False
.any,34,0.0013,False,False
.j3o,34,0.0013,False,False
.kpp,34,0.0013,False,False
.cxls,33,0.0013,False,False
.la,33,0.0013,False,False
.cys,33,0.0013,False,False
.4,33,0.0013,False,False
.dcm,33,0.0013,False,False
.cginc,33,0.0013,False,False
.tsp,33,0.0013,False,False
.sct,33,0.0013,False,False
.der,33,0.0013,False,False
.jrag,33,0.0013,False,False
.sts,33,0.0013,False,False
.05-1,33,0.0013,False,False
.05-2,33,0.0013,False,False
.05-3,33,0.0013,False,False
.05-4,33,0.0013,False,False
.05-5,33,0.0013,False,False
.1-1,33,0.0013,False,False
.15-1,33,0.0013,False,False
.15-2,33,0.0013,False,False
.15-3,33,0.0013,False,False
.15-4,33,0.0013,False,False
.15-5,33,0.0013,False,False
.2-1,33,0.0013,False,False
.pspimage,33,0.0013,False,False
.gpx,32,0.0012,False,False
.002,32,0.0012,False,False
.rcx,32,0.0012,False,False
.blend,32,0.0012,False,False
.pos,32,0.0012,False,False
.em,32,0.0012,False,False
.iss,32,0.0012,False,False
.swinb,32,0.0012,False,False
.jape,32,0.0012,False,False
.hoa,32,0.0012,False,False
.grapp,32,0.0012,False,False
.fdb,32,0.0012,False,False
.fld,32,0.0012,False,False
.flm,32,0.0012,False,False
.trace,31,0.0012,False,False
.mg,31,0.0012,False,False
.header,31,0.0012,False,False
.fea,31,0.0012,False,False
.odt,31,0.0012,False,False
.de,31,0.0012,False,False
.hbs,31,0.0012,False,False
.lat,31,0.0012,False,False
.run,30,0.0012,False,False
.6,30,0.0012,False,False
.nbin,30,0.0012,False,False
.bn,30,0.0012,False,False
.sldasm,30,0.0012,False,False
.con,30,0.0012,False,False
.parset,30,0.0012,False,False
.wlt,30,0.0012,False,False
.gjf,30,0.0012,False,False
.alloy,30,0.0012,False,False
.row,30,0.0012,False,False
.ex,30,0.0012,False,False
.pytorch,30,0.0012,False,False
.rls,30,0.0012,False,False
.landmarkascii,30,0.0012,False,False
.tt,29,0.0011,False,False
.name,29,0.0011,False,False
.html~,29,0.0011,False,False
.mgz,29,0.0011,False,False
.disabled,29,0.0011,False,False
.spc,29,0.0011,False,False
.lds,29,0.0011,False,False
.only,29,0.0011,False,False
.license,29,0.0011,False,False
.line,29,0.0011,False,False
.fr,29,0.0011,False,False
.excalidraw,29,0.0011,False,False
.bw,29,0.0011,False,False
.pxi,29,0.0011,False,False
.pipeline,29,0.0011,False,False
.crd,29,0.0011,False,False
.balzac,29,0.0011,False,False
.qc,29,0.0011,False,False
.yld,29,0.0011,False,False
.filtered,29,0.0011,False,False
.hash,29,0.0011,False,False
.sh~,28,0.0011,False,False
.xcuserstate,28,0.0011,False,False
.debug,28,0.0011,False,False
.vim,28,0.0011,False,False
.7,28,0.0011,False,False
.tru,28,0.0011,False,False
.pfx,28,0.0011,False,False
.event,28,0.0011,False,False
.check_cache,28,0.0011,False,False
.zero,28,0.0011,False,False
.kv,28,0.0011,False,False
.jade,28,0.0011,False,False
.unv,28,0.0011,False,False
.cjs,27,0.001,False,False
.amf,27,0.001,False,False
.dia,27,0.001,False,False
.init,27,0.001,False,False
.component,27,0.001,False,False
.csl,27,0.001,False,False
.eqn,27,0.001,False,False
.llik,27,0.001,False,False
.mdp,27,0.001,False,False
.sqlite,27,0.001,True,False
.opts,27,0.001,False,False
.conv,27,0.001,False,False
.np,27,0.001,False,False
.piq,27,0.001,False,False
.scl,27,0.001,False,False
.tri,27,0.001,False,False
.safsu,27,0.001,False,False
.sbml,27,0.001,False,False
.submit,27,0.001,False,False
.tfm,27,0.001,False,False
.overlay,27,0.001,False,False
.styl,26,0.001,False,False
.egg,26,0.001,False,False
.seq,26,0.001,False,False
.parquet,26,0.001,True,False
.tx,26,0.001,False,False
.rsf,26,0.001,False,False
.sc,26,0.001,False,False
.it,26,0.001,False,False
.npo,26,0.001,False,False
.castep,26,0.001,False,False
.gaml,26,0.001,False,False
.bag,26,0.001,False,False
.bc18map,26,0.001,False,False
.ダウンロード,26,0.001,False,False
.arc,26,0.001,False,False
.jpage,26,0.001,False,False
.counts,25,0.001,False,False
.003,25,0.001,False,False
.mfa,25,0.001,False,False
.gmt,25,0.001,False,False
.xtext,25,0.001,False,False
.eviewpoint,25,0.001,False,False
.drl,25,0.001,False,False
.app,25,0.001,False,False
.pump,25,0.001,False,False
.ds,25,0.001,False,False
.qsub,25,0.001,False,False
.graffle,25,0.001,False,False
.ft,25,0.001,False,False
.ttm,25,0.001,False,False
.ct,25,0.001,False,False
.molecule,25,0.001,False,False
.backup,25,0.001,False,False
.henshin,25,0.001,False,False
.henshin_diagram,25,0.001,False,False
.tax,25,0.001,False,False
.modeldef,25,0.001,False,False
.sas,25,0.001,False,False
.pssm,25,0.001,False,False
.tf,25,0.001,False,False
.ipac,25,0.001,False,False
.lyx,25,0.001,False,False
.zy,25,0.001,False,False
.h~,24,0.0009,False,False
.pod,24,0.0009,False,False
.help,24,0.0009,False,False
.geom,24,0.0009,False,False
.gfa,24,0.0009,False,False
.stdin,24,0.0009,False,False
.ser,24,0.0009,False,False
.trn,24,0.0009,False,False
.pts,24,0.0009,False,False
.bkp,24,0.0009,False,False
.blg,24,0.0009,False,False
.material,24,0.0009,False,False
.prerm,24,0.0009,False,False
.dxf,24,0.0009,False,False
.bunch,24,0.0009,False,False
.copairs,24,0.0009,False,False
.misppairs,24,0.0009,False,False
.200,24,0.0009,False,False
.tabular,24,0.0009,False,False
.r~,24,0.0009,False,False
.sm,24,0.0009,False,False
.smt,24,0.0009,False,False
.rng,24,0.0009,False,False
.freq,24,0.0009,False,False
.failed_md5,24,0.0009,False,False
.hx,23,0.0009,False,False
.stat,23,0.0009,False,False
.gpg,23,0.0009,False,False
.razor,23,0.0009,False,False
.face,23,0.0009,False,False
.pqr,23,0.0009,False,False
.pep,23,0.0009,False,False
.vrb,23,0.0009,False,False
.dump,23,0.0009,False,False
.nrrd,23,0.0009,False,False
.wmz,23,0.0009,False,False
.pom,23,0.0009,False,False
.bgen,23,0.0009,False,False
.wgsl,23,0.0009,False,False
.las,23,0.0009,False,False
.400,23,0.0009,False,False
.marks,23,0.0009,False,False
.obo,23,0.0009,False,False
.packet,23,0.0009,False,False
.bugfix,23,0.0009,False,False
.pref,23,0.0009,False,False
.tfrecords,23,0.0009,False,False
.pre,22,0.0008,False,False
.osim,22,0.0008,False,False
.ix,22,0.0008,False,False
.gnuplot,22,0.0008,False,False
.nhr,22,0.0008,False,False
.nin,22,0.0008,False,False
.nsq,22,0.0008,False,False
.fhi,22,0.0008,False,False
.args,22,0.0008,False,False
.sys,22,0.0008,False,False
.vspscc,22,0.0008,False,False
.posl,22,0.0008,False,False
.release,22,0.0008,False,False
.static,22,0.0008,False,False
.dev,22,0.0008,False,False
.xpt,22,0.0008,False,False
.desc,22,0.0008,False,False
.md5sum,22,0.0008,False,False
.mol,22,0.0008,False,False
.story,22,0.0008,False,False
.ks,22,0.0008,False,False
.fo,22,0.0008,False,False
.annotation,22,0.0008,False,False
.vql,22,0.0008,False,False
.0-1,22,0.0008,False,False
.sha1,22,0.0008,False,False
.menkar,22,0.0008,False,False
.octree,22,0.0008,False,False
.sl,21,0.0008,False,False
.fq,21,0.0008,False,False
.odg,21,0.0008,False,False
.nib,21,0.0008,False,False
.eview,21,0.0008,False,False
.mrt,21,0.0008,False,False
.gin,21,0.0008,False,False
.pbtxt,21,0.0008,False,False
.adv,21,0.0008,False,False
.design,21,0.0008,False,False
.profile,21,0.0008,False,False
.edr,21,0.0008,False,False
.mexsg64,21,0.0008,False,False
.cocommonpairs,21,0.0008,False,False
.commonpairs,21,0.0008,False,False
.mispcommonpairs,21,0.0008,False,False
.grp,21,0.0008,False,False
.preinst,21,0.0008,False,False
.jsonld,21,0.0008,False,False
.astro,21,0.0008,False,False
.mdx,21,0.0008,False,False
.ace,21,0.0008,False,False
.tpp,21,0.0008,False,False
.jrxml,21,0.0008,False,False
.tmplt,21,0.0008,False,False
.colc,21,0.0008,False,False
.lin,21,0.0008,False,False
.case6_4_demo,21,0.0008,False,False
.taggers,21,0.0008,False,False
.j3odata,21,0.0008,False,False
.bob,21,0.0008,False,False
.gcd,21,0.0008,False,False
.pes,21,0.0008,False,False
.abinit,20,0.0008,False,False
.gii,20,0.0008,False,False
.gtf,20,0.0008,False,False
.psp,20,0.0008,False,False
.pac,20,0.0008,False,False
.pyf,20,0.0008,False,False
.new,20,0.0008,False,False
.gen,20,0.0008,False,False
.mit,20,0.0008,False,False
.mly,20,0.0008,False,False
.cspc,20,0.0008,False,False
.thor,20,0.0008,False,False
.cpp~,20,0.0008,False,False
.brf,20,0.0008,False,False
.template~,20,0.0008,False,False
.sfd,20,0.0008,False,False
.shared,20,0.0008,False,False
.rscript,20,0.0008,False,False
.icc,20,0.0008,False,False
.sizes,20,0.0008,False,False
.ott,20,0.0008,False,False
.dpr,20,0.0008,False,False
.anod,20,0.0008,False,False
.gotpl,20,0.0008,False,False
.not_proved,20,0.0008,False,False
.proved,20,0.0008,False,False
.used,20,0.0008,False,False
.iwa,20,0.0008,False,False
.ily,19,0.0007,False,False
.trk,19,0.0007,False,False
.fchk,19,0.0007,False,False
.lop,19,0.0007,False,False
.amb,19,0.0007,False,False
.bwt,19,0.0007,False,False
.sa,19,0.0007,False,False
.version,19,0.0007,False,False
.container,19,0.0007,False,False
.sha256,19,0.0007,False,False
.man,19,0.0007,False,False
.sf,19,0.0007,False,False
.cmakein,19,0.0007,False,False
.h5ad,19,0.0007,False,False
.idx,19,0.0007,False,False
.hamlet,19,0.0007,False,False
.xpl,19,0.0007,False,False
.dsimjob,19,0.0007,False,False
.mcmeta,19,0.0007,False,False
.csm,19,0.0007,False,False
.lf,19,0.0007,False,False
.gamma,19,0.0007,False,False
.zsol,19,0.0007,False,False
.kvg,19,0.0007,False,False
.svn-work,19,0.0007,False,False
.prt,19,0.0007,False,False
.rfo,19,0.0007,False,False
.webm,18,0.0007,False,False
.results,18,0.0007,False,False
.include,18,0.0007,False,False
.state,18,0.0007,False,False
.layout,18,0.0007,False,False
.spydata,18,0.0007,False,False
.jou,18,0.0007,False,False
.rdoc,18,0.0007,False,False
.xccheckout,18,0.0007,False,False
.lref,18,0.0007,False,False
.rnc,18,0.0007,False,False
.rockspec,18,0.0007,False,False
.aird,18,0.0007,False,False
.weights,18,0.0007,False,False
.aa,18,0.0007,False,False
.heh,18,0.0007,False,False
.vtree,18,0.0007,False,False
.classdiagramdiag,18,0.0007,False,False
.dproj,18,0.0007,False,False
.bbclass,18,0.0007,False,False
.art,18,0.0007,False,False
.prc,18,0.0007,False,False
.be,18,0.0007,False,False
.macho64,18,0.0007,False,False
.mt,18,0.0007,False,False
.c4d,18,0.0007,False,False
.aag,18,0.0007,False,False
._,18,0.0007,False,False
.stat_totcorr,18,0.0007,False,False
.stations,18,0.0007,False,False
.nupkg,17,0.0007,False,False
.xcbkptlist,17,0.0007,False,False
.nit,17,0.0007,False,False
.arpa,17,0.0007,False,False
.fragment,17,0.0007,False,False
.genome,17,0.0007,False,False
.ttt,17,0.0007,False,False
.mwe2,17,0.0007,False,False
.baseline,17,0.0007,False,False
.xq,17,0.0007,False,False
.dats,17,0.0007,False,False
.train,17,0.0007,False,False
.ocio,17,0.0007,False,False
.trimmed,17,0.0007,False,False
.iam,17,0.0007,False,False
.si,17,0.0007,False,False
.lefse_summary,17,0.0007,False,False
.12,17,0.0007,False,False
.supp,17,0.0007,False,False
.bcf,17,0.0007,False,False
.cal,17,0.0007,False,False
.un~,17,0.0007,False,False
.incritic,17,0.0007,False,False
.common,17,0.0007,False,False
.tps,17,0.0007,False,False
.ecorediag,17,0.0007,False,False
.mp,17,0.0007,False,False
.dix,17,0.0007,False,False
.coeff,17,0.0007,False,False
.opam,17,0.0007,False,False
.skeleton,17,0.0007,False,False
.zout,17,0.0007,False,False
.grd,17,0.0007,False,False
.cvr,17,0.0007,False,False
.sqn,17,0.0007,False,False
.pulses,17,0.0007,False,False
.upl,17,0.0007,False,False
.month,17,0.0007,False,False
.nodes,17,0.0007,False,False
.year,17,0.0007,False,False
.lhe,17,0.0007,False,False
.5120,17,0.0007,False,False
.csp,17,0.0007,False,False
.vsn,17,0.0007,False,False
.dwg,16,0.0006,False,False
.mex,16,0.0006,False,False
.csv#,16,0.0006,False,False
.004,16,0.0006,False,False
.sc2map,16,0.0006,False,False
.jnilib,16,0.0006,False,False
.pdn,16,0.0006,False,False
.cfs,16,0.0006,False,False
.lintian-overrides,16,0.0006,False,False
.glb,16,0.0006,False,False
.image,16,0.0006,False,False
.glade,16,0.0006,False,False
.tcc,16,0.0006,False,False
.bgd,16,0.0006,False,False
.04,16,0.0006,False,False
.psl,16,0.0006,False,False
.md~,16,0.0006,False,False
.cdl,16,0.0006,False,False
.bzl,16,0.0006,False,False
.06,16,0.0006,False,False
.dat-s,16,0.0006,False,False
.console_out,16,0.0006,False,False
.metavalue,16,0.0006,False,False
.jspf,16,0.0006,False,False
.vsz,16,0.0006,False,False
.cnt,16,0.0006,False,False
.vel,16,0.0006,False,False
.gsn,16,0.0006,False,False
.classdiagramdiag_mavo,16,0.0006,False,False
.grid,16,0.0006,False,False
.g4table,16,0.0006,False,False
.srim,16,0.0006,False,False
.lss,16,0.0006,False,False
.fbs,16,0.0006,False,False
.rulesetprovider,16,0.0006,False,False
.cie,16,0.0006,False,False
.cmi,16,0.0006,False,False
.pdbqt,16,0.0006,False,False
.aiff,16,0.0006,False,False
.testfile,16,0.0006,False,False
.vp,16,0.0006,False,False
.cfg~,16,0.0006,False,False
.dat_results,16,0.0006,False,False
.fpj,16,0.0006,False,False
.ftx,16,0.0006,False,False
.xwam,16,0.0006,False,False
.hypo_inv,16,0.0006,False,False
.entitlements,15,0.0006,False,False
.sqlite3,15,0.0006,True,False
.summary,15,0.0006,False,False
.js~,15,0.0006,False,False
.lgo,15,0.0006,False,False
.dep,15,0.0006,False,False
.teal,15,0.0006,False,False
.hs-incl,15,0.0006,False,False
.exsd,15,0.0006,False,False
.tla,15,0.0006,False,False
.arj,15,0.0006,False,False
.xml~,15,0.0006,False,False
.rendertexture,15,0.0006,False,False
.rsp,15,0.0006,False,False
.types,15,0.0006,False,False
.dbs,15,0.0006,False,False
.adj,15,0.0006,False,False
.wl,15,0.0006,False,False
.pxp,15,0.0006,False,False
.cfe,15,0.0006,False,False
.json5,15,0.0006,False,False
.allx,15,0.0006,False,False
.ally,15,0.0006,False,False
.ty,15,0.0006,False,False
.device,15,0.0006,False,False
.ped,15,0.0006,False,False
.amova,15,0.0006,False,False
.pitch,15,0.0006,False,False
.xcsettings,15,0.0006,False,False
.apfmapping,15,0.0006,False,False
.mexsg,15,0.0006,False,False
.mexsol,15,0.0006,False,False
.true,15,0.0006,False,False
.cljs,15,0.0006,False,False
.human1,15,0.0006,False,False
.jpk-force,15,0.0006,False,False
.sdd,15,0.0006,False,False
.ec,15,0.0006,False,False
.ncl,15,0.0006,False,False
.prf,15,0.0006,False,False
.vala,15,0.0006,False,False
.mapping,15,0.0006,False,False
.gir,15,0.0006,False,False
.rblock,15,0.0006,False,False
.golden,15,0.0006,False,False
.aif,15,0.0006,False,False
.shadergraph,15,0.0006,False,False
.mx3,15,0.0006,False,False
.jenkinsfile,15,0.0006,False,False
.ldscore,15,0.0006,False,False
.tads,15,0.0006,False,False
.fxs,15,0.0006,False,False
.cti,15,0.0006,False,False
.rel,15,0.0006,False,False
.emb,15,0.0006,False,False
.ses,14,0.0005,False,False
.upf,14,0.0005,False,False
.pnml,14,0.0005,False,False
.url,14,0.0005,False,False
.ff,14,0.0005,False,False
.defs,14,0.0005,False,False
.sorted-by-tts,14,0.0005,False,False
.policy,14,0.0005,False,False
.lnk,14,0.0005,False,False
.gmm,14,0.0005,False,False
.bk,14,0.0005,False,False
.b,14,0.0005,False,False
.bit,14,0.0005,False,False
.noun,14,0.0005,False,False
.verb,14,0.0005,False,False
.abc,14,0.0005,False,False
.gts,14,0.0005,False,False
.idb,14,0.0005,False,False
.ifc,14,0.0005,False,False
.slnx,14,0.0005,False,False
.hdfs,14,0.0005,False,False
.lut,14,0.0005,False,False
.trainer,14,0.0005,False,False
.norm,14,0.0005,False,False
.norm~,14,0.0005,False,False
.tag,14,0.0005,False,False
.click,14,0.0005,False,False
.csi,14,0.0005,False,False
.wrl,14,0.0005,False,False
.templ,14,0.0005,False,False
.statemachine,14,0.0005,False,False
.bin+8,14,0.0005,False,False
.bin+4,14,0.0005,False,False
.il,14,0.0005,False,False
.gcc,14,0.0005,False,False
.stream,14,0.0005,False,False
.dyp,14,0.0005,False,False
.cnd,14,0.0005,False,False
.restart,14,0.0005,False,False
.sld,14,0.0005,False,False
.bbmodel,14,0.0005,False,False
.pkg,14,0.0005,False,False
.ffly,14,0.0005,False,False
.ncml,14,0.0005,False,False
.rpm,14,0.0005,False,False
.jstest,14,0.0005,False,False
.gws,14,0.0005,False,False
.sbgn,14,0.0005,False,False
.bar,14,0.0005,False,False
.osm,13,0.0005,False,False
.10,13,0.0005,False,False
.ahead,13,0.0005,False,False
.linux,13,0.0005,False,False
.smiles,13,0.0005,False,False
.dbn,13,0.0005,False,False
.treetop,13,0.0005,False,False
.jslib,13,0.0005,False,False
.cds,13,0.0005,False,False
.status,13,0.0005,False,False
.gbo,13,0.0005,False,False
.gbs,13,0.0005,False,False
.gto,13,0.0005,False,False
.webmanifest,13,0.0005,False,False
.fish,13,0.0005,False,False
.fct,13,0.0005,False,False
.fmt,13,0.0005,False,False
.img,13,0.0005,False,False
.eval,13,0.0005,False,False
.ids,13,0.0005,False,False
.sfp,13,0.0005,False,False
.page,13,0.0005,False,False
.inpcrd,13,0.0005,False,False
.vmd,13,0.0005,False,False
.rml,13,0.0005,False,False
.000,13,0.0005,False,False
.64,13,0.0005,False,False
.clu,13,0.0005,False,False
.theme,13,0.0005,False,False
.sha,13,0.0005,False,False
.kmc,13,0.0005,False,False
.interval_list,13,0.0005,False,False
.assets,13,0.0005,False,False
.count,13,0.0005,False,False
.relationaldatabase_mavo,13,0.0005,False,False
.wiki,13,0.0005,False,False
.hdtcfg,13,0.0005,False,False
.bql,13,0.0005,False,False
.otio,13,0.0005,False,False
.mcl,13,0.0005,False,False
.bc18t,13,0.0005,False,False
.dtf,13,0.0005,False,False
.picked,13,0.0005,False,False
.prb,13,0.0005,False,False
.testsuite,13,0.0005,False,False
.hse,13,0.0005,False,False
.nhx,13,0.0005,False,False
.wkt,13,0.0005,False,False
.hlsl,12,0.0005,False,False
.m4v,12,0.0005,False,False
.p4,12,0.0005,False,False
.f95,12,0.0005,False,True
.mako,12,0.0005,False,False
.cgi,12,0.0005,False,False
.done,12,0.0005,False,False
.fof,12,0.0005,False,False
.manpages,12,0.0005,False,False
.edges,12,0.0005,False,False
.sge,12,0.0005,False,False
.stats,12,0.0005,False,False
.enc,12,0.0005,False,False
.hc,12,0.0005,False,False
.cxt,12,0.0005,False,False
.notation,12,0.0005,False,False
.di,12,0.0005,False,False
.matrix,12,0.0005,False,False
.cbproj,12,0.0005,False,False
.start,12,0.0005,False,False
.source,12,0.0005,False,False
.gtp,12,0.0005,False,False
.har,12,0.0005,False,False
.fsa,12,0.0005,False,False
.gpkg,12,0.0005,False,False
.paths,12,0.0005,False,False
.slab,12,0.0005,False,False
.eqc,12,0.0005,False,False
.xcix,12,0.0005,False,False
.parm7,12,0.0005,False,False
.scssc,12,0.0005,False,False
.rd~,12,0.0005,False,False
.x2r,12,0.0005,False,False
.tc,12,0.0005,False,False
.clrat,12,0.0005,False,False
.lrat,12,0.0005,False,False
.normal,12,0.0005,False,False
.strip,12,0.0005,False,False
.smd,12,0.0005,False,False
.svl,12,0.0005,False,False
.ren,12,0.0005,False,False
.lef,12,0.0005,False,False
.jdl,12,0.0005,False,False
.ktr,12,0.0005,False,False
.fds,12,0.0005,False,False
.dtrace,12,0.0005,False,False
.slog,12,0.0005,False,False
.couch,12,0.0005,False,False
.m_5_50,12,0.0005,False,False
.nxs,12,0.0005,False,False
.vv,12,0.0005,False,False
.pk8,12,0.0005,False,False
.c~,11,0.0004,False,False
.appxmanifest,11,0.0004,False,False
.tfw,11,0.0004,False,False
.rlx,11,0.0004,False,False
.jfd,11,0.0004,False,False
.dockerignore,11,0.0004,False,False
.docs,11,0.0004,False,False
.debian,11,0.0004,False,False
.005,11,0.0004,False,False
.wasm,11,0.0004,False,False
.inline,11,0.0004,False,False
.depend,11,0.0004,False,False
.ncdi,11,0.0004,False,False
.egl,11,0.0004,False,False
.eol,11,0.0004,False,False
.stg,11,0.0004,False,False
.xml_gen,11,0.0004,False,False
.dwlt,11,0.0004,False,False
.rfis,11,0.0004,False,False
.phi0,11,0.0004,False,False
.gbl,11,0.0004,False,False
.gko,11,0.0004,False,False
.cpickle,11,0.0004,False,False
.good,11,0.0004,False,False
.application,11,0.0004,False,False
.bhe,11,0.0004,False,False
.bhn,11,0.0004,False,False
.bhz,11,0.0004,False,False
.cli,11,0.0004,False,False
.snp,11,0.0004,False,False
.drawio,11,0.0004,False,False
.dft,11,0.0004,False,False
.ndx,11,0.0004,False,False
.moon,11,0.0004,False,False
.target,11,0.0004,False,False
.trr,11,0.0004,False,False
.prep,11,0.0004,False,False
.gon,11,0.0004,False,False
.gonstats,11,0.0004,False,False
.cp256,11,0.0004,False,False
.fb,11,0.0004,False,False
.cov,11,0.0004,False,False
.500,11,0.0004,False,False
.events,11,0.0004,False,False
.std,11,0.0004,False,False
.pml,11,0.0004,False,False
.js_broken,11,0.0004,False,False
.intel,11,0.0004,False,False
.texi,11,0.0004,False,False
.schema,11,0.0004,False,False
.oct,11,0.0004,False,False
.dsw,11,0.0004,False,False
.odesign,11,0.0004,False,False
.base,11,0.0004,False,False
.r2016b,11,0.0004,False,False
.inv,11,0.0004,False,False
.snake,11,0.0004,False,False
.schelp,11,0.0004,False,False
.tjs,11,0.0004,False,False
.timeseries,11,0.0004,False,False
.flx,11,0.0004,False,False
.arff 2,11,0.0004,False,False
.arff 3,11,0.0004,False,False
.dom,11,0.0004,False,False
.vels,10,0.0004,False,False
.jmx,10,0.0004,False,False
.mdown,10,0.0004,False,False
.20,10,0.0004,False,False
.tags,10,0.0004,False,False
.grace,10,0.0004,False,False
.ddk,10,0.0004,False,False
.006,10,0.0004,False,False
.links,10,0.0004,False,False
.24,10,0.0004,False,False
.apr,10,0.0004,False,False
.mel,10,0.0004,False,False
.json~,10,0.0004,False,False
.demo,10,0.0004,False,False
.apkg,10,0.0004,False,False
.dotx,10,0.0004,False,False
.lay,10,0.0004,False,False
.cert,10,0.0004,False,False
.gbp,10,0.0004,False,False
.gtl,10,0.0004,False,False
.rul,10,0.0004,False,False
.wbf,10,0.0004,False,False
.dvi,10,0.0004,False,False
.vtk,10,0.0004,False,False
.axes,10,0.0004,False,False
.war,10,0.0004,False,False
.sublime-project,10,0.0004,False,False
.jj,10,0.0004,False,False
.dpx,10,0.0004,False,False
.gzi,10,0.0004,False,False
.align,10,0.0004,False,False
.omh,10,0.0004,False,False
.hlean,10,0.0004,False,False
.assign,10,0.0004,False,False
.linestats,10,0.0004,False,False
.fieldml,10,0.0004,False,False
.kompren,10,0.0004,False,False
.arb,10,0.0004,False,False
.100,10,0.0004,False,False
.256,10,0.0004,False,False
.512,10,0.0004,False,False
.599,10,0.0004,False,False
.700,10,0.0004,False,False
.800,10,0.0004,False,False
.900,10,0.0004,False,False
.xqm,10,0.0004,False,False
.nopct,10,0.0004,False,False
.flux,10,0.0004,False,False
.trad,10,0.0004,False,False
.gms,10,0.0004,False,False
.jnlp,10,0.0004,False,False
.ilk,10,0.0004,False,False
.nse,10,0.0004,False,False
.ress,10,0.0004,False,False
.gmfgen,10,0.0004,False,False
.gmfgraph,10,0.0004,False,False
.gmfmap,10,0.0004,False,False
.gmftool,10,0.0004,False,False
.blend1,10,0.0004,False,False
.cof,10,0.0004,False,False
.nyx,10,0.0004,False,False
.area,10,0.0004,False,False
.mts,10,0.0004,False,False
.y4m,10,0.0004,False,False
.sym,10,0.0004,False,False
.lpmln,10,0.0004,False,False
.arf,10,0.0004,False,False
.edt,10,0.0004,False,False
.edx,10,0.0004,False,False
.epp,10,0.0004,False,False
.docker,10,0.0004,False,False
.flcvr,10,0.0004,False,False
.plg,10,0.0004,False,False
.cascade,10,0.0004,False,False
.tea,10,0.0004,False,False
.mzxml,10,0.0004,False,False
.cogsbox,10,0.0004,False,False
.jsm,10,0.0004,False,False
.correctedsolution,10,0.0004,False,False
.diurnal,10,0.0004,False,False
.cpt,10,0.0004,False,False
.knime,10,0.0004,False,False
.tsdb,10,0.0004,False,False
.jpt,10,0.0004,False,False
.gappedpeak,10,0.0004,False,False
.2d,10,0.0004,False,False
.dr,10,0.0004,False,False
.snippet,10,0.0004,False,False
.neic,10,0.0004,False,False
.pas,9,0.0003,False,False
.scm,9,0.0003,False,False
.report,9,0.0003,False,False
.ly,9,0.0003,False,False
.cor,9,0.0003,False,False
.wsgi,9,0.0003,False,False
.ap_,9,0.0003,False,False
.tagged,9,0.0003,False,False
.atlas,9,0.0003,False,False
.nog,9,0.0003,False,False
.ignore,9,0.0003,False,False
.psml,9,0.0003,False,False
.fc,9,0.0003,False,False
.ambr,9,0.0003,False,False
.escript,9,0.0003,False,False
.vsixmanifest,9,0.0003,False,False
.ris,9,0.0003,False,False
.jp2,9,0.0003,False,False
.autosave,9,0.0003,False,False
.frm,9,0.0003,False,False
.rpc,9,0.0003,False,False
.cthm,9,0.0003,False,False
.neon,9,0.0003,False,False
.numbers,9,0.0003,False,False
.block,9,0.0003,False,False
.fragmentshader,9,0.0003,False,False
.vdproj,9,0.0003,False,False
.gyp,9,0.0003,False,False
.mml,9,0.0003,False,False
.axaml,9,0.0003,False,False
.sublime-workspace,9,0.0003,False,False
.loc,9,0.0003,False,False
.tcs,9,0.0003,False,False
.vsd,9,0.0003,False,False
.ja,9,0.0003,False,False
.128,9,0.0003,False,False
.30,9,0.0003,False,False
.600,9,0.0003,False,False
.includecache,9,0.0003,False,False
.htc,9,0.0003,False,False
.xlsx#,9,0.0003,False,False
.int,9,0.0003,False,False
.shtml,9,0.0003,False,False
.3dti-brir,9,0.0003,False,False
.bp,9,0.0003,False,False
.nlogo,9,0.0003,False,False
.session,9,0.0003,False,False
.dsc,9,0.0003,False,False
.jsonp,9,0.0003,False,False
.docm,9,0.0003,False,False
.c++,9,0.0003,False,False
.pal,9,0.0003,False,False
.z01,9,0.0003,False,False
.tm,9,0.0003,False,False
.ion,9,0.0003,False,False
.mph,9,0.0003,False,False
.tiny,9,0.0003,False,False
.pds,9,0.0003,False,False
.patt,9,0.0003,False,False
.rgs,9,0.0003,False,False
.afa,9,0.0003,False,False
.pf,9,0.0003,False,False
.topostats,9,0.0003,False,False
.hmm2,9,0.0003,False,False
.fg,9,0.0003,False,False
.hp,9,0.0003,False,False
.lab,9,0.0003,False,False
.implications,9,0.0003,False,False
.tsl,9,0.0003,False,False
.grdgmt,9,0.0003,False,False
.latlon,9,0.0003,False,False
.table,8,0.0003,False,False
.tran,8,0.0003,False,False
.bgz,8,0.0003,False,False
.ovr,8,0.0003,False,False
.gdml,8,0.0003,False,False
.csr,8,0.0003,False,False
.g3db,8,0.0003,False,False
.dmg,8,0.0003,False,False
.rsd,8,0.0003,False,False
.128procs,8,0.0003,False,False
.ddb,8,0.0003,False,False
.clusters,8,0.0003,False,False
.louvain,8,0.0003,False,False
.resw,8,0.0003,False,False
.dta,8,0.0003,False,False
.gold,8,0.0003,False,False
.asax,8,0.0003,False,False
.esv,8,0.0003,False,False
.guiskin,8,0.0003,False,False
.lex,8,0.0003,False,False
.rev,8,0.0003,False,False
.framestext,8,0.0003,False,False
.pytor,8,0.0003,False,False
.dataset,8,0.0003,False,False
.spi1d,8,0.0003,False,False
.cfin,8,0.0003,False,False
.codon,8,0.0003,False,False
.32,8,0.0003,False,False
.gemfile,8,0.0003,False,False
.jcm,8,0.0003,False,False
.pcfg,8,0.0003,False,False
.9,8,0.0003,False,False
.action,8,0.0003,False,False
.zsh,8,0.0003,False,True
.mag,8,0.0003,False,False
.interp,8,0.0003,False,False
.jjt,8,0.0003,False,False
.configurations,8,0.0003,False,False
.fio,8,0.0003,False,False
.xlsm,8,0.0003,False,False
.mhelp,8,0.0003,False,False
.ql,8,0.0003,False,False
.text,8,0.0003,False,False
.mllib,8,0.0003,False,False
.matlab,8,0.0003,False,False
.time,8,0.0003,False,False
.lp,8,0.0003,False,False
.vtt,8,0.0003,False,False
.mw,8,0.0003,False,False
.windows,8,0.0003,False,False
.highres,8,0.0003,False,False
.bcs,8,0.0003,False,False
.cbp,8,0.0003,False,False
.os,8,0.0003,False,False
.comp,8,0.0003,False,False
.constraint,8,0.0003,False,False
.statemachinediag,8,0.0003,False,False
.query,8,0.0003,False,False
.pcd,8,0.0003,False,False
.wcfg,8,0.0003,False,False
.long,8,0.0003,False,False
.mgh,8,0.0003,False,False
.yaml~,8,0.0003,False,False
.gds,8,0.0003,False,False
.hpp~,8,0.0003,False,False
.qix,8,0.0003,False,False
.eab,8,0.0003,False,False
.ocb,8,0.0003,False,False
.nbt,8,0.0003,False,False
.pe64,8,0.0003,False,False
.df,8,0.0003,False,False
.leo,8,0.0003,False,False
.ipy,8,0.0003,False,False
.xed,8,0.0003,False,False
.instances,8,0.0003,False,False
.dssp,8,0.0003,False,False
.pomdpx,8,0.0003,False,False
.nn-01000,8,0.0003,False,False
.fastqsanger,8,0.0003,False,False
.pro~,8,0.0003,False,False
.i18n,8,0.0003,False,False
.vfp,8,0.0003,False,False
.apron,8,0.0003,False,False
.tadb,8,0.0003,False,False
.mon,8,0.0003,False,False
.gwd,8,0.0003,False,False
.itx,8,0.0003,False,False
.xop,8,0.0003,False,False
.wise,8,0.0003,False,False
.fak,8,0.0003,False,False
.leopard,8,0.0003,False,False
.chemos-xps-8300,8,0.0003,False,False
.1000hz,8,0.0003,False,False
.iaproj,8,0.0003,False,False
.2levels,8,0.0003,False,False
.coords,8,0.0003,False,False
.coords_tmp,8,0.0003,False,False
.unaligned,8,0.0003,False,False
.rp,8,0.0003,False,False
.shield,8,0.0003,False,False
.wrap,8,0.0003,False,False
.gmtxy,8,0.0003,False,False
.p4~,7,0.0003,False,False
.pcm,7,0.0003,False,False
.gpu,7,0.0003,False,False
.atr,7,0.0003,False,False
.mplstyle,7,0.0003,False,False
.comps,7,0.0003,False,False
.swaps,7,0.0003,False,False
.sexp,7,0.0003,False,False
.vars,7,0.0003,False,False
.maf,7,0.0003,False,False
.psp_mod,7,0.0003,False,False
.pspgth,7,0.0003,False,False
.pcapng,7,0.0003,False,False
.trans,7,0.0003,False,False
.examples,7,0.0003,False,False
.symbols,7,0.0003,False,False
.mdl,7,0.0003,False,False
.gmms,7,0.0003,False,False
.sphere,7,0.0003,False,False
.xswt,7,0.0003,False,False
.stash,7,0.0003,False,False
.tst,7,0.0003,False,False
.pages,7,0.0003,False,False
.sense,7,0.0003,False,False
.rep,7,0.0003,False,False
.t3001,7,0.0003,False,False
.clo,7,0.0003,False,False
.fdt,7,0.0003,False,False
.fdx,7,0.0003,False,False
.fnm,7,0.0003,False,False
.rxntbl,7,0.0003,False,False
.code,7,0.0003,False,False
.loom,7,0.0003,False,False
.ucls,7,0.0003,False,False
.ansible,7,0.0003,False,False
.command,7,0.0003,False,False
.line1,7,0.0003,False,False
.cram,7,0.0003,False,False
.eng,7,0.0003,False,False
.fin,7,0.0003,False,False
.tur,7,0.0003,False,False
.dng,7,0.0003,False,False
.ass,7,0.0003,False,False
.rst7,7,0.0003,False,False
.custom,7,0.0003,False,False
.19,7,0.0003,False,False
.25,7,0.0003,False,False
.350,7,0.0003,False,False
.420,7,0.0003,False,False
.75,7,0.0003,False,False
.crl,7,0.0003,False,False
.sst,7,0.0003,False,False
.pfg,7,0.0003,False,False
.lhs,7,0.0003,False,False
.topojson,7,0.0003,False,False
.avsc,7,0.0003,False,False
.mis,7,0.0003,False,False
.lts,7,0.0003,False,False
.force,7,0.0003,False,False
.qss,7,0.0003,False,False
.vml,7,0.0003,False,False
.short,7,0.0003,False,False
.asis,7,0.0003,False,False
.mobi,7,0.0003,False,False
.nav,7,0.0003,False,False
.card,7,0.0003,False,False
.diag,7,0.0003,False,False
.scores,7,0.0003,False,False
.uvt,7,0.0003,False,False
.bck,7,0.0003,False,False
.kicad_pcb,7,0.0003,False,False
.cvt,7,0.0003,False,False
.mrg,7,0.0003,False,False
.cquery,7,0.0003,False,False
.taxonomy,7,0.0003,False,False
.pxm,7,0.0003,False,False
.bytes,7,0.0003,False,False
.synth,7,0.0003,False,False
.ppt,7,0.0003,False,False
.vdf,7,0.0003,False,False
.pklz,7,0.0003,False,False
.mlmodel,7,0.0003,False,False
.eviewtype,7,0.0003,False,False
.extension,7,0.0003,False,False
.2010,7,0.0003,False,False
.scr,7,0.0003,False,False
.misc,7,0.0003,False,False
.hql,7,0.0003,False,False
.actives,7,0.0003,False,False
.inactives,7,0.0003,False,False
.rngstate,7,0.0003,False,False
.ado,7,0.0003,False,False
.l2,7,0.0003,False,False
.sd,7,0.0003,False,False
.sla,7,0.0003,False,False
.mspdi,7,0.0003,False,False
.icao,7,0.0003,False,False
.ashx,7,0.0003,False,False
.1024,7,0.0003,False,False
.00km,7,0.0003,False,False
.ecsv,7,0.0003,False,False
.gui,7,0.0003,False,False
.sing,7,0.0003,False,False
.namelist,7,0.0003,False,False
.dbl,7,0.0003,False,False
.lcm,7,0.0003,False,False
.ind,6,0.0002,False,False
.pckl,6,0.0002,False,False
.tfam,6,0.0002,False,False
.tped,6,0.0002,False,False
.atomicdata,6,0.0002,False,False
.ofr,6,0.0002,False,False
.3pm,6,0.0002,False,False
.cpu,6,0.0002,False,False
.max_comps,6,0.0002,False,False
.nsd,6,0.0002,False,False
.ebwt,6,0.0002,False,False
.elements,6,0.0002,False,False
.32procs,6,0.0002,False,False
.project,6,0.0002,False,False
.circuit,6,0.0002,False,False
.logger,6,0.0002,False,False
.wxs,6,0.0002,False,False
.axml,6,0.0002,False,False
.ioc,6,0.0002,False,False
.file,6,0.0002,False,False
.system,6,0.0002,False,False
.trg,6,0.0002,False,False
.bundle,6,0.0002,False,False
.tikz,6,0.0002,False,False
.gdf,6,0.0002,False,False
.fla,6,0.0002,False,False
.labels,6,0.0002,False,False
.ldif,6,0.0002,False,False
.spi3d,6,0.0002,False,False
.qmd,6,0.0002,False,False
.cfout,6,0.0002,False,False
.cout,6,0.0002,False,False
.pjs,6,0.0002,False,False
.ptf,6,0.0002,False,False
.pto,6,0.0002,False,False
.testsettings,6,0.0002,False,False
.thmx,6,0.0002,False,False
.roi,6,0.0002,False,False
.lighting,6,0.0002,False,False
.edgelist,6,0.0002,False,False
.ubuntu,6,0.0002,False,False
.svg#fontawesome,6,0.0002,False,False
.logfile,6,0.0002,False,False
.lammps,6,0.0002,False,False
.win32,6,0.0002,False,False
.cdb,6,0.0002,False,False
.tdb,6,0.0002,False,False
.ehoa,6,0.0002,False,False
.line2,6,0.0002,False,False
.poscar,6,0.0002,False,False
.beagle,6,0.0002,False,False
.fdr3,6,0.0002,False,False
.clib,6,0.0002,False,False
.mldylib,6,0.0002,False,False
.dmnd,6,0.0002,False,False
.podspec,6,0.0002,False,False
.hcl,6,0.0002,False,False
.tconf,6,0.0002,False,False
.hdf,6,0.0002,False,False
.mlpack,6,0.0002,False,False
.logic,6,0.0002,False,False
.00,6,0.0002,False,False
.13,6,0.0002,False,False
.41,6,0.0002,False,False
.47,6,0.0002,False,False
.550,6,0.0002,False,False
.768,6,0.0002,False,False
.swo,6,0.0002,False,False
.body,6,0.0002,False,False
.mango,6,0.0002,False,False
.spm,6,0.0002,False,False
.mwb,6,0.0002,False,False
.lac,6,0.0002,False,False
.tm2,6,0.0002,False,False
.3dti-ild,6,0.0002,False,False
.cg,6,0.0002,False,False
.tex~,6,0.0002,False,False
.server231,6,0.0002,False,False
.jpk-force-map,6,0.0002,False,False
.iobj,6,0.0002,False,False
.ipdb,6,0.0002,False,False
.luti,6,0.0002,False,False
.orf,6,0.0002,False,False
.prox,6,0.0002,False,False
.yy,6,0.0002,False,False
.except,6,0.0002,False,False
.ent,6,0.0002,False,False
.pfm,6,0.0002,False,False
.avg_profile,6,0.0002,False,False
.rdr,6,0.0002,False,False
.per,6,0.0002,False,False
.cuda,6,0.0002,False,False
.scaffolds,6,0.0002,False,False
.v2,6,0.0002,False,False
.cc~,6,0.0002,False,False
.pick,6,0.0002,False,False
.readdb,6,0.0002,False,False
.manual,6,0.0002,False,False
.gnumeric,6,0.0002,False,False
.plain,6,0.0002,False,False
.nrm,6,0.0002,False,False
.tii,6,0.0002,False,False
.tis,6,0.0002,False,False
.outputreport,6,0.0002,False,False
.rmd~,6,0.0002,False,False
.empty,6,0.0002,False,False
.3mf,6,0.0002,False,False
.wos,6,0.0002,False,False
.degree_dist,6,0.0002,False,False
.mzml,6,0.0002,False,False
.mnb,6,0.0002,False,False
.txt-utf8,6,0.0002,False,False
.atrpms,6,0.0002,False,False
.emftvm,6,0.0002,False,False
.gid,6,0.0002,False,False
.runsettings,6,0.0002,False,False
.chain,6,0.0002,False,False
.mj2,6,0.0002,False,False
.ms2,6,0.0002,False,False
.cocci,6,0.0002,False,False
.nn-04885,6,0.0002,False,False
.nn-03205,6,0.0002,False,False
.unitypackage,6,0.0002,False,False
.cpc,6,0.0002,False,False
.fasta-gb,6,0.0002,False,False
.u,6,0.0002,False,False
.1r69,6,0.0002,False,False
.accno,6,0.0002,False,False
.gdalinfo,6,0.0002,False,False
.oncvpsp,6,0.0002,False,False
.txml,6,0.0002,False,False
.zipx,6,0.0002,False,False
.xctestplan,6,0.0002,False,False
.ihf,6,0.0002,False,False
.copycomplete,6,0.0002,False,False
.jsdiff,6,0.0002,False,False
.ssdf,6,0.0002,False,False
.1d,6,0.0002,False,False
.6400,6,0.0002,False,False
.hip,6,0.0002,False,False
.ociom,6,0.0002,False,False
.length_filtered_tp,6,0.0002,False,False
.dts,6,0.0002,False,False
.vapi,6,0.0002,False,False
.georss,6,0.0002,False,False
.seerplugin,6,0.0002,False,False
.jspx,5,0.0002,False,False
.tagx,5,0.0002,False,False
.tml,5,0.0002,False,False
.trc,5,0.0002,False,False
.keystore,5,0.0002,False,False
.mlappinstall,5,0.0002,False,False
.trp,5,0.0002,False,False
.xs,5,0.0002,False,False
.contigs,5,0.0002,False,False
.pileup,5,0.0002,False,False
.twol,5,0.0002,False,False
.m5,5,0.0002,False,False
.set,5,0.0002,False,False
.txn,5,0.0002,False,False
.node,5,0.0002,False,False
.lda,5,0.0002,False,False
.agr,5,0.0002,False,False
.dgf,5,0.0002,False,False
.cpproj,5,0.0002,False,False
.userprefs,5,0.0002,False,False
.doxyfile,5,0.0002,False,False
.ruleset,5,0.0002,False,False
.twb,5,0.0002,False,False
.tmlanguage,5,0.0002,False,False
.edf,5,0.0002,False,False
.ffn,5,0.0002,False,False
.lz,5,0.0002,False,False
.lzma,5,0.0002,False,False
.mdc,5,0.0002,False,False
.cloc,5,0.0002,False,False
.result,5,0.0002,False,False
.mpl,5,0.0002,False,False
.msd,5,0.0002,False,False
.svcinfo,5,0.0002,False,False
.css~,5,0.0002,False,False
.partaa,5,0.0002,False,False
.partab,5,0.0002,False,False
.partac,5,0.0002,False,False
.partad,5,0.0002,False,False
.partae,5,0.0002,False,False
.partaf,5,0.0002,False,False
.partag,5,0.0002,False,False
.partah,5,0.0002,False,False
.partai,5,0.0002,False,False
.vc,5,0.0002,False,False
.etp,5,0.0002,False,False
.ewo,5,0.0002,False,False
.vsw,5,0.0002,False,False
.groupproj,5,0.0002,False,False
.dpl,5,0.0002,False,False
.xbm,5,0.0002,False,False
.eig,5,0.0002,False,False
.apr_lib,5,0.0002,False,False
.drr,5,0.0002,False,False
.extrep,5,0.0002,False,False
.ldp,5,0.0002,False,False
.pcbdoc,5,0.0002,False,False
.prjpcb,5,0.0002,False,False
.prjpcbstructure,5,0.0002,False,False
.schdoc,5,0.0002,False,False
.xcprivacy,5,0.0002,False,False
.jison,5,0.0002,False,False
.chm,5,0.0002,False,False
.afdesign,5,0.0002,False,False
.xps,5,0.0002,False,False
.mysql,5,0.0002,False,False
.ddl,5,0.0002,False,False
.fromr_2020-02-29,5,0.0002,False,False
.biopepa,5,0.0002,False,False
.java~,5,0.0002,False,False
.machines,5,0.0002,False,False
.tree7,5,0.0002,False,False
.ops,5,0.0002,False,False
.tersoff,5,0.0002,False,False
.999,5,0.0002,False,False
.ext,5,0.0002,False,False
.specir,5,0.0002,False,False
.pk,5,0.0002,False,False
.hdb,5,0.0002,False,False
.r2b,5,0.0002,False,False
.rtp,5,0.0002,False,False
.me,5,0.0002,False,False
.dx,5,0.0002,False,False
.core,5,0.0002,False,False
.ger,5,0.0002,False,False
.etrees,5,0.0002,False,False
.mgc,5,0.0002,False,False
.spv,5,0.0002,False,False
.epf,5,0.0002,False,False
.dasc,5,0.0002,False,False
.cdf,5,0.0002,False,False
.odp,5,0.0002,False,False
.cmp,5,0.0002,False,False
.var,5,0.0002,False,False
.bsd,5,0.0002,False,False
.sex,5,0.0002,False,False
.007,5,0.0002,False,False
.05,5,0.0002,False,False
.11,5,0.0002,False,False
.14,5,0.0002,False,False
.35,5,0.0002,False,False
.384,5,0.0002,False,False
.399,5,0.0002,False,False
.50,5,0.0002,False,False
.fit,5,0.0002,False,False
.webgmex,5,0.0002,False,False
.stk,5,0.0002,False,False
.xar,5,0.0002,False,False
.sec,5,0.0002,False,False
.xvg,5,0.0002,False,False
.x86_64,5,0.0002,False,False
.texc,5,0.0002,False,False
.matnew,5,0.0002,False,False
.tm4,5,0.0002,False,False
.lic,5,0.0002,False,False
.master,5,0.0002,False,False
.vis,5,0.0002,False,False
.kmc_amrex,5,0.0002,False,False
.pz,5,0.0002,False,False
.catcol,5,0.0002,False,False
.fpga,5,0.0002,False,False
.id2word,5,0.0002,False,False
.volatilememoryallocatorservice,5,0.0002,False,False
.dj,5,0.0002,False,False
.xstfile,5,0.0002,False,False
.eap,5,0.0002,False,False
.tvel,5,0.0002,False,False
.iv,5,0.0002,False,False
.zmap,5,0.0002,False,False
.amd,5,0.0002,False,False
.tbd,5,0.0002,False,False
.0a0dd73c396f,5,0.0002,False,False
.communities,5,0.0002,False,False
.conllu,5,0.0002,False,False
.chai,5,0.0002,False,False
.sk,5,0.0002,False,False
.lise,5,0.0002,False,False
.vectors,5,0.0002,False,False
.clabel,5,0.0002,False,False
.se,5,0.0002,False,False
.gem,5,0.0002,False,False
.z02,5,0.0002,False,False
.tbz2,5,0.0002,False,False
.paletteconfiguration,5,0.0002,False,False
.double_shear_layer,5,0.0002,False,False
.lid_driven_cavity,5,0.0002,False,False
.scala~,5,0.0002,False,False
.cutsites,5,0.0002,False,False
.srt,5,0.0002,False,False
.owl_err,5,0.0002,False,False
.m#,5,0.0002,False,False
.mss,5,0.0002,False,False
.modes,5,0.0002,False,False
.hmap,5,0.0002,False,False
.nwb,5,0.0002,False,False
.fset,5,0.0002,False,False
.fset3,5,0.0002,False,False
.iset,5,0.0002,False,False
.back,5,0.0002,False,False
.cln,5,0.0002,False,False
.ada_specification,5,0.0002,False,False
.onetoc2,5,0.0002,False,False
.tm3,5,0.0002,False,False
.uvproj,5,0.0002,False,False
.flist,5,0.0002,False,False
.xtextbin,5,0.0002,False,False
.vloupe,5,0.0002,False,False
.feb,5,0.0002,False,False
.rdat,5,0.0002,False,False
.pcl,5,0.0002,False,False
.tem,5,0.0002,False,False
.dirtree,5,0.0002,False,False
.del,5,0.0002,False,False
.l#1,5,0.0002,False,False
.ncs,5,0.0002,False,False
.conduit_bin,5,0.0002,False,False
.conduit_bin_json,5,0.0002,False,False
.stp,5,0.0002,False,False
.readcount,5,0.0002,False,False
.f90~,5,0.0002,False,False
.changelog,5,0.0002,False,False
.crf,5,0.0002,False,False
.fa-gb,5,0.0002,False,False
.pipe,5,0.0002,False,False
.single,5,0.0002,False,False
.pco,5,0.0002,False,False
.sx,5,0.0002,False,False
.csv~,5,0.0002,False,False
.apecs,5,0.0002,False,False
.apex,5,0.0002,False,False
.cuf,5,0.0002,False,False
.2560,5,0.0002,False,False
.3d,5,0.0002,False,False
.1280,5,0.0002,False,False
.aprox13,5,0.0002,False,False
.snakemake,5,0.0002,False,False
.exactbase,5,0.0002,False,False
.avgbase,5,0.0002,False,False
.3levels,5,0.0002,False,False
.deploy,5,0.0002,False,False
.ald,5,0.0002,False,False
.dat4,5,0.0002,False,False
.times,5,0.0002,False,False
.ocioz,5,0.0002,False,False
.lai,4,0.0002,False,False
.ijmap,4,0.0002,False,False
.loop,4,0.0002,False,False
.vnm,4,0.0002,False,False
.srl,4,0.0002,False,False
.plx,4,0.0002,False,False
.readposition,4,0.0002,False,False
.singlets,4,0.0002,False,False
.21,4,0.0002,False,False
.psd1,4,0.0002,False,False
.code-workspace,4,0.0002,False,False
.vertex,4,0.0002,False,False
.xes,4,0.0002,False,False
.eslintrc,4,0.0002,False,False
.pspfhi,4,0.0002,False,False
.drh,4,0.0002,False,False
.ae,4,0.0002,False,False
.pawps,4,0.0002,False,False
.cml,4,0.0002,False,False
.mav,4,0.0002,False,False
.pav,4,0.0002,False,False
.notes,4,0.0002,False,False
.right,4,0.0002,False,False
.swn,4,0.0002,False,False
.sma,4,0.0002,False,False
.osx,4,0.0002,False,False
.ncrunchproject,4,0.0002,False,False
.llvm,4,0.0002,False,False
.rz,4,0.0002,False,False
.pri~,4,0.0002,False,False
.cmds,4,0.0002,False,False
.v2_auto_conll,4,0.0002,False,False
.v2_gold_conll,4,0.0002,False,False
.amrg,4,0.0002,False,False
.psm1,4,0.0002,False,False
.bas,4,0.0002,False,False
.spx,4,0.0002,False,False
.vocab,4,0.0002,False,False
.22,4,0.0002,False,False
.15,4,0.0002,False,False
.cob,4,0.0002,False,False
.navdata,4,0.0002,False,False
.mobl,4,0.0002,False,False
.sql~,4,0.0002,False,False
.aartemplate,4,0.0002,False,False
.wtc,4,0.0002,False,False
.pagedef,4,0.0002,False,False
.asn,4,0.0002,False,False
.utran,4,0.0002,False,False
.anki2,4,0.0002,False,False
.sats,4,0.0002,False,False
.2504e12,4,0.0002,False,False
.dn,4,0.0002,False,False
.gld,4,0.0002,False,False
.h5py,4,0.0002,False,False
.postrm,4,0.0002,False,False
.vms,4,0.0002,False,False
.mmdb,4,0.0002,False,False
.selestim,4,0.0002,False,False
.drc,4,0.0002,False,False
.eos,4,0.0002,False,False
.vertexshader,4,0.0002,False,False
.msi,4,0.0002,False,False
.vsmdi,4,0.0002,False,False
.emz,4,0.0002,False,False
.netmodule,4,0.0002,False,False
.kt,4,0.0002,False,True
.da,4,0.0002,False,False
.dat~,4,0.0002,False,False
.deb,4,0.0002,False,False
.cp,4,0.0002,False,False
.json-tmlanguage,4,0.0002,False,False
.head,4,0.0002,False,False
.posttemplate,4,0.0002,False,False
.basic,4,0.0002,False,False
.packedancestrymap,4,0.0002,False,False
.gc,4,0.0002,False,False
.travis,4,0.0002,False,False
.ilprofile,4,0.0002,False,False
.03_lefse_summary,4,0.0002,False,False
.gr,4,0.0002,False,False
.alt,4,0.0002,False,False
.phylip,4,0.0002,False,False
.makefile,4,0.0002,False,False
.mappings,4,0.0002,False,False
.data-00000-of-00002,4,0.0002,False,False
.data-00001-of-00002,4,0.0002,False,False
.arn,4,0.0002,False,False
.lpf,4,0.0002,False,False
.34,4,0.0002,False,False
.mem,4,0.0002,False,False
.sdb,4,0.0002,False,False
.rf,4,0.0002,False,False
.myspell,4,0.0002,False,False
.pli,4,0.0002,False,False
.kra,4,0.0002,False,False
.pyproj,4,0.0002,False,False
.komprenx,4,0.0002,False,False
.ocl,4,0.0002,False,False
.65_200_300mpc_v3,4,0.0002,False,False
.yoda,4,0.0002,False,False
.16,4,0.0002,False,False
.199,4,0.0002,False,False
.23,4,0.0002,False,False
.27,4,0.0002,False,False
.299,4,0.0002,False,False
.36,4,0.0002,False,False
.499,4,0.0002,False,False
.640,4,0.0002,False,False
.70,4,0.0002,False,False
.799,4,0.0002,False,False
.960,4,0.0002,False,False
.macos,4,0.0002,False,False
.shape,4,0.0002,False,False
.unityweb,4,0.0002,False,False
.stex,4,0.0002,False,False
.tres,4,0.0002,False,False
.import,4,0.0002,False,False
.tscn,4,0.0002,False,False
.download,4,0.0002,False,False
.corrected,4,0.0002,False,False
.tde,4,0.0002,False,False
.doxygen,4,0.0002,False,False
.production,4,0.0002,False,False
.mvg,4,0.0002,False,False
.traintest,4,0.0002,False,False
.mpi,4,0.0002,False,False
.eam,4,0.0002,False,False
.border,4,0.0002,False,False
.blk,4,0.0002,False,False
.xap,4,0.0002,False,False
.intervals,4,0.0002,False,False
.defaults,4,0.0002,False,False
.large,4,0.0002,False,False
.jyds,4,0.0002,False,False
.avro,4,0.0002,False,False
.sketch,4,0.0002,False,False
.hjson,4,0.0002,False,False
.nonvolatilememoryallocatorservice,4,0.0002,False,False
.inflated,4,0.0002,False,False
.pial,4,0.0002,False,False
.white,4,0.0002,False,False
.wc,4,0.0002,False,False
.ff14sb,4,0.0002,False,False
.runtime,4,0.0002,False,False
.mn,4,0.0002,False,False
.hcc,4,0.0002,False,False
.num,4,0.0002,False,False
.pic,4,0.0002,False,False
.statemachine_mavo,4,0.0002,False,False
.statemachinediag_mavo,4,0.0002,False,False
.sequencediagram,4,0.0002,False,False
.property,4,0.0002,False,False
.aff,4,0.0002,False,False
.pse,4,0.0002,False,False
.jaas,4,0.0002,False,False
.test2,4,0.0002,False,False
.summit,4,0.0002,False,False
.mass,4,0.0002,False,False
.2line,4,0.0002,False,False
.dec,4,0.0002,False,False
.lis,4,0.0002,False,False
.rclass,4,0.0002,False,False
.agent,4,0.0002,False,False
.foma,4,0.0002,False,False
.thrift,4,0.0002,False,False
.nh,4,0.0002,False,False
.xg,4,0.0002,False,False
.sqldataprovider,4,0.0002,False,False
.rating,4,0.0002,False,False
.store,4,0.0002,False,False
.no,4,0.0002,False,False
.bil,4,0.0002,False,False
.gunit,4,0.0002,False,False
.bf,4,0.0002,False,False
.rego,4,0.0002,False,False
.vbs,4,0.0002,False,False
.xtra,4,0.0002,False,False
.flo,4,0.0002,False,False
.z03,4,0.0002,False,False
.blob,4,0.0002,False,False
.latex,4,0.0002,False,False
.unknown,4,0.0002,False,False
.ld+json,4,0.0002,False,False
.cleaned,4,0.0002,False,False
.ang,4,0.0002,False,False
.flow_past_cylinder-x,4,0.0002,False,False
.hotspot,4,0.0002,False,False
.poiseuille,4,0.0002,False,False
.tab-backward,4,0.0002,False,False
.kicad_pcb-bak,4,0.0002,False,False
.optjob,4,0.0002,False,False
.c_template,4,0.0002,False,False
.common-outliers,4,0.0002,False,False
.sars-cov-2,4,0.0002,False,False
.prx,4,0.0002,False,False
.consolereport,4,0.0002,False,False
.dntheme,4,0.0002,False,False
.paj,4,0.0002,False,False
.part,4,0.0002,False,False
.hugo,4,0.0002,False,False
.ab1,4,0.0002,False,False
.topas,4,0.0002,False,False
.commit,4,0.0002,False,False
.p7s,4,0.0002,False,False
.rrf,4,0.0002,False,False
.xyr,4,0.0002,False,False
.dangerous,4,0.0002,False,False
.mingw,4,0.0002,False,False
.dpatch,4,0.0002,False,False
.b#1,4,0.0002,False,False
.sage~,4,0.0002,False,False
.hg19,4,0.0002,False,False
.hg38,4,0.0002,False,False
.lv,4,0.0002,False,False
.nod,4,0.0002,False,False
.tcn,4,0.0002,False,False
.odd,4,0.0002,False,False
.elf32,4,0.0002,False,False
.cir,4,0.0002,False,False
.sha512,4,0.0002,False,False
.special,4,0.0002,False,False
.lottie,4,0.0002,False,False
.mzid,4,0.0002,False,False
.ksy,4,0.0002,False,False
.csvt,4,0.0002,False,False
.fcstd,4,0.0002,False,False
.partaj,4,0.0002,False,False
.partak,4,0.0002,False,False
.partal,4,0.0002,False,False
.partam,4,0.0002,False,False
.partan,4,0.0002,False,False
.partao,4,0.0002,False,False
.partap,4,0.0002,False,False
.partaq,4,0.0002,False,False
.partar,4,0.0002,False,False
.partas,4,0.0002,False,False
.partat,4,0.0002,False,False
.partau,4,0.0002,False,False
.ewt,4,0.0002,False,False
.crun,4,0.0002,False,False
.wspos,4,0.0002,False,False
.uvopt,4,0.0002,False,False
.2-6,4,0.0002,False,False
.1-6,4,0.0002,False,False
.2-10,4,0.0002,False,False
.2-11,4,0.0002,False,False
.2-7,4,0.0002,False,False
.2-8,4,0.0002,False,False
.2-9,4,0.0002,False,False
.4-12,4,0.0002,False,False
.4-13,4,0.0002,False,False
.4-14,4,0.0002,False,False
.4-15,4,0.0002,False,False
.4-16,4,0.0002,False,False
.8-17,4,0.0002,False,False
.ttx,4,0.0002,False,False
.tofix,4,0.0002,False,False
.crai,4,0.0002,False,False
.magma,4,0.0002,False,False
.awg,4,0.0002,False,False
.s#1,4,0.0002,False,False
.sce,4,0.0002,False,False
.flv,4,0.0002,False,False
.taylor_green_vortices,4,0.0002,False,False
.sn,4,0.0002,False,False
.globalconfig,4,0.0002,False,False
.asn1,4,0.0002,False,False
.sbel,4,0.0002,False,False
.pars,4,0.0002,False,False
.af,4,0.0002,False,False
.sync,4,0.0002,False,False
.des,4,0.0002,False,False
.nls,4,0.0002,False,False
.obf,4,0.0002,False,False
.nn-01500,4,0.0002,False,False
.scs,4,0.0002,False,False
.kjb,4,0.0002,False,False
.sass,4,0.0002,False,False
.pzfx,4,0.0002,False,False
.hmmb,4,0.0002,False,False
.bitmaps,4,0.0002,False,False
.elixir,4,0.0002,False,False
.nbtxt,4,0.0002,False,False
.v3,4,0.0002,False,False
.res~,4,0.0002,False,False
.cluebuddy,4,0.0002,False,False
.skin,4,0.0002,False,False
.p8,4,0.0002,False,False
.ffdata,4,0.0002,False,False
.ffindex,4,0.0002,False,False
.ndl,4,0.0002,False,False
.tests,4,0.0002,False,False
._log,4,0.0002,False,False
.nautilus,4,0.0002,False,False
.lyx~,4,0.0002,False,False
.prom,4,0.0002,False,False
.astc,4,0.0002,False,False
.mhd,4,0.0002,False,False
.boost,4,0.0002,False,False
.helm,4,0.0002,False,False
.extras,4,0.0002,False,False
.one_layer,4,0.0002,False,False
.dont-chk,4,0.0002,False,False
.rhs,4,0.0002,False,False
.3dl,4,0.0002,False,False
.hhr,4,0.0002,False,False
.length_filtered,4,0.0002,False,False
.046697_nc_7,4,0.0002,False,False
.xeon,4,0.0002,False,False
.spkc,4,0.0002,False,False
.tdms,4,0.0002,False,False
.mafft,4,0.0002,False,False
.hypo,4,0.0002,False,False
.invc,4,0.0002,False,False
.headrules,4,0.0002,False,False
.linfrag,4,0.0002,False,False
.scenario,3,0.0001,False,False
.units,3,0.0001,False,False
.lvproj,3,0.0001,False,False
.robj,3,0.0001,False,False
.dir,3,0.0001,False,False
.lira,3,0.0001,False,False
.daf,3,0.0001,False,False
.jrn,3,0.0001,False,False
.gtkw,3,0.0001,False,False
.lexc,3,0.0001,False,False
.txtlast,3,0.0001,False,False
.scif,3,0.0001,False,False
.devel,3,0.0001,False,False
.pairstat,3,0.0001,False,False
.rsstat,3,0.0001,False,False
.depairs,3,0.0001,False,False
.dumppairs,3,0.0001,False,False
.scpairs,3,0.0001,False,False
.singlepairs,3,0.0001,False,False
.validpairs,3,0.0001,False,False
.services,3,0.0001,False,False
.main,3,0.0001,False,False
.64procs-1,3,0.0001,False,False
.64procs-2,3,0.0001,False,False
.64procs,3,0.0001,False,False
.atompaw,3,0.0001,False,False
.wvl,3,0.0001,False,False
.in_freq,3,0.0001,False,False
.outden,3,0.0001,False,False
.for,3,0.0001,False,True
.heic,3,0.0001,False,False
.mpsystheme,3,0.0001,False,False
.cur,3,0.0001,False,False
.wixproj,3,0.0001,False,False
.projitems,3,0.0001,False,False
.shproj,3,0.0001,False,False
.m3u,3,0.0001,False,False
.vsconfig,3,0.0001,False,False
.rule,3,0.0001,False,False
.doc-base,3,0.0001,False,False
.hlg,3,0.0001,False,False
.bproto,3,0.0001,False,False
.wxl,3,0.0001,False,False
.qemu,3,0.0001,False,False
.cpio,3,0.0001,False,False
.lzo,3,0.0001,False,False
.lha,3,0.0001,False,False
.lrz,3,0.0001,False,False
.zoo,3,0.0001,False,False
.jxr,3,0.0001,False,False
.mpg,3,0.0001,False,False
.maintscript,3,0.0001,False,False
.socket,3,0.0001,False,False
.oc,3,0.0001,False,False
.oh,3,0.0001,False,False
.data_fids,3,0.0001,False,False
.data_gval,3,0.0001,False,False
.data_hcls,3,0.0001,False,False
.data_ival,3,0.0001,False,False
.data_gspn,3,0.0001,False,False
.w,3,0.0001,False,False
.sorted,3,0.0001,False,False
.sorted-by-tts-prove,3,0.0001,False,False
.sorted-by-tts-s1heur,3,0.0001,False,False
.sorted-by-tts-s3heur,3,0.0001,False,False
.fd,3,0.0001,False,False
.edmx,3,0.0001,False,False
.fsproj,3,0.0001,False,False
.emx,3,0.0001,False,False
.xss,3,0.0001,False,False
.svcmap,3,0.0001,False,False
.megal,3,0.0001,False,False
.seg,3,0.0001,False,False
.2dmap,3,0.0001,False,False
.overridecontroller,3,0.0001,False,False
.nam,3,0.0001,False,False
.5553ff9,3,0.0001,False,False
.almgp,3,0.0001,False,False
.almgr,3,0.0001,False,False
.postman_collection,3,0.0001,False,False
.cmix,3,0.0001,False,False
.get,3,0.0001,False,False
.legacy,3,0.0001,False,False
.fff,3,0.0001,False,False
.timer,3,0.0001,False,False
.testing,3,0.0001,False,False
.hist,3,0.0001,False,False
.cpn,3,0.0001,False,False
.filtmaf1p,3,0.0001,False,False
.geno,3,0.0001,False,False
.outjob,3,0.0001,False,False
.tasks,3,0.0001,False,False
.tf3,3,0.0001,False,False
.hd5,3,0.0001,False,False
.py#,3,0.0001,False,False
.xsx,3,0.0001,False,False
.mso,3,0.0001,False,False
.wmf,3,0.0001,False,False
.fed,3,0.0001,False,False
.mfd,3,0.0001,False,False
.xpd,3,0.0001,False,False
.pgp,3,0.0001,False,False
.rsa,3,0.0001,False,False
.imageinfo,3,0.0001,False,False
.imageset,3,0.0001,False,False
.csf,3,0.0001,False,False
.classify,3,0.0001,False,False
.sublime-keymap,3,0.0001,False,False
.n-triples,3,0.0001,False,False
.mtgl,3,0.0001,False,False
.soft,3,0.0001,False,False
.robot,3,0.0001,False,False
.perspective,3,0.0001,False,False
.icdd,3,0.0001,False,False
.co,3,0.0001,False,False
.development,3,0.0001,False,False
.fd1,3,0.0001,False,False
.ft1,3,0.0001,False,False
.fsh,3,0.0001,False,False
.vsh,3,0.0001,False,False
.spdx,3,0.0001,False,False
.ssv,3,0.0001,False,False
.site,3,0.0001,False,False
.jardesc,3,0.0001,False,False
.sdef,3,0.0001,False,False
.retry,3,0.0001,False,False
.object,3,0.0001,False,False
.atp,3,0.0001,False,False
.scc,3,0.0001,False,False
.hsd,3,0.0001,False,False
.pyscf,3,0.0001,False,False
.d12,3,0.0001,False,False
.path,3,0.0001,False,False
.trig,3,0.0001,True,False
.odocl,3,0.0001,False,False
.applescript,3,0.0001,False,False
.respack,3,0.0001,False,False
.lgpl,3,0.0001,False,False
.mdv,3,0.0001,False,False
.react,3,0.0001,False,False
.resolved,3,0.0001,False,False
.gitignore,3,0.0001,False,False
.webarchive,3,0.0001,False,False
.en0,3,0.0001,False,False
.en1,3,0.0001,False,False
.en2,3,0.0001,False,False
.en3,3,0.0001,False,False
.jucer,3,0.0001,False,False
.from_github,3,0.0001,False,False
.arm,3,0.0001,False,False
.jbf,3,0.0001,False,False
.zst,3,0.0001,False,False
.km,3,0.0001,False,False
.setup,3,0.0001,False,False
.mnc,3,0.0001,False,False
.gypi,3,0.0001,False,False
.jena,3,0.0001,False,False
.dvs,3,0.0001,False,False
.17_200_300mpc_v3,3,0.0001,False,False
.dmp,3,0.0001,False,False
.mrc,3,0.0001,False,False
.01,3,0.0001,False,False
.02,3,0.0001,False,False
.03,3,0.0001,False,False
.07,3,0.0001,False,False
.08,3,0.0001,False,False
.09,3,0.0001,False,False
.099,3,0.0001,False,False
.17,3,0.0001,False,False
.18,3,0.0001,False,False
.26,3,0.0001,False,False
.28,3,0.0001,False,False
.29,3,0.0001,False,False
.31,3,0.0001,False,False
.320,3,0.0001,False,False
.33,3,0.0001,False,False
.37,3,0.0001,False,False
.38,3,0.0001,False,False
.39,3,0.0001,False,False
.40,3,0.0001,False,False
.42,3,0.0001,False,False
.43,3,0.0001,False,False
.44,3,0.0001,False,False
.45,3,0.0001,False,False
.46,3,0.0001,False,False
.48,3,0.0001,False,False
.49,3,0.0001,False,False
.51,3,0.0001,False,False
.52,3,0.0001,False,False
.53,3,0.0001,False,False
.54,3,0.0001,False,False
.55,3,0.0001,False,False
.56,3,0.0001,False,False
.57,3,0.0001,False,False
.58,3,0.0001,False,False
.59,3,0.0001,False,False
.60,3,0.0001,False,False
.61,3,0.0001,False,False
.62,3,0.0001,False,False
.63,3,0.0001,False,False
.65,3,0.0001,False,False
.66,3,0.0001,False,False
.67,3,0.0001,False,False
.68,3,0.0001,False,False
.69,3,0.0001,False,False
.699,3,0.0001,False,False
.71,3,0.0001,False,False
.72,3,0.0001,False,False
.73,3,0.0001,False,False
.74,3,0.0001,False,False
.76,3,0.0001,False,False
.77,3,0.0001,False,False
.78,3,0.0001,False,False
.899,3,0.0001,False,False
.case,3,0.0001,False,False
.poly,3,0.0001,False,False
.regex,3,0.0001,False,False
.vrml,3,0.0001,False,False
.control,3,0.0001,False,False
.npread,3,0.0001,False,False
.tgt,3,0.0001,False,False
.p7b,3,0.0001,False,False
.bcfzip,3,0.0001,False,False
.pck,3,0.0001,False,False
.godot,3,0.0001,False,False
.100kb,3,0.0001,False,False
.256kb,3,0.0001,False,False
.converted,3,0.0001,False,False
.fdb_latexmk,3,0.0001,False,False
.dig,3,0.0001,False,False
.degree_sequence,3,0.0001,False,False
.bsub,3,0.0001,False,False
.1064,3,0.0001,False,False
.1800,3,0.0001,False,False
.bzlmod,3,0.0001,False,False
.vlw,3,0.0001,False,False
.pra,3,0.0001,False,False
.wgh,3,0.0001,False,False
.tf1,3,0.0001,False,False
.fad,3,0.0001,False,False
.tmpfile,3,0.0001,False,False
.configuration,3,0.0001,False,False
.scaled,3,0.0001,False,False
.buddy,3,0.0001,False,False
.cori,3,0.0001,False,False
.highres-thin,3,0.0001,False,False
.large-thin,3,0.0001,False,False
.3ds,3,0.0001,False,False
.flat,3,0.0001,False,False
.jsonc,3,0.0001,False,False
.dilp,3,0.0001,False,False
.vex,3,0.0001,False,False
.dos,3,0.0001,False,False
.lipid21,3,0.0001,False,False
.gaff2,3,0.0001,False,False
.ol3,3,0.0001,False,False
.bsc1,3,0.0001,False,False
.tip3p,3,0.0001,False,False
.ide,3,0.0001,False,False
.buildreport,3,0.0001,False,False
.caw,3,0.0001,False,False
.ecm,3,0.0001,False,False
.rgb,3,0.0001,False,False
.chkpt,3,0.0001,False,False
.lua~,3,0.0001,False,False
.ox,3,0.0001,False,False
.mms,3,0.0001,False,False
.engine,3,0.0001,False,False
.jsonstreamfactory,3,0.0001,False,False
.zran,3,0.0001,False,False
.sdl,3,0.0001,False,False
.knwf,3,0.0001,False,False
.icse15_sequencediagram_mavo,3,0.0001,False,False
.icse15_sequencediagramdiag_mavo,3,0.0001,False,False
.istardiag_mavo,3,0.0001,False,False
.rosinstall,3,0.0001,False,False
.resource,3,0.0001,False,False
.svh,3,0.0001,False,False
.bmr,3,0.0001,False,False
.mtrol,3,0.0001,False,False
.trol,3,0.0001,False,False
.trl,3,0.0001,False,False
.sod,3,0.0001,False,False
.test3,3,0.0001,False,False
.sedov,3,0.0001,False,False
.small,3,0.0001,False,False
.positions,3,0.0001,False,False
.cpp_zz,3,0.0001,False,False
.subtree,3,0.0001,False,False
.sequences,3,0.0001,False,False
.rlabel,3,0.0001,False,False
.cap,3,0.0001,False,False
.epub,3,0.0001,False,False
.dnn,3,0.0001,False,False
.addin,3,0.0001,False,False
.cm,3,0.0001,False,False
.snm,3,0.0001,False,False
.unix,3,0.0001,False,False
.containerfile,3,0.0001,False,False
.ptg,3,0.0001,False,False
.slxc,3,0.0001,False,False
.oifits,3,0.0001,False,False
.cbl,3,0.0001,False,False
.re,3,0.0001,False,False
.nu,3,0.0001,False,False
.metal,3,0.0001,False,False
.asl~,3,0.0001,False,False
.z04,3,0.0001,False,False
.rsy,3,0.0001,False,False
.rc2,3,0.0001,False,False
.ltx,3,0.0001,False,False
.sparql-results+xml,3,0.0001,False,False
.w32,3,0.0001,False,False
.est,3,0.0001,False,False
.fan,3,0.0001,False,False
.inx,3,0.0001,False,False
.ipe,3,0.0001,False,False
.edb,3,0.0001,False,False
.wiff,3,0.0001,False,False
.flow_past_cylinder-y,3,0.0001,False,False
.taylorgreen,3,0.0001,False,False
.gresource,3,0.0001,False,False
.zlib,3,0.0001,False,False
.uncorrelated_chain_10ti1rd1,3,0.0001,False,False
.uncorrelated_chain_10ti2rd2,3,0.0001,False,False
.uncorrelated_chain_1ti1rd1,3,0.0001,False,False
.uncorrelated_chain_1ti2rd2,3,0.0001,False,False
.uncorrelated_chain_2ti1rd1,3,0.0001,False,False
.uncorrelated_chain_2ti2rd2,3,0.0001,False,False
.uncorrelated_chain_3ti1rd1,3,0.0001,False,False
.uncorrelated_chain_3ti2rd2,3,0.0001,False,False
.uncorrelated_chain_4ti1rd1,3,0.0001,False,False
.uncorrelated_chain_4ti2rd2,3,0.0001,False,False
.uncorrelated_chain_5ti1rd1,3,0.0001,False,False
.uncorrelated_chain_5ti2rd2,3,0.0001,False,False
.uncorrelated_chain_6ti1rd1,3,0.0001,False,False
.uncorrelated_chain_6ti2rd2,3,0.0001,False,False
.uncorrelated_chain_7ti1rd1,3,0.0001,False,False
.uncorrelated_chain_7ti2rd2,3,0.0001,False,False
.uncorrelated_chain_8ti1rd1,3,0.0001,False,False
.uncorrelated_chain_8ti2rd2,3,0.0001,False,False
.uncorrelated_chain_9ti1rd1,3,0.0001,False,False
.uncorrelated_chain_9ti2rd2,3,0.0001,False,False
.uncorrelated_timing__ti1_simdata1,3,0.0001,False,False
.uncorrelated_timing__ti2_simdata2,3,0.0001,False,False
.uncorrelated_chain_10ti1rd0,3,0.0001,False,False
.uncorrelated_chain_1ti1rd0,3,0.0001,False,False
.uncorrelated_chain_2ti1rd0,3,0.0001,False,False
.uncorrelated_chain_3ti1rd0,3,0.0001,False,False
.uncorrelated_chain_4ti1rd0,3,0.0001,False,False
.uncorrelated_chain_5ti1rd0,3,0.0001,False,False
.uncorrelated_chain_6ti1rd0,3,0.0001,False,False
.uncorrelated_chain_7ti1rd0,3,0.0001,False,False
.uncorrelated_chain_8ti1rd0,3,0.0001,False,False
.uncorrelated_chain_9ti1rd0,3,0.0001,False,False
.fileprocesslistener,3,0.0001,False,False
.macros,3,0.0001,False,False
.vbproj,3,0.0001,False,False
.creol,3,0.0001,False,False
.praat,3,0.0001,False,False
.intent,3,0.0001,False,False
.rmf,3,0.0001,False,False
.jsonschema,3,0.0001,False,False
.enaml,3,0.0001,False,False
.smake,3,0.0001,False,False
.fdi,3,0.0001,False,False
.gbrjob,3,0.0001,False,False
.scriptenginefactory,3,0.0001,False,False
.mona,3,0.0001,False,False
.logrotate,3,0.0001,False,False
.qsubsec,3,0.0001,False,False
.tl,3,0.0001,False,False
.defhol,3,0.0001,False,False
.nasm,3,0.0001,False,False
.xcvb,3,0.0001,False,False
.vcd,3,0.0001,False,False
.repositories,3,0.0001,False,False
.snet,3,0.0001,False,False
.eran,3,0.0001,False,False
.fgb,3,0.0001,False,False
.cron,3,0.0001,False,False
.gazebo,3,0.0001,False,False
.cy,3,0.0001,False,False
.lkt,3,0.0001,False,False
.cgpr,3,0.0001,False,False
.partav,3,0.0001,False,False
.partaw,3,0.0001,False,False
.partax,3,0.0001,False,False
.icloud,3,0.0001,False,False
.evl,3,0.0001,False,False
.preset,3,0.0001,False,False
.msc,3,0.0001,False,False
.itermcolors,3,0.0001,False,False
.nestml,3,0.0001,False,False
.clif,3,0.0001,False,False
.v1,3,0.0001,False,False
.preseed,3,0.0001,False,False
.orb,3,0.0001,False,False
.number,3,0.0001,False,False
.quirksprovider,3,0.0001,False,False
.convertersprovider,3,0.0001,False,False
.dssp2,3,0.0001,False,False
.xquery,3,0.0001,False,False
.ogv,3,0.0001,False,False
.tn,3,0.0001,False,False
.cts,3,0.0001,False,False
.b#2,3,0.0001,False,False
.b#3,3,0.0001,False,False
.b#4,3,0.0001,False,False
.b#5,3,0.0001,False,False
.b#6,3,0.0001,False,False
.b#7,3,0.0001,False,False
.b#8,3,0.0001,False,False
.b#9,3,0.0001,False,False
.s#2,3,0.0001,False,False
.s#3,3,0.0001,False,False
.s#4,3,0.0001,False,False
.s#5,3,0.0001,False,False
.s#6,3,0.0001,False,False
.s#7,3,0.0001,False,False
.s#8,3,0.0001,False,False
.s#9,3,0.0001,False,False
.jlink,3,0.0001,False,False
.posix,3,0.0001,False,False
.l#2,3,0.0001,False,False
.gsch2pcb,3,0.0001,False,False
.pcb,3,0.0001,False,False
.howto,3,0.0001,False,False
.cir-gold,3,0.0001,False,False
.bigwig,3,0.0001,False,False
.faw,3,0.0001,False,False
.opsahl-powergrid,3,0.0001,False,False
.hmmtbl,3,0.0001,False,False
.rosif,3,0.0001,False,False
.aarch64,3,0.0001,False,False
.sg,3,0.0001,False,False
.linst,3,0.0001,False,False
.gpmn,3,0.0001,False,False
.gpmn_diagram,3,0.0001,False,False
.grdecl,3,0.0001,False,False
.sai,3,0.0001,False,False
.sha224,3,0.0001,False,False
.sha384,3,0.0001,False,False
.view,3,0.0001,False,False
.1srl,3,0.0001,False,False
.coord,3,0.0001,False,False
.sumstats,3,0.0001,False,False
.annotm,3,0.0001,False,False
.ngdoc,3,0.0001,False,False
.rddl,3,0.0001,False,False
.vector,3,0.0001,False,False
.etl,3,0.0001,False,False
.secret,3,0.0001,False,False
.icao_intrare,3,0.0001,False,False
.export,3,0.0001,False,False
.raxml,3,0.0001,False,False
.01tsmear_ddb,3,0.0001,False,False
.02tsmear_ddb,3,0.0001,False,False
.04tsmear_ddb,3,0.0001,False,False
.cluevariety,3,0.0001,False,False
.stylecop,3,0.0001,False,False
.pctl,3,0.0001,False,False
.trashinfo,3,0.0001,False,False
.sh#,3,0.0001,False,False
.cross,3,0.0001,False,False
.gold_conll,3,0.0001,False,False
.tr,3,0.0001,False,False
.delete_manifest,3,0.0001,False,False
.map_manifest,3,0.0001,False,False
.rsrc,3,0.0001,False,False
.acalib,3,0.0001,False,False
.motifs,3,0.0001,False,False
.motifs10,3,0.0001,False,False
.motifs12,3,0.0001,False,False
.motifs8,3,0.0001,False,False
.hse_test,3,0.0001,False,False
.sph,3,0.0001,False,False
.pslope,3,0.0001,False,False
.00cm,3,0.0001,False,False
.vfproj,3,0.0001,False,False
.rg,3,0.0001,False,False
.uniq,3,0.0001,False,False
.r32,3,0.0001,False,False
.r36,3,0.0001,False,False
.tvd,3,0.0001,False,False
.tvf,3,0.0001,False,False
.tvx,3,0.0001,False,False
.ndb,3,0.0001,False,False
.nhd,3,0.0001,False,False
.nhi,3,0.0001,False,False
.nos,3,0.0001,False,False
.not,3,0.0001,False,False
.ntf,3,0.0001,False,False
.nto,3,0.0001,False,False
.vkb,3,0.0001,False,False
.textclipping,3,0.0001,False,False
.tp,3,0.0001,False,False
.newhead,3,0.0001,False,False
.doxy,3,0.0001,False,False
.gri,3,0.0001,False,False
.altaza,3,0.0001,False,False
.3-const,3,0.0001,False,False
.3-vowel,3,0.0001,False,False
.feaconf,3,0.0001,False,False
.600pk,3,0.0001,False,False
.c#,3,0.0001,False,False
.defconfig,3,0.0001,False,False
.treefile,3,0.0001,False,False
.vipr,3,0.0001,False,False
.wdata,3,0.0001,False,False
.jinja,3,0.0001,False,False
.cta,3,0.0001,False,False
.i~,3,0.0001,False,False
.landmarkasciiold,3,0.0001,False,False
.odin,2,0.0001,False,False
.zig,2,0.0001,False,False
.ninox,2,0.0001,False,False
.prg,2,0.0001,False,False
.mx,2,0.0001,False,False
.anc,2,0.0001,False,False
.lpp,2,0.0001,False,False
.ypp,2,0.0001,False,False
.edward,2,0.0001,False,False
.first,2,0.0001,False,False
.jplace,2,0.0001,False,False
.gct,2,0.0001,False,False
.limo,2,0.0001,False,False
.rjs,2,0.0001,False,False
.fcgi,2,0.0001,False,False
.fil,2,0.0001,False,False
.wfn001,2,0.0001,False,False
.wfn002,2,0.0001,False,False
.wfn003,2,0.0001,False,False
.wfn004,2,0.0001,False,False
.wfn1,2,0.0001,False,False
.wfn2,2,0.0001,False,False
.wfn3,2,0.0001,False,False
.wfn4,2,0.0001,False,False
.lvlib,2,0.0001,False,False
.gpickle,2,0.0001,False,False
.voc,2,0.0001,False,False
.hh_bak,2,0.0001,False,False
.comm,2,0.0001,False,False
.sh-example,2,0.0001,False,False
.systemd,2,0.0001,False,False
.spellrelax,2,0.0001,False,False
.addon,2,0.0001,False,False
.binned_anchors,2,0.0001,False,False
.out_1,2,0.0001,False,False
.tdl,2,0.0001,False,False
.graphdb,2,0.0001,False,False
.nv,2,0.0001,False,False
.tptp,2,0.0001,False,False
.server,2,0.0001,False,False
.1024procs,2,0.0001,False,False
.256procs,2,0.0001,False,False
.512procs,2,0.0001,False,False
.bare,2,0.0001,False,False
.psppos,2,0.0001,False,False
.phoney_mod,2,0.0001,False,False
.khgh,2,0.0001,False,False
.sgs_mod,2,0.0001,False,False
.pbe,2,0.0001,False,False
.fromphermet,2,0.0001,False,False
.out_ep_sbk,2,0.0001,False,False
.out_ep_sbk_org,2,0.0001,False,False
.01_ddb,2,0.0001,False,False
.rhistory,2,0.0001,False,False
.mb,2,0.0001,False,False
.mavlink,2,0.0001,False,False
.dumped,2,0.0001,False,False
.ros,2,0.0001,False,False
.hf,2,0.0001,False,False
.ronn,2,0.0001,False,False
.rej,2,0.0001,False,False
.atg,2,0.0001,False,False
.frame,2,0.0001,False,False
.pidb,2,0.0001,False,False
.dbd,2,0.0001,False,False
.bfs,2,0.0001,False,False
.424,2,0.0001,False,False
.433,2,0.0001,False,False
.442,2,0.0001,False,False
.1600,2,0.0001,False,False
.big,2,0.0001,False,False
.opus,2,0.0001,False,False
.aac,2,0.0001,False,False
.bloom,2,0.0001,False,False
.ev,2,0.0001,False,False
.fem,2,0.0001,False,False
.dbn 2,2,0.0001,False,False
.oobn,2,0.0001,False,False
.tmsnippet,2,0.0001,False,False
.nrank,2,0.0001,False,False
.prank,2,0.0001,False,False
.java-bak,2,0.0001,False,False
.dictionaries,2,0.0001,False,False
.dislocator,2,0.0001,False,False
.tokencap,2,0.0001,False,False
.testcases,2,0.0001,False,False
.poc,2,0.0001,False,False
.avdl,2,0.0001,False,False
.frx,2,0.0001,False,False
.vbp,2,0.0001,False,False
.vbw,2,0.0001,False,False
.dubm,2,0.0001,False,False
.ie,2,0.0001,False,False
.glove,2,0.0001,False,False
.439,2,0.0001,False,False
.zargo,2,0.0001,False,False
.101,2,0.0001,False,False
.mediawiki,2,0.0001,False,False
.dbml,2,0.0001,False,False
.trm,2,0.0001,False,False
.ipr,2,0.0001,False,False
.changes,2,0.0001,False,False
.disco,2,0.0001,False,False
.schemaview,2,0.0001,False,False
.dbmdl,2,0.0001,False,False
.sqlproj,2,0.0001,False,False
.ioi,2,0.0001,False,False
.geflo,2,0.0001,False,False
.etd,2,0.0001,False,False
.hst,2,0.0001,False,False
.naco,2,0.0001,False,False
.vega,2,0.0001,False,False
.ptx,2,0.0001,False,False
.sca,2,0.0001,False,False
.vci,2,0.0001,False,False
.movements,2,0.0001,False,False
.csv_off,2,0.0001,False,False
.unstable,2,0.0001,False,False
.fgram,2,0.0001,False,False
.imp,2,0.0001,False,False
.soap,2,0.0001,False,False
.02e3b54,2,0.0001,False,False
.8-pre1,2,0.0001,False,False
.fda8cb8,2,0.0001,False,False
.4f9c5c1,2,0.0001,False,False
.lproj,2,0.0001,False,False
.mixer,2,0.0001,False,False
.tts,2,0.0001,False,False
.rqtf,2,0.0001,False,False
.rqtfimage,2,0.0001,False,False
.aty,2,0.0001,False,False
.422,2,0.0001,False,False
.bands,2,0.0001,False,False
.darwin,2,0.0001,False,False
.generic,2,0.0001,False,False
.gladep,2,0.0001,False,False
.xls#,2,0.0001,False,False
.mcmc,2,0.0001,False,False
.2nd,2,0.0001,False,False
.clang,2,0.0001,False,False
.31_i86linux64,2,0.0001,False,False
.rsl-new,2,0.0001,False,False
.rsl-old,2,0.0001,False,False
.rsl,2,0.0001,False,False
.prl,2,0.0001,False,False
.crx,2,0.0001,False,False
.svg~,2,0.0001,False,False
.mbox,2,0.0001,False,False
.corpus,2,0.0001,False,False
.triggers,2,0.0001,False,False
.daily,2,0.0001,False,False
.ln,2,0.0001,False,False
.before,2,0.0001,False,False
.apache,2,0.0001,False,False
.pi,2,0.0001,False,False
.pods,2,0.0001,False,False
.jp,2,0.0001,False,False
.flk,2,0.0001,False,False
.pcbdocpreview,2,0.0001,False,False
.schdocpreview,2,0.0001,False,False
.bom,2,0.0001,False,False
.macosx,2,0.0001,False,False
.sagews,2,0.0001,False,False
.geh,2,0.0001,False,False
.alpha,2,0.0001,False,False
.lc,2,0.0001,False,False
.geometryshader,2,0.0001,False,False
.lof,2,0.0001,False,False
.resp-pyr,2,0.0001,False,False
.testrunconfig,2,0.0001,False,False
.keys,2,0.0001,False,False
.gtif,2,0.0001,False,False
.dat2,2,0.0001,False,False
.bh,2,0.0001,False,False
.batch_plot,2,0.0001,False,False
.bef,2,0.0001,False,False
.textile,2,0.0001,False,False
.pheno,2,0.0001,False,False
.eigenstrat,2,0.0001,False,False
.chisq,2,0.0001,False,False
.pca,2,0.0001,False,False
.evec,2,0.0001,False,False
.xtxt,2,0.0001,False,False
.rss,2,0.0001,False,False
.xrefs,2,0.0001,False,False
.lookup,2,0.0001,False,False
.lcasedata,2,0.0001,False,False
.iters,2,0.0001,False,False
.stress,2,0.0001,False,False
.loadings,2,0.0001,False,False
.carb,2,0.0001,False,False
.predict,2,0.0001,False,False
.py-example,2,0.0001,False,False
.todo,2,0.0001,False,False
.patterns,2,0.0001,False,False
.pso,2,0.0001,False,False
.spo,2,0.0001,False,False
.external,2,0.0001,False,False
.css_t,2,0.0001,False,False
.supportvectormachine,2,0.0001,False,False
.airebo,2,0.0001,False,False
.flag,2,0.0001,False,False
.agro,2,0.0001,False,False
.crop,2,0.0001,False,False
.soil,2,0.0001,False,False
.976,2,0.0001,False,False
.977,2,0.0001,False,False
.978,2,0.0001,False,False
.979,2,0.0001,False,False
.980,2,0.0001,False,False
.981,2,0.0001,False,False
.982,2,0.0001,False,False
.983,2,0.0001,False,False
.984,2,0.0001,False,False
.985,2,0.0001,False,False
.986,2,0.0001,False,False
.987,2,0.0001,False,False
.988,2,0.0001,False,False
.989,2,0.0001,False,False
.990,2,0.0001,False,False
.991,2,0.0001,False,False
.992,2,0.0001,False,False
.993,2,0.0001,False,False
.994,2,0.0001,False,False
.995,2,0.0001,False,False
.996,2,0.0001,False,False
.997,2,0.0001,False,False
.998,2,0.0001,False,False
.optim,2,0.0001,False,False
.cpl,2,0.0001,False,False
.fraplib,2,0.0001,False,False
.coco,2,0.0001,False,False
.rlib,2,0.0001,False,False
.prog,2,0.0001,False,False
.tes,2,0.0001,False,False
.watchr,2,0.0001,False,False
.-chr,2,0.0001,False,False
.chr21_22_only,2,0.0001,False,False
.chr21_22_only:50000,2,0.0001,False,False
.regions,2,0.0001,False,False
.regions2,2,0.0001,False,False
.xvv,2,0.0001,False,False
.fdf,2,0.0001,False,False
.basin,2,0.0001,False,False
.dbasin,2,0.0001,False,False
.mech_backup,2,0.0001,False,False
.spot,2,0.0001,False,False
.mafs,2,0.0001,False,False
.align_one_indexed_and_reversed,2,0.0001,False,False
.format,2,0.0001,False,False
.ibd,2,0.0001,False,False
.imzml,2,0.0001,False,False
.fzz,2,0.0001,False,False
.hunspell,2,0.0001,False,False
.alias,2,0.0001,False,False
.sigmet,2,0.0001,False,False
.frcfld,2,0.0001,False,False
.xml_tokenandwait,2,0.0001,False,False
.te,2,0.0001,False,False
.maxpresets,2,0.0001,False,False
.superstl,2,0.0001,False,False
.sstl,2,0.0001,False,False
.guest,2,0.0001,False,False
.kmt,2,0.0001,False,False
.ivy,2,0.0001,False,False
.ab,2,0.0001,False,False
.qpf,2,0.0001,False,False
.qsf,2,0.0001,False,False
.qip,2,0.0001,False,False
.4t,2,0.0001,False,False
.4a,2,0.0001,False,False
.12_200_300mpc_v3,2,0.0001,False,False
.62_200_300mpc_v3,2,0.0001,False,False
.75_200_300mpc_v3,2,0.0001,False,False
.55_200_300mpc_v3,2,0.0001,False,False
.81_200_300mpc_v3,2,0.0001,False,False
.27_200_300mpc_v3,2,0.0001,False,False
.70_200_300mpc_v3,2,0.0001,False,False
.79_200_300mpc_v3,2,0.0001,False,False
.16_200_300mpc_v3,2,0.0001,False,False
.02_200_300mpc_v3,2,0.0001,False,False
.57_200_300mpc_v3,2,0.0001,False,False
.14_200_300mpc_v3,2,0.0001,False,False
.73_200_300mpc_v3,2,0.0001,False,False
.60_200_300mpc_v3,2,0.0001,False,False
.33_200_300mpc_v3,2,0.0001,False,False
.93_200_300mpc_v3,2,0.0001,False,False
.72_200_300mpc_v3,2,0.0001,False,False
.50_200_300mpc_v3,2,0.0001,False,False
.renviron,2,0.0001,False,False
.008,2,0.0001,False,False
.009,2,0.0001,False,False
.010,2,0.0001,False,False
.039,2,0.0001,False,False
.127,2,0.0001,False,False
.250,2,0.0001,False,False
.255,2,0.0001,False,False
.450,2,0.0001,False,False
.501,2,0.0001,False,False
.686,2,0.0001,False,False
.99,2,0.0001,False,False
.td,2,0.0001,False,False
.cognition,2,0.0001,False,False
.communication,2,0.0001,False,False
.possession,2,0.0001,False,False
.lrx,2,0.0001,False,False
.t1x,2,0.0001,False,False
.gplv3,2,0.0001,False,False
.replay_exclude,2,0.0001,False,False
.replay_include,2,0.0001,False,False
.replay_unique_ip,2,0.0001,False,False
.rewrite_1ttl,2,0.0001,False,False
.rewrite_1ttl-hdrfix,2,0.0001,False,False
.rewrite_2ttl,2,0.0001,False,False
.rewrite_2ttl-hdrfix,2,0.0001,False,False
.rewrite_3ttl,2,0.0001,False,False
.rewrite_3ttl-hdrfix,2,0.0001,False,False
.rewrite_config,2,0.0001,False,False
.rewrite_dlthdlc,2,0.0001,False,False
.rewrite_dltraw,2,0.0001,False,False
.rewrite_dltuser,2,0.0001,False,False
.rewrite_efcs,2,0.0001,False,False
.rewrite_endpoint,2,0.0001,False,False
.rewrite_enet_subsmac,2,0.0001,False,False
.rewrite_fixcsum,2,0.0001,False,False
.rewrite_fixlen_del,2,0.0001,False,False
.rewrite_fixlen_pad,2,0.0001,False,False
.rewrite_fixlen_trunc,2,0.0001,False,False
.rewrite_l7fuzzing,2,0.0001,False,False
.rewrite_layer2,2,0.0001,False,False
.rewrite_mac,2,0.0001,False,False
.rewrite_mac_seed,2,0.0001,False,False
.rewrite_mac_seed_keep,2,0.0001,False,False
.rewrite_mtutrunc,2,0.0001,False,False
.rewrite_nanosec,2,0.0001,False,False
.rewrite_pad,2,0.0001,False,False
.rewrite_pnat,2,0.0001,False,False
.rewrite_portmap,2,0.0001,False,False
.rewrite_range_portmap,2,0.0001,False,False
.rewrite_seed,2,0.0001,False,False
.rewrite_sequence,2,0.0001,False,False
.rewrite_skip,2,0.0001,False,False
.rewrite_tos,2,0.0001,False,False
.rewrite_trunc,2,0.0001,False,False
.1ad,2,0.0001,False,False
.rewrite_vlandel,2,0.0001,False,False
.bson,2,0.0001,False,False
.bedlogr,2,0.0001,False,False
.p7m,2,0.0001,False,False
.oca,2,0.0001,False,False
.ocx,2,0.0001,False,False
.libsonnet,2,0.0001,False,False
.product,2,0.0001,False,False
.rootmap,2,0.0001,False,False
.genre,2,0.0001,False,False
.item,2,0.0001,False,False
.occupation,2,0.0001,False,False
.kij~,2,0.0001,False,False
.inp~,2,0.0001,False,False
.physical,2,0.0001,False,False
.physical~,2,0.0001,False,False
.depart,2,0.0001,False,False
.age,2,0.0001,False,False
.ssl,2,0.0001,False,False
.sso,2,0.0001,False,False
.xa,2,0.0001,False,False
.subdir,2,0.0001,False,False
.sdp,2,0.0001,False,False
.hrg,2,0.0001,False,False
.pack,2,0.0001,False,False
.lmk,2,0.0001,False,False
.lmko,2,0.0001,False,False
.tmw,2,0.0001,False,False
.simd,2,0.0001,False,False
.intel_2025,2,0.0001,False,False
.xl,2,0.0001,False,False
.traj,2,0.0001,False,False
.tra,2,0.0001,False,False
.binaryproto,2,0.0001,False,False
.nova,2,0.0001,False,False
.voice,2,0.0001,False,False
.tfb,2,0.0001,False,False
.ns_movements,2,0.0001,False,False
.unsuccessfulbuild,2,0.0001,False,False
.acl,2,0.0001,False,False
.nraw,2,0.0001,False,False
.rrng,2,0.0001,False,False
.model3,2,0.0001,False,False
.mpileup,2,0.0001,False,False
.tpd,2,0.0001,False,False
.nosex,2,0.0001,False,False
.kmc_nonmui,2,0.0001,False,False
.cygwin,2,0.0001,False,False
.serial,2,0.0001,False,False
.strips,2,0.0001,False,False
.corigpu,2,0.0001,False,False
.obj~,2,0.0001,False,False
.gdx,2,0.0001,False,False
.check,2,0.0001,False,False
.aocx,2,0.0001,False,False
.asi,2,0.0001,False,False
.qv,2,0.0001,False,False
.chinese-news,2,0.0001,False,False
.m2,2,0.0001,False,False
.contents,2,0.0001,False,False
.analysis,2,0.0001,False,False
.vix,2,0.0001,False,False
.request,2,0.0001,False,False
.dangambigs,2,0.0001,False,False
.freq-dawg,2,0.0001,False,False
.inttemp,2,0.0001,False,False
.normproto,2,0.0001,False,False
.pffmtable,2,0.0001,False,False
.unicharset,2,0.0001,False,False
.user-words,2,0.0001,False,False
.word-dawg,2,0.0001,False,False
.cijdat,2,0.0001,False,False
.processor,2,0.0001,False,False
.locked,2,0.0001,False,False
.missingdatainfo,2,0.0001,False,False
.umap,2,0.0001,False,False
.uproject,2,0.0001,False,False
.ide-shm,2,0.0001,False,False
.ide-wal,2,0.0001,False,False
.tmpoutputpath,2,0.0001,False,False
.browser,2,0.0001,False,False
.bdg,2,0.0001,False,False
.qea,2,0.0001,False,False
.hh*,2,0.0001,False,False
.scripted,2,0.0001,False,False
.attr,2,0.0001,False,False
.configure,2,0.0001,False,False
.flex,2,0.0001,False,False
.tr_list,2,0.0001,False,False
.unx,2,0.0001,False,False
.jq,2,0.0001,False,False
.mpf,2,0.0001,False,False
.apps,2,0.0001,False,False
.pkgs,2,0.0001,False,False
.xgb,2,0.0001,False,False
.tfrecord,2,0.0001,False,False
.950214,2,0.0001,False,False
.950215,2,0.0001,False,False
.950216,2,0.0001,False,False
.950217,2,0.0001,False,False
.950218,2,0.0001,False,False
.950219,2,0.0001,False,False
.950220,2,0.0001,False,False
.950221,2,0.0001,False,False
.950222,2,0.0001,False,False
.950223,2,0.0001,False,False
.950224,2,0.0001,False,False
.150309,2,0.0001,False,False
.150307,2,0.0001,False,False
.150310,2,0.0001,False,False
.150314,2,0.0001,False,False
.150313,2,0.0001,False,False
.150311,2,0.0001,False,False
.150315,2,0.0001,False,False
.150312,2,0.0001,False,False
.150308,2,0.0001,False,False
.150317,2,0.0001,False,False
.150316,2,0.0001,False,False
.150508,2,0.0001,False,False
.150506,2,0.0001,False,False
.150509,2,0.0001,False,False
.150513,2,0.0001,False,False
.150512,2,0.0001,False,False
.150510,2,0.0001,False,False
.150514,2,0.0001,False,False
.150511,2,0.0001,False,False
.150507,2,0.0001,False,False
.150516,2,0.0001,False,False
.150515,2,0.0001,False,False
.150320,2,0.0001,False,False
.150318,2,0.0001,False,False
.150321,2,0.0001,False,False
.150325,2,0.0001,False,False
.150324,2,0.0001,False,False
.150322,2,0.0001,False,False
.150326,2,0.0001,False,False
.150323,2,0.0001,False,False
.150319,2,0.0001,False,False
.150328,2,0.0001,False,False
.150327,2,0.0001,False,False
.502328,2,0.0001,False,False
.502331,2,0.0001,False,False
.502333,2,0.0001,False,False
.502327,2,0.0001,False,False
.502326,2,0.0001,False,False
.502325,2,0.0001,False,False
.502329,2,0.0001,False,False
.502332,2,0.0001,False,False
.502324,2,0.0001,False,False
.502330,2,0.0001,False,False
.clist,2,0.0001,False,False
.input1,2,0.0001,False,False
.input2,2,0.0001,False,False
.input3,2,0.0001,False,False
.input4,2,0.0001,False,False
.prisma,2,0.0001,False,False
.importorder,2,0.0001,False,False
.nvcc,2,0.0001,False,False
.acx,2,0.0001,False,False
.byte,2,0.0001,False,False
.7b,2,0.0001,False,False
.6d,2,0.0001,False,False
.garuda,2,0.0001,False,False
.restarttest,2,0.0001,False,False
.nosub,2,0.0001,False,False
.load,2,0.0001,False,False
.beam,2,0.0001,False,False
.lsf,2,0.0001,False,False
.avg_curv,2,0.0001,False,False
.avg_sulc,2,0.0001,False,False
.avg_thickness,2,0.0001,False,False
.curv,2,0.0001,False,False
.sulc,2,0.0001,False,False
.thickness,2,0.0001,False,False
.k,2,0.0001,False,False
.meme,2,0.0001,False,False
.pattern,2,0.0001,False,False
.mold,2,0.0001,False,False
.oldcpp,2,0.0001,False,False
.svgz,2,0.0001,False,False
.org_archive,2,0.0001,False,False
.asci,2,0.0001,False,False
.negative,2,0.0001,False,False
.mht,2,0.0001,False,False
.tmx,2,0.0001,False,False
.mime,2,0.0001,False,False
.bcc,2,0.0001,False,False
.manx,2,0.0001,False,False
.mc6,2,0.0001,False,False
.wat,2,0.0001,False,False
.flac,2,0.0001,False,False
.apns,2,0.0001,False,False
.ptm,2,0.0001,False,False
.sls,2,0.0001,False,False
.cj,2,0.0001,False,False
.idr,2,0.0001,False,False
.dfy,2,0.0001,False,False
.ʕ◔ϖ◔ʔ,2,0.0001,False,False
.elm,2,0.0001,False,False
.f03,2,0.0001,False,False
.rkt,2,0.0001,False,False
.civet,2,0.0001,False,False
.mc,2,0.0001,False,False
.pegjs,2,0.0001,False,False
.slnf,2,0.0001,False,False
.cid,2,0.0001,False,False
.3des,2,0.0001,False,False
.licensepp,2,0.0001,False,False
.star,2,0.0001,False,False
.keywords,2,0.0001,False,False
.rtems,2,0.0001,False,False
.bna,2,0.0001,False,False
.nxd,2,0.0001,False,False
.nxj,2,0.0001,False,False
.tk,2,0.0001,False,False
.pip,2,0.0001,False,False
.z05,2,0.0001,False,False
.dacpac,2,0.0001,False,False
.yml~,2,0.0001,False,False
.osc,2,0.0001,False,False
.add,2,0.0001,False,False
.rdf+xml,2,0.0001,False,False
.turtle,2,0.0001,False,False
.joblib,2,0.0001,True,False
.agp,2,0.0001,False,False
.selected,2,0.0001,False,False
.top_500_longest,2,0.0001,False,False
.rbz,2,0.0001,False,False
.typesconfigurations,2,0.0001,False,False
.tfa_clu,2,0.0001,False,False
.tfa_kalign,2,0.0001,False,False
.tfa_muscle,2,0.0001,False,False
.bubble,2,0.0001,False,False
.flow_past_cylinder-z,2,0.0001,False,False
.traceradvect_bds,2,0.0001,False,False
.rayleightaylor,2,0.0001,False,False
.convectedvortex,2,0.0001,False,False
.traceradvect,2,0.0001,False,False
.stanford,2,0.0001,False,False
.tcsh,2,0.0001,False,False
.left,2,0.0001,False,False
.pion,2,0.0001,False,False
.gch,2,0.0001,False,False
.vpp,2,0.0001,False,False
.db-journal,2,0.0001,False,False
.abcjob,2,0.0001,False,False
.rest,2,0.0001,False,False
.dfm,2,0.0001,False,False
.creator,2,0.0001,False,False
.includes,2,0.0001,False,False
.defaultconfigurationprovider,2,0.0001,False,False
.detektprovider,2,0.0001,False,False
.versionprovider,2,0.0001,False,False
.configvalidator,2,0.0001,False,False
.aas,2,0.0001,False,False
.mgm,2,0.0001,False,False
.ast,2,0.0001,False,False
.i64,2,0.0001,False,False
.garf,2,0.0001,False,False
.grmf,2,0.0001,False,False
.const,2,0.0001,False,False
.ewprj,2,0.0001,False,False
.ewprj (security copy),2,0.0001,False,False
.ecf,2,0.0001,False,False
.r2022b,2,0.0001,False,False
.ea,2,0.0001,False,False
.kaval,2,0.0001,False,False
.kavec,2,0.0001,False,False
.kdval,2,0.0001,False,False
.kdvec,2,0.0001,False,False
.nka,2,0.0001,False,False
.nkd,2,0.0001,False,False
.r0,2,0.0001,False,False
.ensemble,2,0.0001,False,False
.oe,2,0.0001,False,False
.blacklist,2,0.0001,False,False
.xln,2,0.0001,False,False
.tip4pd,2,0.0001,False,False
.repo,2,0.0001,False,False
.chromsizes,2,0.0001,False,False
.is,2,0.0001,False,False
.mr,2,0.0001,False,False
.lisp~,2,0.0001,False,False
.warc,2,0.0001,False,False
.experiment,2,0.0001,False,False
.nonroot,2,0.0001,False,False
.style,2,0.0001,False,False
.conll10,2,0.0001,False,False
.mess,2,0.0001,False,False
.rtl,2,0.0001,False,False
.nif,2,0.0001,False,False
.ane,2,0.0001,False,False
.ebnf,2,0.0001,False,False
.htkdic,2,0.0001,False,False
.gtout,2,0.0001,False,False
.preferences_pb,2,0.0001,False,False
.stetic,2,0.0001,False,False
.protect,2,0.0001,False,False
.cmap,2,0.0001,False,False
.spyx,2,0.0001,False,False
.feat,2,0.0001,False,False
.vcb,2,0.0001,False,False
.wembed,2,0.0001,False,False
.wvec,2,0.0001,False,False
.ppk,2,0.0001,False,False
.ez,2,0.0001,False,False
.actions,2,0.0001,False,False
.lpi,2,0.0001,False,False
.vrt,2,0.0001,False,False
.chr2l,2,0.0001,False,False
.425_i86linux32,2,0.0001,False,False
.425_i86linux64,2,0.0001,False,False
.adabody,2,0.0001,False,False
.ok,2,0.0001,False,False
.gzaa,2,0.0001,False,False
.gzab,2,0.0001,False,False
.partay,2,0.0001,False,False
.partaz,2,0.0001,False,False
.partba,2,0.0001,False,False
.partbb,2,0.0001,False,False
.partbc,2,0.0001,False,False
.partbd,2,0.0001,False,False
.partbe,2,0.0001,False,False
.partbf,2,0.0001,False,False
.partbg,2,0.0001,False,False
.partbh,2,0.0001,False,False
.partbi,2,0.0001,False,False
.partbj,2,0.0001,False,False
.partbk,2,0.0001,False,False
.partbl,2,0.0001,False,False
.partbm,2,0.0001,False,False
.partbn,2,0.0001,False,False
.partbo,2,0.0001,False,False
.partbp,2,0.0001,False,False
.partbq,2,0.0001,False,False
.partbr,2,0.0001,False,False
.partbs,2,0.0001,False,False
.partbt,2,0.0001,False,False
.partbu,2,0.0001,False,False
.partbv,2,0.0001,False,False
.partbw,2,0.0001,False,False
.partbx,2,0.0001,False,False
.partby,2,0.0001,False,False
.partbz,2,0.0001,False,False
.partca,2,0.0001,False,False
.partcb,2,0.0001,False,False
.partcc,2,0.0001,False,False
.partcd,2,0.0001,False,False
.partce,2,0.0001,False,False
.partcf,2,0.0001,False,False
.partcg,2,0.0001,False,False
.partch,2,0.0001,False,False
.partci,2,0.0001,False,False
.partcj,2,0.0001,False,False
.partck,2,0.0001,False,False
.partcl,2,0.0001,False,False
.partcm,2,0.0001,False,False
.partcn,2,0.0001,False,False
.partco,2,0.0001,False,False
.partcp,2,0.0001,False,False
.partcq,2,0.0001,False,False
.partcr,2,0.0001,False,False
.partcs,2,0.0001,False,False
.partct,2,0.0001,False,False
.partcu,2,0.0001,False,False
.partcv,2,0.0001,False,False
.sdk,2,0.0001,False,False
.112-12,2,0.0001,False,False
.112-13,2,0.0001,False,False
.112-14,2,0.0001,False,False
.112-15,2,0.0001,False,False
.112-16,2,0.0001,False,False
.223-17,2,0.0001,False,False
.23-2,2,0.0001,False,False
.23-3,2,0.0001,False,False
.23-4,2,0.0001,False,False
.23-5,2,0.0001,False,False
.23-6,2,0.0001,False,False
.56-10,2,0.0001,False,False
.56-11,2,0.0001,False,False
.56-7,2,0.0001,False,False
.56-8,2,0.0001,False,False
.56-9,2,0.0001,False,False
.18-17,2,0.0001,False,False
.5-10,2,0.0001,False,False
.5-11,2,0.0001,False,False
.5-7,2,0.0001,False,False
.5-8,2,0.0001,False,False
.5-9,2,0.0001,False,False
.9-12,2,0.0001,False,False
.9-13,2,0.0001,False,False
.9-14,2,0.0001,False,False
.9-15,2,0.0001,False,False
.9-16,2,0.0001,False,False
.135-10,2,0.0001,False,False
.135-11,2,0.0001,False,False
.135-7,2,0.0001,False,False
.135-8,2,0.0001,False,False
.135-9,2,0.0001,False,False
.270-12,2,0.0001,False,False
.270-13,2,0.0001,False,False
.270-14,2,0.0001,False,False
.270-15,2,0.0001,False,False
.270-16,2,0.0001,False,False
.539-17,2,0.0001,False,False
.54-2,2,0.0001,False,False
.54-3,2,0.0001,False,False
.54-4,2,0.0001,False,False
.54-5,2,0.0001,False,False
.54-6,2,0.0001,False,False
.16-10,2,0.0001,False,False
.16-11,2,0.0001,False,False
.16-7,2,0.0001,False,False
.16-8,2,0.0001,False,False
.16-9,2,0.0001,False,False
.32-12,2,0.0001,False,False
.32-13,2,0.0001,False,False
.32-14,2,0.0001,False,False
.32-15,2,0.0001,False,False
.32-16,2,0.0001,False,False
.64-17,2,0.0001,False,False
.7-2,2,0.0001,False,False
.7-3,2,0.0001,False,False
.7-4,2,0.0001,False,False
.7-5,2,0.0001,False,False
.7-6,2,0.0001,False,False
.168-17,2,0.0001,False,False
.17-2,2,0.0001,False,False
.17-3,2,0.0001,False,False
.17-4,2,0.0001,False,False
.17-5,2,0.0001,False,False
.17-6,2,0.0001,False,False
.42-10,2,0.0001,False,False
.42-11,2,0.0001,False,False
.42-7,2,0.0001,False,False
.42-8,2,0.0001,False,False
.42-9,2,0.0001,False,False
.84-12,2,0.0001,False,False
.84-13,2,0.0001,False,False
.84-14,2,0.0001,False,False
.84-15,2,0.0001,False,False
.84-16,2,0.0001,False,False
.142-12,2,0.0001,False,False
.142-13,2,0.0001,False,False
.142-14,2,0.0001,False,False
.142-15,2,0.0001,False,False
.142-16,2,0.0001,False,False
.284-17,2,0.0001,False,False
.29-2,2,0.0001,False,False
.29-3,2,0.0001,False,False
.29-4,2,0.0001,False,False
.29-5,2,0.0001,False,False
.29-6,2,0.0001,False,False
.71-10,2,0.0001,False,False
.71-11,2,0.0001,False,False
.71-7,2,0.0001,False,False
.71-8,2,0.0001,False,False
.71-9,2,0.0001,False,False
.11-12,2,0.0001,False,False
.11-13,2,0.0001,False,False
.11-14,2,0.0001,False,False
.11-15,2,0.0001,False,False
.11-16,2,0.0001,False,False
.22-17,2,0.0001,False,False
.3-2,2,0.0001,False,False
.3-3,2,0.0001,False,False
.3-4,2,0.0001,False,False
.3-5,2,0.0001,False,False
.3-6,2,0.0001,False,False
.6-10,2,0.0001,False,False
.6-11,2,0.0001,False,False
.6-7,2,0.0001,False,False
.6-8,2,0.0001,False,False
.6-9,2,0.0001,False,False
.13-17,2,0.0001,False,False
.4-10,2,0.0001,False,False
.4-11,2,0.0001,False,False
.4-7,2,0.0001,False,False
.4-8,2,0.0001,False,False
.4-9,2,0.0001,False,False
.7-12,2,0.0001,False,False
.7-13,2,0.0001,False,False
.7-14,2,0.0001,False,False
.7-15,2,0.0001,False,False
.7-16,2,0.0001,False,False
.173-17,2,0.0001,False,False
.18-2,2,0.0001,False,False
.18-3,2,0.0001,False,False
.18-4,2,0.0001,False,False
.18-5,2,0.0001,False,False
.18-6,2,0.0001,False,False
.44-10,2,0.0001,False,False
.44-11,2,0.0001,False,False
.44-7,2,0.0001,False,False
.44-8,2,0.0001,False,False
.44-9,2,0.0001,False,False
.87-12,2,0.0001,False,False
.87-13,2,0.0001,False,False
.87-14,2,0.0001,False,False
.87-15,2,0.0001,False,False
.87-16,2,0.0001,False,False
.case-insensitive,2,0.0001,False,False
.case-sensitive,2,0.0001,False,False
.h5f,2,0.0001,False,False
.others,2,0.0001,False,False
.tassign,2,0.0001,False,False
.theta,2,0.0001,False,False
.twords,2,0.0001,False,False
.ncb,2,0.0001,False,False
.odex,2,0.0001,False,False
.srdf,2,0.0001,False,False
.java#,2,0.0001,False,False
.conservationscores,2,0.0001,False,False
".txt,1",2,0.0001,False,False
.glf,2,0.0001,False,False
.vfb,2,0.0001,False,False
.designer,2,0.0001,False,False
.mscz,2,0.0001,False,False
.ows,2,0.0001,False,False
.ur5,2,0.0001,False,False
.keep,2,0.0001,False,False
.jtv,2,0.0001,False,False
.jfr,2,0.0001,False,False
.sjk,2,0.0001,False,False
.edi,2,0.0001,False,False
.ori,2,0.0001,False,False
.iges,2,0.0001,False,False
.sbproj,2,0.0001,False,False
.txtinput,2,0.0001,False,False
.ahk,2,0.0001,False,False
.keylayout,2,0.0001,False,False
.klc,2,0.0001,False,False
.temp,2,0.0001,False,False
.rbwt,2,0.0001,False,False
.rpac,2,0.0001,False,False
.cool,2,0.0001,False,False
.mcool,2,0.0001,False,False
.hic,2,0.0001,False,False
.zul,2,0.0001,False,False
.magma_template,2,0.0001,False,False
.magma_out,2,0.0001,False,False
.bvh,2,0.0001,False,False
.pka,2,0.0001,False,False
.aspect,2,0.0001,False,False
.r2016a,2,0.0001,False,False
.carefully,2,0.0001,False,False
.bt,2,0.0001,False,False
.omc,2,0.0001,False,False
.msk,2,0.0001,False,False
.nnw,2,0.0001,False,False
.gsheet,2,0.0001,False,False
.axlsx,2,0.0001,False,False
.odat,2,0.0001,False,False
.chrom_map,2,0.0001,False,False
.r#,2,0.0001,False,False
.jsfrag,2,0.0001,False,False
.taylor_vortex_decaying,2,0.0001,False,False
.bds_tracer_advection,2,0.0001,False,False
.couette,2,0.0001,False,False
.read,2,0.0001,False,False
.write,2,0.0001,False,False
.eb_flow_const_velx,2,0.0001,False,False
.eb_flow_const_vely,2,0.0001,False,False
.poiseuille_cylinder_bingham,2,0.0001,False,False
.poiseuille_cylinder_newtonian,2,0.0001,False,False
.poiseuille_plane_bingham,2,0.0001,False,False
.poiseuille_plane_newtonian,2,0.0001,False,False
.split,2,0.0001,False,False
.tracer_adv_diff,2,0.0001,False,False
.tracer_adv_diff_cn,2,0.0001,False,False
.tracer_advection,2,0.0001,False,False
.uniform_velocity_sphere,2,0.0001,False,False
.channel_sphere,2,0.0001,False,False
.rotated_cylinder_x,2,0.0001,False,False
.rotated_cylinder_y,2,0.0001,False,False
.rotated_cylinder_z,2,0.0001,False,False
.bouss_bubble_god,2,0.0001,False,False
.bouss_bubble_mol,2,0.0001,False,False
.bouss_bubble_plm,2,0.0001,False,False
.burggraf,2,0.0001,False,False
.inout,2,0.0001,False,False
.rayleigh_taylor,2,0.0001,False,False
.time_dep_inflow,2,0.0001,False,False
.gaussian_traceradvect_bds,2,0.0001,False,False
.pakmor,2,0.0001,False,False
.copyright,2,0.0001,False,False
.fa~,2,0.0001,False,False
.bionic,2,0.0001,False,False
.xenial,2,0.0001,False,False
.dirmeta,2,0.0001,False,False
.scratch,2,0.0001,False,False
.strata,2,0.0001,False,False
.enw,2,0.0001,False,False
.errorprofile,2,0.0001,False,False
.mma,2,0.0001,False,False
.mmc,2,0.0001,False,False
.indel,2,0.0001,False,False
.vsct,2,0.0001,False,False
.dru,2,0.0001,False,False
.cam,2,0.0001,False,False
.l#3,2,0.0001,False,False
.l#4,2,0.0001,False,False
.axf,2,0.0001,False,False
.pbxuser,2,0.0001,False,False
.cikernel,2,0.0001,False,False
.xsemantics,2,0.0001,False,False
.yar,2,0.0001,False,False
.kf,2,0.0001,False,False
.xsf-in,2,0.0001,False,False
.rspec,2,0.0001,False,False
.ipk,2,0.0001,False,False
.va,2,0.0001,False,False
.argo,2,0.0001,False,False
.pyf~,2,0.0001,False,False
.deprecated,2,0.0001,False,False
.vcf_bgzip,2,0.0001,False,False
.js1,2,0.0001,False,False
.yapf,2,0.0001,False,False
.qs,2,0.0001,False,False
.hlp,2,0.0001,False,False
.alessandro,2,0.0001,False,False
.melino,2,0.0001,False,False
.alex,2,0.0001,False,False
.álvaro,2,0.0001,False,False
._2i,2,0.0001,False,False
.eps_template,2,0.0001,False,False
.vanilla,2,0.0001,False,False
.benchfile,2,0.0001,False,False
.vssscc,2,0.0001,False,False
.mxd,2,0.0001,False,False
.wrapper,2,0.0001,False,False
.pops,2,0.0001,False,False
.tfvars,2,0.0001,False,False
.asprox,2,0.0001,False,False
.msx,2,0.0001,False,False
.50k,2,0.0001,False,False
.javascript,2,0.0001,False,False
.task,2,0.0001,False,False
.1ctadimer,2,0.0001,False,False
.separated,2,0.0001,False,False
.extended,2,0.0001,False,False
.n,2,0.0001,False,False
.logistic,2,0.0001,False,False
.mseq,2,0.0001,False,False
.genus,2,0.0001,False,False
.tuxy,2,0.0001,False,False
.rrd,2,0.0001,False,False
.odoc,2,0.0001,False,False
.dcr,2,0.0001,False,False
.ram,2,0.0001,False,False
.rm,2,0.0001,False,False
.wout,2,0.0001,False,False
.kb,2,0.0001,False,False
.lst~,2,0.0001,False,False
.tsv~,2,0.0001,False,False
.points,2,0.0001,False,False
.checks,2,0.0001,False,False
.tcss,2,0.0001,False,False
.mpx,2,0.0001,False,False
.axd,2,0.0001,False,False
.asmx,2,0.0001,False,False
.refresh,2,0.0001,False,False
.sitemap,2,0.0001,False,False
.bor,2,0.0001,False,False
.alpha_chain,2,0.0001,False,False
.beta_chain,2,0.0001,False,False
.psi,2,0.0001,False,False
.protein_l10p,2,0.0001,False,False
.protein_l11p,2,0.0001,False,False
.protein_l13p,2,0.0001,False,False
.protein_l14p,2,0.0001,False,False
.protein_l15p,2,0.0001,False,False
.protein_l16p,2,0.0001,False,False
.protein_l18p,2,0.0001,False,False
.protein_l1p,2,0.0001,False,False
.protein_l22p,2,0.0001,False,False
.protein_l24p,2,0.0001,False,False
.protein_l2p,2,0.0001,False,False
.protein_l3p,2,0.0001,False,False
.protein_l4p,2,0.0001,False,False
.protein_l5p,2,0.0001,False,False
.protein_l6p,2,0.0001,False,False
.protein_s11p,2,0.0001,False,False
.protein_s12p,2,0.0001,False,False
.protein_s13p,2,0.0001,False,False
.protein_s15p,2,0.0001,False,False
.protein_s17p,2,0.0001,False,False
.protein_s19p,2,0.0001,False,False
.protein_s2p,2,0.0001,False,False
.protein_s3p,2,0.0001,False,False
.protein_s5p,2,0.0001,False,False
.protein_s7p,2,0.0001,False,False
.protein_s8p,2,0.0001,False,False
.protein_s9p,2,0.0001,False,False
.classpath,2,0.0001,False,False
.combine,2,0.0001,False,False
.cppx,2,0.0001,False,False
.acp,2,0.0001,False,False
.z1,2,0.0001,False,False
.pbm,2,0.0001,False,False
.org~,2,0.0001,False,False
.eaf,2,0.0001,False,False
.exb,2,0.0001,False,False
.fwbackup,2,0.0001,False,False
.fwdata,2,0.0001,False,False
.sqlview,2,0.0001,False,False
.extraman,2,0.0001,False,False
.rdfs,2,0.0001,False,False
.levels_outformat,2,0.0001,False,False
.simple,2,0.0001,False,False
.flr,2,0.0001,False,False
.flr_query,2,0.0001,False,False
.flr_results,2,0.0001,False,False
.mozilla,2,0.0001,False,False
.richseed2,2,0.0001,False,False
.mnt,2,0.0001,False,False
.forge,2,0.0001,False,False
.ordered,2,0.0001,False,False
.acff,2,0.0001,False,False
.notmp,2,0.0001,False,False
.bio,2,0.0001,False,False
.constraints,2,0.0001,False,False
.fms,2,0.0001,False,False
.sit,2,0.0001,False,False
.mmn,2,0.0001,False,False
.spin,2,0.0001,False,False
.pygtex,2,0.0001,False,False
.pygstyle,2,0.0001,False,False
.djvu,2,0.0001,False,False
.harvest_params,2,0.0001,False,False
.json_manifest,2,0.0001,False,False
.rsync_manifest,2,0.0001,False,False
.sfo,2,0.0001,False,False
.qa,2,0.0001,False,False
.listobs,2,0.0001,False,False
.in~,2,0.0001,False,False
.lff,2,0.0001,False,False
.zinc,2,0.0001,False,False
.gwp,2,0.0001,False,False
.jhm,2,0.0001,False,False
.f0,2,0.0001,False,False
.vab,2,0.0001,False,False
.rcq,2,0.0001,False,False
.thr,2,0.0001,False,False
.aspect_x,2,0.0001,False,False
.aspect_y,2,0.0001,False,False
.multid,2,0.0001,False,False
.coulomb,2,0.0001,False,False
.simplified_sdc,2,0.0001,False,False
.nse_net,2,0.0001,False,False
.one,2,0.0001,False,False
.coarse,2,0.0001,False,False
.nonsquare,2,0.0001,False,False
.dx_6cm,2,0.0001,False,False
.1536,2,0.0001,False,False
.rprox,2,0.0001,False,False
.unittest,2,0.0001,False,False
.parameterized,2,0.0001,False,False
.diskspecs,2,0.0001,False,False
.outv,2,0.0001,False,False
.parv,2,0.0001,False,False
.xctimeline,2,0.0001,False,False
.dat3,2,0.0001,False,False
.dotnet,2,0.0001,False,False
.sthlp,2,0.0001,False,False
.cproj,2,0.0001,False,False
.feas,2,0.0001,False,False
.jfif,2,0.0001,False,False
.modelproj,2,0.0001,False,False
.ewl,2,0.0001,False,False
.lzfse,2,0.0001,False,False
.csv1,2,0.0001,False,False
.ccc,2,0.0001,False,False
.nc4,2,0.0001,False,False
.should,2,0.0001,False,False
.quad,2,0.0001,False,False
.f90_good,2,0.0001,False,False
.maybe,2,0.0001,False,False
.parameters,2,0.0001,False,False
.vowel,2,0.0001,False,False
.1-const,2,0.0001,False,False
.1-vowel,2,0.0001,False,False
.poni,2,0.0001,False,False
.cql,2,0.0001,False,False
.avl,2,0.0001,False,False
.cad,2,0.0001,False,False
.knob,2,0.0001,False,False
.cn,2,0.0001,False,False
.cnu,2,0.0001,False,False
.vsidx,2,0.0001,False,False
.ktx,2,0.0001,False,False
.jbuilder,2,0.0001,False,False
.geohash,2,0.0001,False,False
.f%,2,0.0001,False,False
.taup,2,0.0001,False,False
.clustal_num,2,0.0001,False,False
.dbr,2,0.0001,False,False
.f77,1,0.0,False,False
.fast,1,0.0,False,False
.yymps,1,0.0,False,False
.qgraf,1,0.0,False,False
.rtn,1,0.0,False,False
.headers,1,0.0,False,False
.scaf2bin,1,0.0,False,False
.count_table,1,0.0,False,False
.earth,1,0.0,False,False
.ive,1,0.0,False,False
.2018,1,0.0,False,False
.xwb,1,0.0,False,False
.transformerfactory,1,0.0,False,False
.xpathfactory,1,0.0,False,False
.64intel,1,0.0,False,False
.64sointel,1,0.0,False,False
.absoft,1,0.0,False,False
.elabsoft,1,0.0,False,False
.elg95,1,0.0,False,False
.elintel,1,0.0,False,False
.intel80,1,0.0,False,False
.pouillon,1,0.0,False,False
.aliases,1,0.0,False,False
.lvlps,1,0.0,False,False
.fr_msm_hcv_1a,1,0.0,False,False
.cyjs,1,0.0,False,False
.scatter,1,0.0,False,False
.fbt,1,0.0,False,False
.filt,1,0.0,False,False
.e4821625,1,0.0,False,False
.e5085402,1,0.0,False,False
.o4821625,1,0.0,False,False
.o5085402,1,0.0,False,False
.e3862270,1,0.0,False,False
.e3982326,1,0.0,False,False
.e5086168,1,0.0,False,False
.o3862270,1,0.0,False,False
.o3982326,1,0.0,False,False
.o5086168,1,0.0,False,False
.arith,1,0.0,False,False
.gmk,1,0.0,False,False
.cc_head,1,0.0,False,False
.cc_tail,1,0.0,False,False
.opf,1,0.0,False,False
.scrm,1,0.0,False,False
.axt,1,0.0,False,False
.eu,1,0.0,False,False
.ini_tmpl,1,0.0,False,False
.ode,1,0.0,False,False
.lsb,1,0.0,False,False
.upstart,1,0.0,False,False
.softlearning,1,0.0,False,False
.entry1,1,0.0,False,False
.fqrs,1,0.0,False,False
.ecg,1,0.0,False,False
.aa6f9e2,1,0.0,False,False
.p18564,1,0.0,False,False
.png~,1,0.0,False,False
.pass,1,0.0,False,False
.client,1,0.0,False,False
.graphmapping,1,0.0,False,False
.ods#,1,0.0,False,False
.template1,1,0.0,False,False
.template2,1,0.0,False,False
.0_c07_19_nc_sat001_minmin_p005000_rr,1,0.0,False,False
.0_c07_19_nc_sos_sat001_minmin_p005000_rr,1,0.0,False,False
.0_c12_02_nc_sat001_minmin_p005000_rr,1,0.0,False,False
.0_g----_0001_c18_f1_se_cs_sp_s00,1,0.0,False,False
.0_g----_0001_c18_f1_se_cs_sp_s0y,1,0.0,False,False
.0_g----_0001_c47_f1_se_cs_sp_s00,1,0.0,False,False
.0_g----_0003_c18_f1_pi_se_cs_sp_s0y,1,0.0,False,False
.0_g----_0003_c18_f1_se_cs_sp_s0y,1,0.0,False,False
.0_g----_0004_c18_f1_se_cs_sp_pi_s0y,1,0.0,False,False
.0_g----_0004_c18_f1_se_cs_sp_s0y,1,0.0,False,False
.0_g----_0005_c18_f1_se_cs_sp_s0y,1,0.0,False,False
.0_g----_0008_c18_f1_se_cs_sp_s0y,1,0.0,False,False
.0_g----_0010_evo,1,0.0,False,False
.0_g----_0012_c18_f1_se_cs_sp_s0y,1,0.0,False,False
.0_g----_0012_c18_f1_se_cs_sp_s5prr_rg_s04an,1,0.0,False,False
.0_g----_0012_c18_f1_se_cs_sp_s5prr_rg_s0y,1,0.0,False,False
.0_g----_0013_c18_f1_se_cs_sp_s0y,1,0.0,False,False
.0_g----_0014_c18_f1_se_cs_sp_s0y,1,0.0,False,False
.0_g----_0015_c18_f1_se_cs_sp_s0y,1,0.0,False,False
.0_g----_0016_c18_f1_se_cs_sp_s0y,1,0.0,False,False
.0_g----_0017_c18_f1_pi_se_cs_sp_s4y,1,0.0,False,False
.0_g----_0017_c18_f1_se_cs_sp_s0y,1,0.0,False,False
.0_g----_0017_c18_f1_se_cs_sp_s4y,1,0.0,False,False
.0_g----_0018_c18_f1_se_cs_sp_s0y,1,0.0,False,False
.0_g----_0019_c18_f1_pi_se_cs_sp_s0y,1,0.0,False,False
.0_g----_0019_c18_f1_se_cs_sp_s0y,1,0.0,False,False
.0_g----_0021_c18_f1_se_cs_sp_s0y,1,0.0,False,False
.0_g----_0021_c18_f1_se_cs_sp_s4s,1,0.0,False,False
.0_g----_0021_c18_f1_se_cs_sp_s4y,1,0.0,False,False
.0_g----_0021_c18_f1_se_cs_sp_s5prr_s0y,1,0.0,False,False
.0_g----_0023_c18_f1_se_cs_sp_s0y,1,0.0,False,False
.0_g----_0023_c18_f1_se_cs_sp_s4s,1,0.0,False,False
.0_g----_0026_c18_f1_se_cs_sp_s0y,1,0.0,False,False
.0_g----_0026_c18_f1_se_cs_sp_s4s,1,0.0,False,False
.0_g----_0027_c18_f1_pi_se_cs_sp_s0y,1,0.0,False,False
.0_g----_0027_c18_f1_se_cs_sp_s0y,1,0.0,False,False
.0_g----_0028_c18_f1_se_cs_sp_ps_s0y,1,0.0,False,False
.0_g----_0028_c18_f1_se_cs_sp_s0y,1,0.0,False,False
.0_g----_0029_c18_f1_pi_se_cs_sp_s0y,1,0.0,False,False
.0_g----_0029_c18_f1_se_cs_sp_s0y,1,0.0,False,False
.0_g----_0030_c18_f1_pi_se_cs_sp_s0y,1,0.0,False,False
.0_g----_0030_c18_f1_se_cs_sp_s0y,1,0.0,False,False
.0_g----_0031_c18_f1_se_cs_sp_s0y,1,0.0,False,False
.0_g----_0033_c18_f1_se_cs_sp_s0y,1,0.0,False,False
.0_g----_0034_c18_f1_se_cs_sp_s0y,1,0.0,False,False
.0_g----_2275__c12_02_nc_f1_ae_cs_sp_rg_s2s,1,0.0,False,False
.0_g----_2275_c12_02_nc_f1_ae_cs_sp_s2s,1,0.0,False,False
.0_g----_400_c05_02_f1_se_cs_sp_ps_rg_s04aa,1,0.0,False,False
.0_g----_400_c05_02_f1_se_cs_sp_ps_rg_s04ai,1,0.0,False,False
.0_g----_400_c05_02_f1_se_cs_sp_ps_rg_s04an,1,0.0,False,False
.0_g----_401_c05_02_f1_se_cs_sp_ps_rg_s04aa,1,0.0,False,False
.0_g----_401_c05_02_f1_se_cs_sp_ps_rg_s04ai,1,0.0,False,False
.0_g----_401_c05_02_f1_se_cs_sp_ps_rg_s04an,1,0.0,False,False
.0_g----_402_c05_02_f1_se_cs_sp_ps_rg_s04aa,1,0.0,False,False
.0_g----_402_c05_02_f1_se_cs_sp_ps_rg_s04ai,1,0.0,False,False
.0_g----_402_c05_02_f1_se_cs_sp_ps_rg_s04an,1,0.0,False,False
.0_g----_403_c05_02_f1_se_cs_sp_ps_rg_s04aa,1,0.0,False,False
.0_g----_403_c05_02_f1_se_cs_sp_ps_rg_s04ai,1,0.0,False,False
.0_g----_403_c05_02_f1_se_cs_sp_ps_rg_s04an,1,0.0,False,False
.0_g----_404_c05_02_f1_se_cs_sp_ps_rg_s04aa,1,0.0,False,False
.0_g----_404_c05_02_f1_se_cs_sp_ps_rg_s04ai,1,0.0,False,False
.0_g----_404_c05_02_f1_se_cs_sp_ps_rg_s04an,1,0.0,False,False
.0_g----_405_c05_02_f1_se_cs_sp_ps_rg_s04aa,1,0.0,False,False
.0_g----_405_c05_02_f1_se_cs_sp_ps_rg_s04ai,1,0.0,False,False
.0_g----_405_c05_02_f1_se_cs_sp_ps_rg_s04an,1,0.0,False,False
.0_g----_406_c05_02_f1_se_cs_sp_ps_rg_s04aa,1,0.0,False,False
.0_g----_406_c05_02_f1_se_cs_sp_ps_rg_s04ai,1,0.0,False,False
.0_g----_406_c05_02_f1_se_cs_sp_ps_rg_s04an,1,0.0,False,False
.0_g----_407_c05_02_f1_se_cs_sp_ps_rg_s04aa,1,0.0,False,False
.0_g----_407_c05_02_f1_se_cs_sp_ps_rg_s04ai,1,0.0,False,False
.0_g----_407_c05_02_f1_se_cs_sp_ps_rg_s04an,1,0.0,False,False
.0_g----_408_c05_02_f1_se_cs_sp_ps_rg_s04aa,1,0.0,False,False
.0_g----_408_c05_02_f1_se_cs_sp_ps_rg_s04ai,1,0.0,False,False
.0_g----_408_c05_02_f1_se_cs_sp_ps_rg_s04an,1,0.0,False,False
.0_g----_409_c05_02_f1_se_cs_sp_ps_rg_s04aa,1,0.0,False,False
.0_g----_409_c05_02_f1_se_cs_sp_ps_rg_s04ai,1,0.0,False,False
.0_g----_409_c05_02_f1_se_cs_sp_ps_rg_s04an,1,0.0,False,False
.0_g----_420_c05_02_f1_se_cs_sp_ps_rg_s04aa,1,0.0,False,False
.0_g----_420_c05_02_f1_se_cs_sp_ps_rg_s04ai,1,0.0,False,False
.0_g----_420_c05_02_f1_se_cs_sp_ps_rg_s04an,1,0.0,False,False
.0_g----_421_c05_02_f1_se_cs_sp_ps_rg_s04aa,1,0.0,False,False
.0_g----_421_c05_02_f1_se_cs_sp_ps_rg_s04ai,1,0.0,False,False
.0_g----_421_c05_02_f1_se_cs_sp_ps_rg_s04an,1,0.0,False,False
.0_g----_422_c05_02_f1_se_cs_sp_ps_rg_s04aa,1,0.0,False,False
.0_g----_422_c05_02_f1_se_cs_sp_ps_rg_s04ai,1,0.0,False,False
.0_g----_422_c05_02_f1_se_cs_sp_ps_rg_s04an,1,0.0,False,False
.0_g----_423_c05_02_f1_se_cs_sp_ps_rg_s04aa,1,0.0,False,False
.0_g----_423_c05_02_f1_se_cs_sp_ps_rg_s04ai,1,0.0,False,False
.0_g----_423_c05_02_f1_se_cs_sp_ps_rg_s04an,1,0.0,False,False
.0_g----_424_c05_02_f1_se_cs_sp_ps_rg_s04aa,1,0.0,False,False
.0_g----_424_c05_02_f1_se_cs_sp_ps_rg_s04ai,1,0.0,False,False
.0_g----_424_c05_02_f1_se_cs_sp_ps_rg_s04an,1,0.0,False,False
.0_g----_425_c05_02_f1_se_cs_sp_ps_rg_s04aa,1,0.0,False,False
.0_g----_425_c05_02_f1_se_cs_sp_ps_rg_s04ai,1,0.0,False,False
.0_g----_425_c05_02_f1_se_cs_sp_ps_rg_s04an,1,0.0,False,False
.0_g----_426_c05_02_f1_se_cs_sp_ps_rg_s04aa,1,0.0,False,False
.0_g----_426_c05_02_f1_se_cs_sp_ps_rg_s04ai,1,0.0,False,False
.0_g----_426_c05_02_f1_se_cs_sp_ps_rg_s04an,1,0.0,False,False
.0_g----_427_c05_02_f1_se_cs_sp_ps_rg_s04aa,1,0.0,False,False
.0_g----_427_c05_02_f1_se_cs_sp_ps_rg_s04ai,1,0.0,False,False
.0_g----_427_c05_02_f1_se_cs_sp_ps_rg_s04an,1,0.0,False,False
.0_g----_428_c05_02_f1_se_cs_sp_ps_rg_s04aa,1,0.0,False,False
.0_g----_428_c05_02_f1_se_cs_sp_ps_rg_s04ai,1,0.0,False,False
.0_g----_428_c05_02_f1_se_cs_sp_ps_rg_s04an,1,0.0,False,False
.0_g----_429_c05_02_f1_se_cs_sp_ps_rg_s04aa,1,0.0,False,False
.0_g----_429_c05_02_f1_se_cs_sp_ps_rg_s04ai,1,0.0,False,False
.0_g----_429_c05_02_f1_se_cs_sp_ps_rg_s04an,1,0.0,False,False
.0_g----_x1276__c12_02_nc_f1_ae_cs_sp_rg_s04an,1,0.0,False,False
.0_g----_x1276__c12_02_nc_f1_ae_cs_sp_s2s,1,0.0,False,False
.0_g----_x1276__c12_02_nc_f1_ae_cs_sp_s5prr_s2s,1,0.0,False,False
.0_g----_x1410__c12_02_nc_f1_ae_cs_sp_s2s,1,0.0,False,False
.0_g----_y1006_c12_02_nc_f1_ae_cs_sp_s2s,1,0.0,False,False
.0_g----_y1346__c12_02_nc_f1_ae_cs_sp_s2s,1,0.0,False,False
.0_g----_y1410__c12_02_nc_f1_ae_cs_sp_s2s,1,0.0,False,False
.0_g----_z1014__c12_02_nc_f1_ae_cs_sp_s2s,1,0.0,False,False
.0_g----_z1014__c12_02_nc_f1_ae_cs_ssp_s2s,1,0.0,False,False
.0_g----_z1410__c12_02_nc_f1_ae_cs_sp_s2s,1,0.0,False,False
.0_g-e--_006_c18_f1_pi_ae_q4_cs_sp_s2s,1,0.0,False,False
.0_g-e--_008_c18_f1_ae_q4_cs_sp_s2s,1,0.0,False,False
.0_g-e--_008_c18_f1_pi_ae_cs_sp_co_s4s,1,0.0,False,False
.0_g-e--_008_c18_f1_pi_ae_q4_cs_sp_ps_s0y,1,0.0,False,False
.0_g-e--_008_c18_f1_pi_se_cs_sp_co_s4s,1,0.0,False,False
.0_g-e--_008_c45_f1_ae_cs_sp_ps_s0y,1,0.0,False,False
.0_g-e--_008_c45_f1_pi_ae_cs_sp_co_s4s,1,0.0,False,False
.0_g-e--_008_c45_f1_pi_ae_q4_cs_sp_co_s4s,1,0.0,False,False
.0_g-e--_008_c45_f1_pi_ae_q4_cs_sp_s4c,1,0.0,False,False
.0_g-e--_008_c45_f1_pi_ae_q4_cs_sp_s4d,1,0.0,False,False
.0_g-e--_008_c45_f1_pi_ae_q4_cs_sp_s4s,1,0.0,False,False
.0_g-e--_008_c45_f1_pi_s5prr_se_q4_cs_sp_s4s,1,0.0,False,False
.0_g-e--_008_c45_f1_pi_se_q4_cs_sp_s0y,1,0.0,False,False
.0_g-e--_008_c45_f1_pi_se_q4_cs_sp_s4s,1,0.0,False,False
.0_g-e--_008_c45_f1_pi_se_q4_cs_sp_s4sa,1,0.0,False,False
.0_g-e--_008_c45_f1_pi_se_q4_cs_sp_s4si,1,0.0,False,False
.0_g-e--_012_c18_f1_pi_ae_q4_cs_sp_ps_s0y,1,0.0,False,False
.0_g-e--_024_b31_f1_pi_ae_q4_cs_sp_s2s,1,0.0,False,False
.0_g-e--_041_c18_f1_pi_ae_q4_cs_sp_s0y,1,0.0,False,False
.0_g-e--_042_c18_f1_pi_ae_q4_cs_sp_ps_s0y,1,0.0,False,False
.0_g-e--_042_c45_f1_pi_ae_q4_cs_sp_ps_s4s,1,0.0,False,False
.0_g-e--_060_c18_f1_pi_ae_cs_sp_co_s0y,1,0.0,False,False
.0_g-e--_060_c18_f1_pi_ae_cs_sp_s0y,1,0.0,False,False
.0_g-e--_060_c18_f1_pi_ae_q4_cs_sp_s0y,1,0.0,False,False
.0_g-e--_060_c18_f1_pi_se_cs_sp_co_s0y,1,0.0,False,False
.0_g-e--_060_c18_f1_pi_se_cs_sp_s0y,1,0.0,False,False
.0_g-e--_092_c01_f1_ae_cs_sp_ps_co_s0y,1,0.0,False,False
.0_g-e--_092_c01_f1_ae_cs_sp_ps_s0y,1,0.0,False,False
.0_g-e--_092_c01_f1_pi_ae_q4_cs_sp_ps_s0y,1,0.0,False,False
.0_g-e--_100_c18_f1_pi_ae_q4_cs_sp_ps_s0y,1,0.0,False,False
.0_g-e--_100_c18_f1_pi_ae_q4_cs_sp_s0y,1,0.0,False,False
.0_g-e--_103_c18_f1_pi_ae_q4_cs_sp_s0y,1,0.0,False,False
.0_g-e--_107_b00_00_f1_pi_ae_q4_cs_sp_ps_s071i,1,0.0,False,False
.0_g-e--_107_b00_00_f1_pi_ae_q4_cs_sp_ps_s08bn,1,0.0,False,False
.0_g-e--_107_b03_f1_pi_ae_q4_cs_sp_ps_s0y,1,0.0,False,False
.0_g-e--_107_b03_f1_pi_ae_q4_cs_sp_ps_s4s,1,0.0,False,False
.0_g-e--_107_b42_f1_pi_ae_q4_cs_sp_ps_s0y,1,0.0,False,False
.0_g-e--_107_b42_f1_pi_se_q4_cs_sp_ps_s0y,1,0.0,False,False
.0_g-e--_107_b42_f1_pi_se_q4_cs_sp_ps_s0ya,1,0.0,False,False
.0_g-e--_107_b42_f1_pi_se_q4_cs_sp_ps_s0yi,1,0.0,False,False
.0_g-e--_107_b42_f1_pi_se_q4_cs_sp_ps_s5prr_s0y,1,0.0,False,False
.0_g-e--_107_c12_02_nc_f1_pi_ae_q4_cs_sp_ps_s033n,1,0.0,False,False
.0_g-e--_107_c12_11_nc_f1_pi_ae_q4_cs_sp_ps_s071i,1,0.0,False,False
.0_g-e--_107_c18_f1_ae_cs_sp_ps_s0y,1,0.0,False,False
.0_g-e--_107_c18_f1_ae_q4_cs_sp_co_s0y,1,0.0,False,False
.0_g-e--_107_c18_f1_ae_q4_cs_sp_ps_s0y,1,0.0,False,False
.0_g-e--_107_c18_f1_ae_q4_cs_sp_s0y,1,0.0,False,False
.0_g-e--_107_c18_f1_pi_ae_q4_cs_sp_ps_s4s,1,0.0,False,False
.0_g-e--_107_c36_f1_pi_ae_q4_cs_sp_ps_s0y,1,0.0,False,False
.0_g-e--_107_c37_f1_pi_ae_q4_cs_sp_ps_s0y,1,0.0,False,False
.0_g-e--_107_c37_sos_f1_pi_ae_q4_cs_sp_ps_s0y,1,0.0,False,False
.0_g-e--_107_c41_f1_pi_ae_cs_sp_ps_s4s,1,0.0,False,False
.0_g-e--_107_c41_f1_pi_ae_q4_cs_sp_ps_co_s4s,1,0.0,False,False
.0_g-e--_107_c41_f1_pi_ae_q4_cs_sp_ps_s0y,1,0.0,False,False
.0_g-e--_107_c41_f1_pi_ae_q4_cs_sp_ps_s2u,1,0.0,False,False
.0_g-e--_107_c41_f1_pi_ae_q4_cs_sp_ps_s4s,1,0.0,False,False
.0_g-e--_107_c41_f1_pi_ae_q4_cs_sp_ps_s5s,1,0.0,False,False
.0_g-e--_107_c45_f1_ae_q4_cs_sp_ps_s0y,1,0.0,False,False
.0_g-e--_107_c45_f1_pi_ae_q4_cs_sp_s0y,1,0.0,False,False
.0_g-e--_107_c45_f1_pi_ae_q7_cs_sp_ps_s0y,1,0.0,False,False
.0_g-e--_107_c48_f1_ae_cs_sp_ps_s0y,1,0.0,False,False
.0_g-e--_107_c48_f1_pi_ae_q4_cs_sp_ps_s0y,1,0.0,False,False
.0_g-e--_110_c45_f1_pi_ae_q4_cs_sp_ps_s4s,1,0.0,False,False
.0_g-e--_110_c45_f1_pi_se_cs_sp_ps_s4s,1,0.0,False,False
.0_g-e--_110_c45_f1_pi_se_q4_cs_sp_ps_s4s,1,0.0,False,False
.0_g-e--_200_b02_f1_ae_cs_sp_pi_s0s,1,0.0,False,False
.0_g-e--_200_b02_f1_ae_cs_sp_pi_s0y,1,0.0,False,False
.0_g-e--_200_b02_f1_ae_cs_sp_pi_s2k,1,0.0,False,False
.0_g-e--_200_b02_f1_se_cs_sp_pi_s0s,1,0.0,False,False
.0_g-e--_200_b02_f1_se_cs_sp_pi_s2k,1,0.0,False,False
.0_g-e--_200_b07_f1_ae_cs_sp_pi_s0y,1,0.0,False,False
.0_g-e--_200_c18_f1_ae_cs_sp_pi_s0y,1,0.0,False,False
.0_g-e--_200_c41_f1_ae_cs_sp_pi_s0y,1,0.0,False,False
.0_g-e--_200_c45_f1_ae_cs_sp_pi_co_s0v,1,0.0,False,False
.0_g-e--_200_c45_f1_ae_cs_sp_pi_ps_s0y,1,0.0,False,False
.0_g-e--_200_c45_f1_ae_cs_sp_pi_s0s,1,0.0,False,False
.0_g-e--_200_c45_f1_ae_cs_sp_pi_s0v,1,0.0,False,False
.0_g-e--_200_c45_f1_ae_cs_sp_pi_s0y,1,0.0,False,False
.0_g-e--_200_c45_f1_ae_cs_sp_pi_s2s,1,0.0,False,False
.0_g-e--_200_c45_f1_ae_cs_sp_pi_s4s,1,0.0,False,False
.0_g-e--_200_c45_f1_ae_cs_sp_s0y,1,0.0,False,False
.0_g-e--_200_c45_f1_ae_q4_cs_sp_pi_s0y,1,0.0,False,False
.0_g-e--_200_c45_f1_se_cs_sp_pi_co_s0v,1,0.0,False,False
.0_g-e--_200_c45_f1_se_cs_sp_pi_co_s5prr_s0v,1,0.0,False,False
.0_g-e--_201_c45_f1_ae_cs_sp_pi_co_s0y,1,0.0,False,False
.0_g-e--_201_c45_f1_ae_cs_sp_pi_s0y,1,0.0,False,False
.0_g-e--_204_c45_f1_ae_cs_sp_pi_s0y,1,0.0,False,False
.0_g-e--_205_c45_f1_ae_cs_sp_pi_s0y,1,0.0,False,False
.0_g-e--_205_c45_f1_ae_cs_sp_pi_s5prr_s0y,1,0.0,False,False
.0_g-e--_207_b07_f1_ae_cs_sp_pi_ps_s0y,1,0.0,False,False
.0_g-e--_207_b07_f1_ae_cs_sp_ps_s0y,1,0.0,False,False
.0_g-e--_207_c01_f1_ae_cs_sp_pi_s0y,1,0.0,False,False
.0_g-e--_207_c01_f1_se_cs_sp_pi_s0y,1,0.0,False,False
.0_g-e--_207_c01_f1_se_cs_sp_pi_s5prr_s0y,1,0.0,False,False
.0_g-e--_207_c18_f1_ae_cs_sp_pi_co_s00,1,0.0,False,False
.0_g-e--_207_c18_f1_ae_cs_sp_pi_co_s0y,1,0.0,False,False
.0_g-e--_207_c18_f1_ae_cs_sp_pi_co_s2s,1,0.0,False,False
.0_g-e--_207_c18_f1_ae_cs_sp_pi_ps_s00,1,0.0,False,False
.0_g-e--_207_c18_f1_ae_cs_sp_pi_ps_s0i,1,0.0,False,False
.0_g-e--_207_c18_f1_ae_cs_sp_pi_ps_s0s,1,0.0,False,False
.0_g-e--_207_c18_f1_ae_cs_sp_pi_ps_s0u,1,0.0,False,False
.0_g-e--_207_c18_f1_ae_cs_sp_pi_ps_s0y,1,0.0,False,False
.0_g-e--_207_c18_f1_ae_cs_sp_pi_ps_s2s,1,0.0,False,False
.0_g-e--_207_c18_f1_ae_cs_sp_pi_ps_s2u,1,0.0,False,False
.0_g-e--_207_c18_f1_ae_cs_sp_pi_ps_s3s,1,0.0,False,False
.0_g-e--_207_c18_f1_ae_cs_sp_pi_s00,1,0.0,False,False
.0_g-e--_207_c18_f1_ae_cs_sp_pi_s0a,1,0.0,False,False
.0_g-e--_207_c18_f1_ae_cs_sp_pi_s0e,1,0.0,False,False
.0_g-e--_207_c18_f1_ae_cs_sp_pi_s0y,1,0.0,False,False
.0_g-e--_207_c18_f1_ae_cs_sp_pi_s2s,1,0.0,False,False
.0_g-e--_207_c18_f1_ae_cs_sp_pi_s4s,1,0.0,False,False
.0_g-e--_207_c18_f1_ae_cs_sp_ps_s0u,1,0.0,False,False
.0_g-e--_207_c18_f1_ae_cs_sp_ps_s0v,1,0.0,False,False
.0_g-e--_207_c18_f1_ae_cs_sp_ps_s0y,1,0.0,False,False
.0_g-e--_207_c18_f1_ae_cs_sp_ps_s2s,1,0.0,False,False
.0_g-e--_207_c18_f1_ae_cs_sp_ps_s3s,1,0.0,False,False
.0_g-e--_207_c18_f1_ae_cs_sp_ps_s4s,1,0.0,False,False
.0_g-e--_207_c18_f1_ae_q4_cs_sp_pi_co_ps_s00,1,0.0,False,False
.0_g-e--_207_c18_f1_ae_q7_cs_sp_co_ps_s00,1,0.0,False,False
.0_g-e--_207_c18_f1_ae_q7_cs_sp_pi_co_ps_s00,1,0.0,False,False
.0_g-e--_207_c18_f1_cs_sp_s0y,1,0.0,False,False
.0_g-e--_207_c18_f1_pi_s0y,1,0.0,False,False
.0_g-e--_207_c18_f1_se_cs_sp_pi_ps_s00a,1,0.0,False,False
.0_g-e--_207_c18_f1_se_cs_sp_pi_ps_s00i,1,0.0,False,False
.0_g-e--_207_c18_f1_se_cs_sp_pi_ps_s0y,1,0.0,False,False
.0_g-e--_207_c18_f1_se_cs_sp_pi_ps_s2s,1,0.0,False,False
.0_g-e--_207_c18_f1_se_cs_sp_pi_ps_s2sa,1,0.0,False,False
.0_g-e--_207_c18_f1_se_cs_sp_pi_ps_s2si,1,0.0,False,False
.0_g-e--_207_c18_f1_se_cs_sp_pi_ps_s5prr_rg_s04an,1,0.0,False,False
.0_g-e--_207_c18_f1_se_cs_sp_pi_ps_s5prr_rg_s0y,1,0.0,False,False
.0_g-e--_207_c18_f1_se_cs_sp_pi_ps_s5prr_rg_s2s,1,0.0,False,False
.0_g-e--_207_c18_f1_se_cs_sp_pi_ps_s5prr_s2s,1,0.0,False,False
.0_g-e--_207_c18_f1_se_cs_sp_pi_ps_s5prr_s2si,1,0.0,False,False
.0_g-e--_207_c18_f1_sp_pi_s0y,1,0.0,False,False
.0_g-e--_207_c18_f1_sp_s0y,1,0.0,False,False
.0_g-e--_207_c41_f1_ae_cs_sp_pi_s0y,1,0.0,False,False
.0_g-e--_207_c41_f1_ae_cs_sp_pi_s4s,1,0.0,False,False
.0_g-e--_207_c45_f1_ae_cs_sp_pi_s0y,1,0.0,False,False
.0_g-e--_208_b00_00_f1_se_cs_sp_ps_s071i,1,0.0,False,False
.0_g-e--_208_b00_00_f1_se_cs_sp_ps_s5prr_s00en,1,0.0,False,False
.0_g-e--_208_b01_00_f1_se_cs_sp_ps_s04an,1,0.0,False,False
.0_g-e--_208_b01_00_f1_se_cs_sp_ps_s064a,1,0.0,False,False
.0_g-e--_208_b02_f1_ae_cs_sp_ps_s0y,1,0.0,False,False
.0_g-e--_208_b02cma_f1_se_cs_sp_ps_s5prr_rg_s04an,1,0.0,False,False
.0_g-e--_208_b07----d_f1_se_cs_sp_ps_s5prr_rg_s04aa,1,0.0,False,False
.0_g-e--_208_b07----d_f1_se_cs_sp_ps_s5prr_rg_s04ai,1,0.0,False,False
.0_g-e--_208_b07----d_f1_se_cs_sp_ps_s5prr_rg_s04an,1,0.0,False,False
.0_g-e--_208_b07----s_f1_se_cs_sp_ps_s5prr_rg_s04an,1,0.0,False,False
.0_g-e--_208_b07--c_f1_se_cs_sp_ps_s5prr_rg_s04an,1,0.0,False,False
.0_g-e--_208_b07_f1_ae_cs_sp_ps_s0y,1,0.0,False,False
.0_g-e--_208_b07_f1_ae_cs_sp_ps_s5prr_s0y,1,0.0,False,False
.0_g-e--_208_b07_f1_s5prr_se_cs_sp_ps_s0y,1,0.0,False,False
.0_g-e--_208_b07_f1_se_cs_sp_ps_s0y,1,0.0,False,False
.0_g-e--_208_b07_f1_se_cs_sp_ps_s2q,1,0.0,False,False
.0_g-e--_208_b07_f1_se_cs_sp_ps_s4d,1,0.0,False,False
.0_g-e--_208_b07_f1_se_cs_sp_ps_s5prr_rg_s04an,1,0.0,False,False
.0_g-e--_208_b07amc_f1_se_cs_sp_ps_s5prr_rg_s04an,1,0.0,False,False
.0_g-e--_208_b07cma_f1_se_cs_sp_ps_s5prr_rg_s04an,1,0.0,False,False
.0_g-e--_208_c02---_f1_se_cs_sp_ps_s5prr_rg_s04an,1,0.0,False,False
.0_g-e--_208_c02amc_f1_se_cs_sp_ps_s5prr_rg_s04an,1,0.0,False,False
.0_g-e--_208_c02cma_f1_se_cs_sp_ps_s5prr_rg_s04an,1,0.0,False,False
.0_g-e--_208_c02sc-_f1_se_cs_sp_ps_s5prr_rg_s04an,1,0.0,False,False
.0_g-e--_208_c05_02_f1_se_cs_sp_ps_s5prr_rg_s04an,1,0.0,False,False
.0_g-e--_208_c09_12_f1_se_cs_sp_ps_s002a,1,0.0,False,False
.0_g-e--_208_c09_12_f1_se_cs_sp_ps_s070i,1,0.0,False,False
.0_g-e--_208_c09_12_f1_se_cs_sp_ps_s5prr_rg_nd_s04an,1,0.0,False,False
.0_g-e--_208_c09_12_f1_se_cs_sp_ps_s5prr_rg_s04an,1,0.0,False,False
.0_g-e--_208_c09_12_f1_se_cs_sp_ps_s5prr_s04an,1,0.0,False,False
.0_g-e--_208_c12_00_f1_se_cs_pi_sp_ps_s5prr_rg_s04an,1,0.0,False,False
.0_g-e--_208_c12_00_f1_se_cs_sp_ps_s5prr_rg_s04an,1,0.0,False,False
.0_g-e--_208_c12_02_nc_f1_se_cs_sp_ps_s06dn,1,0.0,False,False
.0_g-e--_208_c12_02_nc_f1_se_cs_sp_ps_s070i,1,0.0,False,False
.0_g-e--_208_c12_02_nc_f1_se_cs_sp_ps_s5prr_rg_s070i,1,0.0,False,False
.0_g-e--_208_c12_11_nc_f1_se_cs_sp_ps_s022a,1,0.0,False,False
.0_g-e--_208_c12_11_nc_f1_se_cs_sp_ps_s04bn,1,0.0,False,False
.0_g-e--_208_c12_11_nc_f1_se_cs_sp_ps_s5prr_rg_s04an,1,0.0,False,False
.0_g-e--_208_c12_11_nc_f1_se_cs_sp_ps_s5prr_s04bn,1,0.0,False,False
.0_g-e--_208_c18--c_f1_se_cs_sp_ps_s5prr_rg_s04an,1,0.0,False,False
.0_g-e--_208_c18_f1_ae_cs_sp_pi_s0a,1,0.0,False,False
.0_g-e--_208_c18_f1_ae_cs_sp_pi_s0y,1,0.0,False,False
.0_g-e--_208_c18_f1_ae_cs_sp_ps_s0a,1,0.0,False,False
.0_g-e--_208_c18_f1_ae_cs_sp_ps_s0v,1,0.0,False,False
.0_g-e--_208_c18_f1_ae_cs_sp_ps_s0y,1,0.0,False,False
.0_g-e--_208_c18_f1_ae_cs_sp_ps_s1y,1,0.0,False,False
.0_g-e--_208_c18_f1_ae_cs_sp_ps_s3s,1,0.0,False,False
.0_g-e--_208_c18_f1_ae_cs_sp_ps_s4s,1,0.0,False,False
.0_g-e--_208_c18_f1_ae_cs_sp_s0y,1,0.0,False,False
.0_g-e--_208_c18_f1_se_cs_sos_sp_ps_s5prr_rg_s04an,1,0.0,False,False
.0_g-e--_208_c18_f1_se_cs_sp_pi_ps_s5prr_rg_s04an,1,0.0,False,False
.0_g-e--_208_c18_f1_se_cs_sp_pi_ps_s5prr_s032n,1,0.0,False,False
.0_g-e--_208_c18_f1_se_cs_sp_ps_rg_s2sx,1,0.0,False,False
.0_g-e--_208_c18_f1_se_cs_sp_ps_s00,1,0.0,False,False
.0_g-e--_208_c18_f1_se_cs_sp_ps_s002a,1,0.0,False,False
.0_g-e--_208_c18_f1_se_cs_sp_ps_s003i,1,0.0,False,False
.0_g-e--_208_c18_f1_se_cs_sp_ps_s022i,1,0.0,False,False
.0_g-e--_208_c18_f1_se_cs_sp_ps_s024i,1,0.0,False,False
.0_g-e--_208_c18_f1_se_cs_sp_ps_s026i,1,0.0,False,False
.0_g-e--_208_c18_f1_se_cs_sp_ps_s028n,1,0.0,False,False
.0_g-e--_208_c18_f1_se_cs_sp_ps_s02dn,1,0.0,False,False
.0_g-e--_208_c18_f1_se_cs_sp_ps_s032n,1,0.0,False,False
.0_g-e--_208_c18_f1_se_cs_sp_ps_s038i,1,0.0,False,False
.0_g-e--_208_c18_f1_se_cs_sp_ps_s047a,1,0.0,False,False
.0_g-e--_208_c18_f1_se_cs_sp_ps_s059i,1,0.0,False,False
.0_g-e--_208_c18_f1_se_cs_sp_ps_s05ai,1,0.0,False,False
.0_g-e--_208_c18_f1_se_cs_sp_ps_s05bn,1,0.0,False,False
.0_g-e--_208_c18_f1_se_cs_sp_ps_s05cn,1,0.0,False,False
.0_g-e--_208_c18_f1_se_cs_sp_ps_s05ea,1,0.0,False,False
.0_g-e--_208_c18_f1_se_cs_sp_ps_s061n,1,0.0,False,False
.0_g-e--_208_c18_f1_se_cs_sp_ps_s07fn,1,0.0,False,False
.0_g-e--_208_c18_f1_se_cs_sp_ps_s0a,1,0.0,False,False
.0_g-e--_208_c18_f1_se_cs_sp_ps_s0u,1,0.0,False,False
.0_g-e--_208_c18_f1_se_cs_sp_ps_s0y,1,0.0,False,False
.0_g-e--_208_c18_f1_se_cs_sp_ps_s0y_ni,1,0.0,False,False
.0_g-e--_208_c18_f1_se_cs_sp_ps_s0yp,1,0.0,False,False
.0_g-e--_208_c18_f1_se_cs_sp_ps_s2a,1,0.0,False,False
.0_g-e--_208_c18_f1_se_cs_sp_ps_s2b,1,0.0,False,False
.0_g-e--_208_c18_f1_se_cs_sp_ps_s2c,1,0.0,False,False
.0_g-e--_208_c18_f1_se_cs_sp_ps_s2d,1,0.0,False,False
.0_g-e--_208_c18_f1_se_cs_sp_ps_s2f,1,0.0,False,False
.0_g-e--_208_c18_f1_se_cs_sp_ps_s2g,1,0.0,False,False
.0_g-e--_208_c18_f1_se_cs_sp_ps_s2i,1,0.0,False,False
.0_g-e--_208_c18_f1_se_cs_sp_ps_s2j,1,0.0,False,False
.0_g-e--_208_c18_f1_se_cs_sp_ps_s2k,1,0.0,False,False
.0_g-e--_208_c18_f1_se_cs_sp_ps_s2m,1,0.0,False,False
.0_g-e--_208_c18_f1_se_cs_sp_ps_s2n,1,0.0,False,False
.0_g-e--_208_c18_f1_se_cs_sp_ps_s2o,1,0.0,False,False
.0_g-e--_208_c18_f1_se_cs_sp_ps_s2p,1,0.0,False,False
.0_g-e--_208_c18_f1_se_cs_sp_ps_s2r,1,0.0,False,False
.0_g-e--_208_c18_f1_se_cs_sp_ps_s2s,1,0.0,False,False
.0_g-e--_208_c18_f1_se_cs_sp_ps_s2v,1,0.0,False,False
.0_g-e--_208_c18_f1_se_cs_sp_ps_s3a,1,0.0,False,False
.0_g-e--_208_c18_f1_se_cs_sp_ps_s3b,1,0.0,False,False
.0_g-e--_208_c18_f1_se_cs_sp_ps_s4b,1,0.0,False,False
.0_g-e--_208_c18_f1_se_cs_sp_ps_s4c,1,0.0,False,False
.0_g-e--_208_c18_f1_se_cs_sp_ps_s4d,1,0.0,False,False
.0_g-e--_208_c18_f1_se_cs_sp_ps_s4y,1,0.0,False,False
.0_g-e--_208_c18_f1_se_cs_sp_ps_s5prr_rg_s04ai,1,0.0,False,False
.0_g-e--_208_c18_f1_se_cs_sp_ps_s5prr_rg_s04an,1,0.0,False,False
.0_g-e--_208_c18_f1_se_cs_sp_ps_s5prr_rg_s04bn,1,0.0,False,False
.0_g-e--_208_c18_f1_se_cs_sp_ps_s5prr_rg_s0y,1,0.0,False,False
.0_g-e--_208_c18_f1_se_cs_sp_ps_s5prr_s002a,1,0.0,False,False
.0_g-e--_208_c18_f1_se_cs_sp_ps_s5prr_s028n,1,0.0,False,False
.0_g-e--_208_c18_f1_se_cs_sp_ps_s5prr_s032n,1,0.0,False,False
.0_g-e--_208_c18_f1_se_cs_sp_ps_s5prr_s04an,1,0.0,False,False
.0_g-e--_208_c18_f1_se_cs_sp_ps_s5prr_s059i,1,0.0,False,False
.0_g-e--_208_c18_f1_se_cs_sp_ps_s5prr_s0y,1,0.0,False,False
.0_g-e--_208_c18_f1_se_cs_sp_ps_s5prr_s2m,1,0.0,False,False
.0_g-e--_208_c18_f1_se_cs_sp_ps_s5prr_s2ma,1,0.0,False,False
.0_g-e--_208_c18_f1_se_cs_sp_ps_s5prr_s2mi,1,0.0,False,False
.0_g-e--_208_c18_f1_se_cs_sp_ps_s5prr_s2p,1,0.0,False,False
.0_g-e--_208_c18_f1_se_cs_sp_ps_s5prr_s2v,1,0.0,False,False
.0_g-e--_208_c18_f1_se_cs_sp_ps_s5prr_s4d,1,0.0,False,False
.0_g-e--_208_c18_f1_se_cs_sp_ps_tt_s0y,1,0.0,False,False
.0_g-e--_208_c18_f1_se_cs_ssp_ps_s5prr_rg_s04an,1,0.0,False,False
.0_g-e--_208_c18_f2_se_cs_sp_ps_rg_s04a,1,0.0,False,False
.0_g-e--_208_c18_f2_se_cs_sp_ps_s5prr_rg_s04a,1,0.0,False,False
.0_g-e--_208_c18_sos_f1_se_cs_sp_ps_s4c,1,0.0,False,False
.0_g-e--_208_c18amc_f1_se_cs_sp_ps_s5prr_rg_s04an,1,0.0,False,False
.0_g-e--_208_c18c--_f1_se_cs_sp_ps_s5prr_rg_s04an,1,0.0,False,False
.0_g-e--_208_c18cma_f1_se_cs_sp_ps_s5prr_rg_s04an,1,0.0,False,False
.0_g-e--_208_c41_f1_ae_cs_sp_ps_s00,1,0.0,False,False
.0_g-e--_208_c41_f1_ae_cs_sp_ps_s4s,1,0.0,False,False
.0_g-e--_208_c45_f1_ae_cs_sp_pi_co_s0v,1,0.0,False,False
.0_g-e--_208_c45_f1_ae_cs_sp_pi_ps_s0y,1,0.0,False,False
.0_g-e--_208_c47_f1_se_cs_sp_ps_s0y,1,0.0,False,False
.0_g-e--_208_c48_f1_ae_cs_sp_ps_s0y,1,0.0,False,False
.0_g-e--_209_c18_f1_ae_cs_sp_pi_s0y,1,0.0,False,False
.0_g-e--_209_c18_f1_ae_cs_sp_s0y,1,0.0,False,False
.0_g-e--_210_c18_f1_ae_cs_sp_pi_s0y,1,0.0,False,False
.0_g-e--_211_c18_f1_ae_cs_sp_s0y,1,0.0,False,False
.0_g-e--_212_c18_f1_ae_q12_cs_sp_s0y,1,0.0,False,False
.0_g-e--_212_c18_f1_ae_q12_cs_sp_s2s,1,0.0,False,False
.0_g-e--_213_c18_f1_ae_cs_sp_pi_s0y,1,0.0,False,False
.0_g-e--_214_c18_f1_ae_q7_cs_sp_pi_s0y,1,0.0,False,False
.0_g-e--_214_c18_f1_ae_r4_cs_sp_pi_s0y,1,0.0,False,False
.0_g-e--_214_c18_f1_ae_s4_cs_sp_pi_s0y,1,0.0,False,False
.0_g-e--_215_c46_f1_ae_cs_sp_ps_s0y,1,0.0,False,False
.0_g-e--_215_c46_f1_ae_cs_sp_ps_s2s,1,0.0,False,False
.0_g-e--_300_c01_f1_se_cs_sp_s0y,1,0.0,False,False
.0_g-e--_300_c01_s00,1,0.0,False,False
.0_g-e--_300_c01_s5prr_s00,1,0.0,False,False
.0_g-e--_300_c18_f1_se_cs_sp_ps_s0y,1,0.0,False,False
.0_g-e--_300_c18_f1_se_cs_sp_s0y,1,0.0,False,False
.0_g-e--_300_c18_f1_urban_s0y,1,0.0,False,False
.0_g-e--_301_c18_f1_urban_s0y,1,0.0,False,False
.0_g-e--_301_c18_f1_urban_s5prr_rg_s04an,1,0.0,False,False
.0_g-e--_301_c18_f1_urban_s5prr_rg_s04bn,1,0.0,False,False
.0_g-e--_301_c18_f1_urban_s5prr_rg_s070i,1,0.0,False,False
.0_g-e--_301_c18_f1_urban_s5prr_rg_s0y,1,0.0,False,False
.0_g-e--_301_c18_f1_urban_s5prr_s0y,1,0.0,False,False
.0_g-e--_302_c18_f1_urban_rg_s04bn,1,0.0,False,False
.0_g-e--_302_c18_f1_urban_s0y,1,0.0,False,False
.0_g-e--_302_c18_f1_urban_s5prr_rg_s04bn,1,0.0,False,False
.0_g-e--_302_c18_f1_urban_s5prr_rg_s0y,1,0.0,False,False
.0_g-e--_302_c18_f1_urban_s5prr_s0y,1,0.0,False,False
.0_g-e--_303_c18_f1_urban_s0y,1,0.0,False,False
.0_g-n--_023_b07_f1_pi_q7_cs_os_s0y,1,0.0,False,False
.0_g-n--_023_b07_f1_sp_pi_q7_cs_ae_s0y,1,0.0,False,False
.0_g-n--_023_b07_f1_sp_pi_q7_cs_se_s0y,1,0.0,False,False
.0_g-n--_023_b07_f1_sp_pi_q7_cs_se_s5prr_s0y,1,0.0,False,False
.0_g-n--_023_b07_f1_sp_pi_q7_cs_sp_co_s0y,1,0.0,False,False
.0_g-n--_023_b07_f1_sp_pi_q7_cs_sp_co_s5prr_s0y,1,0.0,False,False
.0_g-n--_023_b07_f1_sp_pi_q7_cs_sp_s0y,1,0.0,False,False
.0_h----_011_c07_f1_pi_ae_os_r8_sp_s1u,1,0.0,False,False
.0_h----_011_c07_f1_pi_ae_os_s1u,1,0.0,False,False
.0_h----_011_c07_f1_pi_ae_q4_cs_sp_ps_s0v,1,0.0,False,False
.0_h----_011_c07_f1_pi_ae_q4_cs_sp_ps_sov,1,0.0,False,False
.0_h----_011_c07_f1_pi_ae_q4_sp_s0v,1,0.0,False,False
.0_h----_011_c07_f1_pi_ae_sp_s0v,1,0.0,False,False
.0_h----_011_c07_f1_pi_se_sp_s0v,1,0.0,False,False
.0_h----_011_c18_f1_pi_ae_sp_s2s,1,0.0,False,False
.0_h----_011_c18_f1_pi_se_sp_s2s,1,0.0,False,False
.0_h----_042_b03_f1_ae_q4_sp_s2s,1,0.0,False,False
.0_h----_047_b31_f1_pi_ae_r4_cs_sp_s2k,1,0.0,False,False
.0_h----_047_b31_f1_pi_ae_r4_cs_sp_s2s,1,0.0,False,False
.0_h----_047_b31_f1_pi_ae_r4_cs_sp_s4c,1,0.0,False,False
.0_h----_047_b31_f1_pi_ae_r4_cs_sp_s4d,1,0.0,False,False
.0_h----_047_c02_f1_pi_ae_q12_cs_sp_s2s,1,0.0,False,False
.0_h----_047_c02_f1_pi_se_q12_cs_sp_s2s,1,0.0,False,False
.0_h----_047_c05_04_f1_ae_r8_cs_sp_rg_s2s,1,0.0,False,False
.0_h----_047_c09_12_f1_ae_nd_cs_sp_s2s,1,0.0,False,False
.0_h----_047_c09_12_f1_ae_nd_cs_sp_s5prr_rg_s04an,1,0.0,False,False
.0_h----_047_c09_12_f1_ae_nd_cs_sp_s5prr_rg_s2s,1,0.0,False,False
.0_h----_047_c09_12_f1_ae_nd_cs_sp_s5prr_s2s,1,0.0,False,False
.0_h----_047_c09_12_f1_ae_nd_sp_s2s,1,0.0,False,False
.0_h----_047_c18_f1_ae_r8_cs_sp_s2s,1,0.0,False,False
.0_h----_047_c18_f1_pi_ae_r8_cs_sp_s2s,1,0.0,False,False
.0_h----_047_c45_f1_ae_r8_cs_sp_s2s,1,0.0,False,False
.0_h----_102_c18_f1_pi_ae_cs_sp_ps_s0y,1,0.0,False,False
.0_h----_102_c18_f1_pi_ae_cs_sp_ps_s2s,1,0.0,False,False
.0_h----_102_c18_f1_pi_ae_q4_cs_sp_ps_s2s,1,0.0,False,False
.0_h----_102_c18_f1_pi_ae_q4_cs_sp_ps_s5prr_s2s,1,0.0,False,False
.0_h----_102_c18_f1_pi_ae_q4_cs_sp_s1s,1,0.0,False,False
.0_sat001_ca_minmin_p005000_rr,1,0.0,False,False
.0_sat001_co_minmin_p005000_rr,1,0.0,False,False
.0_sat001_frscon_p005000_rr,1,0.0,False,False
.0_sat001_glomax_p005000_rr,1,0.0,False,False
.0_sat001_glomin_p005000_nn,1,0.0,False,False
.0_sat001_glomin_p005000_rr,1,0.0,False,False
.0_sat001_maxmax_p005000_rr,1,0.0,False,False
.0_sat001_maxmin_p005000_rr,1,0.0,False,False
.0_sat001_minmax_g010000_rr,1,0.0,False,False
.0_sat001_minmax_g050000_rr,1,0.0,False,False
.0_sat001_minmax_g100000_rr,1,0.0,False,False
.0_sat001_minmax_p002000_rr,1,0.0,False,False
.0_sat001_minmax_p005000_nn,1,0.0,False,False
.0_sat001_minmax_p005000_rr,1,0.0,False,False
.0_sat001_minmin_p002000_nn,1,0.0,False,False
.0_sat001_minmin_p002000_rr,1,0.0,False,False
.0_sat001_minmin_p005000_nr,1,0.0,False,False
.0_sat001_minmin_p005000_rr,1,0.0,False,False
.0_sat001_minmin_p005000_rr_d1,1,0.0,False,False
.0_sat001_minmin_p005000_rr_q4,1,0.0,False,False
.0_sat001_minmin_p005000_rr_q7,1,0.0,False,False
.0_sat001_minmin_p005000_rr_rg,1,0.0,False,False
.0_sat001_minmin_t00x000_rr,1,0.0,False,False
.0_sat001_minmin_t050000_nr,1,0.0,False,False
.0_sat001_minmin_t050000_rr,1,0.0,False,False
.0_sat001_minmin_x000000_rr,1,0.0,False,False
.0_sat002_minmin_p005000_rr,1,0.0,False,False
.0_sat002_minmin_p005000_rr_d1,1,0.0,False,False
.0_sat002_minmin_p005000_rr_d10,1,0.0,False,False
.0_sat002_minmin_p005000_rr_d100,1,0.0,False,False
.0_sat002_minmin_p005000_rr_d1000,1,0.0,False,False
.0_sat002_minmin_p010000_rr_d1000,1,0.0,False,False
.0_sat002_minmin_x000000_rr,1,0.0,False,False
.0_sat003_minmin_p005000_rr,1,0.0,False,False
.0_sat003_minmin_t00x000_rr,1,0.0,False,False
.0_sat003_minmin_x000000_rr,1,0.0,False,False
.0_u----_043_b31_f1_pi_ae_cs_sp_s2s,1,0.0,False,False
.0_u----_043_c18_f1_pi_ae_s4_cs_sp_s0y,1,0.0,False,False
.0_u----_043_c18_f1_pi_ae_s4_cs_sp_s4c,1,0.0,False,False
.0_u----_100_c07_23_f1_se_cs_sp_ps_s5prr_rg_s04an,1,0.0,False,False
.0_u----_100_c09_12_f1_se_cs_sp_ps_s5prr_rg_nd_s04an,1,0.0,False,False
.0_u----_100_c09_12_f1_se_cs_sp_ps_s5prr_rg_s04an,1,0.0,False,False
.0_u----_101_c09_12_f1_se_cs_sp_ps_s5prr_rg_s04an,1,0.0,False,False
.0_u----_102_c09_12_f1_se_cs_sp_ps_s5prr_rg_s04an,1,0.0,False,False
.0_u----_115e_c05_00_f1_se_pi_cs_sp_ps_s5prr_rg_s04an,1,0.0,False,False
.0_u----_115u_c12_06_f1_se_pi_cs_sp_ps_s5prr_rg_s04an,1,0.0,False,False
.0_u----_115v_c12_07_f1_se_pi_cs_sp_ps_s5prr_rg_s04an,1,0.0,False,False
.0_u----_116_c05_02_f1_se_pi_cs_sp_ps_rg_s04an,1,0.0,False,False
.0_u----_116_c05_02_f1_se_pi_cs_sp_ps_s5prr_rg_s04an,1,0.0,False,False
.0_u----_116x_c05_02_f1_se_pi_cs_sp_ps_s5prr_rg_s04an,1,0.0,False,False
.0_u----_116xg_c05_02_f1_se_pi_cs_sp_ps_s5prr_rg_s04an,1,0.0,False,False
.0_u----_116y_c05_02_f1_se_pi_cs_sp_ps_s5prr_rg_s04an,1,0.0,False,False
.0_u----_116yg_c05_02_f1_se_pi_cs_sp_ps_s5prr_rg_s04an,1,0.0,False,False
.0_u----_204f_05_c11_08_f1_se_pi_cs_sp_ps_s5prr_rg_s04an,1,0.0,False,False
.0_u----_206b_01_c11_23_f1_se_pi_cs_sp_ps_s5prr_rg_s04an,1,0.0,False,False
.0_u----_206c_00_b11_00_f1_se_pi_cs_sp_ps_s5prr_rg_s04an,1,0.0,False,False
.0_u----_206c_00_c07_23_f1_se_pi_cs_sp_ps_s5prr_rg_s04an,1,0.0,False,False
.0_u----_206c_02_b10_00_f1_se_pi_cs_sp_ps_s5prr_rg_s04an,1,0.0,False,False
.0_u----_206c_02_c11_23_f1_se_pi_cs_sp_ps_s5prr_rg_s04an,1,0.0,False,False
.0_u----_206c_10_b11_00_f1_se_pi_cs_sp_ps_s5prr_rg_s04an,1,0.0,False,False
.0_u----_206c_10_c11_08_f1_se_pi_cs_sp_ps_s5prr_rg_s04an,1,0.0,False,False
.0_u----_206d_00_b07_00_f1_se_pi_cs_sp_ps_s5prr_rg_s04an,1,0.0,False,False
.0_u----_206d_00_b10_00_f1_se_pi_cs_sp_ps_s5prr_rg_s04an,1,0.0,False,False
.0_u----_206d_00_c11_23_f1_se_pi_cs_sp_ps_s5prr_rg_s04an,1,0.0,False,False
.0_u----_206d_01_c11_23_f1_se_pi_cs_sp_ps_s5prr_rg_s04an,1,0.0,False,False
.0_u----_206d_02_b11_00_f1_se_pi_cs_sp_ps_s5prr_rg_s04an,1,0.0,False,False
.0_u----_206d_05_b11_00_f1_se_pi_cs_sp_ps_s5prr_rg_s04an,1,0.0,False,False
.0_u----_206d_05_c11_08_f1_se_pi_cs_sp_ps_s5prr_rg_s04an,1,0.0,False,False
.0_u----_206e_00_b11_00_f1_se_pi_cs_sp_ps_s5prr_rg_s04an,1,0.0,False,False
.0_u----_206e_02_b07_00_f1_se_pi_cs_sp_ps_s5prr_rg_s04an,1,0.0,False,False
.0_u----_206e_02_c07_23_f1_se_pi_cs_sp_ps_s5prr_rg_s04an,1,0.0,False,False
.0_u----_206e_02_c10_23_f1_se_pi_cs_sp_ps_s5prr_rg_s04an,1,0.0,False,False
.0_u----_206e_05_b11_00_f1_se_pi_cs_sp_ps_s5prr_rg_s04an,1,0.0,False,False
.1_0001_fifo,1,0.0,False,False
.1_0002_cw11,1,0.0,False,False
.1_0003_cw21,1,0.0,False,False
.1_0004_5cw21fifo,1,0.0,False,False
.1_0005_10cw21fifo,1,0.0,False,False
.1_0006_15cw21fifo,1,0.0,False,False
.1_0007_rw2121,1,0.0,False,False
.1_0008_rw2122,1,0.0,False,False
.1_0009_10rw2122fifo,1,0.0,False,False
.1_000x,1,0.0,False,False
.1_0010_evo,1,0.0,False,False
.1_0011_auto,1,0.0,False,False
.1_0012_rw21m1,1,0.0,False,False
.1_0013_5cw11fifo,1,0.0,False,False
.1_0014_10cw11fifo,1,0.0,False,False
.1_0015_gd,1,0.0,False,False
.1_0016_5gdfifo,1,0.0,False,False
.1_0017_15cw21fifopi,1,0.0,False,False
.1_0018_gd1,1,0.0,False,False
.1_0019_gd2,1,0.0,False,False
.1_0020_10gd1fifo,1,0.0,False,False
.1_0021_10gd3,1,0.0,False,False
.1_0022_10cw112fifo,1,0.0,False,False
.1_0023_10cw11mfifo,1,0.0,False,False
.1_0024_5cw21fifopi,1,0.0,False,False
.1_0025_gd4,1,0.0,False,False
.1_0026_15cw11fifo,1,0.0,False,False
.1_0027_10cw21fifopi,1,0.0,False,False
.1_0028_cw11pi,1,0.0,False,False
.1_0029_cw112,1,0.0,False,False
.1_0029_cw112pi,1,0.0,False,False
.1_0030_cw11m,1,0.0,False,False
.1_0030_cw11mpi,1,0.0,False,False
.1_0031_gd5,1,0.0,False,False
.1_0032_gd6,1,0.0,False,False
.1_0033_gd7,1,0.0,False,False
.1_0034_gd8,1,0.0,False,False
.1_0035_cw112,1,0.0,False,False
.1_0035_cw113,1,0.0,False,False
.1_0036_10cw113fifo,1,0.0,False,False
.1_0037_cw12,1,0.0,False,False
.1_0038_2cw11fifo,1,0.0,False,False
.1_0039_10cw11fifopi,1,0.0,False,False
.1_0051auto,1,0.0,False,False
.1_0052autosched,1,0.0,False,False
.1_0053auto,1,0.0,False,False
.1_0054autosched,1,0.0,False,False
.0_0001auto,1,0.0,False,False
.0_0055cascauto,1,0.0,False,False
.0_0056cascautosched,1,0.0,False,False
.0_0057cascauto_ncnf,1,0.0,False,False
.0_0058cascautosched_ncnf,1,0.0,False,False
.0_xxx,1,0.0,False,False
.csscpa,1,0.0,False,False
.ctmp,1,0.0,False,False
.commentboxes,1,0.0,False,False
.ston,1,0.0,False,False
.dotplot,1,0.0,False,False
.coverage,1,0.0,False,False
.bigdft,1,0.0,False,False
.2048procs,1,0.0,False,False
.bare2,1,0.0,False,False
.fakesmooth,1,0.0,False,False
.soft_tm,1,0.0,False,False
.doug_mod,1,0.0,False,False
.hamann_mod,1,0.0,False,False
.revpbe,1,0.0,False,False
.sj_mod,1,0.0,False,False
.971106_mod,1,0.0,False,False
.pho,1,0.0,False,False
.tm_so,1,0.0,False,False
.960808c_mod,1,0.0,False,False
.psphgh,1,0.0,False,False
.corewf,1,0.0,False,False
.f2b,1,0.0,False,False
.exit,1,0.0,False,False
.in_displ,1,0.0,False,False
.ns_energy,1,0.0,False,False
.struct,1,0.0,False,False
.intrans,1,0.0,False,False
.out_ep_invtauk,1,0.0,False,False
.out_ep_taue,1,0.0,False,False
.out_ep_tauk,1,0.0,False,False
.bxsf,1,0.0,False,False
.abo_gruns_dos,1,0.0,False,False
.abo_gruns_qpath,1,0.0,False,False
.ucell,1,0.0,False,False
.buildsys,1,0.0,False,False
.edits,1,0.0,False,False
.htk,1,0.0,False,False
.size,1,0.0,False,False
.pyt,1,0.0,False,False
.test_bin,1,0.0,False,False
.10x,1,0.0,False,False
.glyphs,1,0.0,False,False
.foo,1,0.0,False,False
.appimage,1,0.0,False,False
.preamble,1,0.0,False,False
.spin2,1,0.0,False,False
.other_extension,1,0.0,False,False
.jf,1,0.0,False,False
.noadmixstrainsnov10k,1,0.0,False,False
.in_000,1,0.0,False,False
.hostkey,1,0.0,False,False
.mingw32,1,0.0,False,False
.mingw64,1,0.0,False,False
.fxcop,1,0.0,False,False
.shfb,1,0.0,False,False
.pubxml,1,0.0,False,False
.wapproj,1,0.0,False,False
.osqp,1,0.0,False,False
.substitutions,1,0.0,False,False
.deck,1,0.0,False,False
.part2,1,0.0,False,False
.part3,1,0.0,False,False
.part4,1,0.0,False,False
.hybrid,1,0.0,False,False
.par24,1,0.0,False,False
.schonhage1,1,0.0,False,False
.schonhage2,1,0.0,False,False
.2000,1,0.0,False,False
.2400,1,0.0,False,False
.square24,1,0.0,False,False
.square6,1,0.0,False,False
.corn,1,0.0,False,False
.edison,1,0.0,False,False
.m4a,1,0.0,False,False
.amr,1,0.0,False,False
.embed,1,0.0,False,False
.mal,1,0.0,False,False
.h-xx,1,0.0,False,False
.lime,1,0.0,False,False
.bootstrap,1,0.0,False,False
.tmpreferences,1,0.0,False,False
.pu1,1,0.0,False,False
.ignore-warnings,1,0.0,False,False
.glnxa64,1,0.0,False,False
.maci64,1,0.0,False,False
.copy,1,0.0,False,False
.rb-old,1,0.0,False,False
.f29,1,0.0,False,False
.u16,1,0.0,False,False
.u18,1,0.0,False,False
.ac3,1,0.0,False,False
.mkv,1,0.0,False,False
.5+user_all,1,0.0,False,False
.23414,1,0.0,False,False
.23579,1,0.0,False,False
.23865,1,0.0,False,False
.24300,1,0.0,False,False
.beppe,1,0.0,False,False
.checkpatch,1,0.0,False,False
.cco,1,0.0,False,False
.bsd_fb,1,0.0,False,False
.bsd_mit,1,0.0,False,False
.gpl2,1,0.0,False,False
.kernel-init,1,0.0,False,False
.modprobe,1,0.0,False,False
.sriov-init,1,0.0,False,False
.sriov-vfs,1,0.0,False,False
.udev-rules,1,0.0,False,False
.sriov-rules,1,0.0,False,False
.sriov-service,1,0.0,False,False
.classified,1,0.0,False,False
.detailed,1,0.0,False,False
.confused_entities,1,0.0,False,False
.divided,1,0.0,False,False
.divided_prog,1,0.0,False,False
.extra_entity,1,0.0,False,False
.extra_entity_prog,1,0.0,False,False
.extra_mention,1,0.0,False,False
.extra_mention_prog,1,0.0,False,False
.missing_entity,1,0.0,False,False
.missing_entity_prog,1,0.0,False,False
.missing_mention,1,0.0,False,False
.missing_mention_prog,1,0.0,False,False
.none,1,0.0,False,False
.span_errors,1,0.0,False,False
.cluster_context,1,0.0,False,False
.cluster_errors,1,0.0,False,False
.cluster_extra,1,0.0,False,False
.cluster_missing,1,0.0,False,False
.mention_list,1,0.0,False,False
.mention_text,1,0.0,False,False
.classified_detailed_properties,1,0.0,False,False
.classified_errors,1,0.0,False,False
.classified_summary,1,0.0,False,False
.text_with_mentions,1,0.0,False,False
.crdt,1,0.0,False,False
.reconstructed,1,0.0,False,False
.tool,1,0.0,False,False
.extra,1,0.0,False,False
.syms,1,0.0,False,False
.reqif,1,0.0,False,False
.vpdl,1,0.0,False,False
.0-rc3,1,0.0,False,False
.json_bert-base-uncased_512_128_64,1,0.0,False,False
.cypher,1,0.0,False,False
.cpy,1,0.0,False,False
.ws,1,0.0,False,False
.registered,1,0.0,False,False
.g2m,1,0.0,False,False
.state1,1,0.0,False,False
.state2,1,0.0,False,False
.tg,1,0.0,False,False
.iws,1,0.0,False,False
.mpr,1,0.0,False,False
.xcss,1,0.0,False,False
.sources,1,0.0,False,False
.clientconfig,1,0.0,False,False
.erwin,1,0.0,False,False
.sqlcmdvars,1,0.0,False,False
.sqldeployment,1,0.0,False,False
.sqlpermissions,1,0.0,False,False
.sqlsettings,1,0.0,False,False
.ldf,1,0.0,False,False
.mdf,1,0.0,False,False
.dbproj,1,0.0,False,False
.aterm,1,0.0,False,False
.git,1,0.0,False,False
.hg,1,0.0,False,False
.wto,1,0.0,False,False
.anf,1,0.0,False,False
.sitedef,1,0.0,False,False
.movement,1,0.0,False,False
.multicast1,1,0.0,False,False
.multicast2,1,0.0,False,False
.ns,1,0.0,False,False
.filelist,1,0.0,False,False
.issueregistry,1,0.0,False,False
.minisat,1,0.0,False,False
.nbc_minisat_all,1,0.0,False,False
.custom-r-base,1,0.0,False,False
.dna,1,0.0,False,False
.ce6c855,1,0.0,False,False
.codebook,1,0.0,False,False
.search,1,0.0,False,False
.tot,1,0.0,False,False
.conformalmappingtoolbox,1,0.0,False,False
.bash-completion,1,0.0,False,False
.run_std_atm,1,0.0,False,False
.cfga,1,0.0,False,False
.out_electrons_band19,1,0.0,False,False
.out_heavy_holes_band18,1,0.0,False,False
.out_light_holes_band17,1,0.0,False,False
.d12_scf,1,0.0,False,False
.out_scf,1,0.0,False,False
.orbit_benchmark,1,0.0,False,False
.yacc,1,0.0,False,False
.compute,1,0.0,False,False
.gaf#,1,0.0,False,False
.1659_example,1,0.0,False,False
.pivt,1,0.0,False,False
.nobc,1,0.0,False,False
.ns_start,1,0.0,False,False
.start_lte_demix,1,0.0,False,False
.start_ns,1,0.0,False,False
.xcfcase,1,0.0,False,False
.cmn,1,0.0,False,False
.ctest,1,0.0,False,False
.example_coconut,1,0.0,False,False
.cray,1,0.0,False,False
.juqueen,1,0.0,False,False
.juqueen_big,1,0.0,False,False
.exec,1,0.0,False,False
.mfmhd_cuda,1,0.0,False,False
.minimal,1,0.0,False,False
.mutationpp,1,0.0,False,False
.xsh,1,0.0,False,False
.pyde,1,0.0,False,False
.paml,1,0.0,False,False
.builder,1,0.0,False,False
.mcs,1,0.0,False,False
.ucf,1,0.0,False,False
.uxf,1,0.0,False,False
.geotiff,1,0.0,False,False
.hgt,1,0.0,False,False
.jm,1,0.0,False,False
.traps,1,0.0,False,False
.weekly,1,0.0,False,False
.buildbot,1,0.0,False,False
.d-bbmass,1,0.0,False,False
.d-freqsd,1,0.0,False,False
.postfix,1,0.0,False,False
.nospam,1,0.0,False,False
.spam,1,0.0,False,False
.set0,1,0.0,False,False
.set1,1,0.0,False,False
.set2,1,0.0,False,False
.set3,1,0.0,False,False
.perceptron,1,0.0,False,False
.by,1,0.0,False,False
.post-svn,1,0.0,False,False
.nightly,1,0.0,False,False
.qmail,1,0.0,False,False
.suse,1,0.0,False,False
.vpopmail,1,0.0,False,False
.awl,1,0.0,False,False
.bayes,1,0.0,False,False
.txrep,1,0.0,False,False
.com_password,1,0.0,False,False
.speedtest,1,0.0,False,False
.plhtml,1,0.0,False,False
.urimap,1,0.0,False,False
.contrasts,1,0.0,False,False
.trait,1,0.0,False,False
.detsnp,1,0.0,False,False
.popname,1,0.0,False,False
.hapflk,1,0.0,False,False
.rey,1,0.0,False,False
.rpres,1,0.0,False,False
.sfm,1,0.0,False,False
.reppreview,1,0.0,False,False
.slddrw,1,0.0,False,False
.melt,1,0.0,False,False
.gss,1,0.0,False,False
.peta4-knl,1,0.0,False,False
.peta4-skylake,1,0.0,False,False
.wilkes2,1,0.0,False,False
.jmd,1,0.0,False,False
.ctv,1,0.0,False,False
.06112012,1,0.0,False,False
.slackbuild,1,0.0,False,False
.lng,1,0.0,False,False
.cub,1,0.0,False,False
.tf2,1,0.0,False,False
.xml-tpfa,1,0.0,False,False
.h5m,1,0.0,False,False
.centos-buildbot,1,0.0,False,False
.fedora-buildbot,1,0.0,False,False
.mac-buildbot,1,0.0,False,False
.mac-min,1,0.0,False,False
.ubuntu-buildbot,1,0.0,False,False
.gov,1,0.0,False,False
._pyc_,1,0.0,False,False
.lck,1,0.0,False,False
.ofs,1,0.0,False,False
.ofssave,1,0.0,False,False
.poses,1,0.0,False,False
.sub#,1,0.0,False,False
.loa,1,0.0,False,False
.nvd,1,0.0,False,False
.nvm,1,0.0,False,False
.tip,1,0.0,False,False
.jseo,1,0.0,False,False
.hostkeys,1,0.0,False,False
.gitcrypt,1,0.0,False,False
.omd,1,0.0,False,False
.shfbproj,1,0.0,False,False
.renametozip,1,0.0,False,False
.licenses,1,0.0,False,False
.licx,1,0.0,False,False
.ism,1,0.0,False,False
.toml_empty,1,0.0,False,False
.xc,1,0.0,False,False
.arsc,1,0.0,False,False
.dat1,1,0.0,False,False
.complex,1,0.0,False,False
.rules~,1,0.0,False,False
.ini into one folder,1,0.0,False,False
.exe and overwrite old copies,1,0.0,False,False
.trial,1,0.0,False,False
.irr,1,0.0,False,False
.ptb,1,0.0,False,False
.bak2,1,0.0,False,False
.bak3,1,0.0,False,False
.intact,1,0.0,False,False
.perrimon,1,0.0,False,False
.suratanee,1,0.0,False,False
.beta_pending_debugging,1,0.0,False,False
.localdb,1,0.0,False,False
.pbf,1,0.0,False,False
.sublime-commands,1,0.0,False,False
.sublime-mousemap,1,0.0,False,False
.sublime-menu,1,0.0,False,False
.bookmarks,1,0.0,False,False
.branch,1,0.0,False,False
.dirstate,1,0.0,False,False
.modif,1,0.0,False,False
.modif_add,1,0.0,False,False
.modif_addremove,1,0.0,False,False
.modif_reorder,1,0.0,False,False
.postgres,1,0.0,False,False
.rignore,1,0.0,False,False
.unifiedpusharchive,1,0.0,False,False
.loadableextension,1,0.0,False,False
.artemis,1,0.0,False,False
.noartemis,1,0.0,False,False
.nokeycloak,1,0.0,False,False
.description,1,0.0,False,False
.cuter,1,0.0,False,False
.ancestrymapgeno,1,0.0,False,False
.eigenstratgeno,1,0.0,False,False
.packedancestrymapgeno,1,0.0,False,False
.pedind,1,0.0,False,False
.pedsnp,1,0.0,False,False
.ancestrymap,1,0.0,False,False
.packedped,1,0.0,False,False
.samuela,1,0.0,False,False
.ckp,1,0.0,False,False
.ckp~,1,0.0,False,False
.parts,1,0.0,False,False
.trprobs,1,0.0,False,False
.tstat,1,0.0,False,False
.vstat,1,0.0,False,False
.txt_582ko-602kowt,1,0.0,False,False
.xml_not_working,1,0.0,False,False
.lexicon,1,0.0,False,False
.jxl,1,0.0,False,False
.qoi,1,0.0,False,False
.sh_serial,1,0.0,False,False
.vtu,1,0.0,False,False
.cup,1,0.0,False,False
.jflex,1,0.0,False,False
.opensdf,1,0.0,False,False
.tfl,1,0.0,False,False
.dat13,1,0.0,False,False
.dat322,1,0.0,False,False
.dat330,1,0.0,False,False
.c172p,1,0.0,False,False
.c172r,1,0.0,False,False
.c182,1,0.0,False,False
.c310,1,0.0,False,False
.tsf,1,0.0,False,False
.datasourceregister,1,0.0,False,False
.pvk,1,0.0,False,False
.dgml,1,0.0,False,False
.tcp,1,0.0,False,False
.cpp-17-rewriter,1,0.0,False,False
.osp,1,0.0,False,False
.sop,1,0.0,False,False
.docsdb,1,0.0,False,False
.vocabulary,1,0.0,False,False
.codebooks,1,0.0,False,False
.offsets,1,0.0,False,False
.adicht,1,0.0,False,False
.ml_mmfb,1,0.0,False,False
.ml_tabular_benchmark,1,0.0,False,False
.pybnn,1,0.0,False,False
.xgboostbenchmark,1,0.0,False,False
.nasbench_101,1,0.0,False,False
.nasbench_1shot1,1,0.0,False,False
.nasbench_201,1,0.0,False,False
.tabularbenchmarks,1,0.0,False,False
.odbenchmarks,1,0.0,False,False
.odkerneldensityestimation,1,0.0,False,False
.cartpole,1,0.0,False,False
.learnabenchmark,1,0.0,False,False
.paramnetbenchmark,1,0.0,False,False
.profiles_linc_macaq,1,0.0,False,False
.profiles_linc_mouse,1,0.0,False,False
.profiles_linc_rat,1,0.0,False,False
.profiles_linc_zebra,1,0.0,False,False
.xist-001,1,0.0,False,False
.gan,1,0.0,False,False
.lammps_data,1,0.0,False,False
.g96,1,0.0,False,False
.txyz,1,0.0,False,False
.aapl,1,0.0,False,False
.bak1,1,0.0,False,False
.cuh_temp,1,0.0,False,False
.nobox,1,0.0,False,False
.nooptim,1,0.0,False,False
.sheared,1,0.0,False,False
.singlepoint,1,0.0,False,False
.gf,1,0.0,False,False
.ssd,1,0.0,False,False
.r2010a,1,0.0,False,False
.tasty,1,0.0,False,False
.launchersessionlistener,1,0.0,False,False
.04_acescontainer,1,0.0,False,False
.04_brew,1,0.0,False,False
.04_lto,1,0.0,False,False
.04_no_libtiff_valgrind,1,0.0,False,False
.04_openexr2_shared,1,0.0,False,False
.04_openexr2_static,1,0.0,False,False
.04_openexr33,1,0.0,False,False
.04_openexr34,1,0.0,False,False
.qbs,1,0.0,False,False
.fhiaims,1,0.0,False,False
.rbs,1,0.0,False,False
.dockcross,1,0.0,False,False
.dockcross-manylinux,1,0.0,False,False
.dockcross-musl,1,0.0,False,False
.manylinux,1,0.0,False,False
.manylinux-mkl,1,0.0,False,False
.winaarch64,1,0.0,False,False
.mkd,1,0.0,False,False
.fep,1,0.0,False,False
.simulation,1,0.0,False,False
.n2t,1,0.0,False,False
.line3,1,0.0,False,False
.line4,1,0.0,False,False
.line5,1,0.0,False,False
.line6,1,0.0,False,False
.plane1,1,0.0,False,False
.plane10,1,0.0,False,False
.plane11,1,0.0,False,False
.plane12,1,0.0,False,False
.plane13,1,0.0,False,False
.plane2,1,0.0,False,False
.plane3,1,0.0,False,False
.plane4,1,0.0,False,False
.plane5,1,0.0,False,False
.plane6,1,0.0,False,False
.plane7,1,0.0,False,False
.plane8,1,0.0,False,False
.plane9,1,0.0,False,False
.chgcar,1,0.0,False,False
.tess,1,0.0,False,False
.contcar,1,0.0,False,False
.abin,1,0.0,False,False
.elk,1,0.0,False,False
.gau,1,0.0,False,False
.struct_in,1,0.0,False,False
.in_control,1,0.0,False,False
.frac,1,0.0,False,False
.mols,1,0.0,False,False
.eqns,1,0.0,False,False
.wdm,1,0.0,False,False
.dbg,1,0.0,False,False
.reloc,1,0.0,False,False
.rtti,1,0.0,False,False
.type,1,0.0,False,False
.xdbg,1,0.0,False,False
.dotfile,1,0.0,False,False
.enp,1,0.0,False,False
.flt,1,0.0,False,False
.numpy,1,0.0,False,False
.rawb,1,0.0,False,False
.phe,1,0.0,False,False
.md5sum~,1,0.0,False,False
.print,1,0.0,False,False
.syn1neg,1,0.0,False,False
.scan,1,0.0,False,False
.pydevproject,1,0.0,False,False
.aadl,1,0.0,False,False
.mpu,1,0.0,False,False
.lark,1,0.0,False,False
.nq,1,0.0,True,False
.rj,1,0.0,False,False
.lfasta1,1,0.0,False,False
.lfasta2,1,0.0,False,False
.ma,1,0.0,False,False
.pixexp,1,0.0,False,False
.owl~,1,0.0,False,False
.eep,1,0.0,False,False
.tracks,1,0.0,False,False
.tracks_new,1,0.0,False,False
.sap,1,0.0,False,False
.gae-deploy,1,0.0,False,False
._t_,1,0.0,False,False
.luabins,1,0.0,False,False
.chl,1,0.0,False,False
.ar2v,1,0.0,False,False
.uf,1,0.0,False,False
.pdb_bk,1,0.0,False,False
.pdb_report_npt,1,0.0,False,False
.pdb_report_nvt,1,0.0,False,False
.exclude,1,0.0,False,False
.py_old_version_,1,0.0,False,False
.gitmodules,1,0.0,False,False
.drivers,1,0.0,False,False
.1_extraparams,1,0.0,False,False
.1_mainparams,1,0.0,False,False
.com_copy,1,0.0,False,False
.xpi,1,0.0,False,False
.gendsp,1,0.0,False,False
.domain,1,0.0,False,False
.fypp,1,0.0,False,False
.userlibraries,1,0.0,False,False
.storesalloutputs,1,0.0,False,False
.g~,1,0.0,False,False
.sams,1,0.0,False,False
.alfredworkflow,1,0.0,False,False
.kineloader,1,0.0,False,False
.json_old,1,0.0,False,False
.giga_all_zpar_msr_model,1,0.0,False,False
.komprent,1,0.0,False,False
.vmt,1,0.0,False,False
.sdc,1,0.0,False,False
.qdf,1,0.0,False,False
.bsf,1,0.0,False,False
.ppf,1,0.0,False,False
.sip,1,0.0,False,False
.spd,1,0.0,False,False
.vho,1,0.0,False,False
.headfile,1,0.0,False,False
.brik,1,0.0,False,False
.mzn,1,0.0,False,False
.0_coregisterstainstohe,1,0.0,False,False
.0_quickcheckreg,1,0.0,False,False
.0_applyxfmtopngs,1,0.0,False,False
.0_extractexdicoms3t,1,0.0,False,False
.1_splitcombinedeximage3t,1,0.0,False,False
.2_orienteximages,1,0.0,False,False
.5_procexdti,1,0.0,False,False
.0_extractpostopdicoms,1,0.0,False,False
.1_computepostopdespot1,1,0.0,False,False
.2_despotskullstrip,1,0.0,False,False
.0_extractpreopdicoms,1,0.0,False,False
.1_computedespot1,1,0.0,False,False
.2_robustskullstrip,1,0.0,False,False
.3_synt1wbrains,1,0.0,False,False
.5_tissuesegbiascorrect,1,0.0,False,False
.6_computedespot2,1,0.0,False,False
.7_skullstripdespotoutput,1,0.0,False,False
.9_identifydtmridicoms,1,0.0,False,False
.2_resampleto100um,1,0.0,False,False
.4t_neo,1,0.0,False,False
.1_warpdtitoaligned,1,0.0,False,False
.1_checkreganatexdti,1,0.0,False,False
.2_checkalignedexdti,1,0.0,False,False
.0_initregextopre#,1,0.0,False,False
.0_initregextopre,1,0.0,False,False
.0_concatrigxfms,1,0.0,False,False
.1_nregwarpneotohist,1,0.0,False,False
.v03,1,0.0,False,False
.1_runsinglesubjprestats,1,0.0,False,False
.2_rundistortcorrect,1,0.0,False,False
.3_runsinglesubjica,1,0.0,False,False
.1_coregfreesurferlabels,1,0.0,False,False
.0_runroiconnectivityfeat,1,0.0,False,False
.2a,1,0.0,False,False
.3a,1,0.0,False,False
.4b,1,0.0,False,False
.4c,1,0.0,False,False
.4d,1,0.0,False,False
.4e,1,0.0,False,False
.4f,1,0.0,False,False
.4g,1,0.0,False,False
.04_freevnc,1,0.0,False,False
.sci~,1,0.0,False,False
.30_200_300mpc_v3,1,0.0,False,False
.87_200_300mpc_v3,1,0.0,False,False
.68_200_300mpc_v3,1,0.0,False,False
.40_200_300mpc_v3,1,0.0,False,False
.49_200_300mpc_v3,1,0.0,False,False
.41_200_300mpc_v3,1,0.0,False,False
.97_200_300mpc_v3,1,0.0,False,False
.08_200_300mpc_v3,1,0.0,False,False
.04_200_300mpc_v3,1,0.0,False,False
.34_200_300mpc_v3,1,0.0,False,False
.07_200_300mpc_v3,1,0.0,False,False
.78_200_300mpc_v3,1,0.0,False,False
.47_200_300mpc_v3,1,0.0,False,False
.09_200_300mpc_v3,1,0.0,False,False
.00_200_300mpc_v3,1,0.0,False,False
.88_200_300mpc_v3,1,0.0,False,False
.22_200_300mpc_v3,1,0.0,False,False
.66_200_300mpc_v3,1,0.0,False,False
.19_200_300mpc_v3,1,0.0,False,False
.53_200_300mpc_v3,1,0.0,False,False
.69_200_300mpc_v3,1,0.0,False,False
.67_200_300mpc_v3,1,0.0,False,False
.90_200_300mpc_v3,1,0.0,False,False
.64_200_300mpc_v3,1,0.0,False,False
.58_200_300mpc_v3,1,0.0,False,False
.59_200_300mpc_v3,1,0.0,False,False
.61_200_300mpc_v3,1,0.0,False,False
.92_200_300mpc_v3,1,0.0,False,False
.03_200_300mpc_v3,1,0.0,False,False
.44_200_300mpc_v3,1,0.0,False,False
.74_200_300mpc_v3,1,0.0,False,False
.05_200_300mpc_v3,1,0.0,False,False
.42_200_300mpc_v3,1,0.0,False,False
.ctex,1,0.0,False,False
.c-old,1,0.0,False,False
.011,1,0.0,False,False
.012,1,0.0,False,False
.013,1,0.0,False,False
.014,1,0.0,False,False
.015,1,0.0,False,False
.016,1,0.0,False,False
.017,1,0.0,False,False
.018,1,0.0,False,False
.019,1,0.0,False,False
.020,1,0.0,False,False
.021,1,0.0,False,False
.022,1,0.0,False,False
.023,1,0.0,False,False
.024,1,0.0,False,False
.025,1,0.0,False,False
.026,1,0.0,False,False
.027,1,0.0,False,False
.028,1,0.0,False,False
.029,1,0.0,False,False
.030,1,0.0,False,False
.031,1,0.0,False,False
.032,1,0.0,False,False
.033,1,0.0,False,False
.034,1,0.0,False,False
.035,1,0.0,False,False
.036,1,0.0,False,False
.037,1,0.0,False,False
.038,1,0.0,False,False
.040,1,0.0,False,False
.041,1,0.0,False,False
.042,1,0.0,False,False
.043,1,0.0,False,False
.044,1,0.0,False,False
.045,1,0.0,False,False
.046,1,0.0,False,False
.047,1,0.0,False,False
.048,1,0.0,False,False
.049,1,0.0,False,False
.050,1,0.0,False,False
.051,1,0.0,False,False
.052,1,0.0,False,False
.053,1,0.0,False,False
.054,1,0.0,False,False
.055,1,0.0,False,False
.056,1,0.0,False,False
.057,1,0.0,False,False
.058,1,0.0,False,False
.059,1,0.0,False,False
.060,1,0.0,False,False
.061,1,0.0,False,False
.062,1,0.0,False,False
.063,1,0.0,False,False
.064,1,0.0,False,False
.065,1,0.0,False,False
.066,1,0.0,False,False
.067,1,0.0,False,False
.068,1,0.0,False,False
.069,1,0.0,False,False
.070,1,0.0,False,False
.071,1,0.0,False,False
.072,1,0.0,False,False
.073,1,0.0,False,False
.074,1,0.0,False,False
.075,1,0.0,False,False
.076,1,0.0,False,False
.077,1,0.0,False,False
.078,1,0.0,False,False
.079,1,0.0,False,False
.080,1,0.0,False,False
.081,1,0.0,False,False
.082,1,0.0,False,False
.083,1,0.0,False,False
.084,1,0.0,False,False
.085,1,0.0,False,False
.086,1,0.0,False,False
.087,1,0.0,False,False
.088,1,0.0,False,False
.089,1,0.0,False,False
.090,1,0.0,False,False
.091,1,0.0,False,False
.092,1,0.0,False,False
.093,1,0.0,False,False
.094,1,0.0,False,False
.095,1,0.0,False,False
.096,1,0.0,False,False
.097,1,0.0,False,False
.098,1,0.0,False,False
.102,1,0.0,False,False
.103,1,0.0,False,False
.104,1,0.0,False,False
.105,1,0.0,False,False
.106,1,0.0,False,False
.107,1,0.0,False,False
.108,1,0.0,False,False
.109,1,0.0,False,False
.110,1,0.0,False,False
.111,1,0.0,False,False
.112,1,0.0,False,False
.113,1,0.0,False,False
.114,1,0.0,False,False
.115,1,0.0,False,False
.116,1,0.0,False,False
.117,1,0.0,False,False
.118,1,0.0,False,False
.119,1,0.0,False,False
.120,1,0.0,False,False
.121,1,0.0,False,False
.122,1,0.0,False,False
.123,1,0.0,False,False
.124,1,0.0,False,False
.125,1,0.0,False,False
.126,1,0.0,False,False
.129,1,0.0,False,False
.130,1,0.0,False,False
.131,1,0.0,False,False
.132,1,0.0,False,False
.133,1,0.0,False,False
.134,1,0.0,False,False
.135,1,0.0,False,False
.136,1,0.0,False,False
.137,1,0.0,False,False
.138,1,0.0,False,False
.139,1,0.0,False,False
.140,1,0.0,False,False
.141,1,0.0,False,False
.142,1,0.0,False,False
.143,1,0.0,False,False
.144,1,0.0,False,False
.145,1,0.0,False,False
.146,1,0.0,False,False
.147,1,0.0,False,False
.148,1,0.0,False,False
.149,1,0.0,False,False
.150,1,0.0,False,False
.151,1,0.0,False,False
.152,1,0.0,False,False
.153,1,0.0,False,False
.154,1,0.0,False,False
.155,1,0.0,False,False
.156,1,0.0,False,False
.157,1,0.0,False,False
.158,1,0.0,False,False
.159,1,0.0,False,False
.160,1,0.0,False,False
.161,1,0.0,False,False
.162,1,0.0,False,False
.163,1,0.0,False,False
.164,1,0.0,False,False
.165,1,0.0,False,False
.166,1,0.0,False,False
.167,1,0.0,False,False
.168,1,0.0,False,False
.169,1,0.0,False,False
.170,1,0.0,False,False
.171,1,0.0,False,False
.172,1,0.0,False,False
.173,1,0.0,False,False
.174,1,0.0,False,False
.175,1,0.0,False,False
.176,1,0.0,False,False
.177,1,0.0,False,False
.178,1,0.0,False,False
.179,1,0.0,False,False
.180,1,0.0,False,False
.181,1,0.0,False,False
.182,1,0.0,False,False
.183,1,0.0,False,False
.184,1,0.0,False,False
.185,1,0.0,False,False
.186,1,0.0,False,False
.187,1,0.0,False,False
.188,1,0.0,False,False
.189,1,0.0,False,False
.190,1,0.0,False,False
.191,1,0.0,False,False
.192,1,0.0,False,False
.193,1,0.0,False,False
.194,1,0.0,False,False
.195,1,0.0,False,False
.196,1,0.0,False,False
.197,1,0.0,False,False
.198,1,0.0,False,False
.201,1,0.0,False,False
.202,1,0.0,False,False
.203,1,0.0,False,False
.204,1,0.0,False,False
.205,1,0.0,False,False
.206,1,0.0,False,False
.207,1,0.0,False,False
.208,1,0.0,False,False
.209,1,0.0,False,False
.210,1,0.0,False,False
.211,1,0.0,False,False
.212,1,0.0,False,False
.213,1,0.0,False,False
.214,1,0.0,False,False
.215,1,0.0,False,False
.216,1,0.0,False,False
.217,1,0.0,False,False
.218,1,0.0,False,False
.219,1,0.0,False,False
.220,1,0.0,False,False
.221,1,0.0,False,False
.222,1,0.0,False,False
.223,1,0.0,False,False
.224,1,0.0,False,False
.225,1,0.0,False,False
.226,1,0.0,False,False
.227,1,0.0,False,False
.228,1,0.0,False,False
.229,1,0.0,False,False
.230,1,0.0,False,False
.231,1,0.0,False,False
.232,1,0.0,False,False
.233,1,0.0,False,False
.234,1,0.0,False,False
.235,1,0.0,False,False
.236,1,0.0,False,False
.237,1,0.0,False,False
.238,1,0.0,False,False
.239,1,0.0,False,False
.240,1,0.0,False,False
.241,1,0.0,False,False
.242,1,0.0,False,False
.243,1,0.0,False,False
.244,1,0.0,False,False
.245,1,0.0,False,False
.246,1,0.0,False,False
.247,1,0.0,False,False
.248,1,0.0,False,False
.249,1,0.0,False,False
.251,1,0.0,False,False
.252,1,0.0,False,False
.253,1,0.0,False,False
.254,1,0.0,False,False
.257,1,0.0,False,False
.258,1,0.0,False,False
.259,1,0.0,False,False
.260,1,0.0,False,False
.261,1,0.0,False,False
.262,1,0.0,False,False
.263,1,0.0,False,False
.264,1,0.0,False,False
.265,1,0.0,False,False
.266,1,0.0,False,False
.267,1,0.0,False,False
.268,1,0.0,False,False
.269,1,0.0,False,False
.270,1,0.0,False,False
.271,1,0.0,False,False
.272,1,0.0,False,False
.273,1,0.0,False,False
.274,1,0.0,False,False
.275,1,0.0,False,False
.276,1,0.0,False,False
.277,1,0.0,False,False
.278,1,0.0,False,False
.279,1,0.0,False,False
.280,1,0.0,False,False
.281,1,0.0,False,False
.282,1,0.0,False,False
.283,1,0.0,False,False
.284,1,0.0,False,False
.285,1,0.0,False,False
.286,1,0.0,False,False
.287,1,0.0,False,False
.288,1,0.0,False,False
.289,1,0.0,False,False
.290,1,0.0,False,False
.291,1,0.0,False,False
.292,1,0.0,False,False
.293,1,0.0,False,False
.294,1,0.0,False,False
.295,1,0.0,False,False
.296,1,0.0,False,False
.297,1,0.0,False,False
.298,1,0.0,False,False
.301,1,0.0,False,False
.302,1,0.0,False,False
.303,1,0.0,False,False
.304,1,0.0,False,False
.305,1,0.0,False,False
.306,1,0.0,False,False
.307,1,0.0,False,False
.308,1,0.0,False,False
.309,1,0.0,False,False
.310,1,0.0,False,False
.311,1,0.0,False,False
.312,1,0.0,False,False
.313,1,0.0,False,False
.314,1,0.0,False,False
.315,1,0.0,False,False
.316,1,0.0,False,False
.317,1,0.0,False,False
.318,1,0.0,False,False
.319,1,0.0,False,False
.321,1,0.0,False,False
.322,1,0.0,False,False
.323,1,0.0,False,False
.324,1,0.0,False,False
.325,1,0.0,False,False
.326,1,0.0,False,False
.327,1,0.0,False,False
.328,1,0.0,False,False
.329,1,0.0,False,False
.330,1,0.0,False,False
.331,1,0.0,False,False
.332,1,0.0,False,False
.333,1,0.0,False,False
.334,1,0.0,False,False
.335,1,0.0,False,False
.336,1,0.0,False,False
.337,1,0.0,False,False
.338,1,0.0,False,False
.339,1,0.0,False,False
.340,1,0.0,False,False
.341,1,0.0,False,False
.342,1,0.0,False,False
.343,1,0.0,False,False
.344,1,0.0,False,False
.345,1,0.0,False,False
.346,1,0.0,False,False
.347,1,0.0,False,False
.348,1,0.0,False,False
.349,1,0.0,False,False
.351,1,0.0,False,False
.352,1,0.0,False,False
.353,1,0.0,False,False
.354,1,0.0,False,False
.355,1,0.0,False,False
.356,1,0.0,False,False
.357,1,0.0,False,False
.358,1,0.0,False,False
.359,1,0.0,False,False
.360,1,0.0,False,False
.361,1,0.0,False,False
.362,1,0.0,False,False
.363,1,0.0,False,False
.364,1,0.0,False,False
.365,1,0.0,False,False
.366,1,0.0,False,False
.367,1,0.0,False,False
.368,1,0.0,False,False
.369,1,0.0,False,False
.370,1,0.0,False,False
.371,1,0.0,False,False
.372,1,0.0,False,False
.373,1,0.0,False,False
.374,1,0.0,False,False
.375,1,0.0,False,False
.376,1,0.0,False,False
.377,1,0.0,False,False
.378,1,0.0,False,False
.379,1,0.0,False,False
.380,1,0.0,False,False
.381,1,0.0,False,False
.382,1,0.0,False,False
.383,1,0.0,False,False
.385,1,0.0,False,False
.386,1,0.0,False,False
.387,1,0.0,False,False
.388,1,0.0,False,False
.389,1,0.0,False,False
.390,1,0.0,False,False
.391,1,0.0,False,False
.392,1,0.0,False,False
.393,1,0.0,False,False
.394,1,0.0,False,False
.395,1,0.0,False,False
.396,1,0.0,False,False
.397,1,0.0,False,False
.398,1,0.0,False,False
.401,1,0.0,False,False
.402,1,0.0,False,False
.403,1,0.0,False,False
.404,1,0.0,False,False
.405,1,0.0,False,False
.406,1,0.0,False,False
.407,1,0.0,False,False
.408,1,0.0,False,False
.409,1,0.0,False,False
.410,1,0.0,False,False
.411,1,0.0,False,False
.412,1,0.0,False,False
.413,1,0.0,False,False
.414,1,0.0,False,False
.415,1,0.0,False,False
.416,1,0.0,False,False
.417,1,0.0,False,False
.418,1,0.0,False,False
.419,1,0.0,False,False
.421,1,0.0,False,False
.423,1,0.0,False,False
.425,1,0.0,False,False
.426,1,0.0,False,False
.427,1,0.0,False,False
.428,1,0.0,False,False
.429,1,0.0,False,False
.430,1,0.0,False,False
.431,1,0.0,False,False
.432,1,0.0,False,False
.434,1,0.0,False,False
.435,1,0.0,False,False
.436,1,0.0,False,False
.437,1,0.0,False,False
.438,1,0.0,False,False
.440,1,0.0,False,False
.441,1,0.0,False,False
.443,1,0.0,False,False
.444,1,0.0,False,False
.445,1,0.0,False,False
.446,1,0.0,False,False
.447,1,0.0,False,False
.448,1,0.0,False,False
.449,1,0.0,False,False
.451,1,0.0,False,False
.452,1,0.0,False,False
.453,1,0.0,False,False
.454,1,0.0,False,False
.455,1,0.0,False,False
.456,1,0.0,False,False
.457,1,0.0,False,False
.458,1,0.0,False,False
.459,1,0.0,False,False
.460,1,0.0,False,False
.461,1,0.0,False,False
.462,1,0.0,False,False
.463,1,0.0,False,False
.464,1,0.0,False,False
.465,1,0.0,False,False
.466,1,0.0,False,False
.467,1,0.0,False,False
.468,1,0.0,False,False
.469,1,0.0,False,False
.470,1,0.0,False,False
.471,1,0.0,False,False
.472,1,0.0,False,False
.473,1,0.0,False,False
.474,1,0.0,False,False
.475,1,0.0,False,False
.476,1,0.0,False,False
.477,1,0.0,False,False
.478,1,0.0,False,False
.479,1,0.0,False,False
.480,1,0.0,False,False
.481,1,0.0,False,False
.482,1,0.0,False,False
.483,1,0.0,False,False
.484,1,0.0,False,False
.485,1,0.0,False,False
.486,1,0.0,False,False
.487,1,0.0,False,False
.488,1,0.0,False,False
.489,1,0.0,False,False
.490,1,0.0,False,False
.491,1,0.0,False,False
.492,1,0.0,False,False
.493,1,0.0,False,False
.494,1,0.0,False,False
.495,1,0.0,False,False
.496,1,0.0,False,False
.497,1,0.0,False,False
.498,1,0.0,False,False
.502,1,0.0,False,False
.503,1,0.0,False,False
.504,1,0.0,False,False
.505,1,0.0,False,False
.506,1,0.0,False,False
.507,1,0.0,False,False
.508,1,0.0,False,False
.509,1,0.0,False,False
.510,1,0.0,False,False
.511,1,0.0,False,False
.513,1,0.0,False,False
.514,1,0.0,False,False
.515,1,0.0,False,False
.516,1,0.0,False,False
.517,1,0.0,False,False
.518,1,0.0,False,False
.519,1,0.0,False,False
.520,1,0.0,False,False
.521,1,0.0,False,False
.522,1,0.0,False,False
.523,1,0.0,False,False
.524,1,0.0,False,False
.525,1,0.0,False,False
.526,1,0.0,False,False
.527,1,0.0,False,False
.528,1,0.0,False,False
.529,1,0.0,False,False
.530,1,0.0,False,False
.531,1,0.0,False,False
.532,1,0.0,False,False
.533,1,0.0,False,False
.534,1,0.0,False,False
.535,1,0.0,False,False
.536,1,0.0,False,False
.537,1,0.0,False,False
.538,1,0.0,False,False
.539,1,0.0,False,False
.540,1,0.0,False,False
.541,1,0.0,False,False
.542,1,0.0,False,False
.543,1,0.0,False,False
.544,1,0.0,False,False
.545,1,0.0,False,False
.546,1,0.0,False,False
.547,1,0.0,False,False
.548,1,0.0,False,False
.549,1,0.0,False,False
.551,1,0.0,False,False
.552,1,0.0,False,False
.553,1,0.0,False,False
.554,1,0.0,False,False
.555,1,0.0,False,False
.556,1,0.0,False,False
.557,1,0.0,False,False
.558,1,0.0,False,False
.559,1,0.0,False,False
.560,1,0.0,False,False
.561,1,0.0,False,False
.562,1,0.0,False,False
.563,1,0.0,False,False
.564,1,0.0,False,False
.565,1,0.0,False,False
.566,1,0.0,False,False
.567,1,0.0,False,False
.568,1,0.0,False,False
.569,1,0.0,False,False
.570,1,0.0,False,False
.571,1,0.0,False,False
.572,1,0.0,False,False
.573,1,0.0,False,False
.574,1,0.0,False,False
.575,1,0.0,False,False
.576,1,0.0,False,False
.577,1,0.0,False,False
.578,1,0.0,False,False
.579,1,0.0,False,False
.580,1,0.0,False,False
.581,1,0.0,False,False
.582,1,0.0,False,False
.583,1,0.0,False,False
.584,1,0.0,False,False
.585,1,0.0,False,False
.586,1,0.0,False,False
.587,1,0.0,False,False
.588,1,0.0,False,False
.589,1,0.0,False,False
.590,1,0.0,False,False
.591,1,0.0,False,False
.592,1,0.0,False,False
.593,1,0.0,False,False
.594,1,0.0,False,False
.595,1,0.0,False,False
.596,1,0.0,False,False
.597,1,0.0,False,False
.598,1,0.0,False,False
.601,1,0.0,False,False
.602,1,0.0,False,False
.603,1,0.0,False,False
.604,1,0.0,False,False
.605,1,0.0,False,False
.606,1,0.0,False,False
.607,1,0.0,False,False
.608,1,0.0,False,False
.609,1,0.0,False,False
.610,1,0.0,False,False
.611,1,0.0,False,False
.612,1,0.0,False,False
.613,1,0.0,False,False
.614,1,0.0,False,False
.615,1,0.0,False,False
.616,1,0.0,False,False
.617,1,0.0,False,False
.618,1,0.0,False,False
.619,1,0.0,False,False
.620,1,0.0,False,False
.621,1,0.0,False,False
.622,1,0.0,False,False
.623,1,0.0,False,False
.624,1,0.0,False,False
.625,1,0.0,False,False
.626,1,0.0,False,False
.627,1,0.0,False,False
.628,1,0.0,False,False
.629,1,0.0,False,False
.630,1,0.0,False,False
.631,1,0.0,False,False
.632,1,0.0,False,False
.633,1,0.0,False,False
.634,1,0.0,False,False
.635,1,0.0,False,False
.636,1,0.0,False,False
.637,1,0.0,False,False
.638,1,0.0,False,False
.639,1,0.0,False,False
.641,1,0.0,False,False
.642,1,0.0,False,False
.643,1,0.0,False,False
.644,1,0.0,False,False
.645,1,0.0,False,False
.646,1,0.0,False,False
.647,1,0.0,False,False
.648,1,0.0,False,False
.649,1,0.0,False,False
.650,1,0.0,False,False
.651,1,0.0,False,False
.652,1,0.0,False,False
.653,1,0.0,False,False
.654,1,0.0,False,False
.655,1,0.0,False,False
.656,1,0.0,False,False
.657,1,0.0,False,False
.658,1,0.0,False,False
.659,1,0.0,False,False
.660,1,0.0,False,False
.661,1,0.0,False,False
.662,1,0.0,False,False
.663,1,0.0,False,False
.664,1,0.0,False,False
.665,1,0.0,False,False
.666,1,0.0,False,False
.667,1,0.0,False,False
.668,1,0.0,False,False
.669,1,0.0,False,False
.670,1,0.0,False,False
.671,1,0.0,False,False
.672,1,0.0,False,False
.673,1,0.0,False,False
.674,1,0.0,False,False
.675,1,0.0,False,False
.676,1,0.0,False,False
.677,1,0.0,False,False
.678,1,0.0,False,False
.679,1,0.0,False,False
.680,1,0.0,False,False
.681,1,0.0,False,False
.682,1,0.0,False,False
.683,1,0.0,False,False
.684,1,0.0,False,False
.685,1,0.0,False,False
.687,1,0.0,False,False
.688,1,0.0,False,False
.689,1,0.0,False,False
.690,1,0.0,False,False
.691,1,0.0,False,False
.692,1,0.0,False,False
.693,1,0.0,False,False
.694,1,0.0,False,False
.695,1,0.0,False,False
.696,1,0.0,False,False
.697,1,0.0,False,False
.698,1,0.0,False,False
.701,1,0.0,False,False
.702,1,0.0,False,False
.703,1,0.0,False,False
.704,1,0.0,False,False
.705,1,0.0,False,False
.706,1,0.0,False,False
.707,1,0.0,False,False
.708,1,0.0,False,False
.709,1,0.0,False,False
.710,1,0.0,False,False
.711,1,0.0,False,False
.712,1,0.0,False,False
.713,1,0.0,False,False
.714,1,0.0,False,False
.715,1,0.0,False,False
.716,1,0.0,False,False
.717,1,0.0,False,False
.718,1,0.0,False,False
.719,1,0.0,False,False
.720,1,0.0,False,False
.721,1,0.0,False,False
.722,1,0.0,False,False
.723,1,0.0,False,False
.724,1,0.0,False,False
.725,1,0.0,False,False
.726,1,0.0,False,False
.727,1,0.0,False,False
.728,1,0.0,False,False
.729,1,0.0,False,False
.730,1,0.0,False,False
.731,1,0.0,False,False
.732,1,0.0,False,False
.733,1,0.0,False,False
.734,1,0.0,False,False
.735,1,0.0,False,False
.736,1,0.0,False,False
.737,1,0.0,False,False
.738,1,0.0,False,False
.739,1,0.0,False,False
.740,1,0.0,False,False
.741,1,0.0,False,False
.742,1,0.0,False,False
.743,1,0.0,False,False
.744,1,0.0,False,False
.745,1,0.0,False,False
.746,1,0.0,False,False
.747,1,0.0,False,False
.748,1,0.0,False,False
.749,1,0.0,False,False
.750,1,0.0,False,False
.751,1,0.0,False,False
.752,1,0.0,False,False
.753,1,0.0,False,False
.754,1,0.0,False,False
.755,1,0.0,False,False
.756,1,0.0,False,False
.757,1,0.0,False,False
.758,1,0.0,False,False
.759,1,0.0,False,False
.760,1,0.0,False,False
.761,1,0.0,False,False
.762,1,0.0,False,False
.763,1,0.0,False,False
.764,1,0.0,False,False
.765,1,0.0,False,False
.766,1,0.0,False,False
.767,1,0.0,False,False
.769,1,0.0,False,False
.770,1,0.0,False,False
.771,1,0.0,False,False
.772,1,0.0,False,False
.773,1,0.0,False,False
.774,1,0.0,False,False
.775,1,0.0,False,False
.776,1,0.0,False,False
.777,1,0.0,False,False
.778,1,0.0,False,False
.779,1,0.0,False,False
.780,1,0.0,False,False
.781,1,0.0,False,False
.782,1,0.0,False,False
.783,1,0.0,False,False
.784,1,0.0,False,False
.785,1,0.0,False,False
.786,1,0.0,False,False
.787,1,0.0,False,False
.788,1,0.0,False,False
.789,1,0.0,False,False
.79,1,0.0,False,False
.790,1,0.0,False,False
.791,1,0.0,False,False
.792,1,0.0,False,False
.793,1,0.0,False,False
.794,1,0.0,False,False
.795,1,0.0,False,False
.796,1,0.0,False,False
.797,1,0.0,False,False
.798,1,0.0,False,False
.80,1,0.0,False,False
.801,1,0.0,False,False
.802,1,0.0,False,False
.803,1,0.0,False,False
.804,1,0.0,False,False
.805,1,0.0,False,False
.806,1,0.0,False,False
.807,1,0.0,False,False
.808,1,0.0,False,False
.809,1,0.0,False,False
.81,1,0.0,False,False
.810,1,0.0,False,False
.811,1,0.0,False,False
.812,1,0.0,False,False
.813,1,0.0,False,False
.814,1,0.0,False,False
.815,1,0.0,False,False
.816,1,0.0,False,False
.817,1,0.0,False,False
.818,1,0.0,False,False
.819,1,0.0,False,False
.82,1,0.0,False,False
.820,1,0.0,False,False
.821,1,0.0,False,False
.822,1,0.0,False,False
.823,1,0.0,False,False
.824,1,0.0,False,False
.825,1,0.0,False,False
.826,1,0.0,False,False
.827,1,0.0,False,False
.828,1,0.0,False,False
.829,1,0.0,False,False
.83,1,0.0,False,False
.830,1,0.0,False,False
.831,1,0.0,False,False
.832,1,0.0,False,False
.833,1,0.0,False,False
.834,1,0.0,False,False
.835,1,0.0,False,False
.836,1,0.0,False,False
.837,1,0.0,False,False
.838,1,0.0,False,False
.839,1,0.0,False,False
.84,1,0.0,False,False
.840,1,0.0,False,False
.841,1,0.0,False,False
.842,1,0.0,False,False
.843,1,0.0,False,False
.844,1,0.0,False,False
.845,1,0.0,False,False
.846,1,0.0,False,False
.847,1,0.0,False,False
.848,1,0.0,False,False
.849,1,0.0,False,False
.85,1,0.0,False,False
.850,1,0.0,False,False
.851,1,0.0,False,False
.852,1,0.0,False,False
.853,1,0.0,False,False
.854,1,0.0,False,False
.855,1,0.0,False,False
.856,1,0.0,False,False
.857,1,0.0,False,False
.858,1,0.0,False,False
.859,1,0.0,False,False
.86,1,0.0,False,False
.860,1,0.0,False,False
.861,1,0.0,False,False
.862,1,0.0,False,False
.863,1,0.0,False,False
.864,1,0.0,False,False
.865,1,0.0,False,False
.866,1,0.0,False,False
.867,1,0.0,False,False
.868,1,0.0,False,False
.869,1,0.0,False,False
.87,1,0.0,False,False
.870,1,0.0,False,False
.871,1,0.0,False,False
.872,1,0.0,False,False
.873,1,0.0,False,False
.874,1,0.0,False,False
.875,1,0.0,False,False
.876,1,0.0,False,False
.877,1,0.0,False,False
.878,1,0.0,False,False
.879,1,0.0,False,False
.88,1,0.0,False,False
.880,1,0.0,False,False
.881,1,0.0,False,False
.882,1,0.0,False,False
.883,1,0.0,False,False
.884,1,0.0,False,False
.885,1,0.0,False,False
.886,1,0.0,False,False
.887,1,0.0,False,False
.888,1,0.0,False,False
.889,1,0.0,False,False
.89,1,0.0,False,False
.890,1,0.0,False,False
.891,1,0.0,False,False
.892,1,0.0,False,False
.893,1,0.0,False,False
.894,1,0.0,False,False
.895,1,0.0,False,False
.896,1,0.0,False,False
.897,1,0.0,False,False
.898,1,0.0,False,False
.90,1,0.0,False,False
.901,1,0.0,False,False
.902,1,0.0,False,False
.903,1,0.0,False,False
.904,1,0.0,False,False
.905,1,0.0,False,False
.906,1,0.0,False,False
.907,1,0.0,False,False
.908,1,0.0,False,False
.909,1,0.0,False,False
.91,1,0.0,False,False
.910,1,0.0,False,False
.911,1,0.0,False,False
.912,1,0.0,False,False
.913,1,0.0,False,False
.914,1,0.0,False,False
.915,1,0.0,False,False
.916,1,0.0,False,False
.917,1,0.0,False,False
.918,1,0.0,False,False
.919,1,0.0,False,False
.92,1,0.0,False,False
.920,1,0.0,False,False
.921,1,0.0,False,False
.922,1,0.0,False,False
.923,1,0.0,False,False
.924,1,0.0,False,False
.925,1,0.0,False,False
.926,1,0.0,False,False
.927,1,0.0,False,False
.928,1,0.0,False,False
.929,1,0.0,False,False
.93,1,0.0,False,False
.930,1,0.0,False,False
.931,1,0.0,False,False
.932,1,0.0,False,False
.933,1,0.0,False,False
.934,1,0.0,False,False
.935,1,0.0,False,False
.936,1,0.0,False,False
.937,1,0.0,False,False
.938,1,0.0,False,False
.939,1,0.0,False,False
.94,1,0.0,False,False
.940,1,0.0,False,False
.941,1,0.0,False,False
.942,1,0.0,False,False
.943,1,0.0,False,False
.944,1,0.0,False,False
.945,1,0.0,False,False
.946,1,0.0,False,False
.947,1,0.0,False,False
.948,1,0.0,False,False
.949,1,0.0,False,False
.95,1,0.0,False,False
.950,1,0.0,False,False
.951,1,0.0,False,False
.952,1,0.0,False,False
.953,1,0.0,False,False
.954,1,0.0,False,False
.955,1,0.0,False,False
.956,1,0.0,False,False
.957,1,0.0,False,False
.958,1,0.0,False,False
.959,1,0.0,False,False
.96,1,0.0,False,False
.961,1,0.0,False,False
.962,1,0.0,False,False
.963,1,0.0,False,False
.964,1,0.0,False,False
.965,1,0.0,False,False
.966,1,0.0,False,False
.967,1,0.0,False,False
.968,1,0.0,False,False
.969,1,0.0,False,False
.97,1,0.0,False,False
.970,1,0.0,False,False
.971,1,0.0,False,False
.972,1,0.0,False,False
.973,1,0.0,False,False
.974,1,0.0,False,False
.975,1,0.0,False,False
.98,1,0.0,False,False
.c_old,1,0.0,False,False
.hqx,1,0.0,False,False
.tpt,1,0.0,False,False
.actr,1,0.0,False,False
.pert,1,0.0,False,False
.ppl,1,0.0,False,False
.act,1,0.0,False,False
.animal,1,0.0,False,False
.artifact,1,0.0,False,False
.attribute,1,0.0,False,False
.feeling,1,0.0,False,False
.food,1,0.0,False,False
.group,1,0.0,False,False
.location,1,0.0,False,False
.motive,1,0.0,False,False
.person,1,0.0,False,False
.phenomenon,1,0.0,False,False
.plant,1,0.0,False,False
.process,1,0.0,False,False
.quantity,1,0.0,False,False
.relation,1,0.0,False,False
.substance,1,0.0,False,False
.tops,1,0.0,False,False
.change,1,0.0,False,False
.competition,1,0.0,False,False
.consumption,1,0.0,False,False
.contact,1,0.0,False,False
.creation,1,0.0,False,False
.emotion,1,0.0,False,False
.motion,1,0.0,False,False
.perception,1,0.0,False,False
.social,1,0.0,False,False
.stative,1,0.0,False,False
.weather,1,0.0,False,False
.spid,1,0.0,False,False
.invertito,1,0.0,False,False
.edge,1,0.0,False,False
.ele,1,0.0,False,False
.neigh,1,0.0,False,False
.mesh-0,1,0.0,False,False
.cns,1,0.0,False,False
.histo,1,0.0,False,False
.hnotcompile,1,0.0,False,False
.903003751z--5409ed021d9299bf6814279a6a1411a7e866a631,1,0.0,False,False
.794553183z--6ecbe1db9ef729cbe972c83fb886247691fb6beb,1,0.0,False,False
.696351411z--e36ea790bc9d7ab70c55260c66d52b1eca985f84,1,0.0,False,False
.479938556z--e834ec434daba538cd1b9fe1582052b880bd7e63,1,0.0,False,False
.260348580z--78dc5d2d739606d31509c31d654056a45185ecb6,1,0.0,False,False
.178294829z--a8dda8d7f5310e4a9e24f8eba77e091ac264f872,1,0.0,False,False
.960499696z--06cef8e666768cc40cc78cf93d9611019ddcb628,1,0.0,False,False
.757010386z--4404ac8bd8f9618d27ad2f1485aa1b2cfd82482d,1,0.0,False,False
.554233052z--7457d5e02197480db681d3fdf256c7aca21bdc12,1,0.0,False,False
.342711541z--91c987bf62d25945db517bdaa840a6c661374402,1,0.0,False,False
.532037737z--e8816898d851d5b61b7f950627d04d794c07ca37,1,0.0,False,False
.lgplv3,1,0.0,False,False
.mbsd,1,0.0,False,False
.auto_bridge,1,0.0,False,False
.auto_client,1,0.0,False,False
.auto_first,1,0.0,False,False
.auto_router,1,0.0,False,False
.auto_server,1,0.0,False,False
.cidr,1,0.0,False,False
.cidr_reverse,1,0.0,False,False
.comment,1,0.0,False,False
.exclude_packets,1,0.0,False,False
.include_dest,1,0.0,False,False
.include_packets,1,0.0,False,False
.include_source,1,0.0,False,False
.mac_reverse,1,0.0,False,False
.port,1,0.0,False,False
.prep_config,1,0.0,False,False
.primary,1,0.0,False,False
.regex_reverse,1,0.0,False,False
.secondary,1,0.0,False,False
.lp4,1,0.0,False,False
.haskell-ci,1,0.0,False,False
.lav,1,0.0,False,False
.nhdp,1,0.0,False,False
.dlg,1,0.0,False,False
.pws,1,0.0,False,False
.qch,1,0.0,False,False
.qhp,1,0.0,False,False
.qhc,1,0.0,False,False
.qhcp,1,0.0,False,False
.1#,1,0.0,False,False
.styles,1,0.0,False,False
.rocky,1,0.0,False,False
.plugins,1,0.0,False,False
.codegenconfig,1,0.0,False,False
.pgo,1,0.0,False,False
.kasm,1,0.0,False,False
.hxproj,1,0.0,False,False
.javalog,1,0.0,False,False
.log4j,1,0.0,False,False
.e4xmi,1,0.0,False,False
.tlpx,1,0.0,False,False
.ocaml,1,0.0,False,False
.expand_piqi_boot,1,0.0,False,False
.pp-expand-abbr,1,0.0,False,False
.pp-expand-abbr-parse-literals,1,0.0,False,False
.fontsettings,1,0.0,False,False
.cc_def,1,0.0,False,False
.popstar,1,0.0,False,False
.stb,1,0.0,False,False
.shacl,1,0.0,False,False
.mlg,1,0.0,False,False
.rocq-codegen,1,0.0,False,False
.clustal,1,0.0,False,False
.theanorc,1,0.0,False,False
.ssm,1,0.0,False,False
.cppcheck,1,0.0,False,False
.natvis,1,0.0,False,False
.byt_ref,1,0.0,False,False
.tbb_version,1,0.0,False,False
.gm,1,0.0,False,False
.ijson,1,0.0,False,False
.groups,1,0.0,False,False
.opml,1,0.0,False,False
.export_metadata,1,0.0,False,False
.overall_export_metadata,1,0.0,False,False
.r2014b,1,0.0,False,False
.aup,1,0.0,False,False
.qgz,1,0.0,False,False
.frf,1,0.0,False,False
.snapp,1,0.0,False,False
.d2,1,0.0,False,False
.cv,1,0.0,False,False
.wdep,1,0.0,False,False
.windep,1,0.0,False,False
.1-compute-correlations-from-raw-data,1,0.0,False,False
.2-convert-effect-sizes-into-correlation-coefficients-r,1,0.0,False,False
.xdsl,1,0.0,False,False
.access,1,0.0,False,False
.password,1,0.0,False,False
.arm64v8,1,0.0,False,False
.ns_params,1,0.0,False,False
.mob,1,0.0,False,False
.gcc_plugin,1,0.0,False,False
.copying3,1,0.0,False,False
.commercial,1,0.0,False,False
.deactivated,1,0.0,False,False
.truststore,1,0.0,False,False
.snappy,1,0.0,False,False
.psv,1,0.0,False,False
.bbx,1,0.0,False,False
.cbx,1,0.0,False,False
.dbx,1,0.0,False,False
.cut,1,0.0,False,False
.sdf5,1,0.0,False,False
.bwkd,1,0.0,False,False
.pt4,1,0.0,False,False
.dmesg,1,0.0,False,False
.unsupported-features,1,0.0,False,False
.whitelist,1,0.0,False,False
.ghi,1,0.0,False,False
.aux#,1,0.0,False,False
.pyg,1,0.0,False,False
.bib~,1,0.0,False,False
.specification,1,0.0,False,False
.npy#,1,0.0,False,False
.eq,1,0.0,False,False
.4spec,1,0.0,False,False
.cpp_0126_bc,1,0.0,False,False
.kmc_eq,1,0.0,False,False
.kmc_only,1,0.0,False,False
.blackrose,1,0.0,False,False
.chama,1,0.0,False,False
.g++,1,0.0,False,False
.mac_debug,1,0.0,False,False
.mac_mpi,1,0.0,False,False
.mui,1,0.0,False,False
.mui_cori,1,0.0,False,False
.mui_slurm,1,0.0,False,False
.nonmui,1,0.0,False,False
.redsky,1,0.0,False,False
.serial_debug,1,0.0,False,False
.xt5,1,0.0,False,False
.shlib,1,0.0,False,False
.convergence,1,0.0,False,False
.slab_2d,1,0.0,False,False
.tflite,1,0.0,False,False
.egg~,1,0.0,False,False
.udb,1,0.0,False,False
.saint,1,0.0,False,False
.exports,1,0.0,False,False
.cbm,1,0.0,False,False
.routes,1,0.0,False,False
.ellie,1,0.0,False,False
.regexp,1,0.0,False,False
.filesystem,1,0.0,False,False
.python2,1,0.0,False,False
.python3,1,0.0,False,False
.vap,1,0.0,False,False
.dnf,1,0.0,False,False
.ipch,1,0.0,False,False
.0-license,1,0.0,False,False
.msa,1,0.0,False,False
.gcskew,1,0.0,False,False
.skew,1,0.0,False,False
.3gon,1,0.0,False,False
.4gon,1,0.0,False,False
.5gon,1,0.0,False,False
.vtx,1,0.0,False,False
.deflate,1,0.0,False,False
.orc,1,0.0,False,False
.0-0-5db3b55120a19863d96460d399c2d0e,1,0.0,False,False
.0-0-4f5da98a11db8e7192423c27db767ca6,1,0.0,False,False
.0 + '1'-0-a6ec78b3b93d52034aab829d43210e73,1,0.0,False,False
.0 + 1-0-30a4b1c8227906931cd0532367bebc43,1,0.0,False,False
.0-0-87321b2e30ee2986b00b631d0e4f4d8d,1,0.0,False,False
.0 + 1l-0-44bb88a1c9280952e8119a3ab1bb4205,1,0.0,False,False
.0 + 1s-0-31fbe14d01fb532176c1689680398368,1,0.0,False,False
.0 + 1y-0-12bcf6e49e83abd2aa36ea612b418d43,1,0.0,False,False
.0-0-95a30c4b746f520f1251981a66cef5c8,1,0.0,False,False
.0-0-8dfa46ec33c1be5ffba2e40cbfe5349e,1,0.0,False,False
.0-0-3ad5e3db0d0300312d33231e7c2a6c8d,1,0.0,False,False
.attr-0-42104e7e35985f4504c6d9a79b1bb4b8,1,0.0,False,False
.star-0-7bdb861d11e895aaea545810cdac316d,1,0.0,False,False
.0 else null end -0-aeb1f906bfe92f2d406f84109301afe0,1,0.0,False,False
.0 end -0-7f5ce763801781cf568c6a31dd80b623,1,0.0,False,False
.attr case insensitive-0-98b2e34c9134208e9fe7c62d33010005,1,0.0,False,False
.attr-0-6cbb13c3a48f53fa6550dbba4d2c28fd,1,0.0,False,False
.table-0-c657beb729b6a7882309a203fc6f298e,1,0.0,False,False
.udf-0-e85ebb8ce5d939964fd87bd13b326c02,1,0.0,False,False
.attr-0-97b3c408090f758257e4bd20597a525e,1,0.0,False,False
.cartesian-0-e3c7f62795b0e7c14b41b0dc29c47619,1,0.0,False,False
.attr-0-fc8183d758151be72b3d75d9df124504,1,0.0,False,False
.attr-0-26c9d24eb6305ea2106c26bdca38012e,1,0.0,False,False
.close in lateral views-0-ac5c96224a534f07b49462ad76620678,1,0.0,False,False
.close in select-0-517f834fef35b896ec64399f42b2a151,1,0.0,False,False
. testwindowing-0-327a8cd39fe30255ff492ee86f660522,1,0.0,False,False
. testhavingwithwindowingcondranknogby-0-fef4bf638d52a9a601845347010602fd,1,0.0,False,False
. testfirstlast-0-86bb9c97d92fdcd941bcb5143513e2e6,1,0.0,False,False
. testfirstlastwithwhere-0-84345a9f685ba63b87caa4bb16b122b5,1,0.0,False,False
. testsumwindow-0-6cfc8840d3a4469b0fe11d63182cb59f,1,0.0,False,False
. testnosortclause-0-88d96a526d3cae6ed8168c5b228974d1,1,0.0,False,False
. testexpressions-0-11f6c13cf2710ce7054654cca136e73e,1,0.0,False,False
. testmultiplewindows-0-efd1476255eeb1b1961149144f574b7a,1,0.0,False,False
. testcountstar-0-1b1fc185c8fddf68e58e92f29052ab2d,1,0.0,False,False
. testudafs-0-6974e5959e41a661e09db18547fef58a,1,0.0,False,False
. testudafswithgby-0-67d15ee5915ac64a738fd4b60d75eb35,1,0.0,False,False
. testgroupbywithpartitioning-0-cb5618b1e626f3a9d4a030b508b5d251,1,0.0,False,False
. teststats-0-6dfcd7925fb267699c4bf82737d4609,1,0.0,False,False
. teststats-0-da0e0cca69e42118a96b8609b8fa5838,1,0.0,False,False
. testdists-0-672d4cb385b7ced2e446f132474293ad,1,0.0,False,False
. testlateralviews-0-dea06072f0a64fe4537fae854944ed5a,1,0.0,False,False
. testgroupbyhavingwithswqandalias-0-b996a664b06e5741c08079d5c38241bc,1,0.0,False,False
. testmultiplerangewindows-0-227e080e337d734dd88ff814b3b412e4,1,0.0,False,False
. testpartorderinudafinvoke-0-25912ae7d18c91cc09e17e57968fb5db,1,0.0,False,False
. testpartorderinwdwdef-0-88945892370ccbc1125a927a3d55342a,1,0.0,False,False
. testgroupbyhavingwithswq-0-a5a5339330a6a6660d32ccb0cc5d7100,1,0.0,False,False
. testdefaultpartitioningspecrules-0-fa80b09c99e3c1487de48ea71a88dada,1,0.0,False,False
. testrankwithpartitioning-0-45ccbaf0ee083858f7661c66b11d4768,1,0.0,False,False
. testpartitioningvariousforms-0-3436e50214f9afdec84334e10faa931a,1,0.0,False,False
. testpartitioningvariousforms2-0-cba9d84a6b1bb5e36595338d4602377e,1,0.0,False,False
. testudfonordercols-0-7647562850dd367ef1e6c63117805423,1,0.0,False,False
. testcount-0-e6e97e884327df86f16b870527ec026c,1,0.0,False,False
. testnobetweenforrows-0-99007f45b6406869e048b0e4eb9213f1,1,0.0,False,False
. testnobetweenforrange-0-d81a591e90950de291d2f133793e9283,1,0.0,False,False
. testunboundedfollowingforrows-0-fb8648e82e4dd56d6bdcfd739dd1edf0,1,0.0,False,False
. testunboundedfollowingforrange-0-3cd04e5f2398853c4850f4f86142bb39,1,0.0,False,False
. testovernopartitionsingleaggregate-0-cb3d2f8c1296044dc2658876bb6103ae,1,0.0,False,False
. testcountwithwindowingudaf-0-3bde93728761b780a745c2ce0398aa0f,1,0.0,False,False
. testcountinsubq-0-73d5274a21d4f4fd51d2a0f1d98516ce,1,0.0,False,False
. testmixedcasealias-0-4b1ad2515fb079012467e987f484a722,1,0.0,False,False
. testhavingwithwindowingnogby-0-70cdc0555a61ef08534a9ebebb95ebbf,1,0.0,False,False
.q (deterministic) 1-0-12a92d8800e0da8b515ba3eaf6a7fd0f,1,0.0,False,False
.q (deterministic) 3-0-455e41d9949a2d22bab634fd8e42f2b1,1,0.0,False,False
.q (deterministic) 4-0-cfad06ae8eba6b047d32a6a61dd59392,1,0.0,False,False
.q (deterministic) 5-0-d7ca7a61377cef3a9f721a28afdae012,1,0.0,False,False
.q (deterministic) 6-0-287bcc7679822bc7b684532b267bf11f,1,0.0,False,False
.q (deterministic)-0-36217f6074daaacddb9fcb50a3f4fb5b,1,0.0,False,False
.q (deterministic)-1-9ee79e711248dd6e0a6ce27e439e55f4,1,0.0,False,False
.q (deterministic)-2-1e88e0ba414a00195f7ebf6b8600ac04,1,0.0,False,False
.q (deterministic)-3-34d9ee4120f21d0d0ae914fba0acc60c,1,0.0,False,False
.q (deterministic)-4-dfd39236756a3951bc1ec354799d69e4,1,0.0,False,False
.q (deterministic)-5-8d0ee3e1605f38214bfad28a5ce897cc,1,0.0,False,False
.q (deterministic)-0-b7cb25303831392a51cd996e758ac79a,1,0.0,False,False
.q (deterministic)-1-a3d352560ac835993001665db6954965,1,0.0,False,False
.q (deterministic)-2-fafa16c0f7697ca28aeb6f2698799562,1,0.0,False,False
.q (deterministic)-3-bda0e7c77d6f4712a03389cb5032bc6d,1,0.0,False,False
.q (deterministic) 1-0-2e0cbc2d7c5f16657edacd9e7209e6e7,1,0.0,False,False
.q (deterministic) 1-1-5c5f373e325115d710a7a23fcb1626f1,1,0.0,False,False
.q (deterministic) 1-2-ac487cc1b94130bf9ce00e07c7075f65,1,0.0,False,False
.q (deterministic) 1-3-b82dfa24123047be4b4e3c27c3997d34,1,0.0,False,False
.q (deterministic) 2-0-81bb7f49a55385878637c8aac4d08e5,1,0.0,False,False
.q (deterministic) 3-0-58a982694ba2b1e34de82b1de54936a0,1,0.0,False,False
.q (deterministic) 4-0-12cc78f3953c3e6b5411ddc729541bf0,1,0.0,False,False
.q (deterministic)-0-6642a21d87e0401ba1a668ea8b244f0c,1,0.0,False,False
.q (deterministic)-1-2bf20f39e6ffef258858f7943a974e7e,1,0.0,False,False
.q (deterministic)-2-16239d2b069789ba99fbac50c4f0724f,1,0.0,False,False
.q (deterministic)-3-d90b27fca067b0b3c48d873b3ef32af7,1,0.0,False,False
.q (deterministic)-4-f2e4d659b65a833e9281b6786d3d55c1,1,0.0,False,False
.q (deterministic)-0-f498cccf82480be03022d2a36f87651e,1,0.0,False,False
.q (deterministic)-1-6378faf36ffd3f61e61cee6c0cb70e6,1,0.0,False,False
.q (deterministic)-2-5f0eab306ea3c22b11ace9b542a7ee56,1,0.0,False,False
.q (deterministic)-3-6f104992e0050576085064815de43194,1,0.0,False,False
.q (deterministic)-4-cd2e3d2344810cb3ba843d4c01c81d7e,1,0.0,False,False
.q (deterministic)-5-ee44c5cdc80e1c832b702f9fb76d8145,1,0.0,False,False
.q (deterministic)-6-4d78f7b1d172d20c91f5867bc13a42a0,1,0.0,False,False
.q (deterministic)-7-20fdc99aa046b2c41d9b85ab338c749c,1,0.0,False,False
.q (deterministic)-8-45a1d7c2aba45d761e19ff4dfdf5463e,1,0.0,False,False
.yes,1,0.0,False,False
.same-story,1,0.0,False,False
.query_doc,1,0.0,False,False
.complete,1,0.0,False,False
.minimalist,1,0.0,False,False
.mkl,1,0.0,False,False
.acfg,1,0.0,False,False
.atts,1,0.0,False,False
.rnd,1,0.0,False,False
.es5,1,0.0,False,False
.worldmapping,1,0.0,False,False
.dropped_data,1,0.0,False,False
.37275184,1,0.0,False,False
.jpl,1,0.0,False,False
.ctrl,1,0.0,False,False
.skd,1,0.0,False,False
.wsdl2,1,0.0,False,False
.macro,1,0.0,False,False
.txt_reference,1,0.0,False,False
.dbt,1,0.0,False,False
.inits,1,0.0,False,False
.generalcomputingservice,1,0.0,False,False
.grad,1,0.0,False,False
.localctriple,1,0.0,False,False
.localttriple,1,0.0,False,False
.aix,1,0.0,False,False
.dag,1,0.0,False,False
.hpux,1,0.0,False,False
.septel,1,0.0,False,False
.sita,1,0.0,False,False
.tru64,1,0.0,False,False
.sparc,1,0.0,False,False
.sun3,1,0.0,False,False
.3c,1,0.0,False,False
.mutable_base,1,0.0,False,False
.mutable_delta,1,0.0,False,False
.namd,1,0.0,False,False
.lipid14,1,0.0,False,False
.gaff,1,0.0,False,False
.ionsjc_tip3p,1,0.0,False,False
.ions234lm_126_tip3p,1,0.0,False,False
.ff-nucleic-ol15,1,0.0,False,False
.mmtf,1,0.0,False,False
.aqu,1,0.0,False,False
.ingv,1,0.0,False,False
.15_6,1,0.0,False,False
.hap,1,0.0,False,False
.last,1,0.0,False,False
.abbrevs,1,0.0,False,False
.amp,1,0.0,False,False
.open64,1,0.0,False,False
.consoleapp,1,0.0,False,False
.djgpp,1,0.0,False,False
.ecc,1,0.0,False,False
.fips,1,0.0,False,False
.messagebodyreader,1,0.0,False,False
.messagebodywriter,1,0.0,False,False
.cfgtbd,1,0.0,False,False
.listener,1,0.0,False,False
.speller,1,0.0,False,False
.predictions,1,0.0,False,False
.nmake,1,0.0,False,False
.h2m,1,0.0,False,False
.uplugin,1,0.0,False,False
.ibl,1,0.0,False,False
.army,1,0.0,False,False
.armydiag,1,0.0,False,False
.economy,1,0.0,False,False
.economydiag,1,0.0,False,False
.statediag,1,0.0,False,False
.necsis14_classdiagram,1,0.0,False,False
.necsis14_classdiagramdiag,1,0.0,False,False
.z3,1,0.0,False,False
.pklmetadata,1,0.0,False,False
.blend2,1,0.0,False,False
.vcg,1,0.0,False,False
.rb4196,1,0.0,False,False
.gt3x,1,0.0,False,False
.957687,1,0.0,False,False
.957688,1,0.0,False,False
.957689,1,0.0,False,False
.957690,1,0.0,False,False
.957691,1,0.0,False,False
.957692,1,0.0,False,False
.957693,1,0.0,False,False
.957694,1,0.0,False,False
.957695,1,0.0,False,False
.957696,1,0.0,False,False
.957697,1,0.0,False,False
.132113,1,0.0,False,False
.174160,1,0.0,False,False
.174161,1,0.0,False,False
.174162,1,0.0,False,False
.174163,1,0.0,False,False
.174164,1,0.0,False,False
.174165,1,0.0,False,False
.174166,1,0.0,False,False
.174167,1,0.0,False,False
.174168,1,0.0,False,False
.174169,1,0.0,False,False
.174170,1,0.0,False,False
.174171,1,0.0,False,False
.174172,1,0.0,False,False
.174173,1,0.0,False,False
.174174,1,0.0,False,False
.174175,1,0.0,False,False
.174176,1,0.0,False,False
.174177,1,0.0,False,False
.174178,1,0.0,False,False
.174179,1,0.0,False,False
.174180,1,0.0,False,False
.174181,1,0.0,False,False
.174182,1,0.0,False,False
.174183,1,0.0,False,False
.145812,1,0.0,False,False
.145810,1,0.0,False,False
.145813,1,0.0,False,False
.145817,1,0.0,False,False
.145816,1,0.0,False,False
.145814,1,0.0,False,False
.145818,1,0.0,False,False
.145815,1,0.0,False,False
.145811,1,0.0,False,False
.145820,1,0.0,False,False
.145819,1,0.0,False,False
.capnp,1,0.0,False,False
.ggo,1,0.0,False,False
.pymol,1,0.0,False,False
.4-linux-amd64,1,0.0,False,False
.00000,1,0.0,False,False
.best,1,0.0,False,False
.note,1,0.0,False,False
.threshold,1,0.0,False,False
.fum,1,0.0,False,False
.chi,1,0.0,False,False
.udx,1,0.0,False,False
.vislcg,1,0.0,False,False
.gubsdb,1,0.0,False,False
.gegcc,1,0.0,False,False
.gelua,1,0.0,False,False
.geslang,1,0.0,False,False
.getcc,1,0.0,False,False
.workspace,1,0.0,False,False
.phones,1,0.0,False,False
.7a,1,0.0,False,False
.developer,1,0.0,False,False
.weide,1,0.0,False,False
.regtest,1,0.0,False,False
.ascent,1,0.0,False,False
.no_hydro_64,1,0.0,False,False
.plot_z,1,0.0,False,False
.knl,1,0.0,False,False
.noreduceverb,1,0.0,False,False
.bsd-3-clause,1,0.0,False,False
.0-only,1,0.0,False,False
.switch,1,0.0,False,False
.aml,1,0.0,False,False
.pprof,1,0.0,False,False
.secmd,1,0.0,False,False
.fe,1,0.0,False,False
.arp,1,0.0,False,False
.profile-empty,1,0.0,False,False
.xsec,1,0.0,False,False
.pbuu,1,0.0,False,False
.cxx~,1,0.0,False,False
.cc#,1,0.0,False,False
.osa,1,0.0,False,False
.sie,1,0.0,False,False
.xfm,1,0.0,False,False
.local-copy,1,0.0,False,False
.testa,1,0.0,False,False
.testb,1,0.0,False,False
.train54019,1,0.0,False,False
.pairing_issues,1,0.0,False,False
.codekit,1,0.0,False,False
.editing,1,0.0,False,False
.outgroup,1,0.0,False,False
.scv,1,0.0,False,False
.old2,1,0.0,False,False
.oldm,1,0.0,False,False
.nlogox,1,0.0,False,False
.txt2,1,0.0,False,False
.hist5000,1,0.0,False,False
.hancho,1,0.0,False,False
.azw3,1,0.0,False,False
.accdb,1,0.0,False,False
.fb2,1,0.0,False,False
.dotm,1,0.0,False,False
.vsdir,1,0.0,False,False
.identcache,1,0.0,False,False
.txt#,1,0.0,False,False
.spe,1,0.0,False,False
.coli,1,0.0,False,False
.anik,1,0.0,False,False
.aws,1,0.0,False,False
.lol,1,0.0,False,False
.lot,1,0.0,False,False
.snps,1,0.0,False,False
.runtests,1,0.0,False,False
.notice,1,0.0,False,False
.news,1,0.0,False,False
.ansi,1,0.0,False,False
.android,1,0.0,False,False
.oga,1,0.0,False,False
.miff,1,0.0,False,False
.xml_withparentpom,1,0.0,False,False
.hjs,1,0.0,False,False
.cppipe,1,0.0,False,False
.xeap,1,0.0,False,False
.json_sample,1,0.0,False,False
.enduser,1,0.0,False,False
.double,1,0.0,False,False
.htm-copy,1,0.0,False,False
.htm_backup,1,0.0,False,False
.lsa,1,0.0,False,False
.base64,1,0.0,False,False
.htaccess,1,0.0,False,False
.ethane,1,0.0,False,False
.airebo-m,1,0.0,False,False
.rebo,1,0.0,False,False
.lmiss,1,0.0,False,False
.janet,1,0.0,False,False
.hoon,1,0.0,False,False
.luau,1,0.0,False,False
.ixx,1,0.0,False,False
.gjs,1,0.0,False,False
.cocoa5,1,0.0,False,False
.cake,1,0.0,False,False
.asy,1,0.0,False,False
.cdc,1,0.0,False,False
.ecr,1,0.0,False,False
.chpl,1,0.0,False,False
.njk,1,0.0,False,False
.clar,1,0.0,False,False
.imba,1,0.0,False,False
.ttcn,1,0.0,False,False
.cfm,1,0.0,False,False
.rhai,1,0.0,False,False
.ecpp,1,0.0,False,False
.derw,1,0.0,False,False
.junos,1,0.0,False,False
.just,1,0.0,False,False
.cairo,1,0.0,False,False
.gdshader,1,0.0,False,False
.plm,1,0.0,False,False
.ha,1,0.0,False,False
.focexec,1,0.0,False,False
.um,1,0.0,False,False
.fsx,1,0.0,False,False
.fut,1,0.0,False,False
.fnl,1,0.0,False,False
.aria,1,0.0,False,False
.gql,1,0.0,False,False
.gvy,1,0.0,False,False
.yarn,1,0.0,False,False
.slang,1,0.0,False,False
.lidr,1,0.0,False,False
.pl1,1,0.0,False,False
.raml,1,0.0,False,False
.mojo,1,0.0,False,False
.heex,1,0.0,False,False
.icl,1,0.0,False,False
.ipl,1,0.0,False,False
.prql,1,0.0,False,False
.c3,1,0.0,False,False
.bdy,1,0.0,False,False
.thy,1,0.0,False,False
.fth,1,0.0,False,False
.smarty2,1,0.0,False,False
.vsql,1,0.0,False,False
.txtt,1,0.0,False,False
.dt,1,0.0,False,False
.xm,1,0.0,False,False
.lgt,1,0.0,False,False
.lem,1,0.0,False,False
.magik,1,0.0,False,False
.wren,1,0.0,False,False
.mojom,1,0.0,False,False
.mbt,1,0.0,False,False
.mbti,1,0.0,False,False
.nuon,1,0.0,False,False
.jcl,1,0.0,False,False
.ets,1,0.0,False,False
.wxml,1,0.0,False,False
.wxss,1,0.0,False,False
.pek,1,0.0,False,False
.lfe,1,0.0,False,False
.puml,1,0.0,False,False
.jai,1,0.0,False,False
.dhall,1,0.0,False,False
.p6,1,0.0,False,False
.odx,1,0.0,False,False
.surql,1,0.0,False,False
.pony,1,0.0,False,False
.brs,1,0.0,False,False
.sss,1,0.0,False,False
.bicep,1,0.0,False,False
.qxs,1,0.0,False,False
.scp,1,0.0,False,False
.sema,1,0.0,False,False
.pig,1,0.0,False,False
.jspeg,1,0.0,False,False
.peg,1,0.0,False,False
.peggy,1,0.0,False,False
.tspeg,1,0.0,False,False
.slim,1,0.0,False,False
.slint,1,0.0,False,False
.nut,1,0.0,False,False
.nim,1,0.0,False,False
.gleam,1,0.0,False,False
.daml,1,0.0,False,False
.dsr,1,0.0,False,False
.vbhtml,1,0.0,False,False
.ring,1,0.0,False,False
.pest,1,0.0,False,False
.fsl,1,0.0,False,False
.wast,1,0.0,False,False
.uss,1,0.0,False,False
.uxml,1,0.0,False,False
.carbon,1,0.0,False,False
.vba,1,0.0,False,False
.vy,1,0.0,False,False
.blp,1,0.0,False,False
.xpo,1,0.0,False,False
.btp,1,0.0,False,False
.head~1,1,0.0,False,False
.tok,1,0.0,False,False
.startup,1,0.0,False,False
.qry,1,0.0,False,False
.sfproj,1,0.0,False,False
.mas2j,1,0.0,False,False
.z06,1,0.0,False,False
.z07,1,0.0,False,False
.z08,1,0.0,False,False
.x_b,1,0.0,False,False
.eepe,1,0.0,False,False
.dnd,1,0.0,False,False
.datbak,1,0.0,False,False
.01_tgyr_elemplot_intd,1,0.0,False,False
.10_tgyr_elemplot_intd,1,0.0,False,False
.c2hs,1,0.0,False,False
.dump-ast,1,0.0,False,False
.nanorc,1,0.0,False,False
.ssh,1,0.0,False,False
.cats,1,0.0,False,False
.purerc,1,0.0,False,False
.clw,1,0.0,False,False
.propertiesprovider,1,0.0,False,False
.psfex,1,0.0,False,False
.prior,1,0.0,False,False
.jrtx,1,0.0,False,False
.jasper,1,0.0,False,False
.allscalecc,1,0.0,False,False
.gff3_aa,1,0.0,False,False
.gff3_ab,1,0.0,False,False
.gff3_ac,1,0.0,False,False
.gff3_ad,1,0.0,False,False
.signalp,1,0.0,False,False
.stim,1,0.0,False,False
.globals,1,0.0,False,False
.ccz,1,0.0,False,False
.evid,1,0.0,False,False
.elementtypesconfigurations,1,0.0,False,False
.creationmenumodel,1,0.0,False,False
.pl~,1,0.0,False,False
.qdp-amd,1,0.0,False,False
.shock_past_cylinder,1,0.0,False,False
.shock_past_sphere,1,0.0,False,False
.iamr,1,0.0,False,False
.hotspot_rz,1,0.0,False,False
.euler,1,0.0,False,False
.euler-restart,1,0.0,False,False
.square_grid,1,0.0,False,False
.bubble_rz,1,0.0,False,False
.double_shear_layer-rotate,1,0.0,False,False
.forced,1,0.0,False,False
.average_hotspot,1,0.0,False,False
.les_hotspot,1,0.0,False,False
.perlmutter,1,0.0,False,False
.greg,1,0.0,False,False
.lwo,1,0.0,False,False
.gpb,1,0.0,False,False
.down,1,0.0,False,False
.up,1,0.0,False,False
.mvl,1,0.0,False,False
.gitattributes,1,0.0,False,False
.power9v100,1,0.0,False,False
.jsdoc,1,0.0,False,False
.ib_pdb_index,1,0.0,False,False
.pd_darwin,1,0.0,False,False
.name_accession,1,0.0,False,False
.tplx,1,0.0,False,False
.mk~,1,0.0,False,False
.px,1,0.0,False,False
.pchk,1,0.0,False,False
.gsl,1,0.0,False,False
.senses,1,0.0,False,False
.blobs,1,0.0,False,False
.tester,1,0.0,False,False
.rtml,1,0.0,False,False
.guide,1,0.0,False,False
.hashes,1,0.0,False,False
.recipe,1,0.0,False,False
.strs,1,0.0,False,False
.detektcli,1,0.0,False,False
.reportingextension,1,0.0,False,False
.baselineprovider,1,0.0,False,False
.tgz?accesstype=download,1,0.0,False,False
.problematique,1,0.0,False,False
.mshp,1,0.0,False,False
.wtb,1,0.0,False,False
.2010-02,1,0.0,False,False
.2010-03,1,0.0,False,False
.xmlb,1,0.0,False,False
.omake,1,0.0,False,False
.exist,1,0.0,False,False
.eclipse,1,0.0,False,False
.mtvl,1,0.0,False,False
.rmap,1,0.0,False,False
.b2bc7b7d,1,0.0,False,False
.valid,1,0.0,False,False
.otu_table,1,0.0,False,False
.xval,1,0.0,False,False
.sift,1,0.0,False,False
.soc,1,0.0,False,False
.dcl,1,0.0,False,False
.validspike,1,0.0,False,False
.conv_n1600_mean4_5_st08_lx19_ly7,1,0.0,False,False
.liggghts,1,0.0,False,False
.springcalve,1,0.0,False,False
.summercalve,1,0.0,False,False
.7920000,1,0.0,False,False
.fjordbond_final_h20_str5e5_lfc30,1,0.0,False,False
.bonds,1,0.0,False,False
.infox,1,0.0,False,False
.5-linux32,1,0.0,False,False
.5-linux64,1,0.0,False,False
.5-osx,1,0.0,False,False
.profiles,1,0.0,False,False
.snakefile,1,0.0,False,False
.default-zones,1,0.0,False,False
.rfc1918,1,0.0,False,False
.protobuf,1,0.0,False,False
.pmids,1,0.0,False,False
.ewnet,1,0.0,False,False
.ms14,1,0.0,False,False
.ms14 (security copy),1,0.0,False,False
.ms13,1,0.0,False,False
.indivq,1,0.0,False,False
.pkla,1,0.0,False,False
.cdsfeatures_original,1,0.0,False,False
.marshal,1,0.0,False,False
.mothur,1,0.0,False,False
.ncdump,1,0.0,False,False
.ifunctionregistrant,1,0.0,False,False
.gzip,1,0.0,False,False
.bui,1,0.0,False,False
.op2,1,0.0,False,False
.op4,1,0.0,False,False
.op6,1,0.0,False,False
.menu,1,0.0,False,False
.03_samba,1,0.0,False,False
.pamd,1,0.0,False,False
.xinput,1,0.0,False,False
.linux-cross,1,0.0,False,False
.apk_,1,0.0,False,False
.pyw,1,0.0,False,False
.persistentjoboutput,1,0.0,False,False
.discoverable,1,0.0,False,False
.databases,1,0.0,False,False
.powergslb,1,0.0,False,False
.sqlserver,1,0.0,False,False
.stmt,1,0.0,False,False
.srec,1,0.0,False,False
.cpp_arduplicate,1,0.0,False,False
.ca,1,0.0,False,False
.et,1,0.0,False,False
.fi,1,0.0,False,False
.gu,1,0.0,False,False
.hi,1,0.0,False,False
.hu,1,0.0,False,False
.kn,1,0.0,False,False
.lt,1,0.0,False,False
.mni,1,0.0,False,False
.or,1,0.0,False,False
.pa,1,0.0,False,False
.ro,1,0.0,False,False
.ta,1,0.0,False,False
.tdt,1,0.0,False,False
.yue,1,0.0,False,False
.zh,1,0.0,False,False
.chn,1,0.0,False,False
.full,1,0.0,False,False
.jnet,1,0.0,False,False
.pyxbld,1,0.0,False,False
.cbk,1,0.0,False,False
.asta,1,0.0,False,False
.longorfs,1,0.0,False,False
.travis-rbx,1,0.0,False,False
.date,1,0.0,False,False
.freeze,1,0.0,False,False
.ebuild,1,0.0,False,False
.processors,1,0.0,False,False
.symbolprocessorprovider,1,0.0,False,False
.tff,1,0.0,False,False
.hkl,1,0.0,False,False
.out_b_swope,1,0.0,False,False
.out_g_swope,1,0.0,False,False
.out_h_wirc,1,0.0,False,False
.out_i_swope,1,0.0,False,False
.out_j_wirc,1,0.0,False,False
.out_k_wirc,1,0.0,False,False
.out_r_swope,1,0.0,False,False
.out_u_swope,1,0.0,False,False
.out_v_oswope,1,0.0,False,False
.out_y_wirc,1,0.0,False,False
.out_r,1,0.0,False,False
.vtl,1,0.0,False,False
.rpath,1,0.0,False,False
.ptr,1,0.0,False,False
.tree-ssa,1,0.0,False,False
.graphite,1,0.0,False,False
.rexsterextension,1,0.0,False,False
.binyan,1,0.0,False,False
.lemma,1,0.0,False,False
.sgml,1,0.0,False,False
.bedtofasta,1,0.0,False,False
.blastn_hgncrna,1,0.0,False,False
.extractblastnresults,1,0.0,False,False
.final_lncrna,1,0.0,False,False
.certdep,1,0.0,False,False
.stv,1,0.0,False,False
.elf32-musl-static,1,0.0,False,False
.cvc,1,0.0,False,False
.executable,1,0.0,False,False
.elf64statico2,1,0.0,False,False
.o32,1,0.0,False,False
.copythis,1,0.0,False,False
.moved,1,0.0,False,False
.lisp ,1,0.0,False,False
.lisp-old,1,0.0,False,False
.deflated,1,0.0,False,False
.xdb,1,0.0,False,False
.zi,1,0.0,False,False
.acl2x-source,1,0.0,False,False
.linkfilelist,1,0.0,False,False
.as3proj,1,0.0,False,False
.tbx,1,0.0,False,False
.mdproj,1,0.0,False,False
.dubase,1,0.0,False,False
.jsfdia,1,0.0,False,False
.database,1,0.0,False,False
.ubase,1,0.0,False,False
.poem-react-tests,1,0.0,False,False
.2f4cec7,1,0.0,False,False
.c589374,1,0.0,False,False
.e8763af,1,0.0,False,False
.mdj,1,0.0,False,False
.bnx,1,0.0,False,False
.xmap,1,0.0,False,False
.log~,1,0.0,False,False
.properties~,1,0.0,False,False
.3g,1,0.0,False,False
.mco,1,0.0,False,False
.filemap,1,0.0,False,False
.cpgz,1,0.0,False,False
.src_linux,1,0.0,False,False
.mason2,1,0.0,False,False
.git-id,1,0.0,False,False
.mrii,1,0.0,False,False
.mr_0,1,0.0,False,False
.mr_1,1,0.0,False,False
.mr_10,1,0.0,False,False
.mr_100,1,0.0,False,False
.mr_101,1,0.0,False,False
.mr_102,1,0.0,False,False
.mr_103,1,0.0,False,False
.mr_104,1,0.0,False,False
.mr_105,1,0.0,False,False
.mr_106,1,0.0,False,False
.mr_107,1,0.0,False,False
.mr_108,1,0.0,False,False
.mr_109,1,0.0,False,False
.mr_11,1,0.0,False,False
.mr_110,1,0.0,False,False
.mr_111,1,0.0,False,False
.mr_112,1,0.0,False,False
.mr_113,1,0.0,False,False
.mr_114,1,0.0,False,False
.mr_115,1,0.0,False,False
.mr_116,1,0.0,False,False
.mr_117,1,0.0,False,False
.mr_118,1,0.0,False,False
.mr_119,1,0.0,False,False
.mr_12,1,0.0,False,False
.mr_120,1,0.0,False,False
.mr_121,1,0.0,False,False
.mr_122,1,0.0,False,False
.mr_123,1,0.0,False,False
.mr_124,1,0.0,False,False
.mr_125,1,0.0,False,False
.mr_126,1,0.0,False,False
.mr_127,1,0.0,False,False
.mr_128,1,0.0,False,False
.mr_129,1,0.0,False,False
.mr_13,1,0.0,False,False
.mr_130,1,0.0,False,False
.mr_131,1,0.0,False,False
.mr_132,1,0.0,False,False
.mr_133,1,0.0,False,False
.mr_134,1,0.0,False,False
.mr_135,1,0.0,False,False
.mr_136,1,0.0,False,False
.mr_137,1,0.0,False,False
.mr_138,1,0.0,False,False
.mr_139,1,0.0,False,False
.mr_14,1,0.0,False,False
.mr_140,1,0.0,False,False
.mr_141,1,0.0,False,False
.mr_142,1,0.0,False,False
.mr_143,1,0.0,False,False
.mr_144,1,0.0,False,False
.mr_145,1,0.0,False,False
.mr_146,1,0.0,False,False
.mr_147,1,0.0,False,False
.mr_148,1,0.0,False,False
.mr_149,1,0.0,False,False
.mr_15,1,0.0,False,False
.mr_150,1,0.0,False,False
.mr_151,1,0.0,False,False
.mr_152,1,0.0,False,False
.mr_153,1,0.0,False,False
.mr_154,1,0.0,False,False
.mr_155,1,0.0,False,False
.mr_156,1,0.0,False,False
.mr_157,1,0.0,False,False
.mr_158,1,0.0,False,False
.mr_159,1,0.0,False,False
.mr_16,1,0.0,False,False
.mr_160,1,0.0,False,False
.mr_161,1,0.0,False,False
.mr_162,1,0.0,False,False
.mr_163,1,0.0,False,False
.mr_164,1,0.0,False,False
.mr_165,1,0.0,False,False
.mr_166,1,0.0,False,False
.mr_167,1,0.0,False,False
.mr_168,1,0.0,False,False
.mr_169,1,0.0,False,False
.mr_17,1,0.0,False,False
.mr_170,1,0.0,False,False
.mr_171,1,0.0,False,False
.mr_172,1,0.0,False,False
.mr_173,1,0.0,False,False
.mr_174,1,0.0,False,False
.mr_175,1,0.0,False,False
.mr_176,1,0.0,False,False
.mr_177,1,0.0,False,False
.mr_178,1,0.0,False,False
.mr_179,1,0.0,False,False
.mr_18,1,0.0,False,False
.mr_180,1,0.0,False,False
.mr_181,1,0.0,False,False
.mr_182,1,0.0,False,False
.mr_183,1,0.0,False,False
.mr_184,1,0.0,False,False
.mr_185,1,0.0,False,False
.mr_186,1,0.0,False,False
.mr_187,1,0.0,False,False
.mr_188,1,0.0,False,False
.mr_189,1,0.0,False,False
.mr_19,1,0.0,False,False
.mr_190,1,0.0,False,False
.mr_191,1,0.0,False,False
.mr_192,1,0.0,False,False
.mr_193,1,0.0,False,False
.mr_194,1,0.0,False,False
.mr_195,1,0.0,False,False
.mr_196,1,0.0,False,False
.mr_197,1,0.0,False,False
.mr_198,1,0.0,False,False
.mr_199,1,0.0,False,False
.mr_2,1,0.0,False,False
.mr_20,1,0.0,False,False
.mr_200,1,0.0,False,False
.mr_201,1,0.0,False,False
.mr_202,1,0.0,False,False
.mr_203,1,0.0,False,False
.mr_204,1,0.0,False,False
.mr_205,1,0.0,False,False
.mr_206,1,0.0,False,False
.mr_207,1,0.0,False,False
.mr_208,1,0.0,False,False
.mr_209,1,0.0,False,False
.mr_21,1,0.0,False,False
.mr_210,1,0.0,False,False
.mr_211,1,0.0,False,False
.mr_212,1,0.0,False,False
.mr_213,1,0.0,False,False
.mr_214,1,0.0,False,False
.mr_215,1,0.0,False,False
.mr_216,1,0.0,False,False
.mr_217,1,0.0,False,False
.mr_218,1,0.0,False,False
.mr_219,1,0.0,False,False
.mr_22,1,0.0,False,False
.mr_220,1,0.0,False,False
.mr_221,1,0.0,False,False
.mr_222,1,0.0,False,False
.mr_223,1,0.0,False,False
.mr_224,1,0.0,False,False
.mr_225,1,0.0,False,False
.mr_226,1,0.0,False,False
.mr_227,1,0.0,False,False
.mr_228,1,0.0,False,False
.mr_229,1,0.0,False,False
.mr_23,1,0.0,False,False
.mr_230,1,0.0,False,False
.mr_231,1,0.0,False,False
.mr_232,1,0.0,False,False
.mr_233,1,0.0,False,False
.mr_234,1,0.0,False,False
.mr_235,1,0.0,False,False
.mr_236,1,0.0,False,False
.mr_237,1,0.0,False,False
.mr_238,1,0.0,False,False
.mr_239,1,0.0,False,False
.mr_24,1,0.0,False,False
.mr_240,1,0.0,False,False
.mr_241,1,0.0,False,False
.mr_242,1,0.0,False,False
.mr_243,1,0.0,False,False
.mr_244,1,0.0,False,False
.mr_245,1,0.0,False,False
.mr_246,1,0.0,False,False
.mr_247,1,0.0,False,False
.mr_248,1,0.0,False,False
.mr_249,1,0.0,False,False
.mr_25,1,0.0,False,False
.mr_250,1,0.0,False,False
.mr_251,1,0.0,False,False
.mr_252,1,0.0,False,False
.mr_253,1,0.0,False,False
.mr_254,1,0.0,False,False
.mr_255,1,0.0,False,False
.mr_256,1,0.0,False,False
.mr_257,1,0.0,False,False
.mr_258,1,0.0,False,False
.mr_259,1,0.0,False,False
.mr_26,1,0.0,False,False
.mr_260,1,0.0,False,False
.mr_261,1,0.0,False,False
.mr_262,1,0.0,False,False
.mr_263,1,0.0,False,False
.mr_264,1,0.0,False,False
.mr_265,1,0.0,False,False
.mr_266,1,0.0,False,False
.mr_267,1,0.0,False,False
.mr_268,1,0.0,False,False
.mr_269,1,0.0,False,False
.mr_27,1,0.0,False,False
.mr_270,1,0.0,False,False
.mr_271,1,0.0,False,False
.mr_272,1,0.0,False,False
.mr_273,1,0.0,False,False
.mr_274,1,0.0,False,False
.mr_275,1,0.0,False,False
.mr_276,1,0.0,False,False
.mr_277,1,0.0,False,False
.mr_278,1,0.0,False,False
.mr_279,1,0.0,False,False
.mr_28,1,0.0,False,False
.mr_280,1,0.0,False,False
.mr_281,1,0.0,False,False
.mr_282,1,0.0,False,False
.mr_283,1,0.0,False,False
.mr_284,1,0.0,False,False
.mr_285,1,0.0,False,False
.mr_286,1,0.0,False,False
.mr_287,1,0.0,False,False
.mr_288,1,0.0,False,False
.mr_289,1,0.0,False,False
.mr_29,1,0.0,False,False
.mr_290,1,0.0,False,False
.mr_291,1,0.0,False,False
.mr_292,1,0.0,False,False
.mr_293,1,0.0,False,False
.mr_294,1,0.0,False,False
.mr_295,1,0.0,False,False
.mr_296,1,0.0,False,False
.mr_297,1,0.0,False,False
.mr_298,1,0.0,False,False
.mr_299,1,0.0,False,False
.mr_3,1,0.0,False,False
.mr_30,1,0.0,False,False
.mr_300,1,0.0,False,False
.mr_301,1,0.0,False,False
.mr_302,1,0.0,False,False
.mr_303,1,0.0,False,False
.mr_304,1,0.0,False,False
.mr_305,1,0.0,False,False
.mr_306,1,0.0,False,False
.mr_307,1,0.0,False,False
.mr_308,1,0.0,False,False
.mr_309,1,0.0,False,False
.mr_31,1,0.0,False,False
.mr_310,1,0.0,False,False
.mr_311,1,0.0,False,False
.mr_312,1,0.0,False,False
.mr_313,1,0.0,False,False
.mr_314,1,0.0,False,False
.mr_315,1,0.0,False,False
.mr_316,1,0.0,False,False
.mr_317,1,0.0,False,False
.mr_318,1,0.0,False,False
.mr_319,1,0.0,False,False
.mr_32,1,0.0,False,False
.mr_320,1,0.0,False,False
.mr_321,1,0.0,False,False
.mr_322,1,0.0,False,False
.mr_323,1,0.0,False,False
.mr_324,1,0.0,False,False
.mr_325,1,0.0,False,False
.mr_326,1,0.0,False,False
.mr_327,1,0.0,False,False
.mr_328,1,0.0,False,False
.mr_329,1,0.0,False,False
.mr_33,1,0.0,False,False
.mr_330,1,0.0,False,False
.mr_331,1,0.0,False,False
.mr_332,1,0.0,False,False
.mr_333,1,0.0,False,False
.mr_334,1,0.0,False,False
.mr_335,1,0.0,False,False
.mr_336,1,0.0,False,False
.mr_337,1,0.0,False,False
.mr_338,1,0.0,False,False
.mr_339,1,0.0,False,False
.mr_34,1,0.0,False,False
.mr_340,1,0.0,False,False
.mr_341,1,0.0,False,False
.mr_342,1,0.0,False,False
.mr_343,1,0.0,False,False
.mr_344,1,0.0,False,False
.mr_345,1,0.0,False,False
.mr_346,1,0.0,False,False
.mr_347,1,0.0,False,False
.mr_348,1,0.0,False,False
.mr_349,1,0.0,False,False
.mr_35,1,0.0,False,False
.mr_350,1,0.0,False,False
.mr_351,1,0.0,False,False
.mr_352,1,0.0,False,False
.mr_353,1,0.0,False,False
.mr_354,1,0.0,False,False
.mr_355,1,0.0,False,False
.mr_356,1,0.0,False,False
.mr_357,1,0.0,False,False
.mr_358,1,0.0,False,False
.mr_359,1,0.0,False,False
.mr_36,1,0.0,False,False
.mr_360,1,0.0,False,False
.mr_361,1,0.0,False,False
.mr_362,1,0.0,False,False
.mr_363,1,0.0,False,False
.mr_364,1,0.0,False,False
.mr_365,1,0.0,False,False
.mr_366,1,0.0,False,False
.mr_367,1,0.0,False,False
.mr_368,1,0.0,False,False
.mr_369,1,0.0,False,False
.mr_37,1,0.0,False,False
.mr_370,1,0.0,False,False
.mr_371,1,0.0,False,False
.mr_372,1,0.0,False,False
.mr_373,1,0.0,False,False
.mr_374,1,0.0,False,False
.mr_375,1,0.0,False,False
.mr_376,1,0.0,False,False
.mr_377,1,0.0,False,False
.mr_378,1,0.0,False,False
.mr_379,1,0.0,False,False
.mr_38,1,0.0,False,False
.mr_380,1,0.0,False,False
.mr_381,1,0.0,False,False
.mr_382,1,0.0,False,False
.mr_383,1,0.0,False,False
.mr_384,1,0.0,False,False
.mr_385,1,0.0,False,False
.mr_386,1,0.0,False,False
.mr_387,1,0.0,False,False
.mr_388,1,0.0,False,False
.mr_389,1,0.0,False,False
.mr_39,1,0.0,False,False
.mr_390,1,0.0,False,False
.mr_391,1,0.0,False,False
.mr_392,1,0.0,False,False
.mr_393,1,0.0,False,False
.mr_394,1,0.0,False,False
.mr_395,1,0.0,False,False
.mr_396,1,0.0,False,False
.mr_397,1,0.0,False,False
.mr_398,1,0.0,False,False
.mr_399,1,0.0,False,False
.mr_4,1,0.0,False,False
.mr_40,1,0.0,False,False
.mr_400,1,0.0,False,False
.mr_401,1,0.0,False,False
.mr_402,1,0.0,False,False
.mr_403,1,0.0,False,False
.mr_404,1,0.0,False,False
.mr_405,1,0.0,False,False
.mr_406,1,0.0,False,False
.mr_407,1,0.0,False,False
.mr_408,1,0.0,False,False
.mr_409,1,0.0,False,False
.mr_41,1,0.0,False,False
.mr_410,1,0.0,False,False
.mr_411,1,0.0,False,False
.mr_412,1,0.0,False,False
.mr_413,1,0.0,False,False
.mr_414,1,0.0,False,False
.mr_415,1,0.0,False,False
.mr_416,1,0.0,False,False
.mr_417,1,0.0,False,False
.mr_418,1,0.0,False,False
.mr_419,1,0.0,False,False
.mr_42,1,0.0,False,False
.mr_420,1,0.0,False,False
.mr_421,1,0.0,False,False
.mr_422,1,0.0,False,False
.mr_423,1,0.0,False,False
.mr_424,1,0.0,False,False
.mr_425,1,0.0,False,False
.mr_426,1,0.0,False,False
.mr_427,1,0.0,False,False
.mr_428,1,0.0,False,False
.mr_429,1,0.0,False,False
.mr_43,1,0.0,False,False
.mr_430,1,0.0,False,False
.mr_431,1,0.0,False,False
.mr_432,1,0.0,False,False
.mr_433,1,0.0,False,False
.mr_434,1,0.0,False,False
.mr_435,1,0.0,False,False
.mr_436,1,0.0,False,False
.mr_437,1,0.0,False,False
.mr_438,1,0.0,False,False
.mr_439,1,0.0,False,False
.mr_44,1,0.0,False,False
.mr_440,1,0.0,False,False
.mr_441,1,0.0,False,False
.mr_442,1,0.0,False,False
.mr_443,1,0.0,False,False
.mr_444,1,0.0,False,False
.mr_445,1,0.0,False,False
.mr_446,1,0.0,False,False
.mr_447,1,0.0,False,False
.mr_448,1,0.0,False,False
.mr_449,1,0.0,False,False
.mr_45,1,0.0,False,False
.mr_450,1,0.0,False,False
.mr_451,1,0.0,False,False
.mr_452,1,0.0,False,False
.mr_453,1,0.0,False,False
.mr_454,1,0.0,False,False
.mr_455,1,0.0,False,False
.mr_456,1,0.0,False,False
.mr_457,1,0.0,False,False
.mr_458,1,0.0,False,False
.mr_459,1,0.0,False,False
.mr_46,1,0.0,False,False
.mr_460,1,0.0,False,False
.mr_461,1,0.0,False,False
.mr_462,1,0.0,False,False
.mr_463,1,0.0,False,False
.mr_464,1,0.0,False,False
.mr_465,1,0.0,False,False
.mr_466,1,0.0,False,False
.mr_467,1,0.0,False,False
.mr_468,1,0.0,False,False
.mr_469,1,0.0,False,False
.mr_47,1,0.0,False,False
.mr_470,1,0.0,False,False
.mr_471,1,0.0,False,False
.mr_472,1,0.0,False,False
.mr_473,1,0.0,False,False
.mr_474,1,0.0,False,False
.mr_475,1,0.0,False,False
.mr_476,1,0.0,False,False
.mr_477,1,0.0,False,False
.mr_478,1,0.0,False,False
.mr_479,1,0.0,False,False
.mr_48,1,0.0,False,False
.mr_480,1,0.0,False,False
.mr_481,1,0.0,False,False
.mr_482,1,0.0,False,False
.mr_483,1,0.0,False,False
.mr_484,1,0.0,False,False
.mr_485,1,0.0,False,False
.mr_486,1,0.0,False,False
.mr_487,1,0.0,False,False
.mr_488,1,0.0,False,False
.mr_489,1,0.0,False,False
.mr_49,1,0.0,False,False
.mr_490,1,0.0,False,False
.mr_491,1,0.0,False,False
.mr_492,1,0.0,False,False
.mr_493,1,0.0,False,False
.mr_494,1,0.0,False,False
.mr_495,1,0.0,False,False
.mr_496,1,0.0,False,False
.mr_497,1,0.0,False,False
.mr_498,1,0.0,False,False
.mr_499,1,0.0,False,False
.mr_5,1,0.0,False,False
.mr_50,1,0.0,False,False
.mr_500,1,0.0,False,False
.mr_501,1,0.0,False,False
.mr_502,1,0.0,False,False
.mr_503,1,0.0,False,False
.mr_504,1,0.0,False,False
.mr_505,1,0.0,False,False
.mr_506,1,0.0,False,False
.mr_507,1,0.0,False,False
.mr_508,1,0.0,False,False
.mr_509,1,0.0,False,False
.mr_51,1,0.0,False,False
.mr_510,1,0.0,False,False
.mr_511,1,0.0,False,False
.mr_52,1,0.0,False,False
.mr_53,1,0.0,False,False
.mr_54,1,0.0,False,False
.mr_55,1,0.0,False,False
.mr_56,1,0.0,False,False
.mr_57,1,0.0,False,False
.mr_58,1,0.0,False,False
.mr_59,1,0.0,False,False
.mr_6,1,0.0,False,False
.mr_60,1,0.0,False,False
.mr_61,1,0.0,False,False
.mr_62,1,0.0,False,False
.mr_63,1,0.0,False,False
.mr_64,1,0.0,False,False
.mr_65,1,0.0,False,False
.mr_66,1,0.0,False,False
.mr_67,1,0.0,False,False
.mr_68,1,0.0,False,False
.mr_69,1,0.0,False,False
.mr_7,1,0.0,False,False
.mr_70,1,0.0,False,False
.mr_71,1,0.0,False,False
.mr_72,1,0.0,False,False
.mr_73,1,0.0,False,False
.mr_74,1,0.0,False,False
.mr_75,1,0.0,False,False
.mr_76,1,0.0,False,False
.mr_77,1,0.0,False,False
.mr_78,1,0.0,False,False
.mr_79,1,0.0,False,False
.mr_8,1,0.0,False,False
.mr_80,1,0.0,False,False
.mr_81,1,0.0,False,False
.mr_82,1,0.0,False,False
.mr_83,1,0.0,False,False
.mr_84,1,0.0,False,False
.mr_85,1,0.0,False,False
.mr_86,1,0.0,False,False
.mr_87,1,0.0,False,False
.mr_88,1,0.0,False,False
.mr_89,1,0.0,False,False
.mr_9,1,0.0,False,False
.mr_90,1,0.0,False,False
.mr_91,1,0.0,False,False
.mr_92,1,0.0,False,False
.mr_93,1,0.0,False,False
.mr_94,1,0.0,False,False
.mr_95,1,0.0,False,False
.mr_96,1,0.0,False,False
.mr_97,1,0.0,False,False
.mr_98,1,0.0,False,False
.mr_99,1,0.0,False,False
.mrii_0,1,0.0,False,False
.mrii_1,1,0.0,False,False
.mrii_10,1,0.0,False,False
.mrii_100,1,0.0,False,False
.mrii_101,1,0.0,False,False
.mrii_102,1,0.0,False,False
.mrii_103,1,0.0,False,False
.mrii_104,1,0.0,False,False
.mrii_105,1,0.0,False,False
.mrii_106,1,0.0,False,False
.mrii_107,1,0.0,False,False
.mrii_108,1,0.0,False,False
.mrii_109,1,0.0,False,False
.mrii_11,1,0.0,False,False
.mrii_110,1,0.0,False,False
.mrii_111,1,0.0,False,False
.mrii_112,1,0.0,False,False
.mrii_113,1,0.0,False,False
.mrii_114,1,0.0,False,False
.mrii_115,1,0.0,False,False
.mrii_116,1,0.0,False,False
.mrii_117,1,0.0,False,False
.mrii_118,1,0.0,False,False
.mrii_119,1,0.0,False,False
.mrii_12,1,0.0,False,False
.mrii_120,1,0.0,False,False
.mrii_121,1,0.0,False,False
.mrii_122,1,0.0,False,False
.mrii_123,1,0.0,False,False
.mrii_124,1,0.0,False,False
.mrii_125,1,0.0,False,False
.mrii_126,1,0.0,False,False
.mrii_127,1,0.0,False,False
.mrii_128,1,0.0,False,False
.mrii_129,1,0.0,False,False
.mrii_13,1,0.0,False,False
.mrii_130,1,0.0,False,False
.mrii_131,1,0.0,False,False
.mrii_132,1,0.0,False,False
.mrii_133,1,0.0,False,False
.mrii_134,1,0.0,False,False
.mrii_135,1,0.0,False,False
.mrii_136,1,0.0,False,False
.mrii_137,1,0.0,False,False
.mrii_138,1,0.0,False,False
.mrii_139,1,0.0,False,False
.mrii_14,1,0.0,False,False
.mrii_140,1,0.0,False,False
.mrii_141,1,0.0,False,False
.mrii_142,1,0.0,False,False
.mrii_143,1,0.0,False,False
.mrii_144,1,0.0,False,False
.mrii_145,1,0.0,False,False
.mrii_146,1,0.0,False,False
.mrii_147,1,0.0,False,False
.mrii_148,1,0.0,False,False
.mrii_149,1,0.0,False,False
.mrii_15,1,0.0,False,False
.mrii_150,1,0.0,False,False
.mrii_151,1,0.0,False,False
.mrii_152,1,0.0,False,False
.mrii_153,1,0.0,False,False
.mrii_154,1,0.0,False,False
.mrii_155,1,0.0,False,False
.mrii_156,1,0.0,False,False
.mrii_157,1,0.0,False,False
.mrii_158,1,0.0,False,False
.mrii_159,1,0.0,False,False
.mrii_16,1,0.0,False,False
.mrii_160,1,0.0,False,False
.mrii_161,1,0.0,False,False
.mrii_162,1,0.0,False,False
.mrii_163,1,0.0,False,False
.mrii_164,1,0.0,False,False
.mrii_165,1,0.0,False,False
.mrii_166,1,0.0,False,False
.mrii_167,1,0.0,False,False
.mrii_168,1,0.0,False,False
.mrii_169,1,0.0,False,False
.mrii_17,1,0.0,False,False
.mrii_170,1,0.0,False,False
.mrii_171,1,0.0,False,False
.mrii_172,1,0.0,False,False
.mrii_173,1,0.0,False,False
.mrii_174,1,0.0,False,False
.mrii_175,1,0.0,False,False
.mrii_176,1,0.0,False,False
.mrii_177,1,0.0,False,False
.mrii_178,1,0.0,False,False
.mrii_179,1,0.0,False,False
.mrii_18,1,0.0,False,False
.mrii_180,1,0.0,False,False
.mrii_181,1,0.0,False,False
.mrii_182,1,0.0,False,False
.mrii_183,1,0.0,False,False
.mrii_184,1,0.0,False,False
.mrii_185,1,0.0,False,False
.mrii_186,1,0.0,False,False
.mrii_187,1,0.0,False,False
.mrii_188,1,0.0,False,False
.mrii_189,1,0.0,False,False
.mrii_19,1,0.0,False,False
.mrii_190,1,0.0,False,False
.mrii_191,1,0.0,False,False
.mrii_192,1,0.0,False,False
.mrii_193,1,0.0,False,False
.mrii_194,1,0.0,False,False
.mrii_195,1,0.0,False,False
.mrii_196,1,0.0,False,False
.mrii_197,1,0.0,False,False
.mrii_198,1,0.0,False,False
.mrii_199,1,0.0,False,False
.mrii_2,1,0.0,False,False
.mrii_20,1,0.0,False,False
.mrii_200,1,0.0,False,False
.mrii_201,1,0.0,False,False
.mrii_202,1,0.0,False,False
.mrii_203,1,0.0,False,False
.mrii_204,1,0.0,False,False
.mrii_205,1,0.0,False,False
.mrii_206,1,0.0,False,False
.mrii_207,1,0.0,False,False
.mrii_208,1,0.0,False,False
.mrii_209,1,0.0,False,False
.mrii_21,1,0.0,False,False
.mrii_210,1,0.0,False,False
.mrii_211,1,0.0,False,False
.mrii_212,1,0.0,False,False
.mrii_213,1,0.0,False,False
.mrii_214,1,0.0,False,False
.mrii_215,1,0.0,False,False
.mrii_216,1,0.0,False,False
.mrii_217,1,0.0,False,False
.mrii_218,1,0.0,False,False
.mrii_219,1,0.0,False,False
.mrii_22,1,0.0,False,False
.mrii_220,1,0.0,False,False
.mrii_221,1,0.0,False,False
.mrii_222,1,0.0,False,False
.mrii_223,1,0.0,False,False
.mrii_224,1,0.0,False,False
.mrii_225,1,0.0,False,False
.mrii_226,1,0.0,False,False
.mrii_227,1,0.0,False,False
.mrii_228,1,0.0,False,False
.mrii_229,1,0.0,False,False
.mrii_23,1,0.0,False,False
.mrii_230,1,0.0,False,False
.mrii_231,1,0.0,False,False
.mrii_232,1,0.0,False,False
.mrii_233,1,0.0,False,False
.mrii_234,1,0.0,False,False
.mrii_235,1,0.0,False,False
.mrii_236,1,0.0,False,False
.mrii_237,1,0.0,False,False
.mrii_238,1,0.0,False,False
.mrii_239,1,0.0,False,False
.mrii_24,1,0.0,False,False
.mrii_240,1,0.0,False,False
.mrii_241,1,0.0,False,False
.mrii_242,1,0.0,False,False
.mrii_243,1,0.0,False,False
.mrii_244,1,0.0,False,False
.mrii_245,1,0.0,False,False
.mrii_246,1,0.0,False,False
.mrii_247,1,0.0,False,False
.mrii_248,1,0.0,False,False
.mrii_249,1,0.0,False,False
.mrii_25,1,0.0,False,False
.mrii_250,1,0.0,False,False
.mrii_251,1,0.0,False,False
.mrii_252,1,0.0,False,False
.mrii_253,1,0.0,False,False
.mrii_254,1,0.0,False,False
.mrii_255,1,0.0,False,False
.mrii_256,1,0.0,False,False
.mrii_257,1,0.0,False,False
.mrii_258,1,0.0,False,False
.mrii_259,1,0.0,False,False
.mrii_26,1,0.0,False,False
.mrii_260,1,0.0,False,False
.mrii_261,1,0.0,False,False
.mrii_262,1,0.0,False,False
.mrii_263,1,0.0,False,False
.mrii_264,1,0.0,False,False
.mrii_265,1,0.0,False,False
.mrii_266,1,0.0,False,False
.mrii_267,1,0.0,False,False
.mrii_268,1,0.0,False,False
.mrii_269,1,0.0,False,False
.mrii_27,1,0.0,False,False
.mrii_270,1,0.0,False,False
.mrii_271,1,0.0,False,False
.mrii_272,1,0.0,False,False
.mrii_273,1,0.0,False,False
.mrii_274,1,0.0,False,False
.mrii_275,1,0.0,False,False
.mrii_276,1,0.0,False,False
.mrii_277,1,0.0,False,False
.mrii_278,1,0.0,False,False
.mrii_279,1,0.0,False,False
.mrii_28,1,0.0,False,False
.mrii_280,1,0.0,False,False
.mrii_281,1,0.0,False,False
.mrii_282,1,0.0,False,False
.mrii_283,1,0.0,False,False
.mrii_284,1,0.0,False,False
.mrii_285,1,0.0,False,False
.mrii_286,1,0.0,False,False
.mrii_287,1,0.0,False,False
.mrii_288,1,0.0,False,False
.mrii_289,1,0.0,False,False
.mrii_29,1,0.0,False,False
.mrii_290,1,0.0,False,False
.mrii_291,1,0.0,False,False
.mrii_292,1,0.0,False,False
.mrii_293,1,0.0,False,False
.mrii_294,1,0.0,False,False
.mrii_295,1,0.0,False,False
.mrii_296,1,0.0,False,False
.mrii_297,1,0.0,False,False
.mrii_298,1,0.0,False,False
.mrii_299,1,0.0,False,False
.mrii_3,1,0.0,False,False
.mrii_30,1,0.0,False,False
.mrii_300,1,0.0,False,False
.mrii_301,1,0.0,False,False
.mrii_302,1,0.0,False,False
.mrii_303,1,0.0,False,False
.mrii_304,1,0.0,False,False
.mrii_305,1,0.0,False,False
.mrii_306,1,0.0,False,False
.mrii_307,1,0.0,False,False
.mrii_308,1,0.0,False,False
.mrii_309,1,0.0,False,False
.mrii_31,1,0.0,False,False
.mrii_310,1,0.0,False,False
.mrii_311,1,0.0,False,False
.mrii_312,1,0.0,False,False
.mrii_313,1,0.0,False,False
.mrii_314,1,0.0,False,False
.mrii_315,1,0.0,False,False
.mrii_316,1,0.0,False,False
.mrii_317,1,0.0,False,False
.mrii_318,1,0.0,False,False
.mrii_319,1,0.0,False,False
.mrii_32,1,0.0,False,False
.mrii_320,1,0.0,False,False
.mrii_321,1,0.0,False,False
.mrii_322,1,0.0,False,False
.mrii_323,1,0.0,False,False
.mrii_324,1,0.0,False,False
.mrii_325,1,0.0,False,False
.mrii_326,1,0.0,False,False
.mrii_327,1,0.0,False,False
.mrii_328,1,0.0,False,False
.mrii_329,1,0.0,False,False
.mrii_33,1,0.0,False,False
.mrii_330,1,0.0,False,False
.mrii_331,1,0.0,False,False
.mrii_332,1,0.0,False,False
.mrii_333,1,0.0,False,False
.mrii_334,1,0.0,False,False
.mrii_335,1,0.0,False,False
.mrii_336,1,0.0,False,False
.mrii_337,1,0.0,False,False
.mrii_338,1,0.0,False,False
.mrii_339,1,0.0,False,False
.mrii_34,1,0.0,False,False
.mrii_340,1,0.0,False,False
.mrii_341,1,0.0,False,False
.mrii_342,1,0.0,False,False
.mrii_343,1,0.0,False,False
.mrii_344,1,0.0,False,False
.mrii_345,1,0.0,False,False
.mrii_346,1,0.0,False,False
.mrii_347,1,0.0,False,False
.mrii_348,1,0.0,False,False
.mrii_349,1,0.0,False,False
.mrii_35,1,0.0,False,False
.mrii_350,1,0.0,False,False
.mrii_351,1,0.0,False,False
.mrii_352,1,0.0,False,False
.mrii_353,1,0.0,False,False
.mrii_354,1,0.0,False,False
.mrii_355,1,0.0,False,False
.mrii_356,1,0.0,False,False
.mrii_357,1,0.0,False,False
.mrii_358,1,0.0,False,False
.mrii_359,1,0.0,False,False
.mrii_36,1,0.0,False,False
.mrii_360,1,0.0,False,False
.mrii_361,1,0.0,False,False
.mrii_362,1,0.0,False,False
.mrii_363,1,0.0,False,False
.mrii_364,1,0.0,False,False
.mrii_365,1,0.0,False,False
.mrii_366,1,0.0,False,False
.mrii_367,1,0.0,False,False
.mrii_368,1,0.0,False,False
.mrii_369,1,0.0,False,False
.mrii_37,1,0.0,False,False
.mrii_370,1,0.0,False,False
.mrii_371,1,0.0,False,False
.mrii_372,1,0.0,False,False
.mrii_373,1,0.0,False,False
.mrii_374,1,0.0,False,False
.mrii_375,1,0.0,False,False
.mrii_376,1,0.0,False,False
.mrii_377,1,0.0,False,False
.mrii_378,1,0.0,False,False
.mrii_379,1,0.0,False,False
.mrii_38,1,0.0,False,False
.mrii_380,1,0.0,False,False
.mrii_381,1,0.0,False,False
.mrii_382,1,0.0,False,False
.mrii_383,1,0.0,False,False
.mrii_384,1,0.0,False,False
.mrii_385,1,0.0,False,False
.mrii_386,1,0.0,False,False
.mrii_387,1,0.0,False,False
.mrii_388,1,0.0,False,False
.mrii_389,1,0.0,False,False
.mrii_39,1,0.0,False,False
.mrii_390,1,0.0,False,False
.mrii_391,1,0.0,False,False
.mrii_392,1,0.0,False,False
.mrii_393,1,0.0,False,False
.mrii_394,1,0.0,False,False
.mrii_395,1,0.0,False,False
.mrii_396,1,0.0,False,False
.mrii_397,1,0.0,False,False
.mrii_398,1,0.0,False,False
.mrii_399,1,0.0,False,False
.mrii_4,1,0.0,False,False
.mrii_40,1,0.0,False,False
.mrii_400,1,0.0,False,False
.mrii_401,1,0.0,False,False
.mrii_402,1,0.0,False,False
.mrii_403,1,0.0,False,False
.mrii_404,1,0.0,False,False
.mrii_405,1,0.0,False,False
.mrii_406,1,0.0,False,False
.mrii_407,1,0.0,False,False
.mrii_408,1,0.0,False,False
.mrii_409,1,0.0,False,False
.mrii_41,1,0.0,False,False
.mrii_410,1,0.0,False,False
.mrii_411,1,0.0,False,False
.mrii_412,1,0.0,False,False
.mrii_413,1,0.0,False,False
.mrii_414,1,0.0,False,False
.mrii_415,1,0.0,False,False
.mrii_416,1,0.0,False,False
.mrii_417,1,0.0,False,False
.mrii_418,1,0.0,False,False
.mrii_419,1,0.0,False,False
.mrii_42,1,0.0,False,False
.mrii_420,1,0.0,False,False
.mrii_421,1,0.0,False,False
.mrii_422,1,0.0,False,False
.mrii_423,1,0.0,False,False
.mrii_424,1,0.0,False,False
.mrii_425,1,0.0,False,False
.mrii_426,1,0.0,False,False
.mrii_427,1,0.0,False,False
.mrii_428,1,0.0,False,False
.mrii_429,1,0.0,False,False
.mrii_43,1,0.0,False,False
.mrii_430,1,0.0,False,False
.mrii_431,1,0.0,False,False
.mrii_432,1,0.0,False,False
.mrii_433,1,0.0,False,False
.mrii_434,1,0.0,False,False
.mrii_435,1,0.0,False,False
.mrii_436,1,0.0,False,False
.mrii_437,1,0.0,False,False
.mrii_438,1,0.0,False,False
.mrii_439,1,0.0,False,False
.mrii_44,1,0.0,False,False
.mrii_440,1,0.0,False,False
.mrii_441,1,0.0,False,False
.mrii_442,1,0.0,False,False
.mrii_443,1,0.0,False,False
.mrii_444,1,0.0,False,False
.mrii_445,1,0.0,False,False
.mrii_446,1,0.0,False,False
.mrii_447,1,0.0,False,False
.mrii_448,1,0.0,False,False
.mrii_449,1,0.0,False,False
.mrii_45,1,0.0,False,False
.mrii_450,1,0.0,False,False
.mrii_451,1,0.0,False,False
.mrii_452,1,0.0,False,False
.mrii_453,1,0.0,False,False
.mrii_454,1,0.0,False,False
.mrii_455,1,0.0,False,False
.mrii_456,1,0.0,False,False
.mrii_457,1,0.0,False,False
.mrii_458,1,0.0,False,False
.mrii_459,1,0.0,False,False
.mrii_46,1,0.0,False,False
.mrii_460,1,0.0,False,False
.mrii_461,1,0.0,False,False
.mrii_462,1,0.0,False,False
.mrii_463,1,0.0,False,False
.mrii_464,1,0.0,False,False
.mrii_465,1,0.0,False,False
.mrii_466,1,0.0,False,False
.mrii_467,1,0.0,False,False
.mrii_468,1,0.0,False,False
.mrii_469,1,0.0,False,False
.mrii_47,1,0.0,False,False
.mrii_470,1,0.0,False,False
.mrii_471,1,0.0,False,False
.mrii_472,1,0.0,False,False
.mrii_473,1,0.0,False,False
.mrii_474,1,0.0,False,False
.mrii_475,1,0.0,False,False
.mrii_476,1,0.0,False,False
.mrii_477,1,0.0,False,False
.mrii_478,1,0.0,False,False
.mrii_479,1,0.0,False,False
.mrii_48,1,0.0,False,False
.mrii_480,1,0.0,False,False
.mrii_481,1,0.0,False,False
.mrii_482,1,0.0,False,False
.mrii_483,1,0.0,False,False
.mrii_484,1,0.0,False,False
.mrii_485,1,0.0,False,False
.mrii_486,1,0.0,False,False
.mrii_487,1,0.0,False,False
.mrii_488,1,0.0,False,False
.mrii_489,1,0.0,False,False
.mrii_49,1,0.0,False,False
.mrii_490,1,0.0,False,False
.mrii_491,1,0.0,False,False
.mrii_492,1,0.0,False,False
.mrii_493,1,0.0,False,False
.mrii_494,1,0.0,False,False
.mrii_495,1,0.0,False,False
.mrii_496,1,0.0,False,False
.mrii_497,1,0.0,False,False
.mrii_498,1,0.0,False,False
.mrii_499,1,0.0,False,False
.mrii_5,1,0.0,False,False
.mrii_50,1,0.0,False,False
.mrii_500,1,0.0,False,False
.mrii_501,1,0.0,False,False
.mrii_502,1,0.0,False,False
.mrii_503,1,0.0,False,False
.mrii_504,1,0.0,False,False
.mrii_505,1,0.0,False,False
.mrii_506,1,0.0,False,False
.mrii_507,1,0.0,False,False
.mrii_508,1,0.0,False,False
.mrii_509,1,0.0,False,False
.mrii_51,1,0.0,False,False
.mrii_510,1,0.0,False,False
.mrii_511,1,0.0,False,False
.mrii_52,1,0.0,False,False
.mrii_53,1,0.0,False,False
.mrii_54,1,0.0,False,False
.mrii_55,1,0.0,False,False
.mrii_56,1,0.0,False,False
.mrii_57,1,0.0,False,False
.mrii_58,1,0.0,False,False
.mrii_59,1,0.0,False,False
.mrii_6,1,0.0,False,False
.mrii_60,1,0.0,False,False
.mrii_61,1,0.0,False,False
.mrii_62,1,0.0,False,False
.mrii_63,1,0.0,False,False
.mrii_64,1,0.0,False,False
.mrii_65,1,0.0,False,False
.mrii_66,1,0.0,False,False
.mrii_67,1,0.0,False,False
.mrii_68,1,0.0,False,False
.mrii_69,1,0.0,False,False
.mrii_7,1,0.0,False,False
.mrii_70,1,0.0,False,False
.mrii_71,1,0.0,False,False
.mrii_72,1,0.0,False,False
.mrii_73,1,0.0,False,False
.mrii_74,1,0.0,False,False
.mrii_75,1,0.0,False,False
.mrii_76,1,0.0,False,False
.mrii_77,1,0.0,False,False
.mrii_78,1,0.0,False,False
.mrii_79,1,0.0,False,False
.mrii_8,1,0.0,False,False
.mrii_80,1,0.0,False,False
.mrii_81,1,0.0,False,False
.mrii_82,1,0.0,False,False
.mrii_83,1,0.0,False,False
.mrii_84,1,0.0,False,False
.mrii_85,1,0.0,False,False
.mrii_86,1,0.0,False,False
.mrii_87,1,0.0,False,False
.mrii_88,1,0.0,False,False
.mrii_89,1,0.0,False,False
.mrii_9,1,0.0,False,False
.mrii_90,1,0.0,False,False
.mrii_91,1,0.0,False,False
.mrii_92,1,0.0,False,False
.mrii_93,1,0.0,False,False
.mrii_94,1,0.0,False,False
.mrii_95,1,0.0,False,False
.mrii_96,1,0.0,False,False
.mrii_97,1,0.0,False,False
.mrii_98,1,0.0,False,False
.mrii_99,1,0.0,False,False
.gxw,1,0.0,False,False
.rei,1,0.0,False,False
.dat_higher_diff,1,0.0,False,False
.idm,1,0.0,False,False
.qfts,1,0.0,False,False
.jam,1,0.0,False,False
.scene,1,0.0,False,False
.mxe,1,0.0,False,False
.mxe64,1,0.0,False,False
.hiro,1,0.0,False,False
.kanji,1,0.0,False,False
.origversion,1,0.0,False,False
.episode,1,0.0,False,False
.31_i86darwin32,1,0.0,False,False
.31_i86darwin64,1,0.0,False,False
.31_macppc,1,0.0,False,False
.bip,1,0.0,False,False
.dinvitro,1,0.0,False,False
.shub,1,0.0,False,False
.other,1,0.0,False,False
.adbx,1,0.0,False,False
.out~,1,0.0,False,False
.auxil,1,0.0,False,False
.blas,1,0.0,False,False
.gesv,1,0.0,False,False
.matgen,1,0.0,False,False
.panel,1,0.0,False,False
.pauxil,1,0.0,False,False
.pfact,1,0.0,False,False
.pgesv,1,0.0,False,False
.pmatgen,1,0.0,False,False
.ptest,1,0.0,False,False
.ptimer,1,0.0,False,False
.prev,1,0.0,False,False
.centromeres,1,0.0,False,False
.gap,1,0.0,False,False
.matk,1,0.0,False,False
.cst,1,0.0,False,False
.partcw,1,0.0,False,False
.partcx,1,0.0,False,False
.partcy,1,0.0,False,False
.partcz,1,0.0,False,False
.partda,1,0.0,False,False
.partdb,1,0.0,False,False
.partdc,1,0.0,False,False
.partdd,1,0.0,False,False
.partde,1,0.0,False,False
.partdf,1,0.0,False,False
.partdg,1,0.0,False,False
.partdh,1,0.0,False,False
.partdi,1,0.0,False,False
.partdj,1,0.0,False,False
.partdk,1,0.0,False,False
.partdl,1,0.0,False,False
.partdm,1,0.0,False,False
.partdn,1,0.0,False,False
.partdo,1,0.0,False,False
.partdp,1,0.0,False,False
.partdq,1,0.0,False,False
.partdr,1,0.0,False,False
.partds,1,0.0,False,False
.partdt,1,0.0,False,False
.partdu,1,0.0,False,False
.partdv,1,0.0,False,False
.mobileconfig,1,0.0,False,False
.ios,1,0.0,False,False
.snapshot,1,0.0,False,False
.mtl23,1,0.0,False,False
.libs,1,0.0,False,False
.aga,1,0.0,False,False
.cpp#,1,0.0,False,False
.r-index,1,0.0,False,False
.vimrc,1,0.0,False,False
.sample_combined_22inds_4seqs,1,0.0,False,False
.moses,1,0.0,False,False
.shadersubgraph,1,0.0,False,False
.inputactions,1,0.0,False,False
.spriteatlas,1,0.0,False,False
.dsn,1,0.0,False,False
.rou,1,0.0,False,False
.idraw,1,0.0,False,False
.adeextension,1,0.0,False,False
.xjb,1,0.0,False,False
.adecontext,1,0.0,False,False
.tapplan,1,0.0,False,False
.kmers,1,0.0,False,False
.a64,1,0.0,False,False
.ginfo,1,0.0,False,False
.cc-bootloader,1,0.0,False,False
.immesniff,1,0.0,False,False
.msfrelay,1,0.0,False,False
.passphrase,1,0.0,False,False
.rad,1,0.0,False,False
.czi,1,0.0,False,False
.f#,1,0.0,False,False
.lines,1,0.0,False,False
.poy,1,0.0,False,False
.mltop,1,0.0,False,False
.ping,1,0.0,False,False
.sanger,1,0.0,False,False
.uedin-wmt16-full,1,0.0,False,False
.uedin-wmt16-parallel-single,1,0.0,False,False
.uedin-wmt16-single,1,0.0,False,False
.uedin-wmt17-full,1,0.0,False,False
.uedin-wmt17-single,1,0.0,False,False
.detok,1,0.0,False,False
.fakesconfig,1,0.0,False,False
.bkup12mar19,1,0.0,False,False
.galex,1,0.0,False,False
.unwise,1,0.0,False,False
.incase,1,0.0,False,False
.marker,1,0.0,False,False
.installation,1,0.0,False,False
.variables,1,0.0,False,False
.0-genesis,1,0.0,False,False
.svs,1,0.0,False,False
.eventdumpparser,1,0.0,False,False
.ctz,1,0.0,False,False
.hsf,1,0.0,False,False
.javasource,1,0.0,False,False
.modular,1,0.0,False,False
.update,1,0.0,False,False
.fuck,1,0.0,False,False
.data~,1,0.0,False,False
.address,1,0.0,False,False
.le35,1,0.0,False,False
.le55,1,0.0,False,False
.le75,1,0.0,False,False
.bld,1,0.0,False,False
.jsbox0,1,0.0,False,False
.jsbox1,1,0.0,False,False
.jsbox2,1,0.0,False,False
.jsconn,1,0.0,False,False
.todraw,1,0.0,False,False
.ncrunchsolution,1,0.0,False,False
.public,1,0.0,False,False
.clamd,1,0.0,False,False
.rabbitmq,1,0.0,False,False
.scpt,1,0.0,False,False
.vgm,1,0.0,False,False
.sqlite-journal,1,0.0,False,False
.alprofile,1,0.0,False,False
.pvs,1,0.0,False,False
.wxg,1,0.0,False,False
.xplt,1,0.0,False,False
.sid,1,0.0,False,False
.r2017a,1,0.0,False,False
.dec_alpha,1,0.0,False,False
.sp2_babbage,1,0.0,False,False
.sun_ultra_sparc,1,0.0,False,False
.ep,1,0.0,False,False
.lu,1,0.0,False,False
.aiohttp,1,0.0,False,False
.autobahn,1,0.0,False,False
.unknown_mime_type,1,0.0,False,False
.zero_bytes,1,0.0,False,False
.coderprj,1,0.0,False,False
.vot,1,0.0,False,False
.bgm,1,0.0,False,False
.emscripten,1,0.0,False,False
.coq,1,0.0,False,False
.z00,1,0.0,False,False
.pov,1,0.0,False,False
.cpicle,1,0.0,False,False
.localmode,1,0.0,False,False
.embeddedapplauncher,1,0.0,False,False
.yarnapplauncher,1,0.0,False,False
.securityinfo,1,0.0,False,False
.tokenidentifier,1,0.0,False,False
.dagexecutionplugin,1,0.0,False,False
.keytab,1,0.0,False,False
.9_cx,1,0.0,False,False
.molden,1,0.0,False,False
.ccxml,1,0.0,False,False
.exregion,1,0.0,False,False
.example-php,1,0.0,False,False
.3gp,1,0.0,False,False
.myjson,1,0.0,False,False
.mydata,1,0.0,False,False
.mydata2,1,0.0,False,False
.myhtml,1,0.0,False,False
.phps,1,0.0,False,False
.exelem,1,0.0,False,False
.exnode,1,0.0,False,False
.refer,1,0.0,False,False
.recover,1,0.0,False,False
.reorder,1,0.0,False,False
.words,1,0.0,False,False
.features~,1,0.0,False,False
.incflo,1,0.0,False,False
.channel_cylinder,1,0.0,False,False
.eb_flow_sphere,1,0.0,False,False
.inviscid_rotated_planes_x,1,0.0,False,False
.rotated_planes_x,1,0.0,False,False
.rotated_planes_y,1,0.0,False,False
.vortex_in_sphere,1,0.0,False,False
.channel_cylinder-x,1,0.0,False,False
.channel_cylinder-xx,1,0.0,False,False
.channel_cylinder-y,1,0.0,False,False
.channel_cylinder-yy,1,0.0,False,False
.channel_cylinder-z,1,0.0,False,False
.channel_cylinder-zz,1,0.0,False,False
.channel_spherecube,1,0.0,False,False
.couette_poiseuille,1,0.0,False,False
.double_shear_restart,1,0.0,False,False
.eb_flow_const_velz,1,0.0,False,False
.eb_flow_density,1,0.0,False,False
.poiseuille_halfplane_newtonian,1,0.0,False,False
.slanted_cylinder,1,0.0,False,False
.tuscan,1,0.0,False,False
.upipe,1,0.0,False,False
.csg,1,0.0,False,False
.couette_cylinder,1,0.0,False,False
.couette_twocylinders,1,0.0,False,False
.poiseuille_annulus,1,0.0,False,False
.rotating_cylinder,1,0.0,False,False
.taylor_couette,1,0.0,False,False
.test_csg,1,0.0,False,False
.inviscid_rotated_cylinder_x,1,0.0,False,False
.inviscid_rotated_cylinder_y,1,0.0,False,False
.inviscid_rotated_cylinder_z,1,0.0,False,False
.periodic_box_x,1,0.0,False,False
.periodic_box_y,1,0.0,False,False
.periodic_box_z,1,0.0,False,False
.circ_traceradect_bds,1,0.0,False,False
.double_shear_layer_x,1,0.0,False,False
.double_shear_layer_y,1,0.0,False,False
.double_shear_layer_z,1,0.0,False,False
.poiseuille_halfplane_newtonian_x,1,0.0,False,False
.poiseuille_halfplane_newtonian_y,1,0.0,False,False
.poiseuille_halfplane_newtonian_z,1,0.0,False,False
.poiseuille_plane_newtonian_x,1,0.0,False,False
.poiseuille_plane_newtonian_y,1,0.0,False,False
.poiseuille_plane_newtonian_z,1,0.0,False,False
.slip_wall_test_x,1,0.0,False,False
.shap,1,0.0,False,False
.dpd,1,0.0,False,False
.xml_correct,1,0.0,False,False
.xml_orig,1,0.0,False,False
.ltp,1,0.0,False,False
.luacov,1,0.0,False,False
.neg,1,0.0,False,False
.aktualizr,1,0.0,False,False
.focal,1,0.0,False,False
.sgd,1,0.0,False,False
.2016,1,0.0,False,False
.cdt,1,0.0,False,False
.gtr,1,0.0,False,False
.gold_std,1,0.0,False,False
.quy,1,0.0,False,False
.mld,1,0.0,False,False
.sublime-syntax,1,0.0,False,False
.metagenemark,1,0.0,False,False
.drace,1,0.0,False,False
.altitude,1,0.0,False,False
.gps,1,0.0,False,False
.atom,1,0.0,False,False
.stri,1,0.0,False,False
.acc,1,0.0,False,False
.ars,1,0.0,False,False
.ath,1,0.0,False,False
.fsm,1,0.0,False,False
.sth,1,0.0,False,False
.tfs,1,0.0,False,False
.j2c,1,0.0,False,False
.swm,1,0.0,False,False
.imagereaderspi,1,0.0,False,False
.gqt,1,0.0,False,False
.vid,1,0.0,False,False
.indels,1,0.0,False,False
.qualities,1,0.0,False,False
.sitefrequency,1,0.0,False,False
.sitepositions,1,0.0,False,False
.incl,1,0.0,False,False
.extract-native-dependencies,1,0.0,False,False
.repos,1,0.0,False,False
.delim,1,0.0,False,False
.txt_pos,1,0.0,False,False
.pcaproject,1,0.0,False,False
.b##,1,0.0,False,False
.l#5,1,0.0,False,False
.l#6,1,0.0,False,False
.l#7,1,0.0,False,False
.l#8,1,0.0,False,False
.l#9,1,0.0,False,False
.wsdt,1,0.0,False,False
.lineage,1,0.0,False,False
.mode1v3,1,0.0,False,False
.w6yv7k,1,0.0,False,False
.emp,1,0.0,False,False
.getsatstudy,1,0.0,False,False
.readgeom,1,0.0,False,False
.readtree,1,0.0,False,False
.useraysolver,1,0.0,False,False
.conversions,1,0.0,False,False
.processed,1,0.0,False,False
.blei,1,0.0,False,False
.low,1,0.0,False,False
.mallet,1,0.0,False,False
.svmlight,1,0.0,False,False
.uci,1,0.0,False,False
.wcm,1,0.0,False,False
.myd,1,0.0,False,False
.myi,1,0.0,False,False
.potx,1,0.0,False,False
.pps,1,0.0,False,False
.sfx,1,0.0,False,False
.vft,1,0.0,False,False
.vfx,1,0.0,False,False
.wmv,1,0.0,False,False
.xlt,1,0.0,False,False
.xltx,1,0.0,False,False
.vti,1,0.0,False,False
.visit,1,0.0,False,False
.edg,1,0.0,False,False
.runs,1,0.0,False,False
.gfortran,1,0.0,False,False
.gfortran_macos,1,0.0,False,False
.gfortran_mkl_mpi_debug_macos,1,0.0,False,False
.gfortran_mkl_mpi_macos,1,0.0,False,False
.gfortran_mkl_serial_macos,1,0.0,False,False
.gfortran_debug,1,0.0,False,False
.gfortran_debug_macos,1,0.0,False,False
.gfortran_mkl_mpi,1,0.0,False,False
.gfortran_mkl_serial,1,0.0,False,False
.gfortran_mpi,1,0.0,False,False
.gfortran_mpi_debug,1,0.0,False,False
.gfortran_openblas_mpi,1,0.0,False,False
.gfortran_openblas_serial,1,0.0,False,False
.gfortran_serial,1,0.0,False,False
.gfortran_serial_macos,1,0.0,False,False
.ifort_intelmpi,1,0.0,False,False
.ifort_mpi,1,0.0,False,False
.ifort_serial,1,0.0,False,False
.jscad,1,0.0,False,False
.xspt,1,0.0,False,False
.moog,1,0.0,False,False
.mlf,1,0.0,False,False
.mrf,1,0.0,False,False
.mes,1,0.0,False,False
.s4p,1,0.0,False,False
.aucdl,1,0.0,False,False
.json-tripled,1,0.0,False,False
.python,1,0.0,False,False
.native,1,0.0,False,False
.native16,1,0.0,False,False
.convert,1,0.0,False,False
.from-source,1,0.0,False,False
.cpp_nomt,1,0.0,False,False
.h_bk,1,0.0,False,False
.lpsolve,1,0.0,False,False
.superlu,1,0.0,False,False
.lef_gold,1,0.0,False,False
.gds_gold,1,0.0,False,False
.clean,1,0.0,False,False
.njs,1,0.0,False,False
.ndjson,1,0.0,True,False
.crazy_ext,1,0.0,False,False
.chg,1,0.0,False,False
.parm,1,0.0,False,False
.nastruct,1,0.0,False,False
.r3d,1,0.0,False,False
.fbl,1,0.0,False,False
.upload,1,0.0,False,False
.cb_dist,1,0.0,False,False
.comap,1,0.0,False,False
.mfdca,1,0.0,False,False
.plmdca,1,0.0,False,False
.psicov,1,0.0,False,False
.numpy_bin,1,0.0,False,False
.fxg,1,0.0,False,False
.analyse_genomes,1,0.0,False,False
.galaxykickstart-base,1,0.0,False,False
.krz,1,0.0,False,False
.svm,1,0.0,False,False
.howto_script,1,0.0,False,False
.howto_transform,1,0.0,False,False
.apache2,1,0.0,False,False
.overrides,1,0.0,False,False
.templates,1,0.0,False,False
.fieldtrip,1,0.0,False,False
.gifti,1,0.0,False,False
.xmltree,1,0.0,False,False
.dyr,1,0.0,False,False
.iex,1,0.0,False,False
.l2p,1,0.0,False,False
.lnp,1,0.0,False,False
.connect,1,0.0,False,False
.nbar,1,0.0,False,False
.lie,1,0.0,False,False
.rac,1,0.0,False,False
.rsml,1,0.0,False,False
.grep,1,0.0,False,False
.dependencies,1,0.0,False,False
.admin,1,0.0,False,False
.author,1,0.0,False,False
.granted,1,0.0,False,False
.granted_token,1,0.0,False,False
.rejected,1,0.0,False,False
.com-non_engines,1,0.0,False,False
.openaire4,1,0.0,False,False
.axgr,1,0.0,False,False
.axgx,1,0.0,False,False
.ppc64le,1,0.0,False,False
.payload,1,0.0,False,False
.ls,1,0.0,False,False
.omp,1,0.0,False,False
.alpine,1,0.0,False,False
.heroku,1,0.0,False,False
.mrb-linux-amd64,1,0.0,False,False
.universal,1,0.0,False,False
.nobody,1,0.0,False,False
.chrlengths,1,0.0,False,False
.grammar,1,0.0,False,False
.alljobs,1,0.0,False,False
.len,1,0.0,False,False
.emm,1,0.0,False,False
.ed,1,0.0,False,False
.xrdf,1,0.0,False,False
.fsp,1,0.0,False,False
.pauli,1,0.0,False,False
.php8,1,0.0,False,False
.score,1,0.0,False,False
.pickle_n_si_all,1,0.0,False,False
.metadix,1,0.0,False,False
.yml__,1,0.0,False,False
.linearindex,1,0.0,False,False
.numer,1,0.0,False,False
.log-20100502,1,0.0,False,False
.jenasubsystemlifecycle,1,0.0,False,False
.rap,1,0.0,False,False
.pdos_atm#1(mg)_wfc#1(s),1,0.0,False,False
.pdos_atm#1(mg)_wfc#2(p),1,0.0,False,False
.pdos_atm#2(o)_wfc#1(s),1,0.0,False,False
.pdos_atm#2(o)_wfc#2(p),1,0.0,False,False
.pdos_tot,1,0.0,False,False
.drill,1,0.0,False,False
.freebsd,1,0.0,False,False
.netbsd,1,0.0,False,False
.openbsd,1,0.0,False,False
.1544742160,1,0.0,False,False
.1544742175,1,0.0,False,False
.1544742167,1,0.0,False,False
.1544742164,1,0.0,False,False
.1544742154,1,0.0,False,False
.1552581952,1,0.0,False,False
.1552582328,1,0.0,False,False
.1552582354,1,0.0,False,False
.1552582365,1,0.0,False,False
.1552582374,1,0.0,False,False
.1552582383,1,0.0,False,False
.1552582391,1,0.0,False,False
.1552582400,1,0.0,False,False
.1552582411,1,0.0,False,False
.1544742148,1,0.0,False,False
.1544742145,1,0.0,False,False
.1544742150,1,0.0,False,False
.1544744404,1,0.0,False,False
.1544742180,1,0.0,False,False
.1544742186,1,0.0,False,False
.1544742183,1,0.0,False,False
.1544742185,1,0.0,False,False
.1544742188,1,0.0,False,False
.1544742190,1,0.0,False,False
.qos,1,0.0,False,False
.mkfg,1,0.0,False,False
.tz,1,0.0,False,False
.lambda,1,0.0,False,False
.vol2bird,1,0.0,False,False
.vol2bird-mistnet,1,0.0,False,False
.machine,1,0.0,False,False
.depends,1,0.0,False,False
.20130329,1,0.0,False,False
.drv,1,0.0,False,False
.dtx,1,0.0,False,False
.m4~,1,0.0,False,False
.binutils,1,0.0,False,False
.variants,1,0.0,False,False
.js_,1,0.0,False,False
.checkpoint,1,0.0,False,False
.vssbe,1,0.0,False,False
.att,1,0.0,False,False
.ttc,1,0.0,False,False
.bac,1,0.0,False,False
.markers,1,0.0,False,False
.symvers,1,0.0,False,False
.bestmodel,1,0.0,False,False
.besttree,1,0.0,False,False
.vpi,1,0.0,False,False
.sfk,1,0.0,False,False
.pmd,1,0.0,False,False
.b64,1,0.0,False,False
.qp,1,0.0,False,False
.amiga,1,0.0,False,False
.b32,1,0.0,False,False
.m32,1,0.0,False,False
.netware,1,0.0,False,False
.vxworks,1,0.0,False,False
.watcom,1,0.0,False,False
.aes128,1,0.0,False,False
.aes192,1,0.0,False,False
.aes256,1,0.0,False,False
.psk,1,0.0,False,False
.pubkey,1,0.0,False,False
.cert_type,1,0.0,False,False
.key_usage,1,0.0,False,False
.ku-ct,1,0.0,False,False
.md4,1,0.0,False,False
.bcc32,1,0.0,False,False
.msvc,1,0.0,False,False
.filt_list,1,0.0,False,False
.nsconfig,1,0.0,False,False
.7cei,1,0.0,False,False
.1yjo,1,0.0,False,False
.end,1,0.0,False,False
.fis,1,0.0,False,False
.merge,1,0.0,False,False
.paaa2,1,0.0,False,False
.gamma-gomodelmicellesimulation,1,0.0,False,False
.data-gomodelmembranesimulation,1,0.0,False,False
.data-gomodelmicellesimulation,1,0.0,False,False
.data_membranedimerprediction,1,0.0,False,False
.dat_membranedimerprediction,1,0.0,False,False
.debugforces,1,0.0,False,False
.parallel,1,0.0,False,False
.paralleldebug,1,0.0,False,False
.rcc,1,0.0,False,False
.serialdebug,1,0.0,False,False
.h4_traj,1,0.0,False,False
.ld_and_p,1,0.0,False,False
.tmat,1,0.0,False,False
.pnt,1,0.0,False,False
.e321227,1,0.0,False,False
.e321228,1,0.0,False,False
.e321229,1,0.0,False,False
.e321230,1,0.0,False,False
.e321231,1,0.0,False,False
.e321232,1,0.0,False,False
.e321233,1,0.0,False,False
.e321234,1,0.0,False,False
.e321235,1,0.0,False,False
.e321236,1,0.0,False,False
.e323962,1,0.0,False,False
.e323963,1,0.0,False,False
.e323964,1,0.0,False,False
.e323965,1,0.0,False,False
.e323966,1,0.0,False,False
.e323967,1,0.0,False,False
.e323968,1,0.0,False,False
.e323969,1,0.0,False,False
.e323970,1,0.0,False,False
.e323971,1,0.0,False,False
.o321227,1,0.0,False,False
.o321228,1,0.0,False,False
.o321229,1,0.0,False,False
.o321230,1,0.0,False,False
.o321231,1,0.0,False,False
.o321232,1,0.0,False,False
.o321233,1,0.0,False,False
.o321234,1,0.0,False,False
.o321235,1,0.0,False,False
.o321236,1,0.0,False,False
.o323962,1,0.0,False,False
.o323963,1,0.0,False,False
.o323964,1,0.0,False,False
.o323965,1,0.0,False,False
.o323966,1,0.0,False,False
.o323967,1,0.0,False,False
.o323968,1,0.0,False,False
.o323969,1,0.0,False,False
.o323970,1,0.0,False,False
.o323971,1,0.0,False,False
.e321271,1,0.0,False,False
.e321272,1,0.0,False,False
.e321273,1,0.0,False,False
.e321274,1,0.0,False,False
.e321275,1,0.0,False,False
.e321276,1,0.0,False,False
.e321277,1,0.0,False,False
.e321278,1,0.0,False,False
.e321279,1,0.0,False,False
.e321280,1,0.0,False,False
.e326140,1,0.0,False,False
.e326141,1,0.0,False,False
.e326142,1,0.0,False,False
.e326143,1,0.0,False,False
.e326144,1,0.0,False,False
.e326145,1,0.0,False,False
.e326146,1,0.0,False,False
.e326147,1,0.0,False,False
.e326148,1,0.0,False,False
.e326149,1,0.0,False,False
.o321271,1,0.0,False,False
.o321272,1,0.0,False,False
.o321273,1,0.0,False,False
.o321274,1,0.0,False,False
.o321275,1,0.0,False,False
.o321276,1,0.0,False,False
.o321277,1,0.0,False,False
.o321278,1,0.0,False,False
.o321279,1,0.0,False,False
.o321280,1,0.0,False,False
.o326140,1,0.0,False,False
.o326141,1,0.0,False,False
.o326142,1,0.0,False,False
.o326143,1,0.0,False,False
.o326144,1,0.0,False,False
.o326145,1,0.0,False,False
.o326146,1,0.0,False,False
.o326147,1,0.0,False,False
.o326148,1,0.0,False,False
.o326149,1,0.0,False,False
.e321328,1,0.0,False,False
.e321329,1,0.0,False,False
.e321330,1,0.0,False,False
.e321331,1,0.0,False,False
.e321332,1,0.0,False,False
.e321333,1,0.0,False,False
.e321334,1,0.0,False,False
.e321335,1,0.0,False,False
.e321336,1,0.0,False,False
.e321337,1,0.0,False,False
.e325185,1,0.0,False,False
.e325186,1,0.0,False,False
.e325187,1,0.0,False,False
.e325188,1,0.0,False,False
.e325189,1,0.0,False,False
.e325190,1,0.0,False,False
.e325201,1,0.0,False,False
.e325212,1,0.0,False,False
.e325227,1,0.0,False,False
.e325229,1,0.0,False,False
.o321328,1,0.0,False,False
.o321329,1,0.0,False,False
.o321330,1,0.0,False,False
.o321331,1,0.0,False,False
.o321332,1,0.0,False,False
.o321333,1,0.0,False,False
.o321334,1,0.0,False,False
.o321335,1,0.0,False,False
.o321336,1,0.0,False,False
.o321337,1,0.0,False,False
.o325185,1,0.0,False,False
.o325186,1,0.0,False,False
.o325187,1,0.0,False,False
.o325188,1,0.0,False,False
.o325189,1,0.0,False,False
.o325190,1,0.0,False,False
.o325201,1,0.0,False,False
.o325212,1,0.0,False,False
.o325227,1,0.0,False,False
.o325229,1,0.0,False,False
.e322974,1,0.0,False,False
.e322975,1,0.0,False,False
.e322976,1,0.0,False,False
.e322977,1,0.0,False,False
.e322978,1,0.0,False,False
.e322979,1,0.0,False,False
.e322980,1,0.0,False,False
.e322981,1,0.0,False,False
.e322982,1,0.0,False,False
.e322983,1,0.0,False,False
.e322984,1,0.0,False,False
.e322985,1,0.0,False,False
.e322986,1,0.0,False,False
.e322987,1,0.0,False,False
.e322988,1,0.0,False,False
.e322989,1,0.0,False,False
.e322990,1,0.0,False,False
.e322991,1,0.0,False,False
.e322992,1,0.0,False,False
.e322993,1,0.0,False,False
.o322974,1,0.0,False,False
.o322975,1,0.0,False,False
.o322976,1,0.0,False,False
.o322977,1,0.0,False,False
.o322978,1,0.0,False,False
.o322979,1,0.0,False,False
.o322980,1,0.0,False,False
.o322981,1,0.0,False,False
.o322982,1,0.0,False,False
.o322983,1,0.0,False,False
.o322984,1,0.0,False,False
.o322985,1,0.0,False,False
.o322986,1,0.0,False,False
.o322987,1,0.0,False,False
.o322988,1,0.0,False,False
.o322989,1,0.0,False,False
.o322990,1,0.0,False,False
.o322991,1,0.0,False,False
.o322992,1,0.0,False,False
.o322993,1,0.0,False,False
.e322954,1,0.0,False,False
.e322955,1,0.0,False,False
.e322956,1,0.0,False,False
.e322957,1,0.0,False,False
.e322958,1,0.0,False,False
.e322959,1,0.0,False,False
.e322960,1,0.0,False,False
.e322961,1,0.0,False,False
.e322962,1,0.0,False,False
.e322963,1,0.0,False,False
.e322964,1,0.0,False,False
.e322965,1,0.0,False,False
.e322966,1,0.0,False,False
.e322967,1,0.0,False,False
.e322968,1,0.0,False,False
.e322969,1,0.0,False,False
.e322970,1,0.0,False,False
.e322971,1,0.0,False,False
.e322972,1,0.0,False,False
.e322973,1,0.0,False,False
.o322954,1,0.0,False,False
.o322955,1,0.0,False,False
.o322956,1,0.0,False,False
.o322957,1,0.0,False,False
.o322958,1,0.0,False,False
.o322959,1,0.0,False,False
.o322960,1,0.0,False,False
.o322961,1,0.0,False,False
.o322962,1,0.0,False,False
.o322963,1,0.0,False,False
.o322964,1,0.0,False,False
.o322965,1,0.0,False,False
.o322966,1,0.0,False,False
.o322967,1,0.0,False,False
.o322968,1,0.0,False,False
.o322969,1,0.0,False,False
.o322970,1,0.0,False,False
.o322971,1,0.0,False,False
.o322972,1,0.0,False,False
.o322973,1,0.0,False,False
.e322934,1,0.0,False,False
.e322935,1,0.0,False,False
.e322936,1,0.0,False,False
.e322937,1,0.0,False,False
.e322938,1,0.0,False,False
.e322939,1,0.0,False,False
.e322940,1,0.0,False,False
.e322941,1,0.0,False,False
.e322942,1,0.0,False,False
.e322943,1,0.0,False,False
.e322944,1,0.0,False,False
.e322945,1,0.0,False,False
.e322946,1,0.0,False,False
.e322947,1,0.0,False,False
.e322948,1,0.0,False,False
.e322949,1,0.0,False,False
.e322950,1,0.0,False,False
.e322951,1,0.0,False,False
.e322952,1,0.0,False,False
.e322953,1,0.0,False,False
.o322934,1,0.0,False,False
.o322935,1,0.0,False,False
.o322936,1,0.0,False,False
.o322937,1,0.0,False,False
.o322938,1,0.0,False,False
.o322939,1,0.0,False,False
.o322940,1,0.0,False,False
.o322941,1,0.0,False,False
.o322942,1,0.0,False,False
.o322943,1,0.0,False,False
.o322944,1,0.0,False,False
.o322945,1,0.0,False,False
.o322946,1,0.0,False,False
.o322947,1,0.0,False,False
.o322948,1,0.0,False,False
.o322949,1,0.0,False,False
.o322950,1,0.0,False,False
.o322951,1,0.0,False,False
.o322952,1,0.0,False,False
.o322953,1,0.0,False,False
.e323400,1,0.0,False,False
.e323401,1,0.0,False,False
.e323402,1,0.0,False,False
.e323403,1,0.0,False,False
.e323404,1,0.0,False,False
.e323405,1,0.0,False,False
.e323406,1,0.0,False,False
.e326160,1,0.0,False,False
.e326161,1,0.0,False,False
.e326162,1,0.0,False,False
.e326163,1,0.0,False,False
.e326164,1,0.0,False,False
.e326165,1,0.0,False,False
.o323400,1,0.0,False,False
.o323401,1,0.0,False,False
.o323402,1,0.0,False,False
.o323403,1,0.0,False,False
.o323404,1,0.0,False,False
.o323405,1,0.0,False,False
.o323406,1,0.0,False,False
.o326160,1,0.0,False,False
.o326161,1,0.0,False,False
.o326162,1,0.0,False,False
.o326163,1,0.0,False,False
.o326164,1,0.0,False,False
.o326165,1,0.0,False,False
.e323407,1,0.0,False,False
.e323408,1,0.0,False,False
.e323409,1,0.0,False,False
.e323410,1,0.0,False,False
.e323411,1,0.0,False,False
.e323412,1,0.0,False,False
.e323413,1,0.0,False,False
.e323414,1,0.0,False,False
.e323415,1,0.0,False,False
.e323416,1,0.0,False,False
.e326150,1,0.0,False,False
.e326151,1,0.0,False,False
.e326152,1,0.0,False,False
.e326153,1,0.0,False,False
.e326154,1,0.0,False,False
.e326155,1,0.0,False,False
.e326156,1,0.0,False,False
.e326157,1,0.0,False,False
.e326158,1,0.0,False,False
.e326159,1,0.0,False,False
.o323407,1,0.0,False,False
.o323408,1,0.0,False,False
.o323409,1,0.0,False,False
.o323410,1,0.0,False,False
.o323411,1,0.0,False,False
.o323412,1,0.0,False,False
.o323413,1,0.0,False,False
.o323414,1,0.0,False,False
.o323415,1,0.0,False,False
.o323416,1,0.0,False,False
.o326150,1,0.0,False,False
.o326151,1,0.0,False,False
.o326152,1,0.0,False,False
.o326153,1,0.0,False,False
.o326154,1,0.0,False,False
.o326155,1,0.0,False,False
.o326156,1,0.0,False,False
.o326157,1,0.0,False,False
.o326158,1,0.0,False,False
.o326159,1,0.0,False,False
.e323423,1,0.0,False,False
.e323424,1,0.0,False,False
.e323425,1,0.0,False,False
.e323426,1,0.0,False,False
.e323427,1,0.0,False,False
.e323428,1,0.0,False,False
.e323429,1,0.0,False,False
.e323430,1,0.0,False,False
.e323431,1,0.0,False,False
.e323432,1,0.0,False,False
.e323433,1,0.0,False,False
.e323434,1,0.0,False,False
.e323435,1,0.0,False,False
.e323436,1,0.0,False,False
.e323437,1,0.0,False,False
.e323438,1,0.0,False,False
.e323439,1,0.0,False,False
.e326130,1,0.0,False,False
.e326131,1,0.0,False,False
.e326132,1,0.0,False,False
.e326133,1,0.0,False,False
.e326134,1,0.0,False,False
.e326135,1,0.0,False,False
.e326136,1,0.0,False,False
.e326137,1,0.0,False,False
.e326138,1,0.0,False,False
.e326139,1,0.0,False,False
.o323423,1,0.0,False,False
.o323424,1,0.0,False,False
.o323425,1,0.0,False,False
.o323426,1,0.0,False,False
.o323427,1,0.0,False,False
.o323428,1,0.0,False,False
.o323429,1,0.0,False,False
.o323430,1,0.0,False,False
.o323431,1,0.0,False,False
.o323432,1,0.0,False,False
.o326130,1,0.0,False,False
.o326131,1,0.0,False,False
.o326132,1,0.0,False,False
.o326133,1,0.0,False,False
.o326134,1,0.0,False,False
.o326135,1,0.0,False,False
.o326136,1,0.0,False,False
.o326137,1,0.0,False,False
.o326138,1,0.0,False,False
.o326139,1,0.0,False,False
.e321751,1,0.0,False,False
.e321752,1,0.0,False,False
.e321753,1,0.0,False,False
.e321754,1,0.0,False,False
.e321755,1,0.0,False,False
.e321756,1,0.0,False,False
.e321757,1,0.0,False,False
.e321758,1,0.0,False,False
.e321759,1,0.0,False,False
.e321760,1,0.0,False,False
.e321761,1,0.0,False,False
.e321762,1,0.0,False,False
.e321763,1,0.0,False,False
.e321764,1,0.0,False,False
.e321765,1,0.0,False,False
.e321766,1,0.0,False,False
.e321767,1,0.0,False,False
.e321768,1,0.0,False,False
.e321769,1,0.0,False,False
.e321770,1,0.0,False,False
.e322159,1,0.0,False,False
.o321751,1,0.0,False,False
.o321752,1,0.0,False,False
.o321753,1,0.0,False,False
.o321754,1,0.0,False,False
.o321755,1,0.0,False,False
.o321756,1,0.0,False,False
.o321757,1,0.0,False,False
.o321758,1,0.0,False,False
.o321759,1,0.0,False,False
.o321760,1,0.0,False,False
.o321761,1,0.0,False,False
.o321762,1,0.0,False,False
.o321763,1,0.0,False,False
.o321764,1,0.0,False,False
.o321765,1,0.0,False,False
.o321766,1,0.0,False,False
.o321767,1,0.0,False,False
.o321768,1,0.0,False,False
.o321769,1,0.0,False,False
.o321770,1,0.0,False,False
.o322159,1,0.0,False,False
.e322160,1,0.0,False,False
.e322161,1,0.0,False,False
.e322162,1,0.0,False,False
.e322163,1,0.0,False,False
.e322164,1,0.0,False,False
.e322165,1,0.0,False,False
.e322166,1,0.0,False,False
.e322167,1,0.0,False,False
.e322168,1,0.0,False,False
.e322169,1,0.0,False,False
.e322170,1,0.0,False,False
.e322171,1,0.0,False,False
.e322172,1,0.0,False,False
.e322173,1,0.0,False,False
.e322174,1,0.0,False,False
.e322175,1,0.0,False,False
.e322176,1,0.0,False,False
.e322177,1,0.0,False,False
.e322178,1,0.0,False,False
.e322179,1,0.0,False,False
.o322160,1,0.0,False,False
.o322161,1,0.0,False,False
.o322162,1,0.0,False,False
.o322163,1,0.0,False,False
.o322164,1,0.0,False,False
.o322165,1,0.0,False,False
.o322166,1,0.0,False,False
.o322167,1,0.0,False,False
.o322168,1,0.0,False,False
.o322169,1,0.0,False,False
.o322170,1,0.0,False,False
.o322171,1,0.0,False,False
.o322172,1,0.0,False,False
.o322173,1,0.0,False,False
.o322174,1,0.0,False,False
.o322175,1,0.0,False,False
.o322176,1,0.0,False,False
.o322177,1,0.0,False,False
.o322178,1,0.0,False,False
.o322179,1,0.0,False,False
.e321731,1,0.0,False,False
.e321732,1,0.0,False,False
.e321733,1,0.0,False,False
.e321734,1,0.0,False,False
.e321735,1,0.0,False,False
.e321736,1,0.0,False,False
.e321737,1,0.0,False,False
.e321738,1,0.0,False,False
.e321739,1,0.0,False,False
.e321740,1,0.0,False,False
.e321741,1,0.0,False,False
.e321742,1,0.0,False,False
.e321743,1,0.0,False,False
.e321744,1,0.0,False,False
.e321745,1,0.0,False,False
.e321746,1,0.0,False,False
.e321747,1,0.0,False,False
.e321748,1,0.0,False,False
.e321749,1,0.0,False,False
.e321750,1,0.0,False,False
.o321731,1,0.0,False,False
.o321732,1,0.0,False,False
.o321733,1,0.0,False,False
.o321734,1,0.0,False,False
.o321735,1,0.0,False,False
.o321736,1,0.0,False,False
.o321737,1,0.0,False,False
.o321738,1,0.0,False,False
.o321739,1,0.0,False,False
.o321740,1,0.0,False,False
.o321741,1,0.0,False,False
.o321742,1,0.0,False,False
.o321743,1,0.0,False,False
.o321744,1,0.0,False,False
.o321745,1,0.0,False,False
.o321746,1,0.0,False,False
.o321747,1,0.0,False,False
.o321748,1,0.0,False,False
.o321749,1,0.0,False,False
.o321750,1,0.0,False,False
.e321711,1,0.0,False,False
.e321712,1,0.0,False,False
.e321713,1,0.0,False,False
.e321714,1,0.0,False,False
.e321715,1,0.0,False,False
.e321716,1,0.0,False,False
.e321717,1,0.0,False,False
.e321718,1,0.0,False,False
.e321719,1,0.0,False,False
.e321720,1,0.0,False,False
.e321721,1,0.0,False,False
.e321722,1,0.0,False,False
.e321723,1,0.0,False,False
.e321724,1,0.0,False,False
.e321725,1,0.0,False,False
.e321726,1,0.0,False,False
.e321727,1,0.0,False,False
.e321728,1,0.0,False,False
.e321729,1,0.0,False,False
.e321730,1,0.0,False,False
.o321711,1,0.0,False,False
.o321712,1,0.0,False,False
.o321713,1,0.0,False,False
.o321714,1,0.0,False,False
.o321715,1,0.0,False,False
.o321716,1,0.0,False,False
.o321717,1,0.0,False,False
.o321718,1,0.0,False,False
.o321719,1,0.0,False,False
.o321720,1,0.0,False,False
.o321721,1,0.0,False,False
.o321722,1,0.0,False,False
.o321723,1,0.0,False,False
.o321724,1,0.0,False,False
.o321725,1,0.0,False,False
.o321726,1,0.0,False,False
.o321727,1,0.0,False,False
.o321728,1,0.0,False,False
.o321729,1,0.0,False,False
.o321730,1,0.0,False,False
.e321502,1,0.0,False,False
.e321503,1,0.0,False,False
.e321504,1,0.0,False,False
.e321505,1,0.0,False,False
.e321506,1,0.0,False,False
.e321507,1,0.0,False,False
.e321508,1,0.0,False,False
.e321509,1,0.0,False,False
.e321510,1,0.0,False,False
.e321511,1,0.0,False,False
.e326266,1,0.0,False,False
.e326267,1,0.0,False,False
.e326268,1,0.0,False,False
.e326269,1,0.0,False,False
.e326270,1,0.0,False,False
.e326271,1,0.0,False,False
.e326272,1,0.0,False,False
.e326273,1,0.0,False,False
.e326274,1,0.0,False,False
.e326275,1,0.0,False,False
.o321502,1,0.0,False,False
.o321503,1,0.0,False,False
.o321504,1,0.0,False,False
.o321505,1,0.0,False,False
.o321506,1,0.0,False,False
.o321507,1,0.0,False,False
.o321508,1,0.0,False,False
.o321509,1,0.0,False,False
.o321510,1,0.0,False,False
.o321511,1,0.0,False,False
.o326266,1,0.0,False,False
.o326267,1,0.0,False,False
.o326268,1,0.0,False,False
.o326269,1,0.0,False,False
.o326270,1,0.0,False,False
.o326271,1,0.0,False,False
.o326272,1,0.0,False,False
.o326273,1,0.0,False,False
.o326274,1,0.0,False,False
.o326275,1,0.0,False,False
.e321480,1,0.0,False,False
.e321481,1,0.0,False,False
.e321482,1,0.0,False,False
.e321483,1,0.0,False,False
.e321484,1,0.0,False,False
.e321485,1,0.0,False,False
.e321486,1,0.0,False,False
.e321487,1,0.0,False,False
.e321488,1,0.0,False,False
.e321489,1,0.0,False,False
.e321492,1,0.0,False,False
.e321493,1,0.0,False,False
.e321494,1,0.0,False,False
.e321495,1,0.0,False,False
.e321496,1,0.0,False,False
.e321497,1,0.0,False,False
.e321498,1,0.0,False,False
.e321499,1,0.0,False,False
.e321500,1,0.0,False,False
.e321501,1,0.0,False,False
.o321480,1,0.0,False,False
.o321481,1,0.0,False,False
.o321482,1,0.0,False,False
.o321483,1,0.0,False,False
.o321484,1,0.0,False,False
.o321485,1,0.0,False,False
.o321486,1,0.0,False,False
.o321487,1,0.0,False,False
.o321488,1,0.0,False,False
.o321489,1,0.0,False,False
.o321492,1,0.0,False,False
.o321493,1,0.0,False,False
.o321494,1,0.0,False,False
.o321495,1,0.0,False,False
.o321496,1,0.0,False,False
.o321497,1,0.0,False,False
.o321498,1,0.0,False,False
.o321499,1,0.0,False,False
.o321500,1,0.0,False,False
.o321501,1,0.0,False,False
.e321460,1,0.0,False,False
.e321461,1,0.0,False,False
.e321462,1,0.0,False,False
.e321463,1,0.0,False,False
.e321464,1,0.0,False,False
.e321465,1,0.0,False,False
.e321466,1,0.0,False,False
.e321467,1,0.0,False,False
.e321468,1,0.0,False,False
.e321469,1,0.0,False,False
.e321470,1,0.0,False,False
.e321471,1,0.0,False,False
.e321472,1,0.0,False,False
.e321473,1,0.0,False,False
.e321474,1,0.0,False,False
.e321475,1,0.0,False,False
.e321476,1,0.0,False,False
.e321477,1,0.0,False,False
.e321478,1,0.0,False,False
.e321479,1,0.0,False,False
.o321460,1,0.0,False,False
.o321461,1,0.0,False,False
.o321462,1,0.0,False,False
.o321463,1,0.0,False,False
.o321464,1,0.0,False,False
.o321465,1,0.0,False,False
.o321466,1,0.0,False,False
.o321467,1,0.0,False,False
.o321468,1,0.0,False,False
.o321469,1,0.0,False,False
.o321470,1,0.0,False,False
.o321471,1,0.0,False,False
.o321472,1,0.0,False,False
.o321473,1,0.0,False,False
.o321474,1,0.0,False,False
.o321475,1,0.0,False,False
.o321476,1,0.0,False,False
.o321477,1,0.0,False,False
.o321478,1,0.0,False,False
.o321479,1,0.0,False,False
.e323055,1,0.0,False,False
.e323056,1,0.0,False,False
.e323057,1,0.0,False,False
.e323058,1,0.0,False,False
.e323059,1,0.0,False,False
.e323060,1,0.0,False,False
.e323061,1,0.0,False,False
.e323062,1,0.0,False,False
.e323063,1,0.0,False,False
.e323064,1,0.0,False,False
.e323065,1,0.0,False,False
.e323066,1,0.0,False,False
.e323067,1,0.0,False,False
.e323068,1,0.0,False,False
.e323069,1,0.0,False,False
.e323070,1,0.0,False,False
.e323071,1,0.0,False,False
.e323072,1,0.0,False,False
.e323073,1,0.0,False,False
.e323074,1,0.0,False,False
.o323055,1,0.0,False,False
.o323056,1,0.0,False,False
.o323057,1,0.0,False,False
.o323058,1,0.0,False,False
.o323059,1,0.0,False,False
.o323060,1,0.0,False,False
.o323061,1,0.0,False,False
.o323062,1,0.0,False,False
.o323063,1,0.0,False,False
.o323064,1,0.0,False,False
.o323065,1,0.0,False,False
.o323066,1,0.0,False,False
.o323067,1,0.0,False,False
.o323068,1,0.0,False,False
.o323069,1,0.0,False,False
.o323070,1,0.0,False,False
.o323071,1,0.0,False,False
.o323072,1,0.0,False,False
.o323073,1,0.0,False,False
.o323074,1,0.0,False,False
.e323075,1,0.0,False,False
.e323076,1,0.0,False,False
.e323077,1,0.0,False,False
.e323078,1,0.0,False,False
.e323079,1,0.0,False,False
.e323080,1,0.0,False,False
.e323081,1,0.0,False,False
.e323082,1,0.0,False,False
.e323083,1,0.0,False,False
.e323084,1,0.0,False,False
.e323085,1,0.0,False,False
.e323086,1,0.0,False,False
.e323087,1,0.0,False,False
.e323088,1,0.0,False,False
.e323089,1,0.0,False,False
.e323090,1,0.0,False,False
.e323091,1,0.0,False,False
.e323092,1,0.0,False,False
.e323093,1,0.0,False,False
.e323094,1,0.0,False,False
.o323075,1,0.0,False,False
.o323076,1,0.0,False,False
.o323077,1,0.0,False,False
.o323078,1,0.0,False,False
.o323079,1,0.0,False,False
.o323080,1,0.0,False,False
.o323081,1,0.0,False,False
.o323082,1,0.0,False,False
.o323083,1,0.0,False,False
.o323084,1,0.0,False,False
.o323085,1,0.0,False,False
.o323086,1,0.0,False,False
.o323087,1,0.0,False,False
.o323088,1,0.0,False,False
.o323089,1,0.0,False,False
.o323090,1,0.0,False,False
.o323091,1,0.0,False,False
.o323092,1,0.0,False,False
.o323093,1,0.0,False,False
.o323094,1,0.0,False,False
.e323500,1,0.0,False,False
.e323501,1,0.0,False,False
.e323502,1,0.0,False,False
.e323503,1,0.0,False,False
.e323504,1,0.0,False,False
.e323505,1,0.0,False,False
.e323506,1,0.0,False,False
.e323507,1,0.0,False,False
.e323508,1,0.0,False,False
.e323509,1,0.0,False,False
.e323510,1,0.0,False,False
.e323511,1,0.0,False,False
.e323512,1,0.0,False,False
.e323513,1,0.0,False,False
.e323514,1,0.0,False,False
.e323515,1,0.0,False,False
.e323516,1,0.0,False,False
.e323517,1,0.0,False,False
.e323518,1,0.0,False,False
.e323519,1,0.0,False,False
.o323500,1,0.0,False,False
.o323501,1,0.0,False,False
.o323502,1,0.0,False,False
.o323503,1,0.0,False,False
.o323504,1,0.0,False,False
.o323505,1,0.0,False,False
.o323506,1,0.0,False,False
.o323507,1,0.0,False,False
.o323508,1,0.0,False,False
.o323509,1,0.0,False,False
.o323510,1,0.0,False,False
.o323511,1,0.0,False,False
.o323512,1,0.0,False,False
.o323513,1,0.0,False,False
.o323514,1,0.0,False,False
.o323515,1,0.0,False,False
.o323516,1,0.0,False,False
.o323517,1,0.0,False,False
.o323518,1,0.0,False,False
.o323519,1,0.0,False,False
.e323929,1,0.0,False,False
.e323930,1,0.0,False,False
.e323931,1,0.0,False,False
.e323932,1,0.0,False,False
.e323933,1,0.0,False,False
.e323934,1,0.0,False,False
.e323935,1,0.0,False,False
.e323936,1,0.0,False,False
.e323937,1,0.0,False,False
.e323938,1,0.0,False,False
.e323939,1,0.0,False,False
.e323940,1,0.0,False,False
.e323941,1,0.0,False,False
.e323942,1,0.0,False,False
.e323943,1,0.0,False,False
.e323944,1,0.0,False,False
.e323945,1,0.0,False,False
.e323946,1,0.0,False,False
.e323947,1,0.0,False,False
.e323948,1,0.0,False,False
.o323929,1,0.0,False,False
.o323930,1,0.0,False,False
.o323931,1,0.0,False,False
.o323932,1,0.0,False,False
.o323933,1,0.0,False,False
.o323934,1,0.0,False,False
.o323935,1,0.0,False,False
.o323936,1,0.0,False,False
.o323937,1,0.0,False,False
.o323938,1,0.0,False,False
.o323939,1,0.0,False,False
.o323940,1,0.0,False,False
.o323941,1,0.0,False,False
.o323942,1,0.0,False,False
.o323943,1,0.0,False,False
.o323944,1,0.0,False,False
.o323945,1,0.0,False,False
.o323946,1,0.0,False,False
.o323947,1,0.0,False,False
.o323948,1,0.0,False,False
.e323909,1,0.0,False,False
.e323910,1,0.0,False,False
.e323911,1,0.0,False,False
.e323912,1,0.0,False,False
.e323913,1,0.0,False,False
.e323914,1,0.0,False,False
.e323915,1,0.0,False,False
.e323916,1,0.0,False,False
.e323917,1,0.0,False,False
.e323918,1,0.0,False,False
.e323919,1,0.0,False,False
.e323920,1,0.0,False,False
.e323921,1,0.0,False,False
.e323922,1,0.0,False,False
.e323923,1,0.0,False,False
.e323924,1,0.0,False,False
.e323925,1,0.0,False,False
.e323926,1,0.0,False,False
.e323927,1,0.0,False,False
.e323928,1,0.0,False,False
.o323909,1,0.0,False,False
.o323910,1,0.0,False,False
.o323911,1,0.0,False,False
.o323912,1,0.0,False,False
.o323913,1,0.0,False,False
.o323914,1,0.0,False,False
.o323915,1,0.0,False,False
.o323916,1,0.0,False,False
.o323917,1,0.0,False,False
.o323918,1,0.0,False,False
.o323919,1,0.0,False,False
.o323920,1,0.0,False,False
.o323921,1,0.0,False,False
.o323922,1,0.0,False,False
.o323923,1,0.0,False,False
.o323924,1,0.0,False,False
.o323925,1,0.0,False,False
.o323926,1,0.0,False,False
.o323927,1,0.0,False,False
.o323928,1,0.0,False,False
.e322604,1,0.0,False,False
.e322605,1,0.0,False,False
.e322606,1,0.0,False,False
.e322607,1,0.0,False,False
.e322608,1,0.0,False,False
.e322609,1,0.0,False,False
.e322610,1,0.0,False,False
.e322611,1,0.0,False,False
.e322612,1,0.0,False,False
.e322613,1,0.0,False,False
.e322614,1,0.0,False,False
.e322615,1,0.0,False,False
.e322616,1,0.0,False,False
.e322617,1,0.0,False,False
.e322618,1,0.0,False,False
.e322619,1,0.0,False,False
.e322620,1,0.0,False,False
.e322621,1,0.0,False,False
.e322622,1,0.0,False,False
.e322623,1,0.0,False,False
.o322604,1,0.0,False,False
.o322605,1,0.0,False,False
.o322606,1,0.0,False,False
.o322607,1,0.0,False,False
.o322608,1,0.0,False,False
.o322609,1,0.0,False,False
.o322610,1,0.0,False,False
.o322611,1,0.0,False,False
.o322612,1,0.0,False,False
.o322613,1,0.0,False,False
.o322614,1,0.0,False,False
.o322615,1,0.0,False,False
.o322616,1,0.0,False,False
.o322617,1,0.0,False,False
.o322618,1,0.0,False,False
.o322619,1,0.0,False,False
.o322620,1,0.0,False,False
.o322621,1,0.0,False,False
.o322622,1,0.0,False,False
.o322623,1,0.0,False,False
.e322653,1,0.0,False,False
.o322653,1,0.0,False,False
.e322624,1,0.0,False,False
.e322625,1,0.0,False,False
.e322626,1,0.0,False,False
.e322627,1,0.0,False,False
.e322628,1,0.0,False,False
.e322629,1,0.0,False,False
.e322630,1,0.0,False,False
.e322631,1,0.0,False,False
.e322632,1,0.0,False,False
.e322633,1,0.0,False,False
.e322645,1,0.0,False,False
.e322646,1,0.0,False,False
.e322647,1,0.0,False,False
.e322649,1,0.0,False,False
.e322650,1,0.0,False,False
.e322651,1,0.0,False,False
.e322652,1,0.0,False,False
.e322654,1,0.0,False,False
.e322655,1,0.0,False,False
.o322624,1,0.0,False,False
.o322625,1,0.0,False,False
.o322626,1,0.0,False,False
.o322627,1,0.0,False,False
.o322628,1,0.0,False,False
.o322629,1,0.0,False,False
.o322630,1,0.0,False,False
.o322631,1,0.0,False,False
.o322632,1,0.0,False,False
.o322633,1,0.0,False,False
.o322645,1,0.0,False,False
.o322646,1,0.0,False,False
.o322647,1,0.0,False,False
.o322649,1,0.0,False,False
.o322650,1,0.0,False,False
.o322651,1,0.0,False,False
.o322652,1,0.0,False,False
.o322654,1,0.0,False,False
.o322655,1,0.0,False,False
.e322582,1,0.0,False,False
.e322583,1,0.0,False,False
.e322584,1,0.0,False,False
.e322585,1,0.0,False,False
.e322586,1,0.0,False,False
.e322587,1,0.0,False,False
.e322588,1,0.0,False,False
.e322589,1,0.0,False,False
.e322590,1,0.0,False,False
.e322591,1,0.0,False,False
.e322592,1,0.0,False,False
.e322593,1,0.0,False,False
.e322594,1,0.0,False,False
.e322595,1,0.0,False,False
.e322596,1,0.0,False,False
.e322597,1,0.0,False,False
.e322598,1,0.0,False,False
.e322599,1,0.0,False,False
.e322600,1,0.0,False,False
.e322601,1,0.0,False,False
.o322582,1,0.0,False,False
.o322583,1,0.0,False,False
.o322584,1,0.0,False,False
.o322585,1,0.0,False,False
.o322586,1,0.0,False,False
.o322587,1,0.0,False,False
.o322588,1,0.0,False,False
.o322589,1,0.0,False,False
.o322590,1,0.0,False,False
.o322591,1,0.0,False,False
.o322592,1,0.0,False,False
.o322593,1,0.0,False,False
.o322594,1,0.0,False,False
.o322595,1,0.0,False,False
.o322596,1,0.0,False,False
.o322597,1,0.0,False,False
.o322598,1,0.0,False,False
.o322599,1,0.0,False,False
.o322600,1,0.0,False,False
.o322601,1,0.0,False,False
.e323054,1,0.0,False,False
.o323054,1,0.0,False,False
.e321400,1,0.0,False,False
.e321401,1,0.0,False,False
.e321402,1,0.0,False,False
.e321403,1,0.0,False,False
.e321404,1,0.0,False,False
.e321405,1,0.0,False,False
.e321406,1,0.0,False,False
.e321407,1,0.0,False,False
.e321408,1,0.0,False,False
.e321409,1,0.0,False,False
.e321410,1,0.0,False,False
.e321411,1,0.0,False,False
.e321412,1,0.0,False,False
.e321413,1,0.0,False,False
.e321414,1,0.0,False,False
.e321415,1,0.0,False,False
.e321416,1,0.0,False,False
.e321417,1,0.0,False,False
.e321418,1,0.0,False,False
.e321419,1,0.0,False,False
.o321400,1,0.0,False,False
.o321401,1,0.0,False,False
.o321402,1,0.0,False,False
.o321403,1,0.0,False,False
.o321404,1,0.0,False,False
.o321405,1,0.0,False,False
.o321406,1,0.0,False,False
.o321407,1,0.0,False,False
.o321408,1,0.0,False,False
.o321409,1,0.0,False,False
.o321410,1,0.0,False,False
.o321411,1,0.0,False,False
.o321412,1,0.0,False,False
.o321413,1,0.0,False,False
.o321414,1,0.0,False,False
.o321415,1,0.0,False,False
.o321416,1,0.0,False,False
.o321417,1,0.0,False,False
.o321418,1,0.0,False,False
.o321419,1,0.0,False,False
.e321420,1,0.0,False,False
.e321421,1,0.0,False,False
.e321422,1,0.0,False,False
.e321423,1,0.0,False,False
.e321424,1,0.0,False,False
.e321425,1,0.0,False,False
.e321426,1,0.0,False,False
.e321427,1,0.0,False,False
.e321428,1,0.0,False,False
.e321429,1,0.0,False,False
.e321430,1,0.0,False,False
.e321431,1,0.0,False,False
.e321432,1,0.0,False,False
.e321433,1,0.0,False,False
.e321434,1,0.0,False,False
.e321435,1,0.0,False,False
.e321436,1,0.0,False,False
.e321437,1,0.0,False,False
.e321438,1,0.0,False,False
.e321439,1,0.0,False,False
.o321420,1,0.0,False,False
.o321421,1,0.0,False,False
.o321422,1,0.0,False,False
.o321423,1,0.0,False,False
.o321424,1,0.0,False,False
.o321425,1,0.0,False,False
.o321426,1,0.0,False,False
.o321427,1,0.0,False,False
.o321428,1,0.0,False,False
.o321429,1,0.0,False,False
.o321430,1,0.0,False,False
.o321431,1,0.0,False,False
.o321432,1,0.0,False,False
.o321433,1,0.0,False,False
.o321434,1,0.0,False,False
.o321435,1,0.0,False,False
.o321436,1,0.0,False,False
.o321437,1,0.0,False,False
.o321438,1,0.0,False,False
.o321439,1,0.0,False,False
.e321440,1,0.0,False,False
.e321441,1,0.0,False,False
.e321442,1,0.0,False,False
.e321443,1,0.0,False,False
.e321444,1,0.0,False,False
.e321445,1,0.0,False,False
.e321446,1,0.0,False,False
.e321447,1,0.0,False,False
.e321448,1,0.0,False,False
.e321449,1,0.0,False,False
.e321450,1,0.0,False,False
.e321451,1,0.0,False,False
.e321452,1,0.0,False,False
.e321453,1,0.0,False,False
.e321454,1,0.0,False,False
.e321455,1,0.0,False,False
.e321456,1,0.0,False,False
.e321457,1,0.0,False,False
.e321458,1,0.0,False,False
.e321459,1,0.0,False,False
.o321440,1,0.0,False,False
.o321441,1,0.0,False,False
.o321442,1,0.0,False,False
.o321443,1,0.0,False,False
.o321444,1,0.0,False,False
.o321445,1,0.0,False,False
.o321446,1,0.0,False,False
.o321447,1,0.0,False,False
.o321448,1,0.0,False,False
.o321449,1,0.0,False,False
.o321450,1,0.0,False,False
.o321451,1,0.0,False,False
.o321452,1,0.0,False,False
.o321453,1,0.0,False,False
.o321454,1,0.0,False,False
.o321455,1,0.0,False,False
.o321456,1,0.0,False,False
.o321457,1,0.0,False,False
.o321458,1,0.0,False,False
.o321459,1,0.0,False,False
.e322719,1,0.0,False,False
.e322720,1,0.0,False,False
.e322721,1,0.0,False,False
.e322722,1,0.0,False,False
.e322723,1,0.0,False,False
.e322724,1,0.0,False,False
.e322725,1,0.0,False,False
.e322726,1,0.0,False,False
.e322727,1,0.0,False,False
.e322728,1,0.0,False,False
.e322729,1,0.0,False,False
.e322730,1,0.0,False,False
.e322731,1,0.0,False,False
.e322732,1,0.0,False,False
.e322733,1,0.0,False,False
.e322734,1,0.0,False,False
.e322735,1,0.0,False,False
.e322736,1,0.0,False,False
.e322737,1,0.0,False,False
.e322738,1,0.0,False,False
.o322719,1,0.0,False,False
.o322720,1,0.0,False,False
.o322721,1,0.0,False,False
.o322722,1,0.0,False,False
.o322723,1,0.0,False,False
.o322724,1,0.0,False,False
.o322725,1,0.0,False,False
.o322726,1,0.0,False,False
.o322727,1,0.0,False,False
.o322728,1,0.0,False,False
.o322729,1,0.0,False,False
.o322730,1,0.0,False,False
.o322731,1,0.0,False,False
.o322732,1,0.0,False,False
.o322733,1,0.0,False,False
.o322734,1,0.0,False,False
.o322735,1,0.0,False,False
.o322736,1,0.0,False,False
.o322737,1,0.0,False,False
.o322738,1,0.0,False,False
.e322699,1,0.0,False,False
.e322700,1,0.0,False,False
.e322701,1,0.0,False,False
.e322702,1,0.0,False,False
.e322703,1,0.0,False,False
.e322704,1,0.0,False,False
.e322705,1,0.0,False,False
.e322706,1,0.0,False,False
.e322707,1,0.0,False,False
.e322708,1,0.0,False,False
.e322709,1,0.0,False,False
.e322710,1,0.0,False,False
.e322711,1,0.0,False,False
.e322712,1,0.0,False,False
.e322713,1,0.0,False,False
.e322714,1,0.0,False,False
.e322715,1,0.0,False,False
.e322716,1,0.0,False,False
.e322717,1,0.0,False,False
.e322718,1,0.0,False,False
.o322699,1,0.0,False,False
.o322700,1,0.0,False,False
.o322701,1,0.0,False,False
.o322702,1,0.0,False,False
.o322703,1,0.0,False,False
.o322704,1,0.0,False,False
.o322705,1,0.0,False,False
.o322706,1,0.0,False,False
.o322707,1,0.0,False,False
.o322708,1,0.0,False,False
.o322709,1,0.0,False,False
.o322710,1,0.0,False,False
.o322711,1,0.0,False,False
.o322712,1,0.0,False,False
.o322713,1,0.0,False,False
.o322714,1,0.0,False,False
.o322715,1,0.0,False,False
.o322716,1,0.0,False,False
.o322717,1,0.0,False,False
.o322718,1,0.0,False,False
.e326594,1,0.0,False,False
.e326595,1,0.0,False,False
.e326596,1,0.0,False,False
.e326597,1,0.0,False,False
.e326598,1,0.0,False,False
.e326599,1,0.0,False,False
.e326600,1,0.0,False,False
.e326601,1,0.0,False,False
.e326602,1,0.0,False,False
.e326603,1,0.0,False,False
.e326604,1,0.0,False,False
.e326605,1,0.0,False,False
.e326606,1,0.0,False,False
.e326607,1,0.0,False,False
.e326608,1,0.0,False,False
.e326609,1,0.0,False,False
.e326610,1,0.0,False,False
.e326611,1,0.0,False,False
.e326612,1,0.0,False,False
.e326613,1,0.0,False,False
.o326594,1,0.0,False,False
.o326595,1,0.0,False,False
.o326596,1,0.0,False,False
.o326597,1,0.0,False,False
.o326598,1,0.0,False,False
.o326599,1,0.0,False,False
.o326600,1,0.0,False,False
.o326601,1,0.0,False,False
.o326602,1,0.0,False,False
.o326603,1,0.0,False,False
.o326604,1,0.0,False,False
.o326605,1,0.0,False,False
.o326606,1,0.0,False,False
.o326607,1,0.0,False,False
.o326608,1,0.0,False,False
.o326609,1,0.0,False,False
.o326610,1,0.0,False,False
.o326611,1,0.0,False,False
.o326612,1,0.0,False,False
.o326613,1,0.0,False,False
.e322697,1,0.0,False,False
.o322697,1,0.0,False,False
.e323114,1,0.0,False,False
.e323115,1,0.0,False,False
.e323116,1,0.0,False,False
.e323117,1,0.0,False,False
.e323118,1,0.0,False,False
.e323119,1,0.0,False,False
.e323120,1,0.0,False,False
.e323121,1,0.0,False,False
.e323122,1,0.0,False,False
.e323123,1,0.0,False,False
.e323124,1,0.0,False,False
.e323125,1,0.0,False,False
.e323126,1,0.0,False,False
.e323127,1,0.0,False,False
.e323128,1,0.0,False,False
.e323129,1,0.0,False,False
.e323130,1,0.0,False,False
.e323131,1,0.0,False,False
.e323132,1,0.0,False,False
.e323133,1,0.0,False,False
.o323114,1,0.0,False,False
.o323115,1,0.0,False,False
.o323116,1,0.0,False,False
.o323117,1,0.0,False,False
.o323118,1,0.0,False,False
.o323119,1,0.0,False,False
.o323120,1,0.0,False,False
.o323121,1,0.0,False,False
.o323122,1,0.0,False,False
.o323123,1,0.0,False,False
.o323124,1,0.0,False,False
.o323125,1,0.0,False,False
.o323126,1,0.0,False,False
.o323127,1,0.0,False,False
.o323128,1,0.0,False,False
.o323129,1,0.0,False,False
.o323130,1,0.0,False,False
.o323131,1,0.0,False,False
.o323132,1,0.0,False,False
.o323133,1,0.0,False,False
.e323136,1,0.0,False,False
.e323137,1,0.0,False,False
.e323138,1,0.0,False,False
.e323139,1,0.0,False,False
.e323140,1,0.0,False,False
.e323141,1,0.0,False,False
.e323142,1,0.0,False,False
.e323143,1,0.0,False,False
.e323144,1,0.0,False,False
.e323145,1,0.0,False,False
.e323146,1,0.0,False,False
.e323147,1,0.0,False,False
.e323148,1,0.0,False,False
.e323149,1,0.0,False,False
.e323150,1,0.0,False,False
.e323151,1,0.0,False,False
.e323152,1,0.0,False,False
.e323153,1,0.0,False,False
.e323154,1,0.0,False,False
.e323155,1,0.0,False,False
.o323136,1,0.0,False,False
.o323137,1,0.0,False,False
.o323138,1,0.0,False,False
.o323139,1,0.0,False,False
.o323140,1,0.0,False,False
.o323141,1,0.0,False,False
.o323142,1,0.0,False,False
.o323143,1,0.0,False,False
.o323144,1,0.0,False,False
.o323145,1,0.0,False,False
.o323146,1,0.0,False,False
.o323147,1,0.0,False,False
.o323148,1,0.0,False,False
.o323149,1,0.0,False,False
.o323150,1,0.0,False,False
.o323151,1,0.0,False,False
.o323152,1,0.0,False,False
.o323153,1,0.0,False,False
.o323154,1,0.0,False,False
.o323155,1,0.0,False,False
.e323157,1,0.0,False,False
.e323158,1,0.0,False,False
.e323159,1,0.0,False,False
.e323160,1,0.0,False,False
.e323161,1,0.0,False,False
.e323162,1,0.0,False,False
.e323163,1,0.0,False,False
.e323164,1,0.0,False,False
.e323165,1,0.0,False,False
.e323166,1,0.0,False,False
.e323167,1,0.0,False,False
.e323168,1,0.0,False,False
.e323169,1,0.0,False,False
.e323170,1,0.0,False,False
.e323171,1,0.0,False,False
.e323172,1,0.0,False,False
.e323173,1,0.0,False,False
.e323174,1,0.0,False,False
.e323175,1,0.0,False,False
.e323176,1,0.0,False,False
.o323157,1,0.0,False,False
.o323158,1,0.0,False,False
.o323159,1,0.0,False,False
.o323160,1,0.0,False,False
.o323161,1,0.0,False,False
.o323162,1,0.0,False,False
.o323163,1,0.0,False,False
.o323164,1,0.0,False,False
.o323165,1,0.0,False,False
.o323166,1,0.0,False,False
.o323167,1,0.0,False,False
.o323168,1,0.0,False,False
.o323169,1,0.0,False,False
.o323170,1,0.0,False,False
.o323171,1,0.0,False,False
.o323172,1,0.0,False,False
.o323173,1,0.0,False,False
.o323174,1,0.0,False,False
.o323175,1,0.0,False,False
.o323176,1,0.0,False,False
.e323737,1,0.0,False,False
.e323738,1,0.0,False,False
.e323739,1,0.0,False,False
.e323740,1,0.0,False,False
.e323741,1,0.0,False,False
.e323742,1,0.0,False,False
.e323743,1,0.0,False,False
.e323744,1,0.0,False,False
.e323745,1,0.0,False,False
.e323746,1,0.0,False,False
.e323747,1,0.0,False,False
.e323748,1,0.0,False,False
.e323749,1,0.0,False,False
.e323750,1,0.0,False,False
.e323751,1,0.0,False,False
.e323752,1,0.0,False,False
.e323753,1,0.0,False,False
.e323754,1,0.0,False,False
.e323755,1,0.0,False,False
.e323756,1,0.0,False,False
.o323737,1,0.0,False,False
.o323738,1,0.0,False,False
.o323739,1,0.0,False,False
.o323740,1,0.0,False,False
.o323741,1,0.0,False,False
.o323742,1,0.0,False,False
.o323743,1,0.0,False,False
.o323744,1,0.0,False,False
.o323745,1,0.0,False,False
.o323746,1,0.0,False,False
.o323747,1,0.0,False,False
.o323748,1,0.0,False,False
.o323749,1,0.0,False,False
.o323750,1,0.0,False,False
.o323751,1,0.0,False,False
.o323752,1,0.0,False,False
.o323753,1,0.0,False,False
.o323754,1,0.0,False,False
.o323755,1,0.0,False,False
.o323756,1,0.0,False,False
.e323757,1,0.0,False,False
.e323758,1,0.0,False,False
.e323759,1,0.0,False,False
.e323760,1,0.0,False,False
.e323761,1,0.0,False,False
.e323762,1,0.0,False,False
.e323763,1,0.0,False,False
.e323764,1,0.0,False,False
.e323765,1,0.0,False,False
.e323766,1,0.0,False,False
.e323767,1,0.0,False,False
.e323768,1,0.0,False,False
.e323769,1,0.0,False,False
.e323770,1,0.0,False,False
.e323771,1,0.0,False,False
.e323772,1,0.0,False,False
.e323773,1,0.0,False,False
.e323774,1,0.0,False,False
.e323775,1,0.0,False,False
.e323776,1,0.0,False,False
.o323757,1,0.0,False,False
.o323758,1,0.0,False,False
.o323759,1,0.0,False,False
.o323760,1,0.0,False,False
.o323761,1,0.0,False,False
.o323762,1,0.0,False,False
.o323763,1,0.0,False,False
.o323764,1,0.0,False,False
.o323765,1,0.0,False,False
.o323766,1,0.0,False,False
.o323767,1,0.0,False,False
.o323768,1,0.0,False,False
.o323769,1,0.0,False,False
.o323770,1,0.0,False,False
.o323771,1,0.0,False,False
.o323772,1,0.0,False,False
.o323773,1,0.0,False,False
.o323774,1,0.0,False,False
.o323775,1,0.0,False,False
.o323776,1,0.0,False,False
.e323777,1,0.0,False,False
.e323778,1,0.0,False,False
.e323779,1,0.0,False,False
.e323780,1,0.0,False,False
.e323781,1,0.0,False,False
.e323782,1,0.0,False,False
.e323783,1,0.0,False,False
.e323784,1,0.0,False,False
.e323785,1,0.0,False,False
.e323786,1,0.0,False,False
.e323787,1,0.0,False,False
.e323788,1,0.0,False,False
.e323789,1,0.0,False,False
.e323790,1,0.0,False,False
.e323791,1,0.0,False,False
.e323792,1,0.0,False,False
.e323793,1,0.0,False,False
.e323794,1,0.0,False,False
.e323795,1,0.0,False,False
.e323796,1,0.0,False,False
.o323777,1,0.0,False,False
.o323778,1,0.0,False,False
.o323779,1,0.0,False,False
.o323780,1,0.0,False,False
.o323781,1,0.0,False,False
.o323782,1,0.0,False,False
.o323783,1,0.0,False,False
.o323784,1,0.0,False,False
.o323785,1,0.0,False,False
.o323786,1,0.0,False,False
.o323787,1,0.0,False,False
.o323788,1,0.0,False,False
.o323789,1,0.0,False,False
.o323790,1,0.0,False,False
.o323791,1,0.0,False,False
.o323792,1,0.0,False,False
.o323793,1,0.0,False,False
.o323794,1,0.0,False,False
.o323795,1,0.0,False,False
.o323796,1,0.0,False,False
.e321562,1,0.0,False,False
.e321563,1,0.0,False,False
.e321564,1,0.0,False,False
.e321565,1,0.0,False,False
.e321566,1,0.0,False,False
.e321567,1,0.0,False,False
.e321568,1,0.0,False,False
.e321569,1,0.0,False,False
.e321570,1,0.0,False,False
.e321571,1,0.0,False,False
.e321572,1,0.0,False,False
.e321573,1,0.0,False,False
.e321574,1,0.0,False,False
.e321575,1,0.0,False,False
.e321576,1,0.0,False,False
.e321577,1,0.0,False,False
.e321578,1,0.0,False,False
.e321579,1,0.0,False,False
.e321580,1,0.0,False,False
.e321581,1,0.0,False,False
.o321562,1,0.0,False,False
.o321563,1,0.0,False,False
.o321564,1,0.0,False,False
.o321565,1,0.0,False,False
.o321566,1,0.0,False,False
.o321567,1,0.0,False,False
.o321568,1,0.0,False,False
.o321569,1,0.0,False,False
.o321570,1,0.0,False,False
.o321571,1,0.0,False,False
.o321572,1,0.0,False,False
.o321573,1,0.0,False,False
.o321574,1,0.0,False,False
.o321575,1,0.0,False,False
.o321576,1,0.0,False,False
.o321577,1,0.0,False,False
.o321578,1,0.0,False,False
.o321579,1,0.0,False,False
.o321580,1,0.0,False,False
.o321581,1,0.0,False,False
.e321542,1,0.0,False,False
.e321543,1,0.0,False,False
.e321544,1,0.0,False,False
.e321545,1,0.0,False,False
.e321546,1,0.0,False,False
.e321547,1,0.0,False,False
.e321548,1,0.0,False,False
.e321549,1,0.0,False,False
.e321550,1,0.0,False,False
.e321551,1,0.0,False,False
.e321552,1,0.0,False,False
.e321553,1,0.0,False,False
.e321554,1,0.0,False,False
.e321555,1,0.0,False,False
.e321556,1,0.0,False,False
.e321557,1,0.0,False,False
.e321558,1,0.0,False,False
.e321559,1,0.0,False,False
.e321560,1,0.0,False,False
.e321561,1,0.0,False,False
.o321542,1,0.0,False,False
.o321543,1,0.0,False,False
.o321544,1,0.0,False,False
.o321545,1,0.0,False,False
.o321546,1,0.0,False,False
.o321547,1,0.0,False,False
.o321548,1,0.0,False,False
.o321549,1,0.0,False,False
.o321550,1,0.0,False,False
.o321551,1,0.0,False,False
.o321552,1,0.0,False,False
.o321553,1,0.0,False,False
.o321554,1,0.0,False,False
.o321555,1,0.0,False,False
.o321556,1,0.0,False,False
.o321557,1,0.0,False,False
.o321558,1,0.0,False,False
.o321559,1,0.0,False,False
.o321560,1,0.0,False,False
.o321561,1,0.0,False,False
.e321522,1,0.0,False,False
.e321523,1,0.0,False,False
.e321524,1,0.0,False,False
.e321525,1,0.0,False,False
.e321526,1,0.0,False,False
.e321527,1,0.0,False,False
.e321528,1,0.0,False,False
.e321529,1,0.0,False,False
.e321530,1,0.0,False,False
.e321531,1,0.0,False,False
.e321532,1,0.0,False,False
.e321533,1,0.0,False,False
.e321534,1,0.0,False,False
.e321535,1,0.0,False,False
.e321536,1,0.0,False,False
.e321537,1,0.0,False,False
.e321538,1,0.0,False,False
.e321539,1,0.0,False,False
.e321540,1,0.0,False,False
.e321541,1,0.0,False,False
.o321522,1,0.0,False,False
.o321523,1,0.0,False,False
.o321524,1,0.0,False,False
.o321525,1,0.0,False,False
.o321526,1,0.0,False,False
.o321527,1,0.0,False,False
.o321528,1,0.0,False,False
.o321529,1,0.0,False,False
.o321530,1,0.0,False,False
.o321531,1,0.0,False,False
.o321532,1,0.0,False,False
.o321533,1,0.0,False,False
.o321534,1,0.0,False,False
.o321535,1,0.0,False,False
.o321536,1,0.0,False,False
.o321537,1,0.0,False,False
.o321538,1,0.0,False,False
.o321539,1,0.0,False,False
.o321540,1,0.0,False,False
.o321541,1,0.0,False,False
.e321207,1,0.0,False,False
.e321208,1,0.0,False,False
.e321209,1,0.0,False,False
.e321210,1,0.0,False,False
.e321211,1,0.0,False,False
.e321212,1,0.0,False,False
.e321213,1,0.0,False,False
.e321214,1,0.0,False,False
.e321215,1,0.0,False,False
.e321216,1,0.0,False,False
.e321217,1,0.0,False,False
.e321218,1,0.0,False,False
.e321219,1,0.0,False,False
.e321220,1,0.0,False,False
.e321221,1,0.0,False,False
.e321222,1,0.0,False,False
.e321223,1,0.0,False,False
.e321224,1,0.0,False,False
.e321225,1,0.0,False,False
.e321226,1,0.0,False,False
.o321207,1,0.0,False,False
.o321208,1,0.0,False,False
.o321209,1,0.0,False,False
.o321210,1,0.0,False,False
.o321211,1,0.0,False,False
.o321212,1,0.0,False,False
.o321213,1,0.0,False,False
.o321214,1,0.0,False,False
.o321215,1,0.0,False,False
.o321216,1,0.0,False,False
.o321217,1,0.0,False,False
.o321218,1,0.0,False,False
.o321219,1,0.0,False,False
.o321220,1,0.0,False,False
.o321221,1,0.0,False,False
.o321222,1,0.0,False,False
.o321223,1,0.0,False,False
.o321224,1,0.0,False,False
.o321225,1,0.0,False,False
.o321226,1,0.0,False,False
.e321187,1,0.0,False,False
.e321188,1,0.0,False,False
.e321189,1,0.0,False,False
.e321190,1,0.0,False,False
.e321191,1,0.0,False,False
.e321192,1,0.0,False,False
.e321193,1,0.0,False,False
.e321194,1,0.0,False,False
.e321195,1,0.0,False,False
.e321196,1,0.0,False,False
.e321197,1,0.0,False,False
.e321198,1,0.0,False,False
.e321199,1,0.0,False,False
.e321200,1,0.0,False,False
.e321201,1,0.0,False,False
.e321202,1,0.0,False,False
.e321203,1,0.0,False,False
.e321204,1,0.0,False,False
.e321205,1,0.0,False,False
.e321206,1,0.0,False,False
.o321187,1,0.0,False,False
.o321188,1,0.0,False,False
.o321189,1,0.0,False,False
.o321190,1,0.0,False,False
.o321191,1,0.0,False,False
.o321192,1,0.0,False,False
.o321193,1,0.0,False,False
.o321194,1,0.0,False,False
.o321195,1,0.0,False,False
.o321196,1,0.0,False,False
.o321197,1,0.0,False,False
.o321198,1,0.0,False,False
.o321199,1,0.0,False,False
.o321200,1,0.0,False,False
.o321201,1,0.0,False,False
.o321202,1,0.0,False,False
.o321203,1,0.0,False,False
.o321204,1,0.0,False,False
.o321205,1,0.0,False,False
.o321206,1,0.0,False,False
.e321167,1,0.0,False,False
.e321168,1,0.0,False,False
.e321169,1,0.0,False,False
.e321170,1,0.0,False,False
.e321171,1,0.0,False,False
.e321172,1,0.0,False,False
.e321173,1,0.0,False,False
.e321174,1,0.0,False,False
.e321175,1,0.0,False,False
.e321176,1,0.0,False,False
.e321177,1,0.0,False,False
.e321178,1,0.0,False,False
.e321179,1,0.0,False,False
.e321180,1,0.0,False,False
.e321181,1,0.0,False,False
.e321182,1,0.0,False,False
.e321183,1,0.0,False,False
.e321184,1,0.0,False,False
.e321185,1,0.0,False,False
.e321186,1,0.0,False,False
.o321167,1,0.0,False,False
.o321168,1,0.0,False,False
.o321169,1,0.0,False,False
.o321170,1,0.0,False,False
.o321171,1,0.0,False,False
.o321172,1,0.0,False,False
.o321173,1,0.0,False,False
.o321174,1,0.0,False,False
.o321175,1,0.0,False,False
.o321176,1,0.0,False,False
.o321177,1,0.0,False,False
.o321178,1,0.0,False,False
.o321179,1,0.0,False,False
.o321180,1,0.0,False,False
.o321181,1,0.0,False,False
.o321182,1,0.0,False,False
.o321183,1,0.0,False,False
.o321184,1,0.0,False,False
.o321185,1,0.0,False,False
.o321186,1,0.0,False,False
.e321150,1,0.0,False,False
.o321150,1,0.0,False,False
.e322839,1,0.0,False,False
.e322840,1,0.0,False,False
.e322841,1,0.0,False,False
.e322842,1,0.0,False,False
.e322843,1,0.0,False,False
.e322844,1,0.0,False,False
.e322845,1,0.0,False,False
.e322846,1,0.0,False,False
.e322847,1,0.0,False,False
.e322848,1,0.0,False,False
.e322849,1,0.0,False,False
.e322850,1,0.0,False,False
.e322851,1,0.0,False,False
.e322852,1,0.0,False,False
.e322853,1,0.0,False,False
.e322854,1,0.0,False,False
.e322855,1,0.0,False,False
.e322856,1,0.0,False,False
.e322857,1,0.0,False,False
.e322858,1,0.0,False,False
.o322839,1,0.0,False,False
.o322840,1,0.0,False,False
.o322841,1,0.0,False,False
.o322842,1,0.0,False,False
.o322843,1,0.0,False,False
.o322844,1,0.0,False,False
.o322845,1,0.0,False,False
.o322846,1,0.0,False,False
.o322847,1,0.0,False,False
.o322848,1,0.0,False,False
.o322849,1,0.0,False,False
.o322850,1,0.0,False,False
.o322851,1,0.0,False,False
.o322852,1,0.0,False,False
.o322853,1,0.0,False,False
.o322854,1,0.0,False,False
.o322855,1,0.0,False,False
.o322856,1,0.0,False,False
.o322857,1,0.0,False,False
.o322858,1,0.0,False,False
.e322819,1,0.0,False,False
.e322820,1,0.0,False,False
.e322821,1,0.0,False,False
.e322822,1,0.0,False,False
.e322823,1,0.0,False,False
.e322824,1,0.0,False,False
.e322825,1,0.0,False,False
.e322826,1,0.0,False,False
.e322827,1,0.0,False,False
.e322828,1,0.0,False,False
.e322829,1,0.0,False,False
.e322830,1,0.0,False,False
.e322831,1,0.0,False,False
.e322832,1,0.0,False,False
.e322833,1,0.0,False,False
.e322834,1,0.0,False,False
.e322835,1,0.0,False,False
.e322836,1,0.0,False,False
.e322837,1,0.0,False,False
.e322838,1,0.0,False,False
.o322819,1,0.0,False,False
.o322820,1,0.0,False,False
.o322821,1,0.0,False,False
.o322822,1,0.0,False,False
.o322823,1,0.0,False,False
.o322824,1,0.0,False,False
.o322825,1,0.0,False,False
.o322826,1,0.0,False,False
.o322827,1,0.0,False,False
.o322828,1,0.0,False,False
.o322829,1,0.0,False,False
.o322830,1,0.0,False,False
.o322831,1,0.0,False,False
.o322832,1,0.0,False,False
.o322833,1,0.0,False,False
.o322834,1,0.0,False,False
.o322835,1,0.0,False,False
.o322836,1,0.0,False,False
.o322837,1,0.0,False,False
.o322838,1,0.0,False,False
.e322799,1,0.0,False,False
.e322800,1,0.0,False,False
.e322801,1,0.0,False,False
.e322802,1,0.0,False,False
.e322803,1,0.0,False,False
.e322804,1,0.0,False,False
.e322805,1,0.0,False,False
.e322806,1,0.0,False,False
.e322807,1,0.0,False,False
.e322808,1,0.0,False,False
.e322809,1,0.0,False,False
.e322810,1,0.0,False,False
.e322811,1,0.0,False,False
.e322812,1,0.0,False,False
.e322813,1,0.0,False,False
.e322814,1,0.0,False,False
.e322815,1,0.0,False,False
.e322816,1,0.0,False,False
.e322817,1,0.0,False,False
.e322818,1,0.0,False,False
.o322799,1,0.0,False,False
.o322800,1,0.0,False,False
.o322801,1,0.0,False,False
.o322802,1,0.0,False,False
.o322803,1,0.0,False,False
.o322804,1,0.0,False,False
.o322805,1,0.0,False,False
.o322806,1,0.0,False,False
.o322807,1,0.0,False,False
.o322808,1,0.0,False,False
.o322809,1,0.0,False,False
.o322810,1,0.0,False,False
.o322811,1,0.0,False,False
.o322812,1,0.0,False,False
.o322813,1,0.0,False,False
.o322814,1,0.0,False,False
.o322815,1,0.0,False,False
.o322816,1,0.0,False,False
.o322817,1,0.0,False,False
.o322818,1,0.0,False,False
.e322739,1,0.0,False,False
.e322740,1,0.0,False,False
.e322741,1,0.0,False,False
.e322742,1,0.0,False,False
.e322743,1,0.0,False,False
.e322744,1,0.0,False,False
.e322745,1,0.0,False,False
.e322746,1,0.0,False,False
.e322747,1,0.0,False,False
.e322748,1,0.0,False,False
.e322749,1,0.0,False,False
.e322750,1,0.0,False,False
.e322751,1,0.0,False,False
.e322752,1,0.0,False,False
.e322753,1,0.0,False,False
.e322754,1,0.0,False,False
.e322755,1,0.0,False,False
.e322756,1,0.0,False,False
.e322757,1,0.0,False,False
.e322758,1,0.0,False,False
.o322739,1,0.0,False,False
.o322740,1,0.0,False,False
.o322741,1,0.0,False,False
.o322742,1,0.0,False,False
.o322743,1,0.0,False,False
.o322744,1,0.0,False,False
.o322745,1,0.0,False,False
.o322746,1,0.0,False,False
.o322747,1,0.0,False,False
.o322748,1,0.0,False,False
.o322749,1,0.0,False,False
.o322750,1,0.0,False,False
.o322751,1,0.0,False,False
.o322752,1,0.0,False,False
.o322753,1,0.0,False,False
.o322754,1,0.0,False,False
.o322755,1,0.0,False,False
.o322756,1,0.0,False,False
.o322757,1,0.0,False,False
.o322758,1,0.0,False,False
.e322759,1,0.0,False,False
.e322760,1,0.0,False,False
.e322761,1,0.0,False,False
.e322762,1,0.0,False,False
.e322763,1,0.0,False,False
.e322764,1,0.0,False,False
.e322765,1,0.0,False,False
.e322766,1,0.0,False,False
.e322767,1,0.0,False,False
.e322768,1,0.0,False,False
.e322769,1,0.0,False,False
.e322770,1,0.0,False,False
.e322771,1,0.0,False,False
.e322772,1,0.0,False,False
.e322773,1,0.0,False,False
.e322774,1,0.0,False,False
.e322775,1,0.0,False,False
.e322776,1,0.0,False,False
.e322777,1,0.0,False,False
.e322778,1,0.0,False,False
.o322759,1,0.0,False,False
.o322760,1,0.0,False,False
.o322761,1,0.0,False,False
.o322762,1,0.0,False,False
.o322763,1,0.0,False,False
.o322764,1,0.0,False,False
.o322765,1,0.0,False,False
.o322766,1,0.0,False,False
.o322767,1,0.0,False,False
.o322768,1,0.0,False,False
.o322769,1,0.0,False,False
.o322770,1,0.0,False,False
.o322771,1,0.0,False,False
.o322772,1,0.0,False,False
.o322773,1,0.0,False,False
.o322774,1,0.0,False,False
.o322775,1,0.0,False,False
.o322776,1,0.0,False,False
.o322777,1,0.0,False,False
.o322778,1,0.0,False,False
.e322779,1,0.0,False,False
.e322780,1,0.0,False,False
.e322781,1,0.0,False,False
.e322782,1,0.0,False,False
.e322783,1,0.0,False,False
.e322784,1,0.0,False,False
.e322785,1,0.0,False,False
.e322786,1,0.0,False,False
.e322787,1,0.0,False,False
.e322788,1,0.0,False,False
.e322789,1,0.0,False,False
.e322790,1,0.0,False,False
.e322791,1,0.0,False,False
.e322792,1,0.0,False,False
.e322793,1,0.0,False,False
.e322794,1,0.0,False,False
.e322795,1,0.0,False,False
.e322796,1,0.0,False,False
.e322797,1,0.0,False,False
.e322798,1,0.0,False,False
.o322779,1,0.0,False,False
.o322780,1,0.0,False,False
.o322781,1,0.0,False,False
.o322782,1,0.0,False,False
.o322783,1,0.0,False,False
.o322784,1,0.0,False,False
.o322785,1,0.0,False,False
.o322786,1,0.0,False,False
.o322787,1,0.0,False,False
.o322788,1,0.0,False,False
.o322789,1,0.0,False,False
.o322790,1,0.0,False,False
.o322791,1,0.0,False,False
.o322792,1,0.0,False,False
.o322793,1,0.0,False,False
.o322794,1,0.0,False,False
.o322795,1,0.0,False,False
.o322796,1,0.0,False,False
.o322797,1,0.0,False,False
.o322798,1,0.0,False,False
.e323320,1,0.0,False,False
.e323321,1,0.0,False,False
.e323322,1,0.0,False,False
.e323323,1,0.0,False,False
.e323324,1,0.0,False,False
.e323325,1,0.0,False,False
.e323326,1,0.0,False,False
.e323327,1,0.0,False,False
.e323328,1,0.0,False,False
.e323329,1,0.0,False,False
.e323330,1,0.0,False,False
.e323331,1,0.0,False,False
.e323332,1,0.0,False,False
.e323333,1,0.0,False,False
.e323334,1,0.0,False,False
.e323335,1,0.0,False,False
.e323336,1,0.0,False,False
.e323337,1,0.0,False,False
.e323338,1,0.0,False,False
.e323339,1,0.0,False,False
.o323320,1,0.0,False,False
.o323321,1,0.0,False,False
.o323322,1,0.0,False,False
.o323323,1,0.0,False,False
.o323324,1,0.0,False,False
.o323325,1,0.0,False,False
.o323326,1,0.0,False,False
.o323327,1,0.0,False,False
.o323328,1,0.0,False,False
.o323329,1,0.0,False,False
.o323330,1,0.0,False,False
.o323331,1,0.0,False,False
.o323332,1,0.0,False,False
.o323333,1,0.0,False,False
.o323334,1,0.0,False,False
.o323335,1,0.0,False,False
.o323336,1,0.0,False,False
.o323337,1,0.0,False,False
.o323338,1,0.0,False,False
.o323339,1,0.0,False,False
.e323200,1,0.0,False,False
.e323201,1,0.0,False,False
.e323202,1,0.0,False,False
.e323203,1,0.0,False,False
.e323204,1,0.0,False,False
.e323205,1,0.0,False,False
.e323206,1,0.0,False,False
.e323207,1,0.0,False,False
.e323208,1,0.0,False,False
.e323209,1,0.0,False,False
.e323210,1,0.0,False,False
.e323212,1,0.0,False,False
.e323213,1,0.0,False,False
.e323214,1,0.0,False,False
.e323215,1,0.0,False,False
.e323216,1,0.0,False,False
.e323217,1,0.0,False,False
.e323218,1,0.0,False,False
.e323219,1,0.0,False,False
.e323220,1,0.0,False,False
.o323200,1,0.0,False,False
.o323201,1,0.0,False,False
.o323202,1,0.0,False,False
.o323203,1,0.0,False,False
.o323204,1,0.0,False,False
.o323205,1,0.0,False,False
.o323206,1,0.0,False,False
.o323207,1,0.0,False,False
.o323208,1,0.0,False,False
.o323209,1,0.0,False,False
.o323210,1,0.0,False,False
.o323212,1,0.0,False,False
.o323213,1,0.0,False,False
.o323214,1,0.0,False,False
.o323215,1,0.0,False,False
.o323216,1,0.0,False,False
.o323217,1,0.0,False,False
.o323218,1,0.0,False,False
.o323219,1,0.0,False,False
.o323220,1,0.0,False,False
.e323178,1,0.0,False,False
.e323179,1,0.0,False,False
.e323180,1,0.0,False,False
.e323181,1,0.0,False,False
.e323182,1,0.0,False,False
.e323183,1,0.0,False,False
.e323184,1,0.0,False,False
.e323185,1,0.0,False,False
.e323186,1,0.0,False,False
.e323187,1,0.0,False,False
.e323188,1,0.0,False,False
.e323189,1,0.0,False,False
.e323190,1,0.0,False,False
.e323191,1,0.0,False,False
.e323192,1,0.0,False,False
.e323193,1,0.0,False,False
.e323194,1,0.0,False,False
.e323195,1,0.0,False,False
.e323196,1,0.0,False,False
.e323197,1,0.0,False,False
.o323178,1,0.0,False,False
.o323179,1,0.0,False,False
.o323180,1,0.0,False,False
.o323181,1,0.0,False,False
.o323182,1,0.0,False,False
.o323183,1,0.0,False,False
.o323184,1,0.0,False,False
.o323185,1,0.0,False,False
.o323186,1,0.0,False,False
.o323187,1,0.0,False,False
.o323188,1,0.0,False,False
.o323189,1,0.0,False,False
.o323190,1,0.0,False,False
.o323191,1,0.0,False,False
.o323192,1,0.0,False,False
.o323193,1,0.0,False,False
.o323194,1,0.0,False,False
.o323195,1,0.0,False,False
.o323196,1,0.0,False,False
.o323197,1,0.0,False,False
.e323797,1,0.0,False,False
.e323798,1,0.0,False,False
.e323799,1,0.0,False,False
.e323800,1,0.0,False,False
.e323801,1,0.0,False,False
.e323802,1,0.0,False,False
.e323803,1,0.0,False,False
.e323804,1,0.0,False,False
.e323805,1,0.0,False,False
.e323806,1,0.0,False,False
.e323807,1,0.0,False,False
.e323808,1,0.0,False,False
.e323809,1,0.0,False,False
.e323810,1,0.0,False,False
.e323811,1,0.0,False,False
.e323812,1,0.0,False,False
.e323813,1,0.0,False,False
.e323814,1,0.0,False,False
.e323815,1,0.0,False,False
.e323816,1,0.0,False,False
.o323797,1,0.0,False,False
.o323798,1,0.0,False,False
.o323799,1,0.0,False,False
.o323800,1,0.0,False,False
.o323801,1,0.0,False,False
.o323802,1,0.0,False,False
.o323803,1,0.0,False,False
.o323804,1,0.0,False,False
.o323805,1,0.0,False,False
.o323806,1,0.0,False,False
.o323807,1,0.0,False,False
.o323808,1,0.0,False,False
.o323809,1,0.0,False,False
.o323810,1,0.0,False,False
.o323811,1,0.0,False,False
.o323812,1,0.0,False,False
.o323813,1,0.0,False,False
.o323814,1,0.0,False,False
.o323815,1,0.0,False,False
.o323816,1,0.0,False,False
.e323817,1,0.0,False,False
.e323818,1,0.0,False,False
.e323819,1,0.0,False,False
.e323820,1,0.0,False,False
.e323821,1,0.0,False,False
.e323822,1,0.0,False,False
.e323823,1,0.0,False,False
.e323824,1,0.0,False,False
.e323825,1,0.0,False,False
.e323826,1,0.0,False,False
.e323827,1,0.0,False,False
.e323828,1,0.0,False,False
.e323829,1,0.0,False,False
.e323830,1,0.0,False,False
.e323831,1,0.0,False,False
.e323832,1,0.0,False,False
.e323833,1,0.0,False,False
.e323834,1,0.0,False,False
.e323835,1,0.0,False,False
.e323836,1,0.0,False,False
.o323817,1,0.0,False,False
.o323818,1,0.0,False,False
.o323819,1,0.0,False,False
.o323820,1,0.0,False,False
.o323821,1,0.0,False,False
.o323822,1,0.0,False,False
.o323823,1,0.0,False,False
.o323824,1,0.0,False,False
.o323825,1,0.0,False,False
.o323826,1,0.0,False,False
.o323827,1,0.0,False,False
.o323828,1,0.0,False,False
.o323829,1,0.0,False,False
.o323830,1,0.0,False,False
.o323831,1,0.0,False,False
.o323832,1,0.0,False,False
.o323833,1,0.0,False,False
.o323834,1,0.0,False,False
.o323835,1,0.0,False,False
.o323836,1,0.0,False,False
.e321622,1,0.0,False,False
.e321623,1,0.0,False,False
.e321624,1,0.0,False,False
.e321625,1,0.0,False,False
.e321626,1,0.0,False,False
.e321627,1,0.0,False,False
.e321628,1,0.0,False,False
.e321629,1,0.0,False,False
.e321630,1,0.0,False,False
.e321631,1,0.0,False,False
.e321632,1,0.0,False,False
.e321633,1,0.0,False,False
.e321634,1,0.0,False,False
.e321635,1,0.0,False,False
.e321636,1,0.0,False,False
.e321637,1,0.0,False,False
.e321638,1,0.0,False,False
.e321639,1,0.0,False,False
.e321640,1,0.0,False,False
.e321641,1,0.0,False,False
.o321622,1,0.0,False,False
.o321623,1,0.0,False,False
.o321624,1,0.0,False,False
.o321625,1,0.0,False,False
.o321626,1,0.0,False,False
.o321627,1,0.0,False,False
.o321628,1,0.0,False,False
.o321629,1,0.0,False,False
.o321630,1,0.0,False,False
.o321631,1,0.0,False,False
.o321632,1,0.0,False,False
.o321633,1,0.0,False,False
.o321634,1,0.0,False,False
.o321635,1,0.0,False,False
.o321636,1,0.0,False,False
.o321637,1,0.0,False,False
.o321638,1,0.0,False,False
.o321639,1,0.0,False,False
.o321640,1,0.0,False,False
.o321641,1,0.0,False,False
.e326633,1,0.0,False,False
.e326634,1,0.0,False,False
.e326635,1,0.0,False,False
.e326636,1,0.0,False,False
.e326637,1,0.0,False,False
.e326638,1,0.0,False,False
.e326639,1,0.0,False,False
.e326640,1,0.0,False,False
.e326641,1,0.0,False,False
.e326642,1,0.0,False,False
.e326643,1,0.0,False,False
.e326644,1,0.0,False,False
.e326645,1,0.0,False,False
.e326646,1,0.0,False,False
.e326647,1,0.0,False,False
.e326648,1,0.0,False,False
.e326649,1,0.0,False,False
.e326650,1,0.0,False,False
.e326651,1,0.0,False,False
.e326652,1,0.0,False,False
.o326633,1,0.0,False,False
.o326634,1,0.0,False,False
.o326635,1,0.0,False,False
.o326636,1,0.0,False,False
.o326637,1,0.0,False,False
.o326638,1,0.0,False,False
.o326639,1,0.0,False,False
.o326640,1,0.0,False,False
.o326641,1,0.0,False,False
.o326642,1,0.0,False,False
.o326643,1,0.0,False,False
.o326644,1,0.0,False,False
.o326645,1,0.0,False,False
.o326646,1,0.0,False,False
.o326647,1,0.0,False,False
.o326648,1,0.0,False,False
.o326649,1,0.0,False,False
.o326650,1,0.0,False,False
.o326651,1,0.0,False,False
.o326652,1,0.0,False,False
.e321582,1,0.0,False,False
.e321583,1,0.0,False,False
.e321584,1,0.0,False,False
.e321585,1,0.0,False,False
.e321586,1,0.0,False,False
.e321587,1,0.0,False,False
.e321588,1,0.0,False,False
.e321589,1,0.0,False,False
.e321590,1,0.0,False,False
.e321591,1,0.0,False,False
.e321592,1,0.0,False,False
.e321593,1,0.0,False,False
.e321594,1,0.0,False,False
.e321595,1,0.0,False,False
.e321596,1,0.0,False,False
.e321597,1,0.0,False,False
.e321598,1,0.0,False,False
.e321599,1,0.0,False,False
.e321600,1,0.0,False,False
.e321601,1,0.0,False,False
.o321582,1,0.0,False,False
.o321583,1,0.0,False,False
.o321584,1,0.0,False,False
.o321585,1,0.0,False,False
.o321586,1,0.0,False,False
.o321587,1,0.0,False,False
.o321588,1,0.0,False,False
.o321589,1,0.0,False,False
.o321590,1,0.0,False,False
.o321591,1,0.0,False,False
.o321592,1,0.0,False,False
.o321593,1,0.0,False,False
.o321594,1,0.0,False,False
.o321595,1,0.0,False,False
.o321596,1,0.0,False,False
.o321597,1,0.0,False,False
.o321598,1,0.0,False,False
.o321599,1,0.0,False,False
.o321600,1,0.0,False,False
.o321601,1,0.0,False,False
.e321602,1,0.0,False,False
.e321603,1,0.0,False,False
.e321604,1,0.0,False,False
.e321605,1,0.0,False,False
.e321606,1,0.0,False,False
.e321607,1,0.0,False,False
.e321608,1,0.0,False,False
.e321609,1,0.0,False,False
.e321610,1,0.0,False,False
.e321611,1,0.0,False,False
.e321612,1,0.0,False,False
.e321613,1,0.0,False,False
.e321614,1,0.0,False,False
.e321615,1,0.0,False,False
.e321616,1,0.0,False,False
.e321617,1,0.0,False,False
.e321618,1,0.0,False,False
.e321619,1,0.0,False,False
.e321620,1,0.0,False,False
.e321621,1,0.0,False,False
.o321602,1,0.0,False,False
.o321603,1,0.0,False,False
.o321604,1,0.0,False,False
.o321605,1,0.0,False,False
.o321606,1,0.0,False,False
.o321607,1,0.0,False,False
.o321608,1,0.0,False,False
.o321609,1,0.0,False,False
.o321610,1,0.0,False,False
.o321611,1,0.0,False,False
.o321612,1,0.0,False,False
.o321613,1,0.0,False,False
.o321614,1,0.0,False,False
.o321615,1,0.0,False,False
.o321616,1,0.0,False,False
.o321617,1,0.0,False,False
.o321618,1,0.0,False,False
.o321619,1,0.0,False,False
.o321620,1,0.0,False,False
.o321621,1,0.0,False,False
.e321314,1,0.0,False,False
.e321315,1,0.0,False,False
.e321316,1,0.0,False,False
.e321317,1,0.0,False,False
.e321318,1,0.0,False,False
.e321319,1,0.0,False,False
.e321320,1,0.0,False,False
.e321321,1,0.0,False,False
.e321322,1,0.0,False,False
.e321323,1,0.0,False,False
.e321514,1,0.0,False,False
.e326376,1,0.0,False,False
.e326377,1,0.0,False,False
.e326378,1,0.0,False,False
.e326379,1,0.0,False,False
.e326380,1,0.0,False,False
.e326381,1,0.0,False,False
.e326382,1,0.0,False,False
.e326383,1,0.0,False,False
.e326384,1,0.0,False,False
.e326385,1,0.0,False,False
.o321314,1,0.0,False,False
.o321315,1,0.0,False,False
.o321316,1,0.0,False,False
.o321317,1,0.0,False,False
.o321318,1,0.0,False,False
.o321319,1,0.0,False,False
.o321320,1,0.0,False,False
.o321321,1,0.0,False,False
.o321322,1,0.0,False,False
.o321323,1,0.0,False,False
.o321514,1,0.0,False,False
.o326376,1,0.0,False,False
.o326377,1,0.0,False,False
.o326378,1,0.0,False,False
.o326379,1,0.0,False,False
.o326380,1,0.0,False,False
.o326381,1,0.0,False,False
.o326382,1,0.0,False,False
.o326383,1,0.0,False,False
.o326384,1,0.0,False,False
.o326385,1,0.0,False,False
.e321283,1,0.0,False,False
.e321284,1,0.0,False,False
.e321285,1,0.0,False,False
.e321286,1,0.0,False,False
.e321287,1,0.0,False,False
.e321288,1,0.0,False,False
.e321289,1,0.0,False,False
.e321290,1,0.0,False,False
.e321291,1,0.0,False,False
.e321292,1,0.0,False,False
.e326386,1,0.0,False,False
.e326387,1,0.0,False,False
.e326388,1,0.0,False,False
.e326389,1,0.0,False,False
.e326390,1,0.0,False,False
.e326391,1,0.0,False,False
.e326392,1,0.0,False,False
.e326393,1,0.0,False,False
.e326394,1,0.0,False,False
.e326395,1,0.0,False,False
.o321283,1,0.0,False,False
.o321284,1,0.0,False,False
.o321285,1,0.0,False,False
.o321286,1,0.0,False,False
.o321287,1,0.0,False,False
.o321288,1,0.0,False,False
.o321289,1,0.0,False,False
.o321290,1,0.0,False,False
.o321291,1,0.0,False,False
.o321292,1,0.0,False,False
.o326386,1,0.0,False,False
.o326387,1,0.0,False,False
.o326388,1,0.0,False,False
.o326389,1,0.0,False,False
.o326390,1,0.0,False,False
.o326391,1,0.0,False,False
.o326392,1,0.0,False,False
.o326393,1,0.0,False,False
.o326394,1,0.0,False,False
.o326395,1,0.0,False,False
.e321293,1,0.0,False,False
.e321294,1,0.0,False,False
.e321295,1,0.0,False,False
.e321296,1,0.0,False,False
.e321297,1,0.0,False,False
.e321298,1,0.0,False,False
.e321299,1,0.0,False,False
.e321300,1,0.0,False,False
.e321301,1,0.0,False,False
.e321302,1,0.0,False,False
.e321303,1,0.0,False,False
.e321304,1,0.0,False,False
.e321306,1,0.0,False,False
.e321307,1,0.0,False,False
.e321308,1,0.0,False,False
.e321309,1,0.0,False,False
.e321310,1,0.0,False,False
.e321311,1,0.0,False,False
.e321312,1,0.0,False,False
.e321313,1,0.0,False,False
.o321293,1,0.0,False,False
.o321294,1,0.0,False,False
.o321295,1,0.0,False,False
.o321296,1,0.0,False,False
.o321297,1,0.0,False,False
.o321298,1,0.0,False,False
.o321299,1,0.0,False,False
.o321300,1,0.0,False,False
.o321301,1,0.0,False,False
.o321302,1,0.0,False,False
.o321303,1,0.0,False,False
.o321304,1,0.0,False,False
.o321306,1,0.0,False,False
.o321307,1,0.0,False,False
.o321308,1,0.0,False,False
.o321309,1,0.0,False,False
.o321310,1,0.0,False,False
.o321311,1,0.0,False,False
.o321312,1,0.0,False,False
.o321313,1,0.0,False,False
.e322994,1,0.0,False,False
.e322995,1,0.0,False,False
.e322996,1,0.0,False,False
.e322997,1,0.0,False,False
.e322998,1,0.0,False,False
.e322999,1,0.0,False,False
.e323000,1,0.0,False,False
.e323001,1,0.0,False,False
.e323002,1,0.0,False,False
.e323003,1,0.0,False,False
.e323004,1,0.0,False,False
.e323005,1,0.0,False,False
.e323006,1,0.0,False,False
.e323007,1,0.0,False,False
.e323008,1,0.0,False,False
.e323009,1,0.0,False,False
.e323010,1,0.0,False,False
.e323011,1,0.0,False,False
.e323012,1,0.0,False,False
.e323013,1,0.0,False,False
.o322994,1,0.0,False,False
.o322995,1,0.0,False,False
.o322996,1,0.0,False,False
.o322997,1,0.0,False,False
.o322998,1,0.0,False,False
.o322999,1,0.0,False,False
.o323000,1,0.0,False,False
.o323001,1,0.0,False,False
.o323002,1,0.0,False,False
.o323003,1,0.0,False,False
.o323004,1,0.0,False,False
.o323005,1,0.0,False,False
.o323006,1,0.0,False,False
.o323007,1,0.0,False,False
.o323008,1,0.0,False,False
.o323009,1,0.0,False,False
.o323010,1,0.0,False,False
.o323011,1,0.0,False,False
.o323012,1,0.0,False,False
.o323013,1,0.0,False,False
.e323034,1,0.0,False,False
.e323035,1,0.0,False,False
.e323036,1,0.0,False,False
.e323037,1,0.0,False,False
.e323038,1,0.0,False,False
.e323039,1,0.0,False,False
.e323040,1,0.0,False,False
.e323041,1,0.0,False,False
.e323042,1,0.0,False,False
.e323043,1,0.0,False,False
.e323044,1,0.0,False,False
.e323045,1,0.0,False,False
.e323046,1,0.0,False,False
.e323047,1,0.0,False,False
.e323048,1,0.0,False,False
.e323049,1,0.0,False,False
.e323050,1,0.0,False,False
.e323051,1,0.0,False,False
.e323052,1,0.0,False,False
.e323053,1,0.0,False,False
.o323034,1,0.0,False,False
.o323035,1,0.0,False,False
.o323036,1,0.0,False,False
.o323037,1,0.0,False,False
.o323038,1,0.0,False,False
.o323039,1,0.0,False,False
.o323040,1,0.0,False,False
.o323041,1,0.0,False,False
.o323042,1,0.0,False,False
.o323043,1,0.0,False,False
.o323044,1,0.0,False,False
.o323045,1,0.0,False,False
.o323046,1,0.0,False,False
.o323047,1,0.0,False,False
.o323048,1,0.0,False,False
.o323049,1,0.0,False,False
.o323050,1,0.0,False,False
.o323051,1,0.0,False,False
.o323052,1,0.0,False,False
.o323053,1,0.0,False,False
.e323014,1,0.0,False,False
.e323015,1,0.0,False,False
.e323016,1,0.0,False,False
.e323017,1,0.0,False,False
.e323018,1,0.0,False,False
.e323019,1,0.0,False,False
.e323020,1,0.0,False,False
.e323021,1,0.0,False,False
.e323022,1,0.0,False,False
.e323023,1,0.0,False,False
.e323024,1,0.0,False,False
.e323025,1,0.0,False,False
.e323026,1,0.0,False,False
.e323027,1,0.0,False,False
.e323028,1,0.0,False,False
.e323029,1,0.0,False,False
.e323030,1,0.0,False,False
.e323031,1,0.0,False,False
.e323032,1,0.0,False,False
.e323033,1,0.0,False,False
.o323014,1,0.0,False,False
.o323015,1,0.0,False,False
.o323016,1,0.0,False,False
.o323017,1,0.0,False,False
.o323018,1,0.0,False,False
.o323019,1,0.0,False,False
.o323020,1,0.0,False,False
.o323021,1,0.0,False,False
.o323022,1,0.0,False,False
.o323023,1,0.0,False,False
.o323024,1,0.0,False,False
.o323025,1,0.0,False,False
.o323026,1,0.0,False,False
.o323027,1,0.0,False,False
.o323028,1,0.0,False,False
.o323029,1,0.0,False,False
.o323030,1,0.0,False,False
.o323031,1,0.0,False,False
.o323032,1,0.0,False,False
.o323033,1,0.0,False,False
.e323470,1,0.0,False,False
.e323471,1,0.0,False,False
.e323472,1,0.0,False,False
.e323473,1,0.0,False,False
.e323474,1,0.0,False,False
.e323475,1,0.0,False,False
.e323476,1,0.0,False,False
.e323477,1,0.0,False,False
.e323478,1,0.0,False,False
.e323479,1,0.0,False,False
.e326396,1,0.0,False,False
.e326397,1,0.0,False,False
.e326398,1,0.0,False,False
.e326399,1,0.0,False,False
.e326400,1,0.0,False,False
.e326401,1,0.0,False,False
.e326402,1,0.0,False,False
.e326403,1,0.0,False,False
.o323470,1,0.0,False,False
.o323471,1,0.0,False,False
.o323472,1,0.0,False,False
.o323473,1,0.0,False,False
.o323474,1,0.0,False,False
.o323475,1,0.0,False,False
.o323476,1,0.0,False,False
.o323477,1,0.0,False,False
.o323478,1,0.0,False,False
.o323479,1,0.0,False,False
.o326396,1,0.0,False,False
.o326397,1,0.0,False,False
.o326398,1,0.0,False,False
.o326399,1,0.0,False,False
.o326400,1,0.0,False,False
.o326401,1,0.0,False,False
.o326402,1,0.0,False,False
.o326403,1,0.0,False,False
.e323460,1,0.0,False,False
.e323461,1,0.0,False,False
.e323462,1,0.0,False,False
.e323463,1,0.0,False,False
.e323464,1,0.0,False,False
.e323465,1,0.0,False,False
.e323466,1,0.0,False,False
.e323467,1,0.0,False,False
.e323468,1,0.0,False,False
.e323469,1,0.0,False,False
.e326620,1,0.0,False,False
.e326621,1,0.0,False,False
.e326622,1,0.0,False,False
.e326623,1,0.0,False,False
.e326624,1,0.0,False,False
.e326625,1,0.0,False,False
.e326626,1,0.0,False,False
.e326627,1,0.0,False,False
.e326628,1,0.0,False,False
.e326629,1,0.0,False,False
.o323460,1,0.0,False,False
.o323461,1,0.0,False,False
.o323462,1,0.0,False,False
.o323463,1,0.0,False,False
.o323464,1,0.0,False,False
.o323465,1,0.0,False,False
.o323466,1,0.0,False,False
.o323467,1,0.0,False,False
.o323468,1,0.0,False,False
.o323469,1,0.0,False,False
.o326620,1,0.0,False,False
.o326621,1,0.0,False,False
.o326622,1,0.0,False,False
.o326623,1,0.0,False,False
.o326624,1,0.0,False,False
.o326625,1,0.0,False,False
.o326626,1,0.0,False,False
.o326627,1,0.0,False,False
.o326628,1,0.0,False,False
.o326629,1,0.0,False,False
.e323440,1,0.0,False,False
.e323441,1,0.0,False,False
.e323442,1,0.0,False,False
.e323443,1,0.0,False,False
.e323444,1,0.0,False,False
.e323445,1,0.0,False,False
.e323446,1,0.0,False,False
.e323447,1,0.0,False,False
.e323448,1,0.0,False,False
.e323449,1,0.0,False,False
.e323450,1,0.0,False,False
.e323451,1,0.0,False,False
.e323452,1,0.0,False,False
.e323453,1,0.0,False,False
.e323454,1,0.0,False,False
.e323455,1,0.0,False,False
.e323456,1,0.0,False,False
.e323457,1,0.0,False,False
.e323458,1,0.0,False,False
.e323459,1,0.0,False,False
.o323440,1,0.0,False,False
.o323441,1,0.0,False,False
.o323442,1,0.0,False,False
.o323443,1,0.0,False,False
.o323444,1,0.0,False,False
.o323445,1,0.0,False,False
.o323446,1,0.0,False,False
.o323447,1,0.0,False,False
.o323448,1,0.0,False,False
.o323449,1,0.0,False,False
.o323450,1,0.0,False,False
.o323451,1,0.0,False,False
.o323452,1,0.0,False,False
.o323453,1,0.0,False,False
.o323454,1,0.0,False,False
.o323455,1,0.0,False,False
.o323456,1,0.0,False,False
.o323457,1,0.0,False,False
.o323458,1,0.0,False,False
.o323459,1,0.0,False,False
.e322180,1,0.0,False,False
.e322181,1,0.0,False,False
.e322182,1,0.0,False,False
.e322183,1,0.0,False,False
.e322184,1,0.0,False,False
.e322185,1,0.0,False,False
.e322186,1,0.0,False,False
.e322187,1,0.0,False,False
.e322188,1,0.0,False,False
.e322189,1,0.0,False,False
.e322190,1,0.0,False,False
.e322191,1,0.0,False,False
.e322192,1,0.0,False,False
.e322193,1,0.0,False,False
.e322194,1,0.0,False,False
.e322195,1,0.0,False,False
.e322196,1,0.0,False,False
.e322197,1,0.0,False,False
.e322198,1,0.0,False,False
.e322199,1,0.0,False,False
.o322180,1,0.0,False,False
.o322181,1,0.0,False,False
.o322182,1,0.0,False,False
.o322183,1,0.0,False,False
.o322184,1,0.0,False,False
.o322185,1,0.0,False,False
.o322186,1,0.0,False,False
.o322187,1,0.0,False,False
.o322188,1,0.0,False,False
.o322189,1,0.0,False,False
.o322190,1,0.0,False,False
.o322191,1,0.0,False,False
.o322192,1,0.0,False,False
.o322193,1,0.0,False,False
.o322194,1,0.0,False,False
.o322195,1,0.0,False,False
.o322196,1,0.0,False,False
.o322197,1,0.0,False,False
.o322198,1,0.0,False,False
.o322199,1,0.0,False,False
.e322200,1,0.0,False,False
.e322201,1,0.0,False,False
.e322202,1,0.0,False,False
.e322203,1,0.0,False,False
.e322204,1,0.0,False,False
.e322205,1,0.0,False,False
.e322206,1,0.0,False,False
.e322207,1,0.0,False,False
.e322208,1,0.0,False,False
.e322209,1,0.0,False,False
.e322210,1,0.0,False,False
.e322211,1,0.0,False,False
.e322212,1,0.0,False,False
.e322213,1,0.0,False,False
.e322214,1,0.0,False,False
.e322215,1,0.0,False,False
.e322216,1,0.0,False,False
.e322217,1,0.0,False,False
.e322218,1,0.0,False,False
.e322219,1,0.0,False,False
.o322200,1,0.0,False,False
.o322201,1,0.0,False,False
.o322202,1,0.0,False,False
.o322203,1,0.0,False,False
.o322204,1,0.0,False,False
.o322205,1,0.0,False,False
.o322206,1,0.0,False,False
.o322207,1,0.0,False,False
.o322208,1,0.0,False,False
.o322209,1,0.0,False,False
.o322210,1,0.0,False,False
.o322211,1,0.0,False,False
.o322212,1,0.0,False,False
.o322213,1,0.0,False,False
.o322214,1,0.0,False,False
.o322215,1,0.0,False,False
.o322216,1,0.0,False,False
.o322217,1,0.0,False,False
.o322218,1,0.0,False,False
.o322219,1,0.0,False,False
.e322562,1,0.0,False,False
.e322563,1,0.0,False,False
.e322564,1,0.0,False,False
.e322565,1,0.0,False,False
.e322566,1,0.0,False,False
.e322567,1,0.0,False,False
.e322568,1,0.0,False,False
.e322569,1,0.0,False,False
.e322570,1,0.0,False,False
.e322571,1,0.0,False,False
.e322572,1,0.0,False,False
.e322573,1,0.0,False,False
.e322574,1,0.0,False,False
.e322575,1,0.0,False,False
.e322576,1,0.0,False,False
.e322577,1,0.0,False,False
.e322578,1,0.0,False,False
.e322579,1,0.0,False,False
.e322580,1,0.0,False,False
.e322581,1,0.0,False,False
.o322562,1,0.0,False,False
.o322563,1,0.0,False,False
.o322564,1,0.0,False,False
.o322565,1,0.0,False,False
.o322566,1,0.0,False,False
.o322567,1,0.0,False,False
.o322568,1,0.0,False,False
.o322569,1,0.0,False,False
.o322570,1,0.0,False,False
.o322571,1,0.0,False,False
.o322572,1,0.0,False,False
.o322573,1,0.0,False,False
.o322574,1,0.0,False,False
.o322575,1,0.0,False,False
.o322576,1,0.0,False,False
.o322577,1,0.0,False,False
.o322578,1,0.0,False,False
.o322579,1,0.0,False,False
.o322580,1,0.0,False,False
.o322581,1,0.0,False,False
.e321378,1,0.0,False,False
.e321379,1,0.0,False,False
.e321380,1,0.0,False,False
.e321381,1,0.0,False,False
.e321382,1,0.0,False,False
.e321383,1,0.0,False,False
.e321384,1,0.0,False,False
.e321385,1,0.0,False,False
.e321386,1,0.0,False,False
.e321387,1,0.0,False,False
.e321388,1,0.0,False,False
.e321389,1,0.0,False,False
.e321390,1,0.0,False,False
.e321391,1,0.0,False,False
.e321392,1,0.0,False,False
.e321393,1,0.0,False,False
.e321394,1,0.0,False,False
.e321395,1,0.0,False,False
.e321396,1,0.0,False,False
.e321397,1,0.0,False,False
.o321378,1,0.0,False,False
.o321379,1,0.0,False,False
.o321380,1,0.0,False,False
.o321381,1,0.0,False,False
.o321382,1,0.0,False,False
.o321383,1,0.0,False,False
.o321384,1,0.0,False,False
.o321385,1,0.0,False,False
.o321386,1,0.0,False,False
.o321387,1,0.0,False,False
.o321388,1,0.0,False,False
.o321389,1,0.0,False,False
.o321390,1,0.0,False,False
.o321391,1,0.0,False,False
.o321392,1,0.0,False,False
.o321393,1,0.0,False,False
.o321394,1,0.0,False,False
.o321395,1,0.0,False,False
.o321396,1,0.0,False,False
.o321397,1,0.0,False,False
.e321358,1,0.0,False,False
.e321359,1,0.0,False,False
.e321360,1,0.0,False,False
.e321361,1,0.0,False,False
.e321362,1,0.0,False,False
.e321363,1,0.0,False,False
.e321364,1,0.0,False,False
.e321365,1,0.0,False,False
.e321366,1,0.0,False,False
.e321367,1,0.0,False,False
.e321368,1,0.0,False,False
.e321369,1,0.0,False,False
.e321370,1,0.0,False,False
.e321371,1,0.0,False,False
.e321372,1,0.0,False,False
.e321373,1,0.0,False,False
.e321374,1,0.0,False,False
.e321375,1,0.0,False,False
.e321376,1,0.0,False,False
.e321377,1,0.0,False,False
.o321358,1,0.0,False,False
.o321359,1,0.0,False,False
.o321360,1,0.0,False,False
.o321361,1,0.0,False,False
.o321362,1,0.0,False,False
.o321363,1,0.0,False,False
.o321364,1,0.0,False,False
.o321365,1,0.0,False,False
.o321366,1,0.0,False,False
.o321367,1,0.0,False,False
.o321368,1,0.0,False,False
.o321369,1,0.0,False,False
.o321370,1,0.0,False,False
.o321371,1,0.0,False,False
.o321372,1,0.0,False,False
.o321373,1,0.0,False,False
.o321374,1,0.0,False,False
.o321375,1,0.0,False,False
.o321376,1,0.0,False,False
.o321377,1,0.0,False,False
.e321338,1,0.0,False,False
.e321339,1,0.0,False,False
.e321340,1,0.0,False,False
.e321341,1,0.0,False,False
.e321342,1,0.0,False,False
.e321343,1,0.0,False,False
.e321344,1,0.0,False,False
.e321345,1,0.0,False,False
.e321346,1,0.0,False,False
.e321347,1,0.0,False,False
.e321348,1,0.0,False,False
.e321349,1,0.0,False,False
.e321350,1,0.0,False,False
.e321351,1,0.0,False,False
.e321352,1,0.0,False,False
.e321353,1,0.0,False,False
.e321354,1,0.0,False,False
.e321355,1,0.0,False,False
.e321356,1,0.0,False,False
.e321357,1,0.0,False,False
.o321338,1,0.0,False,False
.o321339,1,0.0,False,False
.o321340,1,0.0,False,False
.o321341,1,0.0,False,False
.o321342,1,0.0,False,False
.o321343,1,0.0,False,False
.o321344,1,0.0,False,False
.o321345,1,0.0,False,False
.o321346,1,0.0,False,False
.o321347,1,0.0,False,False
.o321348,1,0.0,False,False
.o321349,1,0.0,False,False
.o321350,1,0.0,False,False
.o321351,1,0.0,False,False
.o321352,1,0.0,False,False
.o321353,1,0.0,False,False
.o321354,1,0.0,False,False
.o321355,1,0.0,False,False
.o321356,1,0.0,False,False
.o321357,1,0.0,False,False
.e322872,1,0.0,False,False
.e322873,1,0.0,False,False
.e322874,1,0.0,False,False
.e322875,1,0.0,False,False
.e322876,1,0.0,False,False
.e322877,1,0.0,False,False
.e322878,1,0.0,False,False
.e322879,1,0.0,False,False
.e322880,1,0.0,False,False
.e322881,1,0.0,False,False
.e322882,1,0.0,False,False
.e322883,1,0.0,False,False
.e322884,1,0.0,False,False
.e322885,1,0.0,False,False
.e322886,1,0.0,False,False
.e322887,1,0.0,False,False
.e322888,1,0.0,False,False
.e322889,1,0.0,False,False
.e322890,1,0.0,False,False
.e322891,1,0.0,False,False
.o322872,1,0.0,False,False
.o322873,1,0.0,False,False
.o322874,1,0.0,False,False
.o322875,1,0.0,False,False
.o322876,1,0.0,False,False
.o322877,1,0.0,False,False
.o322878,1,0.0,False,False
.o322879,1,0.0,False,False
.o322880,1,0.0,False,False
.o322881,1,0.0,False,False
.o322882,1,0.0,False,False
.o322883,1,0.0,False,False
.o322884,1,0.0,False,False
.o322885,1,0.0,False,False
.o322886,1,0.0,False,False
.o322887,1,0.0,False,False
.o322888,1,0.0,False,False
.o322889,1,0.0,False,False
.o322890,1,0.0,False,False
.o322891,1,0.0,False,False
.e322894,1,0.0,False,False
.e322895,1,0.0,False,False
.e322896,1,0.0,False,False
.e322897,1,0.0,False,False
.e322898,1,0.0,False,False
.e322899,1,0.0,False,False
.e322900,1,0.0,False,False
.e322901,1,0.0,False,False
.e322902,1,0.0,False,False
.e322903,1,0.0,False,False
.e322904,1,0.0,False,False
.e322905,1,0.0,False,False
.e322906,1,0.0,False,False
.e322907,1,0.0,False,False
.e322908,1,0.0,False,False
.e322909,1,0.0,False,False
.e322910,1,0.0,False,False
.e322911,1,0.0,False,False
.e322912,1,0.0,False,False
.e322913,1,0.0,False,False
.o322894,1,0.0,False,False
.o322895,1,0.0,False,False
.o322896,1,0.0,False,False
.o322897,1,0.0,False,False
.o322898,1,0.0,False,False
.o322899,1,0.0,False,False
.o322900,1,0.0,False,False
.o322901,1,0.0,False,False
.o322902,1,0.0,False,False
.o322903,1,0.0,False,False
.o322904,1,0.0,False,False
.o322905,1,0.0,False,False
.o322906,1,0.0,False,False
.o322907,1,0.0,False,False
.o322908,1,0.0,False,False
.o322909,1,0.0,False,False
.o322910,1,0.0,False,False
.o322911,1,0.0,False,False
.o322912,1,0.0,False,False
.o322913,1,0.0,False,False
.e322914,1,0.0,False,False
.e322915,1,0.0,False,False
.e322916,1,0.0,False,False
.e322917,1,0.0,False,False
.e322918,1,0.0,False,False
.e322919,1,0.0,False,False
.e322920,1,0.0,False,False
.e322921,1,0.0,False,False
.e322922,1,0.0,False,False
.e322923,1,0.0,False,False
.e322924,1,0.0,False,False
.e322925,1,0.0,False,False
.e322926,1,0.0,False,False
.e322927,1,0.0,False,False
.e322928,1,0.0,False,False
.e322929,1,0.0,False,False
.e322930,1,0.0,False,False
.e322931,1,0.0,False,False
.e322932,1,0.0,False,False
.e322933,1,0.0,False,False
.o322914,1,0.0,False,False
.o322915,1,0.0,False,False
.o322916,1,0.0,False,False
.o322917,1,0.0,False,False
.o322918,1,0.0,False,False
.o322919,1,0.0,False,False
.o322920,1,0.0,False,False
.o322921,1,0.0,False,False
.o322922,1,0.0,False,False
.o322923,1,0.0,False,False
.o322924,1,0.0,False,False
.o322925,1,0.0,False,False
.o322926,1,0.0,False,False
.o322927,1,0.0,False,False
.o322928,1,0.0,False,False
.o322929,1,0.0,False,False
.o322930,1,0.0,False,False
.o322931,1,0.0,False,False
.o322932,1,0.0,False,False
.o322933,1,0.0,False,False
.e323340,1,0.0,False,False
.e323341,1,0.0,False,False
.e323342,1,0.0,False,False
.e323343,1,0.0,False,False
.e323344,1,0.0,False,False
.e323345,1,0.0,False,False
.e323346,1,0.0,False,False
.e323347,1,0.0,False,False
.e323348,1,0.0,False,False
.e323349,1,0.0,False,False
.e323350,1,0.0,False,False
.e323351,1,0.0,False,False
.e323352,1,0.0,False,False
.e323353,1,0.0,False,False
.e323354,1,0.0,False,False
.e323355,1,0.0,False,False
.e323356,1,0.0,False,False
.e323357,1,0.0,False,False
.e323358,1,0.0,False,False
.e323359,1,0.0,False,False
.o323340,1,0.0,False,False
.o323341,1,0.0,False,False
.o323342,1,0.0,False,False
.o323343,1,0.0,False,False
.o323344,1,0.0,False,False
.o323345,1,0.0,False,False
.o323346,1,0.0,False,False
.o323347,1,0.0,False,False
.o323348,1,0.0,False,False
.o323349,1,0.0,False,False
.o323350,1,0.0,False,False
.o323351,1,0.0,False,False
.o323352,1,0.0,False,False
.o323353,1,0.0,False,False
.o323354,1,0.0,False,False
.o323355,1,0.0,False,False
.o323356,1,0.0,False,False
.o323357,1,0.0,False,False
.o323358,1,0.0,False,False
.o323359,1,0.0,False,False
.e323360,1,0.0,False,False
.e323361,1,0.0,False,False
.e323362,1,0.0,False,False
.e323363,1,0.0,False,False
.e323364,1,0.0,False,False
.e323365,1,0.0,False,False
.e323366,1,0.0,False,False
.e323367,1,0.0,False,False
.e323368,1,0.0,False,False
.e323369,1,0.0,False,False
.e323370,1,0.0,False,False
.e323371,1,0.0,False,False
.e323372,1,0.0,False,False
.e323373,1,0.0,False,False
.e323374,1,0.0,False,False
.e323375,1,0.0,False,False
.e323376,1,0.0,False,False
.e323377,1,0.0,False,False
.e323378,1,0.0,False,False
.e323379,1,0.0,False,False
.o323360,1,0.0,False,False
.o323361,1,0.0,False,False
.o323362,1,0.0,False,False
.o323363,1,0.0,False,False
.o323364,1,0.0,False,False
.o323365,1,0.0,False,False
.o323366,1,0.0,False,False
.o323367,1,0.0,False,False
.o323368,1,0.0,False,False
.o323369,1,0.0,False,False
.o323370,1,0.0,False,False
.o323371,1,0.0,False,False
.o323372,1,0.0,False,False
.o323373,1,0.0,False,False
.o323374,1,0.0,False,False
.o323375,1,0.0,False,False
.o323376,1,0.0,False,False
.o323377,1,0.0,False,False
.o323378,1,0.0,False,False
.o323379,1,0.0,False,False
.e323380,1,0.0,False,False
.e323381,1,0.0,False,False
.e323382,1,0.0,False,False
.e323383,1,0.0,False,False
.e323384,1,0.0,False,False
.e323385,1,0.0,False,False
.e323386,1,0.0,False,False
.e323387,1,0.0,False,False
.e323388,1,0.0,False,False
.e323389,1,0.0,False,False
.e323390,1,0.0,False,False
.e323391,1,0.0,False,False
.e323392,1,0.0,False,False
.e323393,1,0.0,False,False
.e323394,1,0.0,False,False
.e323395,1,0.0,False,False
.e323396,1,0.0,False,False
.e323397,1,0.0,False,False
.e323398,1,0.0,False,False
.e323399,1,0.0,False,False
.o323380,1,0.0,False,False
.o323381,1,0.0,False,False
.o323382,1,0.0,False,False
.o323383,1,0.0,False,False
.o323384,1,0.0,False,False
.o323385,1,0.0,False,False
.o323386,1,0.0,False,False
.o323387,1,0.0,False,False
.o323388,1,0.0,False,False
.o323389,1,0.0,False,False
.o323390,1,0.0,False,False
.o323391,1,0.0,False,False
.o323392,1,0.0,False,False
.o323393,1,0.0,False,False
.o323394,1,0.0,False,False
.o323395,1,0.0,False,False
.o323396,1,0.0,False,False
.o323397,1,0.0,False,False
.o323398,1,0.0,False,False
.o323399,1,0.0,False,False
.e321642,1,0.0,False,False
.e321643,1,0.0,False,False
.e321644,1,0.0,False,False
.e321645,1,0.0,False,False
.e321646,1,0.0,False,False
.e321647,1,0.0,False,False
.e321648,1,0.0,False,False
.e321649,1,0.0,False,False
.e321650,1,0.0,False,False
.e321651,1,0.0,False,False
.e321652,1,0.0,False,False
.e321653,1,0.0,False,False
.e321654,1,0.0,False,False
.e321655,1,0.0,False,False
.e321656,1,0.0,False,False
.e321657,1,0.0,False,False
.e321658,1,0.0,False,False
.e321659,1,0.0,False,False
.e321660,1,0.0,False,False
.e321661,1,0.0,False,False
.o321642,1,0.0,False,False
.o321643,1,0.0,False,False
.o321644,1,0.0,False,False
.o321645,1,0.0,False,False
.o321646,1,0.0,False,False
.o321647,1,0.0,False,False
.o321648,1,0.0,False,False
.o321649,1,0.0,False,False
.o321650,1,0.0,False,False
.o321651,1,0.0,False,False
.o321652,1,0.0,False,False
.o321653,1,0.0,False,False
.o321654,1,0.0,False,False
.o321655,1,0.0,False,False
.o321656,1,0.0,False,False
.o321657,1,0.0,False,False
.o321658,1,0.0,False,False
.o321659,1,0.0,False,False
.o321660,1,0.0,False,False
.o321661,1,0.0,False,False
.e321662,1,0.0,False,False
.e321663,1,0.0,False,False
.e321664,1,0.0,False,False
.e321665,1,0.0,False,False
.e321666,1,0.0,False,False
.e321667,1,0.0,False,False
.e321668,1,0.0,False,False
.e321669,1,0.0,False,False
.e321670,1,0.0,False,False
.e321671,1,0.0,False,False
.e321672,1,0.0,False,False
.e321673,1,0.0,False,False
.e321674,1,0.0,False,False
.e321675,1,0.0,False,False
.e321676,1,0.0,False,False
.e321677,1,0.0,False,False
.e321678,1,0.0,False,False
.e321679,1,0.0,False,False
.e321680,1,0.0,False,False
.e321681,1,0.0,False,False
.o321662,1,0.0,False,False
.o321663,1,0.0,False,False
.o321664,1,0.0,False,False
.o321665,1,0.0,False,False
.o321666,1,0.0,False,False
.o321667,1,0.0,False,False
.o321668,1,0.0,False,False
.o321669,1,0.0,False,False
.o321670,1,0.0,False,False
.o321671,1,0.0,False,False
.o321672,1,0.0,False,False
.o321673,1,0.0,False,False
.o321674,1,0.0,False,False
.o321675,1,0.0,False,False
.o321676,1,0.0,False,False
.o321677,1,0.0,False,False
.o321678,1,0.0,False,False
.o321679,1,0.0,False,False
.o321680,1,0.0,False,False
.o321681,1,0.0,False,False
.e321682,1,0.0,False,False
.e321683,1,0.0,False,False
.e321684,1,0.0,False,False
.e321685,1,0.0,False,False
.e321686,1,0.0,False,False
.e321687,1,0.0,False,False
.e321688,1,0.0,False,False
.e321689,1,0.0,False,False
.e321690,1,0.0,False,False
.e321691,1,0.0,False,False
.e321692,1,0.0,False,False
.e321693,1,0.0,False,False
.e321694,1,0.0,False,False
.e321695,1,0.0,False,False
.e321696,1,0.0,False,False
.e321697,1,0.0,False,False
.e321698,1,0.0,False,False
.e321699,1,0.0,False,False
.e321700,1,0.0,False,False
.e321701,1,0.0,False,False
.o321682,1,0.0,False,False
.o321683,1,0.0,False,False
.o321684,1,0.0,False,False
.o321685,1,0.0,False,False
.o321686,1,0.0,False,False
.o321687,1,0.0,False,False
.o321688,1,0.0,False,False
.o321689,1,0.0,False,False
.o321690,1,0.0,False,False
.o321691,1,0.0,False,False
.o321692,1,0.0,False,False
.o321693,1,0.0,False,False
.o321694,1,0.0,False,False
.o321695,1,0.0,False,False
.o321696,1,0.0,False,False
.o321697,1,0.0,False,False
.o321698,1,0.0,False,False
.o321699,1,0.0,False,False
.o321700,1,0.0,False,False
.o321701,1,0.0,False,False
.ggid,1,0.0,False,False
.rdpid,1,0.0,False,False
.cons,1,0.0,False,False
.flanks,1,0.0,False,False
.v4,1,0.0,False,False
.v5,1,0.0,False,False
.v6,1,0.0,False,False
.v7,1,0.0,False,False
.v8,1,0.0,False,False
.v9,1,0.0,False,False
.smv,1,0.0,False,False
.sdt,1,0.0,False,False
.nersc,1,0.0,False,False
.libm,1,0.0,False,False
.gwy,1,0.0,False,False
.jpk,1,0.0,False,False
.jpk-qi-image,1,0.0,False,False
.spm1,1,0.0,False,False
.ibw,1,0.0,False,False
.rmd_,1,0.0,False,False
.petsc,1,0.0,False,False
.petsc_solver,1,0.0,False,False
.mgsat_rocker_ver,1,0.0,False,False
.cov1,1,0.0,False,False
.decodat,1,0.0,False,False
.genes,1,0.0,False,False
.transcripts,1,0.0,False,False
.sps,1,0.0,False,False
.amazon,1,0.0,False,False
.cloud,1,0.0,False,False
.dirstruct,1,0.0,False,False
.csdp,1,0.0,False,False
.xds,1,0.0,False,False
.ape,1,0.0,False,False
.hghsc,1,0.0,False,False
.flexo_ddb,1,0.0,False,False
.quad_ddb,1,0.0,False,False
.forceconstant,1,0.0,False,False
.ssposcar,1,0.0,False,False
.ucposcar,1,0.0,False,False
.pdb1,1,0.0,False,False
.fuzzy,1,0.0,False,False
.matout,1,0.0,False,False
.hyer,1,0.0,False,False
.dragonegg,1,0.0,False,False
.confidence,1,0.0,False,False
.hist1d,1,0.0,False,False
.sed_samples,1,0.0,False,False
.synthesis,1,0.0,False,False
.tada,1,0.0,False,False
.out1,1,0.0,False,False
.out2,1,0.0,False,False
.dif,1,0.0,False,False
.o3dtgz,1,0.0,False,False
.o3d,1,0.0,False,False
.csdl,1,0.0,False,False
.msl,1,0.0,False,False
.ssdl,1,0.0,False,False
.discomap,1,0.0,False,False
.pelec,1,0.0,False,False
.gdiag,1,0.0,False,False
.dbexists,1,0.0,False,False
.updatedb,1,0.0,False,False
.pup,1,0.0,False,False
.clp,1,0.0,False,False
.contrib,1,0.0,False,False
.dj2,1,0.0,False,False
.riscos,1,0.0,False,False
.os2,1,0.0,False,False
.qpg,1,0.0,False,False
.c00,1,0.0,False,False
.a01,1,0.0,False,False
.a02,1,0.0,False,False
.a03,1,0.0,False,False
.a04,1,0.0,False,False
.a05,1,0.0,False,False
.r00,1,0.0,False,False
.r01,1,0.0,False,False
.r02,1,0.0,False,False
.r03,1,0.0,False,False
.r04,1,0.0,False,False
.r05,1,0.0,False,False
.zx01,1,0.0,False,False
.pog,1,0.0,False,False
.z8,1,0.0,False,False
.db_worker,1,0.0,False,False
.key-backup,1,0.0,False,False
.requirements,1,0.0,False,False
.ns_are_zero,1,0.0,False,False
.allreadscounts,1,0.0,False,False
.find_potentialssr,1,0.0,False,False
.final_primer_ssrs,1,0.0,False,False
.designer_primer,1,0.0,False,False
.primer_filter,1,0.0,False,False
.blast_parse,1,0.0,False,False
.primer_pair_generater,1,0.0,False,False
.intermediate_primer_finder,1,0.0,False,False
.ssr_product,1,0.0,False,False
.ssr_filter,1,0.0,False,False
.input for part3,1,0.0,False,False
.works,1,0.0,False,False
.isfdp,1,0.0,False,False
.csc,1,0.0,False,False
.e1605500,1,0.0,False,False
.o1605500,1,0.0,False,False
.e1367496,1,0.0,False,False
.e1367498,1,0.0,False,False
.e1367499,1,0.0,False,False
.e1367501,1,0.0,False,False
.o1367496,1,0.0,False,False
.o1367498,1,0.0,False,False
.o1367499,1,0.0,False,False
.o1367501,1,0.0,False,False
.e1368912,1,0.0,False,False
.o1368912,1,0.0,False,False
.e1203148,1,0.0,False,False
.e1204448,1,0.0,False,False
.o1203148,1,0.0,False,False
.o1204448,1,0.0,False,False
.mgf,1,0.0,False,False
.pyy,1,0.0,False,False
.rec,1,0.0,False,False
.kh,1,0.0,False,False
.kl,1,0.0,False,False
.msp,1,0.0,False,False
.tap,1,0.0,False,False
.nocuda,1,0.0,False,False
.cc3d,1,0.0,False,False
.buildconda,1,0.0,False,False
.devcontainer,1,0.0,False,False
.parse,1,0.0,False,False
.tbt,1,0.0,False,False
.smartplex,1,0.0,False,False
.tpm,1,0.0,False,False
.backbone,1,0.0,False,False
.backbone_contig_headers,1,0.0,False,False
.bbcols,1,0.0,False,False
.guide_tree,1,0.0,False,False
.magic,1,0.0,False,False
.ftb,1,0.0,False,False
.qrel,1,0.0,False,False
.ini-dist-multistore,1,0.0,False,False
.ini-dist-mysql,1,0.0,False,False
.ini-dist-stardog,1,0.0,False,False
.ini-dist-virtuoso,1,0.0,False,False
.pxml,1,0.0,False,False
.dhc,1,0.0,False,False
.desp,1,0.0,False,False
.source-map,1,0.0,False,False
.ocg,1,0.0,False,False
.pcg,1,0.0,False,False
.gz(busy),1,0.0,False,False
._aux,1,0.0,False,False
.dem,1,0.0,False,False
.rtex,1,0.0,False,False
.j,1,0.0,False,False
.dens,1,0.0,False,False
.ozone,1,0.0,False,False
.jpl03,1,0.0,False,False
.jpl97,1,0.0,False,False
.ave,1,0.0,False,False
.qy,1,0.0,False,False
.1992,1,0.0,False,False
.anders,1,0.0,False,False
.pof,1,0.0,False,False
.qws,1,0.0,False,False
.llb,1,0.0,False,False
.gtype,1,0.0,False,False
.gvi,1,0.0,False,False
.lvcodedb,1,0.0,False,False
.lvproject,1,0.0,False,False
.lvprojectcache,1,0.0,False,False
.opr,1,0.0,False,False
.ecocyc,1,0.0,False,False
.ptt,1,0.0,False,False
.rnt,1,0.0,False,False
.jkl,1,0.0,False,False
.xml#,1,0.0,False,False
.nopdos,1,0.0,False,False
.nohash,1,0.0,False,False
.vasp2w90,1,0.0,False,False
.converged,1,0.0,False,False
.nelm-breach-consistent,1,0.0,False,False
.nelm-breach-partial,1,0.0,False,False
.not-converged,1,0.0,False,False
.unfinished,1,0.0,False,False
.aiida,1,0.0,False,False
.hh#,1,0.0,False,False
.unw,1,0.0,False,False
.pwhg,1,0.0,False,False
.autoconf,1,0.0,False,False
.bigslow,1,0.0,False,False
.shih,1,0.0,False,False
.smallbutbad,1,0.0,False,False
.dpy,1,0.0,False,False
.nodbobjects,1,0.0,False,False
.noschema,1,0.0,False,False
.dir_manifest,1,0.0,False,False
.harvest_params_incomplete,1,0.0,False,False
.recursive_harvest_params,1,0.0,False,False
.unknown_file_extension,1,0.0,False,False
.xml_template,1,0.0,False,False
.kernel_versions,1,0.0,False,False
.tab2,1,0.0,False,False
.xl_stis,1,0.0,False,False
.bpe,1,0.0,False,False
.xml2,1,0.0,False,False
.release_notes,1,0.0,False,False
.release_procedure,1,0.0,False,False
.sel,1,0.0,False,False
.api_key,1,0.0,False,False
.molfit,1,0.0,False,False
.yang~,1,0.0,False,False
.py2,1,0.0,False,False
.nonblocking_tests,1,0.0,False,False
.outputfile,1,0.0,False,False
.openmp,1,0.0,False,False
.info-1,1,0.0,False,False
.info-2,1,0.0,False,False
.info-3,1,0.0,False,False
.info-4,1,0.0,False,False
.info-5,1,0.0,False,False
.ligshift,1,0.0,False,False
.mcrecursion,1,0.0,False,False
.mol2_rmsd,1,0.0,False,False
.e23022,1,0.0,False,False
.charge,1,0.0,False,False
.e23030,1,0.0,False,False
.e23034,1,0.0,False,False
.fzp,1,0.0,False,False
.fzpz,1,0.0,False,False
.phpstub,1,0.0,False,False
.gwa,1,0.0,False,False
.to,1,0.0,False,False
.gwg,1,0.0,False,False
.cdr,1,0.0,False,False
.frontend,1,0.0,False,False
.notebook,1,0.0,False,False
.usb,1,0.0,False,False
.initiatoriqn,1,0.0,False,False
.ifn,1,0.0,False,False
.pat,1,0.0,False,False
.chw,1,0.0,False,False
.cites,1,0.0,False,False
.content,1,0.0,False,False
.upx,1,0.0,False,False
.cwt,1,0.0,False,False
.dmr,1,0.0,False,False
.mldatx,1,0.0,False,False
.dhcpc,1,0.0,False,False
.hello-world,1,0.0,False,False
.resolv,1,0.0,False,False
.smtp,1,0.0,False,False
.telnetd,1,0.0,False,False
.webclient,1,0.0,False,False
.webserver,1,0.0,False,False
.ntpl,1,0.0,False,False
.moloch,1,0.0,False,False
.ja4,1,0.0,False,False
.bro,1,0.0,False,False
.aarch64_debug,1,0.0,False,False
.armv7,1,0.0,False,False
.armv7_debug,1,0.0,False,False
.x86_64_debug,1,0.0,False,False
.vsspell,1,0.0,False,False
.dpwm,1,0.0,False,False
.pwm,1,0.0,False,False
.rda?raw=true,1,0.0,False,False
.n_f,1,0.0,False,False
.n_m,1,0.0,False,False
.n_n,1,0.0,False,False
.edu,1,0.0,False,False
.sdc_ml,1,0.0,False,False
.equal,1,0.0,False,False
.p3,1,0.0,False,False
.cyl,1,0.0,False,False
.cyl_in_cartcoords,1,0.0,False,False
.sph_in_cylcoords,1,0.0,False,False
.sph_in_sphcoords,1,0.0,False,False
.helm_scaling,1,0.0,False,False
.mini-castro,1,0.0,False,False
.gpu_test,1,0.0,False,False
.auto_source,1,0.0,False,False
.castro,1,0.0,False,False
.sdc_test,1,0.0,False,False
.celldet,1,0.0,False,False
.24km,1,0.0,False,False
.3km,1,0.0,False,False
.2d_good,1,0.0,False,False
.regrid,1,0.0,False,False
.subch_base,1,0.0,False,False
.simple_sdc,1,0.0,False,False
.strang,1,0.0,False,False
.true_sdc,1,0.0,False,False
.h_he,1,0.0,False,False
.he,1,0.0,False,False
.4th_order,1,0.0,False,False
.250hz,1,0.0,False,False
.500hz,1,0.0,False,False
.xrb,1,0.0,False,False
.25km,1,0.0,False,False
.50km,1,0.0,False,False
.axisymmetric,1,0.0,False,False
.bessel,1,0.0,False,False
.gaussian,1,0.0,False,False
.bug,1,0.0,False,False
.bug2,1,0.0,False,False
.bug3,1,0.0,False,False
.bug4,1,0.0,False,False
.bug5,1,0.0,False,False
.bug6,1,0.0,False,False
.bug7,1,0.0,False,False
.bug8,1,0.0,False,False
.stellarcollapse,1,0.0,False,False
.github,1,0.0,False,False
.anno_input,1,0.0,False,False
.nodetool,1,0.0,False,False
.runner,1,0.0,False,False
.tkt,1,0.0,False,False
.a0,1,0.0,False,False
.a0poster,1,0.0,False,False
.rrna,1,0.0,False,False
.zraw,1,0.0,False,False
.maestro,1,0.0,False,False
.40960,1,0.0,False,False
.25600,1,0.0,False,False
.uniform,1,0.0,False,False
.2048,1,0.0,False,False
.hotcutoff,1,0.0,False,False
.2levels_onegrid,1,0.0,False,False
.1920,1,0.0,False,False
.3840,1,0.0,False,False
.7680,1,0.0,False,False
.e-4,1,0.0,False,False
.e5,1,0.0,False,False
.e6,1,0.0,False,False
.gammalaw,1,0.0,False,False
.helmeos,1,0.0,False,False
.tutorial,1,0.0,False,False
.3alpha_plus_o,1,0.0,False,False
.ignition,1,0.0,False,False
.mesa_carbon,1,0.0,False,False
.reaclib_cburn,1,0.0,False,False
.reaclib_ctest,1,0.0,False,False
.reaclib_ctest_null,1,0.0,False,False
.reaclib_urca,1,0.0,False,False
.reaclib_urca_trans,1,0.0,False,False
.xrb_simple,1,0.0,False,False
.timestamp,1,0.0,False,False
.ad,1,0.0,False,False
.ag,1,0.0,False,False
.ah,1,0.0,False,False
.postgresql,1,0.0,False,False
.pk3,1,0.0,False,False
.ail,1,0.0,False,False
.gwen,1,0.0,False,False
.jpf,1,0.0,False,False
.catalyst,1,0.0,False,False
.ios11_xcode94,1,0.0,False,False
.ios12_xcode10,1,0.0,False,False
.ios13_xcode11,1,0.0,False,False
.tvos13_xcode11,1,0.0,False,False
.dc,1,0.0,False,False
.commits,1,0.0,False,False
.small_molecule_filter,1,0.0,False,False
.ubiquitous_filter,1,0.0,False,False
.xml___jb_tmp___,1,0.0,False,False
.xmind,1,0.0,False,False
.coal,1,0.0,False,False
.haps,1,0.0,False,False
.2732,1,0.0,False,False
.awf,1,0.0,False,False
.icon,1,0.0,False,False
.alida,1,0.0,False,False
.tle,1,0.0,False,False
.rk-opt,1,0.0,False,False
.kdev4,1,0.0,False,False
.seek,1,0.0,False,False
.seeks,1,0.0,False,False
.flashsim,1,0.0,False,False
.queue,1,0.0,False,False
.xcplayground,1,0.0,False,False
.hsc,1,0.0,False,False
.pst,1,0.0,False,False
.tsv#,1,0.0,False,False
.dotnet10isolated,1,0.0,False,False
.dotnet7isolated,1,0.0,False,False
.dotnet8,1,0.0,False,False
.dotnet8isolated,1,0.0,False,False
.dotnet9isolated,1,0.0,False,False
.dotnetisolated,1,0.0,False,False
.java11,1,0.0,False,False
.java8,1,0.0,False,False
.powershell7,1,0.0,False,False
.13-buildenv,1,0.0,False,False
.14-buildenv,1,0.0,False,False
.typescript,1,0.0,False,False
.dst,1,0.0,False,False
.ppg,1,0.0,False,False
.pnproj,1,0.0,False,False
.pnps,1,0.0,False,False
.my,1,0.0,False,False
.atsln,1,0.0,False,False
.vcm,1,0.0,False,False
.mlb,1,0.0,False,False
.valgrind,1,0.0,False,False
.cols,1,0.0,False,False
.lb,1,0.0,False,False
.ub,1,0.0,False,False
.fastsa,1,0.0,False,False
.multiseq,1,0.0,False,False
.nunit,1,0.0,False,False
.dar,1,0.0,False,False
.smirks,1,0.0,False,False
.gplv2,1,0.0,False,False
.3dmbak,1,0.0,False,False
.li,1,0.0,False,False
.inria,1,0.0,False,False
.mlr,1,0.0,False,False
.pfsx,1,0.0,False,False
.364747031,1,0.0,False,False
.787741842,1,0.0,False,False
.182990609,1,0.0,False,False
.moccpp,1,0.0,False,False
.work,1,0.0,False,False
.macintosh,1,0.0,False,False
.ltxml,1,0.0,False,False
.cfg-sample,1,0.0,False,False
.spimtx,1,0.0,False,False
.icm,1,0.0,False,False
.vf,1,0.0,False,False
.m3d,1,0.0,False,False
.iotlang,1,0.0,False,False
.cppclean,1,0.0,False,False
.redo,1,0.0,False,False
.md5sums_all,1,0.0,False,False
.md5sums_uniq,1,0.0,False,False
.sparkleshare,1,0.0,False,False
.a3m,1,0.0,False,False
.hhm,1,0.0,False,False
.35_last_iter_pdb_eval_fdr_tpr_precision_patched,1,0.0,False,False
.35_last_iter_pdb_eval_tpr_precision,1,0.0,False,False
.35_last_iter_pdb_roc,1,0.0,False,False
.002_final_iter_pdb_eval_fdr_tpr_precision_patched,1,0.0,False,False
.002_final_iter_pdb_eval_tpr_precision,1,0.0,False,False
.002_final_iter_pdb_roc,1,0.0,False,False
.background_info,1,0.0,False,False
.renew_pdb_full,1,0.0,False,False
.rsm,1,0.0,False,False
.aquaria_local,1,0.0,False,False
.pssh2_local,1,0.0,False,False
.bgfreq,1,0.0,False,False
.jl~,1,0.0,False,False
.gdb,1,0.0,False,False
.tadbit,1,0.0,False,False
.slha,1,0.0,False,False
.hidden,1,0.0,False,False
.bad,1,0.0,False,False
.kk_xxx_64_half-slab_5-nospin_scissor_0_nc_26,1,0.0,False,False
.kk_xxz_64_half-slab_5-nospin_scissor_0_nc_26,1,0.0,False,False
.kk_zxx_64_half-slab_5-nospin_scissor_0_nc_26,1,0.0,False,False
.kk_zzz_64_half-slab_5-nospin_scissor_0_nc_26,1,0.0,False,False
.sm_xxx_64_half-slab_5-nospin_scissor_0_nc_26,1,0.0,False,False
.sm_xxz_64_half-slab_5-nospin_scissor_0_nc_26,1,0.0,False,False
.sm_zxx_64_half-slab_5-nospin_scissor_0_nc_26,1,0.0,False,False
.sm_zzz_64_half-slab_5-nospin_scissor_0_nc_26,1,0.0,False,False
.f90_respaldo,1,0.0,False,False
.f90_raul,1,0.0,False,False
.f90-nojala,1,0.0,False,False
.hexa,1,0.0,False,False
.medusa,1,0.0,False,False
.sh_raul,1,0.0,False,False
.ago-4-2011,1,0.0,False,False
.altazb,1,0.0,False,False
.containers,1,0.0,False,False
.fen,1,0.0,False,False
.lsm,1,0.0,False,False
.xcu,1,0.0,False,False
.affix,1,0.0,False,False
.constituent-knowledge,1,0.0,False,False
.dialect,1,0.0,False,False
.knowledge,1,0.0,False,False
.goddesses,1,0.0,False,False
.gods,1,0.0,False,False
.people,1,0.0,False,False
.prof,1,0.0,False,False
.gerund,1,0.0,False,False
.cbf,1,0.0,False,False
.tsv ,1,0.0,False,False
.medium,1,0.0,False,False
.sli,1,0.0,False,False
.rnw#,1,0.0,False,False
.sublime-settings,1,0.0,False,False
.licenseheader,1,0.0,False,False
.profiling,1,0.0,False,False
.sents,1,0.0,False,False
.loo,1,0.0,False,False
.rps,1,0.0,False,False
.pn,1,0.0,False,False
.14c,1,0.0,False,False
.xcexplist,1,0.0,False,False
.relm,1,0.0,False,False
.sch-bak,1,0.0,False,False
.kicad_wks,1,0.0,False,False
.all-data,1,0.0,False,False
.cb2,1,0.0,False,False
.ano,1,0.0,False,False
.ano~,1,0.0,False,False
.egg-info,1,0.0,False,False
.inofunctiontest,1,0.0,False,False
.cdx,1,0.0,False,False
.trec_eval,1,0.0,False,False
.12-config,1,0.0,False,False
.jbx,1,0.0,False,False
.isa,1,0.0,False,False
.tact,1,0.0,False,False
.tolk,1,0.0,False,False
.qcow2,1,0.0,False,False
.exe_here_,1,0.0,False,False
.mlpkginstall,1,0.0,False,False
.prod,1,0.0,False,False
.guesser,1,0.0,False,False
.twoc,1,0.0,False,False
.phmc,1,0.0,False,False
.plugin,1,0.0,False,False
.rs3,1,0.0,False,False
.trectext,1,0.0,False,False
.lock_old,1,0.0,False,False
.buildnetwork,1,0.0,False,False
.elevator,1,0.0,False,False
.exf,1,0.0,False,False
.ordering,1,0.0,False,False
.clq,1,0.0,False,False
.rails2,1,0.0,False,False
.rb_bu,1,0.0,False,False
.c-handout,1,0.0,False,False
.js#,1,0.0,False,False
.mln,1,0.0,False,False
.box,1,0.0,False,False
.ewkt,1,0.0,False,False
.wkb,1,0.0,False,False
.css_,1,0.0,False,False
.20150916010329,1,0.0,False,False
.20150916010433,1,0.0,False,False
.d6,1,0.0,False,False
.emu,1,0.0,False,False
.hole2grid,1,0.0,False,False
.picks,1,0.0,False,False
.modifierrules,1,0.0,False,False
.pma,1,0.0,False,False
.ofcontroller,1,0.0,False,False
.seerapiplugin,1,0.0,False,False
.seermgtservice,1,0.0,False,False
.packetlistener,1,0.0,False,False
.build_instructions,1,0.0,False,False
.vrmanifest,1,0.0,False,False
.gm1,1,0.0,False,False
