name,eligible_unclassified_files,pct
.png,256950,15.9214
(none),119766,7.4211
.pdb,89453,5.5428
.gz,78969,4.8932
.py,55196,3.4201
.jpg,44844,2.7787
.txt,40535,2.5117
.m,34029,2.1085
.html,31910,1.9772
.es,29110,1.8037
.en,29098,1.803
.h,27082,1.6781
.out,26978,1.6716
.mp4,25266,1.5656
.cs,24011,1.4878
.meta,24007,1.4875
.kp,20802,1.289
.fasta,18167,1.1257
.pdf,17549,1.0874
.js,17306,1.0723
.class,16811,1.0417
.mat,16711,1.0355
.lisp,14246,0.8827
.hpp,13280,0.8229
.lsp,12984,0.8045
.dat,12197,0.7558
.svg,12031,0.7455
.pddl,11249,0.697
.r,11084,0.6868
.c,10915,0.6763
.sh,10121,0.6271
.cb,9762,0.6049
.pl,9299,0.5762
.rd,8818,0.5464
.php,8746,0.5419
.hea,8619,0.5341
.cpp,7553,0.468
.conll,7323,0.4538
.mables,7270,0.4505
.ante_scores,7270,0.4505
.chains,7270,0.4505
.hh,7211,0.4468
.gif,6975,0.4322
.md,6693,0.4147
.xyz,6668,0.4132
.agda,6613,0.4098
.bin,6499,0.4027
.css,5661,0.3508
.dae,5471,0.339
.tif,5044,0.3125
.java,4424,0.2741
.prefab,4339,0.2689
.log,4125,0.2556
.ipynb,4097,0.2539
.jar,4065,0.2519
.adb,4047,0.2508
.stru,4009,0.2484
.tfa,3905,0.242
.pyc,3823,0.2369
.properties,3610,0.2237
.inc,3506,0.2172
.cxx,3363,0.2084
.st,3362,0.2083
.tsx,3050,0.189
.rb,3037,0.1882
.ads,3036,0.1881
.po,2771,0.1717
.vhd,2701,0.1674
.f90,2681,0.1661
.data,2676,0.1658
.sto,2662,0.1649
.in,2638,0.1635
.tree,2466,0.1528
.aln,2462,0.1526
.cmake,2444,0.1514
.f,2347,0.1454
.go,2337,0.1448
.v,2304,0.1428
.par,2270,0.1407
.wav,2133,0.1322
.swift,2060,0.1276
.pt,2005,0.1242
.info,1997,0.1237
.resx,1995,0.1236
.hmm,1926,0.1193
.sql,1911,0.1184
.err,1894,0.1174
.abi,1881,0.1166
.vtp,1826,0.1131
.dll,1823,0.113
.abo,1816,0.1125
.acl2,1754,0.1087
.cc,1695,0.105
.t,1670,0.1035
.bed,1669,0.1034
.pp,1663,0.103
.hs,1657,0.1027
.zip,1644,0.1019
.rdata,1631,0.1011
.lua,1623,0.1006
.o,1563,0.0968
.jpeg,1496,0.0927
.as,1478,0.0916
.fa,1469,0.091
.scss,1468,0.091
.erb,1453,0.09
.kmz,1436,0.089
.tex,1393,0.0863
.bc,1391,0.0862
.fbx,1364,0.0845
.param,1350,0.0837
.cell,1343,0.0832
.dds,1323,0.082
.cif,1284,0.0796
.asl,1284,0.0796
.erl,1232,0.0763
.annotated,1217,0.0754
.stl,1169,0.0724
.less,1156,0.0716
.conf,1130,0.07
.xlsx,1128,0.0699
.ogg,1128,0.0699
.tcl,1118,0.0693
.rda,1095,0.0678
.rmd,1083,0.0671
.asset,1063,0.0659
.cfcase,1033,0.064
.pcap,1014,0.0628
.p,1003,0.0621
.groovy,990,0.0613
.ml,984,0.061
.ltree,945,0.0586
.ada,923,0.0572
.dsp,915,0.0567
.omex,907,0.0562
.xz,896,0.0555
.gpr,891,0.0552
.pem,885,0.0548
.gml,879,0.0545
.pro,875,0.0542
.i,849,0.0526
.cu,844,0.0523
.xls,843,0.0522
.pyo,811,0.0503
.bat,807,0.05
.prefs,807,0.05
.obj,790,0.049
.textgrid,789,0.0489
.test,778,0.0482
.cache-3,768,0.0476
.svn-base,762,0.0472
.xsd,758,0.047
.deft,757,0.0469
.map,756,0.0468
.so,750,0.0465
.ld,730,0.0452
.hex,705,0.0437
.fna,686,0.0425
.ms,681,0.0422
.ttf,680,0.0421
.csproj,662,0.041
.sol,661,0.041
.rq,641,0.0397
.s,637,0.0395
.am,631,0.0391
.pm,631,0.0391
.rst,621,0.0385
.icf,587,0.0364
.unity,578,0.0358
.mexw64,574,0.0356
.asm,571,0.0354
.prolog,571,0.0354
.cri,570,0.0353
.emproject,569,0.0353
.emsession,568,0.0352
.uvprojx,567,0.0351
.uvoptx,566,0.0351
.ewp,562,0.0348
.exe,560,0.0347
.rds,558,0.0346
.ewd,558,0.0346
.xaml,555,0.0344
.btor2,540,0.0335
.mexa64,534,0.0331
.module,531,0.0329
.gv,530,0.0328
.ino,529,0.0328
.lib,526,0.0326
.mags,525,0.0325
.rdb,521,0.0323
.rdx,519,0.0322
.vcxproj,515,0.0319
.mod,512,0.0317
.make,507,0.0314
.abs,505,0.0313
.ico,503,0.0312
.label,503,0.0312
.mxl,502,0.0311
.uasset,497,0.0308
.install,488,0.0302
.htm,484,0.03
.d,476,0.0295
.pimc,471,0.0292
.m4,466,0.0289
.inl,459,0.0284
.pgm,454,0.0281
.apk,452,0.028
.ui,451,0.0279
.ned,446,0.0276
.reg,444,0.0275
.config,429,0.0266
.prototxt,425,0.0263
.pyx,424,0.0263
.vue,423,0.0262
.pure,402,0.0249
.mk,401,0.0248
.patch,400,0.0248
.tpl,400,0.0248
.a,398,0.0247
.bmp,398,0.0247
.narrowpeak,390,0.0242
.plo,389,0.0241
.hxx,382,0.0237
.nc,378,0.0234
.mli,378,0.0234
.ts,377,0.0234
.sv,376,0.0233
.fig,375,0.0232
.plist,374,0.0232
.tmd,372,0.0231
.elf64,371,0.023
.crt,365,0.0226
.tlog,365,0.0226
.tar,360,0.0223
.mexmaci64,358,0.0222
.fits,356,0.0221
.phtml,353,0.0219
.markdown,346,0.0214
.mo,340,0.0211
.mf,338,0.0209
.woff,337,0.0209
.jl,337,0.0209
.x3d,337,0.0209
.xsl,336,0.0208
.launch,331,0.0205
.geojson,327,0.0203
.eps,327,0.0203
.msg,322,0.02
.index,322,0.02
.scn,322,0.02
.ci,316,0.0196
.jsx,315,0.0195
.shader,306,0.019
.yield_table,305,0.0189
.phy_phyml_tree,305,0.0189
.rproj,300,0.0186
.ipp,300,0.0186
.vcf,300,0.0186
.aes,298,0.0185
.phy,298,0.0185
.woff2,294,0.0182
.checked,294,0.0182
.opt,293,0.0182
.vi,292,0.0181
.mjs,292,0.0181
.mno,290,0.018
.ctl,286,0.0177
.dbf,276,0.0171
.prj,274,0.017
.mexglx,271,0.0168
.srq,270,0.0167
.cuh,269,0.0167
.hdr,269,0.0167
.ipf,269,0.0167
.cafe,267,0.0165
.mexw32,266,0.0165
.data-00000-of-00001,265,0.0164
.shp,265,0.0164
.faa,264,0.0164
.shx,264,0.0164
.proto,263,0.0163
.twig,261,0.0162
.lo,259,0.016
.hgh,257,0.0159
.do,253,0.0157
.1,252,0.0156
.mp3,252,0.0156
.mtl,251,0.0156
.eot,250,0.0155
.inp,250,0.0155
.lock,247,0.0153
.jsp,247,0.0153
.gsp,247,0.0153
.cmd,244,0.0151
.cf,244,0.0151
.cache,244,0.0151
.motif,244,0.0151
.template,242,0.015
.g,240,0.0149
.cnf,234,0.0145
.sln,233,0.0144
.maxhelp,233,0.0144
.bz2,230,0.0143
.ctp,230,0.0143
.dot,228,0.0141
.tga,227,0.0141
.strings,227,0.0141
.gradle,222,0.0138
.trees,222,0.0138
.m~,221,0.0137
.key,221,0.0137
.qml,217,0.0134
.mxml,217,0.0134
.iml,216,0.0134
.frq,214,0.0133
.feature,214,0.0133
.amsr18i,214,0.0133
.mac,212,0.0131
.flags,212,0.0131
.terms,211,0.0131
.nrg,210,0.013
.lm,210,0.013
.chk,209,0.013
.lus,209,0.013
.al,209,0.013
.gro,208,0.0129
.msf,207,0.0128
.desktop,206,0.0128
.inputs,206,0.0128
.docx,204,0.0126
.files,203,0.0126
.binvox,200,0.0124
.res,199,0.0123
.tre,198,0.0123
.phy_phyml_stats,197,0.0122
.sparql,195,0.0121
.cpp-e,193,0.012
.resources,190,0.0118
.coffee,188,0.0116
.xci,188,0.0116
.rankings,187,0.0116
.bam,184,0.0114
.tab,182,0.0113
.e,182,0.0113
.cto,182,0.0113
.pyi,180,0.0112
.eww,179,0.0111
.awk,178,0.011
.cfmesh,178,0.011
.cro,178,0.011
.otf,176,0.0109
.scala,176,0.0109
.asc,176,0.0109
.hoc,174,0.0108
.rl,174,0.0108
.bash,173,0.0107
.0,172,0.0107
.sqlpp,171,0.0106
.xhtml,169,0.0105
.maude,169,0.0105
.ces,169,0.0105
.bib,165,0.0102
.pd,165,0.0102
.frcmod,165,0.0102
.warn,165,0.0102
.restext,163,0.0101
.def,162,0.01
.a1,162,0.01
.mexmaci,160,0.0099
.pir,157,0.0097
.typ,156,0.0097
.wig,154,0.0095
.plot,154,0.0095
.fast5,154,0.0095
.rpt,153,0.0095
.amsr36i,152,0.0094
.mid,151,0.0094
.pxd,150,0.0093
.pmp,149,0.0092
.psd,147,0.0091
.src,147,0.0091
.uavcan,147,0.0091
.sim,146,0.009
.prepi,146,0.009
.graphql,145,0.009
.expected,145,0.009
.ax,144,0.0089
.tiff,144,0.0089
.doc,142,0.0088
.rar,141,0.0087
.au,141,0.0087
.smi,140,0.0087
.hudson,140,0.0087
.bs,140,0.0087
.prob,139,0.0086
.sbt,139,0.0086
.directive,139,0.0086
.package,139,0.0086
.spec,138,0.0086
.middiag,138,0.0086
.exs,138,0.0086
.ll,137,0.0085
.fsf,137,0.0085
.ejs,137,0.0085
.gh,137,0.0085
.dara,137,0.0085
.pcss,135,0.0084
.pred,135,0.0084
.svelte,134,0.0083
.qgs,134,0.0083
.fix,134,0.0083
.ics,134,0.0083
.msh,133,0.0082
.bdeu,132,0.0082
.tgz,128,0.0079
.maxpat,128,0.0079
.bedpe,127,0.0079
.sci,126,0.0078
.h2ci,126,0.0078
.kdump,125,0.0077
.stdout,124,0.0077
.ref,124,0.0077
.ps1,122,0.0076
.nsh,122,0.0076
.nb,121,0.0075
.pls,121,0.0075
.smt2,121,0.0075
.exo,120,0.0074
.pbj,120,0.0074
.pbk,120,0.0074
.physicmaterial,119,0.0074
.org,118,0.0073
.filters,116,0.0072
.buf,116,0.0072
.xtend,115,0.0071
.old,114,0.0071
.xcscheme,114,0.0071
.api,114,0.0071
.hyp,114,0.0071
.nex,113,0.007
.mro,112,0.0069
.elf,112,0.0069
.pot,112,0.0069
.jawa,112,0.0069
.all,111,0.0069
.dart,111,0.0069
.lnt,111,0.0069
.crtf,111,0.0069
.bpmn,109,0.0068
.model,109,0.0068
.exr,109,0.0068
.pper,109,0.0068
.jsonnet,109,0.0068
.isf,108,0.0067
.cls,107,0.0066
.fxml,106,0.0066
.swf,106,0.0066
.fastq,105,0.0065
.irt,105,0.0065
.vhdl,105,0.0065
.srx,105,0.0065
.mot,104,0.0064
.mos,104,0.0064
.cube,104,0.0064
.sign,103,0.0064
.ac,102,0.0063
.xdc,102,0.0063
.bt2,102,0.0063
.root,101,0.0063
.inter,101,0.0063
.clf,101,0.0063
.pth,100,0.0062
.sim_b,100,0.0062
.sim_be,100,0.0062
.sh3d,100,0.0062
.ctab,100,0.0062
.bai,99,0.0061
.wsdl,99,0.0061
.detector,99,0.0061
.ratdb,99,0.0061
.psp8,98,0.0061
.clj,98,0.0061
.abnf,98,0.0061
.scat,98,0.0061
.bak,97,0.006
.rs,97,0.006
.example,96,0.0059
.ecore,96,0.0059
.fm,96,0.0059
.hm,96,0.0059
.z,95,0.0059
.pyd,95,0.0059
.xpr,95,0.0059
.mesh,94,0.0058
.istar_mavo,94,0.0058
.snk,92,0.0057
.asd,92,0.0057
.fas,92,0.0057
.manifest,91,0.0056
.xtc,91,0.0056
.xacro,91,0.0056
.stderr,90,0.0056
.user,90,0.0056
.xslt,90,0.0056
.ctf,90,0.0056
.orig,88,0.0055
.utr20,88,0.0055
.dis,87,0.0054
.bdd,87,0.0054
.xib,86,0.0053
.md5,86,0.0053
.rtf,85,0.0053
.thm,85,0.0053
.aps,85,0.0053
.jld2,84,0.0052
.output,83,0.0051
.kicad_mod,83,0.0051
.local,82,0.0051
.form,82,0.0051
.props,82,0.0051
.geo,82,0.0051
.pgout,82,0.0051
.mtx,82,0.0051
.koat,82,0.0051
.yara,82,0.0051
.list,81,0.005
.rake,81,0.005
.vcproj,81,0.005
.wpc,81,0.005
.lpr,81,0.005
.doctree,81,0.005
.exome,81,0.005
.sheep,81,0.005
.sofa,80,0.005
.pptx,79,0.0049
.service,79,0.0049
.avif,79,0.0049
.apl,79,0.0049
.ps,78,0.0048
.lst,78,0.0048
.settings,77,0.0048
.mm,77,0.0048
.diff,77,0.0048
.frag,77,0.0048
.str,76,0.0047
.apib,76,0.0047
.sty,75,0.0046
.2,75,0.0046
.cer,75,0.0046
.rules,75,0.0046
.stack,75,0.0046
.step,75,0.0046
.at2,75,0.0046
.ods,74,0.0046
.gltf,74,0.0046
.swp,73,0.0045
.ftl,73,0.0045
.ascii,73,0.0045
.newick,73,0.0045
.wandb,73,0.0045
.dtd,72,0.0045
.tim,72,0.0045
.a2,72,0.0045
.region,72,0.0045
.icns,71,0.0044
.3,71,0.0044
.vec,71,0.0044
.wxm,71,0.0044
.gff,71,0.0044
.pc,71,0.0044
.sch,70,0.0043
.idl,70,0.0043
.vert,70,0.0043
.j2,69,0.0043
.xcconfig,69,0.0043
.tmpl,69,0.0043
.cab,69,0.0043
.nml,69,0.0043
.xscade,69,0.0043
.dblite,69,0.0043
.kremlin,69,0.0043
.clm,69,0.0043
.sample,68,0.0042
.uml,68,0.0042
.pbxproj,67,0.0042
.ann,67,0.0042
.3dti-hrtf,67,0.0042
.fst,67,0.0042
.rt,67,0.0042
.nlf,67,0.0042
.sum,66,0.0041
.build,66,0.0041
.tlsf,66,0.0041
.ors,66,0.0041
.el,65,0.004
.win,65,0.004
.doctest,65,0.004
.raw,64,0.004
.nsi,64,0.004
.neu,64,0.004
.bpl,64,0.004
.gbr,64,0.004
.val,64,0.004
.ghuser,64,0.004
.asv,63,0.0039
.cabal,63,0.0039
.prop,63,0.0039
.mix,63,0.0039
.ai,63,0.0039
.rbi,63,0.0039
.sig,62,0.0038
.rc,62,0.0038
.cl,62,0.0038
.hrl,62,0.0038
.pbs,62,0.0038
.fs,62,0.0038
.eml,62,0.0038
.aux,62,0.0038
.tokens,61,0.0038
.zmat,61,0.0038
.ceq,61,0.0038
.keyw,61,0.0038
.srv,61,0.0038
.lang,61,0.0038
.txx,61,0.0038
.filez,61,0.0038
.tbl,60,0.0037
.n3,60,0.0037
.csh,60,0.0037
.prmtop,60,0.0037
.plan,60,0.0037
.wad,60,0.0037
.nii,59,0.0037
.sse,59,0.0037
.kts,58,0.0036
.dh,58,0.0036
.hh~,58,0.0036
.adoc,57,0.0035
.xmi,57,0.0035
.tntp,57,0.0035
.phr,56,0.0035
.pin,56,0.0035
.psq,56,0.0035
.dict,56,0.0035
.xy,56,0.0035
.kij,56,0.0035
.reference_output,56,0.0035
.dic,56,0.0035
.gnu,55,0.0034
.hs-boot,55,0.0034
.onnx,55,0.0034
.8,55,0.0034
.classdiagram,55,0.0034
.syn,55,0.0034
.j3m,55,0.0034
.baml,55,0.0034
.3dm,55,0.0034
.vm,54,0.0033
.nix,54,0.0033
.cpg,54,0.0033
.readme,54,0.0033
.aar,54,0.0033
.xpm,54,0.0033
.dist,53,0.0033
.swatch,53,0.0033
.reaction,53,0.0033
.lagda,53,0.0033
.y,52,0.0032
.rsc,52,0.0032
.jks,52,0.0032
.plt,52,0.0032
.features,52,0.0032
.q,52,0.0032
.sbatch,51,0.0032
.rnw,51,0.0032
.dylib,51,0.0032
.ins,51,0.0032
.cwl,51,0.0032
.net,51,0.0032
.adc,51,0.0032
.gexf,51,0.0032
.ckpt,51,0.0032
.adl,51,0.0032
.ijm,50,0.0031
.history,50,0.0031
.gemspec,50,0.0031
.controller,50,0.0031
.piqi,50,0.0031
.adm,50,0.0031
.broadpeak,50,0.0031
.avi,49,0.003
.off,49,0.003
.internal,49,0.003
.mol2,49,0.003
.nuspec,48,0.003
.script,48,0.003
.crc,48,0.003
.pug,48,0.003
.lox,48,0.003
.guess,47,0.0029
.xcworkspacedata,47,0.0029
.l,47,0.0029
.dockerfile,47,0.0029
.swc,47,0.0029
.fl,47,0.0029
.proof,47,0.0029
.suo,46,0.0029
.x,46,0.0029
.emf,46,0.0029
.anim,46,0.0029
.dox,46,0.0029
.sub,45,0.0028
.typed,45,0.0028
.fai,45,0.0028
.circom,45,0.0028
.inf,45,0.0028
.slx,45,0.0028
.asmdef,45,0.0028
.graph,45,0.0028
.t7,45,0.0028
.pomdp,45,0.0028
.env,44,0.0027
.paw,44,0.0027
.genmodel,44,0.0027
.skip,44,0.0027
.px2,44,0.0027
.3pcap,44,0.0027
.stub,44,0.0027
.yul,44,0.0027
.fp,44,0.0027
.ninja,44,0.0027
.dlog,44,0.0027
.top,43,0.0027
.itp,43,0.0027
.7z,43,0.0027
.g4,43,0.0027
.order,43,0.0027
.gotmpl,43,0.0027
.rviz,43,0.0027
.compile,43,0.0027
.gephi,43,0.0027
.ds_store,42,0.0026
.mlapp,42,0.0026
.tmp,42,0.0026
.tec,42,0.0026
.sunwcch,42,0.0026
.cat,41,0.0025
.opi,41,0.0025
.default,41,0.0025
.torrent,41,0.0025
.psql,41,0.0025
.bats,41,0.0025
.bnf,41,0.0025
.productline,41,0.0025
.weave,41,0.0025
.modulemap,40,0.0025
.ply,40,0.0025
.pde,40,0.0025
.arch,40,0.0025
.bazel,40,0.0025
.pairs,40,0.0025
.lbr,40,0.0025
.jadd,40,0.0025
.xsp,40,0.0025
.g3dj,39,0.0024
.finc,39,0.0024
.targets,39,0.0024
.jinja2,39,0.0024
.qm,39,0.0024
.whl,39,0.0024
.vs,39,0.0024
.jld,39,0.0024
.pop,39,0.0024
.blastn,39,0.0024
.function,39,0.0024
.cmnd,39,0.0024
.dcf,38,0.0024
.sml,38,0.0024
.stan,38,0.0024
.postinst,38,0.0024
.options,38,0.0024
.sldprt,38,0.0024
.req,38,0.0024
.webp,38,0.0024
.exp,38,0.0024
.nexus,38,0.0024
.svc,38,0.0024
.edl,38,0.0024
.coor,38,0.0024
.spl,38,0.0024
.glsl,37,0.0023
.fnt,37,0.0023
.kml,37,0.0023
.mps,37,0.0023
.aspx,37,0.0023
.graphml,37,0.0023
.biom,37,0.0023
.fls,37,0.0023
.stamp,37,0.0023
.classdiagram_mavo,37,0.0023
.haml,37,0.0023
.scad,37,0.0023
.1-2,37,0.0023
.1-3,37,0.0023
.1-4,37,0.0023
.1-5,37,0.0023
.2-2,37,0.0023
.2-3,37,0.0023
.2-4,37,0.0023
.2-5,37,0.0023
.smk,37,0.0023
.nw,36,0.0022
.dirs,36,0.0022
.xsc,36,0.0022
.metadata,36,0.0022
.sdf,36,0.0022
.5,36,0.0022
.perl,36,0.0022
.iso,36,0.0022
.gbk,36,0.0022
.mar,36,0.0022
.msgpack,36,0.0022
.clstr,36,0.0022
.graphqls,36,0.0022
.thtml,36,0.0022
.cost,36,0.0022
.xcf,35,0.0022
.pspnc,35,0.0022
.dotsettings,35,0.0022
.aj,35,0.0022
.th,35,0.0022
.mll,35,0.0022
.lastbuildstate,35,0.0022
.svd,35,0.0022
.nl,35,0.0022
.brite,35,0.0022
.agda-lib,35,0.0022
.option,35,0.0022
.txt~,34,0.0021
.od,34,0.0021
.language,34,0.0021
.pipeline-config,34,0.0021
.lean,34,0.0021
.brd,34,0.0021
.any,34,0.0021
.batch,34,0.0021
.j3o,34,0.0021
.cxls,33,0.002
.storyboard,33,0.002
.bst,33,0.002
.proj,33,0.002
.tsp,33,0.002
.sct,33,0.002
.der,33,0.002
.jrag,33,0.002
.05-1,33,0.002
.05-2,33,0.002
.05-3,33,0.002
.05-4,33,0.002
.05-5,33,0.002
.1-1,33,0.002
.15-1,33,0.002
.15-2,33,0.002
.15-3,33,0.002
.15-4,33,0.002
.15-5,33,0.002
.2-1,33,0.002
.pspimage,33,0.002
.gpx,32,0.002
.py~,32,0.002
.toc,32,0.002
.swinb,32,0.002
.hoa,32,0.002
.grapp,32,0.002
.fdb,32,0.002
.fld,32,0.002
.flm,32,0.002
.002,31,0.0019
.sbn,31,0.0019
.sbx,31,0.0019
.trace,31,0.0019
.fea,31,0.0019
.qpj,31,0.0019
.em,31,0.0019
.psf,31,0.0019
.sts,31,0.0019
.lat,31,0.0019
.pch,30,0.0019
.4,30,0.0019
.001,30,0.0019
.nbin,30,0.0019
.com,30,0.0019
.parset,30,0.0019
.dex,30,0.0019
.wlt,30,0.0019
.gjf,30,0.0019
.de,30,0.0019
.bb,30,0.0019
.yang,30,0.0019
.ex,30,0.0019
.pytorch,30,0.0019
.rls,30,0.0019
.landmarkascii,30,0.0019
.annot,29,0.0018
.sav,29,0.0018
.sam,29,0.0018
.caffemodel,29,0.0018
.datasource,29,0.0018
.lesser,29,0.0018
.prm,29,0.0018
.ru,29,0.0018
.mgz,29,0.0018
.mak,29,0.0018
.lds,29,0.0018
.only,29,0.0018
.excalidraw,29,0.0018
.pipeline,29,0.0018
.wdl,29,0.0018
.crd,29,0.0018
.qc,29,0.0018
.filtered,29,0.0018
.hash,29,0.0018
.sh~,28,0.0017
.mexmaca64,28,0.0017
.tru,28,0.0017
.rout,28,0.0017
.event,28,0.0017
.mdb,28,0.0017
.sp,28,0.0017
.license,28,0.0017
.fr,28,0.0017
.thingml,28,0.0017
.kv,28,0.0017
.obs,28,0.0017
.jade,28,0.0017
.unv,28,0.0017
.amf,27,0.0017
.tt,27,0.0017
.name,27,0.0017
.html~,27,0.0017
.check_cache,27,0.0017
.alloy,27,0.0017
.line,27,0.0017
.np,27,0.0017
.piq,27,0.0017
.scl,27,0.0017
.safsu,27,0.0017
.ecl,27,0.0017
.overlay,27,0.0017
.save,26,0.0016
.cys,26,0.0016
.6,26,0.0016
.qrc,26,0.0016
.slurm,26,0.0016
.con,26,0.0016
.sage,26,0.0016
.rsf,26,0.0016
.it,26,0.0016
.npo,26,0.0016
.llik,26,0.0016
.castep,26,0.0016
.gaml,26,0.0016
.bag,26,0.0016
.tri,26,0.0016
.ダウンロード,26,0.0016
.jpage,26,0.0016
.run,25,0.0015
.nwk,25,0.0015
.tbi,25,0.0015
.bsh,25,0.0015
.component,25,0.0015
.pump,25,0.0015
.ds,25,0.0015
.qsub,25,0.0015
.exc,25,0.0015
.bbl,25,0.0015
.sc,25,0.0015
.ttm,25,0.0015
.handlebars,25,0.0015
.mov,25,0.0015
.molecule,25,0.0015
.henshin,25,0.0015
.henshin_diagram,25,0.0015
.pssm,25,0.0015
.tf,25,0.0015
.ipac,25,0.0015
.zy,25,0.0015
.sif,24,0.0015
.mustache,24,0.0015
.help,24,0.0015
.003,24,0.0015
.stdin,24,0.0015
.app,24,0.0015
.blend,24,0.0015
.bunch,24,0.0015
.copairs,24,0.0015
.misppairs,24,0.0015
.pxi,24,0.0015
.tax,24,0.0015
.sas,24,0.0015
.sm,24,0.0015
.smt,24,0.0015
.gplt,24,0.0015
.stat,23,0.0014
.tld,23,0.0014
.pb,23,0.0014
.razor,23,0.0014
.debug,23,0.0014
.init,23,0.0014
.wmz,23,0.0014
.wgsl,23,0.0014
.las,23,0.0014
.ct,23,0.0014
.saved,23,0.0014
.bugfix,23,0.0014
.freq,23,0.0014
.pref,23,0.0014
.pre,22,0.0014
.names,22,0.0014
.osim,22,0.0014
.fhi,22,0.0014
.geom,22,0.0014
.dcm,22,0.0014
.bkp,22,0.0014
.static,22,0.0014
.prerm,22,0.0014
.md5sum,22,0.0014
.opts,22,0.0014
.marks,22,0.0014
.hx,22,0.0014
.fo,22,0.0014
.backup,22,0.0014
.vql,22,0.0014
.0-1,22,0.0014
.ascx,22,0.0014
.lyx,22,0.0014
.menkar,22,0.0014
.octree,22,0.0014
.mrt,21,0.0013
.gin,21,0.0013
.release,21,0.0013
.cginc,21,0.0013
.mexmac,21,0.0013
.odt,21,0.0013
.cocommonpairs,21,0.0013
.commonpairs,21,0.0013
.mispcommonpairs,21,0.0013
.annotation,21,0.0013
.preinst,21,0.0013
.astro,21,0.0013
.mdx,21,0.0013
.world,21,0.0013
.ace,21,0.0013
.tpp,21,0.0013
.jrxml,21,0.0013
.asp,21,0.0013
.tmplt,21,0.0013
.colc,21,0.0013
.case6_4_demo,21,0.0013
.taggers,21,0.0013
.j3odata,21,0.0013
.bob,21,0.0013
.gcd,21,0.0013
.pes,21,0.0013
.h~,20,0.0012
.gnuplot,20,0.0012
.cjs,20,0.0012
.psp,20,0.0012
.odg,20,0.0012
.seq,20,0.0012
.csl,20,0.0012
.cspc,20,0.0012
.thor,20,0.0012
.brf,20,0.0012
.template~,20,0.0012
.sfd,20,0.0012
.dummy,20,0.0012
.sl,20,0.0012
.r~,20,0.0012
.nrrd,20,0.0012
.anod,20,0.0012
.gotpl,20,0.0012
.rng,20,0.0012
.story,20,0.0012
.iwa,20,0.0012
.ily,19,0.0012
.trk,19,0.0012
.fchk,19,0.0012
.http,19,0.0012
.lop,19,0.0012
.args,19,0.0012
.nib,19,0.0012
.drl,19,0.0012
.sha256,19,0.0012
.tx,19,0.0012
.sf,19,0.0012
.blg,19,0.0012
.xpt,19,0.0012
.profile,19,0.0012
.pom,19,0.0012
.tpr,19,0.0012
.cmakein,19,0.0012
.material,19,0.0012
.hamlet,19,0.0012
.xpl,19,0.0012
.mcmeta,19,0.0012
.grp,19,0.0012
.csm,19,0.0012
.dpr,19,0.0012
.zsol,19,0.0012
.kvg,19,0.0012
.svn-work,19,0.0012
.prt,19,0.0012
.rfo,19,0.0012
.col,18,0.0011
.fq,18,0.0011
.state,18,0.0011
.jou,18,0.0011
.pts,18,0.0011
.pep,18,0.0011
.rnc,18,0.0011
.icc,18,0.0011
.gmt,18,0.0011
.aa,18,0.0011
.idx,18,0.0011
.classdiagramdiag,18,0.0011
.be,18,0.0011
.macho64,18,0.0011
.mt,18,0.0011
.c4d,18,0.0011
.adf,18,0.0011
.sha1,18,0.0011
.aag,18,0.0011
._,18,0.0011
.stat_totcorr,18,0.0011
.stations,18,0.0011
.styl,17,0.0011
.gb,17,0.0011
.nf,17,0.0011
.arpa,17,0.0011
.fragment,17,0.0011
.pub,17,0.0011
.vspscc,17,0.0011
.ttt,17,0.0011
.container,17,0.0011
.layout,17,0.0011
.baseline,17,0.0011
.trimmed,17,0.0011
.vrb,17,0.0011
.un~,17,0.0011
.incritic,17,0.0011
.ecorediag,17,0.0011
.mp,17,0.0011
.dix,17,0.0011
.coeff,17,0.0011
.skeleton,17,0.0011
.weights,17,0.0011
.zout,17,0.0011
.obo,17,0.0011
.new,17,0.0011
.input,17,0.0011
.cvr,17,0.0011
.sqn,17,0.0011
.pulses,17,0.0011
.upl,17,0.0011
.dproj,17,0.0011
.gamma,17,0.0011
.5120,17,0.0011
.vsn,17,0.0011
.grc,16,0.001
.sed,16,0.001
.sc2map,16,0.001
.version,16,0.001
.glb,16,0.001
.image,16,0.001
.mly,16,0.001
.bgd,16,0.001
.si,16,0.001
.ppm,16,0.001
.supp,16,0.001
.dat-s,16,0.001
.man,16,0.001
.console_out,16,0.001
.metavalue,16,0.001
.aird,16,0.001
.jspf,16,0.001
.cnt,16,0.001
.vel,16,0.001
.gsn,16,0.001
.classdiagramdiag_mavo,16,0.001
.g4table,16,0.001
.srim,16,0.001
.cal,16,0.001
.lss,16,0.001
.urdf,16,0.001
.h5ad,16,0.001
.cie,16,0.001
.cmi,16,0.001
.ott,16,0.001
.pdbqt,16,0.001
.testfile,16,0.001
.vp,16,0.001
.cfg~,16,0.001
.dat_results,16,0.001
.fpj,16,0.001
.ftx,16,0.001
.xwam,16,0.001
.lhe,16,0.001
.ocio,16,0.001
.hypo_inv,16,0.001
.entitlements,15,0.0009
.js~,15,0.0009
.lgo,15,0.0009
.teal,15,0.0009
.hs-incl,15,0.0009
.004,15,0.0009
.xml~,15,0.0009
.rendertexture,15,0.0009
.params,15,0.0009
.pri,15,0.0009
.dbs,15,0.0009
.7,15,0.0009
.psl,15,0.0009
.bzl,15,0.0009
.pitch,15,0.0009
.apfmapping,15,0.0009
.mexsg,15,0.0009
.mexsg64,15,0.0009
.mexsol,15,0.0009
.true,15,0.0009
.dcd,15,0.0009
.vsz,15,0.0009
.human1,15,0.0009
.jpk-force,15,0.0009
.ncl,15,0.0009
.prf,15,0.0009
.vala,15,0.0009
.mapping,15,0.0009
.gir,15,0.0009
.shadergraph,15,0.0009
.jenkinsfile,15,0.0009
.tads,15,0.0009
.cti,15,0.0009
.emb,15,0.0009
.pnml,14,0.0009
.ff,14,0.0009
.include,14,0.0009
.pac,14,0.0009
.vim,14,0.0009
.arj,14,0.0009
.webm,14,0.0009
.sorted-by-tts,14,0.0009
.ser,14,0.0009
.xtext,14,0.0009
.nn,14,0.0009
.pbtxt,14,0.0009
.b,14,0.0009
.mcr,14,0.0009
.train,14,0.0009
.cfe,14,0.0009
.idb,14,0.0009
.json5,14,0.0009
.header,14,0.0009
.p12,14,0.0009
.ifc,14,0.0009
.06,14,0.0009
.hdfs,14,0.0009
.bcf,14,0.0009
.trainer,14,0.0009
.norm,14,0.0009
.norm~,14,0.0009
.click,14,0.0009
.templ,14,0.0009
.statemachine,14,0.0009
.bin+8,14,0.0009
.bin+4,14,0.0009
.il,14,0.0009
.gcc,14,0.0009
.vb,14,0.0009
.dyp,14,0.0009
.cnd,14,0.0009
.sld,14,0.0009
.bbmodel,14,0.0009
.ffly,14,0.0009
.ncml,14,0.0009
.tps,14,0.0009
.jstest,14,0.0009
.gws,14,0.0009
.sbgn,14,0.0009
.rel,14,0.0009
.aiff,14,0.0009
.bar,14,0.0009
.xcuserstate,13,0.0008
.abinit,13,0.0008
.amb,13,0.0008
.bwt,13,0.0008
.sa,13,0.0008
.treetop,13,0.0008
.bk,13,0.0008
.types,13,0.0008
.dev,13,0.0008
.cfs,13,0.0008
.lref,13,0.0008
.fmt,13,0.0008
.ped,13,0.0008
.eval,13,0.0008
.12,13,0.0008
.sfp,13,0.0008
.page,13,0.0008
.graffle,13,0.0008
.inpcrd,13,0.0008
.bit,13,0.0008
.vmd,13,0.0008
.gp,13,0.0008
.000,13,0.0008
.sha,13,0.0008
.tag,13,0.0008
.assets,13,0.0008
.wrl,13,0.0008
.relationaldatabase_mavo,13,0.0008
.wiki,13,0.0008
.grd,13,0.0008
.hdtcfg,13,0.0008
.pkg,13,0.0008
.otio,13,0.0008
.mcl,13,0.0008
.rpm,13,0.0008
.dtf,13,0.0008
.lin,13,0.0008
.picked,13,0.0008
.prb,13,0.0008
.nhx,13,0.0008
.wkt,13,0.0008
.p4,12,0.0007
.f95,12,0.0007
.bim,12,0.0007
.done,12,0.0007
.dep,12,0.0007
.manpages,12,0.0007
.pod,12,0.0007
.tla,12,0.0007
.hc,12,0.0007
.notation,12,0.0007
.di,12,0.0007
.cbproj,12,0.0007
.start,12,0.0007
.status,12,0.0007
.source,12,0.0007
.lintian-overrides,12,0.0007
.webmanifest,12,0.0007
.har,12,0.0007
.paths,12,0.0007
.common,12,0.0007
.defs,12,0.0007
.theme,12,0.0007
.slnx,12,0.0007
.interval_list,12,0.0007
.xcix,12,0.0007
.bel,12,0.0007
.cpp~,12,0.0007
.parm7,12,0.0007
.scssc,12,0.0007
.x2r,12,0.0007
.clrat,12,0.0007
.lrat,12,0.0007
.normal,12,0.0007
.strip,12,0.0007
.smd,12,0.0007
.svl,12,0.0007
.ren,12,0.0007
.ktr,12,0.0007
.fds,12,0.0007
.dtrace,12,0.0007
.slog,12,0.0007
.couch,12,0.0007
.nxs,12,0.0007
.pxp,12,0.0007
.vv,12,0.0007
.pk8,12,0.0007
.la,11,0.0007
.hlsl,11,0.0007
.cgi,11,0.0007
.fam,11,0.0007
.rlx,11,0.0007
.jfd,11,0.0007
.debian,11,0.0007
.upf,11,0.0007
.wasm,11,0.0007
.inline,11,0.0007
.depend,11,0.0007
.sys,11,0.0007
.pfx,11,0.0007
.stg,11,0.0007
.jslib,11,0.0007
.rfis,11,0.0007
.glade,11,0.0007
.spc,11,0.0007
.eqn,11,0.0007
.rdoc,11,0.0007
.cpickle,11,0.0007
.gen,11,0.0007
.application,11,0.0007
.cli,11,0.0007
.snp,11,0.0007
.adj,11,0.0007
.adv,11,0.0007
.drawio,11,0.0007
.ids,11,0.0007
.trr,11,0.0007
.prep,11,0.0007
.gon,11,0.0007
.gonstats,11,0.0007
.gff3,11,0.0007
.events,11,0.0007
.dxf,11,0.0007
.pml,11,0.0007
.mdp,11,0.0007
.slab,11,0.0007
.js_broken,11,0.0007
.texi,11,0.0007
.dsw,11,0.0007
.odesign,11,0.0007
.iss,11,0.0007
.rockspec,11,0.0007
.inv,11,0.0007
.snake,11,0.0007
.rd~,11,0.0007
.schelp,11,0.0007
.tjs,11,0.0007
.arff 2,11,0.0007
.arff 3,11,0.0007
.dom,11,0.0007
.vels,10,0.0006
.jmx,10,0.0006
.mlx,10,0.0006
.mako,10,0.0006
.mdown,10,0.0006
.tags,10,0.0006
.gii,10,0.0006
.csv#,10,0.0006
.grace,10,0.0006
.docs,10,0.0006
.ddk,10,0.0006
.005,10,0.0006
.policy,10,0.0006
.json~,10,0.0006
.apkg,10,0.0006
.disabled,10,0.0006
.cert,10,0.0006
.wbf,10,0.0006
.pos,10,0.0006
.noun,10,0.0006
.verb,10,0.0006
.xccheckout,10,0.0006
.tcc,10,0.0006
.dpx,10,0.0006
.omh,10,0.0006
.assign,10,0.0006
.linestats,10,0.0006
.fieldml,10,0.0006
.cov,10,0.0006
.kompren,10,0.0006
.arb,10,0.0006
.700,10,0.0006
.800,10,0.0006
.900,10,0.0006
.nopct,10,0.0006
.flux,10,0.0006
.trad,10,0.0006
.lut,10,0.0006
.jnlp,10,0.0006
.bw,10,0.0006
.ress,10,0.0006
.gmfgen,10,0.0006
.gmfgraph,10,0.0006
.gmfmap,10,0.0006
.gmftool,10,0.0006
.cof,10,0.0006
.nyx,10,0.0006
.area,10,0.0006
.base,10,0.0006
.y4m,10,0.0006
.sym,10,0.0006
.edt,10,0.0006
.edx,10,0.0006
.epp,10,0.0006
.docker,10,0.0006
.flcvr,10,0.0006
.r2016b,10,0.0006
.cascade,10,0.0006
.tea,10,0.0006
.grid,10,0.0006
.mzxml,10,0.0006
.cogsbox,10,0.0006
.jsm,10,0.0006
.cpt,10,0.0006
.knime,10,0.0006
.tsdb,10,0.0006
.jpt,10,0.0006
.gappedpeak,10,0.0006
.dr,10,0.0006
.snippet,10,0.0006
.neic,10,0.0006
.c~,9,0.0006
.report,9,0.0006
.ly,9,0.0006
.xcbkptlist,9,0.0006
.cor,9,0.0006
.wsgi,9,0.0006
.tagged,9,0.0006
.atlas,9,0.0006
.nhr,9,0.0006
.nin,9,0.0006
.nsq,9,0.0006
.dockerignore,9,0.0006
.ignore,9,0.0006
.psml,9,0.0006
.fc,9,0.0006
.006,9,0.0006
.genome,9,0.0006
.ambr,9,0.0006
.edges,9,0.0006
.jnilib,9,0.0006
.pdn,9,0.0006
.rpc,9,0.0006
.demo,9,0.0006
.mit,9,0.0006
.cthm,9,0.0006
.block,9,0.0006
.exsd,9,0.0006
.fish,9,0.0006
.04,9,0.0006
.img,9,0.0006
.gyp,9,0.0006
.mml,9,0.0006
.fsa,9,0.0006
.mel,9,0.0006
.gzi,9,0.0006
.ndx,9,0.0006
.ja,9,0.0006
.100,9,0.0006
.200,9,0.0006
.300,9,0.0006
.400,9,0.0006
.500,9,0.0006
.600,9,0.0006
.gd,9,0.0006
.htc,9,0.0006
.opam,9,0.0006
.xlsx#,9,0.0006
.int,9,0.0006
.shtml,9,0.0006
.3dti-brir,9,0.0006
.gts,9,0.0006
.ilk,9,0.0006
.c++,9,0.0006
.pal,9,0.0006
.z01,9,0.0006
.tm,9,0.0006
.ion,9,0.0006
.tiny,9,0.0006
.tc,9,0.0006
.rhtml,9,0.0006
.pds,9,0.0006
.patt,9,0.0006
.rgs,9,0.0006
.topostats,9,0.0006
.hmm2,9,0.0006
.hbs,9,0.0006
.fg,9,0.0006
.arf,9,0.0006
.hp,9,0.0006
.tsl,9,0.0006
.job,9,0.0006
.grdgmt,9,0.0006
.latlon,9,0.0006
.scm,8,0.0005
.results,8,0.0005
.tran,8,0.0005
.appxmanifest,8,0.0005
.gdml,8,0.0005
.csr,8,0.0005
.20,8,0.0005
.mex,8,0.0005
.g3db,8,0.0005
.rsd,8,0.0005
.128procs,8,0.0005
.ddb,8,0.0005
.escript,8,0.0005
.clusters,8,0.0005
.louvain,8,0.0005
.resw,8,0.0005
.24,8,0.0005
.linux,8,0.0005
.gold,8,0.0005
.lnk,8,0.0005
.esv,8,0.0005
.mwe2,8,0.0005
.guiskin,8,0.0005
.dwlt,8,0.0005
.pytor,8,0.0005
.cfin,8,0.0005
.codon,8,0.0005
.wl,8,0.0005
.gemfile,8,0.0005
.fragmentshader,8,0.0005
.vdproj,8,0.0005
.pcfg,8,0.0005
.original,8,0.0005
.interp,8,0.0005
.gpg,8,0.0005
.configurations,8,0.0005
.fio,8,0.0005
.mhelp,8,0.0005
.gpl,8,0.0005
.mllib,8,0.0005
.gpkg,8,0.0005
.osm,8,0.0005
.matlab,8,0.0005
.ap_,8,0.0005
.vtt,8,0.0005
.gbo,8,0.0005
.gbs,8,0.0005
.gto,8,0.0005
.gtp,8,0.0005
.target,8,0.0005
.tagger,8,0.0005
.mw,8,0.0005
.allx,8,0.0005
.ally,8,0.0005
.ty,8,0.0005
.windows,8,0.0005
.bcs,8,0.0005
.xcsettings,8,0.0005
.oct,8,0.0005
.cbp,8,0.0005
.os,8,0.0005
.constraint,8,0.0005
.statemachinediag,8,0.0005
.wcfg,8,0.0005
.std,8,0.0005
.dsc,8,0.0005
.mgh,8,0.0005
.mph,8,0.0005
.hpp~,8,0.0005
.qix,8,0.0005
.eab,8,0.0005
.ocb,8,0.0005
.nbt,8,0.0005
.pe64,8,0.0005
.leo,8,0.0005
.schema,8,0.0005
.xed,8,0.0005
.instances,8,0.0005
.pf,8,0.0005
.jy,8,0.0005
.dssp,8,0.0005
.pomdpx,8,0.0005
.pro~,8,0.0005
.plg,8,0.0005
.submit,8,0.0005
.vfp,8,0.0005
.apron,8,0.0005
.tadb,8,0.0005
.arc,8,0.0005
.cdl,8,0.0005
.gwd,8,0.0005
.itx,8,0.0005
.xop,8,0.0005
.wise,8,0.0005
.fak,8,0.0005
.iaproj,8,0.0005
.2levels,8,0.0005
.coords,8,0.0005
.coords_tmp,8,0.0005
.unaligned,8,0.0005
.rp,8,0.0005
.max,8,0.0005
.shield,8,0.0005
.wrap,8,0.0005
.gmtxy,8,0.0005
.p4~,7,0.0004
.ses,7,0.0004
.nupkg,7,0.0004
.atr,7,0.0004
.10,7,0.0004
.comps,7,0.0004
.swaps,7,0.0004
.sexp,7,0.0004
.vars,7,0.0004
.maf,7,0.0004
.psp_mod,7,0.0004
.pspgth,7,0.0004
.pcapng,7,0.0004
.links,7,0.0004
.egg,7,0.0004
.frm,7,0.0004
.cshtml,7,0.0004
.egl,7,0.0004
.xml_gen,7,0.0004
.rsp,7,0.0004
.xswt,7,0.0004
.aidl,7,0.0004
.stash,7,0.0004
.cds,7,0.0004
.numbers,7,0.0004
.pages,7,0.0004
.md~,7,0.0004
.loom,7,0.0004
.ucls,7,0.0004
.ansible,7,0.0004
.command,7,0.0004
.jjt,7,0.0004
.line1,7,0.0004
.cram,7,0.0004
.eng,7,0.0004
.fin,7,0.0004
.tur,7,0.0004
.align,7,0.0004
.vtk,7,0.0004
.rst7,7,0.0004
.30,7,0.0004
.lp,7,0.0004
.pyf,7,0.0004
.pfg,7,0.0004
.topojson,7,0.0004
.csi,7,0.0004
.nlogo,7,0.0004
.mis,7,0.0004
.sublime-project,7,0.0004
.ec,7,0.0004
.shared,7,0.0004
.comp,7,0.0004
.vml,7,0.0004
.session,7,0.0004
.asis,7,0.0004
.mts,7,0.0004
.neon,7,0.0004
.card,7,0.0004
.diag,7,0.0004
.uvt,7,0.0004
.mrg,7,0.0004
.cquery,7,0.0004
.restart,7,0.0004
.bytes,7,0.0004
.df,7,0.0004
.synth,7,0.0004
.vdf,7,0.0004
.yaml~,7,0.0004
.gfa,7,0.0004
.2010,7,0.0004
.scr,7,0.0004
.misc,7,0.0004
.hql,7,0.0004
.actives,7,0.0004
.inactives,7,0.0004
.sbml,7,0.0004
.l2,7,0.0004
.fct,7,0.0004
.icao,7,0.0004
.ashx,7,0.0004
.hse,7,0.0004
.ecsv,7,0.0004
.gui,7,0.0004
.spi1d,7,0.0004
.sing,7,0.0004
.dbl,7,0.0004
.ind,6,0.0004
.dwg,6,0.0004
.tfam,6,0.0004
.tped,6,0.0004
.pcm,6,0.0004
.ofr,6,0.0004
.dmg,6,0.0004
.max_comps,6,0.0004
.elements,6,0.0004
.32procs,6,0.0004
.project,6,0.0004
.tfw,6,0.0004
.circuit,6,0.0004
.cd,6,0.0004
.ioc,6,0.0004
.trans,6,0.0004
.file,6,0.0004
.jp2,6,0.0004
.system,6,0.0004
.km3,6,0.0004
.atl,6,0.0004
.bundle,6,0.0004
.tikz,6,0.0004
.gdf,6,0.0004
.fla,6,0.0004
.ldif,6,0.0004
.cfout,6,0.0004
.cout,6,0.0004
.url,6,0.0004
.testsettings,6,0.0004
.rev,6,0.0004
.roi,6,0.0004
.lighting,6,0.0004
.edgelist,6,0.0004
.framestext,6,0.0004
.svg#fontawesome,6,0.0004
.lammps,6,0.0004
.jj,6,0.0004
.win32,6,0.0004
.ehoa,6,0.0004
.line2,6,0.0004
.beagle,6,0.0004
.fdr3,6,0.0004
.clib,6,0.0004
.mldylib,6,0.0004
.dmnd,6,0.0004
.tconf,6,0.0004
.hdf,6,0.0004
.dta,6,0.0004
.mlpack,6,0.0004
.custom,6,0.0004
.logic,6,0.0004
.00,6,0.0004
.ga,6,0.0004
.spm,6,0.0004
.mwb,6,0.0004
.lac,6,0.0004
.tm2,6,0.0004
.3dti-ild,6,0.0004
.lhs,6,0.0004
.gbl,6,0.0004
.gbp,6,0.0004
.gko,6,0.0004
.ix,6,0.0004
.server231,6,0.0004
.jpk-force-map,6,0.0004
.iobj,6,0.0004
.ipdb,6,0.0004
.yy,6,0.0004
.sublime-workspace,6,0.0004
.ent,6,0.0004
.pfm,6,0.0004
.lts,6,0.0004
.enc,6,0.0004
.jsonp,6,0.0004
.readdb,6,0.0004
.prc,6,0.0004
.gnumeric,6,0.0004
.plain,6,0.0004
.bp,6,0.0004
.mzml,6,0.0004
.mnb,6,0.0004
.txt-utf8,6,0.0004
.atrpms,6,0.0004
.cxt,6,0.0004
.afa,6,0.0004
.gid,6,0.0004
.chain,6,0.0004
.mj2,6,0.0004
.cocci,6,0.0004
.cpc,6,0.0004
.fasta-gb,6,0.0004
.1r69,6,0.0004
.accno,6,0.0004
.gdalinfo,6,0.0004
.oncvpsp,6,0.0004
.txml,6,0.0004
.zipx,6,0.0004
.xctestplan,6,0.0004
.ihf,6,0.0004
.mobi,6,0.0004
.copycomplete,6,0.0004
.jsdiff,6,0.0004
.ssdf,6,0.0004
.pcd,6,0.0004
.hip,6,0.0004
.ociom,6,0.0004
.text,6,0.0004
.dts,6,0.0004
.vapi,6,0.0004
.georss,6,0.0004
.counts,5,0.0003
.tml,5,0.0003
.table,5,0.0003
.trc,5,0.0003
.pckl,5,0.0003
.bgz,5,0.0003
.trp,5,0.0003
.twol,5,0.0003
.txn,5,0.0003
.nog,5,0.0003
.node,5,0.0003
.lda,5,0.0003
.agr,5,0.0003
.sldasm,5,0.0003
.edf,5,0.0003
.apr,5,0.0003
.summary,5,0.0003
.mdl,5,0.0003
.trg,5,0.0003
.cloc,5,0.0003
.result,5,0.0003
.msd,5,0.0003
.xq,5,0.0003
.css~,5,0.0003
.etp,5,0.0003
.ewo,5,0.0003
.vsw,5,0.0003
.lex,5,0.0003
.groupproj,5,0.0003
.dpl,5,0.0003
.labels,5,0.0003
.cpu,5,0.0003
.gpu,5,0.0003
.snap,5,0.0003
.thmx,5,0.0003
.rul,5,0.0003
.desc,5,0.0003
.ddl,5,0.0003
.sense,5,0.0003
.biopepa,5,0.0003
.java~,5,0.0003
.machines,5,0.0003
.tree7,5,0.0003
.ops,5,0.0003
.999,5,0.0003
.dx,5,0.0003
.core,5,0.0003
.vsd,5,0.0003
.ger,5,0.0003
.etrees,5,0.0003
.podspec,5,0.0003
.hcl,5,0.0003
.odp,5,0.0003
.sphere,5,0.0003
.19,5,0.0003
.384,5,0.0003
.399,5,0.0003
.768,5,0.0003
.swo,5,0.0003
.webgmex,5,0.0003
.stk,5,0.0003
.xar,5,0.0003
.xvg,5,0.0003
.x86_64,5,0.0003
.includecache,5,0.0003
.texc,5,0.0003
.tm4,5,0.0003
.lic,5,0.0003
.vis,5,0.0003
.gtl,5,0.0003
.cg,5,0.0003
.ks,5,0.0003
.dia,5,0.0003
.catcol,5,0.0003
.avsc,5,0.0003
.fpga,5,0.0003
.id2word,5,0.0003
.volatilememoryallocatorservice,5,0.0003
.dj,5,0.0003
.xstfile,5,0.0003
.amd,5,0.0003
.m4v,5,0.0003
.tbd,5,0.0003
.dng,5,0.0003
.query,5,0.0003
.communities,5,0.0003
.conllu,5,0.0003
.cuda,5,0.0003
.chai,5,0.0003
.sk,5,0.0003
.v2,5,0.0003
.lise,5,0.0003
.cc~,5,0.0003
.vectors,5,0.0003
.clabel,5,0.0003
.mplstyle,5,0.0003
.manual,5,0.0003
.se,5,0.0003
.art,5,0.0003
.gem,5,0.0003
.pas,5,0.0003
.z02,5,0.0003
.paletteconfiguration,5,0.0003
.double_shear_layer,5,0.0003
.lid_driven_cavity,5,0.0003
.scala~,5,0.0003
.cutsites,5,0.0003
.taxonomy,5,0.0003
.owl_err,5,0.0003
.kicad_pcb,5,0.0003
.ppt,5,0.0003
.qss,5,0.0003
.fset,5,0.0003
.fset3,5,0.0003
.iset,5,0.0003
.ada_specification,5,0.0003
.onetoc2,5,0.0003
.sizes,5,0.0003
.uvproj,5,0.0003
.flist,5,0.0003
.empty,5,0.0003
.tst,5,0.0003
.vloupe,5,0.0003
.code,5,0.0003
.feb,5,0.0003
.rdat,5,0.0003
.dvi,5,0.0003
.dirtree,5,0.0003
.del,5,0.0003
.l#1,5,0.0003
.ncs,5,0.0003
.3mf,5,0.0003
.f90~,5,0.0003
.changelog,5,0.0003
.crf,5,0.0003
.fa-gb,5,0.0003
.pco,5,0.0003
.sx,5,0.0003
.csv~,5,0.0003
.apecs,5,0.0003
.apex,5,0.0003
.rdr,5,0.0003
.lab,5,0.0003
.snakemake,5,0.0003
.exactbase,5,0.0003
.1024,5,0.0003
.avgbase,5,0.0003
.3levels,5,0.0003
.deploy,5,0.0003
.ald,5,0.0003
.dat4,5,0.0003
.ado,5,0.0003
.times,5,0.0003
.ocioz,5,0.0003
.ijmap,4,0.0002
.keystore,4,0.0002
.loop,4,0.0002
.vnm,4,0.0002
.srl,4,0.0002
.vertex,4,0.0002
.xes,4,0.0002
.eslintrc,4,0.0002
.pspfhi,4,0.0002
.drh,4,0.0002
.ae,4,0.0002
.pawps,4,0.0002
.cml,4,0.0002
.mav,4,0.0002
.pav,4,0.0002
.sma,4,0.0002
.userprefs,4,0.0002
.wxs,4,0.0002
.ncrunchproject,4,0.0002
.axml,4,0.0002
.tmlanguage,4,0.0002
.lz,4,0.0002
.lzma,4,0.0002
.v2_auto_conll,4,0.0002
.v2_gold_conll,4,0.0002
.psm1,4,0.0002
.bas,4,0.0002
.vocab,4,0.0002
.cob,4,0.0002
.asax,4,0.0002
.mobl,4,0.0002
.mpl,4,0.0002
.sql~,4,0.0002
.aartemplate,4,0.0002
.wtc,4,0.0002
.pagedef,4,0.0002
.asn,4,0.0002
.utran,4,0.0002
.anki2,4,0.0002
.gtf,4,0.0002
.2504e12,4,0.0002
.dn,4,0.0002
.h5py,4,0.0002
.dataset,4,0.0002
.postrm,4,0.0002
.examples,4,0.0002
.vms,4,0.0002
.mmdb,4,0.0002
.32,4,0.0002
.xcprivacy,4,0.0002
.msi,4,0.0002
.vsmdi,4,0.0002
.emz,4,0.0002
.netmodule,4,0.0002
.kt,4,0.0002
.da,4,0.0002
.head,4,0.0002
.posttemplate,4,0.0002
.basic,4,0.0002
.packedancestrymap,4,0.0002
.gc,4,0.0002
.ubuntu,4,0.0002
.travis,4,0.0002
.ilprofile,4,0.0002
.war,4,0.0002
.alt,4,0.0002
.phylip,4,0.0002
.tersoff,4,0.0002
.data-00000-of-00002,4,0.0002
.data-00001-of-00002,4,0.0002
.ext,4,0.0002
.pk,4,0.0002
.lpf,4,0.0002
.poscar,4,0.0002
.cpproj,4,0.0002
.mem,4,0.0002
.sdb,4,0.0002
.qmd,4,0.0002
.kra,4,0.0002
.pyproj,4,0.0002
.komprenx,4,0.0002
.ocl,4,0.0002
.bsd,4,0.0002
.65_200_300mpc_v3,4,0.0002
.yoda,4,0.0002
.007,4,0.0002
.199,4,0.0002
.299,4,0.0002
.41,4,0.0002
.499,4,0.0002
.599,4,0.0002
.64,4,0.0002
.799,4,0.0002
.960,4,0.0002
.shape,4,0.0002
.abc,4,0.0002
.unityweb,4,0.0002
.stex,4,0.0002
.tres,4,0.0002
.import,4,0.0002
.tscn,4,0.0002
.corrected,4,0.0002
.doxygen,4,0.0002
.production,4,0.0002
.mvg,4,0.0002
.blk,4,0.0002
.xap,4,0.0002
.intervals,4,0.0002
.hjson,4,0.0002
.nonvolatilememoryallocatorservice,4,0.0002
.inflated,4,0.0002
.pial,4,0.0002
.white,4,0.0002
.ff14sb,4,0.0002
.runtime,4,0.0002
.hcc,4,0.0002
.num,4,0.0002
.pic,4,0.0002
.statemachine_mavo,4,0.0002
.statemachinediag_mavo,4,0.0002
.sequencediagram,4,0.0002
.property,4,0.0002
.jcm,4,0.0002
.jaas,4,0.0002
.summit,4,0.0002
.mass,4,0.0002
.2line,4,0.0002
.dec,4,0.0002
.lis,4,0.0002
.rclass,4,0.0002
.agent,4,0.0002
.foma,4,0.0002
.ris,4,0.0002
.nh,4,0.0002
.xg,4,0.0002
.rating,4,0.0002
.store,4,0.0002
.no,4,0.0002
.gunit,4,0.0002
.doxyfile,4,0.0002
.rego,4,0.0002
.vbs,4,0.0002
.xtra,4,0.0002
.flo,4,0.0002
.z03,4,0.0002
.blob,4,0.0002
.latex,4,0.0002
.unknown,4,0.0002
.ld+json,4,0.0002
.epf,4,0.0002
.flow_past_cylinder-x,4,0.0002
.hotspot,4,0.0002
.poiseuille,4,0.0002
.tab-backward,4,0.0002
.common-outliers,4,0.0002
.sars-cov-2,4,0.0002
.dntheme,4,0.0002
.hugo,4,0.0002
.srt,4,0.0002
.p7s,4,0.0002
.rrf,4,0.0002
.bck,4,0.0002
.xyr,4,0.0002
.cmp,4,0.0002
.mingw,4,0.0002
.hg19,4,0.0002
.hg38,4,0.0002
.lv,4,0.0002
.tcn,4,0.0002
.elf32,4,0.0002
.sha512,4,0.0002
.lottie,4,0.0002
.xqm,4,0.0002
.mzid,4,0.0002
.ksy,4,0.0002
.csvt,4,0.0002
.ewt,4,0.0002
.crun,4,0.0002
.wspos,4,0.0002
.uvopt,4,0.0002
.2-6,4,0.0002
.1-6,4,0.0002
.2-10,4,0.0002
.2-11,4,0.0002
.2-7,4,0.0002
.2-8,4,0.0002
.2-9,4,0.0002
.4-12,4,0.0002
.4-13,4,0.0002
.4-14,4,0.0002
.4-15,4,0.0002
.4-16,4,0.0002
.8-17,4,0.0002
.ttx,4,0.0002
.tofix,4,0.0002
.crai,4,0.0002
.magma,4,0.0002
.s#1,4,0.0002
.tex~,4,0.0002
.flv,4,0.0002
.taylor_green_vortices,4,0.0002
.globalconfig,4,0.0002
.asn1,4,0.0002
.pars,4,0.0002
.af,4,0.0002
.obf,4,0.0002
.ffn,4,0.0002
.var,4,0.0002
.kjb,4,0.0002
.sass,4,0.0002
.pzfx,4,0.0002
.rmd~,4,0.0002
.hmmb,4,0.0002
.bitmaps,4,0.0002
.elixir,4,0.0002
.intel,4,0.0002
.single,4,0.0002
.nbtxt,4,0.0002
.v3,4,0.0002
.nit,4,0.0002
.res~,4,0.0002
.cluebuddy,4,0.0002
.aif,4,0.0002
.p8,4,0.0002
.ffdata,4,0.0002
.ffindex,4,0.0002
.tests,4,0.0002
.lyx~,4,0.0002
.astc,4,0.0002
.2560,4,0.0002
.6400,4,0.0002
.1280,4,0.0002
.extras,4,0.0002
.dont-chk,4,0.0002
.rhs,4,0.0002
.spi3d,4,0.0002
.3dl,4,0.0002
.csp,4,0.0002
.spkc,4,0.0002
.tdms,4,0.0002
.mafft,4,0.0002
.hypo,4,0.0002
.invc,4,0.0002
.headrules,4,0.0002
.linfrag,4,0.0002
.scenario,3,0.0002
.lvproj,3,0.0002
.lira,3,0.0002
.daf,3,0.0002
.jrn,3,0.0002
.lexc,3,0.0002
.txtlast,3,0.0002
.scif,3,0.0002
.devel,3,0.0002
.set,3,0.0002
.services,3,0.0002
.64procs-1,3,0.0002
.64procs-2,3,0.0002
.64procs,3,0.0002
.atompaw,3,0.0002
.wvl,3,0.0002
.in_freq,3,0.0002
.outden,3,0.0002
.for,3,0.0002
.mpsystheme,3,0.0002
.projitems,3,0.0002
.shproj,3,0.0002
.m3u,3,0.0002
.vsconfig,3,0.0002
.rule,3,0.0002
.wxl,3,0.0002
.llvm,3,0.0002
.mdc,3,0.0002
.data_fids,3,0.0002
.data_gval,3,0.0002
.data_hcls,3,0.0002
.data_ival,3,0.0002
.data_gspn,3,0.0002
.w,3,0.0002
.sorted,3,0.0002
.sorted-by-tts-prove,3,0.0002
.sorted-by-tts-s1heur,3,0.0002
.sorted-by-tts-s3heur,3,0.0002
.fd,3,0.0002
.edmx,3,0.0002
.eol,3,0.0002
.emx,3,0.0002
.xss,3,0.0002
.svcinfo,3,0.0002
.megal,3,0.0002
.2dmap,3,0.0002
.overridecontroller,3,0.0002
.vc,3,0.0002
.5553ff9,3,0.0002
.almgp,3,0.0002
.almgr,3,0.0002
.cmix,3,0.0002
.lay,3,0.0002
.get,3,0.0002
.fff,3,0.0002
.testing,3,0.0002
.cmds,3,0.0002
.cpn,3,0.0002
.tf3,3,0.0002
.vertexshader,3,0.0002
.py#,3,0.0002
.fdt,3,0.0002
.fdx,3,0.0002
.fnm,3,0.0002
.xsx,3,0.0002
.mso,3,0.0002
.fed,3,0.0002
.chm,3,0.0002
.mfd,3,0.0002
.afdesign,3,0.0002
.rsa,3,0.0002
.imageinfo,3,0.0002
.imageset,3,0.0002
.csf,3,0.0002
.cp,3,0.0002
.json-tmlanguage,3,0.0002
.sublime-keymap,3,0.0002
.n-triples,3,0.0002
.mtgl,3,0.0002
.soft,3,0.0002
.icdd,3,0.0002
.development,3,0.0002
.makefile,3,0.0002
.spdx,3,0.0002
.site,3,0.0002
.sdef,3,0.0002
.retry,3,0.0002
.object,3,0.0002
.cdb,3,0.0002
.scc,3,0.0002
.me,3,0.0002
.pqr,3,0.0002
.hsd,3,0.0002
.pyscf,3,0.0002
.d12,3,0.0002
.xlsm,3,0.0002
.ql,3,0.0002
.odocl,3,0.0002
.cdf,3,0.0002
.mdv,3,0.0002
.resolved,3,0.0002
.gitignore,3,0.0002
.en0,3,0.0002
.en1,3,0.0002
.en2,3,0.0002
.en3,3,0.0002
.arm,3,0.0002
.jbf,3,0.0002
.km,3,0.0002
.mnc,3,0.0002
.gypi,3,0.0002
.jena,3,0.0002
.dvs,3,0.0002
.17_200_300mpc_v3,3,0.0002
.mrc,3,0.0002
.099,3,0.0002
.256,3,0.0002
.320,3,0.0002
.35,3,0.0002
.50,3,0.0002
.512,3,0.0002
.640,3,0.0002
.699,3,0.0002
.899,3,0.0002
.case,3,0.0002
.poly,3,0.0002
.code-workspace,3,0.0002
.regex,3,0.0002
.vrml,3,0.0002
.tabular,3,0.0002
.bcfzip,3,0.0002
.pck,3,0.0002
.godot,3,0.0002
.zsh,3,0.0002
.download,3,0.0002
.converted,3,0.0002
.dig,3,0.0002
.master,3,0.0002
.bzlmod,3,0.0002
.pra,3,0.0002
.wgh,3,0.0002
.fad,3,0.0002
.tmpfile,3,0.0002
.configuration,3,0.0002
.dilp,3,0.0002
.vex,3,0.0002
.sketch,3,0.0002
.dos,3,0.0002
.lipid21,3,0.0002
.gaff2,3,0.0002
.ol3,3,0.0002
.bsc1,3,0.0002
.tip3p,3,0.0002
.ide,3,0.0002
.caw,3,0.0002
.ecm,3,0.0002
.rgb,3,0.0002
.chkpt,3,0.0002
.eam,3,0.0002
.mms,3,0.0002
.engine,3,0.0002
.zran,3,0.0002
.sdl,3,0.0002
.knwf,3,0.0002
.icse15_sequencediagram_mavo,3,0.0002
.icse15_sequencediagramdiag_mavo,3,0.0002
.istardiag_mavo,3,0.0002
.blend1,3,0.0002
.rosinstall,3,0.0002
.svh,3,0.0002
.trl,3,0.0002
.defaults,3,0.0002
.test2,3,0.0002
.sedov,3,0.0002
.xbm,3,0.0002
.positions,3,0.0002
.cpp_zz,3,0.0002
.sequences,3,0.0002
.rlabel,3,0.0002
.cap,3,0.0002
.nav,3,0.0002
.snm,3,0.0002
.unix,3,0.0002
.containerfile,3,0.0002
.ptg,3,0.0002
.oifits,3,0.0002
.cbl,3,0.0002
.thrift,3,0.0002
.axaml,3,0.0002
.re,3,0.0002
.nu,3,0.0002
.metal,3,0.0002
.asl~,3,0.0002
.z04,3,0.0002
.rsy,3,0.0002
.rc2,3,0.0002
.ltx,3,0.0002
.eap,3,0.0002
.sparql-results+xml,3,0.0002
.cleaned,3,0.0002
.est,3,0.0002
.ipe,3,0.0002
.edb,3,0.0002
.wiff,3,0.0002
.flow_past_cylinder-y,3,0.0002
.taylorgreen,3,0.0002
.gresource,3,0.0002
.zlib,3,0.0002
.uncorrelated_chain_10ti1rd1,3,0.0002
.uncorrelated_chain_10ti2rd2,3,0.0002
.uncorrelated_chain_1ti1rd1,3,0.0002
.uncorrelated_chain_1ti2rd2,3,0.0002
.uncorrelated_chain_2ti1rd1,3,0.0002
.uncorrelated_chain_2ti2rd2,3,0.0002
.uncorrelated_chain_3ti1rd1,3,0.0002
.uncorrelated_chain_3ti2rd2,3,0.0002
.uncorrelated_chain_4ti1rd1,3,0.0002
.uncorrelated_chain_4ti2rd2,3,0.0002
.uncorrelated_chain_5ti1rd1,3,0.0002
.uncorrelated_chain_5ti2rd2,3,0.0002
.uncorrelated_chain_6ti1rd1,3,0.0002
.uncorrelated_chain_6ti2rd2,3,0.0002
.uncorrelated_chain_7ti1rd1,3,0.0002
.uncorrelated_chain_7ti2rd2,3,0.0002
.uncorrelated_chain_8ti1rd1,3,0.0002
.uncorrelated_chain_8ti2rd2,3,0.0002
.uncorrelated_chain_9ti1rd1,3,0.0002
.uncorrelated_chain_9ti2rd2,3,0.0002
.uncorrelated_timing__ti1_simdata1,3,0.0002
.uncorrelated_timing__ti2_simdata2,3,0.0002
.uncorrelated_chain_10ti1rd0,3,0.0002
.uncorrelated_chain_1ti1rd0,3,0.0002
.uncorrelated_chain_2ti1rd0,3,0.0002
.uncorrelated_chain_3ti1rd0,3,0.0002
.uncorrelated_chain_4ti1rd0,3,0.0002
.uncorrelated_chain_5ti1rd0,3,0.0002
.uncorrelated_chain_6ti1rd0,3,0.0002
.uncorrelated_chain_7ti1rd0,3,0.0002
.uncorrelated_chain_8ti1rd0,3,0.0002
.uncorrelated_chain_9ti1rd0,3,0.0002
.macros,3,0.0002
.vbproj,3,0.0002
.creol,3,0.0002
.praat,3,0.0002
.intent,3,0.0002
.jsonschema,3,0.0002
.kicad_pcb-bak,3,0.0002
.smake,3,0.0002
.mona,3,0.0002
.logrotate,3,0.0002
.9,3,0.0002
.qsubsec,3,0.0002
.mol,3,0.0002
.tl,3,0.0002
.defhol,3,0.0002
.cir,3,0.0002
.nasm,3,0.0002
.xcvb,3,0.0002
.vcd,3,0.0002
.eran,3,0.0002
.fgb,3,0.0002
.lkt,3,0.0002
.cgpr,3,0.0002
.macos,3,0.0002
.evl,3,0.0002
.deb,3,0.0002
.preset,3,0.0002
.msc,3,0.0002
.clif,3,0.0002
.preseed,3,0.0002
.orb,3,0.0002
.dgf,3,0.0002
.number,3,0.0002
.quirksprovider,3,0.0002
.convertersprovider,3,0.0002
.dssp2,3,0.0002
.ogv,3,0.0002
.tbz2,3,0.0002
.vtree,3,0.0002
.commit,3,0.0002
.aff,3,0.0002
.gmms,3,0.0002
.sync,3,0.0002
.b#1,3,0.0002
.b#2,3,0.0002
.b#3,3,0.0002
.b#4,3,0.0002
.b#5,3,0.0002
.b#6,3,0.0002
.b#7,3,0.0002
.b#8,3,0.0002
.b#9,3,0.0002
.s#2,3,0.0002
.s#3,3,0.0002
.s#4,3,0.0002
.s#5,3,0.0002
.s#6,3,0.0002
.s#7,3,0.0002
.s#8,3,0.0002
.s#9,3,0.0002
.jlink,3,0.0002
.posix,3,0.0002
.l#2,3,0.0002
.gsch2pcb,3,0.0002
.pcb,3,0.0002
.howto,3,0.0002
.opsahl-powergrid,3,0.0002
.hmmtbl,3,0.0002
.rosif,3,0.0002
.jsonld,3,0.0002
.aarch64,3,0.0002
.sg,3,0.0002
.linst,3,0.0002
.gpmn,3,0.0002
.gpmn_diagram,3,0.0002
.grdecl,3,0.0002
.sai,3,0.0002
.sha224,3,0.0002
.sha384,3,0.0002
.view,3,0.0002
.1srl,3,0.0002
.coord,3,0.0002
.ngdoc,3,0.0002
.scores,3,0.0002
.rddl,3,0.0002
.vector,3,0.0002
.stp,3,0.0002
.secret,3,0.0002
.icao_intrare,3,0.0002
.export,3,0.0002
.01tsmear_ddb,3,0.0002
.02tsmear_ddb,3,0.0002
.04tsmear_ddb,3,0.0002
.dat~,3,0.0002
.cluevariety,3,0.0002
.pctl,3,0.0002
.trashinfo,3,0.0002
.sh#,3,0.0002
.gold_conll,3,0.0002
.delete_manifest,3,0.0002
.map_manifest,3,0.0002
.rsrc,3,0.0002
.motifs,3,0.0002
.motifs10,3,0.0002
.motifs12,3,0.0002
.motifs8,3,0.0002
.vfproj,3,0.0002
.mhd,3,0.0002
.rg,3,0.0002
.uniq,3,0.0002
.ndb,3,0.0002
.nhd,3,0.0002
.nhi,3,0.0002
.nos,3,0.0002
.not,3,0.0002
.ntf,3,0.0002
.nto,3,0.0002
.vkb,3,0.0002
.textclipping,3,0.0002
.newhead,3,0.0002
.doxy,3,0.0002
.matrix,3,0.0002
.altaza,3,0.0002
.3-const,3,0.0002
.3-vowel,3,0.0002
.feaconf,3,0.0002
.600pk,3,0.0002
.tfm,3,0.0002
.c#,3,0.0002
.defconfig,3,0.0002
.treefile,3,0.0002
.vipr,3,0.0002
.wdata,3,0.0002
.jinja,3,0.0002
.cta,3,0.0002
.i~,3,0.0002
.landmarkasciiold,3,0.0002
.lai,2,0.0001
.prg,2,0.0001
.anc,2,0.0001
.lpp,2,0.0001
.ypp,2,0.0001
.edward,2,0.0001
.first,2,0.0001
.units,2,0.0001
.rjs,2,0.0001
.lvlib,2,0.0001
.hh_bak,2,0.0001
.sh-example,2,0.0001
.spellrelax,2,0.0001
.21,2,0.0001
.binned_anchors,2,0.0001
.m5,2,0.0001
.out_1,2,0.0001
.tdl,2,0.0001
.nsd,2,0.0001
.nv,2,0.0001
.tptp,2,0.0001
.server,2,0.0001
.main,2,0.0001
.1024procs,2,0.0001
.256procs,2,0.0001
.512procs,2,0.0001
.bare,2,0.0001
.psppos,2,0.0001
.phoney_mod,2,0.0001
.khgh,2,0.0001
.sgs_mod,2,0.0001
.pbe,2,0.0001
.fromphermet,2,0.0001
.out_ep_sbk,2,0.0001
.out_ep_sbk_org,2,0.0001
.01_ddb,2,0.0001
.notes,2,0.0001
.rhistory,2,0.0001
.mb,2,0.0001
.mavlink,2,0.0001
.dumped,2,0.0001
.ros,2,0.0001
.hf,2,0.0001
.sge,2,0.0001
.atg,2,0.0001
.frame,2,0.0001
.pidb,2,0.0001
.vsixmanifest,2,0.0001
.wixproj,2,0.0001
.ruleset,2,0.0001
.dbd,2,0.0001
.bfs,2,0.0001
.424,2,0.0001
.433,2,0.0001
.442,2,0.0001
.1600,2,0.0001
.fem,2,0.0001
.tmsnippet,2,0.0001
.java-bak,2,0.0001
.dictionaries,2,0.0001
.dislocator,2,0.0001
.tokencap,2,0.0001
.qemu,2,0.0001
.cpio,2,0.0001
.lzo,2,0.0001
.lha,2,0.0001
.lrz,2,0.0001
.rz,2,0.0001
.zoo,2,0.0001
.jxr,2,0.0001
.testcases,2,0.0001
.poc,2,0.0001
.mpg,2,0.0001
.dubm,2,0.0001
.ie,2,0.0001
.stats,2,0.0001
.glove,2,0.0001
.22,2,0.0001
.15,2,0.0001
.439,2,0.0001
.zargo,2,0.0001
.fsproj,2,0.0001
.101,2,0.0001
.mediawiki,2,0.0001
.navdata,2,0.0001
.dbml,2,0.0001
.trm,2,0.0001
.changes,2,0.0001
.svcmap,2,0.0001
.schemaview,2,0.0001
._trace,2,0.0001
.ioi,2,0.0001
.geflo,2,0.0001
.etd,2,0.0001
.ptx,2,0.0001
.sca,2,0.0001
.vci,2,0.0001
.movements,2,0.0001
.csv_off,2,0.0001
.unstable,2,0.0001
.fgram,2,0.0001
.imp,2,0.0001
.soap,2,0.0001
.02e3b54,2,0.0001
.8-pre1,2,0.0001
.fda8cb8,2,0.0001
.4f9c5c1,2,0.0001
.lproj,2,0.0001
.mixer,2,0.0001
.tts,2,0.0001
.rqtf,2,0.0001
.rqtfimage,2,0.0001
.aty,2,0.0001
.422,2,0.0001
.bands,2,0.0001
.darwin,2,0.0001
.generic,2,0.0001
.2nd,2,0.0001
.autosave,2,0.0001
.clang,2,0.0001
.legacy,2,0.0001
.qasm,2,0.0001
.31_i86linux64,2,0.0001
.crx,2,0.0001
.mbox,2,0.0001
.corpus,2,0.0001
.triggers,2,0.0001
.daily,2,0.0001
.timer,2,0.0001
.ln,2,0.0001
.apache,2,0.0001
.macosx,2,0.0001
.sagews,2,0.0001
.geh,2,0.0001
.dump,2,0.0001
.eos,2,0.0001
.alpha,2,0.0001
.geometryshader,2,0.0001
.resp-pyr,2,0.0001
.jison,2,0.0001
.wmf,2,0.0001
.testrunconfig,2,0.0001
.bef,2,0.0001
.textile,2,0.0001
.pheno,2,0.0001
.eigenstrat,2,0.0001
.chisq,2,0.0001
.geno,2,0.0001
.pca,2,0.0001
.evec,2,0.0001
.xtxt,2,0.0001
.mag,2,0.0001
.rss,2,0.0001
.xrefs,2,0.0001
.lookup,2,0.0001
.heic,2,0.0001
.lcasedata,2,0.0001
.predict,2,0.0001
.py-example,2,0.0001
.todo,2,0.0001
.patterns,2,0.0001
.pso,2,0.0001
.spo,2,0.0001
.external,2,0.0001
.airebo,2,0.0001
.agro,2,0.0001
.crop,2,0.0001
.soil,2,0.0001
.976,2,0.0001
.977,2,0.0001
.978,2,0.0001
.979,2,0.0001
.980,2,0.0001
.981,2,0.0001
.982,2,0.0001
.983,2,0.0001
.984,2,0.0001
.985,2,0.0001
.986,2,0.0001
.987,2,0.0001
.988,2,0.0001
.989,2,0.0001
.990,2,0.0001
.991,2,0.0001
.992,2,0.0001
.993,2,0.0001
.994,2,0.0001
.995,2,0.0001
.996,2,0.0001
.997,2,0.0001
.998,2,0.0001
.mg,2,0.0001
.fraplib,2,0.0001
.coco,2,0.0001
.prog,2,0.0001
.watchr,2,0.0001
.-chr,2,0.0001
.chr21_22_only,2,0.0001
.chr21_22_only:50000,2,0.0001
.regions,2,0.0001
.regions2,2,0.0001
.xvv,2,0.0001
.gtkw,2,0.0001
.fdf,2,0.0001
.34,2,0.0001
.basin,2,0.0001
.dbasin,2,0.0001
.spot,2,0.0001
.mafs,2,0.0001
.rf,2,0.0001
.align_one_indexed_and_reversed,2,0.0001
.ibd,2,0.0001
.imzml,2,0.0001
.sigmet,2,0.0001
.frcfld,2,0.0001
.webarchive,2,0.0001
.mlappinstall,2,0.0001
.jardesc,2,0.0001
.superstl,2,0.0001
.sstl,2,0.0001
.guest,2,0.0001
.kmt,2,0.0001
.ivy,2,0.0001
.ab,2,0.0001
.4t,2,0.0001
.4a,2,0.0001
.12_200_300mpc_v3,2,0.0001
.62_200_300mpc_v3,2,0.0001
.75_200_300mpc_v3,2,0.0001
.55_200_300mpc_v3,2,0.0001
.81_200_300mpc_v3,2,0.0001
.27_200_300mpc_v3,2,0.0001
.70_200_300mpc_v3,2,0.0001
.79_200_300mpc_v3,2,0.0001
.16_200_300mpc_v3,2,0.0001
.02_200_300mpc_v3,2,0.0001
.57_200_300mpc_v3,2,0.0001
.14_200_300mpc_v3,2,0.0001
.73_200_300mpc_v3,2,0.0001
.60_200_300mpc_v3,2,0.0001
.33_200_300mpc_v3,2,0.0001
.93_200_300mpc_v3,2,0.0001
.72_200_300mpc_v3,2,0.0001
.50_200_300mpc_v3,2,0.0001
.renviron,2,0.0001
.conv,2,0.0001
.008,2,0.0001
.009,2,0.0001
.010,2,0.0001
.039,2,0.0001
.05,2,0.0001
.128,2,0.0001
.13,2,0.0001
.14,2,0.0001
.16,2,0.0001
.27,2,0.0001
.450,2,0.0001
.686,2,0.0001
.70,2,0.0001
.99,2,0.0001
.td,2,0.0001
.body,2,0.0001
.cognition,2,0.0001
.communication,2,0.0001
.possession,2,0.0001
.lrx,2,0.0001
.t1x,2,0.0001
.gplv3,2,0.0001
.replay_exclude,2,0.0001
.replay_include,2,0.0001
.replay_unique_ip,2,0.0001
.rewrite_1ttl,2,0.0001
.rewrite_1ttl-hdrfix,2,0.0001
.rewrite_2ttl,2,0.0001
.rewrite_2ttl-hdrfix,2,0.0001
.rewrite_3ttl,2,0.0001
.rewrite_3ttl-hdrfix,2,0.0001
.rewrite_config,2,0.0001
.rewrite_dlthdlc,2,0.0001
.rewrite_dltraw,2,0.0001
.rewrite_dltuser,2,0.0001
.rewrite_efcs,2,0.0001
.rewrite_endpoint,2,0.0001
.rewrite_enet_subsmac,2,0.0001
.rewrite_fixcsum,2,0.0001
.rewrite_fixlen_del,2,0.0001
.rewrite_fixlen_pad,2,0.0001
.rewrite_fixlen_trunc,2,0.0001
.rewrite_l7fuzzing,2,0.0001
.rewrite_layer2,2,0.0001
.rewrite_mac,2,0.0001
.rewrite_mac_seed,2,0.0001
.rewrite_mac_seed_keep,2,0.0001
.rewrite_mtutrunc,2,0.0001
.rewrite_nanosec,2,0.0001
.rewrite_pad,2,0.0001
.rewrite_pnat,2,0.0001
.rewrite_portmap,2,0.0001
.rewrite_range_portmap,2,0.0001
.rewrite_seed,2,0.0001
.rewrite_sequence,2,0.0001
.rewrite_skip,2,0.0001
.rewrite_tos,2,0.0001
.rewrite_trunc,2,0.0001
.1ad,2,0.0001
.rewrite_vlandel,2,0.0001
.oca,2,0.0001
.ocx,2,0.0001
.libsonnet,2,0.0001
.product,2,0.0001
.rootmap,2,0.0001
.genre,2,0.0001
.item,2,0.0001
.occupation,2,0.0001
.kij~,2,0.0001
.fdb_latexmk,2,0.0001
.inp~,2,0.0001
.physical,2,0.0001
.physical~,2,0.0001
.depart,2,0.0001
.age,2,0.0001
.ssl,2,0.0001
.sso,2,0.0001
.xa,2,0.0001
.sdp,2,0.0001
.hrg,2,0.0001
.lmk,2,0.0001
.lmko,2,0.0001
.tmw,2,0.0001
.simd,2,0.0001
.sobj,2,0.0001
.binaryproto,2,0.0001
.nova,2,0.0001
.voice,2,0.0001
.ns_movements,2,0.0001
.unsuccessfulbuild,2,0.0001
.acl,2,0.0001
.nraw,2,0.0001
.rrng,2,0.0001
.model3,2,0.0001
.mpileup,2,0.0001
.tpd,2,0.0001
.nosex,2,0.0001
.p7b,2,0.0001
.check,2,0.0001
.aocx,2,0.0001
.asi,2,0.0001
.jsonc,2,0.0001
.contents,2,0.0001
.analysis,2,0.0001
.vix,2,0.0001
.request,2,0.0001
.cijdat,2,0.0001
.processor,2,0.0001
.missingdatainfo,2,0.0001
.umap,2,0.0001
.uproject,2,0.0001
.ide-shm,2,0.0001
.ide-wal,2,0.0001
.tmpoutputpath,2,0.0001
.buildreport,2,0.0001
.browser,2,0.0001
.bdg,2,0.0001
.attr,2,0.0001
.configure,2,0.0001
.unx,2,0.0001
.jq,2,0.0001
.mpf,2,0.0001
.apps,2,0.0001
.pkgs,2,0.0001
.tfrecord,2,0.0001
.950214,2,0.0001
.950215,2,0.0001
.950216,2,0.0001
.950217,2,0.0001
.950218,2,0.0001
.950219,2,0.0001
.950220,2,0.0001
.950221,2,0.0001
.950222,2,0.0001
.950223,2,0.0001
.950224,2,0.0001
.150309,2,0.0001
.150307,2,0.0001
.150310,2,0.0001
.150314,2,0.0001
.150313,2,0.0001
.150311,2,0.0001
.150315,2,0.0001
.150312,2,0.0001
.150308,2,0.0001
.150317,2,0.0001
.150316,2,0.0001
.150508,2,0.0001
.150506,2,0.0001
.150509,2,0.0001
.150513,2,0.0001
.150512,2,0.0001
.150510,2,0.0001
.150514,2,0.0001
.150511,2,0.0001
.150507,2,0.0001
.150516,2,0.0001
.150515,2,0.0001
.150320,2,0.0001
.150318,2,0.0001
.150321,2,0.0001
.150325,2,0.0001
.150324,2,0.0001
.150322,2,0.0001
.150326,2,0.0001
.150323,2,0.0001
.150319,2,0.0001
.150328,2,0.0001
.150327,2,0.0001
.502328,2,0.0001
.502331,2,0.0001
.502333,2,0.0001
.502327,2,0.0001
.502326,2,0.0001
.502325,2,0.0001
.502329,2,0.0001
.502332,2,0.0001
.502324,2,0.0001
.502330,2,0.0001
.clist,2,0.0001
.importorder,2,0.0001
.acx,2,0.0001
.byte,2,0.0001
.7b,2,0.0001
.6d,2,0.0001
.sod,2,0.0001
.test3,2,0.0001
.garuda,2,0.0001
.small,2,0.0001
.restarttest,2,0.0001
.nosub,2,0.0001
.load,2,0.0001
.vlw,2,0.0001
.beam,2,0.0001
.avg_curv,2,0.0001
.avg_sulc,2,0.0001
.avg_thickness,2,0.0001
.curv,2,0.0001
.sulc,2,0.0001
.thickness,2,0.0001
.k,2,0.0001
.mold,2,0.0001
.oldcpp,2,0.0001
.org_archive,2,0.0001
.asci,2,0.0001
.cm,2,0.0001
.negative,2,0.0001
.mht,2,0.0001
.tmx,2,0.0001
.mime,2,0.0001
.bcc,2,0.0001
.manx,2,0.0001
.mc6,2,0.0001
.wat,2,0.0001
.apns,2,0.0001
.ptm,2,0.0001
.sls,2,0.0001
.cj,2,0.0001
.idr,2,0.0001
.fbs,2,0.0001
.bf,2,0.0001
.ʕ◔ϖ◔ʔ,2,0.0001
.elm,2,0.0001
.f03,2,0.0001
.rkt,2,0.0001
.civet,2,0.0001
.robot,2,0.0001
.mc,2,0.0001
.pegjs,2,0.0001
.applescript,2,0.0001
.licensepp,2,0.0001
.star,2,0.0001
.keywords,2,0.0001
.control,2,0.0001
.rtems,2,0.0001
.bna,2,0.0001
.nxd,2,0.0001
.nxj,2,0.0001
.tk,2,0.0001
.z05,2,0.0001
.yml~,2,0.0001
.osc,2,0.0001
.doc-base,2,0.0001
.rdf+xml,2,0.0001
.turtle,2,0.0001
.rbz,2,0.0001
.typesconfigurations,2,0.0001
.3ds,2,0.0001
.bubble,2,0.0001
.flow_past_cylinder-z,2,0.0001
.traceradvect_bds,2,0.0001
.rayleightaylor,2,0.0001
.convectedvortex,2,0.0001
.traceradvect,2,0.0001
.stanford,2,0.0001
.tcsh,2,0.0001
.left,2,0.0001
.right,2,0.0001
.pion,2,0.0001
.rest,2,0.0001
.dfm,2,0.0001
.jape,2,0.0001
.nrm,2,0.0001
.tii,2,0.0001
.tis,2,0.0001
.creator,2,0.0001
.includes,2,0.0001
.tasks,2,0.0001
.swn,2,0.0001
.ast,2,0.0001
.pxm,2,0.0001
.const,2,0.0001
.ecf,2,0.0001
.ensemble,2,0.0001
.repo,2,0.0001
.scriptenginefactory,2,0.0001
.chromsizes,2,0.0001
.lisp~,2,0.0001
.warc,2,0.0001
.experiment,2,0.0001
.style,2,0.0001
.conll10,2,0.0001
.mess,2,0.0001
.rtl,2,0.0001
.nif,2,0.0001
.ebnf,2,0.0001
.htkdic,2,0.0001
.gtout,2,0.0001
.preferences_pb,2,0.0001
.stetic,2,0.0001
.protect,2,0.0001
.cmap,2,0.0001
.spyx,2,0.0001
.feat,2,0.0001
.vcb,2,0.0001
.wembed,2,0.0001
.wvec,2,0.0001
.ppk,2,0.0001
.ez,2,0.0001
.nwb,2,0.0001
.vrt,2,0.0001
.action,2,0.0001
.cron,2,0.0001
.gazebo,2,0.0001
.chr2l,2,0.0001
.425_i86linux32,2,0.0001
.425_i86linux64,2,0.0001
.adabody,2,0.0001
.sdk,2,0.0001
.112-12,2,0.0001
.112-13,2,0.0001
.112-14,2,0.0001
.112-15,2,0.0001
.112-16,2,0.0001
.223-17,2,0.0001
.23-2,2,0.0001
.23-3,2,0.0001
.23-4,2,0.0001
.23-5,2,0.0001
.23-6,2,0.0001
.56-10,2,0.0001
.56-11,2,0.0001
.56-7,2,0.0001
.56-8,2,0.0001
.56-9,2,0.0001
.18-17,2,0.0001
.5-10,2,0.0001
.5-11,2,0.0001
.5-7,2,0.0001
.5-8,2,0.0001
.5-9,2,0.0001
.9-12,2,0.0001
.9-13,2,0.0001
.9-14,2,0.0001
.9-15,2,0.0001
.9-16,2,0.0001
.135-10,2,0.0001
.135-11,2,0.0001
.135-7,2,0.0001
.135-8,2,0.0001
.135-9,2,0.0001
.270-12,2,0.0001
.270-13,2,0.0001
.270-14,2,0.0001
.270-15,2,0.0001
.270-16,2,0.0001
.539-17,2,0.0001
.54-2,2,0.0001
.54-3,2,0.0001
.54-4,2,0.0001
.54-5,2,0.0001
.54-6,2,0.0001
.16-10,2,0.0001
.16-11,2,0.0001
.16-7,2,0.0001
.16-8,2,0.0001
.16-9,2,0.0001
.32-12,2,0.0001
.32-13,2,0.0001
.32-14,2,0.0001
.32-15,2,0.0001
.32-16,2,0.0001
.64-17,2,0.0001
.7-2,2,0.0001
.7-3,2,0.0001
.7-4,2,0.0001
.7-5,2,0.0001
.7-6,2,0.0001
.168-17,2,0.0001
.17-2,2,0.0001
.17-3,2,0.0001
.17-4,2,0.0001
.17-5,2,0.0001
.17-6,2,0.0001
.42-10,2,0.0001
.42-11,2,0.0001
.42-7,2,0.0001
.42-8,2,0.0001
.42-9,2,0.0001
.84-12,2,0.0001
.84-13,2,0.0001
.84-14,2,0.0001
.84-15,2,0.0001
.84-16,2,0.0001
.142-12,2,0.0001
.142-13,2,0.0001
.142-14,2,0.0001
.142-15,2,0.0001
.142-16,2,0.0001
.284-17,2,0.0001
.29-2,2,0.0001
.29-3,2,0.0001
.29-4,2,0.0001
.29-5,2,0.0001
.29-6,2,0.0001
.71-10,2,0.0001
.71-11,2,0.0001
.71-7,2,0.0001
.71-8,2,0.0001
.71-9,2,0.0001
.11-12,2,0.0001
.11-13,2,0.0001
.11-14,2,0.0001
.11-15,2,0.0001
.11-16,2,0.0001
.22-17,2,0.0001
.3-2,2,0.0001
.3-3,2,0.0001
.3-4,2,0.0001
.3-5,2,0.0001
.3-6,2,0.0001
.6-10,2,0.0001
.6-11,2,0.0001
.6-7,2,0.0001
.6-8,2,0.0001
.6-9,2,0.0001
.13-17,2,0.0001
.4-10,2,0.0001
.4-11,2,0.0001
.4-7,2,0.0001
.4-8,2,0.0001
.4-9,2,0.0001
.7-12,2,0.0001
.7-13,2,0.0001
.7-14,2,0.0001
.7-15,2,0.0001
.7-16,2,0.0001
.173-17,2,0.0001
.18-2,2,0.0001
.18-3,2,0.0001
.18-4,2,0.0001
.18-5,2,0.0001
.18-6,2,0.0001
.44-10,2,0.0001
.44-11,2,0.0001
.44-7,2,0.0001
.44-8,2,0.0001
.44-9,2,0.0001
.87-12,2,0.0001
.87-13,2,0.0001
.87-14,2,0.0001
.87-15,2,0.0001
.87-16,2,0.0001
.case-insensitive,2,0.0001
.case-sensitive,2,0.0001
.icloud,2,0.0001
.others,2,0.0001
.tassign,2,0.0001
.theta,2,0.0001
.twords,2,0.0001
.ncb,2,0.0001
.odex,2,0.0001
.srdf,2,0.0001
.java#,2,0.0001
.conservationscores,2,0.0001
.mlmodel,2,0.0001
.glf,2,0.0001
.vfb,2,0.0001
.designer,2,0.0001
.mscz,2,0.0001
.ows,2,0.0001
.ur5,2,0.0001
.keep,2,0.0001
.jfr,2,0.0001
.sjk,2,0.0001
.back,2,0.0001
.ori,2,0.0001
.iges,2,0.0001
.sbproj,2,0.0001
.ahk,2,0.0001
.keylayout,2,0.0001
.klc,2,0.0001
.rbwt,2,0.0001
.rpac,2,0.0001
.gld,2,0.0001
.mcool,2,0.0001
.hic,2,0.0001
.magma_template,2,0.0001
.magma_out,2,0.0001
.bvh,2,0.0001
.aspect,2,0.0001
.slxc,2,0.0001
.r2016a,2,0.0001
.msk,2,0.0001
.gsheet,2,0.0001
.axlsx,2,0.0001
.odat,2,0.0001
.r#,2,0.0001
.jsfrag,2,0.0001
.row,2,0.0001
.taylor_vortex_decaying,2,0.0001
.bds_tracer_advection,2,0.0001
.couette,2,0.0001
.read,2,0.0001
.write,2,0.0001
.eb_flow_const_velx,2,0.0001
.eb_flow_const_vely,2,0.0001
.poiseuille_cylinder_bingham,2,0.0001
.poiseuille_cylinder_newtonian,2,0.0001
.poiseuille_plane_bingham,2,0.0001
.poiseuille_plane_newtonian,2,0.0001
.split,2,0.0001
.tracer_adv_diff,2,0.0001
.tracer_adv_diff_cn,2,0.0001
.tracer_advection,2,0.0001
.uniform_velocity_sphere,2,0.0001
.channel_sphere,2,0.0001
.rotated_cylinder_x,2,0.0001
.rotated_cylinder_y,2,0.0001
.rotated_cylinder_z,2,0.0001
.bouss_bubble_god,2,0.0001
.bouss_bubble_mol,2,0.0001
.bouss_bubble_plm,2,0.0001
.burggraf,2,0.0001
.inout,2,0.0001
.rayleigh_taylor,2,0.0001
.time_dep_inflow,2,0.0001
.gaussian_traceradvect_bds,2,0.0001
.pakmor,2,0.0001
.copyright,2,0.0001
.cts,2,0.0001
.fa~,2,0.0001
.sdd,2,0.0001
.bionic,2,0.0001
.xenial,2,0.0001
.dirmeta,2,0.0001
.scratch,2,0.0001
.strata,2,0.0001
.errorprofile,2,0.0001
.mma,2,0.0001
.mmc,2,0.0001
.indel,2,0.0001
.gbrjob,2,0.0001
.dru,2,0.0001
.cam,2,0.0001
.l#3,2,0.0001
.l#4,2,0.0001
.axf,2,0.0001
.rspec,2,0.0001
.ipk,2,0.0001
.pyf~,2,0.0001
.yapf,2,0.0001
.alessandro,2,0.0001
.melino,2,0.0001
.alex,2,0.0001
.álvaro,2,0.0001
._2i,2,0.0001
.eps_template,2,0.0001
.tem,2,0.0001
.vanilla,2,0.0001
.benchfile,2,0.0001
.vssscc,2,0.0001
.mxd,2,0.0001
.wrapper,2,0.0001
.tfvars,2,0.0001
.asprox,2,0.0001
.msx,2,0.0001
.50k,2,0.0001
.1ctadimer,2,0.0001
.separated,2,0.0001
.extended,2,0.0001
.mseq,2,0.0001
.genus,2,0.0001
.dmp,2,0.0001
.tuxy,2,0.0001
.rrd,2,0.0001
.dir,2,0.0001
.odoc,2,0.0001
.mseed,2,0.0001
.dcr,2,0.0001
.ram,2,0.0001
.rm,2,0.0001
.wout,2,0.0001
.kb,2,0.0001
.lst~,2,0.0001
.tsv~,2,0.0001
.points,2,0.0001
.stylecop,2,0.0001
.checks,2,0.0001
.tcss,2,0.0001
.mpx,2,0.0001
.axd,2,0.0001
.skin,2,0.0001
.asmx,2,0.0001
.refresh,2,0.0001
.sitemap,2,0.0001
.bor,2,0.0001
.alpha_chain,2,0.0001
.beta_chain,2,0.0001
.protein_l10p,2,0.0001
.protein_l11p,2,0.0001
.protein_l13p,2,0.0001
.protein_l14p,2,0.0001
.protein_l15p,2,0.0001
.protein_l16p,2,0.0001
.protein_l18p,2,0.0001
.protein_l1p,2,0.0001
.protein_l22p,2,0.0001
.protein_l24p,2,0.0001
.protein_l2p,2,0.0001
.protein_l3p,2,0.0001
.protein_l4p,2,0.0001
.protein_l5p,2,0.0001
.protein_l6p,2,0.0001
.protein_s11p,2,0.0001
.protein_s12p,2,0.0001
.protein_s13p,2,0.0001
.protein_s15p,2,0.0001
.protein_s17p,2,0.0001
.protein_s19p,2,0.0001
.protein_s2p,2,0.0001
.protein_s3p,2,0.0001
.protein_s5p,2,0.0001
.protein_s7p,2,0.0001
.protein_s8p,2,0.0001
.protein_s9p,2,0.0001
.unitypackage,2,0.0001
.classpath,2,0.0001
.combine,2,0.0001
.cppx,2,0.0001
.acp,2,0.0001
.z1,2,0.0001
.pbm,2,0.0001
.org~,2,0.0001
.eaf,2,0.0001
.exb,2,0.0001
.fwbackup,2,0.0001
.fwdata,2,0.0001
.extraman,2,0.0001
.rdfs,2,0.0001
.flr,2,0.0001
.flr_query,2,0.0001
.flr_results,2,0.0001
.mozilla,2,0.0001
.mnt,2,0.0001
.fms,2,0.0001
.sit,2,0.0001
.eig,2,0.0001
.mmn,2,0.0001
.spin,2,0.0001
.pygtex,2,0.0001
.pygstyle,2,0.0001
.djvu,2,0.0001
.harvest_params,2,0.0001
.json_manifest,2,0.0001
.rsync_manifest,2,0.0001
.sfo,2,0.0001
.qa,2,0.0001
.listobs,2,0.0001
.in~,2,0.0001
.mpi,2,0.0001
.zinc,2,0.0001
.gwp,2,0.0001
.jhm,2,0.0001
.rcq,2,0.0001
.rmf,2,0.0001
.testsuite,2,0.0001
.1536,2,0.0001
.rprox,2,0.0001
.cross,2,0.0001
.unittest,2,0.0001
.parameterized,2,0.0001
.diskspecs,2,0.0001
.outv,2,0.0001
.parv,2,0.0001
.dat3,2,0.0001
.sthlp,2,0.0001
.cproj,2,0.0001
.feas,2,0.0001
.modelproj,2,0.0001
.addin,2,0.0001
.ewl,2,0.0001
.lzfse,2,0.0001
.ccc,2,0.0001
.pick,2,0.0001
.parameters,2,0.0001
.perspective,2,0.0001
.vowel,2,0.0001
.1-const,2,0.0001
.1-vowel,2,0.0001
.poni,2,0.0001
.nestml,2,0.0001
.cql,2,0.0001
.avl,2,0.0001
.cad,2,0.0001
.vsidx,2,0.0001
.ktx,2,0.0001
.geohash,2,0.0001
.mappings,2,0.0001
.f%,2,0.0001
.taup,2,0.0001
.tvel,2,0.0001
.clustal_num,2,0.0001
.dbr,2,0.0001
.f77,1,0.0001
.fast,1,0.0001
.qgraf,1,0.0001
.rtn,1,0.0001
.headers,1,0.0001
.scaf2bin,1,0.0001
.xwb,1,0.0001
.transformerfactory,1,0.0001
.xpathfactory,1,0.0001
.fcgi,1,0.0001
.aliases,1,0.0001
.lvlps,1,0.0001
.robj,1,0.0001
.fr_msm_hcv_1a,1,0.0001
.filt,1,0.0001
.voc,1,0.0001
.arith,1,0.0001
.gmk,1,0.0001
.cc_head,1,0.0001
.cc_tail,1,0.0001
.opf,1,0.0001
.scrm,1,0.0001
.axt,1,0.0001
.comm,1,0.0001
.eu,1,0.0001
.ini_tmpl,1,0.0001
.entry1,1,0.0001
.fqrs,1,0.0001
.ecg,1,0.0001
.addon,1,0.0001
.aa6f9e2,1,0.0001
.p18564,1,0.0001
.png~,1,0.0001
.pass,1,0.0001
.client,1,0.0001
.ods#,1,0.0001
.template1,1,0.0001
.template2,1,0.0001
.0_c07_19_nc_sat001_minmin_p005000_rr,1,0.0001
.0_c07_19_nc_sos_sat001_minmin_p005000_rr,1,0.0001
.0_c12_02_nc_sat001_minmin_p005000_rr,1,0.0001
.0_g----_0001_c18_f1_se_cs_sp_s00,1,0.0001
.0_g----_0001_c18_f1_se_cs_sp_s0y,1,0.0001
.0_g----_0001_c47_f1_se_cs_sp_s00,1,0.0001
.0_g----_0003_c18_f1_pi_se_cs_sp_s0y,1,0.0001
.0_g----_0003_c18_f1_se_cs_sp_s0y,1,0.0001
.0_g----_0004_c18_f1_se_cs_sp_pi_s0y,1,0.0001
.0_g----_0004_c18_f1_se_cs_sp_s0y,1,0.0001
.0_g----_0005_c18_f1_se_cs_sp_s0y,1,0.0001
.0_g----_0008_c18_f1_se_cs_sp_s0y,1,0.0001
.0_g----_0010_evo,1,0.0001
.0_g----_0012_c18_f1_se_cs_sp_s0y,1,0.0001
.0_g----_0012_c18_f1_se_cs_sp_s5prr_rg_s04an,1,0.0001
.0_g----_0012_c18_f1_se_cs_sp_s5prr_rg_s0y,1,0.0001
.0_g----_0013_c18_f1_se_cs_sp_s0y,1,0.0001
.0_g----_0014_c18_f1_se_cs_sp_s0y,1,0.0001
.0_g----_0015_c18_f1_se_cs_sp_s0y,1,0.0001
.0_g----_0016_c18_f1_se_cs_sp_s0y,1,0.0001
.0_g----_0017_c18_f1_pi_se_cs_sp_s4y,1,0.0001
.0_g----_0017_c18_f1_se_cs_sp_s0y,1,0.0001
.0_g----_0017_c18_f1_se_cs_sp_s4y,1,0.0001
.0_g----_0018_c18_f1_se_cs_sp_s0y,1,0.0001
.0_g----_0019_c18_f1_pi_se_cs_sp_s0y,1,0.0001
.0_g----_0019_c18_f1_se_cs_sp_s0y,1,0.0001
.0_g----_0021_c18_f1_se_cs_sp_s0y,1,0.0001
.0_g----_0021_c18_f1_se_cs_sp_s4s,1,0.0001
.0_g----_0021_c18_f1_se_cs_sp_s4y,1,0.0001
.0_g----_0021_c18_f1_se_cs_sp_s5prr_s0y,1,0.0001
.0_g----_0023_c18_f1_se_cs_sp_s0y,1,0.0001
.0_g----_0023_c18_f1_se_cs_sp_s4s,1,0.0001
.0_g----_0026_c18_f1_se_cs_sp_s0y,1,0.0001
.0_g----_0026_c18_f1_se_cs_sp_s4s,1,0.0001
.0_g----_0027_c18_f1_pi_se_cs_sp_s0y,1,0.0001
.0_g----_0027_c18_f1_se_cs_sp_s0y,1,0.0001
.0_g----_0028_c18_f1_se_cs_sp_ps_s0y,1,0.0001
.0_g----_0028_c18_f1_se_cs_sp_s0y,1,0.0001
.0_g----_0029_c18_f1_pi_se_cs_sp_s0y,1,0.0001
.0_g----_0029_c18_f1_se_cs_sp_s0y,1,0.0001
.0_g----_0030_c18_f1_pi_se_cs_sp_s0y,1,0.0001
.0_g----_0030_c18_f1_se_cs_sp_s0y,1,0.0001
.0_g----_0031_c18_f1_se_cs_sp_s0y,1,0.0001
.0_g----_0033_c18_f1_se_cs_sp_s0y,1,0.0001
.0_g----_0034_c18_f1_se_cs_sp_s0y,1,0.0001
.0_g----_2275__c12_02_nc_f1_ae_cs_sp_rg_s2s,1,0.0001
.0_g----_2275_c12_02_nc_f1_ae_cs_sp_s2s,1,0.0001
.0_g----_400_c05_02_f1_se_cs_sp_ps_rg_s04aa,1,0.0001
.0_g----_400_c05_02_f1_se_cs_sp_ps_rg_s04ai,1,0.0001
.0_g----_400_c05_02_f1_se_cs_sp_ps_rg_s04an,1,0.0001
.0_g----_401_c05_02_f1_se_cs_sp_ps_rg_s04aa,1,0.0001
.0_g----_401_c05_02_f1_se_cs_sp_ps_rg_s04ai,1,0.0001
.0_g----_401_c05_02_f1_se_cs_sp_ps_rg_s04an,1,0.0001
.0_g----_402_c05_02_f1_se_cs_sp_ps_rg_s04aa,1,0.0001
.0_g----_402_c05_02_f1_se_cs_sp_ps_rg_s04ai,1,0.0001
.0_g----_402_c05_02_f1_se_cs_sp_ps_rg_s04an,1,0.0001
.0_g----_403_c05_02_f1_se_cs_sp_ps_rg_s04aa,1,0.0001
.0_g----_403_c05_02_f1_se_cs_sp_ps_rg_s04ai,1,0.0001
.0_g----_403_c05_02_f1_se_cs_sp_ps_rg_s04an,1,0.0001
.0_g----_404_c05_02_f1_se_cs_sp_ps_rg_s04aa,1,0.0001
.0_g----_404_c05_02_f1_se_cs_sp_ps_rg_s04ai,1,0.0001
.0_g----_404_c05_02_f1_se_cs_sp_ps_rg_s04an,1,0.0001
.0_g----_405_c05_02_f1_se_cs_sp_ps_rg_s04aa,1,0.0001
.0_g----_405_c05_02_f1_se_cs_sp_ps_rg_s04ai,1,0.0001
.0_g----_405_c05_02_f1_se_cs_sp_ps_rg_s04an,1,0.0001
.0_g----_406_c05_02_f1_se_cs_sp_ps_rg_s04aa,1,0.0001
.0_g----_406_c05_02_f1_se_cs_sp_ps_rg_s04ai,1,0.0001
.0_g----_406_c05_02_f1_se_cs_sp_ps_rg_s04an,1,0.0001
.0_g----_407_c05_02_f1_se_cs_sp_ps_rg_s04aa,1,0.0001
.0_g----_407_c05_02_f1_se_cs_sp_ps_rg_s04ai,1,0.0001
.0_g----_407_c05_02_f1_se_cs_sp_ps_rg_s04an,1,0.0001
.0_g----_408_c05_02_f1_se_cs_sp_ps_rg_s04aa,1,0.0001
.0_g----_408_c05_02_f1_se_cs_sp_ps_rg_s04ai,1,0.0001
.0_g----_408_c05_02_f1_se_cs_sp_ps_rg_s04an,1,0.0001
.0_g----_409_c05_02_f1_se_cs_sp_ps_rg_s04aa,1,0.0001
.0_g----_409_c05_02_f1_se_cs_sp_ps_rg_s04ai,1,0.0001
.0_g----_409_c05_02_f1_se_cs_sp_ps_rg_s04an,1,0.0001
.0_g----_420_c05_02_f1_se_cs_sp_ps_rg_s04aa,1,0.0001
.0_g----_420_c05_02_f1_se_cs_sp_ps_rg_s04ai,1,0.0001
.0_g----_420_c05_02_f1_se_cs_sp_ps_rg_s04an,1,0.0001
.0_g----_421_c05_02_f1_se_cs_sp_ps_rg_s04aa,1,0.0001
.0_g----_421_c05_02_f1_se_cs_sp_ps_rg_s04ai,1,0.0001
.0_g----_421_c05_02_f1_se_cs_sp_ps_rg_s04an,1,0.0001
.0_g----_422_c05_02_f1_se_cs_sp_ps_rg_s04aa,1,0.0001
.0_g----_422_c05_02_f1_se_cs_sp_ps_rg_s04ai,1,0.0001
.0_g----_422_c05_02_f1_se_cs_sp_ps_rg_s04an,1,0.0001
.0_g----_423_c05_02_f1_se_cs_sp_ps_rg_s04aa,1,0.0001
.0_g----_423_c05_02_f1_se_cs_sp_ps_rg_s04ai,1,0.0001
.0_g----_423_c05_02_f1_se_cs_sp_ps_rg_s04an,1,0.0001
.0_g----_424_c05_02_f1_se_cs_sp_ps_rg_s04aa,1,0.0001
.0_g----_424_c05_02_f1_se_cs_sp_ps_rg_s04ai,1,0.0001
.0_g----_424_c05_02_f1_se_cs_sp_ps_rg_s04an,1,0.0001
.0_g----_425_c05_02_f1_se_cs_sp_ps_rg_s04aa,1,0.0001
.0_g----_425_c05_02_f1_se_cs_sp_ps_rg_s04ai,1,0.0001
.0_g----_425_c05_02_f1_se_cs_sp_ps_rg_s04an,1,0.0001
.0_g----_426_c05_02_f1_se_cs_sp_ps_rg_s04aa,1,0.0001
.0_g----_426_c05_02_f1_se_cs_sp_ps_rg_s04ai,1,0.0001
.0_g----_426_c05_02_f1_se_cs_sp_ps_rg_s04an,1,0.0001
.0_g----_427_c05_02_f1_se_cs_sp_ps_rg_s04aa,1,0.0001
.0_g----_427_c05_02_f1_se_cs_sp_ps_rg_s04ai,1,0.0001
.0_g----_427_c05_02_f1_se_cs_sp_ps_rg_s04an,1,0.0001
.0_g----_428_c05_02_f1_se_cs_sp_ps_rg_s04aa,1,0.0001
.0_g----_428_c05_02_f1_se_cs_sp_ps_rg_s04ai,1,0.0001
.0_g----_428_c05_02_f1_se_cs_sp_ps_rg_s04an,1,0.0001
.0_g----_429_c05_02_f1_se_cs_sp_ps_rg_s04aa,1,0.0001
.0_g----_429_c05_02_f1_se_cs_sp_ps_rg_s04ai,1,0.0001
.0_g----_429_c05_02_f1_se_cs_sp_ps_rg_s04an,1,0.0001
.0_g----_x1276__c12_02_nc_f1_ae_cs_sp_rg_s04an,1,0.0001
.0_g----_x1276__c12_02_nc_f1_ae_cs_sp_s2s,1,0.0001
.0_g----_x1276__c12_02_nc_f1_ae_cs_sp_s5prr_s2s,1,0.0001
.0_g----_x1410__c12_02_nc_f1_ae_cs_sp_s2s,1,0.0001
.0_g----_y1006_c12_02_nc_f1_ae_cs_sp_s2s,1,0.0001
.0_g----_y1346__c12_02_nc_f1_ae_cs_sp_s2s,1,0.0001
.0_g----_y1410__c12_02_nc_f1_ae_cs_sp_s2s,1,0.0001
.0_g----_z1014__c12_02_nc_f1_ae_cs_sp_s2s,1,0.0001
.0_g----_z1014__c12_02_nc_f1_ae_cs_ssp_s2s,1,0.0001
.0_g----_z1410__c12_02_nc_f1_ae_cs_sp_s2s,1,0.0001
.0_g-e--_006_c18_f1_pi_ae_q4_cs_sp_s2s,1,0.0001
.0_g-e--_008_c18_f1_ae_q4_cs_sp_s2s,1,0.0001
.0_g-e--_008_c18_f1_pi_ae_cs_sp_co_s4s,1,0.0001
.0_g-e--_008_c18_f1_pi_ae_q4_cs_sp_ps_s0y,1,0.0001
.0_g-e--_008_c18_f1_pi_se_cs_sp_co_s4s,1,0.0001
.0_g-e--_008_c45_f1_ae_cs_sp_ps_s0y,1,0.0001
.0_g-e--_008_c45_f1_pi_ae_cs_sp_co_s4s,1,0.0001
.0_g-e--_008_c45_f1_pi_ae_q4_cs_sp_co_s4s,1,0.0001
.0_g-e--_008_c45_f1_pi_ae_q4_cs_sp_s4c,1,0.0001
.0_g-e--_008_c45_f1_pi_ae_q4_cs_sp_s4d,1,0.0001
.0_g-e--_008_c45_f1_pi_ae_q4_cs_sp_s4s,1,0.0001
.0_g-e--_008_c45_f1_pi_s5prr_se_q4_cs_sp_s4s,1,0.0001
.0_g-e--_008_c45_f1_pi_se_q4_cs_sp_s0y,1,0.0001
.0_g-e--_008_c45_f1_pi_se_q4_cs_sp_s4s,1,0.0001
.0_g-e--_008_c45_f1_pi_se_q4_cs_sp_s4sa,1,0.0001
.0_g-e--_008_c45_f1_pi_se_q4_cs_sp_s4si,1,0.0001
.0_g-e--_012_c18_f1_pi_ae_q4_cs_sp_ps_s0y,1,0.0001
.0_g-e--_024_b31_f1_pi_ae_q4_cs_sp_s2s,1,0.0001
.0_g-e--_041_c18_f1_pi_ae_q4_cs_sp_s0y,1,0.0001
.0_g-e--_042_c18_f1_pi_ae_q4_cs_sp_ps_s0y,1,0.0001
.0_g-e--_042_c45_f1_pi_ae_q4_cs_sp_ps_s4s,1,0.0001
.0_g-e--_060_c18_f1_pi_ae_cs_sp_co_s0y,1,0.0001
.0_g-e--_060_c18_f1_pi_ae_cs_sp_s0y,1,0.0001
.0_g-e--_060_c18_f1_pi_ae_q4_cs_sp_s0y,1,0.0001
.0_g-e--_060_c18_f1_pi_se_cs_sp_co_s0y,1,0.0001
.0_g-e--_060_c18_f1_pi_se_cs_sp_s0y,1,0.0001
.0_g-e--_092_c01_f1_ae_cs_sp_ps_co_s0y,1,0.0001
.0_g-e--_092_c01_f1_ae_cs_sp_ps_s0y,1,0.0001
.0_g-e--_092_c01_f1_pi_ae_q4_cs_sp_ps_s0y,1,0.0001
.0_g-e--_100_c18_f1_pi_ae_q4_cs_sp_ps_s0y,1,0.0001
.0_g-e--_100_c18_f1_pi_ae_q4_cs_sp_s0y,1,0.0001
.0_g-e--_103_c18_f1_pi_ae_q4_cs_sp_s0y,1,0.0001
.0_g-e--_107_b00_00_f1_pi_ae_q4_cs_sp_ps_s071i,1,0.0001
.0_g-e--_107_b00_00_f1_pi_ae_q4_cs_sp_ps_s08bn,1,0.0001
.0_g-e--_107_b03_f1_pi_ae_q4_cs_sp_ps_s0y,1,0.0001
.0_g-e--_107_b03_f1_pi_ae_q4_cs_sp_ps_s4s,1,0.0001
.0_g-e--_107_b42_f1_pi_ae_q4_cs_sp_ps_s0y,1,0.0001
.0_g-e--_107_b42_f1_pi_se_q4_cs_sp_ps_s0y,1,0.0001
.0_g-e--_107_b42_f1_pi_se_q4_cs_sp_ps_s0ya,1,0.0001
.0_g-e--_107_b42_f1_pi_se_q4_cs_sp_ps_s0yi,1,0.0001
.0_g-e--_107_b42_f1_pi_se_q4_cs_sp_ps_s5prr_s0y,1,0.0001
.0_g-e--_107_c12_02_nc_f1_pi_ae_q4_cs_sp_ps_s033n,1,0.0001
.0_g-e--_107_c12_11_nc_f1_pi_ae_q4_cs_sp_ps_s071i,1,0.0001
.0_g-e--_107_c18_f1_ae_cs_sp_ps_s0y,1,0.0001
.0_g-e--_107_c18_f1_ae_q4_cs_sp_co_s0y,1,0.0001
.0_g-e--_107_c18_f1_ae_q4_cs_sp_ps_s0y,1,0.0001
.0_g-e--_107_c18_f1_ae_q4_cs_sp_s0y,1,0.0001
.0_g-e--_107_c18_f1_pi_ae_q4_cs_sp_ps_s4s,1,0.0001
.0_g-e--_107_c36_f1_pi_ae_q4_cs_sp_ps_s0y,1,0.0001
.0_g-e--_107_c37_f1_pi_ae_q4_cs_sp_ps_s0y,1,0.0001
.0_g-e--_107_c37_sos_f1_pi_ae_q4_cs_sp_ps_s0y,1,0.0001
.0_g-e--_107_c41_f1_pi_ae_cs_sp_ps_s4s,1,0.0001
.0_g-e--_107_c41_f1_pi_ae_q4_cs_sp_ps_co_s4s,1,0.0001
.0_g-e--_107_c41_f1_pi_ae_q4_cs_sp_ps_s0y,1,0.0001
.0_g-e--_107_c41_f1_pi_ae_q4_cs_sp_ps_s2u,1,0.0001
.0_g-e--_107_c41_f1_pi_ae_q4_cs_sp_ps_s4s,1,0.0001
.0_g-e--_107_c41_f1_pi_ae_q4_cs_sp_ps_s5s,1,0.0001
.0_g-e--_107_c45_f1_ae_q4_cs_sp_ps_s0y,1,0.0001
.0_g-e--_107_c45_f1_pi_ae_q4_cs_sp_s0y,1,0.0001
.0_g-e--_107_c45_f1_pi_ae_q7_cs_sp_ps_s0y,1,0.0001
.0_g-e--_107_c48_f1_ae_cs_sp_ps_s0y,1,0.0001
.0_g-e--_107_c48_f1_pi_ae_q4_cs_sp_ps_s0y,1,0.0001
.0_g-e--_110_c45_f1_pi_ae_q4_cs_sp_ps_s4s,1,0.0001
.0_g-e--_110_c45_f1_pi_se_cs_sp_ps_s4s,1,0.0001
.0_g-e--_110_c45_f1_pi_se_q4_cs_sp_ps_s4s,1,0.0001
.0_g-e--_200_b02_f1_ae_cs_sp_pi_s0s,1,0.0001
.0_g-e--_200_b02_f1_ae_cs_sp_pi_s0y,1,0.0001
.0_g-e--_200_b02_f1_ae_cs_sp_pi_s2k,1,0.0001
.0_g-e--_200_b02_f1_se_cs_sp_pi_s0s,1,0.0001
.0_g-e--_200_b02_f1_se_cs_sp_pi_s2k,1,0.0001
.0_g-e--_200_b07_f1_ae_cs_sp_pi_s0y,1,0.0001
.0_g-e--_200_c18_f1_ae_cs_sp_pi_s0y,1,0.0001
.0_g-e--_200_c41_f1_ae_cs_sp_pi_s0y,1,0.0001
.0_g-e--_200_c45_f1_ae_cs_sp_pi_co_s0v,1,0.0001
.0_g-e--_200_c45_f1_ae_cs_sp_pi_ps_s0y,1,0.0001
.0_g-e--_200_c45_f1_ae_cs_sp_pi_s0s,1,0.0001
.0_g-e--_200_c45_f1_ae_cs_sp_pi_s0v,1,0.0001
.0_g-e--_200_c45_f1_ae_cs_sp_pi_s0y,1,0.0001
.0_g-e--_200_c45_f1_ae_cs_sp_pi_s2s,1,0.0001
.0_g-e--_200_c45_f1_ae_cs_sp_pi_s4s,1,0.0001
.0_g-e--_200_c45_f1_ae_cs_sp_s0y,1,0.0001
.0_g-e--_200_c45_f1_ae_q4_cs_sp_pi_s0y,1,0.0001
.0_g-e--_200_c45_f1_se_cs_sp_pi_co_s0v,1,0.0001
.0_g-e--_200_c45_f1_se_cs_sp_pi_co_s5prr_s0v,1,0.0001
.0_g-e--_201_c45_f1_ae_cs_sp_pi_co_s0y,1,0.0001
.0_g-e--_201_c45_f1_ae_cs_sp_pi_s0y,1,0.0001
.0_g-e--_204_c45_f1_ae_cs_sp_pi_s0y,1,0.0001
.0_g-e--_205_c45_f1_ae_cs_sp_pi_s0y,1,0.0001
.0_g-e--_205_c45_f1_ae_cs_sp_pi_s5prr_s0y,1,0.0001
.0_g-e--_207_b07_f1_ae_cs_sp_pi_ps_s0y,1,0.0001
.0_g-e--_207_b07_f1_ae_cs_sp_ps_s0y,1,0.0001
.0_g-e--_207_c01_f1_ae_cs_sp_pi_s0y,1,0.0001
.0_g-e--_207_c01_f1_se_cs_sp_pi_s0y,1,0.0001
.0_g-e--_207_c01_f1_se_cs_sp_pi_s5prr_s0y,1,0.0001
.0_g-e--_207_c18_f1_ae_cs_sp_pi_co_s00,1,0.0001
.0_g-e--_207_c18_f1_ae_cs_sp_pi_co_s0y,1,0.0001
.0_g-e--_207_c18_f1_ae_cs_sp_pi_co_s2s,1,0.0001
.0_g-e--_207_c18_f1_ae_cs_sp_pi_ps_s00,1,0.0001
.0_g-e--_207_c18_f1_ae_cs_sp_pi_ps_s0i,1,0.0001
.0_g-e--_207_c18_f1_ae_cs_sp_pi_ps_s0s,1,0.0001
.0_g-e--_207_c18_f1_ae_cs_sp_pi_ps_s0u,1,0.0001
.0_g-e--_207_c18_f1_ae_cs_sp_pi_ps_s0y,1,0.0001
.0_g-e--_207_c18_f1_ae_cs_sp_pi_ps_s2s,1,0.0001
.0_g-e--_207_c18_f1_ae_cs_sp_pi_ps_s2u,1,0.0001
.0_g-e--_207_c18_f1_ae_cs_sp_pi_ps_s3s,1,0.0001
.0_g-e--_207_c18_f1_ae_cs_sp_pi_s00,1,0.0001
.0_g-e--_207_c18_f1_ae_cs_sp_pi_s0a,1,0.0001
.0_g-e--_207_c18_f1_ae_cs_sp_pi_s0e,1,0.0001
.0_g-e--_207_c18_f1_ae_cs_sp_pi_s0y,1,0.0001
.0_g-e--_207_c18_f1_ae_cs_sp_pi_s2s,1,0.0001
.0_g-e--_207_c18_f1_ae_cs_sp_pi_s4s,1,0.0001
.0_g-e--_207_c18_f1_ae_cs_sp_ps_s0u,1,0.0001
.0_g-e--_207_c18_f1_ae_cs_sp_ps_s0v,1,0.0001
.0_g-e--_207_c18_f1_ae_cs_sp_ps_s0y,1,0.0001
.0_g-e--_207_c18_f1_ae_cs_sp_ps_s2s,1,0.0001
.0_g-e--_207_c18_f1_ae_cs_sp_ps_s3s,1,0.0001
.0_g-e--_207_c18_f1_ae_cs_sp_ps_s4s,1,0.0001
.0_g-e--_207_c18_f1_ae_q4_cs_sp_pi_co_ps_s00,1,0.0001
.0_g-e--_207_c18_f1_ae_q7_cs_sp_co_ps_s00,1,0.0001
.0_g-e--_207_c18_f1_ae_q7_cs_sp_pi_co_ps_s00,1,0.0001
.0_g-e--_207_c18_f1_cs_sp_s0y,1,0.0001
.0_g-e--_207_c18_f1_pi_s0y,1,0.0001
.0_g-e--_207_c18_f1_se_cs_sp_pi_ps_s00a,1,0.0001
.0_g-e--_207_c18_f1_se_cs_sp_pi_ps_s00i,1,0.0001
.0_g-e--_207_c18_f1_se_cs_sp_pi_ps_s0y,1,0.0001
.0_g-e--_207_c18_f1_se_cs_sp_pi_ps_s2s,1,0.0001
.0_g-e--_207_c18_f1_se_cs_sp_pi_ps_s2sa,1,0.0001
.0_g-e--_207_c18_f1_se_cs_sp_pi_ps_s2si,1,0.0001
.0_g-e--_207_c18_f1_se_cs_sp_pi_ps_s5prr_rg_s04an,1,0.0001
.0_g-e--_207_c18_f1_se_cs_sp_pi_ps_s5prr_rg_s0y,1,0.0001
.0_g-e--_207_c18_f1_se_cs_sp_pi_ps_s5prr_rg_s2s,1,0.0001
.0_g-e--_207_c18_f1_se_cs_sp_pi_ps_s5prr_s2s,1,0.0001
.0_g-e--_207_c18_f1_se_cs_sp_pi_ps_s5prr_s2si,1,0.0001
.0_g-e--_207_c18_f1_sp_pi_s0y,1,0.0001
.0_g-e--_207_c18_f1_sp_s0y,1,0.0001
.0_g-e--_207_c41_f1_ae_cs_sp_pi_s0y,1,0.0001
.0_g-e--_207_c41_f1_ae_cs_sp_pi_s4s,1,0.0001
.0_g-e--_207_c45_f1_ae_cs_sp_pi_s0y,1,0.0001
.0_g-e--_208_b00_00_f1_se_cs_sp_ps_s071i,1,0.0001
.0_g-e--_208_b00_00_f1_se_cs_sp_ps_s5prr_s00en,1,0.0001
.0_g-e--_208_b01_00_f1_se_cs_sp_ps_s04an,1,0.0001
.0_g-e--_208_b01_00_f1_se_cs_sp_ps_s064a,1,0.0001
.0_g-e--_208_b02_f1_ae_cs_sp_ps_s0y,1,0.0001
.0_g-e--_208_b02cma_f1_se_cs_sp_ps_s5prr_rg_s04an,1,0.0001
.0_g-e--_208_b07----d_f1_se_cs_sp_ps_s5prr_rg_s04aa,1,0.0001
.0_g-e--_208_b07----d_f1_se_cs_sp_ps_s5prr_rg_s04ai,1,0.0001
.0_g-e--_208_b07----d_f1_se_cs_sp_ps_s5prr_rg_s04an,1,0.0001
.0_g-e--_208_b07----s_f1_se_cs_sp_ps_s5prr_rg_s04an,1,0.0001
.0_g-e--_208_b07--c_f1_se_cs_sp_ps_s5prr_rg_s04an,1,0.0001
.0_g-e--_208_b07_f1_ae_cs_sp_ps_s0y,1,0.0001
.0_g-e--_208_b07_f1_ae_cs_sp_ps_s5prr_s0y,1,0.0001
.0_g-e--_208_b07_f1_s5prr_se_cs_sp_ps_s0y,1,0.0001
.0_g-e--_208_b07_f1_se_cs_sp_ps_s0y,1,0.0001
.0_g-e--_208_b07_f1_se_cs_sp_ps_s2q,1,0.0001
.0_g-e--_208_b07_f1_se_cs_sp_ps_s4d,1,0.0001
.0_g-e--_208_b07_f1_se_cs_sp_ps_s5prr_rg_s04an,1,0.0001
.0_g-e--_208_b07amc_f1_se_cs_sp_ps_s5prr_rg_s04an,1,0.0001
.0_g-e--_208_b07cma_f1_se_cs_sp_ps_s5prr_rg_s04an,1,0.0001
.0_g-e--_208_c02---_f1_se_cs_sp_ps_s5prr_rg_s04an,1,0.0001
.0_g-e--_208_c02amc_f1_se_cs_sp_ps_s5prr_rg_s04an,1,0.0001
.0_g-e--_208_c02cma_f1_se_cs_sp_ps_s5prr_rg_s04an,1,0.0001
.0_g-e--_208_c02sc-_f1_se_cs_sp_ps_s5prr_rg_s04an,1,0.0001
.0_g-e--_208_c05_02_f1_se_cs_sp_ps_s5prr_rg_s04an,1,0.0001
.0_g-e--_208_c09_12_f1_se_cs_sp_ps_s002a,1,0.0001
.0_g-e--_208_c09_12_f1_se_cs_sp_ps_s070i,1,0.0001
.0_g-e--_208_c09_12_f1_se_cs_sp_ps_s5prr_rg_nd_s04an,1,0.0001
.0_g-e--_208_c09_12_f1_se_cs_sp_ps_s5prr_rg_s04an,1,0.0001
.0_g-e--_208_c09_12_f1_se_cs_sp_ps_s5prr_s04an,1,0.0001
.0_g-e--_208_c12_00_f1_se_cs_pi_sp_ps_s5prr_rg_s04an,1,0.0001
.0_g-e--_208_c12_00_f1_se_cs_sp_ps_s5prr_rg_s04an,1,0.0001
.0_g-e--_208_c12_02_nc_f1_se_cs_sp_ps_s06dn,1,0.0001
.0_g-e--_208_c12_02_nc_f1_se_cs_sp_ps_s070i,1,0.0001
.0_g-e--_208_c12_02_nc_f1_se_cs_sp_ps_s5prr_rg_s070i,1,0.0001
.0_g-e--_208_c12_11_nc_f1_se_cs_sp_ps_s022a,1,0.0001
.0_g-e--_208_c12_11_nc_f1_se_cs_sp_ps_s04bn,1,0.0001
.0_g-e--_208_c12_11_nc_f1_se_cs_sp_ps_s5prr_rg_s04an,1,0.0001
.0_g-e--_208_c12_11_nc_f1_se_cs_sp_ps_s5prr_s04bn,1,0.0001
.0_g-e--_208_c18--c_f1_se_cs_sp_ps_s5prr_rg_s04an,1,0.0001
.0_g-e--_208_c18_f1_ae_cs_sp_pi_s0a,1,0.0001
.0_g-e--_208_c18_f1_ae_cs_sp_pi_s0y,1,0.0001
.0_g-e--_208_c18_f1_ae_cs_sp_ps_s0a,1,0.0001
.0_g-e--_208_c18_f1_ae_cs_sp_ps_s0v,1,0.0001
.0_g-e--_208_c18_f1_ae_cs_sp_ps_s0y,1,0.0001
.0_g-e--_208_c18_f1_ae_cs_sp_ps_s1y,1,0.0001
.0_g-e--_208_c18_f1_ae_cs_sp_ps_s3s,1,0.0001
.0_g-e--_208_c18_f1_ae_cs_sp_ps_s4s,1,0.0001
.0_g-e--_208_c18_f1_ae_cs_sp_s0y,1,0.0001
.0_g-e--_208_c18_f1_se_cs_sos_sp_ps_s5prr_rg_s04an,1,0.0001
.0_g-e--_208_c18_f1_se_cs_sp_pi_ps_s5prr_rg_s04an,1,0.0001
.0_g-e--_208_c18_f1_se_cs_sp_pi_ps_s5prr_s032n,1,0.0001
.0_g-e--_208_c18_f1_se_cs_sp_ps_rg_s2sx,1,0.0001
.0_g-e--_208_c18_f1_se_cs_sp_ps_s00,1,0.0001
.0_g-e--_208_c18_f1_se_cs_sp_ps_s002a,1,0.0001
.0_g-e--_208_c18_f1_se_cs_sp_ps_s003i,1,0.0001
.0_g-e--_208_c18_f1_se_cs_sp_ps_s022i,1,0.0001
.0_g-e--_208_c18_f1_se_cs_sp_ps_s024i,1,0.0001
.0_g-e--_208_c18_f1_se_cs_sp_ps_s026i,1,0.0001
.0_g-e--_208_c18_f1_se_cs_sp_ps_s028n,1,0.0001
.0_g-e--_208_c18_f1_se_cs_sp_ps_s02dn,1,0.0001
.0_g-e--_208_c18_f1_se_cs_sp_ps_s032n,1,0.0001
.0_g-e--_208_c18_f1_se_cs_sp_ps_s038i,1,0.0001
.0_g-e--_208_c18_f1_se_cs_sp_ps_s047a,1,0.0001
.0_g-e--_208_c18_f1_se_cs_sp_ps_s059i,1,0.0001
.0_g-e--_208_c18_f1_se_cs_sp_ps_s05ai,1,0.0001
.0_g-e--_208_c18_f1_se_cs_sp_ps_s05bn,1,0.0001
.0_g-e--_208_c18_f1_se_cs_sp_ps_s05cn,1,0.0001
.0_g-e--_208_c18_f1_se_cs_sp_ps_s05ea,1,0.0001
.0_g-e--_208_c18_f1_se_cs_sp_ps_s061n,1,0.0001
.0_g-e--_208_c18_f1_se_cs_sp_ps_s07fn,1,0.0001
.0_g-e--_208_c18_f1_se_cs_sp_ps_s0a,1,0.0001
.0_g-e--_208_c18_f1_se_cs_sp_ps_s0u,1,0.0001
.0_g-e--_208_c18_f1_se_cs_sp_ps_s0y,1,0.0001
.0_g-e--_208_c18_f1_se_cs_sp_ps_s0y_ni,1,0.0001
.0_g-e--_208_c18_f1_se_cs_sp_ps_s0yp,1,0.0001
.0_g-e--_208_c18_f1_se_cs_sp_ps_s2a,1,0.0001
.0_g-e--_208_c18_f1_se_cs_sp_ps_s2b,1,0.0001
.0_g-e--_208_c18_f1_se_cs_sp_ps_s2c,1,0.0001
.0_g-e--_208_c18_f1_se_cs_sp_ps_s2d,1,0.0001
.0_g-e--_208_c18_f1_se_cs_sp_ps_s2f,1,0.0001
.0_g-e--_208_c18_f1_se_cs_sp_ps_s2g,1,0.0001
.0_g-e--_208_c18_f1_se_cs_sp_ps_s2i,1,0.0001
.0_g-e--_208_c18_f1_se_cs_sp_ps_s2j,1,0.0001
.0_g-e--_208_c18_f1_se_cs_sp_ps_s2k,1,0.0001
.0_g-e--_208_c18_f1_se_cs_sp_ps_s2m,1,0.0001
.0_g-e--_208_c18_f1_se_cs_sp_ps_s2n,1,0.0001
.0_g-e--_208_c18_f1_se_cs_sp_ps_s2o,1,0.0001
.0_g-e--_208_c18_f1_se_cs_sp_ps_s2p,1,0.0001
.0_g-e--_208_c18_f1_se_cs_sp_ps_s2r,1,0.0001
.0_g-e--_208_c18_f1_se_cs_sp_ps_s2s,1,0.0001
.0_g-e--_208_c18_f1_se_cs_sp_ps_s2v,1,0.0001
.0_g-e--_208_c18_f1_se_cs_sp_ps_s3a,1,0.0001
.0_g-e--_208_c18_f1_se_cs_sp_ps_s3b,1,0.0001
.0_g-e--_208_c18_f1_se_cs_sp_ps_s4b,1,0.0001
.0_g-e--_208_c18_f1_se_cs_sp_ps_s4c,1,0.0001
.0_g-e--_208_c18_f1_se_cs_sp_ps_s4d,1,0.0001
.0_g-e--_208_c18_f1_se_cs_sp_ps_s4y,1,0.0001
.0_g-e--_208_c18_f1_se_cs_sp_ps_s5prr_rg_s04ai,1,0.0001
.0_g-e--_208_c18_f1_se_cs_sp_ps_s5prr_rg_s04an,1,0.0001
.0_g-e--_208_c18_f1_se_cs_sp_ps_s5prr_rg_s04bn,1,0.0001
.0_g-e--_208_c18_f1_se_cs_sp_ps_s5prr_rg_s0y,1,0.0001
.0_g-e--_208_c18_f1_se_cs_sp_ps_s5prr_s002a,1,0.0001
.0_g-e--_208_c18_f1_se_cs_sp_ps_s5prr_s028n,1,0.0001
.0_g-e--_208_c18_f1_se_cs_sp_ps_s5prr_s032n,1,0.0001
.0_g-e--_208_c18_f1_se_cs_sp_ps_s5prr_s04an,1,0.0001
.0_g-e--_208_c18_f1_se_cs_sp_ps_s5prr_s059i,1,0.0001
.0_g-e--_208_c18_f1_se_cs_sp_ps_s5prr_s0y,1,0.0001
.0_g-e--_208_c18_f1_se_cs_sp_ps_s5prr_s2m,1,0.0001
.0_g-e--_208_c18_f1_se_cs_sp_ps_s5prr_s2ma,1,0.0001
.0_g-e--_208_c18_f1_se_cs_sp_ps_s5prr_s2mi,1,0.0001
.0_g-e--_208_c18_f1_se_cs_sp_ps_s5prr_s2p,1,0.0001
.0_g-e--_208_c18_f1_se_cs_sp_ps_s5prr_s2v,1,0.0001
.0_g-e--_208_c18_f1_se_cs_sp_ps_s5prr_s4d,1,0.0001
.0_g-e--_208_c18_f1_se_cs_sp_ps_tt_s0y,1,0.0001
.0_g-e--_208_c18_f1_se_cs_ssp_ps_s5prr_rg_s04an,1,0.0001
.0_g-e--_208_c18_f2_se_cs_sp_ps_rg_s04a,1,0.0001
.0_g-e--_208_c18_f2_se_cs_sp_ps_s5prr_rg_s04a,1,0.0001
.0_g-e--_208_c18_sos_f1_se_cs_sp_ps_s4c,1,0.0001
.0_g-e--_208_c18amc_f1_se_cs_sp_ps_s5prr_rg_s04an,1,0.0001
.0_g-e--_208_c18c--_f1_se_cs_sp_ps_s5prr_rg_s04an,1,0.0001
.0_g-e--_208_c18cma_f1_se_cs_sp_ps_s5prr_rg_s04an,1,0.0001
.0_g-e--_208_c41_f1_ae_cs_sp_ps_s00,1,0.0001
.0_g-e--_208_c41_f1_ae_cs_sp_ps_s4s,1,0.0001
.0_g-e--_208_c45_f1_ae_cs_sp_pi_co_s0v,1,0.0001
.0_g-e--_208_c45_f1_ae_cs_sp_pi_ps_s0y,1,0.0001
.0_g-e--_208_c47_f1_se_cs_sp_ps_s0y,1,0.0001
.0_g-e--_208_c48_f1_ae_cs_sp_ps_s0y,1,0.0001
.0_g-e--_209_c18_f1_ae_cs_sp_pi_s0y,1,0.0001
.0_g-e--_209_c18_f1_ae_cs_sp_s0y,1,0.0001
.0_g-e--_210_c18_f1_ae_cs_sp_pi_s0y,1,0.0001
.0_g-e--_211_c18_f1_ae_cs_sp_s0y,1,0.0001
.0_g-e--_212_c18_f1_ae_q12_cs_sp_s0y,1,0.0001
.0_g-e--_212_c18_f1_ae_q12_cs_sp_s2s,1,0.0001
.0_g-e--_213_c18_f1_ae_cs_sp_pi_s0y,1,0.0001
.0_g-e--_214_c18_f1_ae_q7_cs_sp_pi_s0y,1,0.0001
.0_g-e--_214_c18_f1_ae_r4_cs_sp_pi_s0y,1,0.0001
.0_g-e--_214_c18_f1_ae_s4_cs_sp_pi_s0y,1,0.0001
.0_g-e--_215_c46_f1_ae_cs_sp_ps_s0y,1,0.0001
.0_g-e--_215_c46_f1_ae_cs_sp_ps_s2s,1,0.0001
.0_g-e--_300_c01_f1_se_cs_sp_s0y,1,0.0001
.0_g-e--_300_c01_s00,1,0.0001
.0_g-e--_300_c01_s5prr_s00,1,0.0001
.0_g-e--_300_c18_f1_se_cs_sp_ps_s0y,1,0.0001
.0_g-e--_300_c18_f1_se_cs_sp_s0y,1,0.0001
.0_g-e--_300_c18_f1_urban_s0y,1,0.0001
.0_g-e--_301_c18_f1_urban_s0y,1,0.0001
.0_g-e--_301_c18_f1_urban_s5prr_rg_s04an,1,0.0001
.0_g-e--_301_c18_f1_urban_s5prr_rg_s04bn,1,0.0001
.0_g-e--_301_c18_f1_urban_s5prr_rg_s070i,1,0.0001
.0_g-e--_301_c18_f1_urban_s5prr_rg_s0y,1,0.0001
.0_g-e--_301_c18_f1_urban_s5prr_s0y,1,0.0001
.0_g-e--_302_c18_f1_urban_rg_s04bn,1,0.0001
.0_g-e--_302_c18_f1_urban_s0y,1,0.0001
.0_g-e--_302_c18_f1_urban_s5prr_rg_s04bn,1,0.0001
.0_g-e--_302_c18_f1_urban_s5prr_rg_s0y,1,0.0001
.0_g-e--_302_c18_f1_urban_s5prr_s0y,1,0.0001
.0_g-e--_303_c18_f1_urban_s0y,1,0.0001
.0_g-n--_023_b07_f1_pi_q7_cs_os_s0y,1,0.0001
.0_g-n--_023_b07_f1_sp_pi_q7_cs_ae_s0y,1,0.0001
.0_g-n--_023_b07_f1_sp_pi_q7_cs_se_s0y,1,0.0001
.0_g-n--_023_b07_f1_sp_pi_q7_cs_se_s5prr_s0y,1,0.0001
.0_g-n--_023_b07_f1_sp_pi_q7_cs_sp_co_s0y,1,0.0001
.0_g-n--_023_b07_f1_sp_pi_q7_cs_sp_co_s5prr_s0y,1,0.0001
.0_g-n--_023_b07_f1_sp_pi_q7_cs_sp_s0y,1,0.0001
.0_h----_011_c07_f1_pi_ae_os_r8_sp_s1u,1,0.0001
.0_h----_011_c07_f1_pi_ae_os_s1u,1,0.0001
.0_h----_011_c07_f1_pi_ae_q4_cs_sp_ps_s0v,1,0.0001
.0_h----_011_c07_f1_pi_ae_q4_cs_sp_ps_sov,1,0.0001
.0_h----_011_c07_f1_pi_ae_q4_sp_s0v,1,0.0001
.0_h----_011_c07_f1_pi_ae_sp_s0v,1,0.0001
.0_h----_011_c07_f1_pi_se_sp_s0v,1,0.0001
.0_h----_011_c18_f1_pi_ae_sp_s2s,1,0.0001
.0_h----_011_c18_f1_pi_se_sp_s2s,1,0.0001
.0_h----_042_b03_f1_ae_q4_sp_s2s,1,0.0001
.0_h----_047_b31_f1_pi_ae_r4_cs_sp_s2k,1,0.0001
.0_h----_047_b31_f1_pi_ae_r4_cs_sp_s2s,1,0.0001
.0_h----_047_b31_f1_pi_ae_r4_cs_sp_s4c,1,0.0001
.0_h----_047_b31_f1_pi_ae_r4_cs_sp_s4d,1,0.0001
.0_h----_047_c02_f1_pi_ae_q12_cs_sp_s2s,1,0.0001
.0_h----_047_c02_f1_pi_se_q12_cs_sp_s2s,1,0.0001
.0_h----_047_c05_04_f1_ae_r8_cs_sp_rg_s2s,1,0.0001
.0_h----_047_c09_12_f1_ae_nd_cs_sp_s2s,1,0.0001
.0_h----_047_c09_12_f1_ae_nd_cs_sp_s5prr_rg_s04an,1,0.0001
.0_h----_047_c09_12_f1_ae_nd_cs_sp_s5prr_rg_s2s,1,0.0001
.0_h----_047_c09_12_f1_ae_nd_cs_sp_s5prr_s2s,1,0.0001
.0_h----_047_c09_12_f1_ae_nd_sp_s2s,1,0.0001
.0_h----_047_c18_f1_ae_r8_cs_sp_s2s,1,0.0001
.0_h----_047_c18_f1_pi_ae_r8_cs_sp_s2s,1,0.0001
.0_h----_047_c45_f1_ae_r8_cs_sp_s2s,1,0.0001
.0_h----_102_c18_f1_pi_ae_cs_sp_ps_s0y,1,0.0001
.0_h----_102_c18_f1_pi_ae_cs_sp_ps_s2s,1,0.0001
.0_h----_102_c18_f1_pi_ae_q4_cs_sp_ps_s2s,1,0.0001
.0_h----_102_c18_f1_pi_ae_q4_cs_sp_ps_s5prr_s2s,1,0.0001
.0_h----_102_c18_f1_pi_ae_q4_cs_sp_s1s,1,0.0001
.0_sat001_ca_minmin_p005000_rr,1,0.0001
.0_sat001_co_minmin_p005000_rr,1,0.0001
.0_sat001_frscon_p005000_rr,1,0.0001
.0_sat001_glomax_p005000_rr,1,0.0001
.0_sat001_glomin_p005000_nn,1,0.0001
.0_sat001_glomin_p005000_rr,1,0.0001
.0_sat001_maxmax_p005000_rr,1,0.0001
.0_sat001_maxmin_p005000_rr,1,0.0001
.0_sat001_minmax_g010000_rr,1,0.0001
.0_sat001_minmax_g050000_rr,1,0.0001
.0_sat001_minmax_g100000_rr,1,0.0001
.0_sat001_minmax_p002000_rr,1,0.0001
.0_sat001_minmax_p005000_nn,1,0.0001
.0_sat001_minmax_p005000_rr,1,0.0001
.0_sat001_minmin_p002000_nn,1,0.0001
.0_sat001_minmin_p002000_rr,1,0.0001
.0_sat001_minmin_p005000_nr,1,0.0001
.0_sat001_minmin_p005000_rr,1,0.0001
.0_sat001_minmin_p005000_rr_d1,1,0.0001
.0_sat001_minmin_p005000_rr_q4,1,0.0001
.0_sat001_minmin_p005000_rr_q7,1,0.0001
.0_sat001_minmin_p005000_rr_rg,1,0.0001
.0_sat001_minmin_t00x000_rr,1,0.0001
.0_sat001_minmin_t050000_nr,1,0.0001
.0_sat001_minmin_t050000_rr,1,0.0001
.0_sat001_minmin_x000000_rr,1,0.0001
.0_sat002_minmin_p005000_rr,1,0.0001
.0_sat002_minmin_p005000_rr_d1,1,0.0001
.0_sat002_minmin_p005000_rr_d10,1,0.0001
.0_sat002_minmin_p005000_rr_d100,1,0.0001
.0_sat002_minmin_p005000_rr_d1000,1,0.0001
.0_sat002_minmin_p010000_rr_d1000,1,0.0001
.0_sat002_minmin_x000000_rr,1,0.0001
.0_sat003_minmin_p005000_rr,1,0.0001
.0_sat003_minmin_t00x000_rr,1,0.0001
.0_sat003_minmin_x000000_rr,1,0.0001
.0_u----_043_b31_f1_pi_ae_cs_sp_s2s,1,0.0001
.0_u----_043_c18_f1_pi_ae_s4_cs_sp_s0y,1,0.0001
.0_u----_043_c18_f1_pi_ae_s4_cs_sp_s4c,1,0.0001
.0_u----_100_c07_23_f1_se_cs_sp_ps_s5prr_rg_s04an,1,0.0001
.0_u----_100_c09_12_f1_se_cs_sp_ps_s5prr_rg_nd_s04an,1,0.0001
.0_u----_100_c09_12_f1_se_cs_sp_ps_s5prr_rg_s04an,1,0.0001
.0_u----_101_c09_12_f1_se_cs_sp_ps_s5prr_rg_s04an,1,0.0001
.0_u----_102_c09_12_f1_se_cs_sp_ps_s5prr_rg_s04an,1,0.0001
.0_u----_115e_c05_00_f1_se_pi_cs_sp_ps_s5prr_rg_s04an,1,0.0001
.0_u----_115u_c12_06_f1_se_pi_cs_sp_ps_s5prr_rg_s04an,1,0.0001
.0_u----_115v_c12_07_f1_se_pi_cs_sp_ps_s5prr_rg_s04an,1,0.0001
.0_u----_116_c05_02_f1_se_pi_cs_sp_ps_rg_s04an,1,0.0001
.0_u----_116_c05_02_f1_se_pi_cs_sp_ps_s5prr_rg_s04an,1,0.0001
.0_u----_116x_c05_02_f1_se_pi_cs_sp_ps_s5prr_rg_s04an,1,0.0001
.0_u----_116xg_c05_02_f1_se_pi_cs_sp_ps_s5prr_rg_s04an,1,0.0001
.0_u----_116y_c05_02_f1_se_pi_cs_sp_ps_s5prr_rg_s04an,1,0.0001
.0_u----_116yg_c05_02_f1_se_pi_cs_sp_ps_s5prr_rg_s04an,1,0.0001
.0_u----_204f_05_c11_08_f1_se_pi_cs_sp_ps_s5prr_rg_s04an,1,0.0001
.0_u----_206b_01_c11_23_f1_se_pi_cs_sp_ps_s5prr_rg_s04an,1,0.0001
.0_u----_206c_00_b11_00_f1_se_pi_cs_sp_ps_s5prr_rg_s04an,1,0.0001
.0_u----_206c_00_c07_23_f1_se_pi_cs_sp_ps_s5prr_rg_s04an,1,0.0001
.0_u----_206c_02_b10_00_f1_se_pi_cs_sp_ps_s5prr_rg_s04an,1,0.0001
.0_u----_206c_02_c11_23_f1_se_pi_cs_sp_ps_s5prr_rg_s04an,1,0.0001
.0_u----_206c_10_b11_00_f1_se_pi_cs_sp_ps_s5prr_rg_s04an,1,0.0001
.0_u----_206c_10_c11_08_f1_se_pi_cs_sp_ps_s5prr_rg_s04an,1,0.0001
.0_u----_206d_00_b07_00_f1_se_pi_cs_sp_ps_s5prr_rg_s04an,1,0.0001
.0_u----_206d_00_b10_00_f1_se_pi_cs_sp_ps_s5prr_rg_s04an,1,0.0001
.0_u----_206d_00_c11_23_f1_se_pi_cs_sp_ps_s5prr_rg_s04an,1,0.0001
.0_u----_206d_01_c11_23_f1_se_pi_cs_sp_ps_s5prr_rg_s04an,1,0.0001
.0_u----_206d_02_b11_00_f1_se_pi_cs_sp_ps_s5prr_rg_s04an,1,0.0001
.0_u----_206d_05_b11_00_f1_se_pi_cs_sp_ps_s5prr_rg_s04an,1,0.0001
.0_u----_206d_05_c11_08_f1_se_pi_cs_sp_ps_s5prr_rg_s04an,1,0.0001
.0_u----_206e_00_b11_00_f1_se_pi_cs_sp_ps_s5prr_rg_s04an,1,0.0001
.0_u----_206e_02_b07_00_f1_se_pi_cs_sp_ps_s5prr_rg_s04an,1,0.0001
.0_u----_206e_02_c07_23_f1_se_pi_cs_sp_ps_s5prr_rg_s04an,1,0.0001
.0_u----_206e_02_c10_23_f1_se_pi_cs_sp_ps_s5prr_rg_s04an,1,0.0001
.0_u----_206e_05_b11_00_f1_se_pi_cs_sp_ps_s5prr_rg_s04an,1,0.0001
.1_0001_fifo,1,0.0001
.1_0002_cw11,1,0.0001
.1_0003_cw21,1,0.0001
.1_0004_5cw21fifo,1,0.0001
.1_0005_10cw21fifo,1,0.0001
.1_0006_15cw21fifo,1,0.0001
.1_0007_rw2121,1,0.0001
.1_0008_rw2122,1,0.0001
.1_0009_10rw2122fifo,1,0.0001
.1_000x,1,0.0001
.1_0010_evo,1,0.0001
.1_0011_auto,1,0.0001
.1_0012_rw21m1,1,0.0001
.1_0013_5cw11fifo,1,0.0001
.1_0014_10cw11fifo,1,0.0001
.1_0015_gd,1,0.0001
.1_0016_5gdfifo,1,0.0001
.1_0017_15cw21fifopi,1,0.0001
.1_0018_gd1,1,0.0001
.1_0019_gd2,1,0.0001
.1_0020_10gd1fifo,1,0.0001
.1_0021_10gd3,1,0.0001
.1_0022_10cw112fifo,1,0.0001
.1_0023_10cw11mfifo,1,0.0001
.1_0024_5cw21fifopi,1,0.0001
.1_0025_gd4,1,0.0001
.1_0026_15cw11fifo,1,0.0001
.1_0027_10cw21fifopi,1,0.0001
.1_0028_cw11pi,1,0.0001
.1_0029_cw112,1,0.0001
.1_0029_cw112pi,1,0.0001
.1_0030_cw11m,1,0.0001
.1_0030_cw11mpi,1,0.0001
.1_0031_gd5,1,0.0001
.1_0032_gd6,1,0.0001
.1_0033_gd7,1,0.0001
.1_0034_gd8,1,0.0001
.1_0035_cw112,1,0.0001
.1_0035_cw113,1,0.0001
.1_0036_10cw113fifo,1,0.0001
.1_0037_cw12,1,0.0001
.1_0038_2cw11fifo,1,0.0001
.1_0039_10cw11fifopi,1,0.0001
.1_0051auto,1,0.0001
.1_0052autosched,1,0.0001
.1_0053auto,1,0.0001
.1_0054autosched,1,0.0001
.0_0001auto,1,0.0001
.0_0055cascauto,1,0.0001
.0_0056cascautosched,1,0.0001
.0_0057cascauto_ncnf,1,0.0001
.0_0058cascautosched_ncnf,1,0.0001
.0_xxx,1,0.0001
.csscpa,1,0.0001
.ctmp,1,0.0001
.commentboxes,1,0.0001
.ston,1,0.0001
.xs,1,0.0001
.dotplot,1,0.0001
.coverage,1,0.0001
.bigdft,1,0.0001
.2048procs,1,0.0001
.bare2,1,0.0001
.fakesmooth,1,0.0001
.soft_tm,1,0.0001
.doug_mod,1,0.0001
.hamann_mod,1,0.0001
.revpbe,1,0.0001
.sj_mod,1,0.0001
.971106_mod,1,0.0001
.pho,1,0.0001
.tm_so,1,0.0001
.960808c_mod,1,0.0001
.psphgh,1,0.0001
.corewf,1,0.0001
.f2b,1,0.0001
.exit,1,0.0001
.in_displ,1,0.0001
.ns_energy,1,0.0001
.struct,1,0.0001
.intrans,1,0.0001
.out_ep_invtauk,1,0.0001
.out_ep_taue,1,0.0001
.out_ep_tauk,1,0.0001
.bxsf,1,0.0001
.abo_gruns_dos,1,0.0001
.abo_gruns_qpath,1,0.0001
.ucell,1,0.0001
.buildsys,1,0.0001
.edits,1,0.0001
.htk,1,0.0001
.pyt,1,0.0001
.test_bin,1,0.0001
.10x,1,0.0001
.glyphs,1,0.0001
.foo,1,0.0001
.appimage,1,0.0001
.preamble,1,0.0001
.spin2,1,0.0001
.rej,1,0.0001
.in_000,1,0.0001
.hostkey,1,0.0001
.cur,1,0.0001
.fxcop,1,0.0001
.shfb,1,0.0001
.pubxml,1,0.0001
.wapproj,1,0.0001
.osqp,1,0.0001
.substitutions,1,0.0001
.part2,1,0.0001
.part3,1,0.0001
.part4,1,0.0001
.hybrid,1,0.0001
.par24,1,0.0001
.schonhage1,1,0.0001
.schonhage2,1,0.0001
.big,1,0.0001
.2000,1,0.0001
.2400,1,0.0001
.square24,1,0.0001
.square6,1,0.0001
.corn,1,0.0001
.edison,1,0.0001
.bloom,1,0.0001
.embed,1,0.0001
.ev,1,0.0001
.mal,1,0.0001
.h-xx,1,0.0001
.twb,1,0.0001
.tmpreferences,1,0.0001
.pu1,1,0.0001
.rb-old,1,0.0001
.aac,1,0.0001
.ac3,1,0.0001
.mkv,1,0.0001
.5+user_all,1,0.0001
.classified,1,0.0001
.detailed,1,0.0001
.confused_entities,1,0.0001
.divided,1,0.0001
.divided_prog,1,0.0001
.extra_entity,1,0.0001
.extra_entity_prog,1,0.0001
.extra_mention,1,0.0001
.extra_mention_prog,1,0.0001
.missing_entity,1,0.0001
.missing_entity_prog,1,0.0001
.missing_mention,1,0.0001
.missing_mention_prog,1,0.0001
.none,1,0.0001
.span_errors,1,0.0001
.cluster_context,1,0.0001
.cluster_errors,1,0.0001
.cluster_extra,1,0.0001
.cluster_missing,1,0.0001
.mention_list,1,0.0001
.mention_text,1,0.0001
.classified_detailed_properties,1,0.0001
.classified_errors,1,0.0001
.classified_summary,1,0.0001
.text_with_mentions,1,0.0001
.psd1,1,0.0001
.frx,1,0.0001
.vbp,1,0.0001
.vbw,1,0.0001
.tool,1,0.0001
.extra,1,0.0001
.syms,1,0.0001
.spx,1,0.0001
.0-rc3,1,0.0001
.json_bert-base-uncased_512_128_64,1,0.0001
.cpy,1,0.0001
.ws,1,0.0001
.registered,1,0.0001
.g2m,1,0.0001
.state1,1,0.0001
.state2,1,0.0001
.tg,1,0.0001
.iws,1,0.0001
.mpr,1,0.0001
.ipr,1,0.0001
.xcss,1,0.0001
.sources,1,0.0001
.disco,1,0.0001
.clientconfig,1,0.0001
.erwin,1,0.0001
.sqlcmdvars,1,0.0001
.sqldeployment,1,0.0001
.sqlpermissions,1,0.0001
.sqlsettings,1,0.0001
.ldf,1,0.0001
.mdf,1,0.0001
.dbmdl,1,0.0001
.dbproj,1,0.0001
.sqlproj,1,0.0001
.aterm,1,0.0001
.git,1,0.0001
.hg,1,0.0001
.wto,1,0.0001
.partaa,1,0.0001
.partab,1,0.0001
.partac,1,0.0001
.partad,1,0.0001
.partae,1,0.0001
.partaf,1,0.0001
.partag,1,0.0001
.partah,1,0.0001
.partai,1,0.0001
.anf,1,0.0001
.sitedef,1,0.0001
.movement,1,0.0001
.multicast1,1,0.0001
.multicast2,1,0.0001
.nam,1,0.0001
.ns,1,0.0001
.filelist,1,0.0001
.issueregistry,1,0.0001
.minisat,1,0.0001
.nbc_minisat_all,1,0.0001
.custom-r-base,1,0.0001
.dna,1,0.0001
.ce6c855,1,0.0001
.codebook,1,0.0001
.search,1,0.0001
.tot,1,0.0001
.conformalmappingtoolbox,1,0.0001
.bash-completion,1,0.0001
.run_std_atm,1,0.0001
.cfga,1,0.0001
.out_electrons_band19,1,0.0001
.out_heavy_holes_band18,1,0.0001
.out_light_holes_band17,1,0.0001
.d12_scf,1,0.0001
.out_scf,1,0.0001
.gladep,1,0.0001
.orbit_benchmark,1,0.0001
.yacc,1,0.0001
.1659_example,1,0.0001
.mcmc,1,0.0001
.pivt,1,0.0001
.trn,1,0.0001
.nobc,1,0.0001
.ns_start,1,0.0001
.start_lte_demix,1,0.0001
.start_ns,1,0.0001
.xcfcase,1,0.0001
.cmn,1,0.0001
.ctest,1,0.0001
.example_coconut,1,0.0001
.cray,1,0.0001
.juqueen,1,0.0001
.juqueen_big,1,0.0001
.exec,1,0.0001
.mfmhd_cuda,1,0.0001
.minimal,1,0.0001
.mutationpp,1,0.0001
.pyde,1,0.0001
.paml,1,0.0001
.builder,1,0.0001
.svg~,1,0.0001
.geotiff,1,0.0001
.hgt,1,0.0001
.jm,1,0.0001
.traps,1,0.0001
.weekly,1,0.0001
.buildbot,1,0.0001
.d-bbmass,1,0.0001
.d-freqsd,1,0.0001
.postfix,1,0.0001
.nospam,1,0.0001
.spam,1,0.0001
.set0,1,0.0001
.set1,1,0.0001
.set2,1,0.0001
.set3,1,0.0001
.perceptron,1,0.0001
.by,1,0.0001
.before,1,0.0001
.post-svn,1,0.0001
.nightly,1,0.0001
.qmail,1,0.0001
.suse,1,0.0001
.vpopmail,1,0.0001
.awl,1,0.0001
.bayes,1,0.0001
.txrep,1,0.0001
.com_password,1,0.0001
.speedtest,1,0.0001
.pi,1,0.0001
.plhtml,1,0.0001
.urimap,1,0.0001
.melt,1,0.0001
.gss,1,0.0001
.06112012,1,0.0001
.slackbuild,1,0.0001
.lng,1,0.0001
.cub,1,0.0001
.tf2,1,0.0001
.xml-tpfa,1,0.0001
.h5m,1,0.0001
.centos-buildbot,1,0.0001
.fedora-buildbot,1,0.0001
.mac-buildbot,1,0.0001
.mac-min,1,0.0001
.ubuntu-buildbot,1,0.0001
.gov,1,0.0001
._pyc_,1,0.0001
.ofs,1,0.0001
.ofssave,1,0.0001
.poses,1,0.0001
.sub#,1,0.0001
.nvd,1,0.0001
.nvm,1,0.0001
.tip,1,0.0001
.jseo,1,0.0001
.omd,1,0.0001
.shfbproj,1,0.0001
.renametozip,1,0.0001
.licenses,1,0.0001
.licx,1,0.0001
.ism,1,0.0001
.toml_empty,1,0.0001
.keys,1,0.0001
.xc,1,0.0001
.bhe,1,0.0001
.bhn,1,0.0001
.bhz,1,0.0001
.arsc,1,0.0001
.complex,1,0.0001
.ini into one folder,1,0.0001
.exe and overwrite old copies,1,0.0001
.trial,1,0.0001
.localdb,1,0.0001
.pbf,1,0.0001
.sublime-commands,1,0.0001
.sublime-mousemap,1,0.0001
.sublime-menu,1,0.0001
.bookmarks,1,0.0001
.branch,1,0.0001
.dirstate,1,0.0001
.modif,1,0.0001
.modif_add,1,0.0001
.modif_addremove,1,0.0001
.modif_reorder,1,0.0001
.unifiedpusharchive,1,0.0001
.loadableextension,1,0.0001
.artemis,1,0.0001
.noartemis,1,0.0001
.nokeycloak,1,0.0001
.cuter,1,0.0001
.ancestrymapgeno,1,0.0001
.eigenstratgeno,1,0.0001
.packedancestrymapgeno,1,0.0001
.pedind,1,0.0001
.pedsnp,1,0.0001
.ancestrymap,1,0.0001
.packedped,1,0.0001
.samuela,1,0.0001
.xml_not_working,1,0.0001
.lexicon,1,0.0001
.jxl,1,0.0001
.qoi,1,0.0001
.sh_serial,1,0.0001
.cup,1,0.0001
.jflex,1,0.0001
.dat13,1,0.0001
.dat322,1,0.0001
.dat330,1,0.0001
.c172p,1,0.0001
.c172r,1,0.0001
.c182,1,0.0001
.c310,1,0.0001
.tsf,1,0.0001
.datasourceregister,1,0.0001
.pvk,1,0.0001
.cpp-17-rewriter,1,0.0001
.osp,1,0.0001
.sop,1,0.0001
.docsdb,1,0.0001
.vocabulary,1,0.0001
.codebooks,1,0.0001
.offsets,1,0.0001
.profiles_linc_macaq,1,0.0001
.profiles_linc_mouse,1,0.0001
.profiles_linc_rat,1,0.0001
.profiles_linc_zebra,1,0.0001
.xist-001,1,0.0001
.gan,1,0.0001
.lammps_data,1,0.0001
.g96,1,0.0001
.txyz,1,0.0001
.aapl,1,0.0001
.ssv,1,0.0001
.bak1,1,0.0001
.cuh_temp,1,0.0001
.loc,1,0.0001
.tasty,1,0.0001
.launchersessionlistener,1,0.0001
.04_acescontainer,1,0.0001
.04_brew,1,0.0001
.04_lto,1,0.0001
.04_no_libtiff_valgrind,1,0.0001
.04_openexr2_shared,1,0.0001
.04_openexr2_static,1,0.0001
.04_openexr33,1,0.0001
.04_openexr34,1,0.0001
.tcs,1,0.0001
.tes,1,0.0001
.qbs,1,0.0001
.fhiaims,1,0.0001
.rbs,1,0.0001
.dockcross,1,0.0001
.dockcross-manylinux,1,0.0001
.dockcross-musl,1,0.0001
.manylinux,1,0.0001
.manylinux-mkl,1,0.0001
.winaarch64,1,0.0001
.mkd,1,0.0001
.line3,1,0.0001
.line4,1,0.0001
.line5,1,0.0001
.line6,1,0.0001
.plane1,1,0.0001
.plane10,1,0.0001
.plane11,1,0.0001
.plane12,1,0.0001
.plane13,1,0.0001
.plane2,1,0.0001
.plane3,1,0.0001
.plane4,1,0.0001
.plane5,1,0.0001
.plane6,1,0.0001
.plane7,1,0.0001
.plane8,1,0.0001
.plane9,1,0.0001
.chgcar,1,0.0001
.xsf,1,0.0001
.tess,1,0.0001
.contcar,1,0.0001
.abin,1,0.0001
.elk,1,0.0001
.gau,1,0.0001
.struct_in,1,0.0001
.in_control,1,0.0001
.frac,1,0.0001
.mols,1,0.0001
.wdm,1,0.0001
.dbg,1,0.0001
.reloc,1,0.0001
.rtti,1,0.0001
.type,1,0.0001
.xdbg,1,0.0001
.dotfile,1,0.0001
.enp,1,0.0001
.flt,1,0.0001
.numpy,1,0.0001
.rawb,1,0.0001
.phe,1,0.0001
.bgen,1,0.0001
.md5sum~,1,0.0001
.print,1,0.0001
.scan,1,0.0001
.pydevproject,1,0.0001
.contigs,1,0.0001
.mpu,1,0.0001
.lark,1,0.0001
.rj,1,0.0001
.lfasta1,1,0.0001
.lfasta2,1,0.0001
.ma,1,0.0001
.pixexp,1,0.0001
.eep,1,0.0001
.format,1,0.0001
.tracks,1,0.0001
.tracks_new,1,0.0001
.sap,1,0.0001
.chl,1,0.0001
.ar2v,1,0.0001
.uf,1,0.0001
.pdb_bk,1,0.0001
.pdb_report_npt,1,0.0001
.pdb_report_nvt,1,0.0001
.py_old_version_,1,0.0001
.gitmodules,1,0.0001
.1_extraparams,1,0.0001
.1_mainparams,1,0.0001
.xpi,1,0.0001
.domain,1,0.0001
.fypp,1,0.0001
.userlibraries,1,0.0001
.storesalloutputs,1,0.0001
.g~,1,0.0001
.sams,1,0.0001
.alfredworkflow,1,0.0001
.kineloader,1,0.0001
.json_old,1,0.0001
.giga_all_zpar_msr_model,1,0.0001
.komprent,1,0.0001
.vmt,1,0.0001
.headfile,1,0.0001
.brik,1,0.0001
.mzn,1,0.0001
.0_coregisterstainstohe,1,0.0001
.0_quickcheckreg,1,0.0001
.0_applyxfmtopngs,1,0.0001
.0_extractexdicoms3t,1,0.0001
.1_splitcombinedeximage3t,1,0.0001
.2_orienteximages,1,0.0001
.5_procexdti,1,0.0001
.0_extractpostopdicoms,1,0.0001
.1_computepostopdespot1,1,0.0001
.2_despotskullstrip,1,0.0001
.0_extractpreopdicoms,1,0.0001
.1_computedespot1,1,0.0001
.2_robustskullstrip,1,0.0001
.3_synt1wbrains,1,0.0001
.5_tissuesegbiascorrect,1,0.0001
.6_computedespot2,1,0.0001
.7_skullstripdespotoutput,1,0.0001
.9_identifydtmridicoms,1,0.0001
.2_resampleto100um,1,0.0001
.4t_neo,1,0.0001
.1_warpdtitoaligned,1,0.0001
.1_checkreganatexdti,1,0.0001
.2_checkalignedexdti,1,0.0001
.0_initregextopre#,1,0.0001
.0_initregextopre,1,0.0001
.0_concatrigxfms,1,0.0001
.1_nregwarpneotohist,1,0.0001
.v03,1,0.0001
.1_runsinglesubjprestats,1,0.0001
.2_rundistortcorrect,1,0.0001
.3_runsinglesubjica,1,0.0001
.1_coregfreesurferlabels,1,0.0001
.0_runroiconnectivityfeat,1,0.0001
.2a,1,0.0001
.3a,1,0.0001
.4b,1,0.0001
.4c,1,0.0001
.4d,1,0.0001
.4e,1,0.0001
.4f,1,0.0001
.4g,1,0.0001
.04_freevnc,1,0.0001
.sci~,1,0.0001
.30_200_300mpc_v3,1,0.0001
.87_200_300mpc_v3,1,0.0001
.68_200_300mpc_v3,1,0.0001
.40_200_300mpc_v3,1,0.0001
.49_200_300mpc_v3,1,0.0001
.41_200_300mpc_v3,1,0.0001
.97_200_300mpc_v3,1,0.0001
.08_200_300mpc_v3,1,0.0001
.04_200_300mpc_v3,1,0.0001
.34_200_300mpc_v3,1,0.0001
.07_200_300mpc_v3,1,0.0001
.78_200_300mpc_v3,1,0.0001
.47_200_300mpc_v3,1,0.0001
.09_200_300mpc_v3,1,0.0001
.00_200_300mpc_v3,1,0.0001
.88_200_300mpc_v3,1,0.0001
.22_200_300mpc_v3,1,0.0001
.66_200_300mpc_v3,1,0.0001
.19_200_300mpc_v3,1,0.0001
.53_200_300mpc_v3,1,0.0001
.69_200_300mpc_v3,1,0.0001
.67_200_300mpc_v3,1,0.0001
.90_200_300mpc_v3,1,0.0001
.64_200_300mpc_v3,1,0.0001
.58_200_300mpc_v3,1,0.0001
.59_200_300mpc_v3,1,0.0001
.61_200_300mpc_v3,1,0.0001
.92_200_300mpc_v3,1,0.0001
.03_200_300mpc_v3,1,0.0001
.44_200_300mpc_v3,1,0.0001
.74_200_300mpc_v3,1,0.0001
.05_200_300mpc_v3,1,0.0001
.42_200_300mpc_v3,1,0.0001
.ctex,1,0.0001
.c-old,1,0.0001
.sex,1,0.0001
.01,1,0.0001
.011,1,0.0001
.012,1,0.0001
.013,1,0.0001
.014,1,0.0001
.015,1,0.0001
.016,1,0.0001
.017,1,0.0001
.018,1,0.0001
.019,1,0.0001
.02,1,0.0001
.020,1,0.0001
.021,1,0.0001
.022,1,0.0001
.023,1,0.0001
.024,1,0.0001
.025,1,0.0001
.026,1,0.0001
.027,1,0.0001
.028,1,0.0001
.029,1,0.0001
.03,1,0.0001
.030,1,0.0001
.031,1,0.0001
.032,1,0.0001
.033,1,0.0001
.034,1,0.0001
.035,1,0.0001
.036,1,0.0001
.037,1,0.0001
.038,1,0.0001
.040,1,0.0001
.041,1,0.0001
.042,1,0.0001
.043,1,0.0001
.044,1,0.0001
.045,1,0.0001
.046,1,0.0001
.047,1,0.0001
.048,1,0.0001
.049,1,0.0001
.050,1,0.0001
.051,1,0.0001
.052,1,0.0001
.053,1,0.0001
.054,1,0.0001
.055,1,0.0001
.056,1,0.0001
.057,1,0.0001
.058,1,0.0001
.059,1,0.0001
.060,1,0.0001
.061,1,0.0001
.062,1,0.0001
.063,1,0.0001
.064,1,0.0001
.065,1,0.0001
.066,1,0.0001
.067,1,0.0001
.068,1,0.0001
.069,1,0.0001
.07,1,0.0001
.070,1,0.0001
.071,1,0.0001
.072,1,0.0001
.073,1,0.0001
.074,1,0.0001
.075,1,0.0001
.076,1,0.0001
.077,1,0.0001
.078,1,0.0001
.079,1,0.0001
.08,1,0.0001
.080,1,0.0001
.081,1,0.0001
.082,1,0.0001
.083,1,0.0001
.084,1,0.0001
.085,1,0.0001
.086,1,0.0001
.087,1,0.0001
.088,1,0.0001
.089,1,0.0001
.09,1,0.0001
.090,1,0.0001
.091,1,0.0001
.092,1,0.0001
.093,1,0.0001
.094,1,0.0001
.095,1,0.0001
.096,1,0.0001
.097,1,0.0001
.098,1,0.0001
.102,1,0.0001
.103,1,0.0001
.104,1,0.0001
.105,1,0.0001
.106,1,0.0001
.107,1,0.0001
.108,1,0.0001
.109,1,0.0001
.11,1,0.0001
.110,1,0.0001
.111,1,0.0001
.112,1,0.0001
.113,1,0.0001
.114,1,0.0001
.115,1,0.0001
.116,1,0.0001
.117,1,0.0001
.118,1,0.0001
.119,1,0.0001
.120,1,0.0001
.121,1,0.0001
.122,1,0.0001
.123,1,0.0001
.124,1,0.0001
.125,1,0.0001
.126,1,0.0001
.127,1,0.0001
.129,1,0.0001
.130,1,0.0001
.131,1,0.0001
.132,1,0.0001
.133,1,0.0001
.134,1,0.0001
.135,1,0.0001
.136,1,0.0001
.137,1,0.0001
.138,1,0.0001
.139,1,0.0001
.140,1,0.0001
.141,1,0.0001
.142,1,0.0001
.143,1,0.0001
.144,1,0.0001
.145,1,0.0001
.146,1,0.0001
.147,1,0.0001
.148,1,0.0001
.149,1,0.0001
.150,1,0.0001
.151,1,0.0001
.152,1,0.0001
.153,1,0.0001
.154,1,0.0001
.155,1,0.0001
.156,1,0.0001
.157,1,0.0001
.158,1,0.0001
.159,1,0.0001
.160,1,0.0001
.161,1,0.0001
.162,1,0.0001
.163,1,0.0001
.164,1,0.0001
.165,1,0.0001
.166,1,0.0001
.167,1,0.0001
.168,1,0.0001
.169,1,0.0001
.17,1,0.0001
.170,1,0.0001
.171,1,0.0001
.172,1,0.0001
.173,1,0.0001
.174,1,0.0001
.175,1,0.0001
.176,1,0.0001
.177,1,0.0001
.178,1,0.0001
.179,1,0.0001
.18,1,0.0001
.180,1,0.0001
.181,1,0.0001
.182,1,0.0001
.183,1,0.0001
.184,1,0.0001
.185,1,0.0001
.186,1,0.0001
.187,1,0.0001
.188,1,0.0001
.189,1,0.0001
.190,1,0.0001
.191,1,0.0001
.192,1,0.0001
.193,1,0.0001
.194,1,0.0001
.195,1,0.0001
.196,1,0.0001
.197,1,0.0001
.198,1,0.0001
.201,1,0.0001
.202,1,0.0001
.203,1,0.0001
.204,1,0.0001
.205,1,0.0001
.206,1,0.0001
.207,1,0.0001
.208,1,0.0001
.209,1,0.0001
.210,1,0.0001
.211,1,0.0001
.212,1,0.0001
.213,1,0.0001
.214,1,0.0001
.215,1,0.0001
.216,1,0.0001
.217,1,0.0001
.218,1,0.0001
.219,1,0.0001
.220,1,0.0001
.221,1,0.0001
.222,1,0.0001
.223,1,0.0001
.224,1,0.0001
.225,1,0.0001
.226,1,0.0001
.227,1,0.0001
.228,1,0.0001
.229,1,0.0001
.23,1,0.0001
.230,1,0.0001
.231,1,0.0001
.232,1,0.0001
.233,1,0.0001
.234,1,0.0001
.235,1,0.0001
.236,1,0.0001
.237,1,0.0001
.238,1,0.0001
.239,1,0.0001
.240,1,0.0001
.241,1,0.0001
.242,1,0.0001
.243,1,0.0001
.244,1,0.0001
.245,1,0.0001
.246,1,0.0001
.247,1,0.0001
.248,1,0.0001
.249,1,0.0001
.25,1,0.0001
.250,1,0.0001
.251,1,0.0001
.252,1,0.0001
.253,1,0.0001
.254,1,0.0001
.255,1,0.0001
.257,1,0.0001
.258,1,0.0001
.259,1,0.0001
.26,1,0.0001
.260,1,0.0001
.261,1,0.0001
.262,1,0.0001
.263,1,0.0001
.264,1,0.0001
.265,1,0.0001
.266,1,0.0001
.267,1,0.0001
.268,1,0.0001
.269,1,0.0001
.270,1,0.0001
.271,1,0.0001
.272,1,0.0001
.273,1,0.0001
.274,1,0.0001
.275,1,0.0001
.276,1,0.0001
.277,1,0.0001
.278,1,0.0001
.279,1,0.0001
.28,1,0.0001
.280,1,0.0001
.281,1,0.0001
.282,1,0.0001
.283,1,0.0001
.284,1,0.0001
.285,1,0.0001
.286,1,0.0001
.287,1,0.0001
.288,1,0.0001
.289,1,0.0001
.29,1,0.0001
.290,1,0.0001
.291,1,0.0001
.292,1,0.0001
.293,1,0.0001
.294,1,0.0001
.295,1,0.0001
.296,1,0.0001
.297,1,0.0001
.298,1,0.0001
.301,1,0.0001
.302,1,0.0001
.303,1,0.0001
.304,1,0.0001
.305,1,0.0001
.306,1,0.0001
.307,1,0.0001
.308,1,0.0001
.309,1,0.0001
.31,1,0.0001
.310,1,0.0001
.311,1,0.0001
.312,1,0.0001
.313,1,0.0001
.314,1,0.0001
.315,1,0.0001
.316,1,0.0001
.317,1,0.0001
.318,1,0.0001
.319,1,0.0001
.321,1,0.0001
.322,1,0.0001
.323,1,0.0001
.324,1,0.0001
.325,1,0.0001
.326,1,0.0001
.327,1,0.0001
.328,1,0.0001
.329,1,0.0001
.33,1,0.0001
.330,1,0.0001
.331,1,0.0001
.332,1,0.0001
.333,1,0.0001
.334,1,0.0001
.335,1,0.0001
.336,1,0.0001
.337,1,0.0001
.338,1,0.0001
.339,1,0.0001
.340,1,0.0001
.341,1,0.0001
.342,1,0.0001
.343,1,0.0001
.344,1,0.0001
.345,1,0.0001
.346,1,0.0001
.347,1,0.0001
.348,1,0.0001
.349,1,0.0001
.350,1,0.0001
.351,1,0.0001
.352,1,0.0001
.353,1,0.0001
.354,1,0.0001
.355,1,0.0001
.356,1,0.0001
.357,1,0.0001
.358,1,0.0001
.359,1,0.0001
.36,1,0.0001
.360,1,0.0001
.361,1,0.0001
.362,1,0.0001
.363,1,0.0001
.364,1,0.0001
.365,1,0.0001
.366,1,0.0001
.367,1,0.0001
.368,1,0.0001
.369,1,0.0001
.37,1,0.0001
.370,1,0.0001
.371,1,0.0001
.372,1,0.0001
.373,1,0.0001
.374,1,0.0001
.375,1,0.0001
.376,1,0.0001
.377,1,0.0001
.378,1,0.0001
.379,1,0.0001
.38,1,0.0001
.380,1,0.0001
.381,1,0.0001
.382,1,0.0001
.383,1,0.0001
.385,1,0.0001
.386,1,0.0001
.387,1,0.0001
.388,1,0.0001
.389,1,0.0001
.39,1,0.0001
.390,1,0.0001
.391,1,0.0001
.392,1,0.0001
.393,1,0.0001
.394,1,0.0001
.395,1,0.0001
.396,1,0.0001
.397,1,0.0001
.398,1,0.0001
.40,1,0.0001
.401,1,0.0001
.402,1,0.0001
.403,1,0.0001
.404,1,0.0001
.405,1,0.0001
.406,1,0.0001
.407,1,0.0001
.408,1,0.0001
.409,1,0.0001
.410,1,0.0001
.411,1,0.0001
.412,1,0.0001
.413,1,0.0001
.414,1,0.0001
.415,1,0.0001
.416,1,0.0001
.417,1,0.0001
.418,1,0.0001
.419,1,0.0001
.42,1,0.0001
.420,1,0.0001
.421,1,0.0001
.423,1,0.0001
.425,1,0.0001
.426,1,0.0001
.427,1,0.0001
.428,1,0.0001
.429,1,0.0001
.43,1,0.0001
.430,1,0.0001
.431,1,0.0001
.432,1,0.0001
.434,1,0.0001
.435,1,0.0001
.436,1,0.0001
.437,1,0.0001
.438,1,0.0001
.44,1,0.0001
.440,1,0.0001
.441,1,0.0001
.443,1,0.0001
.444,1,0.0001
.445,1,0.0001
.446,1,0.0001
.447,1,0.0001
.448,1,0.0001
.449,1,0.0001
.45,1,0.0001
.451,1,0.0001
.452,1,0.0001
.453,1,0.0001
.454,1,0.0001
.455,1,0.0001
.456,1,0.0001
.457,1,0.0001
.458,1,0.0001
.459,1,0.0001
.46,1,0.0001
.460,1,0.0001
.461,1,0.0001
.462,1,0.0001
.463,1,0.0001
.464,1,0.0001
.465,1,0.0001
.466,1,0.0001
.467,1,0.0001
.468,1,0.0001
.469,1,0.0001
.47,1,0.0001
.470,1,0.0001
.471,1,0.0001
.472,1,0.0001
.473,1,0.0001
.474,1,0.0001
.475,1,0.0001
.476,1,0.0001
.477,1,0.0001
.478,1,0.0001
.479,1,0.0001
.48,1,0.0001
.480,1,0.0001
.481,1,0.0001
.482,1,0.0001
.483,1,0.0001
.484,1,0.0001
.485,1,0.0001
.486,1,0.0001
.487,1,0.0001
.488,1,0.0001
.489,1,0.0001
.49,1,0.0001
.490,1,0.0001
.491,1,0.0001
.492,1,0.0001
.493,1,0.0001
.494,1,0.0001
.495,1,0.0001
.496,1,0.0001
.497,1,0.0001
.498,1,0.0001
.501,1,0.0001
.502,1,0.0001
.503,1,0.0001
.504,1,0.0001
.505,1,0.0001
.506,1,0.0001
.507,1,0.0001
.508,1,0.0001
.509,1,0.0001
.51,1,0.0001
.510,1,0.0001
.511,1,0.0001
.513,1,0.0001
.514,1,0.0001
.515,1,0.0001
.516,1,0.0001
.517,1,0.0001
.518,1,0.0001
.519,1,0.0001
.52,1,0.0001
.520,1,0.0001
.521,1,0.0001
.522,1,0.0001
.523,1,0.0001
.524,1,0.0001
.525,1,0.0001
.526,1,0.0001
.527,1,0.0001
.528,1,0.0001
.529,1,0.0001
.53,1,0.0001
.530,1,0.0001
.531,1,0.0001
.532,1,0.0001
.533,1,0.0001
.534,1,0.0001
.535,1,0.0001
.536,1,0.0001
.537,1,0.0001
.538,1,0.0001
.539,1,0.0001
.54,1,0.0001
.540,1,0.0001
.541,1,0.0001
.542,1,0.0001
.543,1,0.0001
.544,1,0.0001
.545,1,0.0001
.546,1,0.0001
.547,1,0.0001
.548,1,0.0001
.549,1,0.0001
.55,1,0.0001
.550,1,0.0001
.551,1,0.0001
.552,1,0.0001
.553,1,0.0001
.554,1,0.0001
.555,1,0.0001
.556,1,0.0001
.557,1,0.0001
.558,1,0.0001
.559,1,0.0001
.56,1,0.0001
.560,1,0.0001
.561,1,0.0001
.562,1,0.0001
.563,1,0.0001
.564,1,0.0001
.565,1,0.0001
.566,1,0.0001
.567,1,0.0001
.568,1,0.0001
.569,1,0.0001
.57,1,0.0001
.570,1,0.0001
.571,1,0.0001
.572,1,0.0001
.573,1,0.0001
.574,1,0.0001
.575,1,0.0001
.576,1,0.0001
.577,1,0.0001
.578,1,0.0001
.579,1,0.0001
.58,1,0.0001
.580,1,0.0001
.581,1,0.0001
.582,1,0.0001
.583,1,0.0001
.584,1,0.0001
.585,1,0.0001
.586,1,0.0001
.587,1,0.0001
.588,1,0.0001
.589,1,0.0001
.59,1,0.0001
.590,1,0.0001
.591,1,0.0001
.592,1,0.0001
.593,1,0.0001
.594,1,0.0001
.595,1,0.0001
.596,1,0.0001
.597,1,0.0001
.598,1,0.0001
.60,1,0.0001
.601,1,0.0001
.602,1,0.0001
.603,1,0.0001
.604,1,0.0001
.605,1,0.0001
.606,1,0.0001
.607,1,0.0001
.608,1,0.0001
.609,1,0.0001
.61,1,0.0001
.610,1,0.0001
.611,1,0.0001
.612,1,0.0001
.613,1,0.0001
.614,1,0.0001
.615,1,0.0001
.616,1,0.0001
.617,1,0.0001
.618,1,0.0001
.619,1,0.0001
.62,1,0.0001
.620,1,0.0001
.621,1,0.0001
.622,1,0.0001
.623,1,0.0001
.624,1,0.0001
.625,1,0.0001
.626,1,0.0001
.627,1,0.0001
.628,1,0.0001
.629,1,0.0001
.63,1,0.0001
.630,1,0.0001
.631,1,0.0001
.632,1,0.0001
.633,1,0.0001
.634,1,0.0001
.635,1,0.0001
.636,1,0.0001
.637,1,0.0001
.638,1,0.0001
.639,1,0.0001
.641,1,0.0001
.642,1,0.0001
.643,1,0.0001
.644,1,0.0001
.645,1,0.0001
.646,1,0.0001
.647,1,0.0001
.648,1,0.0001
.649,1,0.0001
.65,1,0.0001
.650,1,0.0001
.651,1,0.0001
.652,1,0.0001
.653,1,0.0001
.654,1,0.0001
.655,1,0.0001
.656,1,0.0001
.657,1,0.0001
.658,1,0.0001
.659,1,0.0001
.66,1,0.0001
.660,1,0.0001
.661,1,0.0001
.662,1,0.0001
.663,1,0.0001
.664,1,0.0001
.665,1,0.0001
.666,1,0.0001
.667,1,0.0001
.668,1,0.0001
.669,1,0.0001
.67,1,0.0001
.670,1,0.0001
.671,1,0.0001
.672,1,0.0001
.673,1,0.0001
.674,1,0.0001
.675,1,0.0001
.676,1,0.0001
.677,1,0.0001
.678,1,0.0001
.679,1,0.0001
.68,1,0.0001
.680,1,0.0001
.681,1,0.0001
.682,1,0.0001
.683,1,0.0001
.684,1,0.0001
.685,1,0.0001
.687,1,0.0001
.688,1,0.0001
.689,1,0.0001
.69,1,0.0001
.690,1,0.0001
.691,1,0.0001
.692,1,0.0001
.693,1,0.0001
.694,1,0.0001
.695,1,0.0001
.696,1,0.0001
.697,1,0.0001
.698,1,0.0001
.701,1,0.0001
.702,1,0.0001
.703,1,0.0001
.704,1,0.0001
.705,1,0.0001
.706,1,0.0001
.707,1,0.0001
.708,1,0.0001
.709,1,0.0001
.71,1,0.0001
.710,1,0.0001
.711,1,0.0001
.712,1,0.0001
.713,1,0.0001
.714,1,0.0001
.715,1,0.0001
.716,1,0.0001
.717,1,0.0001
.718,1,0.0001
.719,1,0.0001
.72,1,0.0001
.720,1,0.0001
.721,1,0.0001
.722,1,0.0001
.723,1,0.0001
.724,1,0.0001
.725,1,0.0001
.726,1,0.0001
.727,1,0.0001
.728,1,0.0001
.729,1,0.0001
.73,1,0.0001
.730,1,0.0001
.731,1,0.0001
.732,1,0.0001
.733,1,0.0001
.734,1,0.0001
.735,1,0.0001
.736,1,0.0001
.737,1,0.0001
.738,1,0.0001
.739,1,0.0001
.74,1,0.0001
.740,1,0.0001
.741,1,0.0001
.742,1,0.0001
.743,1,0.0001
.744,1,0.0001
.745,1,0.0001
.746,1,0.0001
.747,1,0.0001
.748,1,0.0001
.749,1,0.0001
.75,1,0.0001
.750,1,0.0001
.751,1,0.0001
.752,1,0.0001
.753,1,0.0001
.754,1,0.0001
.755,1,0.0001
.756,1,0.0001
.757,1,0.0001
.758,1,0.0001
.759,1,0.0001
.76,1,0.0001
.760,1,0.0001
.761,1,0.0001
.762,1,0.0001
.763,1,0.0001
.764,1,0.0001
.765,1,0.0001
.766,1,0.0001
.767,1,0.0001
.769,1,0.0001
.77,1,0.0001
.770,1,0.0001
.771,1,0.0001
.772,1,0.0001
.773,1,0.0001
.774,1,0.0001
.775,1,0.0001
.776,1,0.0001
.777,1,0.0001
.778,1,0.0001
.779,1,0.0001
.78,1,0.0001
.780,1,0.0001
.781,1,0.0001
.782,1,0.0001
.783,1,0.0001
.784,1,0.0001
.785,1,0.0001
.786,1,0.0001
.787,1,0.0001
.788,1,0.0001
.789,1,0.0001
.79,1,0.0001
.790,1,0.0001
.791,1,0.0001
.792,1,0.0001
.793,1,0.0001
.794,1,0.0001
.795,1,0.0001
.796,1,0.0001
.797,1,0.0001
.798,1,0.0001
.80,1,0.0001
.801,1,0.0001
.802,1,0.0001
.803,1,0.0001
.804,1,0.0001
.805,1,0.0001
.806,1,0.0001
.807,1,0.0001
.808,1,0.0001
.809,1,0.0001
.81,1,0.0001
.810,1,0.0001
.811,1,0.0001
.812,1,0.0001
.813,1,0.0001
.814,1,0.0001
.815,1,0.0001
.816,1,0.0001
.817,1,0.0001
.818,1,0.0001
.819,1,0.0001
.82,1,0.0001
.820,1,0.0001
.821,1,0.0001
.822,1,0.0001
.823,1,0.0001
.824,1,0.0001
.825,1,0.0001
.826,1,0.0001
.827,1,0.0001
.828,1,0.0001
.829,1,0.0001
.83,1,0.0001
.830,1,0.0001
.831,1,0.0001
.832,1,0.0001
.833,1,0.0001
.834,1,0.0001
.835,1,0.0001
.836,1,0.0001
.837,1,0.0001
.838,1,0.0001
.839,1,0.0001
.84,1,0.0001
.840,1,0.0001
.841,1,0.0001
.842,1,0.0001
.843,1,0.0001
.844,1,0.0001
.845,1,0.0001
.846,1,0.0001
.847,1,0.0001
.848,1,0.0001
.849,1,0.0001
.85,1,0.0001
.850,1,0.0001
.851,1,0.0001
.852,1,0.0001
.853,1,0.0001
.854,1,0.0001
.855,1,0.0001
.856,1,0.0001
.857,1,0.0001
.858,1,0.0001
.859,1,0.0001
.86,1,0.0001
.860,1,0.0001
.861,1,0.0001
.862,1,0.0001
.863,1,0.0001
.864,1,0.0001
.865,1,0.0001
.866,1,0.0001
.867,1,0.0001
.868,1,0.0001
.869,1,0.0001
.87,1,0.0001
.870,1,0.0001
.871,1,0.0001
.872,1,0.0001
.873,1,0.0001
.874,1,0.0001
.875,1,0.0001
.876,1,0.0001
.877,1,0.0001
.878,1,0.0001
.879,1,0.0001
.88,1,0.0001
.880,1,0.0001
.881,1,0.0001
.882,1,0.0001
.883,1,0.0001
.884,1,0.0001
.885,1,0.0001
.886,1,0.0001
.887,1,0.0001
.888,1,0.0001
.889,1,0.0001
.89,1,0.0001
.890,1,0.0001
.891,1,0.0001
.892,1,0.0001
.893,1,0.0001
.894,1,0.0001
.895,1,0.0001
.896,1,0.0001
.897,1,0.0001
.898,1,0.0001
.90,1,0.0001
.901,1,0.0001
.902,1,0.0001
.903,1,0.0001
.904,1,0.0001
.905,1,0.0001
.906,1,0.0001
.907,1,0.0001
.908,1,0.0001
.909,1,0.0001
.91,1,0.0001
.910,1,0.0001
.911,1,0.0001
.912,1,0.0001
.913,1,0.0001
.914,1,0.0001
.915,1,0.0001
.916,1,0.0001
.917,1,0.0001
.918,1,0.0001
.919,1,0.0001
.92,1,0.0001
.920,1,0.0001
.921,1,0.0001
.922,1,0.0001
.923,1,0.0001
.924,1,0.0001
.925,1,0.0001
.926,1,0.0001
.927,1,0.0001
.928,1,0.0001
.929,1,0.0001
.93,1,0.0001
.930,1,0.0001
.931,1,0.0001
.932,1,0.0001
.933,1,0.0001
.934,1,0.0001
.935,1,0.0001
.936,1,0.0001
.937,1,0.0001
.938,1,0.0001
.939,1,0.0001
.94,1,0.0001
.940,1,0.0001
.941,1,0.0001
.942,1,0.0001
.943,1,0.0001
.944,1,0.0001
.945,1,0.0001
.946,1,0.0001
.947,1,0.0001
.948,1,0.0001
.949,1,0.0001
.95,1,0.0001
.950,1,0.0001
.951,1,0.0001
.952,1,0.0001
.953,1,0.0001
.954,1,0.0001
.955,1,0.0001
.956,1,0.0001
.957,1,0.0001
.958,1,0.0001
.959,1,0.0001
.96,1,0.0001
.961,1,0.0001
.962,1,0.0001
.963,1,0.0001
.964,1,0.0001
.965,1,0.0001
.966,1,0.0001
.967,1,0.0001
.968,1,0.0001
.969,1,0.0001
.97,1,0.0001
.970,1,0.0001
.971,1,0.0001
.972,1,0.0001
.973,1,0.0001
.974,1,0.0001
.975,1,0.0001
.98,1,0.0001
.c_old,1,0.0001
.actr,1,0.0001
.pert,1,0.0001
.ppl,1,0.0001
.act,1,0.0001
.animal,1,0.0001
.artifact,1,0.0001
.attribute,1,0.0001
.feeling,1,0.0001
.food,1,0.0001
.group,1,0.0001
.location,1,0.0001
.motive,1,0.0001
.person,1,0.0001
.phenomenon,1,0.0001
.plant,1,0.0001
.process,1,0.0001
.quantity,1,0.0001
.relation,1,0.0001
.substance,1,0.0001
.time,1,0.0001
.tops,1,0.0001
.change,1,0.0001
.competition,1,0.0001
.consumption,1,0.0001
.contact,1,0.0001
.creation,1,0.0001
.emotion,1,0.0001
.motion,1,0.0001
.perception,1,0.0001
.social,1,0.0001
.stative,1,0.0001
.weather,1,0.0001
.spid,1,0.0001
.invertito,1,0.0001
.edge,1,0.0001
.ele,1,0.0001
.neigh,1,0.0001
.mesh-0,1,0.0001
.hnotcompile,1,0.0001
.903003751z--5409ed021d9299bf6814279a6a1411a7e866a631,1,0.0001
.794553183z--6ecbe1db9ef729cbe972c83fb886247691fb6beb,1,0.0001
.696351411z--e36ea790bc9d7ab70c55260c66d52b1eca985f84,1,0.0001
.479938556z--e834ec434daba538cd1b9fe1582052b880bd7e63,1,0.0001
.260348580z--78dc5d2d739606d31509c31d654056a45185ecb6,1,0.0001
.178294829z--a8dda8d7f5310e4a9e24f8eba77e091ac264f872,1,0.0001
.960499696z--06cef8e666768cc40cc78cf93d9611019ddcb628,1,0.0001
.757010386z--4404ac8bd8f9618d27ad2f1485aa1b2cfd82482d,1,0.0001
.554233052z--7457d5e02197480db681d3fdf256c7aca21bdc12,1,0.0001
.342711541z--91c987bf62d25945db517bdaa840a6c661374402,1,0.0001
.532037737z--e8816898d851d5b61b7f950627d04d794c07ca37,1,0.0001
.lgplv3,1,0.0001
.mbsd,1,0.0001
.auto_bridge,1,0.0001
.auto_client,1,0.0001
.auto_first,1,0.0001
.auto_router,1,0.0001
.auto_server,1,0.0001
.cidr,1,0.0001
.cidr_reverse,1,0.0001
.comment,1,0.0001
.exclude_packets,1,0.0001
.include_dest,1,0.0001
.include_packets,1,0.0001
.include_source,1,0.0001
.mac_reverse,1,0.0001
.port,1,0.0001
.prep_config,1,0.0001
.primary,1,0.0001
.regex_reverse,1,0.0001
.secondary,1,0.0001
.lp4,1,0.0001
.haskell-ci,1,0.0001
.dlg,1,0.0001
.pws,1,0.0001
.qch,1,0.0001
.qhp,1,0.0001
.qhc,1,0.0001
.qhcp,1,0.0001
.1#,1,0.0001
.styles,1,0.0001
.plugins,1,0.0001
.pgo,1,0.0001
.kasm,1,0.0001
.hxproj,1,0.0001
.javalog,1,0.0001
.log4j,1,0.0001
.e4xmi,1,0.0001
.ocaml,1,0.0001
.expand_piqi_boot,1,0.0001
.pp-expand-abbr,1,0.0001
.pp-expand-abbr-parse-literals,1,0.0001
.fontsettings,1,0.0001
.cc_def,1,0.0001
.popstar,1,0.0001
.stb,1,0.0001
.shacl,1,0.0001
.path,1,0.0001
.mlg,1,0.0001
.rocq-codegen,1,0.0001
.theanorc,1,0.0001
.cppcheck,1,0.0001
.natvis,1,0.0001
.gr,1,0.0001
.byt_ref,1,0.0001
.gm,1,0.0001
.ijson,1,0.0001
.groups,1,0.0001
.hist,1,0.0001
.opml,1,0.0001
.export_metadata,1,0.0001
.overall_export_metadata,1,0.0001
.r2014b,1,0.0001
.d2,1,0.0001
.1-compute-correlations-from-raw-data,1,0.0001
.2-convert-effect-sizes-into-correlation-coefficients-r,1,0.0001
.xdsl,1,0.0001
.access,1,0.0001
.password,1,0.0001
.ns_params,1,0.0001
.mob,1,0.0001
.deactivated,1,0.0001
.truststore,1,0.0001
.snappy,1,0.0001
.psv,1,0.0001
.bom,1,0.0001
.bbx,1,0.0001
.cbx,1,0.0001
.dbx,1,0.0001
.cut,1,0.0001
.pt4,1,0.0001
.dmesg,1,0.0001
.pileup,1,0.0001
.unsupported-features,1,0.0001
.whitelist,1,0.0001
.ghi,1,0.0001
.specification,1,0.0001
.npy#,1,0.0001
.tflite,1,0.0001
.saint,1,0.0001
.exports,1,0.0001
.routes,1,0.0001
.ellie,1,0.0001
.regexp,1,0.0001
.filesystem,1,0.0001
.ipch,1,0.0001
.gcskew,1,0.0001
.skew,1,0.0001
.3gon,1,0.0001
.4gon,1,0.0001
.5gon,1,0.0001
.vtx,1,0.0001
.complete,1,0.0001
.minimalist,1,0.0001
.mkl,1,0.0001
.acfg,1,0.0001
.atts,1,0.0001
.rnd,1,0.0001
.co,1,0.0001
.es5,1,0.0001
.worldmapping,1,0.0001
.dropped_data,1,0.0001
.jpl,1,0.0001
.ctrl,1,0.0001
.skd,1,0.0001
.wsdl2,1,0.0001
.macro,1,0.0001
.txt_reference,1,0.0001
.dbt,1,0.0001
.inits,1,0.0001
.generalcomputingservice,1,0.0001
.grad,1,0.0001
.localctriple,1,0.0001
.localttriple,1,0.0001
.wc,1,0.0001
.aix,1,0.0001
.dag,1,0.0001
.hpux,1,0.0001
.septel,1,0.0001
.sita,1,0.0001
.tru64,1,0.0001
.sparc,1,0.0001
.sun3,1,0.0001
.3c,1,0.0001
.mutable_base,1,0.0001
.mutable_delta,1,0.0001
.namd,1,0.0001
.lipid14,1,0.0001
.gaff,1,0.0001
.ionsjc_tip3p,1,0.0001
.ions234lm_126_tip3p,1,0.0001
.ff-nucleic-ol15,1,0.0001
.mmtf,1,0.0001
.hap,1,0.0001
.amp,1,0.0001
.open64,1,0.0001
.consoleapp,1,0.0001
.count,1,0.0001
.design,1,0.0001
.djgpp,1,0.0001
.ecc,1,0.0001
.fips,1,0.0001
.cfgtbd,1,0.0001
.nmake,1,0.0001
.h2m,1,0.0001
.uplugin,1,0.0001
.ibl,1,0.0001
.army,1,0.0001
.armydiag,1,0.0001
.economy,1,0.0001
.economydiag,1,0.0001
.statediag,1,0.0001
.necsis14_classdiagram,1,0.0001
.necsis14_classdiagramdiag,1,0.0001
.z3,1,0.0001
.flex,1,0.0001
.pklmetadata,1,0.0001
.blend2,1,0.0001
.vcg,1,0.0001
.rb4196,1,0.0001
.gt3x,1,0.0001
.957687,1,0.0001
.957688,1,0.0001
.957689,1,0.0001
.957690,1,0.0001
.957691,1,0.0001
.957692,1,0.0001
.957693,1,0.0001
.957694,1,0.0001
.957695,1,0.0001
.957696,1,0.0001
.957697,1,0.0001
.132113,1,0.0001
.174160,1,0.0001
.174161,1,0.0001
.174162,1,0.0001
.174163,1,0.0001
.174164,1,0.0001
.174165,1,0.0001
.174166,1,0.0001
.174167,1,0.0001
.174168,1,0.0001
.174169,1,0.0001
.174170,1,0.0001
.174171,1,0.0001
.174172,1,0.0001
.174173,1,0.0001
.174174,1,0.0001
.174175,1,0.0001
.174176,1,0.0001
.174177,1,0.0001
.174178,1,0.0001
.174179,1,0.0001
.174180,1,0.0001
.174181,1,0.0001
.174182,1,0.0001
.174183,1,0.0001
.145812,1,0.0001
.145810,1,0.0001
.145813,1,0.0001
.145817,1,0.0001
.145816,1,0.0001
.145814,1,0.0001
.145818,1,0.0001
.145815,1,0.0001
.145811,1,0.0001
.145820,1,0.0001
.145819,1,0.0001
.capnp,1,0.0001
.ggo,1,0.0001
.pymol,1,0.0001
.4-linux-amd64,1,0.0001
.logger,1,0.0001
.note,1,0.0001
.threshold,1,0.0001
.fum,1,0.0001
.udx,1,0.0001
.vislcg,1,0.0001
.gubsdb,1,0.0001
.gegcc,1,0.0001
.gelua,1,0.0001
.geslang,1,0.0001
.getcc,1,0.0001
.workspace,1,0.0001
.phones,1,0.0001
.symbols,1,0.0001
.7a,1,0.0001
.developer,1,0.0001
.weide,1,0.0001
.regtest,1,0.0001
.ascent,1,0.0001
.no_hydro_64,1,0.0001
.plot_z,1,0.0001
.knl,1,0.0001
.noreduceverb,1,0.0001
.bsd-3-clause,1,0.0001
.0-only,1,0.0001
.switch,1,0.0001
.aml,1,0.0001
.pprof,1,0.0001
.arp,1,0.0001
.profile-empty,1,0.0001
.xsec,1,0.0001
.pbuu,1,0.0001
.cxx~,1,0.0001
.cc#,1,0.0001
.osa,1,0.0001
.sie,1,0.0001
.lsf,1,0.0001
.xfm,1,0.0001
.local-copy,1,0.0001
.codekit,1,0.0001
.maintscript,1,0.0001
.scv,1,0.0001
.gms,1,0.0001
.old2,1,0.0001
.oldm,1,0.0001
.svgz,1,0.0001
.jplace,1,0.0001
.nlogox,1,0.0001
.hancho,1,0.0001
.txt#,1,0.0001
.spe,1,0.0001
.coli,1,0.0001
.lof,1,0.0001
.lol,1,0.0001
.lot,1,0.0001
.runtests,1,0.0001
.notice,1,0.0001
.news,1,0.0001
.ansi,1,0.0001
.android,1,0.0001
.miff,1,0.0001
.xml_withparentpom,1,0.0001
.hjs,1,0.0001
.cppipe,1,0.0001
.xeap,1,0.0001
.json_sample,1,0.0001
.enduser,1,0.0001
.double,1,0.0001
.htm-copy,1,0.0001
.htm_backup,1,0.0001
.lsa,1,0.0001
.base64,1,0.0001
.htaccess,1,0.0001
.ethane,1,0.0001
.airebo-m,1,0.0001
.rebo,1,0.0001
.lmiss,1,0.0001
.janet,1,0.0001
.hoon,1,0.0001
.luau,1,0.0001
.ixx,1,0.0001
.gjs,1,0.0001
.cocoa5,1,0.0001
.cake,1,0.0001
.asy,1,0.0001
.cdc,1,0.0001
.ecr,1,0.0001
.chpl,1,0.0001
.njk,1,0.0001
.clar,1,0.0001
.imba,1,0.0001
.ttcn,1,0.0001
.cfm,1,0.0001
.rhai,1,0.0001
.ecpp,1,0.0001
.derw,1,0.0001
.junos,1,0.0001
.just,1,0.0001
.odin,1,0.0001
.cairo,1,0.0001
.gdshader,1,0.0001
.dfy,1,0.0001
.plm,1,0.0001
.ha,1,0.0001
.focexec,1,0.0001
.um,1,0.0001
.fsx,1,0.0001
.fut,1,0.0001
.fnl,1,0.0001
.aria,1,0.0001
.gql,1,0.0001
.gvy,1,0.0001
.yarn,1,0.0001
.slang,1,0.0001
.lidr,1,0.0001
.pl1,1,0.0001
.raml,1,0.0001
.mojo,1,0.0001
.heex,1,0.0001
.icl,1,0.0001
.ipl,1,0.0001
.prql,1,0.0001
.c3,1,0.0001
.bdy,1,0.0001
.thy,1,0.0001
.fth,1,0.0001
.smarty2,1,0.0001
.vsql,1,0.0001
.txtt,1,0.0001
.dt,1,0.0001
.xm,1,0.0001
.lgt,1,0.0001
.lem,1,0.0001
.magik,1,0.0001
.wren,1,0.0001
.mojom,1,0.0001
.mbt,1,0.0001
.mbti,1,0.0001
.nuon,1,0.0001
.jcl,1,0.0001
.ets,1,0.0001
.wxml,1,0.0001
.wxss,1,0.0001
.pek,1,0.0001
.lfe,1,0.0001
.puml,1,0.0001
.jai,1,0.0001
.dhall,1,0.0001
.p6,1,0.0001
.odx,1,0.0001
.surql,1,0.0001
.pony,1,0.0001
.brs,1,0.0001
.sss,1,0.0001
.bicep,1,0.0001
.qxs,1,0.0001
.scp,1,0.0001
.sema,1,0.0001
.prisma,1,0.0001
.pig,1,0.0001
.jspeg,1,0.0001
.peg,1,0.0001
.peggy,1,0.0001
.tspeg,1,0.0001
.slim,1,0.0001
.slint,1,0.0001
.nut,1,0.0001
.nim,1,0.0001
.gleam,1,0.0001
.daml,1,0.0001
.dsr,1,0.0001
.vbhtml,1,0.0001
.ring,1,0.0001
.pest,1,0.0001
.fsl,1,0.0001
.wast,1,0.0001
.uss,1,0.0001
.uxml,1,0.0001
.carbon,1,0.0001
.vba,1,0.0001
.vy,1,0.0001
.blp,1,0.0001
.xpo,1,0.0001
.btp,1,0.0001
.zig,1,0.0001
.head~1,1,0.0001
.tok,1,0.0001
.slnf,1,0.0001
.startup,1,0.0001
.qry,1,0.0001
.mas2j,1,0.0001
.pip,1,0.0001
.z06,1,0.0001
.z07,1,0.0001
.z08,1,0.0001
.x_b,1,0.0001
.eepe,1,0.0001
.dnd,1,0.0001
.datbak,1,0.0001
.01_tgyr_elemplot_intd,1,0.0001
.10_tgyr_elemplot_intd,1,0.0001
.c2hs,1,0.0001
.dump-ast,1,0.0001
.nanorc,1,0.0001
.ssh,1,0.0001
.cats,1,0.0001
.dats,1,0.0001
.sats,1,0.0001
.purerc,1,0.0001
.clw,1,0.0001
.add,1,0.0001
.propertiesprovider,1,0.0001
.jrtx,1,0.0001
.jasper,1,0.0001
.allscalecc,1,0.0001
.ccz,1,0.0001
.elementtypesconfigurations,1,0.0001
.creationmenumodel,1,0.0001
.pl~,1,0.0001
.qdp-amd,1,0.0001
.shock_past_cylinder,1,0.0001
.shock_past_sphere,1,0.0001
.iamr,1,0.0001
.hotspot_rz,1,0.0001
.euler,1,0.0001
.euler-restart,1,0.0001
.square_grid,1,0.0001
.bubble_rz,1,0.0001
.double_shear_layer-rotate,1,0.0001
.forced,1,0.0001
.average_hotspot,1,0.0001
.les_hotspot,1,0.0001
.corigpu,1,0.0001
.perlmutter,1,0.0001
.greg,1,0.0001
.lwo,1,0.0001
.gpb,1,0.0001
.down,1,0.0001
.up,1,0.0001
.gitattributes,1,0.0001
.power9v100,1,0.0001
.jsdoc,1,0.0001
.ib_pdb_index,1,0.0001
.name_accession,1,0.0001
.tplx,1,0.0001
.mk~,1,0.0001
.pchk,1,0.0001
.gsl,1,0.0001
.senses,1,0.0001
.blobs,1,0.0001
.tester,1,0.0001
.rtml,1,0.0001
.guide,1,0.0001
.recipe,1,0.0001
.prx,1,0.0001
.setup,1,0.0001
.strs,1,0.0001
.tgz?accesstype=download,1,0.0001
.mshp,1,0.0001
.omake,1,0.0001
.exist,1,0.0001
.eclipse,1,0.0001
.mtvl,1,0.0001
.rmap,1,0.0001
.valid,1,0.0001
.otu_table,1,0.0001
.xval,1,0.0001
.sift,1,0.0001
.soc,1,0.0001
.dcl,1,0.0001
.pack,1,0.0001
.validspike,1,0.0001
.conv_n1600_mean4_5_st08_lx19_ly7,1,0.0001
.liggghts,1,0.0001
.springcalve,1,0.0001
.summercalve,1,0.0001
.7920000,1,0.0001
.fjordbond_final_h20_str5e5_lfc30,1,0.0001
.bonds,1,0.0001
.inx,1,0.0001
.infox,1,0.0001
.5-linux32,1,0.0001
.5-linux64,1,0.0001
.5-osx,1,0.0001
.profiles,1,0.0001
.snakefile,1,0.0001
.pmids,1,0.0001
.cdsfeatures_original,1,0.0001
.marshal,1,0.0001
.mothur,1,0.0001
.ncdump,1,0.0001
.ifunctionregistrant,1,0.0001
.persistentjoboutput,1,0.0001
.discoverable,1,0.0001
.databases,1,0.0001
.powergslb,1,0.0001
.sqlserver,1,0.0001
.stmt,1,0.0001
.srec,1,0.0001
.bn,1,0.0001
.ca,1,0.0001
.et,1,0.0001
.fi,1,0.0001
.gu,1,0.0001
.hi,1,0.0001
.hu,1,0.0001
.is,1,0.0001
.kn,1,0.0001
.lt,1,0.0001
.mni,1,0.0001
.mr,1,0.0001
.or,1,0.0001
.pa,1,0.0001
.ro,1,0.0001
.ta,1,0.0001
.tdt,1,0.0001
.te,1,0.0001
.yue,1,0.0001
.zh,1,0.0001
.chn,1,0.0001
.cbk,1,0.0001
.nvcc,1,0.0001
.asta,1,0.0001
.longorfs,1,0.0001
.travis-rbx,1,0.0001
.processors,1,0.0001
.symbolprocessorprovider,1,0.0001
.tff,1,0.0001
.hkl,1,0.0001
.out_b_swope,1,0.0001
.out_g_swope,1,0.0001
.out_h_wirc,1,0.0001
.out_i_swope,1,0.0001
.out_j_wirc,1,0.0001
.out_k_wirc,1,0.0001
.out_r_swope,1,0.0001
.out_u_swope,1,0.0001
.out_v_oswope,1,0.0001
.out_y_wirc,1,0.0001
.out_r,1,0.0001
.vtl,1,0.0001
.rpath,1,0.0001
.ptr,1,0.0001
.tree-ssa,1,0.0001
.graphite,1,0.0001
.tgt,1,0.0001
.rexsterextension,1,0.0001
.binyan,1,0.0001
.lemma,1,0.0001
.sgml,1,0.0001
.bedtofasta,1,0.0001
.blastn_hgncrna,1,0.0001
.extractblastnresults,1,0.0001
.final_lncrna,1,0.0001
.certdep,1,0.0001
.stv,1,0.0001
.mss,1,0.0001
.elf32-musl-static,1,0.0001
.cvc,1,0.0001
.executable,1,0.0001
.elf64statico2,1,0.0001
.o32,1,0.0001
.copythis,1,0.0001
.moved,1,0.0001
.lisp ,1,0.0001
.lisp-old,1,0.0001
.deflated,1,0.0001
.xdb,1,0.0001
.zi,1,0.0001
.acl2x-source,1,0.0001
.tbx,1,0.0001
.mdproj,1,0.0001
.dubase,1,0.0001
.jsfdia,1,0.0001
.database,1,0.0001
.ubase,1,0.0001
.systemd,1,0.0001
.poem-react-tests,1,0.0001
.2f4cec7,1,0.0001
.c589374,1,0.0001
.e8763af,1,0.0001
.mdj,1,0.0001
.bnx,1,0.0001
.xmap,1,0.0001
.log~,1,0.0001
.properties~,1,0.0001
.cpgz,1,0.0001
.rei,1,0.0001
.dat_higher_diff,1,0.0001
.idm,1,0.0001
.qfts,1,0.0001
.scene,1,0.0001
.hiro,1,0.0001
.kanji,1,0.0001
.origversion,1,0.0001
.episode,1,0.0001
.31_i86darwin32,1,0.0001
.31_i86darwin64,1,0.0001
.31_macppc,1,0.0001
.bip,1,0.0001
.dinvitro,1,0.0001
.other,1,0.0001
.adbx,1,0.0001
.out~,1,0.0001
.prev,1,0.0001
.centromeres,1,0.0001
.gap,1,0.0001
.dead,1,0.0001
.matk,1,0.0001
.mobileconfig,1,0.0001
.ios,1,0.0001
.snapshot,1,0.0001
.mtl23,1,0.0001
.libs,1,0.0001
.aga,1,0.0001
.r-index,1,0.0001
.nse,1,0.0001
.vimrc,1,0.0001
.sample_combined_22inds_4seqs,1,0.0001
.moses,1,0.0001
.shadersubgraph,1,0.0001
.inputactions,1,0.0001
.spriteatlas,1,0.0001
.adeextension,1,0.0001
.xjb,1,0.0001
.adecontext,1,0.0001
.tapplan,1,0.0001
.kmers,1,0.0001
.a64,1,0.0001
.ginfo,1,0.0001
.passphrase,1,0.0001
.rad,1,0.0001
.czi,1,0.0001
.css_t,1,0.0001
.poy,1,0.0001
.mltop,1,0.0001
.ping,1,0.0001
.uedin-wmt16-full,1,0.0001
.uedin-wmt16-parallel-single,1,0.0001
.uedin-wmt16-single,1,0.0001
.uedin-wmt17-full,1,0.0001
.uedin-wmt17-single,1,0.0001
.detok,1,0.0001
.fakesconfig,1,0.0001
.bkup12mar19,1,0.0001
.galex,1,0.0001
.unwise,1,0.0001
.incase,1,0.0001
.runsettings,1,0.0001
.installation,1,0.0001
.variables,1,0.0001
.eventdumpparser,1,0.0001
.ctz,1,0.0001
.hsf,1,0.0001
.update,1,0.0001
.address,1,0.0001
.le35,1,0.0001
.le55,1,0.0001
.le75,1,0.0001
.bld,1,0.0001
.jsbox0,1,0.0001
.jsbox1,1,0.0001
.jsbox2,1,0.0001
.jsconn,1,0.0001
.todraw,1,0.0001
.temp,1,0.0001
.rsl-new,1,0.0001
.rsl-old,1,0.0001
.rsl,1,0.0001
.prl,1,0.0001
.cool,1,0.0001
.clamd,1,0.0001
.rabbitmq,1,0.0001
.scpt,1,0.0001
.vgm,1,0.0001
.alias,1,0.0001
.alprofile,1,0.0001
.pvs,1,0.0001
.wxg,1,0.0001
.xplt,1,0.0001
.sid,1,0.0001
.r2017a,1,0.0001
.aiohttp,1,0.0001
.autobahn,1,0.0001
.unknown_mime_type,1,0.0001
.zero_bytes,1,0.0001
.coderprj,1,0.0001
.vot,1,0.0001
.bgm,1,0.0001
.emscripten,1,0.0001
.coq,1,0.0001
.z00,1,0.0001
.spv,1,0.0001
.pov,1,0.0001
.cpicle,1,0.0001
.w32,1,0.0001
.localmode,1,0.0001
.embeddedapplauncher,1,0.0001
.yarnapplauncher,1,0.0001
.securityinfo,1,0.0001
.tokenidentifier,1,0.0001
.dagexecutionplugin,1,0.0001
.keytab,1,0.0001
.ccxml,1,0.0001
.exregion,1,0.0001
.example-php,1,0.0001
.3gp,1,0.0001
.xquery,1,0.0001
.myjson,1,0.0001
.mydata,1,0.0001
.mydata2,1,0.0001
.myhtml,1,0.0001
.phps,1,0.0001
.mysql,1,0.0001
.exelem,1,0.0001
.exnode,1,0.0001
.words,1,0.0001
.features~,1,0.0001
.incflo,1,0.0001
.channel_cylinder,1,0.0001
.eb_flow_sphere,1,0.0001
.inviscid_rotated_planes_x,1,0.0001
.rotated_planes_x,1,0.0001
.rotated_planes_y,1,0.0001
.vortex_in_sphere,1,0.0001
.channel_cylinder-x,1,0.0001
.channel_cylinder-xx,1,0.0001
.channel_cylinder-y,1,0.0001
.channel_cylinder-yy,1,0.0001
.channel_cylinder-z,1,0.0001
.channel_cylinder-zz,1,0.0001
.channel_spherecube,1,0.0001
.couette_poiseuille,1,0.0001
.double_shear_restart,1,0.0001
.eb_flow_const_velz,1,0.0001
.eb_flow_density,1,0.0001
.poiseuille_halfplane_newtonian,1,0.0001
.slanted_cylinder,1,0.0001
.tuscan,1,0.0001
.upipe,1,0.0001
.csg,1,0.0001
.couette_cylinder,1,0.0001
.couette_twocylinders,1,0.0001
.poiseuille_annulus,1,0.0001
.rotating_cylinder,1,0.0001
.taylor_couette,1,0.0001
.test_csg,1,0.0001
.inviscid_rotated_cylinder_x,1,0.0001
.inviscid_rotated_cylinder_y,1,0.0001
.inviscid_rotated_cylinder_z,1,0.0001
.periodic_box_x,1,0.0001
.periodic_box_y,1,0.0001
.periodic_box_z,1,0.0001
.circ_traceradect_bds,1,0.0001
.double_shear_layer_x,1,0.0001
.double_shear_layer_y,1,0.0001
.double_shear_layer_z,1,0.0001
.poiseuille_halfplane_newtonian_x,1,0.0001
.poiseuille_halfplane_newtonian_y,1,0.0001
.poiseuille_halfplane_newtonian_z,1,0.0001
.poiseuille_plane_newtonian_x,1,0.0001
.poiseuille_plane_newtonian_y,1,0.0001
.poiseuille_plane_newtonian_z,1,0.0001
.slip_wall_test_x,1,0.0001
.shap,1,0.0001
.dpd,1,0.0001
.xtextbin,1,0.0001
.xml_correct,1,0.0001
.xml_orig,1,0.0001
.ltp,1,0.0001
.luacov,1,0.0001
.repositories,1,0.0001
.neg,1,0.0001
.aktualizr,1,0.0001
.focal,1,0.0001
.sgd,1,0.0001
.2016,1,0.0001
.jtv,1,0.0001
.cdt,1,0.0001
.gtr,1,0.0001
.rscript,1,0.0001
.gold_std,1,0.0001
.metagenemark,1,0.0001
.atom,1,0.0001
.stri,1,0.0001
.acc,1,0.0001
.ars,1,0.0001
.ath,1,0.0001
.fsm,1,0.0001
.sth,1,0.0001
.tfs,1,0.0001
.j2c,1,0.0001
.indels,1,0.0001
.qualities,1,0.0001
.sitefrequency,1,0.0001
.sitepositions,1,0.0001
.incl,1,0.0001
.gmm,1,0.0001
.delim,1,0.0001
.txt_pos,1,0.0001
.pcaproject,1,0.0001
.xln,1,0.0001
.b##,1,0.0001
.l#5,1,0.0001
.l#6,1,0.0001
.l#7,1,0.0001
.l#8,1,0.0001
.l#9,1,0.0001
.wsdt,1,0.0001
.lineage,1,0.0001
.ipy,1,0.0001
.w6yv7k,1,0.0001
.emp,1,0.0001
.getsatstudy,1,0.0001
.readgeom,1,0.0001
.readtree,1,0.0001
.useraysolver,1,0.0001
.conversions,1,0.0001
.processed,1,0.0001
.blei,1,0.0001
.low,1,0.0001
.mallet,1,0.0001
.svmlight,1,0.0001
.uci,1,0.0001
.jscad,1,0.0001
.xspt,1,0.0001
.moog,1,0.0001
.mlf,1,0.0001
.mrf,1,0.0001
.mes,1,0.0001
.crazy_ext,1,0.0001
.chg,1,0.0001
.parm,1,0.0001
.nastruct,1,0.0001
.r3d,1,0.0001
.cb_dist,1,0.0001
.comap,1,0.0001
.mfdca,1,0.0001
.plmdca,1,0.0001
.psicov,1,0.0001
.numpy_bin,1,0.0001
.howto_script,1,0.0001
.howto_transform,1,0.0001
.apache2,1,0.0001
.overrides,1,0.0001
.templates,1,0.0001
.jdl,1,0.0001
.fieldtrip,1,0.0001
.gifti,1,0.0001
.xmltree,1,0.0001
.dyr,1,0.0001
.iex,1,0.0001
.l2p,1,0.0001
.lnp,1,0.0001
.connect,1,0.0001
.nbar,1,0.0001
.lie,1,0.0001
.rac,1,0.0001
.rsml,1,0.0001
.dependencies,1,0.0001
.enw,1,0.0001
.admin,1,0.0001
.author,1,0.0001
.granted,1,0.0001
.granted_token,1,0.0001
.rejected,1,0.0001
.com-non_engines,1,0.0001
.openaire4,1,0.0001
.fzz,1,0.0001
.axgr,1,0.0001
.axgx,1,0.0001
.ppc64le,1,0.0001
.payload,1,0.0001
.ls,1,0.0001
.omp,1,0.0001
.alpine,1,0.0001
.heroku,1,0.0001
.mrb-linux-amd64,1,0.0001
.universal,1,0.0001
.nobody,1,0.0001
.chrlengths,1,0.0001
.grammar,1,0.0001
.bil,1,0.0001
.alljobs,1,0.0001
.len,1,0.0001
.emm,1,0.0001
.ed,1,0.0001
.xrdf,1,0.0001
.fsp,1,0.0001
.pauli,1,0.0001
.php8,1,0.0001
.score,1,0.0001
.gds,1,0.0001
.metadix,1,0.0001
.linearindex,1,0.0001
.numer,1,0.0001
.log-20100502,1,0.0001
.jenasubsystemlifecycle,1,0.0001
.rap,1,0.0001
.pdos_atm#1(mg)_wfc#1(s),1,0.0001
.pdos_atm#1(mg)_wfc#2(p),1,0.0001
.pdos_atm#2(o)_wfc#1(s),1,0.0001
.pdos_atm#2(o)_wfc#2(p),1,0.0001
.pdos_tot,1,0.0001
.pops,1,0.0001
.golden,1,0.0001
.mkfg,1,0.0001
.tz,1,0.0001
.lambda,1,0.0001
.vol2bird,1,0.0001
.vol2bird-mistnet,1,0.0001
.20130329,1,0.0001
.drv,1,0.0001
.dtx,1,0.0001
.m4~,1,0.0001
.binutils,1,0.0001
.variants,1,0.0001
.js_,1,0.0001
.vssbe,1,0.0001
.javascript,1,0.0001
.bac,1,0.0001
.markers,1,0.0001
.symvers,1,0.0001
.bestmodel,1,0.0001
.besttree,1,0.0001
.sfk,1,0.0001
.pmd,1,0.0001
.b64,1,0.0001
.qp,1,0.0001
.amiga,1,0.0001
.b32,1,0.0001
.m32,1,0.0001
.netware,1,0.0001
.vxworks,1,0.0001
.watcom,1,0.0001
.3des,1,0.0001
.aes128,1,0.0001
.aes192,1,0.0001
.aes256,1,0.0001
.des,1,0.0001
.psk,1,0.0001
.pubkey,1,0.0001
.cert_type,1,0.0001
.key_usage,1,0.0001
.ku-ct,1,0.0001
.md4,1,0.0001
.bcc32,1,0.0001
.msvc,1,0.0001
.filt_list,1,0.0001
.nsconfig,1,0.0001
.7cei,1,0.0001
.1yjo,1,0.0001
.end,1,0.0001
.fis,1,0.0001
.merge,1,0.0001
.paaa2,1,0.0001
.gamma-gomodelmicellesimulation,1,0.0001
.data-gomodelmembranesimulation,1,0.0001
.data-gomodelmicellesimulation,1,0.0001
.data_membranedimerprediction,1,0.0001
.dat_membranedimerprediction,1,0.0001
.debugforces,1,0.0001
.parallel,1,0.0001
.paralleldebug,1,0.0001
.rcc,1,0.0001
.serial,1,0.0001
.serialdebug,1,0.0001
.h4_traj,1,0.0001
.tmat,1,0.0001
.pnt,1,0.0001
.e321227,1,0.0001
.e321228,1,0.0001
.e321229,1,0.0001
.e321230,1,0.0001
.e321231,1,0.0001
.e321232,1,0.0001
.e321233,1,0.0001
.e321234,1,0.0001
.e321235,1,0.0001
.e321236,1,0.0001
.e323962,1,0.0001
.e323963,1,0.0001
.e323964,1,0.0001
.e323965,1,0.0001
.e323966,1,0.0001
.e323967,1,0.0001
.e323968,1,0.0001
.e323969,1,0.0001
.e323970,1,0.0001
.e323971,1,0.0001
.o321227,1,0.0001
.o321228,1,0.0001
.o321229,1,0.0001
.o321230,1,0.0001
.o321231,1,0.0001
.o321232,1,0.0001
.o321233,1,0.0001
.o321234,1,0.0001
.o321235,1,0.0001
.o321236,1,0.0001
.o323962,1,0.0001
.o323963,1,0.0001
.o323964,1,0.0001
.o323965,1,0.0001
.o323966,1,0.0001
.o323967,1,0.0001
.o323968,1,0.0001
.o323969,1,0.0001
.o323970,1,0.0001
.o323971,1,0.0001
.e321271,1,0.0001
.e321272,1,0.0001
.e321273,1,0.0001
.e321274,1,0.0001
.e321275,1,0.0001
.e321276,1,0.0001
.e321277,1,0.0001
.e321278,1,0.0001
.e321279,1,0.0001
.e321280,1,0.0001
.e326140,1,0.0001
.e326141,1,0.0001
.e326142,1,0.0001
.e326143,1,0.0001
.e326144,1,0.0001
.e326145,1,0.0001
.e326146,1,0.0001
.e326147,1,0.0001
.e326148,1,0.0001
.e326149,1,0.0001
.o321271,1,0.0001
.o321272,1,0.0001
.o321273,1,0.0001
.o321274,1,0.0001
.o321275,1,0.0001
.o321276,1,0.0001
.o321277,1,0.0001
.o321278,1,0.0001
.o321279,1,0.0001
.o321280,1,0.0001
.o326140,1,0.0001
.o326141,1,0.0001
.o326142,1,0.0001
.o326143,1,0.0001
.o326144,1,0.0001
.o326145,1,0.0001
.o326146,1,0.0001
.o326147,1,0.0001
.o326148,1,0.0001
.o326149,1,0.0001
.e321328,1,0.0001
.e321329,1,0.0001
.e321330,1,0.0001
.e321331,1,0.0001
.e321332,1,0.0001
.e321333,1,0.0001
.e321334,1,0.0001
.e321335,1,0.0001
.e321336,1,0.0001
.e321337,1,0.0001
.e325185,1,0.0001
.e325186,1,0.0001
.e325187,1,0.0001
.e325188,1,0.0001
.e325189,1,0.0001
.e325190,1,0.0001
.e325201,1,0.0001
.e325212,1,0.0001
.e325227,1,0.0001
.e325229,1,0.0001
.o321328,1,0.0001
.o321329,1,0.0001
.o321330,1,0.0001
.o321331,1,0.0001
.o321332,1,0.0001
.o321333,1,0.0001
.o321334,1,0.0001
.o321335,1,0.0001
.o321336,1,0.0001
.o321337,1,0.0001
.o325185,1,0.0001
.o325186,1,0.0001
.o325187,1,0.0001
.o325188,1,0.0001
.o325189,1,0.0001
.o325190,1,0.0001
.o325201,1,0.0001
.o325212,1,0.0001
.o325227,1,0.0001
.o325229,1,0.0001
.e322974,1,0.0001
.e322975,1,0.0001
.e322976,1,0.0001
.e322977,1,0.0001
.e322978,1,0.0001
.e322979,1,0.0001
.e322980,1,0.0001
.e322981,1,0.0001
.e322982,1,0.0001
.e322983,1,0.0001
.e322984,1,0.0001
.e322985,1,0.0001
.e322986,1,0.0001
.e322987,1,0.0001
.e322988,1,0.0001
.e322989,1,0.0001
.e322990,1,0.0001
.e322991,1,0.0001
.e322992,1,0.0001
.e322993,1,0.0001
.o322974,1,0.0001
.o322975,1,0.0001
.o322976,1,0.0001
.o322977,1,0.0001
.o322978,1,0.0001
.o322979,1,0.0001
.o322980,1,0.0001
.o322981,1,0.0001
.o322982,1,0.0001
.o322983,1,0.0001
.o322984,1,0.0001
.o322985,1,0.0001
.o322986,1,0.0001
.o322987,1,0.0001
.o322988,1,0.0001
.o322989,1,0.0001
.o322990,1,0.0001
.o322991,1,0.0001
.o322992,1,0.0001
.o322993,1,0.0001
.e322954,1,0.0001
.e322955,1,0.0001
.e322956,1,0.0001
.e322957,1,0.0001
.e322958,1,0.0001
.e322959,1,0.0001
.e322960,1,0.0001
.e322961,1,0.0001
.e322962,1,0.0001
.e322963,1,0.0001
.e322964,1,0.0001
.e322965,1,0.0001
.e322966,1,0.0001
.e322967,1,0.0001
.e322968,1,0.0001
.e322969,1,0.0001
.e322970,1,0.0001
.e322971,1,0.0001
.e322972,1,0.0001
.e322973,1,0.0001
.o322954,1,0.0001
.o322955,1,0.0001
.o322956,1,0.0001
.o322957,1,0.0001
.o322958,1,0.0001
.o322959,1,0.0001
.o322960,1,0.0001
.o322961,1,0.0001
.o322962,1,0.0001
.o322963,1,0.0001
.o322964,1,0.0001
.o322965,1,0.0001
.o322966,1,0.0001
.o322967,1,0.0001
.o322968,1,0.0001
.o322969,1,0.0001
.o322970,1,0.0001
.o322971,1,0.0001
.o322972,1,0.0001
.o322973,1,0.0001
.e322934,1,0.0001
.e322935,1,0.0001
.e322936,1,0.0001
.e322937,1,0.0001
.e322938,1,0.0001
.e322939,1,0.0001
.e322940,1,0.0001
.e322941,1,0.0001
.e322942,1,0.0001
.e322943,1,0.0001
.e322944,1,0.0001
.e322945,1,0.0001
.e322946,1,0.0001
.e322947,1,0.0001
.e322948,1,0.0001
.e322949,1,0.0001
.e322950,1,0.0001
.e322951,1,0.0001
.e322952,1,0.0001
.e322953,1,0.0001
.o322934,1,0.0001
.o322935,1,0.0001
.o322936,1,0.0001
.o322937,1,0.0001
.o322938,1,0.0001
.o322939,1,0.0001
.o322940,1,0.0001
.o322941,1,0.0001
.o322942,1,0.0001
.o322943,1,0.0001
.o322944,1,0.0001
.o322945,1,0.0001
.o322946,1,0.0001
.o322947,1,0.0001
.o322948,1,0.0001
.o322949,1,0.0001
.o322950,1,0.0001
.o322951,1,0.0001
.o322952,1,0.0001
.o322953,1,0.0001
.e323400,1,0.0001
.e323401,1,0.0001
.e323402,1,0.0001
.e323403,1,0.0001
.e323404,1,0.0001
.e323405,1,0.0001
.e323406,1,0.0001
.e326160,1,0.0001
.e326161,1,0.0001
.e326162,1,0.0001
.e326163,1,0.0001
.e326164,1,0.0001
.e326165,1,0.0001
.o323400,1,0.0001
.o323401,1,0.0001
.o323402,1,0.0001
.o323403,1,0.0001
.o323404,1,0.0001
.o323405,1,0.0001
.o323406,1,0.0001
.o326160,1,0.0001
.o326161,1,0.0001
.o326162,1,0.0001
.o326163,1,0.0001
.o326164,1,0.0001
.o326165,1,0.0001
.e323407,1,0.0001
.e323408,1,0.0001
.e323409,1,0.0001
.e323410,1,0.0001
.e323411,1,0.0001
.e323412,1,0.0001
.e323413,1,0.0001
.e323414,1,0.0001
.e323415,1,0.0001
.e323416,1,0.0001
.e326150,1,0.0001
.e326151,1,0.0001
.e326152,1,0.0001
.e326153,1,0.0001
.e326154,1,0.0001
.e326155,1,0.0001
.e326156,1,0.0001
.e326157,1,0.0001
.e326158,1,0.0001
.e326159,1,0.0001
.o323407,1,0.0001
.o323408,1,0.0001
.o323409,1,0.0001
.o323410,1,0.0001
.o323411,1,0.0001
.o323412,1,0.0001
.o323413,1,0.0001
.o323414,1,0.0001
.o323415,1,0.0001
.o323416,1,0.0001
.o326150,1,0.0001
.o326151,1,0.0001
.o326152,1,0.0001
.o326153,1,0.0001
.o326154,1,0.0001
.o326155,1,0.0001
.o326156,1,0.0001
.o326157,1,0.0001
.o326158,1,0.0001
.o326159,1,0.0001
.e323423,1,0.0001
.e323424,1,0.0001
.e323425,1,0.0001
.e323426,1,0.0001
.e323427,1,0.0001
.e323428,1,0.0001
.e323429,1,0.0001
.e323430,1,0.0001
.e323431,1,0.0001
.e323432,1,0.0001
.e323433,1,0.0001
.e323434,1,0.0001
.e323435,1,0.0001
.e323436,1,0.0001
.e323437,1,0.0001
.e323438,1,0.0001
.e323439,1,0.0001
.e326130,1,0.0001
.e326131,1,0.0001
.e326132,1,0.0001
.e326133,1,0.0001
.e326134,1,0.0001
.e326135,1,0.0001
.e326136,1,0.0001
.e326137,1,0.0001
.e326138,1,0.0001
.e326139,1,0.0001
.o323423,1,0.0001
.o323424,1,0.0001
.o323425,1,0.0001
.o323426,1,0.0001
.o323427,1,0.0001
.o323428,1,0.0001
.o323429,1,0.0001
.o323430,1,0.0001
.o323431,1,0.0001
.o323432,1,0.0001
.o326130,1,0.0001
.o326131,1,0.0001
.o326132,1,0.0001
.o326133,1,0.0001
.o326134,1,0.0001
.o326135,1,0.0001
.o326136,1,0.0001
.o326137,1,0.0001
.o326138,1,0.0001
.o326139,1,0.0001
.e321751,1,0.0001
.e321752,1,0.0001
.e321753,1,0.0001
.e321754,1,0.0001
.e321755,1,0.0001
.e321756,1,0.0001
.e321757,1,0.0001
.e321758,1,0.0001
.e321759,1,0.0001
.e321760,1,0.0001
.e321761,1,0.0001
.e321762,1,0.0001
.e321763,1,0.0001
.e321764,1,0.0001
.e321765,1,0.0001
.e321766,1,0.0001
.e321767,1,0.0001
.e321768,1,0.0001
.e321769,1,0.0001
.e321770,1,0.0001
.e322159,1,0.0001
.o321751,1,0.0001
.o321752,1,0.0001
.o321753,1,0.0001
.o321754,1,0.0001
.o321755,1,0.0001
.o321756,1,0.0001
.o321757,1,0.0001
.o321758,1,0.0001
.o321759,1,0.0001
.o321760,1,0.0001
.o321761,1,0.0001
.o321762,1,0.0001
.o321763,1,0.0001
.o321764,1,0.0001
.o321765,1,0.0001
.o321766,1,0.0001
.o321767,1,0.0001
.o321768,1,0.0001
.o321769,1,0.0001
.o321770,1,0.0001
.o322159,1,0.0001
.e322160,1,0.0001
.e322161,1,0.0001
.e322162,1,0.0001
.e322163,1,0.0001
.e322164,1,0.0001
.e322165,1,0.0001
.e322166,1,0.0001
.e322167,1,0.0001
.e322168,1,0.0001
.e322169,1,0.0001
.e322170,1,0.0001
.e322171,1,0.0001
.e322172,1,0.0001
.e322173,1,0.0001
.e322174,1,0.0001
.e322175,1,0.0001
.e322176,1,0.0001
.e322177,1,0.0001
.e322178,1,0.0001
.e322179,1,0.0001
.o322160,1,0.0001
.o322161,1,0.0001
.o322162,1,0.0001
.o322163,1,0.0001
.o322164,1,0.0001
.o322165,1,0.0001
.o322166,1,0.0001
.o322167,1,0.0001
.o322168,1,0.0001
.o322169,1,0.0001
.o322170,1,0.0001
.o322171,1,0.0001
.o322172,1,0.0001
.o322173,1,0.0001
.o322174,1,0.0001
.o322175,1,0.0001
.o322176,1,0.0001
.o322177,1,0.0001
.o322178,1,0.0001
.o322179,1,0.0001
.e321731,1,0.0001
.e321732,1,0.0001
.e321733,1,0.0001
.e321734,1,0.0001
.e321735,1,0.0001
.e321736,1,0.0001
.e321737,1,0.0001
.e321738,1,0.0001
.e321739,1,0.0001
.e321740,1,0.0001
.e321741,1,0.0001
.e321742,1,0.0001
.e321743,1,0.0001
.e321744,1,0.0001
.e321745,1,0.0001
.e321746,1,0.0001
.e321747,1,0.0001
.e321748,1,0.0001
.e321749,1,0.0001
.e321750,1,0.0001
.o321731,1,0.0001
.o321732,1,0.0001
.o321733,1,0.0001
.o321734,1,0.0001
.o321735,1,0.0001
.o321736,1,0.0001
.o321737,1,0.0001
.o321738,1,0.0001
.o321739,1,0.0001
.o321740,1,0.0001
.o321741,1,0.0001
.o321742,1,0.0001
.o321743,1,0.0001
.o321744,1,0.0001
.o321745,1,0.0001
.o321746,1,0.0001
.o321747,1,0.0001
.o321748,1,0.0001
.o321749,1,0.0001
.o321750,1,0.0001
.e321711,1,0.0001
.e321712,1,0.0001
.e321713,1,0.0001
.e321714,1,0.0001
.e321715,1,0.0001
.e321716,1,0.0001
.e321717,1,0.0001
.e321718,1,0.0001
.e321719,1,0.0001
.e321720,1,0.0001
.e321721,1,0.0001
.e321722,1,0.0001
.e321723,1,0.0001
.e321724,1,0.0001
.e321725,1,0.0001
.e321726,1,0.0001
.e321727,1,0.0001
.e321728,1,0.0001
.e321729,1,0.0001
.e321730,1,0.0001
.o321711,1,0.0001
.o321712,1,0.0001
.o321713,1,0.0001
.o321714,1,0.0001
.o321715,1,0.0001
.o321716,1,0.0001
.o321717,1,0.0001
.o321718,1,0.0001
.o321719,1,0.0001
.o321720,1,0.0001
.o321721,1,0.0001
.o321722,1,0.0001
.o321723,1,0.0001
.o321724,1,0.0001
.o321725,1,0.0001
.o321726,1,0.0001
.o321727,1,0.0001
.o321728,1,0.0001
.o321729,1,0.0001
.o321730,1,0.0001
.e321502,1,0.0001
.e321503,1,0.0001
.e321504,1,0.0001
.e321505,1,0.0001
.e321506,1,0.0001
.e321507,1,0.0001
.e321508,1,0.0001
.e321509,1,0.0001
.e321510,1,0.0001
.e321511,1,0.0001
.e326266,1,0.0001
.e326267,1,0.0001
.e326268,1,0.0001
.e326269,1,0.0001
.e326270,1,0.0001
.e326271,1,0.0001
.e326272,1,0.0001
.e326273,1,0.0001
.e326274,1,0.0001
.e326275,1,0.0001
.o321502,1,0.0001
.o321503,1,0.0001
.o321504,1,0.0001
.o321505,1,0.0001
.o321506,1,0.0001
.o321507,1,0.0001
.o321508,1,0.0001
.o321509,1,0.0001
.o321510,1,0.0001
.o321511,1,0.0001
.o326266,1,0.0001
.o326267,1,0.0001
.o326268,1,0.0001
.o326269,1,0.0001
.o326270,1,0.0001
.o326271,1,0.0001
.o326272,1,0.0001
.o326273,1,0.0001
.o326274,1,0.0001
.o326275,1,0.0001
.e321480,1,0.0001
.e321481,1,0.0001
.e321482,1,0.0001
.e321483,1,0.0001
.e321484,1,0.0001
.e321485,1,0.0001
.e321486,1,0.0001
.e321487,1,0.0001
.e321488,1,0.0001
.e321489,1,0.0001
.e321492,1,0.0001
.e321493,1,0.0001
.e321494,1,0.0001
.e321495,1,0.0001
.e321496,1,0.0001
.e321497,1,0.0001
.e321498,1,0.0001
.e321499,1,0.0001
.e321500,1,0.0001
.e321501,1,0.0001
.o321480,1,0.0001
.o321481,1,0.0001
.o321482,1,0.0001
.o321483,1,0.0001
.o321484,1,0.0001
.o321485,1,0.0001
.o321486,1,0.0001
.o321487,1,0.0001
.o321488,1,0.0001
.o321489,1,0.0001
.o321492,1,0.0001
.o321493,1,0.0001
.o321494,1,0.0001
.o321495,1,0.0001
.o321496,1,0.0001
.o321497,1,0.0001
.o321498,1,0.0001
.o321499,1,0.0001
.o321500,1,0.0001
.o321501,1,0.0001
.e321460,1,0.0001
.e321461,1,0.0001
.e321462,1,0.0001
.e321463,1,0.0001
.e321464,1,0.0001
.e321465,1,0.0001
.e321466,1,0.0001
.e321467,1,0.0001
.e321468,1,0.0001
.e321469,1,0.0001
.e321470,1,0.0001
.e321471,1,0.0001
.e321472,1,0.0001
.e321473,1,0.0001
.e321474,1,0.0001
.e321475,1,0.0001
.e321476,1,0.0001
.e321477,1,0.0001
.e321478,1,0.0001
.e321479,1,0.0001
.o321460,1,0.0001
.o321461,1,0.0001
.o321462,1,0.0001
.o321463,1,0.0001
.o321464,1,0.0001
.o321465,1,0.0001
.o321466,1,0.0001
.o321467,1,0.0001
.o321468,1,0.0001
.o321469,1,0.0001
.o321470,1,0.0001
.o321471,1,0.0001
.o321472,1,0.0001
.o321473,1,0.0001
.o321474,1,0.0001
.o321475,1,0.0001
.o321476,1,0.0001
.o321477,1,0.0001
.o321478,1,0.0001
.o321479,1,0.0001
.e323055,1,0.0001
.e323056,1,0.0001
.e323057,1,0.0001
.e323058,1,0.0001
.e323059,1,0.0001
.e323060,1,0.0001
.e323061,1,0.0001
.e323062,1,0.0001
.e323063,1,0.0001
.e323064,1,0.0001
.e323065,1,0.0001
.e323066,1,0.0001
.e323067,1,0.0001
.e323068,1,0.0001
.e323069,1,0.0001
.e323070,1,0.0001
.e323071,1,0.0001
.e323072,1,0.0001
.e323073,1,0.0001
.e323074,1,0.0001
.o323055,1,0.0001
.o323056,1,0.0001
.o323057,1,0.0001
.o323058,1,0.0001
.o323059,1,0.0001
.o323060,1,0.0001
.o323061,1,0.0001
.o323062,1,0.0001
.o323063,1,0.0001
.o323064,1,0.0001
.o323065,1,0.0001
.o323066,1,0.0001
.o323067,1,0.0001
.o323068,1,0.0001
.o323069,1,0.0001
.o323070,1,0.0001
.o323071,1,0.0001
.o323072,1,0.0001
.o323073,1,0.0001
.o323074,1,0.0001
.e323075,1,0.0001
.e323076,1,0.0001
.e323077,1,0.0001
.e323078,1,0.0001
.e323079,1,0.0001
.e323080,1,0.0001
.e323081,1,0.0001
.e323082,1,0.0001
.e323083,1,0.0001
.e323084,1,0.0001
.e323085,1,0.0001
.e323086,1,0.0001
.e323087,1,0.0001
.e323088,1,0.0001
.e323089,1,0.0001
.e323090,1,0.0001
.e323091,1,0.0001
.e323092,1,0.0001
.e323093,1,0.0001
.e323094,1,0.0001
.o323075,1,0.0001
.o323076,1,0.0001
.o323077,1,0.0001
.o323078,1,0.0001
.o323079,1,0.0001
.o323080,1,0.0001
.o323081,1,0.0001
.o323082,1,0.0001
.o323083,1,0.0001
.o323084,1,0.0001
.o323085,1,0.0001
.o323086,1,0.0001
.o323087,1,0.0001
.o323088,1,0.0001
.o323089,1,0.0001
.o323090,1,0.0001
.o323091,1,0.0001
.o323092,1,0.0001
.o323093,1,0.0001
.o323094,1,0.0001
.e323500,1,0.0001
.e323501,1,0.0001
.e323502,1,0.0001
.e323503,1,0.0001
.e323504,1,0.0001
.e323505,1,0.0001
.e323506,1,0.0001
.e323507,1,0.0001
.e323508,1,0.0001
.e323509,1,0.0001
.e323510,1,0.0001
.e323511,1,0.0001
.e323512,1,0.0001
.e323513,1,0.0001
.e323514,1,0.0001
.e323515,1,0.0001
.e323516,1,0.0001
.e323517,1,0.0001
.e323518,1,0.0001
.e323519,1,0.0001
.o323500,1,0.0001
.o323501,1,0.0001
.o323502,1,0.0001
.o323503,1,0.0001
.o323504,1,0.0001
.o323505,1,0.0001
.o323506,1,0.0001
.o323507,1,0.0001
.o323508,1,0.0001
.o323509,1,0.0001
.o323510,1,0.0001
.o323511,1,0.0001
.o323512,1,0.0001
.o323513,1,0.0001
.o323514,1,0.0001
.o323515,1,0.0001
.o323516,1,0.0001
.o323517,1,0.0001
.o323518,1,0.0001
.o323519,1,0.0001
.e323929,1,0.0001
.e323930,1,0.0001
.e323931,1,0.0001
.e323932,1,0.0001
.e323933,1,0.0001
.e323934,1,0.0001
.e323935,1,0.0001
.e323936,1,0.0001
.e323937,1,0.0001
.e323938,1,0.0001
.e323939,1,0.0001
.e323940,1,0.0001
.e323941,1,0.0001
.e323942,1,0.0001
.e323943,1,0.0001
.e323944,1,0.0001
.e323945,1,0.0001
.e323946,1,0.0001
.e323947,1,0.0001
.e323948,1,0.0001
.o323929,1,0.0001
.o323930,1,0.0001
.o323931,1,0.0001
.o323932,1,0.0001
.o323933,1,0.0001
.o323934,1,0.0001
.o323935,1,0.0001
.o323936,1,0.0001
.o323937,1,0.0001
.o323938,1,0.0001
.o323939,1,0.0001
.o323940,1,0.0001
.o323941,1,0.0001
.o323942,1,0.0001
.o323943,1,0.0001
.o323944,1,0.0001
.o323945,1,0.0001
.o323946,1,0.0001
.o323947,1,0.0001
.o323948,1,0.0001
.e323909,1,0.0001
.e323910,1,0.0001
.e323911,1,0.0001
.e323912,1,0.0001
.e323913,1,0.0001
.e323914,1,0.0001
.e323915,1,0.0001
.e323916,1,0.0001
.e323917,1,0.0001
.e323918,1,0.0001
.e323919,1,0.0001
.e323920,1,0.0001
.e323921,1,0.0001
.e323922,1,0.0001
.e323923,1,0.0001
.e323924,1,0.0001
.e323925,1,0.0001
.e323926,1,0.0001
.e323927,1,0.0001
.e323928,1,0.0001
.o323909,1,0.0001
.o323910,1,0.0001
.o323911,1,0.0001
.o323912,1,0.0001
.o323913,1,0.0001
.o323914,1,0.0001
.o323915,1,0.0001
.o323916,1,0.0001
.o323917,1,0.0001
.o323918,1,0.0001
.o323919,1,0.0001
.o323920,1,0.0001
.o323921,1,0.0001
.o323922,1,0.0001
.o323923,1,0.0001
.o323924,1,0.0001
.o323925,1,0.0001
.o323926,1,0.0001
.o323927,1,0.0001
.o323928,1,0.0001
.e322604,1,0.0001
.e322605,1,0.0001
.e322606,1,0.0001
.e322607,1,0.0001
.e322608,1,0.0001
.e322609,1,0.0001
.e322610,1,0.0001
.e322611,1,0.0001
.e322612,1,0.0001
.e322613,1,0.0001
.e322614,1,0.0001
.e322615,1,0.0001
.e322616,1,0.0001
.e322617,1,0.0001
.e322618,1,0.0001
.e322619,1,0.0001
.e322620,1,0.0001
.e322621,1,0.0001
.e322622,1,0.0001
.e322623,1,0.0001
.o322604,1,0.0001
.o322605,1,0.0001
.o322606,1,0.0001
.o322607,1,0.0001
.o322608,1,0.0001
.o322609,1,0.0001
.o322610,1,0.0001
.o322611,1,0.0001
.o322612,1,0.0001
.o322613,1,0.0001
.o322614,1,0.0001
.o322615,1,0.0001
.o322616,1,0.0001
.o322617,1,0.0001
.o322618,1,0.0001
.o322619,1,0.0001
.o322620,1,0.0001
.o322621,1,0.0001
.o322622,1,0.0001
.o322623,1,0.0001
.e322653,1,0.0001
.o322653,1,0.0001
.e322624,1,0.0001
.e322625,1,0.0001
.e322626,1,0.0001
.e322627,1,0.0001
.e322628,1,0.0001
.e322629,1,0.0001
.e322630,1,0.0001
.e322631,1,0.0001
.e322632,1,0.0001
.e322633,1,0.0001
.e322645,1,0.0001
.e322646,1,0.0001
.e322647,1,0.0001
.e322649,1,0.0001
.e322650,1,0.0001
.e322651,1,0.0001
.e322652,1,0.0001
.e322654,1,0.0001
.e322655,1,0.0001
.o322624,1,0.0001
.o322625,1,0.0001
.o322626,1,0.0001
.o322627,1,0.0001
.o322628,1,0.0001
.o322629,1,0.0001
.o322630,1,0.0001
.o322631,1,0.0001
.o322632,1,0.0001
.o322633,1,0.0001
.o322645,1,0.0001
.o322646,1,0.0001
.o322647,1,0.0001
.o322649,1,0.0001
.o322650,1,0.0001
.o322651,1,0.0001
.o322652,1,0.0001
.o322654,1,0.0001
.o322655,1,0.0001
.e322582,1,0.0001
.e322583,1,0.0001
.e322584,1,0.0001
.e322585,1,0.0001
.e322586,1,0.0001
.e322587,1,0.0001
.e322588,1,0.0001
.e322589,1,0.0001
.e322590,1,0.0001
.e322591,1,0.0001
.e322592,1,0.0001
.e322593,1,0.0001
.e322594,1,0.0001
.e322595,1,0.0001
.e322596,1,0.0001
.e322597,1,0.0001
.e322598,1,0.0001
.e322599,1,0.0001
.e322600,1,0.0001
.e322601,1,0.0001
.o322582,1,0.0001
.o322583,1,0.0001
.o322584,1,0.0001
.o322585,1,0.0001
.o322586,1,0.0001
.o322587,1,0.0001
.o322588,1,0.0001
.o322589,1,0.0001
.o322590,1,0.0001
.o322591,1,0.0001
.o322592,1,0.0001
.o322593,1,0.0001
.o322594,1,0.0001
.o322595,1,0.0001
.o322596,1,0.0001
.o322597,1,0.0001
.o322598,1,0.0001
.o322599,1,0.0001
.o322600,1,0.0001
.o322601,1,0.0001
.e323054,1,0.0001
.o323054,1,0.0001
.e321400,1,0.0001
.e321401,1,0.0001
.e321402,1,0.0001
.e321403,1,0.0001
.e321404,1,0.0001
.e321405,1,0.0001
.e321406,1,0.0001
.e321407,1,0.0001
.e321408,1,0.0001
.e321409,1,0.0001
.e321410,1,0.0001
.e321411,1,0.0001
.e321412,1,0.0001
.e321413,1,0.0001
.e321414,1,0.0001
.e321415,1,0.0001
.e321416,1,0.0001
.e321417,1,0.0001
.e321418,1,0.0001
.e321419,1,0.0001
.o321400,1,0.0001
.o321401,1,0.0001
.o321402,1,0.0001
.o321403,1,0.0001
.o321404,1,0.0001
.o321405,1,0.0001
.o321406,1,0.0001
.o321407,1,0.0001
.o321408,1,0.0001
.o321409,1,0.0001
.o321410,1,0.0001
.o321411,1,0.0001
.o321412,1,0.0001
.o321413,1,0.0001
.o321414,1,0.0001
.o321415,1,0.0001
.o321416,1,0.0001
.o321417,1,0.0001
.o321418,1,0.0001
.o321419,1,0.0001
.e321420,1,0.0001
.e321421,1,0.0001
.e321422,1,0.0001
.e321423,1,0.0001
.e321424,1,0.0001
.e321425,1,0.0001
.e321426,1,0.0001
.e321427,1,0.0001
.e321428,1,0.0001
.e321429,1,0.0001
.e321430,1,0.0001
.e321431,1,0.0001
.e321432,1,0.0001
.e321433,1,0.0001
.e321434,1,0.0001
.e321435,1,0.0001
.e321436,1,0.0001
.e321437,1,0.0001
.e321438,1,0.0001
.e321439,1,0.0001
.o321420,1,0.0001
.o321421,1,0.0001
.o321422,1,0.0001
.o321423,1,0.0001
.o321424,1,0.0001
.o321425,1,0.0001
.o321426,1,0.0001
.o321427,1,0.0001
.o321428,1,0.0001
.o321429,1,0.0001
.o321430,1,0.0001
.o321431,1,0.0001
.o321432,1,0.0001
.o321433,1,0.0001
.o321434,1,0.0001
.o321435,1,0.0001
.o321436,1,0.0001
.o321437,1,0.0001
.o321438,1,0.0001
.o321439,1,0.0001
.e321440,1,0.0001
.e321441,1,0.0001
.e321442,1,0.0001
.e321443,1,0.0001
.e321444,1,0.0001
.e321445,1,0.0001
.e321446,1,0.0001
.e321447,1,0.0001
.e321448,1,0.0001
.e321449,1,0.0001
.e321450,1,0.0001
.e321451,1,0.0001
.e321452,1,0.0001
.e321453,1,0.0001
.e321454,1,0.0001
.e321455,1,0.0001
.e321456,1,0.0001
.e321457,1,0.0001
.e321458,1,0.0001
.e321459,1,0.0001
.o321440,1,0.0001
.o321441,1,0.0001
.o321442,1,0.0001
.o321443,1,0.0001
.o321444,1,0.0001
.o321445,1,0.0001
.o321446,1,0.0001
.o321447,1,0.0001
.o321448,1,0.0001
.o321449,1,0.0001
.o321450,1,0.0001
.o321451,1,0.0001
.o321452,1,0.0001
.o321453,1,0.0001
.o321454,1,0.0001
.o321455,1,0.0001
.o321456,1,0.0001
.o321457,1,0.0001
.o321458,1,0.0001
.o321459,1,0.0001
.e322719,1,0.0001
.e322720,1,0.0001
.e322721,1,0.0001
.e322722,1,0.0001
.e322723,1,0.0001
.e322724,1,0.0001
.e322725,1,0.0001
.e322726,1,0.0001
.e322727,1,0.0001
.e322728,1,0.0001
.e322729,1,0.0001
.e322730,1,0.0001
.e322731,1,0.0001
.e322732,1,0.0001
.e322733,1,0.0001
.e322734,1,0.0001
.e322735,1,0.0001
.e322736,1,0.0001
.e322737,1,0.0001
.e322738,1,0.0001
.o322719,1,0.0001
.o322720,1,0.0001
.o322721,1,0.0001
.o322722,1,0.0001
.o322723,1,0.0001
.o322724,1,0.0001
.o322725,1,0.0001
.o322726,1,0.0001
.o322727,1,0.0001
.o322728,1,0.0001
.o322729,1,0.0001
.o322730,1,0.0001
.o322731,1,0.0001
.o322732,1,0.0001
.o322733,1,0.0001
.o322734,1,0.0001
.o322735,1,0.0001
.o322736,1,0.0001
.o322737,1,0.0001
.o322738,1,0.0001
.e322699,1,0.0001
.e322700,1,0.0001
.e322701,1,0.0001
.e322702,1,0.0001
.e322703,1,0.0001
.e322704,1,0.0001
.e322705,1,0.0001
.e322706,1,0.0001
.e322707,1,0.0001
.e322708,1,0.0001
.e322709,1,0.0001
.e322710,1,0.0001
.e322711,1,0.0001
.e322712,1,0.0001
.e322713,1,0.0001
.e322714,1,0.0001
.e322715,1,0.0001
.e322716,1,0.0001
.e322717,1,0.0001
.e322718,1,0.0001
.o322699,1,0.0001
.o322700,1,0.0001
.o322701,1,0.0001
.o322702,1,0.0001
.o322703,1,0.0001
.o322704,1,0.0001
.o322705,1,0.0001
.o322706,1,0.0001
.o322707,1,0.0001
.o322708,1,0.0001
.o322709,1,0.0001
.o322710,1,0.0001
.o322711,1,0.0001
.o322712,1,0.0001
.o322713,1,0.0001
.o322714,1,0.0001
.o322715,1,0.0001
.o322716,1,0.0001
.o322717,1,0.0001
.o322718,1,0.0001
.e326594,1,0.0001
.e326595,1,0.0001
.e326596,1,0.0001
.e326597,1,0.0001
.e326598,1,0.0001
.e326599,1,0.0001
.e326600,1,0.0001
.e326601,1,0.0001
.e326602,1,0.0001
.e326603,1,0.0001
.e326604,1,0.0001
.e326605,1,0.0001
.e326606,1,0.0001
.e326607,1,0.0001
.e326608,1,0.0001
.e326609,1,0.0001
.e326610,1,0.0001
.e326611,1,0.0001
.e326612,1,0.0001
.e326613,1,0.0001
.o326594,1,0.0001
.o326595,1,0.0001
.o326596,1,0.0001
.o326597,1,0.0001
.o326598,1,0.0001
.o326599,1,0.0001
.o326600,1,0.0001
.o326601,1,0.0001
.o326602,1,0.0001
.o326603,1,0.0001
.o326604,1,0.0001
.o326605,1,0.0001
.o326606,1,0.0001
.o326607,1,0.0001
.o326608,1,0.0001
.o326609,1,0.0001
.o326610,1,0.0001
.o326611,1,0.0001
.o326612,1,0.0001
.o326613,1,0.0001
.e322697,1,0.0001
.o322697,1,0.0001
.e323114,1,0.0001
.e323115,1,0.0001
.e323116,1,0.0001
.e323117,1,0.0001
.e323118,1,0.0001
.e323119,1,0.0001
.e323120,1,0.0001
.e323121,1,0.0001
.e323122,1,0.0001
.e323123,1,0.0001
.e323124,1,0.0001
.e323125,1,0.0001
.e323126,1,0.0001
.e323127,1,0.0001
.e323128,1,0.0001
.e323129,1,0.0001
.e323130,1,0.0001
.e323131,1,0.0001
.e323132,1,0.0001
.e323133,1,0.0001
.o323114,1,0.0001
.o323115,1,0.0001
.o323116,1,0.0001
.o323117,1,0.0001
.o323118,1,0.0001
.o323119,1,0.0001
.o323120,1,0.0001
.o323121,1,0.0001
.o323122,1,0.0001
.o323123,1,0.0001
.o323124,1,0.0001
.o323125,1,0.0001
.o323126,1,0.0001
.o323127,1,0.0001
.o323128,1,0.0001
.o323129,1,0.0001
.o323130,1,0.0001
.o323131,1,0.0001
.o323132,1,0.0001
.o323133,1,0.0001
.e323136,1,0.0001
.e323137,1,0.0001
.e323138,1,0.0001
.e323139,1,0.0001
.e323140,1,0.0001
.e323141,1,0.0001
.e323142,1,0.0001
.e323143,1,0.0001
.e323144,1,0.0001
.e323145,1,0.0001
.e323146,1,0.0001
.e323147,1,0.0001
.e323148,1,0.0001
.e323149,1,0.0001
.e323150,1,0.0001
.e323151,1,0.0001
.e323152,1,0.0001
.e323153,1,0.0001
.e323154,1,0.0001
.e323155,1,0.0001
.o323136,1,0.0001
.o323137,1,0.0001
.o323138,1,0.0001
.o323139,1,0.0001
.o323140,1,0.0001
.o323141,1,0.0001
.o323142,1,0.0001
.o323143,1,0.0001
.o323144,1,0.0001
.o323145,1,0.0001
.o323146,1,0.0001
.o323147,1,0.0001
.o323148,1,0.0001
.o323149,1,0.0001
.o323150,1,0.0001
.o323151,1,0.0001
.o323152,1,0.0001
.o323153,1,0.0001
.o323154,1,0.0001
.o323155,1,0.0001
.e323157,1,0.0001
.e323158,1,0.0001
.e323159,1,0.0001
.e323160,1,0.0001
.e323161,1,0.0001
.e323162,1,0.0001
.e323163,1,0.0001
.e323164,1,0.0001
.e323165,1,0.0001
.e323166,1,0.0001
.e323167,1,0.0001
.e323168,1,0.0001
.e323169,1,0.0001
.e323170,1,0.0001
.e323171,1,0.0001
.e323172,1,0.0001
.e323173,1,0.0001
.e323174,1,0.0001
.e323175,1,0.0001
.e323176,1,0.0001
.o323157,1,0.0001
.o323158,1,0.0001
.o323159,1,0.0001
.o323160,1,0.0001
.o323161,1,0.0001
.o323162,1,0.0001
.o323163,1,0.0001
.o323164,1,0.0001
.o323165,1,0.0001
.o323166,1,0.0001
.o323167,1,0.0001
.o323168,1,0.0001
.o323169,1,0.0001
.o323170,1,0.0001
.o323171,1,0.0001
.o323172,1,0.0001
.o323173,1,0.0001
.o323174,1,0.0001
.o323175,1,0.0001
.o323176,1,0.0001
.e323737,1,0.0001
.e323738,1,0.0001
.e323739,1,0.0001
.e323740,1,0.0001
.e323741,1,0.0001
.e323742,1,0.0001
.e323743,1,0.0001
.e323744,1,0.0001
.e323745,1,0.0001
.e323746,1,0.0001
.e323747,1,0.0001
.e323748,1,0.0001
.e323749,1,0.0001
.e323750,1,0.0001
.e323751,1,0.0001
.e323752,1,0.0001
.e323753,1,0.0001
.e323754,1,0.0001
.e323755,1,0.0001
.e323756,1,0.0001
.o323737,1,0.0001
.o323738,1,0.0001
.o323739,1,0.0001
.o323740,1,0.0001
.o323741,1,0.0001
.o323742,1,0.0001
.o323743,1,0.0001
.o323744,1,0.0001
.o323745,1,0.0001
.o323746,1,0.0001
.o323747,1,0.0001
.o323748,1,0.0001
.o323749,1,0.0001
.o323750,1,0.0001
.o323751,1,0.0001
.o323752,1,0.0001
.o323753,1,0.0001
.o323754,1,0.0001
.o323755,1,0.0001
.o323756,1,0.0001
.e323757,1,0.0001
.e323758,1,0.0001
.e323759,1,0.0001
.e323760,1,0.0001
.e323761,1,0.0001
.e323762,1,0.0001
.e323763,1,0.0001
.e323764,1,0.0001
.e323765,1,0.0001
.e323766,1,0.0001
.e323767,1,0.0001
.e323768,1,0.0001
.e323769,1,0.0001
.e323770,1,0.0001
.e323771,1,0.0001
.e323772,1,0.0001
.e323773,1,0.0001
.e323774,1,0.0001
.e323775,1,0.0001
.e323776,1,0.0001
.o323757,1,0.0001
.o323758,1,0.0001
.o323759,1,0.0001
.o323760,1,0.0001
.o323761,1,0.0001
.o323762,1,0.0001
.o323763,1,0.0001
.o323764,1,0.0001
.o323765,1,0.0001
.o323766,1,0.0001
.o323767,1,0.0001
.o323768,1,0.0001
.o323769,1,0.0001
.o323770,1,0.0001
.o323771,1,0.0001
.o323772,1,0.0001
.o323773,1,0.0001
.o323774,1,0.0001
.o323775,1,0.0001
.o323776,1,0.0001
.e323777,1,0.0001
.e323778,1,0.0001
.e323779,1,0.0001
.e323780,1,0.0001
.e323781,1,0.0001
.e323782,1,0.0001
.e323783,1,0.0001
.e323784,1,0.0001
.e323785,1,0.0001
.e323786,1,0.0001
.e323787,1,0.0001
.e323788,1,0.0001
.e323789,1,0.0001
.e323790,1,0.0001
.e323791,1,0.0001
.e323792,1,0.0001
.e323793,1,0.0001
.e323794,1,0.0001
.e323795,1,0.0001
.e323796,1,0.0001
.o323777,1,0.0001
.o323778,1,0.0001
.o323779,1,0.0001
.o323780,1,0.0001
.o323781,1,0.0001
.o323782,1,0.0001
.o323783,1,0.0001
.o323784,1,0.0001
.o323785,1,0.0001
.o323786,1,0.0001
.o323787,1,0.0001
.o323788,1,0.0001
.o323789,1,0.0001
.o323790,1,0.0001
.o323791,1,0.0001
.o323792,1,0.0001
.o323793,1,0.0001
.o323794,1,0.0001
.o323795,1,0.0001
.o323796,1,0.0001
.e321562,1,0.0001
.e321563,1,0.0001
.e321564,1,0.0001
.e321565,1,0.0001
.e321566,1,0.0001
.e321567,1,0.0001
.e321568,1,0.0001
.e321569,1,0.0001
.e321570,1,0.0001
.e321571,1,0.0001
.e321572,1,0.0001
.e321573,1,0.0001
.e321574,1,0.0001
.e321575,1,0.0001
.e321576,1,0.0001
.e321577,1,0.0001
.e321578,1,0.0001
.e321579,1,0.0001
.e321580,1,0.0001
.e321581,1,0.0001
.o321562,1,0.0001
.o321563,1,0.0001
.o321564,1,0.0001
.o321565,1,0.0001
.o321566,1,0.0001
.o321567,1,0.0001
.o321568,1,0.0001
.o321569,1,0.0001
.o321570,1,0.0001
.o321571,1,0.0001
.o321572,1,0.0001
.o321573,1,0.0001
.o321574,1,0.0001
.o321575,1,0.0001
.o321576,1,0.0001
.o321577,1,0.0001
.o321578,1,0.0001
.o321579,1,0.0001
.o321580,1,0.0001
.o321581,1,0.0001
.e321542,1,0.0001
.e321543,1,0.0001
.e321544,1,0.0001
.e321545,1,0.0001
.e321546,1,0.0001
.e321547,1,0.0001
.e321548,1,0.0001
.e321549,1,0.0001
.e321550,1,0.0001
.e321551,1,0.0001
.e321552,1,0.0001
.e321553,1,0.0001
.e321554,1,0.0001
.e321555,1,0.0001
.e321556,1,0.0001
.e321557,1,0.0001
.e321558,1,0.0001
.e321559,1,0.0001
.e321560,1,0.0001
.e321561,1,0.0001
.o321542,1,0.0001
.o321543,1,0.0001
.o321544,1,0.0001
.o321545,1,0.0001
.o321546,1,0.0001
.o321547,1,0.0001
.o321548,1,0.0001
.o321549,1,0.0001
.o321550,1,0.0001
.o321551,1,0.0001
.o321552,1,0.0001
.o321553,1,0.0001
.o321554,1,0.0001
.o321555,1,0.0001
.o321556,1,0.0001
.o321557,1,0.0001
.o321558,1,0.0001
.o321559,1,0.0001
.o321560,1,0.0001
.o321561,1,0.0001
.e321522,1,0.0001
.e321523,1,0.0001
.e321524,1,0.0001
.e321525,1,0.0001
.e321526,1,0.0001
.e321527,1,0.0001
.e321528,1,0.0001
.e321529,1,0.0001
.e321530,1,0.0001
.e321531,1,0.0001
.e321532,1,0.0001
.e321533,1,0.0001
.e321534,1,0.0001
.e321535,1,0.0001
.e321536,1,0.0001
.e321537,1,0.0001
.e321538,1,0.0001
.e321539,1,0.0001
.e321540,1,0.0001
.e321541,1,0.0001
.o321522,1,0.0001
.o321523,1,0.0001
.o321524,1,0.0001
.o321525,1,0.0001
.o321526,1,0.0001
.o321527,1,0.0001
.o321528,1,0.0001
.o321529,1,0.0001
.o321530,1,0.0001
.o321531,1,0.0001
.o321532,1,0.0001
.o321533,1,0.0001
.o321534,1,0.0001
.o321535,1,0.0001
.o321536,1,0.0001
.o321537,1,0.0001
.o321538,1,0.0001
.o321539,1,0.0001
.o321540,1,0.0001
.o321541,1,0.0001
.e321207,1,0.0001
.e321208,1,0.0001
.e321209,1,0.0001
.e321210,1,0.0001
.e321211,1,0.0001
.e321212,1,0.0001
.e321213,1,0.0001
.e321214,1,0.0001
.e321215,1,0.0001
.e321216,1,0.0001
.e321217,1,0.0001
.e321218,1,0.0001
.e321219,1,0.0001
.e321220,1,0.0001
.e321221,1,0.0001
.e321222,1,0.0001
.e321223,1,0.0001
.e321224,1,0.0001
.e321225,1,0.0001
.e321226,1,0.0001
.o321207,1,0.0001
.o321208,1,0.0001
.o321209,1,0.0001
.o321210,1,0.0001
.o321211,1,0.0001
.o321212,1,0.0001
.o321213,1,0.0001
.o321214,1,0.0001
.o321215,1,0.0001
.o321216,1,0.0001
.o321217,1,0.0001
.o321218,1,0.0001
.o321219,1,0.0001
.o321220,1,0.0001
.o321221,1,0.0001
.o321222,1,0.0001
.o321223,1,0.0001
.o321224,1,0.0001
.o321225,1,0.0001
.o321226,1,0.0001
.e321187,1,0.0001
.e321188,1,0.0001
.e321189,1,0.0001
.e321190,1,0.0001
.e321191,1,0.0001
.e321192,1,0.0001
.e321193,1,0.0001
.e321194,1,0.0001
.e321195,1,0.0001
.e321196,1,0.0001
.e321197,1,0.0001
.e321198,1,0.0001
.e321199,1,0.0001
.e321200,1,0.0001
.e321201,1,0.0001
.e321202,1,0.0001
.e321203,1,0.0001
.e321204,1,0.0001
.e321205,1,0.0001
.e321206,1,0.0001
.o321187,1,0.0001
.o321188,1,0.0001
.o321189,1,0.0001
.o321190,1,0.0001
.o321191,1,0.0001
.o321192,1,0.0001
.o321193,1,0.0001
.o321194,1,0.0001
.o321195,1,0.0001
.o321196,1,0.0001
.o321197,1,0.0001
.o321198,1,0.0001
.o321199,1,0.0001
.o321200,1,0.0001
.o321201,1,0.0001
.o321202,1,0.0001
.o321203,1,0.0001
.o321204,1,0.0001
.o321205,1,0.0001
.o321206,1,0.0001
.e321167,1,0.0001
.e321168,1,0.0001
.e321169,1,0.0001
.e321170,1,0.0001
.e321171,1,0.0001
.e321172,1,0.0001
.e321173,1,0.0001
.e321174,1,0.0001
.e321175,1,0.0001
.e321176,1,0.0001
.e321177,1,0.0001
.e321178,1,0.0001
.e321179,1,0.0001
.e321180,1,0.0001
.e321181,1,0.0001
.e321182,1,0.0001
.e321183,1,0.0001
.e321184,1,0.0001
.e321185,1,0.0001
.e321186,1,0.0001
.o321167,1,0.0001
.o321168,1,0.0001
.o321169,1,0.0001
.o321170,1,0.0001
.o321171,1,0.0001
.o321172,1,0.0001
.o321173,1,0.0001
.o321174,1,0.0001
.o321175,1,0.0001
.o321176,1,0.0001
.o321177,1,0.0001
.o321178,1,0.0001
.o321179,1,0.0001
.o321180,1,0.0001
.o321181,1,0.0001
.o321182,1,0.0001
.o321183,1,0.0001
.o321184,1,0.0001
.o321185,1,0.0001
.o321186,1,0.0001
.e321150,1,0.0001
.o321150,1,0.0001
.e322839,1,0.0001
.e322840,1,0.0001
.e322841,1,0.0001
.e322842,1,0.0001
.e322843,1,0.0001
.e322844,1,0.0001
.e322845,1,0.0001
.e322846,1,0.0001
.e322847,1,0.0001
.e322848,1,0.0001
.e322849,1,0.0001
.e322850,1,0.0001
.e322851,1,0.0001
.e322852,1,0.0001
.e322853,1,0.0001
.e322854,1,0.0001
.e322855,1,0.0001
.e322856,1,0.0001
.e322857,1,0.0001
.e322858,1,0.0001
.o322839,1,0.0001
.o322840,1,0.0001
.o322841,1,0.0001
.o322842,1,0.0001
.o322843,1,0.0001
.o322844,1,0.0001
.o322845,1,0.0001
.o322846,1,0.0001
.o322847,1,0.0001
.o322848,1,0.0001
.o322849,1,0.0001
.o322850,1,0.0001
.o322851,1,0.0001
.o322852,1,0.0001
.o322853,1,0.0001
.o322854,1,0.0001
.o322855,1,0.0001
.o322856,1,0.0001
.o322857,1,0.0001
.o322858,1,0.0001
.e322819,1,0.0001
.e322820,1,0.0001
.e322821,1,0.0001
.e322822,1,0.0001
.e322823,1,0.0001
.e322824,1,0.0001
.e322825,1,0.0001
.e322826,1,0.0001
.e322827,1,0.0001
.e322828,1,0.0001
.e322829,1,0.0001
.e322830,1,0.0001
.e322831,1,0.0001
.e322832,1,0.0001
.e322833,1,0.0001
.e322834,1,0.0001
.e322835,1,0.0001
.e322836,1,0.0001
.e322837,1,0.0001
.e322838,1,0.0001
.o322819,1,0.0001
.o322820,1,0.0001
.o322821,1,0.0001
.o322822,1,0.0001
.o322823,1,0.0001
.o322824,1,0.0001
.o322825,1,0.0001
.o322826,1,0.0001
.o322827,1,0.0001
.o322828,1,0.0001
.o322829,1,0.0001
.o322830,1,0.0001
.o322831,1,0.0001
.o322832,1,0.0001
.o322833,1,0.0001
.o322834,1,0.0001
.o322835,1,0.0001
.o322836,1,0.0001
.o322837,1,0.0001
.o322838,1,0.0001
.e322799,1,0.0001
.e322800,1,0.0001
.e322801,1,0.0001
.e322802,1,0.0001
.e322803,1,0.0001
.e322804,1,0.0001
.e322805,1,0.0001
.e322806,1,0.0001
.e322807,1,0.0001
.e322808,1,0.0001
.e322809,1,0.0001
.e322810,1,0.0001
.e322811,1,0.0001
.e322812,1,0.0001
.e322813,1,0.0001
.e322814,1,0.0001
.e322815,1,0.0001
.e322816,1,0.0001
.e322817,1,0.0001
.e322818,1,0.0001
.o322799,1,0.0001
.o322800,1,0.0001
.o322801,1,0.0001
.o322802,1,0.0001
.o322803,1,0.0001
.o322804,1,0.0001
.o322805,1,0.0001
.o322806,1,0.0001
.o322807,1,0.0001
.o322808,1,0.0001
.o322809,1,0.0001
.o322810,1,0.0001
.o322811,1,0.0001
.o322812,1,0.0001
.o322813,1,0.0001
.o322814,1,0.0001
.o322815,1,0.0001
.o322816,1,0.0001
.o322817,1,0.0001
.o322818,1,0.0001
.e322739,1,0.0001
.e322740,1,0.0001
.e322741,1,0.0001
.e322742,1,0.0001
.e322743,1,0.0001
.e322744,1,0.0001
.e322745,1,0.0001
.e322746,1,0.0001
.e322747,1,0.0001
.e322748,1,0.0001
.e322749,1,0.0001
.e322750,1,0.0001
.e322751,1,0.0001
.e322752,1,0.0001
.e322753,1,0.0001
.e322754,1,0.0001
.e322755,1,0.0001
.e322756,1,0.0001
.e322757,1,0.0001
.e322758,1,0.0001
.o322739,1,0.0001
.o322740,1,0.0001
.o322741,1,0.0001
.o322742,1,0.0001
.o322743,1,0.0001
.o322744,1,0.0001
.o322745,1,0.0001
.o322746,1,0.0001
.o322747,1,0.0001
.o322748,1,0.0001
.o322749,1,0.0001
.o322750,1,0.0001
.o322751,1,0.0001
.o322752,1,0.0001
.o322753,1,0.0001
.o322754,1,0.0001
.o322755,1,0.0001
.o322756,1,0.0001
.o322757,1,0.0001
.o322758,1,0.0001
.e322759,1,0.0001
.e322760,1,0.0001
.e322761,1,0.0001
.e322762,1,0.0001
.e322763,1,0.0001
.e322764,1,0.0001
.e322765,1,0.0001
.e322766,1,0.0001
.e322767,1,0.0001
.e322768,1,0.0001
.e322769,1,0.0001
.e322770,1,0.0001
.e322771,1,0.0001
.e322772,1,0.0001
.e322773,1,0.0001
.e322774,1,0.0001
.e322775,1,0.0001
.e322776,1,0.0001
.e322777,1,0.0001
.e322778,1,0.0001
.o322759,1,0.0001
.o322760,1,0.0001
.o322761,1,0.0001
.o322762,1,0.0001
.o322763,1,0.0001
.o322764,1,0.0001
.o322765,1,0.0001
.o322766,1,0.0001
.o322767,1,0.0001
.o322768,1,0.0001
.o322769,1,0.0001
.o322770,1,0.0001
.o322771,1,0.0001
.o322772,1,0.0001
.o322773,1,0.0001
.o322774,1,0.0001
.o322775,1,0.0001
.o322776,1,0.0001
.o322777,1,0.0001
.o322778,1,0.0001
.e322779,1,0.0001
.e322780,1,0.0001
.e322781,1,0.0001
.e322782,1,0.0001
.e322783,1,0.0001
.e322784,1,0.0001
.e322785,1,0.0001
.e322786,1,0.0001
.e322787,1,0.0001
.e322788,1,0.0001
.e322789,1,0.0001
.e322790,1,0.0001
.e322791,1,0.0001
.e322792,1,0.0001
.e322793,1,0.0001
.e322794,1,0.0001
.e322795,1,0.0001
.e322796,1,0.0001
.e322797,1,0.0001
.e322798,1,0.0001
.o322779,1,0.0001
.o322780,1,0.0001
.o322781,1,0.0001
.o322782,1,0.0001
.o322783,1,0.0001
.o322784,1,0.0001
.o322785,1,0.0001
.o322786,1,0.0001
.o322787,1,0.0001
.o322788,1,0.0001
.o322789,1,0.0001
.o322790,1,0.0001
.o322791,1,0.0001
.o322792,1,0.0001
.o322793,1,0.0001
.o322794,1,0.0001
.o322795,1,0.0001
.o322796,1,0.0001
.o322797,1,0.0001
.o322798,1,0.0001
.e323320,1,0.0001
.e323321,1,0.0001
.e323322,1,0.0001
.e323323,1,0.0001
.e323324,1,0.0001
.e323325,1,0.0001
.e323326,1,0.0001
.e323327,1,0.0001
.e323328,1,0.0001
.e323329,1,0.0001
.e323330,1,0.0001
.e323331,1,0.0001
.e323332,1,0.0001
.e323333,1,0.0001
.e323334,1,0.0001
.e323335,1,0.0001
.e323336,1,0.0001
.e323337,1,0.0001
.e323338,1,0.0001
.e323339,1,0.0001
.o323320,1,0.0001
.o323321,1,0.0001
.o323322,1,0.0001
.o323323,1,0.0001
.o323324,1,0.0001
.o323325,1,0.0001
.o323326,1,0.0001
.o323327,1,0.0001
.o323328,1,0.0001
.o323329,1,0.0001
.o323330,1,0.0001
.o323331,1,0.0001
.o323332,1,0.0001
.o323333,1,0.0001
.o323334,1,0.0001
.o323335,1,0.0001
.o323336,1,0.0001
.o323337,1,0.0001
.o323338,1,0.0001
.o323339,1,0.0001
.e323200,1,0.0001
.e323201,1,0.0001
.e323202,1,0.0001
.e323203,1,0.0001
.e323204,1,0.0001
.e323205,1,0.0001
.e323206,1,0.0001
.e323207,1,0.0001
.e323208,1,0.0001
.e323209,1,0.0001
.e323210,1,0.0001
.e323212,1,0.0001
.e323213,1,0.0001
.e323214,1,0.0001
.e323215,1,0.0001
.e323216,1,0.0001
.e323217,1,0.0001
.e323218,1,0.0001
.e323219,1,0.0001
.e323220,1,0.0001
.o323200,1,0.0001
.o323201,1,0.0001
.o323202,1,0.0001
.o323203,1,0.0001
.o323204,1,0.0001
.o323205,1,0.0001
.o323206,1,0.0001
.o323207,1,0.0001
.o323208,1,0.0001
.o323209,1,0.0001
.o323210,1,0.0001
.o323212,1,0.0001
.o323213,1,0.0001
.o323214,1,0.0001
.o323215,1,0.0001
.o323216,1,0.0001
.o323217,1,0.0001
.o323218,1,0.0001
.o323219,1,0.0001
.o323220,1,0.0001
.e323178,1,0.0001
.e323179,1,0.0001
.e323180,1,0.0001
.e323181,1,0.0001
.e323182,1,0.0001
.e323183,1,0.0001
.e323184,1,0.0001
.e323185,1,0.0001
.e323186,1,0.0001
.e323187,1,0.0001
.e323188,1,0.0001
.e323189,1,0.0001
.e323190,1,0.0001
.e323191,1,0.0001
.e323192,1,0.0001
.e323193,1,0.0001
.e323194,1,0.0001
.e323195,1,0.0001
.e323196,1,0.0001
.e323197,1,0.0001
.o323178,1,0.0001
.o323179,1,0.0001
.o323180,1,0.0001
.o323181,1,0.0001
.o323182,1,0.0001
.o323183,1,0.0001
.o323184,1,0.0001
.o323185,1,0.0001
.o323186,1,0.0001
.o323187,1,0.0001
.o323188,1,0.0001
.o323189,1,0.0001
.o323190,1,0.0001
.o323191,1,0.0001
.o323192,1,0.0001
.o323193,1,0.0001
.o323194,1,0.0001
.o323195,1,0.0001
.o323196,1,0.0001
.o323197,1,0.0001
.e323797,1,0.0001
.e323798,1,0.0001
.e323799,1,0.0001
.e323800,1,0.0001
.e323801,1,0.0001
.e323802,1,0.0001
.e323803,1,0.0001
.e323804,1,0.0001
.e323805,1,0.0001
.e323806,1,0.0001
.e323807,1,0.0001
.e323808,1,0.0001
.e323809,1,0.0001
.e323810,1,0.0001
.e323811,1,0.0001
.e323812,1,0.0001
.e323813,1,0.0001
.e323814,1,0.0001
.e323815,1,0.0001
.e323816,1,0.0001
.o323797,1,0.0001
.o323798,1,0.0001
.o323799,1,0.0001
.o323800,1,0.0001
.o323801,1,0.0001
.o323802,1,0.0001
.o323803,1,0.0001
.o323804,1,0.0001
.o323805,1,0.0001
.o323806,1,0.0001
.o323807,1,0.0001
.o323808,1,0.0001
.o323809,1,0.0001
.o323810,1,0.0001
.o323811,1,0.0001
.o323812,1,0.0001
.o323813,1,0.0001
.o323814,1,0.0001
.o323815,1,0.0001
.o323816,1,0.0001
.e323817,1,0.0001
.e323818,1,0.0001
.e323819,1,0.0001
.e323820,1,0.0001
.e323821,1,0.0001
.e323822,1,0.0001
.e323823,1,0.0001
.e323824,1,0.0001
.e323825,1,0.0001
.e323826,1,0.0001
.e323827,1,0.0001
.e323828,1,0.0001
.e323829,1,0.0001
.e323830,1,0.0001
.e323831,1,0.0001
.e323832,1,0.0001
.e323833,1,0.0001
.e323834,1,0.0001
.e323835,1,0.0001
.e323836,1,0.0001
.o323817,1,0.0001
.o323818,1,0.0001
.o323819,1,0.0001
.o323820,1,0.0001
.o323821,1,0.0001
.o323822,1,0.0001
.o323823,1,0.0001
.o323824,1,0.0001
.o323825,1,0.0001
.o323826,1,0.0001
.o323827,1,0.0001
.o323828,1,0.0001
.o323829,1,0.0001
.o323830,1,0.0001
.o323831,1,0.0001
.o323832,1,0.0001
.o323833,1,0.0001
.o323834,1,0.0001
.o323835,1,0.0001
.o323836,1,0.0001
.e321622,1,0.0001
.e321623,1,0.0001
.e321624,1,0.0001
.e321625,1,0.0001
.e321626,1,0.0001
.e321627,1,0.0001
.e321628,1,0.0001
.e321629,1,0.0001
.e321630,1,0.0001
.e321631,1,0.0001
.e321632,1,0.0001
.e321633,1,0.0001
.e321634,1,0.0001
.e321635,1,0.0001
.e321636,1,0.0001
.e321637,1,0.0001
.e321638,1,0.0001
.e321639,1,0.0001
.e321640,1,0.0001
.e321641,1,0.0001
.o321622,1,0.0001
.o321623,1,0.0001
.o321624,1,0.0001
.o321625,1,0.0001
.o321626,1,0.0001
.o321627,1,0.0001
.o321628,1,0.0001
.o321629,1,0.0001
.o321630,1,0.0001
.o321631,1,0.0001
.o321632,1,0.0001
.o321633,1,0.0001
.o321634,1,0.0001
.o321635,1,0.0001
.o321636,1,0.0001
.o321637,1,0.0001
.o321638,1,0.0001
.o321639,1,0.0001
.o321640,1,0.0001
.o321641,1,0.0001
.e326633,1,0.0001
.e326634,1,0.0001
.e326635,1,0.0001
.e326636,1,0.0001
.e326637,1,0.0001
.e326638,1,0.0001
.e326639,1,0.0001
.e326640,1,0.0001
.e326641,1,0.0001
.e326642,1,0.0001
.e326643,1,0.0001
.e326644,1,0.0001
.e326645,1,0.0001
.e326646,1,0.0001
.e326647,1,0.0001
.e326648,1,0.0001
.e326649,1,0.0001
.e326650,1,0.0001
.e326651,1,0.0001
.e326652,1,0.0001
.o326633,1,0.0001
.o326634,1,0.0001
.o326635,1,0.0001
.o326636,1,0.0001
.o326637,1,0.0001
.o326638,1,0.0001
.o326639,1,0.0001
.o326640,1,0.0001
.o326641,1,0.0001
.o326642,1,0.0001
.o326643,1,0.0001
.o326644,1,0.0001
.o326645,1,0.0001
.o326646,1,0.0001
.o326647,1,0.0001
.o326648,1,0.0001
.o326649,1,0.0001
.o326650,1,0.0001
.o326651,1,0.0001
.o326652,1,0.0001
.e321582,1,0.0001
.e321583,1,0.0001
.e321584,1,0.0001
.e321585,1,0.0001
.e321586,1,0.0001
.e321587,1,0.0001
.e321588,1,0.0001
.e321589,1,0.0001
.e321590,1,0.0001
.e321591,1,0.0001
.e321592,1,0.0001
.e321593,1,0.0001
.e321594,1,0.0001
.e321595,1,0.0001
.e321596,1,0.0001
.e321597,1,0.0001
.e321598,1,0.0001
.e321599,1,0.0001
.e321600,1,0.0001
.e321601,1,0.0001
.o321582,1,0.0001
.o321583,1,0.0001
.o321584,1,0.0001
.o321585,1,0.0001
.o321586,1,0.0001
.o321587,1,0.0001
.o321588,1,0.0001
.o321589,1,0.0001
.o321590,1,0.0001
.o321591,1,0.0001
.o321592,1,0.0001
.o321593,1,0.0001
.o321594,1,0.0001
.o321595,1,0.0001
.o321596,1,0.0001
.o321597,1,0.0001
.o321598,1,0.0001
.o321599,1,0.0001
.o321600,1,0.0001
.o321601,1,0.0001
.e321602,1,0.0001
.e321603,1,0.0001
.e321604,1,0.0001
.e321605,1,0.0001
.e321606,1,0.0001
.e321607,1,0.0001
.e321608,1,0.0001
.e321609,1,0.0001
.e321610,1,0.0001
.e321611,1,0.0001
.e321612,1,0.0001
.e321613,1,0.0001
.e321614,1,0.0001
.e321615,1,0.0001
.e321616,1,0.0001
.e321617,1,0.0001
.e321618,1,0.0001
.e321619,1,0.0001
.e321620,1,0.0001
.e321621,1,0.0001
.o321602,1,0.0001
.o321603,1,0.0001
.o321604,1,0.0001
.o321605,1,0.0001
.o321606,1,0.0001
.o321607,1,0.0001
.o321608,1,0.0001
.o321609,1,0.0001
.o321610,1,0.0001
.o321611,1,0.0001
.o321612,1,0.0001
.o321613,1,0.0001
.o321614,1,0.0001
.o321615,1,0.0001
.o321616,1,0.0001
.o321617,1,0.0001
.o321618,1,0.0001
.o321619,1,0.0001
.o321620,1,0.0001
.o321621,1,0.0001
.e321314,1,0.0001
.e321315,1,0.0001
.e321316,1,0.0001
.e321317,1,0.0001
.e321318,1,0.0001
.e321319,1,0.0001
.e321320,1,0.0001
.e321321,1,0.0001
.e321322,1,0.0001
.e321323,1,0.0001
.e321514,1,0.0001
.e326376,1,0.0001
.e326377,1,0.0001
.e326378,1,0.0001
.e326379,1,0.0001
.e326380,1,0.0001
.e326381,1,0.0001
.e326382,1,0.0001
.e326383,1,0.0001
.e326384,1,0.0001
.e326385,1,0.0001
.o321314,1,0.0001
.o321315,1,0.0001
.o321316,1,0.0001
.o321317,1,0.0001
.o321318,1,0.0001
.o321319,1,0.0001
.o321320,1,0.0001
.o321321,1,0.0001
.o321322,1,0.0001
.o321323,1,0.0001
.o321514,1,0.0001
.o326376,1,0.0001
.o326377,1,0.0001
.o326378,1,0.0001
.o326379,1,0.0001
.o326380,1,0.0001
.o326381,1,0.0001
.o326382,1,0.0001
.o326383,1,0.0001
.o326384,1,0.0001
.o326385,1,0.0001
.e321283,1,0.0001
.e321284,1,0.0001
.e321285,1,0.0001
.e321286,1,0.0001
.e321287,1,0.0001
.e321288,1,0.0001
.e321289,1,0.0001
.e321290,1,0.0001
.e321291,1,0.0001
.e321292,1,0.0001
.e326386,1,0.0001
.e326387,1,0.0001
.e326388,1,0.0001
.e326389,1,0.0001
.e326390,1,0.0001
.e326391,1,0.0001
.e326392,1,0.0001
.e326393,1,0.0001
.e326394,1,0.0001
.e326395,1,0.0001
.o321283,1,0.0001
.o321284,1,0.0001
.o321285,1,0.0001
.o321286,1,0.0001
.o321287,1,0.0001
.o321288,1,0.0001
.o321289,1,0.0001
.o321290,1,0.0001
.o321291,1,0.0001
.o321292,1,0.0001
.o326386,1,0.0001
.o326387,1,0.0001
.o326388,1,0.0001
.o326389,1,0.0001
.o326390,1,0.0001
.o326391,1,0.0001
.o326392,1,0.0001
.o326393,1,0.0001
.o326394,1,0.0001
.o326395,1,0.0001
.e321293,1,0.0001
.e321294,1,0.0001
.e321295,1,0.0001
.e321296,1,0.0001
.e321297,1,0.0001
.e321298,1,0.0001
.e321299,1,0.0001
.e321300,1,0.0001
.e321301,1,0.0001
.e321302,1,0.0001
.e321303,1,0.0001
.e321304,1,0.0001
.e321306,1,0.0001
.e321307,1,0.0001
.e321308,1,0.0001
.e321309,1,0.0001
.e321310,1,0.0001
.e321311,1,0.0001
.e321312,1,0.0001
.e321313,1,0.0001
.o321293,1,0.0001
.o321294,1,0.0001
.o321295,1,0.0001
.o321296,1,0.0001
.o321297,1,0.0001
.o321298,1,0.0001
.o321299,1,0.0001
.o321300,1,0.0001
.o321301,1,0.0001
.o321302,1,0.0001
.o321303,1,0.0001
.o321304,1,0.0001
.o321306,1,0.0001
.o321307,1,0.0001
.o321308,1,0.0001
.o321309,1,0.0001
.o321310,1,0.0001
.o321311,1,0.0001
.o321312,1,0.0001
.o321313,1,0.0001
.e322994,1,0.0001
.e322995,1,0.0001
.e322996,1,0.0001
.e322997,1,0.0001
.e322998,1,0.0001
.e322999,1,0.0001
.e323000,1,0.0001
.e323001,1,0.0001
.e323002,1,0.0001
.e323003,1,0.0001
.e323004,1,0.0001
.e323005,1,0.0001
.e323006,1,0.0001
.e323007,1,0.0001
.e323008,1,0.0001
.e323009,1,0.0001
.e323010,1,0.0001
.e323011,1,0.0001
.e323012,1,0.0001
.e323013,1,0.0001
.o322994,1,0.0001
.o322995,1,0.0001
.o322996,1,0.0001
.o322997,1,0.0001
.o322998,1,0.0001
.o322999,1,0.0001
.o323000,1,0.0001
.o323001,1,0.0001
.o323002,1,0.0001
.o323003,1,0.0001
.o323004,1,0.0001
.o323005,1,0.0001
.o323006,1,0.0001
.o323007,1,0.0001
.o323008,1,0.0001
.o323009,1,0.0001
.o323010,1,0.0001
.o323011,1,0.0001
.o323012,1,0.0001
.o323013,1,0.0001
.e323034,1,0.0001
.e323035,1,0.0001
.e323036,1,0.0001
.e323037,1,0.0001
.e323038,1,0.0001
.e323039,1,0.0001
.e323040,1,0.0001
.e323041,1,0.0001
.e323042,1,0.0001
.e323043,1,0.0001
.e323044,1,0.0001
.e323045,1,0.0001
.e323046,1,0.0001
.e323047,1,0.0001
.e323048,1,0.0001
.e323049,1,0.0001
.e323050,1,0.0001
.e323051,1,0.0001
.e323052,1,0.0001
.e323053,1,0.0001
.o323034,1,0.0001
.o323035,1,0.0001
.o323036,1,0.0001
.o323037,1,0.0001
.o323038,1,0.0001
.o323039,1,0.0001
.o323040,1,0.0001
.o323041,1,0.0001
.o323042,1,0.0001
.o323043,1,0.0001
.o323044,1,0.0001
.o323045,1,0.0001
.o323046,1,0.0001
.o323047,1,0.0001
.o323048,1,0.0001
.o323049,1,0.0001
.o323050,1,0.0001
.o323051,1,0.0001
.o323052,1,0.0001
.o323053,1,0.0001
.e323014,1,0.0001
.e323015,1,0.0001
.e323016,1,0.0001
.e323017,1,0.0001
.e323018,1,0.0001
.e323019,1,0.0001
.e323020,1,0.0001
.e323021,1,0.0001
.e323022,1,0.0001
.e323023,1,0.0001
.e323024,1,0.0001
.e323025,1,0.0001
.e323026,1,0.0001
.e323027,1,0.0001
.e323028,1,0.0001
.e323029,1,0.0001
.e323030,1,0.0001
.e323031,1,0.0001
.e323032,1,0.0001
.e323033,1,0.0001
.o323014,1,0.0001
.o323015,1,0.0001
.o323016,1,0.0001
.o323017,1,0.0001
.o323018,1,0.0001
.o323019,1,0.0001
.o323020,1,0.0001
.o323021,1,0.0001
.o323022,1,0.0001
.o323023,1,0.0001
.o323024,1,0.0001
.o323025,1,0.0001
.o323026,1,0.0001
.o323027,1,0.0001
.o323028,1,0.0001
.o323029,1,0.0001
.o323030,1,0.0001
.o323031,1,0.0001
.o323032,1,0.0001
.o323033,1,0.0001
.e323470,1,0.0001
.e323471,1,0.0001
.e323472,1,0.0001
.e323473,1,0.0001
.e323474,1,0.0001
.e323475,1,0.0001
.e323476,1,0.0001
.e323477,1,0.0001
.e323478,1,0.0001
.e323479,1,0.0001
.e326396,1,0.0001
.e326397,1,0.0001
.e326398,1,0.0001
.e326399,1,0.0001
.e326400,1,0.0001
.e326401,1,0.0001
.e326402,1,0.0001
.e326403,1,0.0001
.o323470,1,0.0001
.o323471,1,0.0001
.o323472,1,0.0001
.o323473,1,0.0001
.o323474,1,0.0001
.o323475,1,0.0001
.o323476,1,0.0001
.o323477,1,0.0001
.o323478,1,0.0001
.o323479,1,0.0001
.o326396,1,0.0001
.o326397,1,0.0001
.o326398,1,0.0001
.o326399,1,0.0001
.o326400,1,0.0001
.o326401,1,0.0001
.o326402,1,0.0001
.o326403,1,0.0001
.e323460,1,0.0001
.e323461,1,0.0001
.e323462,1,0.0001
.e323463,1,0.0001
.e323464,1,0.0001
.e323465,1,0.0001
.e323466,1,0.0001
.e323467,1,0.0001
.e323468,1,0.0001
.e323469,1,0.0001
.e326620,1,0.0001
.e326621,1,0.0001
.e326622,1,0.0001
.e326623,1,0.0001
.e326624,1,0.0001
.e326625,1,0.0001
.e326626,1,0.0001
.e326627,1,0.0001
.e326628,1,0.0001
.e326629,1,0.0001
.o323460,1,0.0001
.o323461,1,0.0001
.o323462,1,0.0001
.o323463,1,0.0001
.o323464,1,0.0001
.o323465,1,0.0001
.o323466,1,0.0001
.o323467,1,0.0001
.o323468,1,0.0001
.o323469,1,0.0001
.o326620,1,0.0001
.o326621,1,0.0001
.o326622,1,0.0001
.o326623,1,0.0001
.o326624,1,0.0001
.o326625,1,0.0001
.o326626,1,0.0001
.o326627,1,0.0001
.o326628,1,0.0001
.o326629,1,0.0001
.e323440,1,0.0001
.e323441,1,0.0001
.e323442,1,0.0001
.e323443,1,0.0001
.e323444,1,0.0001
.e323445,1,0.0001
.e323446,1,0.0001
.e323447,1,0.0001
.e323448,1,0.0001
.e323449,1,0.0001
.e323450,1,0.0001
.e323451,1,0.0001
.e323452,1,0.0001
.e323453,1,0.0001
.e323454,1,0.0001
.e323455,1,0.0001
.e323456,1,0.0001
.e323457,1,0.0001
.e323458,1,0.0001
.e323459,1,0.0001
.o323440,1,0.0001
.o323441,1,0.0001
.o323442,1,0.0001
.o323443,1,0.0001
.o323444,1,0.0001
.o323445,1,0.0001
.o323446,1,0.0001
.o323447,1,0.0001
.o323448,1,0.0001
.o323449,1,0.0001
.o323450,1,0.0001
.o323451,1,0.0001
.o323452,1,0.0001
.o323453,1,0.0001
.o323454,1,0.0001
.o323455,1,0.0001
.o323456,1,0.0001
.o323457,1,0.0001
.o323458,1,0.0001
.o323459,1,0.0001
.e322180,1,0.0001
.e322181,1,0.0001
.e322182,1,0.0001
.e322183,1,0.0001
.e322184,1,0.0001
.e322185,1,0.0001
.e322186,1,0.0001
.e322187,1,0.0001
.e322188,1,0.0001
.e322189,1,0.0001
.e322190,1,0.0001
.e322191,1,0.0001
.e322192,1,0.0001
.e322193,1,0.0001
.e322194,1,0.0001
.e322195,1,0.0001
.e322196,1,0.0001
.e322197,1,0.0001
.e322198,1,0.0001
.e322199,1,0.0001
.o322180,1,0.0001
.o322181,1,0.0001
.o322182,1,0.0001
.o322183,1,0.0001
.o322184,1,0.0001
.o322185,1,0.0001
.o322186,1,0.0001
.o322187,1,0.0001
.o322188,1,0.0001
.o322189,1,0.0001
.o322190,1,0.0001
.o322191,1,0.0001
.o322192,1,0.0001
.o322193,1,0.0001
.o322194,1,0.0001
.o322195,1,0.0001
.o322196,1,0.0001
.o322197,1,0.0001
.o322198,1,0.0001
.o322199,1,0.0001
.e322200,1,0.0001
.e322201,1,0.0001
.e322202,1,0.0001
.e322203,1,0.0001
.e322204,1,0.0001
.e322205,1,0.0001
.e322206,1,0.0001
.e322207,1,0.0001
.e322208,1,0.0001
.e322209,1,0.0001
.e322210,1,0.0001
.e322211,1,0.0001
.e322212,1,0.0001
.e322213,1,0.0001
.e322214,1,0.0001
.e322215,1,0.0001
.e322216,1,0.0001
.e322217,1,0.0001
.e322218,1,0.0001
.e322219,1,0.0001
.o322200,1,0.0001
.o322201,1,0.0001
.o322202,1,0.0001
.o322203,1,0.0001
.o322204,1,0.0001
.o322205,1,0.0001
.o322206,1,0.0001
.o322207,1,0.0001
.o322208,1,0.0001
.o322209,1,0.0001
.o322210,1,0.0001
.o322211,1,0.0001
.o322212,1,0.0001
.o322213,1,0.0001
.o322214,1,0.0001
.o322215,1,0.0001
.o322216,1,0.0001
.o322217,1,0.0001
.o322218,1,0.0001
.o322219,1,0.0001
.e322562,1,0.0001
.e322563,1,0.0001
.e322564,1,0.0001
.e322565,1,0.0001
.e322566,1,0.0001
.e322567,1,0.0001
.e322568,1,0.0001
.e322569,1,0.0001
.e322570,1,0.0001
.e322571,1,0.0001
.e322572,1,0.0001
.e322573,1,0.0001
.e322574,1,0.0001
.e322575,1,0.0001
.e322576,1,0.0001
.e322577,1,0.0001
.e322578,1,0.0001
.e322579,1,0.0001
.e322580,1,0.0001
.e322581,1,0.0001
.o322562,1,0.0001
.o322563,1,0.0001
.o322564,1,0.0001
.o322565,1,0.0001
.o322566,1,0.0001
.o322567,1,0.0001
.o322568,1,0.0001
.o322569,1,0.0001
.o322570,1,0.0001
.o322571,1,0.0001
.o322572,1,0.0001
.o322573,1,0.0001
.o322574,1,0.0001
.o322575,1,0.0001
.o322576,1,0.0001
.o322577,1,0.0001
.o322578,1,0.0001
.o322579,1,0.0001
.o322580,1,0.0001
.o322581,1,0.0001
.e321378,1,0.0001
.e321379,1,0.0001
.e321380,1,0.0001
.e321381,1,0.0001
.e321382,1,0.0001
.e321383,1,0.0001
.e321384,1,0.0001
.e321385,1,0.0001
.e321386,1,0.0001
.e321387,1,0.0001
.e321388,1,0.0001
.e321389,1,0.0001
.e321390,1,0.0001
.e321391,1,0.0001
.e321392,1,0.0001
.e321393,1,0.0001
.e321394,1,0.0001
.e321395,1,0.0001
.e321396,1,0.0001
.e321397,1,0.0001
.o321378,1,0.0001
.o321379,1,0.0001
.o321380,1,0.0001
.o321381,1,0.0001
.o321382,1,0.0001
.o321383,1,0.0001
.o321384,1,0.0001
.o321385,1,0.0001
.o321386,1,0.0001
.o321387,1,0.0001
.o321388,1,0.0001
.o321389,1,0.0001
.o321390,1,0.0001
.o321391,1,0.0001
.o321392,1,0.0001
.o321393,1,0.0001
.o321394,1,0.0001
.o321395,1,0.0001
.o321396,1,0.0001
.o321397,1,0.0001
.e321358,1,0.0001
.e321359,1,0.0001
.e321360,1,0.0001
.e321361,1,0.0001
.e321362,1,0.0001
.e321363,1,0.0001
.e321364,1,0.0001
.e321365,1,0.0001
.e321366,1,0.0001
.e321367,1,0.0001
.e321368,1,0.0001
.e321369,1,0.0001
.e321370,1,0.0001
.e321371,1,0.0001
.e321372,1,0.0001
.e321373,1,0.0001
.e321374,1,0.0001
.e321375,1,0.0001
.e321376,1,0.0001
.e321377,1,0.0001
.o321358,1,0.0001
.o321359,1,0.0001
.o321360,1,0.0001
.o321361,1,0.0001
.o321362,1,0.0001
.o321363,1,0.0001
.o321364,1,0.0001
.o321365,1,0.0001
.o321366,1,0.0001
.o321367,1,0.0001
.o321368,1,0.0001
.o321369,1,0.0001
.o321370,1,0.0001
.o321371,1,0.0001
.o321372,1,0.0001
.o321373,1,0.0001
.o321374,1,0.0001
.o321375,1,0.0001
.o321376,1,0.0001
.o321377,1,0.0001
.e321338,1,0.0001
.e321339,1,0.0001
.e321340,1,0.0001
.e321341,1,0.0001
.e321342,1,0.0001
.e321343,1,0.0001
.e321344,1,0.0001
.e321345,1,0.0001
.e321346,1,0.0001
.e321347,1,0.0001
.e321348,1,0.0001
.e321349,1,0.0001
.e321350,1,0.0001
.e321351,1,0.0001
.e321352,1,0.0001
.e321353,1,0.0001
.e321354,1,0.0001
.e321355,1,0.0001
.e321356,1,0.0001
.e321357,1,0.0001
.o321338,1,0.0001
.o321339,1,0.0001
.o321340,1,0.0001
.o321341,1,0.0001
.o321342,1,0.0001
.o321343,1,0.0001
.o321344,1,0.0001
.o321345,1,0.0001
.o321346,1,0.0001
.o321347,1,0.0001
.o321348,1,0.0001
.o321349,1,0.0001
.o321350,1,0.0001
.o321351,1,0.0001
.o321352,1,0.0001
.o321353,1,0.0001
.o321354,1,0.0001
.o321355,1,0.0001
.o321356,1,0.0001
.o321357,1,0.0001
.e322872,1,0.0001
.e322873,1,0.0001
.e322874,1,0.0001
.e322875,1,0.0001
.e322876,1,0.0001
.e322877,1,0.0001
.e322878,1,0.0001
.e322879,1,0.0001
.e322880,1,0.0001
.e322881,1,0.0001
.e322882,1,0.0001
.e322883,1,0.0001
.e322884,1,0.0001
.e322885,1,0.0001
.e322886,1,0.0001
.e322887,1,0.0001
.e322888,1,0.0001
.e322889,1,0.0001
.e322890,1,0.0001
.e322891,1,0.0001
.o322872,1,0.0001
.o322873,1,0.0001
.o322874,1,0.0001
.o322875,1,0.0001
.o322876,1,0.0001
.o322877,1,0.0001
.o322878,1,0.0001
.o322879,1,0.0001
.o322880,1,0.0001
.o322881,1,0.0001
.o322882,1,0.0001
.o322883,1,0.0001
.o322884,1,0.0001
.o322885,1,0.0001
.o322886,1,0.0001
.o322887,1,0.0001
.o322888,1,0.0001
.o322889,1,0.0001
.o322890,1,0.0001
.o322891,1,0.0001
.e322894,1,0.0001
.e322895,1,0.0001
.e322896,1,0.0001
.e322897,1,0.0001
.e322898,1,0.0001
.e322899,1,0.0001
.e322900,1,0.0001
.e322901,1,0.0001
.e322902,1,0.0001
.e322903,1,0.0001
.e322904,1,0.0001
.e322905,1,0.0001
.e322906,1,0.0001
.e322907,1,0.0001
.e322908,1,0.0001
.e322909,1,0.0001
.e322910,1,0.0001
.e322911,1,0.0001
.e322912,1,0.0001
.e322913,1,0.0001
.o322894,1,0.0001
.o322895,1,0.0001
.o322896,1,0.0001
.o322897,1,0.0001
.o322898,1,0.0001
.o322899,1,0.0001
.o322900,1,0.0001
.o322901,1,0.0001
.o322902,1,0.0001
.o322903,1,0.0001
.o322904,1,0.0001
.o322905,1,0.0001
.o322906,1,0.0001
.o322907,1,0.0001
.o322908,1,0.0001
.o322909,1,0.0001
.o322910,1,0.0001
.o322911,1,0.0001
.o322912,1,0.0001
.o322913,1,0.0001
.e322914,1,0.0001
.e322915,1,0.0001
.e322916,1,0.0001
.e322917,1,0.0001
.e322918,1,0.0001
.e322919,1,0.0001
.e322920,1,0.0001
.e322921,1,0.0001
.e322922,1,0.0001
.e322923,1,0.0001
.e322924,1,0.0001
.e322925,1,0.0001
.e322926,1,0.0001
.e322927,1,0.0001
.e322928,1,0.0001
.e322929,1,0.0001
.e322930,1,0.0001
.e322931,1,0.0001
.e322932,1,0.0001
.e322933,1,0.0001
.o322914,1,0.0001
.o322915,1,0.0001
.o322916,1,0.0001
.o322917,1,0.0001
.o322918,1,0.0001
.o322919,1,0.0001
.o322920,1,0.0001
.o322921,1,0.0001
.o322922,1,0.0001
.o322923,1,0.0001
.o322924,1,0.0001
.o322925,1,0.0001
.o322926,1,0.0001
.o322927,1,0.0001
.o322928,1,0.0001
.o322929,1,0.0001
.o322930,1,0.0001
.o322931,1,0.0001
.o322932,1,0.0001
.o322933,1,0.0001
.e323340,1,0.0001
.e323341,1,0.0001
.e323342,1,0.0001
.e323343,1,0.0001
.e323344,1,0.0001
.e323345,1,0.0001
.e323346,1,0.0001
.e323347,1,0.0001
.e323348,1,0.0001
.e323349,1,0.0001
.e323350,1,0.0001
.e323351,1,0.0001
.e323352,1,0.0001
.e323353,1,0.0001
.e323354,1,0.0001
.e323355,1,0.0001
.e323356,1,0.0001
.e323357,1,0.0001
.e323358,1,0.0001
.e323359,1,0.0001
.o323340,1,0.0001
.o323341,1,0.0001
.o323342,1,0.0001
.o323343,1,0.0001
.o323344,1,0.0001
.o323345,1,0.0001
.o323346,1,0.0001
.o323347,1,0.0001
.o323348,1,0.0001
.o323349,1,0.0001
.o323350,1,0.0001
.o323351,1,0.0001
.o323352,1,0.0001
.o323353,1,0.0001
.o323354,1,0.0001
.o323355,1,0.0001
.o323356,1,0.0001
.o323357,1,0.0001
.o323358,1,0.0001
.o323359,1,0.0001
.e323360,1,0.0001
.e323361,1,0.0001
.e323362,1,0.0001
.e323363,1,0.0001
.e323364,1,0.0001
.e323365,1,0.0001
.e323366,1,0.0001
.e323367,1,0.0001
.e323368,1,0.0001
.e323369,1,0.0001
.e323370,1,0.0001
.e323371,1,0.0001
.e323372,1,0.0001
.e323373,1,0.0001
.e323374,1,0.0001
.e323375,1,0.0001
.e323376,1,0.0001
.e323377,1,0.0001
.e323378,1,0.0001
.e323379,1,0.0001
.o323360,1,0.0001
.o323361,1,0.0001
.o323362,1,0.0001
.o323363,1,0.0001
.o323364,1,0.0001
.o323365,1,0.0001
.o323366,1,0.0001
.o323367,1,0.0001
.o323368,1,0.0001
.o323369,1,0.0001
.o323370,1,0.0001
.o323371,1,0.0001
.o323372,1,0.0001
.o323373,1,0.0001
.o323374,1,0.0001
.o323375,1,0.0001
.o323376,1,0.0001
.o323377,1,0.0001
.o323378,1,0.0001
.o323379,1,0.0001
.e323380,1,0.0001
.e323381,1,0.0001
.e323382,1,0.0001
.e323383,1,0.0001
.e323384,1,0.0001
.e323385,1,0.0001
.e323386,1,0.0001
.e323387,1,0.0001
.e323388,1,0.0001
.e323389,1,0.0001
.e323390,1,0.0001
.e323391,1,0.0001
.e323392,1,0.0001
.e323393,1,0.0001
.e323394,1,0.0001
.e323395,1,0.0001
.e323396,1,0.0001
.e323397,1,0.0001
.e323398,1,0.0001
.e323399,1,0.0001
.o323380,1,0.0001
.o323381,1,0.0001
.o323382,1,0.0001
.o323383,1,0.0001
.o323384,1,0.0001
.o323385,1,0.0001
.o323386,1,0.0001
.o323387,1,0.0001
.o323388,1,0.0001
.o323389,1,0.0001
.o323390,1,0.0001
.o323391,1,0.0001
.o323392,1,0.0001
.o323393,1,0.0001
.o323394,1,0.0001
.o323395,1,0.0001
.o323396,1,0.0001
.o323397,1,0.0001
.o323398,1,0.0001
.o323399,1,0.0001
.e321642,1,0.0001
.e321643,1,0.0001
.e321644,1,0.0001
.e321645,1,0.0001
.e321646,1,0.0001
.e321647,1,0.0001
.e321648,1,0.0001
.e321649,1,0.0001
.e321650,1,0.0001
.e321651,1,0.0001
.e321652,1,0.0001
.e321653,1,0.0001
.e321654,1,0.0001
.e321655,1,0.0001
.e321656,1,0.0001
.e321657,1,0.0001
.e321658,1,0.0001
.e321659,1,0.0001
.e321660,1,0.0001
.e321661,1,0.0001
.o321642,1,0.0001
.o321643,1,0.0001
.o321644,1,0.0001
.o321645,1,0.0001
.o321646,1,0.0001
.o321647,1,0.0001
.o321648,1,0.0001
.o321649,1,0.0001
.o321650,1,0.0001
.o321651,1,0.0001
.o321652,1,0.0001
.o321653,1,0.0001
.o321654,1,0.0001
.o321655,1,0.0001
.o321656,1,0.0001
.o321657,1,0.0001
.o321658,1,0.0001
.o321659,1,0.0001
.o321660,1,0.0001
.o321661,1,0.0001
.e321662,1,0.0001
.e321663,1,0.0001
.e321664,1,0.0001
.e321665,1,0.0001
.e321666,1,0.0001
.e321667,1,0.0001
.e321668,1,0.0001
.e321669,1,0.0001
.e321670,1,0.0001
.e321671,1,0.0001
.e321672,1,0.0001
.e321673,1,0.0001
.e321674,1,0.0001
.e321675,1,0.0001
.e321676,1,0.0001
.e321677,1,0.0001
.e321678,1,0.0001
.e321679,1,0.0001
.e321680,1,0.0001
.e321681,1,0.0001
.o321662,1,0.0001
.o321663,1,0.0001
.o321664,1,0.0001
.o321665,1,0.0001
.o321666,1,0.0001
.o321667,1,0.0001
.o321668,1,0.0001
.o321669,1,0.0001
.o321670,1,0.0001
.o321671,1,0.0001
.o321672,1,0.0001
.o321673,1,0.0001
.o321674,1,0.0001
.o321675,1,0.0001
.o321676,1,0.0001
.o321677,1,0.0001
.o321678,1,0.0001
.o321679,1,0.0001
.o321680,1,0.0001
.o321681,1,0.0001
.e321682,1,0.0001
.e321683,1,0.0001
.e321684,1,0.0001
.e321685,1,0.0001
.e321686,1,0.0001
.e321687,1,0.0001
.e321688,1,0.0001
.e321689,1,0.0001
.e321690,1,0.0001
.e321691,1,0.0001
.e321692,1,0.0001
.e321693,1,0.0001
.e321694,1,0.0001
.e321695,1,0.0001
.e321696,1,0.0001
.e321697,1,0.0001
.e321698,1,0.0001
.e321699,1,0.0001
.e321700,1,0.0001
.e321701,1,0.0001
.o321682,1,0.0001
.o321683,1,0.0001
.o321684,1,0.0001
.o321685,1,0.0001
.o321686,1,0.0001
.o321687,1,0.0001
.o321688,1,0.0001
.o321689,1,0.0001
.o321690,1,0.0001
.o321691,1,0.0001
.o321692,1,0.0001
.o321693,1,0.0001
.o321694,1,0.0001
.o321695,1,0.0001
.o321696,1,0.0001
.o321697,1,0.0001
.o321698,1,0.0001
.o321699,1,0.0001
.o321700,1,0.0001
.o321701,1,0.0001
.ggid,1,0.0001
.rdpid,1,0.0001
.cons,1,0.0001
.flanks,1,0.0001
.v1,1,0.0001
.v4,1,0.0001
.v5,1,0.0001
.v6,1,0.0001
.v7,1,0.0001
.v8,1,0.0001
.v9,1,0.0001
.smv,1,0.0001
.gwy,1,0.0001
.jpk,1,0.0001
.jpk-qi-image,1,0.0001
.spm1,1,0.0001
.ibw,1,0.0001
.petsc,1,0.0001
.petsc_solver,1,0.0001
.mgsat_rocker_ver,1,0.0001
.decodat,1,0.0001
.genes,1,0.0001
.transcripts,1,0.0001
.amazon,1,0.0001
.cloud,1,0.0001
.dirstruct,1,0.0001
.lgpl,1,0.0001
.csdp,1,0.0001
.xds,1,0.0001
.ape,1,0.0001
.hghsc,1,0.0001
.flexo_ddb,1,0.0001
.quad_ddb,1,0.0001
.forceconstant,1,0.0001
.ssposcar,1,0.0001
.ucposcar,1,0.0001
.pdb1,1,0.0001
.fuzzy,1,0.0001
.matout,1,0.0001
.hyer,1,0.0001
.dragonegg,1,0.0001
.confidence,1,0.0001
.hist1d,1,0.0001
.sed_samples,1,0.0001
.synthesis,1,0.0001
.tada,1,0.0001
.out1,1,0.0001
.out2,1,0.0001
.dif,1,0.0001
.o3dtgz,1,0.0001
.o3d,1,0.0001
.csdl,1,0.0001
.msl,1,0.0001
.ssdl,1,0.0001
.discomap,1,0.0001
.pelec,1,0.0001
.gdiag,1,0.0001
.pup,1,0.0001
.clp,1,0.0001
.contrib,1,0.0001
.dj2,1,0.0001
.riscos,1,0.0001
.os2,1,0.0001
.qpg,1,0.0001
.c00,1,0.0001
.a01,1,0.0001
.a02,1,0.0001
.a03,1,0.0001
.a04,1,0.0001
.a05,1,0.0001
.r00,1,0.0001
.r01,1,0.0001
.r02,1,0.0001
.r03,1,0.0001
.r04,1,0.0001
.r05,1,0.0001
.zst,1,0.0001
.zx01,1,0.0001
.pog,1,0.0001
.psi,1,0.0001
.lc,1,0.0001
.db_worker,1,0.0001
.requirements,1,0.0001
.ns_are_zero,1,0.0001
.allreadscounts,1,0.0001
.find_potentialssr,1,0.0001
.final_primer_ssrs,1,0.0001
.designer_primer,1,0.0001
.primer_filter,1,0.0001
.blast_parse,1,0.0001
.primer_pair_generater,1,0.0001
.intermediate_primer_finder,1,0.0001
.ssr_product,1,0.0001
.ssr_filter,1,0.0001
.input for part3,1,0.0001
.isfdp,1,0.0001
.csc,1,0.0001
.rec,1,0.0001
.kh,1,0.0001
.kl,1,0.0001
.msp,1,0.0001
.nocuda,1,0.0001
.cc3d,1,0.0001
.buildconda,1,0.0001
.devcontainer,1,0.0001
.parse,1,0.0001
.tbt,1,0.0001
.tpm,1,0.0001
.magic,1,0.0001
.ftb,1,0.0001
.qrel,1,0.0001
.ini-dist-multistore,1,0.0001
.ini-dist-mysql,1,0.0001
.ini-dist-stardog,1,0.0001
.ini-dist-virtuoso,1,0.0001
.pxml,1,0.0001
.dhc,1,0.0001
.odd,1,0.0001
.gct,1,0.0001
.desp,1,0.0001
.source-map,1,0.0001
.ocg,1,0.0001
.pcg,1,0.0001
.rtex,1,0.0001
.tr,1,0.0001
.pof,1,0.0001
.qpf,1,0.0001
.qsf,1,0.0001
.qws,1,0.0001
.llb,1,0.0001
.gtype,1,0.0001
.gvi,1,0.0001
.lvcodedb,1,0.0001
.lvproject,1,0.0001
.lvprojectcache,1,0.0001
.constraints,1,0.0001
.jkl,1,0.0001
.xml#,1,0.0001
.nopdos,1,0.0001
.nohash,1,0.0001
.vasp2w90,1,0.0001
.converged,1,0.0001
.nelm-breach-consistent,1,0.0001
.nelm-breach-partial,1,0.0001
.not-converged,1,0.0001
.unfinished,1,0.0001
.aiida,1,0.0001
.hh#,1,0.0001
.unw,1,0.0001
.pwhg,1,0.0001
.autoconf,1,0.0001
.cygwin,1,0.0001
.bigslow,1,0.0001
.shih,1,0.0001
.smallbutbad,1,0.0001
.dpy,1,0.0001
.resource,1,0.0001
.nodbobjects,1,0.0001
.noschema,1,0.0001
.dir_manifest,1,0.0001
.harvest_params_incomplete,1,0.0001
.recursive_harvest_params,1,0.0001
.unknown_file_extension,1,0.0001
.xml_template,1,0.0001
.kernel_versions,1,0.0001
.tab2,1,0.0001
.xl_stis,1,0.0001
.bpe,1,0.0001
.xml2,1,0.0001
.release_notes,1,0.0001
.release_procedure,1,0.0001
.sel,1,0.0001
.api_key,1,0.0001
.molfit,1,0.0001
.py2,1,0.0001
.nonblocking_tests,1,0.0001
.openmp,1,0.0001
.info-1,1,0.0001
.info-2,1,0.0001
.info-3,1,0.0001
.info-4,1,0.0001
.info-5,1,0.0001
.ligshift,1,0.0001
.mcrecursion,1,0.0001
.mol2_rmsd,1,0.0001
.e23022,1,0.0001
.charge,1,0.0001
.e23030,1,0.0001
.e23034,1,0.0001
.phpstub,1,0.0001
.gwa,1,0.0001
.to,1,0.0001
.gwg,1,0.0001
.cdr,1,0.0001
.frontend,1,0.0001
.notebook,1,0.0001
.usb,1,0.0001
.initiatoriqn,1,0.0001
.ifn,1,0.0001
.pat,1,0.0001
.chw,1,0.0001
.upx,1,0.0001
.epub,1,0.0001
.dmr,1,0.0001
.mldatx,1,0.0001
.force,1,0.0001
.dhcpc,1,0.0001
.hello-world,1,0.0001
.resolv,1,0.0001
.smtp,1,0.0001
.telnetd,1,0.0001
.webclient,1,0.0001
.webserver,1,0.0001
.ntpl,1,0.0001
.moloch,1,0.0001
.ja4,1,0.0001
.bro,1,0.0001
.aarch64_debug,1,0.0001
.armv7,1,0.0001
.armv7_debug,1,0.0001
.x86_64_debug,1,0.0001
.vsspell,1,0.0001
.rda?raw=true,1,0.0001
.n,1,0.0001
.n_f,1,0.0001
.n_m,1,0.0001
.n_n,1,0.0001
.part,1,0.0001
.edu,1,0.0001
.github,1,0.0001
.anno_input,1,0.0001
.tkt,1,0.0001
.a0,1,0.0001
.a0poster,1,0.0001
.rrna,1,0.0001
.zraw,1,0.0001
.bsub,1,0.0001
.maestro,1,0.0001
.40960,1,0.0001
.25600,1,0.0001
.uniform,1,0.0001
.2048,1,0.0001
.hotcutoff,1,0.0001
.2levels_onegrid,1,0.0001
.1920,1,0.0001
.3840,1,0.0001
.7680,1,0.0001
.dx_6cm,1,0.0001
.coulomb,1,0.0001
.e-4,1,0.0001
.e5,1,0.0001
.e6,1,0.0001
.gammalaw,1,0.0001
.helmeos,1,0.0001
.tutorial,1,0.0001
.3alpha_plus_o,1,0.0001
.aprox13,1,0.0001
.ignition,1,0.0001
.mesa_carbon,1,0.0001
.reaclib_cburn,1,0.0001
.reaclib_ctest,1,0.0001
.reaclib_ctest_null,1,0.0001
.reaclib_urca,1,0.0001
.reaclib_urca_trans,1,0.0001
.xrb_simple,1,0.0001
.timestamp,1,0.0001
.ad,1,0.0001
.ag,1,0.0001
.ah,1,0.0001
.postgresql,1,0.0001
.bt,1,0.0001
.pk3,1,0.0001
.catalyst,1,0.0001
.ios11_xcode94,1,0.0001
.ios12_xcode10,1,0.0001
.ios13_xcode11,1,0.0001
.tvos13_xcode11,1,0.0001
.commits,1,0.0001
.small_molecule_filter,1,0.0001
.ubiquitous_filter,1,0.0001
.xml___jb_tmp___,1,0.0001
.xmind,1,0.0001
.coal,1,0.0001
.haps,1,0.0001
.traj,1,0.0001
.awf,1,0.0001
.icon,1,0.0001
.alida,1,0.0001
.tle,1,0.0001
.rk-opt,1,0.0001
.jucer,1,0.0001
.kdev4,1,0.0001
.seek,1,0.0001
.seeks,1,0.0001
.flashsim,1,0.0001
.queue,1,0.0001
.hsc,1,0.0001
.pst,1,0.0001
.tsv#,1,0.0001
.dst,1,0.0001
.ppg,1,0.0001
.pnproj,1,0.0001
.pnps,1,0.0001
.my,1,0.0001
.atsln,1,0.0001
.vcm,1,0.0001
.mlb,1,0.0001
.valgrind,1,0.0001
.cols,1,0.0001
.lb,1,0.0001
.ub,1,0.0001
.fastsa,1,0.0001
.multiseq,1,0.0001
.nunit,1,0.0001
.dar,1,0.0001
.vsct,1,0.0001
.smirks,1,0.0001
.gplv2,1,0.0001
.3dmbak,1,0.0001
.li,1,0.0001
.inria,1,0.0001
.mlr,1,0.0001
.pfsx,1,0.0001
.364747031,1,0.0001
.787741842,1,0.0001
.182990609,1,0.0001
.moccpp,1,0.0001
.work,1,0.0001
.macintosh,1,0.0001
.cfg-sample,1,0.0001
.spimtx,1,0.0001
.icm,1,0.0001
.vf,1,0.0001
.m3d,1,0.0001
.cppclean,1,0.0001
.extension,1,0.0001
.bgfreq,1,0.0001
.jl~,1,0.0001
.gdb,1,0.0001
.tadbit,1,0.0001
.qs,1,0.0001
.hidden,1,0.0001
.bad,1,0.0001
.ok,1,0.0001
.altazb,1,0.0001
.fen,1,0.0001
.lsm,1,0.0001
.affix,1,0.0001
.constituent-knowledge,1,0.0001
.dialect,1,0.0001
.knowledge,1,0.0001
.goddesses,1,0.0001
.gods,1,0.0001
.people,1,0.0001
.prof,1,0.0001
.gerund,1,0.0001
.cbf,1,0.0001
.tsv ,1,0.0001
.large,1,0.0001
.medium,1,0.0001
.sli,1,0.0001
.rnw#,1,0.0001
.sublime-settings,1,0.0001
.licenseheader,1,0.0001
.profiling,1,0.0001
.sents,1,0.0001
.14c,1,0.0001
.relm,1,0.0001
.sch-bak,1,0.0001
.kicad_wks,1,0.0001
.all-data,1,0.0001
.cb2,1,0.0001
.ano,1,0.0001
.ano~,1,0.0001
.egg-info,1,0.0001
.inofunctiontest,1,0.0001
.cdx,1,0.0001
.trec_eval,1,0.0001
.12-config,1,0.0001
.tact,1,0.0001
.tolk,1,0.0001
.qcow2,1,0.0001
.exe_here_,1,0.0001
.mlpkginstall,1,0.0001
.guesser,1,0.0001
.twoc,1,0.0001
.phmc,1,0.0001
.plugin,1,0.0001
.rs3,1,0.0001
.lock_old,1,0.0001
.buildnetwork,1,0.0001
.elevator,1,0.0001
.exf,1,0.0001
.ordering,1,0.0001
.clq,1,0.0001
.min,1,0.0001
.js#,1,0.0001
.mln,1,0.0001
.ewkt,1,0.0001
.wkb,1,0.0001
.css_,1,0.0001
.20150916010329,1,0.0001
.20150916010433,1,0.0001
.d6,1,0.0001
.emu,1,0.0001
.hole2grid,1,0.0001
.picks,1,0.0001
.modifierrules,1,0.0001
.ab1,1,0.0001
.build_instructions,1,0.0001
.vrmanifest,1,0.0001
.gm1,1,0.0001
