name,unclassified_files,pct
.png,256950,12.7069
.csv,125932,6.2277
(none),119766,5.9228
.json,100404,4.9653
.pdb,89453,4.4237
.gz,78969,3.9052
.db,63506,3.1405
.py,55196,2.7296
.xml,54849,2.7124
.jpg,44844,2.2177
.txt,40535,2.0046
.m,34029,1.6828
.html,31910,1.578
.es,29110,1.4396
.en,29098,1.439
.h,27082,1.3393
.out,26978,1.3341
.mp4,25266,1.2495
.cs,24011,1.1874
.meta,24007,1.1872
.npy,21970,1.0865
.kp,20802,1.0287
.fasta,18167,0.8984
.pdf,17549,0.8678
.js,17306,0.8558
.class,16811,0.8313
.mat,16711,0.8264
.lisp,14246,0.7045
.hpp,13280,0.6567
.lsp,12984,0.6421
.yaml,12280,0.6073
.dat,12197,0.6032
.svg,12031,0.595
.pddl,11249,0.5563
.r,11084,0.5481
.c,10915,0.5398
.sh,10121,0.5005
.cb,9762,0.4828
.pl,9299,0.4599
.rd,8818,0.4361
.php,8746,0.4325
.hea,8619,0.4262
.yml,7663,0.379
.cpp,7553,0.3735
.conll,7323,0.3621
.mables,7270,0.3595
.ante_scores,7270,0.3595
.chains,7270,0.3595
.hh,7211,0.3566
.gif,6975,0.3449
.md,6693,0.331
.xyz,6668,0.3298
.agda,6613,0.327
.bin,6499,0.3214
.css,5661,0.28
.dae,5471,0.2706
.tif,5044,0.2494
.tsv,4599,0.2274
.java,4424,0.2188
.pickle,4386,0.2169
.prefab,4339,0.2146
.toml,4212,0.2083
.log,4125,0.204
.ipynb,4097,0.2026
.jar,4065,0.201
.adb,4047,0.2001
.stru,4009,0.1983
.tfa,3905,0.1931
.pyc,3823,0.1891
.properties,3610,0.1785
.inc,3506,0.1734
.cxx,3363,0.1663
.st,3362,0.1663
.tsx,3050,0.1508
.rb,3037,0.1502
.ads,3036,0.1501
.po,2771,0.137
.vhd,2701,0.1336
.f90,2681,0.1326
.data,2676,0.1323
.sto,2662,0.1316
.in,2638,0.1305
.tree,2466,0.122
.aln,2462,0.1218
.cmake,2444,0.1209
.f,2347,0.1161
.go,2337,0.1156
.v,2304,0.1139
.par,2270,0.1123
.wav,2133,0.1055
.swift,2060,0.1019
.pt,2005,0.0992
.info,1997,0.0988
.resx,1995,0.0987
.hmm,1926,0.0952
.sql,1911,0.0945
.err,1894,0.0937
.abi,1881,0.093
.vtp,1826,0.0903
.dll,1823,0.0902
.abo,1816,0.0898
.acl2,1754,0.0867
.cc,1695,0.0838
.t,1670,0.0826
.bed,1669,0.0825
.pp,1663,0.0822
.hs,1657,0.0819
.zip,1644,0.0813
.rdata,1631,0.0807
.lua,1623,0.0803
.o,1563,0.0773
.jpeg,1496,0.074
.ini,1494,0.0739
.as,1478,0.0731
.fa,1469,0.0726
.scss,1468,0.0726
.erb,1453,0.0719
.kmz,1436,0.071
.tex,1393,0.0689
.bc,1391,0.0688
.fbx,1364,0.0675
.param,1350,0.0668
.cell,1343,0.0664
.cfg,1334,0.066
.dds,1323,0.0654
.cif,1284,0.0635
.asl,1284,0.0635
.erl,1232,0.0609
.annotated,1217,0.0602
.stl,1169,0.0578
.less,1156,0.0572
.conf,1130,0.0559
.xlsx,1128,0.0558
.ogg,1128,0.0558
.tcl,1118,0.0553
.rda,1095,0.0542
.rmd,1083,0.0536
.asset,1063,0.0526
.cfcase,1033,0.0511
.ttl,1028,0.0508
.pcap,1014,0.0501
.p,1003,0.0496
.groovy,990,0.049
.ml,984,0.0487
.npz,978,0.0484
.ltree,945,0.0467
.h5,931,0.046
.ada,923,0.0456
.dsp,915,0.0452
.omex,907,0.0449
.xz,896,0.0443
.gpr,891,0.0441
.pem,885,0.0438
.gml,879,0.0435
.pro,875,0.0433
.i,849,0.042
.cu,844,0.0417
.xls,843,0.0417
.pyo,811,0.0401
.bat,807,0.0399
.prefs,807,0.0399
.obj,790,0.0391
.textgrid,789,0.039
.test,778,0.0385
.pkl,771,0.0381
.cache-3,768,0.038
.svn-base,762,0.0377
.xsd,758,0.0375
.deft,757,0.0374
.map,756,0.0374
.so,750,0.0371
.ld,730,0.0361
.hex,705,0.0349
.fna,686,0.0339
.ms,681,0.0337
.ttf,680,0.0336
.csproj,662,0.0327
.sol,661,0.0327
.rq,641,0.0317
.s,637,0.0315
.am,631,0.0312
.pm,631,0.0312
.owl,625,0.0309
.rst,621,0.0307
.icf,587,0.029
.unity,578,0.0286
.mexw64,574,0.0284
.asm,571,0.0282
.prolog,571,0.0282
.cri,570,0.0282
.emproject,569,0.0281
.emsession,568,0.0281
.uvprojx,567,0.028
.uvoptx,566,0.028
.ewp,562,0.0278
.exe,560,0.0277
.rds,558,0.0276
.ewd,558,0.0276
.xaml,555,0.0274
.btor2,540,0.0267
.mexa64,534,0.0264
.module,531,0.0263
.gv,530,0.0262
.ino,529,0.0262
.lib,526,0.026
.mags,525,0.026
.rdb,521,0.0258
.rdf,519,0.0257
.rdx,519,0.0257
.vcxproj,515,0.0255
.mod,512,0.0253
.make,507,0.0251
.abs,505,0.025
.ico,503,0.0249
.label,503,0.0249
.mxl,502,0.0248
.uasset,497,0.0246
.install,488,0.0241
.htm,484,0.0239
.d,476,0.0235
.pimc,471,0.0233
.m4,466,0.023
.inl,459,0.0227
.pgm,454,0.0225
.apk,452,0.0224
.ui,451,0.0223
.ned,446,0.0221
.reg,444,0.022
.config,429,0.0212
.prototxt,425,0.021
.pyx,424,0.021
.vue,423,0.0209
.pure,402,0.0199
.mk,401,0.0198
.patch,400,0.0198
.tpl,400,0.0198
.a,398,0.0197
.bmp,398,0.0197
.narrowpeak,390,0.0193
.plo,389,0.0192
.hxx,382,0.0189
.nc,378,0.0187
.mli,378,0.0187
.ts,377,0.0186
.sv,376,0.0186
.fig,375,0.0185
.plist,374,0.0185
.tmd,372,0.0184
.elf64,371,0.0183
.crt,365,0.0181
.tlog,365,0.0181
.tar,360,0.0178
.mexmaci64,358,0.0177
.fits,356,0.0176
.phtml,353,0.0175
.markdown,346,0.0171
.mo,340,0.0168
.mf,338,0.0167
.woff,337,0.0167
.jl,337,0.0167
.x3d,337,0.0167
.xsl,336,0.0166
.launch,331,0.0164
.geojson,327,0.0162
.eps,327,0.0162
.msg,322,0.0159
.index,322,0.0159
.scn,322,0.0159
.ci,316,0.0156
.jsx,315,0.0156
.shader,306,0.0151
.yield_table,305,0.0151
.phy_phyml_tree,305,0.0151
.rproj,300,0.0148
.ipp,300,0.0148
.vcf,300,0.0148
.aes,298,0.0147
.phy,298,0.0147
.woff2,294,0.0145
.checked,294,0.0145
.opt,293,0.0145
.vi,292,0.0144
.mjs,292,0.0144
.mno,290,0.0143
.ctl,286,0.0141
.dbf,276,0.0136
.prj,274,0.0136
.mexglx,271,0.0134
.srq,270,0.0134
.cuh,269,0.0133
.hdr,269,0.0133
.ipf,269,0.0133
.cafe,267,0.0132
.mexw32,266,0.0132
.data-00000-of-00001,265,0.0131
.shp,265,0.0131
.faa,264,0.0131
.shx,264,0.0131
.proto,263,0.013
.twig,261,0.0129
.lo,259,0.0128
.hgh,257,0.0127
.do,253,0.0125
.1,252,0.0125
.mp3,252,0.0125
.mtl,251,0.0124
.eot,250,0.0124
.inp,250,0.0124
.lock,247,0.0122
.jsp,247,0.0122
.gsp,247,0.0122
.cmd,244,0.0121
.cf,244,0.0121
.cache,244,0.0121
.motif,244,0.0121
.template,242,0.012
.jsonl,241,0.0119
.g,240,0.0119
.cnf,234,0.0116
.sln,233,0.0115
.maxhelp,233,0.0115
.arff,232,0.0115
.bz2,230,0.0114
.ctp,230,0.0114
.dot,228,0.0113
.tga,227,0.0112
.strings,227,0.0112
.gradle,222,0.011
.trees,222,0.011
.m~,221,0.0109
.key,221,0.0109
.qml,217,0.0107
.mxml,217,0.0107
.iml,216,0.0107
.frq,214,0.0106
.feature,214,0.0106
.amsr18i,214,0.0106
.mac,212,0.0105
.flags,212,0.0105
.terms,211,0.0104
.nrg,210,0.0104
.lm,210,0.0104
.chk,209,0.0103
.lus,209,0.0103
.al,209,0.0103
.gro,208,0.0103
.msf,207,0.0102
.desktop,206,0.0102
.inputs,206,0.0102
.docx,204,0.0101
.files,203,0.01
.binvox,200,0.0099
.res,199,0.0098
.tre,198,0.0098
.phy_phyml_stats,197,0.0097
.sparql,195,0.0096
.cpp-e,193,0.0095
.resources,190,0.0094
.coffee,188,0.0093
.xci,188,0.0093
.rankings,187,0.0092
.bam,184,0.0091
.tab,182,0.009
.e,182,0.009
.cto,182,0.009
.pyi,180,0.0089
.eww,179,0.0089
.awk,178,0.0088
.cfmesh,178,0.0088
.cro,178,0.0088
.otf,176,0.0087
.scala,176,0.0087
.asc,176,0.0087
.hoc,174,0.0086
.rl,174,0.0086
.bash,173,0.0086
.0,172,0.0085
.sqlpp,171,0.0085
.xhtml,169,0.0084
.maude,169,0.0084
.ces,169,0.0084
.bib,165,0.0082
.pd,165,0.0082
.frcmod,165,0.0082
.warn,165,0.0082
.restext,163,0.0081
.def,162,0.008
.a1,162,0.008
.mexmaci,160,0.0079
.pir,157,0.0078
.typ,156,0.0077
.wig,154,0.0076
.plot,154,0.0076
.fast5,154,0.0076
.rpt,153,0.0076
.amsr36i,152,0.0075
.mid,151,0.0075
.pxd,150,0.0074
.pmp,149,0.0074
.psd,147,0.0073
.src,147,0.0073
.uavcan,147,0.0073
.sim,146,0.0072
.prepi,146,0.0072
.graphql,145,0.0072
.expected,145,0.0072
.ax,144,0.0071
.tiff,144,0.0071
.doc,142,0.007
.rar,141,0.007
.au,141,0.007
.smi,140,0.0069
.hudson,140,0.0069
.bs,140,0.0069
.prob,139,0.0069
.sbt,139,0.0069
.directive,139,0.0069
.package,139,0.0069
.spec,138,0.0068
.middiag,138,0.0068
.exs,138,0.0068
.ll,137,0.0068
.fsf,137,0.0068
.ejs,137,0.0068
.gh,137,0.0068
.dara,137,0.0068
.pcss,135,0.0067
.pred,135,0.0067
.svelte,134,0.0066
.qgs,134,0.0066
.fix,134,0.0066
.ics,134,0.0066
.msh,133,0.0066
.bdeu,132,0.0065
.tgz,128,0.0063
.maxpat,128,0.0063
.bedpe,127,0.0063
.sci,126,0.0062
.h2ci,126,0.0062
.kdump,125,0.0062
.stdout,124,0.0061
.ref,124,0.0061
.ps1,122,0.006
.nsh,122,0.006
.nb,121,0.006
.pls,121,0.006
.smt2,121,0.006
.exo,120,0.0059
.pbj,120,0.0059
.pbk,120,0.0059
.physicmaterial,119,0.0059
.org,118,0.0058
.filters,116,0.0057
.buf,116,0.0057
.xtend,115,0.0057
.old,114,0.0056
.xcscheme,114,0.0056
.api,114,0.0056
.hyp,114,0.0056
.nex,113,0.0056
.mro,112,0.0055
.elf,112,0.0055
.pot,112,0.0055
.jawa,112,0.0055
.all,111,0.0055
.dart,111,0.0055
.lnt,111,0.0055
.crtf,111,0.0055
.bpmn,109,0.0054
.model,109,0.0054
.exr,109,0.0054
.pper,109,0.0054
.jsonnet,109,0.0054
.isf,108,0.0053
.cls,107,0.0053
.fxml,106,0.0052
.swf,106,0.0052
.fastq,105,0.0052
.irt,105,0.0052
.vhdl,105,0.0052
.srx,105,0.0052
.mot,104,0.0051
.mos,104,0.0051
.cube,104,0.0051
.sign,103,0.0051
.ac,102,0.005
.xdc,102,0.005
.bt2,102,0.005
.root,101,0.005
.inter,101,0.005
.clf,101,0.005
.pth,100,0.0049
.sim_b,100,0.0049
.sim_be,100,0.0049
.sh3d,100,0.0049
.ctab,100,0.0049
.bai,99,0.0049
.wsdl,99,0.0049
.detector,99,0.0049
.ratdb,99,0.0049
.psp8,98,0.0048
.clj,98,0.0048
.abnf,98,0.0048
.scat,98,0.0048
.bak,97,0.0048
.rs,97,0.0048
.example,96,0.0047
.ecore,96,0.0047
.fm,96,0.0047
.hm,96,0.0047
.z,95,0.0047
.pyd,95,0.0047
.xpr,95,0.0047
.mesh,94,0.0046
.istar_mavo,94,0.0046
.snk,92,0.0045
.asd,92,0.0045
.fas,92,0.0045
.manifest,91,0.0045
.xtc,91,0.0045
.xacro,91,0.0045
.stderr,90,0.0045
.user,90,0.0045
.xslt,90,0.0045
.hdf5,90,0.0045
.ctf,90,0.0045
.orig,88,0.0044
.utr20,88,0.0044
.dis,87,0.0043
.bdd,87,0.0043
.xib,86,0.0043
.md5,86,0.0043
.rtf,85,0.0042
.thm,85,0.0042
.aps,85,0.0042
.jld2,84,0.0042
.output,83,0.0041
.kicad_mod,83,0.0041
.local,82,0.0041
.form,82,0.0041
.props,82,0.0041
.geo,82,0.0041
.pgout,82,0.0041
.mtx,82,0.0041
.koat,82,0.0041
.yara,82,0.0041
.list,81,0.004
.rake,81,0.004
.vcproj,81,0.004
.wpc,81,0.004
.lpr,81,0.004
.doctree,81,0.004
.exome,81,0.004
.sheep,81,0.004
.sofa,80,0.004
.pptx,79,0.0039
.service,79,0.0039
.avif,79,0.0039
.apl,79,0.0039
.ps,78,0.0039
.lst,78,0.0039
.settings,77,0.0038
.mm,77,0.0038
.diff,77,0.0038
.frag,77,0.0038
.cff,76,0.0038
.str,76,0.0038
.apib,76,0.0038
.sty,75,0.0037
.2,75,0.0037
.cer,75,0.0037
.rules,75,0.0037
.stack,75,0.0037
.step,75,0.0037
.at2,75,0.0037
.ods,74,0.0037
.gltf,74,0.0037
.swp,73,0.0036
.ftl,73,0.0036
.ascii,73,0.0036
.newick,73,0.0036
.wandb,73,0.0036
.dtd,72,0.0036
.tim,72,0.0036
.a2,72,0.0036
.region,72,0.0036
.icns,71,0.0035
.3,71,0.0035
.vec,71,0.0035
.wxm,71,0.0035
.gff,71,0.0035
.pc,71,0.0035
.sch,70,0.0035
.idl,70,0.0035
.vert,70,0.0035
.j2,69,0.0034
.xcconfig,69,0.0034
.tmpl,69,0.0034
.cab,69,0.0034
.nml,69,0.0034
.xscade,69,0.0034
.dblite,69,0.0034
.kremlin,69,0.0034
.clm,69,0.0034
.sample,68,0.0034
.uml,68,0.0034
.pbxproj,67,0.0033
.ann,67,0.0033
.3dti-hrtf,67,0.0033
.fst,67,0.0033
.rt,67,0.0033
.nlf,67,0.0033
.sum,66,0.0033
.build,66,0.0033
.tlsf,66,0.0033
.feather,66,0.0033
.ors,66,0.0033
.el,65,0.0032
.win,65,0.0032
.doctest,65,0.0032
.raw,64,0.0032
.nsi,64,0.0032
.neu,64,0.0032
.bpl,64,0.0032
.gbr,64,0.0032
.val,64,0.0032
.ghuser,64,0.0032
.asv,63,0.0031
.cabal,63,0.0031
.prop,63,0.0031
.mix,63,0.0031
.ai,63,0.0031
.rbi,63,0.0031
.sig,62,0.0031
.rc,62,0.0031
.cl,62,0.0031
.hrl,62,0.0031
.pbs,62,0.0031
.fs,62,0.0031
.eml,62,0.0031
.aux,62,0.0031
.tokens,61,0.003
.zmat,61,0.003
.ceq,61,0.003
.keyw,61,0.003
.srv,61,0.003
.lang,61,0.003
.txx,61,0.003
.filez,61,0.003
.tbl,60,0.003
.n3,60,0.003
.csh,60,0.003
.prmtop,60,0.003
.plan,60,0.003
.wad,60,0.003
.nii,59,0.0029
.sse,59,0.0029
.kts,58,0.0029
.dh,58,0.0029
.hh~,58,0.0029
.adoc,57,0.0028
.xmi,57,0.0028
.tntp,57,0.0028
.phr,56,0.0028
.pin,56,0.0028
.psq,56,0.0028
.dict,56,0.0028
.xy,56,0.0028
.kij,56,0.0028
.reference_output,56,0.0028
.dic,56,0.0028
.gnu,55,0.0027
.hs-boot,55,0.0027
.onnx,55,0.0027
.8,55,0.0027
.classdiagram,55,0.0027
.syn,55,0.0027
.j3m,55,0.0027
.baml,55,0.0027
.3dm,55,0.0027
.vm,54,0.0027
.nix,54,0.0027
.cpg,54,0.0027
.readme,54,0.0027
.aar,54,0.0027
.xpm,54,0.0027
.dist,53,0.0026
.swatch,53,0.0026
.reaction,53,0.0026
.lagda,53,0.0026
.y,52,0.0026
.rsc,52,0.0026
.jks,52,0.0026
.plt,52,0.0026
.features,52,0.0026
.q,52,0.0026
.sbatch,51,0.0025
.rnw,51,0.0025
.dylib,51,0.0025
.ins,51,0.0025
.cwl,51,0.0025
.net,51,0.0025
.adc,51,0.0025
.gexf,51,0.0025
.ckpt,51,0.0025
.adl,51,0.0025
.ijm,50,0.0025
.history,50,0.0025
.gemspec,50,0.0025
.controller,50,0.0025
.piqi,50,0.0025
.adm,50,0.0025
.broadpeak,50,0.0025
.avi,49,0.0024
.off,49,0.0024
.internal,49,0.0024
.mol2,49,0.0024
.nuspec,48,0.0024
.script,48,0.0024
.crc,48,0.0024
.pug,48,0.0024
.lox,48,0.0024
.guess,47,0.0023
.xcworkspacedata,47,0.0023
.l,47,0.0023
.dockerfile,47,0.0023
.swc,47,0.0023
.fl,47,0.0023
.proof,47,0.0023
.suo,46,0.0023
.x,46,0.0023
.emf,46,0.0023
.anim,46,0.0023
.dox,46,0.0023
.sub,45,0.0022
.typed,45,0.0022
.fai,45,0.0022
.circom,45,0.0022
.inf,45,0.0022
.slx,45,0.0022
.asmdef,45,0.0022
.graph,45,0.0022
.t7,45,0.0022
.pomdp,45,0.0022
.env,44,0.0022
.paw,44,0.0022
.genmodel,44,0.0022
.skip,44,0.0022
.px2,44,0.0022
.3pcap,44,0.0022
.stub,44,0.0022
.yul,44,0.0022
.fp,44,0.0022
.ninja,44,0.0022
.dlog,44,0.0022
.top,43,0.0021
.itp,43,0.0021
.7z,43,0.0021
.g4,43,0.0021
.order,43,0.0021
.nt,43,0.0021
.gotmpl,43,0.0021
.rviz,43,0.0021
.compile,43,0.0021
.gephi,43,0.0021
.ds_store,42,0.0021
.mlapp,42,0.0021
.tmp,42,0.0021
.tec,42,0.0021
.sunwcch,42,0.0021
.cat,41,0.002
.opi,41,0.002
.default,41,0.002
.torrent,41,0.002
.psql,41,0.002
.bats,41,0.002
.bnf,41,0.002
.productline,41,0.002
.weave,41,0.002
.modulemap,40,0.002
.ply,40,0.002
.pde,40,0.002
.arch,40,0.002
.bazel,40,0.002
.pairs,40,0.002
.lbr,40,0.002
.jadd,40,0.002
.xsp,40,0.002
.g3dj,39,0.0019
.finc,39,0.0019
.targets,39,0.0019
.jinja2,39,0.0019
.qm,39,0.0019
.whl,39,0.0019
.vs,39,0.0019
.jld,39,0.0019
.pop,39,0.0019
.blastn,39,0.0019
.function,39,0.0019
.cmnd,39,0.0019
.dcf,38,0.0019
.sml,38,0.0019
.stan,38,0.0019
.postinst,38,0.0019
.options,38,0.0019
.sldprt,38,0.0019
.req,38,0.0019
.webp,38,0.0019
.exp,38,0.0019
.nexus,38,0.0019
.svc,38,0.0019
.edl,38,0.0019
.coor,38,0.0019
.spl,38,0.0019
.glsl,37,0.0018
.fnt,37,0.0018
.kml,37,0.0018
.mps,37,0.0018
.aspx,37,0.0018
.graphml,37,0.0018
.biom,37,0.0018
.fls,37,0.0018
.stamp,37,0.0018
.classdiagram_mavo,37,0.0018
.haml,37,0.0018
.scad,37,0.0018
.1-2,37,0.0018
.1-3,37,0.0018
.1-4,37,0.0018
.1-5,37,0.0018
.2-2,37,0.0018
.2-3,37,0.0018
.2-4,37,0.0018
.2-5,37,0.0018
.smk,37,0.0018
.nw,36,0.0018
.dirs,36,0.0018
.xsc,36,0.0018
.metadata,36,0.0018
.sdf,36,0.0018
.5,36,0.0018
.perl,36,0.0018
.iso,36,0.0018
.gbk,36,0.0018
.mar,36,0.0018
.msgpack,36,0.0018
.clstr,36,0.0018
.graphqls,36,0.0018
.thtml,36,0.0018
.cost,36,0.0018
.xcf,35,0.0017
.pspnc,35,0.0017
.dotsettings,35,0.0017
.aj,35,0.0017
.th,35,0.0017
.mll,35,0.0017
.lastbuildstate,35,0.0017
.svd,35,0.0017
.nl,35,0.0017
.brite,35,0.0017
.agda-lib,35,0.0017
.option,35,0.0017
.txt~,34,0.0017
.od,34,0.0017
.language,34,0.0017
.pipeline-config,34,0.0017
.lean,34,0.0017
.brd,34,0.0017
.any,34,0.0017
.batch,34,0.0017
.j3o,34,0.0017
.cxls,33,0.0016
.storyboard,33,0.0016
.bst,33,0.0016
.proj,33,0.0016
.tsp,33,0.0016
.sct,33,0.0016
.der,33,0.0016
.jrag,33,0.0016
.05-1,33,0.0016
.05-2,33,0.0016
.05-3,33,0.0016
.05-4,33,0.0016
.05-5,33,0.0016
.1-1,33,0.0016
.15-1,33,0.0016
.15-2,33,0.0016
.15-3,33,0.0016
.15-4,33,0.0016
.15-5,33,0.0016
.2-1,33,0.0016
.pspimage,33,0.0016
.gpx,32,0.0016
.py~,32,0.0016
.toc,32,0.0016
.swinb,32,0.0016
.hoa,32,0.0016
.grapp,32,0.0016
.fdb,32,0.0016
.fld,32,0.0016
.flm,32,0.0016
.002,31,0.0015
.sbn,31,0.0015
.sbx,31,0.0015
.trace,31,0.0015
.fea,31,0.0015
.qpj,31,0.0015
.em,31,0.0015
.psf,31,0.0015
.sts,31,0.0015
.lat,31,0.0015
.pch,30,0.0015
.4,30,0.0015
.001,30,0.0015
.nbin,30,0.0015
.com,30,0.0015
.parset,30,0.0015
.dex,30,0.0015
.wlt,30,0.0015
.gjf,30,0.0015
.de,30,0.0015
.bb,30,0.0015
.yang,30,0.0015
.ex,30,0.0015
.pytorch,30,0.0015
.rls,30,0.0015
.landmarkascii,30,0.0015
.annot,29,0.0014
.sav,29,0.0014
.sam,29,0.0014
.caffemodel,29,0.0014
.datasource,29,0.0014
.lesser,29,0.0014
.prm,29,0.0014
.ru,29,0.0014
.mgz,29,0.0014
.mak,29,0.0014
.lds,29,0.0014
.only,29,0.0014
.excalidraw,29,0.0014
.pipeline,29,0.0014
.wdl,29,0.0014
.crd,29,0.0014
.qc,29,0.0014
.filtered,29,0.0014
.hash,29,0.0014
.sh~,28,0.0014
.mexmaca64,28,0.0014
.tru,28,0.0014
.rout,28,0.0014
.event,28,0.0014
.mdb,28,0.0014
.sp,28,0.0014
.license,28,0.0014
.fr,28,0.0014
.thingml,28,0.0014
.kv,28,0.0014
.obs,28,0.0014
.jade,28,0.0014
.unv,28,0.0014
.amf,27,0.0013
.tt,27,0.0013
.name,27,0.0013
.html~,27,0.0013
.check_cache,27,0.0013
.alloy,27,0.0013
.line,27,0.0013
.np,27,0.0013
.piq,27,0.0013
.scl,27,0.0013
.safsu,27,0.0013
.ecl,27,0.0013
.overlay,27,0.0013
.save,26,0.0013
.cys,26,0.0013
.6,26,0.0013
.qrc,26,0.0013
.slurm,26,0.0013
.con,26,0.0013
.sage,26,0.0013
.rsf,26,0.0013
.it,26,0.0013
.npo,26,0.0013
.llik,26,0.0013
.castep,26,0.0013
.gaml,26,0.0013
.bag,26,0.0013
.tri,26,0.0013
.ダウンロード,26,0.0013
.jpage,26,0.0013
.run,25,0.0012
.nwk,25,0.0012
.tbi,25,0.0012
.bsh,25,0.0012
.component,25,0.0012
.pump,25,0.0012
.ds,25,0.0012
.qsub,25,0.0012
.exc,25,0.0012
.bbl,25,0.0012
.sc,25,0.0012
.ttm,25,0.0012
.handlebars,25,0.0012
.mov,25,0.0012
.molecule,25,0.0012
.henshin,25,0.0012
.henshin_diagram,25,0.0012
.pssm,25,0.0012
.tf,25,0.0012
.ipac,25,0.0012
.zy,25,0.0012
.sif,24,0.0012
.mustache,24,0.0012
.help,24,0.0012
.003,24,0.0012
.stdin,24,0.0012
.app,24,0.0012
.blend,24,0.0012
.bunch,24,0.0012
.copairs,24,0.0012
.misppairs,24,0.0012
.pxi,24,0.0012
.tax,24,0.0012
.sas,24,0.0012
.sm,24,0.0012
.smt,24,0.0012
.gplt,24,0.0012
.stat,23,0.0011
.tld,23,0.0011
.pb,23,0.0011
.razor,23,0.0011
.debug,23,0.0011
.init,23,0.0011
.wmz,23,0.0011
.wgsl,23,0.0011
.las,23,0.0011
.ct,23,0.0011
.saved,23,0.0011
.bugfix,23,0.0011
.freq,23,0.0011
.pref,23,0.0011
.pre,22,0.0011
.names,22,0.0011
.osim,22,0.0011
.fhi,22,0.0011
.geom,22,0.0011
.dcm,22,0.0011
.bkp,22,0.0011
.static,22,0.0011
.prerm,22,0.0011
.md5sum,22,0.0011
.opts,22,0.0011
.marks,22,0.0011
.hx,22,0.0011
.fo,22,0.0011
.backup,22,0.0011
.vql,22,0.0011
.0-1,22,0.0011
.ascx,22,0.0011
.lyx,22,0.0011
.menkar,22,0.0011
.octree,22,0.0011
.mrt,21,0.001
.gin,21,0.001
.release,21,0.001
.cginc,21,0.001
.mexmac,21,0.001
.odt,21,0.001
.cocommonpairs,21,0.001
.commonpairs,21,0.001
.mispcommonpairs,21,0.001
.annotation,21,0.001
.preinst,21,0.001
.astro,21,0.001
.mdx,21,0.001
.world,21,0.001
.ace,21,0.001
.tpp,21,0.001
.jrxml,21,0.001
.asp,21,0.001
.tmplt,21,0.001
.colc,21,0.001
.case6_4_demo,21,0.001
.taggers,21,0.001
.j3odata,21,0.001
.bob,21,0.001
.gcd,21,0.001
.pes,21,0.001
.h~,20,0.001
.gnuplot,20,0.001
.cjs,20,0.001
.psp,20,0.001
.odg,20,0.001
.seq,20,0.001
.csl,20,0.001
.cspc,20,0.001
.thor,20,0.001
.brf,20,0.001
.template~,20,0.001
.sfd,20,0.001
.dummy,20,0.001
.sl,20,0.001
.r~,20,0.001
.nrrd,20,0.001
.anod,20,0.001
.gotpl,20,0.001
.rng,20,0.001
.story,20,0.001
.iwa,20,0.001
.ily,19,0.0009
.trk,19,0.0009
.fchk,19,0.0009
.http,19,0.0009
.lop,19,0.0009
.args,19,0.0009
.nib,19,0.0009
.drl,19,0.0009
.sha256,19,0.0009
.tx,19,0.0009
.sf,19,0.0009
.blg,19,0.0009
.xpt,19,0.0009
.profile,19,0.0009
.pom,19,0.0009
.tpr,19,0.0009
.cmakein,19,0.0009
.material,19,0.0009
.hamlet,19,0.0009
.xpl,19,0.0009
.mcmeta,19,0.0009
.grp,19,0.0009
.csm,19,0.0009
.dpr,19,0.0009
.zsol,19,0.0009
.kvg,19,0.0009
.svn-work,19,0.0009
.prt,19,0.0009
.rfo,19,0.0009
.col,18,0.0009
.fq,18,0.0009
.state,18,0.0009
.jou,18,0.0009
.pts,18,0.0009
.pep,18,0.0009
.rnc,18,0.0009
.sqlite,18,0.0009
.icc,18,0.0009
.gmt,18,0.0009
.aa,18,0.0009
.idx,18,0.0009
.classdiagramdiag,18,0.0009
.be,18,0.0009
.macho64,18,0.0009
.mt,18,0.0009
.c4d,18,0.0009
.adf,18,0.0009
.sha1,18,0.0009
.aag,18,0.0009
._,18,0.0009
.stat_totcorr,18,0.0009
.stations,18,0.0009
.styl,17,0.0008
.gb,17,0.0008
.nf,17,0.0008
.arpa,17,0.0008
.fragment,17,0.0008
.pub,17,0.0008
.vspscc,17,0.0008
.ttt,17,0.0008
.container,17,0.0008
.layout,17,0.0008
.baseline,17,0.0008
.trimmed,17,0.0008
.vrb,17,0.0008
.un~,17,0.0008
.incritic,17,0.0008
.ecorediag,17,0.0008
.mp,17,0.0008
.dix,17,0.0008
.coeff,17,0.0008
.skeleton,17,0.0008
.weights,17,0.0008
.zout,17,0.0008
.obo,17,0.0008
.new,17,0.0008
.input,17,0.0008
.cvr,17,0.0008
.sqn,17,0.0008
.pulses,17,0.0008
.upl,17,0.0008
.dproj,17,0.0008
.gamma,17,0.0008
.5120,17,0.0008
.vsn,17,0.0008
.grc,16,0.0008
.sed,16,0.0008
.sc2map,16,0.0008
.version,16,0.0008
.glb,16,0.0008
.image,16,0.0008
.mly,16,0.0008
.bgd,16,0.0008
.si,16,0.0008
.ppm,16,0.0008
.supp,16,0.0008
.dat-s,16,0.0008
.man,16,0.0008
.console_out,16,0.0008
.metavalue,16,0.0008
.aird,16,0.0008
.jspf,16,0.0008
.cnt,16,0.0008
.vel,16,0.0008
.gsn,16,0.0008
.classdiagramdiag_mavo,16,0.0008
.g4table,16,0.0008
.srim,16,0.0008
.cal,16,0.0008
.lss,16,0.0008
.urdf,16,0.0008
.h5ad,16,0.0008
.cie,16,0.0008
.cmi,16,0.0008
.ott,16,0.0008
.pdbqt,16,0.0008
.testfile,16,0.0008
.vp,16,0.0008
.cfg~,16,0.0008
.dat_results,16,0.0008
.fpj,16,0.0008
.ftx,16,0.0008
.xwam,16,0.0008
.lhe,16,0.0008
.ocio,16,0.0008
.hypo_inv,16,0.0008
.entitlements,15,0.0007
.js~,15,0.0007
.lgo,15,0.0007
.teal,15,0.0007
.hs-incl,15,0.0007
.004,15,0.0007
.xml~,15,0.0007
.rendertexture,15,0.0007
.params,15,0.0007
.pri,15,0.0007
.dbs,15,0.0007
.7,15,0.0007
.psl,15,0.0007
.bzl,15,0.0007
.pitch,15,0.0007
.apfmapping,15,0.0007
.mexsg,15,0.0007
.mexsg64,15,0.0007
.mexsol,15,0.0007
.true,15,0.0007
.dcd,15,0.0007
.vsz,15,0.0007
.human1,15,0.0007
.jpk-force,15,0.0007
.ncl,15,0.0007
.prf,15,0.0007
.vala,15,0.0007
.mapping,15,0.0007
.gir,15,0.0007
.shadergraph,15,0.0007
.jenkinsfile,15,0.0007
.tads,15,0.0007
.cti,15,0.0007
.emb,15,0.0007
.pnml,14,0.0007
.ff,14,0.0007
.include,14,0.0007
.pac,14,0.0007
.vim,14,0.0007
.arj,14,0.0007
.webm,14,0.0007
.sorted-by-tts,14,0.0007
.ser,14,0.0007
.xtext,14,0.0007
.nn,14,0.0007
.pbtxt,14,0.0007
.b,14,0.0007
.mcr,14,0.0007
.train,14,0.0007
.cfe,14,0.0007
.idb,14,0.0007
.json5,14,0.0007
.header,14,0.0007
.p12,14,0.0007
.ifc,14,0.0007
.06,14,0.0007
.hdfs,14,0.0007
.bcf,14,0.0007
.trainer,14,0.0007
.norm,14,0.0007
.norm~,14,0.0007
.click,14,0.0007
.templ,14,0.0007
.statemachine,14,0.0007
.bin+8,14,0.0007
.bin+4,14,0.0007
.il,14,0.0007
.gcc,14,0.0007
.vb,14,0.0007
.dyp,14,0.0007
.cnd,14,0.0007
.sld,14,0.0007
.bbmodel,14,0.0007
.ffly,14,0.0007
.ncml,14,0.0007
.tps,14,0.0007
.jstest,14,0.0007
.gws,14,0.0007
.sbgn,14,0.0007
.rel,14,0.0007
.aiff,14,0.0007
.bar,14,0.0007
.xcuserstate,13,0.0006
.abinit,13,0.0006
.amb,13,0.0006
.bwt,13,0.0006
.sa,13,0.0006
.treetop,13,0.0006
.bk,13,0.0006
.types,13,0.0006
.dev,13,0.0006
.cfs,13,0.0006
.lref,13,0.0006
.fmt,13,0.0006
.ped,13,0.0006
.eval,13,0.0006
.12,13,0.0006
.sfp,13,0.0006
.page,13,0.0006
.graffle,13,0.0006
.inpcrd,13,0.0006
.bit,13,0.0006
.vmd,13,0.0006
.gp,13,0.0006
.000,13,0.0006
.sha,13,0.0006
.tag,13,0.0006
.assets,13,0.0006
.wrl,13,0.0006
.relationaldatabase_mavo,13,0.0006
.wiki,13,0.0006
.grd,13,0.0006
.hdtcfg,13,0.0006
.pkg,13,0.0006
.otio,13,0.0006
.mcl,13,0.0006
.rpm,13,0.0006
.dtf,13,0.0006
.lin,13,0.0006
.picked,13,0.0006
.prb,13,0.0006
.nhx,13,0.0006
.wkt,13,0.0006
.p4,12,0.0006
.f95,12,0.0006
.sqlite3,12,0.0006
.bim,12,0.0006
.done,12,0.0006
.dep,12,0.0006
.manpages,12,0.0006
.pod,12,0.0006
.tla,12,0.0006
.hc,12,0.0006
.notation,12,0.0006
.di,12,0.0006
.cbproj,12,0.0006
.start,12,0.0006
.status,12,0.0006
.source,12,0.0006
.lintian-overrides,12,0.0006
.webmanifest,12,0.0006
.har,12,0.0006
.paths,12,0.0006
.common,12,0.0006
.defs,12,0.0006
.theme,12,0.0006
.slnx,12,0.0006
.interval_list,12,0.0006
.xcix,12,0.0006
.bel,12,0.0006
.cpp~,12,0.0006
.parm7,12,0.0006
.scssc,12,0.0006
.x2r,12,0.0006
.clrat,12,0.0006
.lrat,12,0.0006
.normal,12,0.0006
.strip,12,0.0006
.smd,12,0.0006
.svl,12,0.0006
.ren,12,0.0006
.ktr,12,0.0006
.fds,12,0.0006
.dtrace,12,0.0006
.slog,12,0.0006
.couch,12,0.0006
.nxs,12,0.0006
.pxp,12,0.0006
.vv,12,0.0006
.pk8,12,0.0006
.la,11,0.0005
.hlsl,11,0.0005
.cgi,11,0.0005
.fam,11,0.0005
.rlx,11,0.0005
.jfd,11,0.0005
.debian,11,0.0005
.upf,11,0.0005
.wasm,11,0.0005
.inline,11,0.0005
.depend,11,0.0005
.sys,11,0.0005
.pfx,11,0.0005
.stg,11,0.0005
.jslib,11,0.0005
.rfis,11,0.0005
.glade,11,0.0005
.spc,11,0.0005
.eqn,11,0.0005
.rdoc,11,0.0005
.cpickle,11,0.0005
.gen,11,0.0005
.application,11,0.0005
.cli,11,0.0005
.snp,11,0.0005
.adj,11,0.0005
.adv,11,0.0005
.drawio,11,0.0005
.ids,11,0.0005
.trr,11,0.0005
.prep,11,0.0005
.gon,11,0.0005
.gonstats,11,0.0005
.gff3,11,0.0005
.events,11,0.0005
.dxf,11,0.0005
.pml,11,0.0005
.mdp,11,0.0005
.slab,11,0.0005
.js_broken,11,0.0005
.texi,11,0.0005
.dsw,11,0.0005
.odesign,11,0.0005
.iss,11,0.0005
.rockspec,11,0.0005
.inv,11,0.0005
.snake,11,0.0005
.rd~,11,0.0005
.schelp,11,0.0005
.tjs,11,0.0005
.arff 2,11,0.0005
.arff 3,11,0.0005
.dom,11,0.0005
.vels,10,0.0005
.jmx,10,0.0005
.mlx,10,0.0005
.mako,10,0.0005
.mdown,10,0.0005
.tags,10,0.0005
.gii,10,0.0005
.csv#,10,0.0005
.grace,10,0.0005
.docs,10,0.0005
.ddk,10,0.0005
.005,10,0.0005
.policy,10,0.0005
.json~,10,0.0005
.apkg,10,0.0005
.disabled,10,0.0005
.cert,10,0.0005
.wbf,10,0.0005
.pos,10,0.0005
.noun,10,0.0005
.verb,10,0.0005
.xccheckout,10,0.0005
.tcc,10,0.0005
.dpx,10,0.0005
.omh,10,0.0005
.assign,10,0.0005
.linestats,10,0.0005
.fieldml,10,0.0005
.cov,10,0.0005
.kompren,10,0.0005
.arb,10,0.0005
.700,10,0.0005
.800,10,0.0005
.900,10,0.0005
.nopct,10,0.0005
.flux,10,0.0005
.trad,10,0.0005
.lut,10,0.0005
.jnlp,10,0.0005
.bw,10,0.0005
.ress,10,0.0005
.gmfgen,10,0.0005
.gmfgraph,10,0.0005
.gmfmap,10,0.0005
.gmftool,10,0.0005
.cof,10,0.0005
.nyx,10,0.0005
.area,10,0.0005
.base,10,0.0005
.y4m,10,0.0005
.sym,10,0.0005
.edt,10,0.0005
.edx,10,0.0005
.epp,10,0.0005
.docker,10,0.0005
.flcvr,10,0.0005
.r2016b,10,0.0005
.cascade,10,0.0005
.tea,10,0.0005
.grid,10,0.0005
.mzxml,10,0.0005
.cogsbox,10,0.0005
.jsm,10,0.0005
.cpt,10,0.0005
.knime,10,0.0005
.tsdb,10,0.0005
.jpt,10,0.0005
.gappedpeak,10,0.0005
.dr,10,0.0005
.snippet,10,0.0005
.neic,10,0.0005
.c~,9,0.0004
.report,9,0.0004
.ly,9,0.0004
.xcbkptlist,9,0.0004
.cor,9,0.0004
.wsgi,9,0.0004
.tagged,9,0.0004
.atlas,9,0.0004
.nhr,9,0.0004
.nin,9,0.0004
.nsq,9,0.0004
.dockerignore,9,0.0004
.ignore,9,0.0004
.psml,9,0.0004
.fc,9,0.0004
.006,9,0.0004
.genome,9,0.0004
.ambr,9,0.0004
.edges,9,0.0004
.jnilib,9,0.0004
.pdn,9,0.0004
.rpc,9,0.0004
.demo,9,0.0004
.mit,9,0.0004
.cthm,9,0.0004
.block,9,0.0004
.exsd,9,0.0004
.fish,9,0.0004
.04,9,0.0004
.img,9,0.0004
.gyp,9,0.0004
.mml,9,0.0004
.fsa,9,0.0004
.mel,9,0.0004
.gzi,9,0.0004
.ndx,9,0.0004
.ja,9,0.0004
.100,9,0.0004
.200,9,0.0004
.300,9,0.0004
.400,9,0.0004
.500,9,0.0004
.600,9,0.0004
.gd,9,0.0004
.htc,9,0.0004
.opam,9,0.0004
.xlsx#,9,0.0004
.int,9,0.0004
.shtml,9,0.0004
.3dti-brir,9,0.0004
.gts,9,0.0004
.ilk,9,0.0004
.c++,9,0.0004
.pal,9,0.0004
.z01,9,0.0004
.tm,9,0.0004
.ion,9,0.0004
.tiny,9,0.0004
.tc,9,0.0004
.rhtml,9,0.0004
.pds,9,0.0004
.patt,9,0.0004
.rgs,9,0.0004
.topostats,9,0.0004
.hmm2,9,0.0004
.hbs,9,0.0004
.fg,9,0.0004
.arf,9,0.0004
.hp,9,0.0004
.tsl,9,0.0004
.job,9,0.0004
.grdgmt,9,0.0004
.latlon,9,0.0004
.scm,8,0.0004
.results,8,0.0004
.tran,8,0.0004
.appxmanifest,8,0.0004
.gdml,8,0.0004
.csr,8,0.0004
.20,8,0.0004
.mex,8,0.0004
.g3db,8,0.0004
.rsd,8,0.0004
.128procs,8,0.0004
.ddb,8,0.0004
.escript,8,0.0004
.clusters,8,0.0004
.louvain,8,0.0004
.resw,8,0.0004
.24,8,0.0004
.linux,8,0.0004
.gold,8,0.0004
.lnk,8,0.0004
.esv,8,0.0004
.mwe2,8,0.0004
.guiskin,8,0.0004
.dwlt,8,0.0004
.pytor,8,0.0004
.cfin,8,0.0004
.codon,8,0.0004
.wl,8,0.0004
.parquet,8,0.0004
.gemfile,8,0.0004
.fragmentshader,8,0.0004
.vdproj,8,0.0004
.pcfg,8,0.0004
.original,8,0.0004
.interp,8,0.0004
.gpg,8,0.0004
.configurations,8,0.0004
.fio,8,0.0004
.mhelp,8,0.0004
.gpl,8,0.0004
.mllib,8,0.0004
.gpkg,8,0.0004
.osm,8,0.0004
.matlab,8,0.0004
.ap_,8,0.0004
.vtt,8,0.0004
.gbo,8,0.0004
.gbs,8,0.0004
.gto,8,0.0004
.gtp,8,0.0004
.target,8,0.0004
.tagger,8,0.0004
.mw,8,0.0004
.allx,8,0.0004
.ally,8,0.0004
.ty,8,0.0004
.windows,8,0.0004
.bcs,8,0.0004
.xcsettings,8,0.0004
.oct,8,0.0004
.cbp,8,0.0004
.os,8,0.0004
.constraint,8,0.0004
.statemachinediag,8,0.0004
.wcfg,8,0.0004
.std,8,0.0004
.dsc,8,0.0004
.mgh,8,0.0004
.mph,8,0.0004
.hpp~,8,0.0004
.qix,8,0.0004
.eab,8,0.0004
.ocb,8,0.0004
.nbt,8,0.0004
.pe64,8,0.0004
.leo,8,0.0004
.schema,8,0.0004
.xed,8,0.0004
.instances,8,0.0004
.pf,8,0.0004
.jy,8,0.0004
.dssp,8,0.0004
.pomdpx,8,0.0004
.pro~,8,0.0004
.plg,8,0.0004
.submit,8,0.0004
.vfp,8,0.0004
.apron,8,0.0004
.tadb,8,0.0004
.arc,8,0.0004
.cdl,8,0.0004
.gwd,8,0.0004
.itx,8,0.0004
.xop,8,0.0004
.wise,8,0.0004
.fak,8,0.0004
.iaproj,8,0.0004
.2levels,8,0.0004
.coords,8,0.0004
.coords_tmp,8,0.0004
.unaligned,8,0.0004
.rp,8,0.0004
.max,8,0.0004
.shield,8,0.0004
.wrap,8,0.0004
.gmtxy,8,0.0004
.p4~,7,0.0003
.ses,7,0.0003
.nupkg,7,0.0003
.atr,7,0.0003
.10,7,0.0003
.comps,7,0.0003
.swaps,7,0.0003
.sexp,7,0.0003
.vars,7,0.0003
.maf,7,0.0003
.psp_mod,7,0.0003
.pspgth,7,0.0003
.pcapng,7,0.0003
.links,7,0.0003
.egg,7,0.0003
.frm,7,0.0003
.cshtml,7,0.0003
.egl,7,0.0003
.xml_gen,7,0.0003
.rsp,7,0.0003
.xswt,7,0.0003
.aidl,7,0.0003
.stash,7,0.0003
.cds,7,0.0003
.numbers,7,0.0003
.pages,7,0.0003
.md~,7,0.0003
.loom,7,0.0003
.ucls,7,0.0003
.ansible,7,0.0003
.command,7,0.0003
.jjt,7,0.0003
.line1,7,0.0003
.cram,7,0.0003
.eng,7,0.0003
.fin,7,0.0003
.tur,7,0.0003
.align,7,0.0003
.vtk,7,0.0003
.rst7,7,0.0003
.30,7,0.0003
.lp,7,0.0003
.pyf,7,0.0003
.pfg,7,0.0003
.topojson,7,0.0003
.csi,7,0.0003
.nlogo,7,0.0003
.mis,7,0.0003
.sublime-project,7,0.0003
.ec,7,0.0003
.shared,7,0.0003
.comp,7,0.0003
.vml,7,0.0003
.session,7,0.0003
.asis,7,0.0003
.mts,7,0.0003
.neon,7,0.0003
.card,7,0.0003
.diag,7,0.0003
.uvt,7,0.0003
.mrg,7,0.0003
.cquery,7,0.0003
.restart,7,0.0003
.bytes,7,0.0003
.df,7,0.0003
.synth,7,0.0003
.vdf,7,0.0003
.yaml~,7,0.0003
.gfa,7,0.0003
.2010,7,0.0003
.scr,7,0.0003
.misc,7,0.0003
.hql,7,0.0003
.actives,7,0.0003
.inactives,7,0.0003
.sbml,7,0.0003
.l2,7,0.0003
.fct,7,0.0003
.icao,7,0.0003
.ashx,7,0.0003
.hse,7,0.0003
.ecsv,7,0.0003
.gui,7,0.0003
.spi1d,7,0.0003
.sing,7,0.0003
.dbl,7,0.0003
.ind,6,0.0003
.dwg,6,0.0003
.tfam,6,0.0003
.tped,6,0.0003
.pcm,6,0.0003
.ofr,6,0.0003
.dmg,6,0.0003
.max_comps,6,0.0003
.elements,6,0.0003
.32procs,6,0.0003
.project,6,0.0003
.tfw,6,0.0003
.circuit,6,0.0003
.cd,6,0.0003
.ioc,6,0.0003
.trans,6,0.0003
.file,6,0.0003
.jp2,6,0.0003
.system,6,0.0003
.km3,6,0.0003
.atl,6,0.0003
.bundle,6,0.0003
.tikz,6,0.0003
.gdf,6,0.0003
.fla,6,0.0003
.ldif,6,0.0003
.cfout,6,0.0003
.cout,6,0.0003
.url,6,0.0003
.testsettings,6,0.0003
.rev,6,0.0003
.roi,6,0.0003
.lighting,6,0.0003
.edgelist,6,0.0003
.framestext,6,0.0003
.svg#fontawesome,6,0.0003
.lammps,6,0.0003
.jj,6,0.0003
.win32,6,0.0003
.ehoa,6,0.0003
.line2,6,0.0003
.beagle,6,0.0003
.fdr3,6,0.0003
.clib,6,0.0003
.mldylib,6,0.0003
.dmnd,6,0.0003
.tconf,6,0.0003
.hdf,6,0.0003
.dta,6,0.0003
.mlpack,6,0.0003
.custom,6,0.0003
.logic,6,0.0003
.00,6,0.0003
.ga,6,0.0003
.spm,6,0.0003
.mwb,6,0.0003
.lac,6,0.0003
.tm2,6,0.0003
.3dti-ild,6,0.0003
.lhs,6,0.0003
.gbl,6,0.0003
.gbp,6,0.0003
.gko,6,0.0003
.ix,6,0.0003
.server231,6,0.0003
.jpk-force-map,6,0.0003
.iobj,6,0.0003
.ipdb,6,0.0003
.yy,6,0.0003
.sublime-workspace,6,0.0003
.ent,6,0.0003
.pfm,6,0.0003
.lts,6,0.0003
.enc,6,0.0003
.jsonp,6,0.0003
.readdb,6,0.0003
.prc,6,0.0003
.gnumeric,6,0.0003
.plain,6,0.0003
.bp,6,0.0003
.mzml,6,0.0003
.mnb,6,0.0003
.txt-utf8,6,0.0003
.atrpms,6,0.0003
.cxt,6,0.0003
.afa,6,0.0003
.gid,6,0.0003
.chain,6,0.0003
.mj2,6,0.0003
.cocci,6,0.0003
.cpc,6,0.0003
.fasta-gb,6,0.0003
.1r69,6,0.0003
.accno,6,0.0003
.gdalinfo,6,0.0003
.oncvpsp,6,0.0003
.txml,6,0.0003
.zipx,6,0.0003
.xctestplan,6,0.0003
.ihf,6,0.0003
.mobi,6,0.0003
.copycomplete,6,0.0003
.jsdiff,6,0.0003
.ssdf,6,0.0003
.pcd,6,0.0003
.hip,6,0.0003
.ociom,6,0.0003
.text,6,0.0003
.dts,6,0.0003
.vapi,6,0.0003
.georss,6,0.0003
.counts,5,0.0002
.tml,5,0.0002
.table,5,0.0002
.trc,5,0.0002
.pckl,5,0.0002
.bgz,5,0.0002
.trp,5,0.0002
.twol,5,0.0002
.txn,5,0.0002
.nog,5,0.0002
.node,5,0.0002
.lda,5,0.0002
.agr,5,0.0002
.sldasm,5,0.0002
.edf,5,0.0002
.apr,5,0.0002
.summary,5,0.0002
.mdl,5,0.0002
.trg,5,0.0002
.cloc,5,0.0002
.result,5,0.0002
.msd,5,0.0002
.xq,5,0.0002
.css~,5,0.0002
.etp,5,0.0002
.ewo,5,0.0002
.vsw,5,0.0002
.lex,5,0.0002
.groupproj,5,0.0002
.dpl,5,0.0002
.labels,5,0.0002
.cpu,5,0.0002
.gpu,5,0.0002
.snap,5,0.0002
.thmx,5,0.0002
.rul,5,0.0002
.desc,5,0.0002
.ddl,5,0.0002
.sense,5,0.0002
.biopepa,5,0.0002
.java~,5,0.0002
.machines,5,0.0002
.tree7,5,0.0002
.ops,5,0.0002
.999,5,0.0002
.dx,5,0.0002
.core,5,0.0002
.vsd,5,0.0002
.ger,5,0.0002
.etrees,5,0.0002
.podspec,5,0.0002
.hcl,5,0.0002
.odp,5,0.0002
.sphere,5,0.0002
.19,5,0.0002
.384,5,0.0002
.399,5,0.0002
.768,5,0.0002
.swo,5,0.0002
.webgmex,5,0.0002
.stk,5,0.0002
.xar,5,0.0002
.xvg,5,0.0002
.x86_64,5,0.0002
.includecache,5,0.0002
.texc,5,0.0002
.tm4,5,0.0002
.lic,5,0.0002
.vis,5,0.0002
.gtl,5,0.0002
.cg,5,0.0002
.ks,5,0.0002
.dia,5,0.0002
.catcol,5,0.0002
.avsc,5,0.0002
.fpga,5,0.0002
.id2word,5,0.0002
.volatilememoryallocatorservice,5,0.0002
.dj,5,0.0002
.xstfile,5,0.0002
.amd,5,0.0002
.m4v,5,0.0002
.tbd,5,0.0002
.dng,5,0.0002
.query,5,0.0002
.communities,5,0.0002
.conllu,5,0.0002
.cuda,5,0.0002
.chai,5,0.0002
.sk,5,0.0002
.v2,5,0.0002
.lise,5,0.0002
.cc~,5,0.0002
.vectors,5,0.0002
.clabel,5,0.0002
.mplstyle,5,0.0002
.manual,5,0.0002
.se,5,0.0002
.art,5,0.0002
.gem,5,0.0002
.pas,5,0.0002
.z02,5,0.0002
.paletteconfiguration,5,0.0002
.double_shear_layer,5,0.0002
.lid_driven_cavity,5,0.0002
.scala~,5,0.0002
.cutsites,5,0.0002
.taxonomy,5,0.0002
.owl_err,5,0.0002
.kicad_pcb,5,0.0002
.ppt,5,0.0002
.qss,5,0.0002
.fset,5,0.0002
.fset3,5,0.0002
.iset,5,0.0002
.ada_specification,5,0.0002
.onetoc2,5,0.0002
.sizes,5,0.0002
.uvproj,5,0.0002
.flist,5,0.0002
.empty,5,0.0002
.tst,5,0.0002
.vloupe,5,0.0002
.code,5,0.0002
.feb,5,0.0002
.rdat,5,0.0002
.dvi,5,0.0002
.dirtree,5,0.0002
.del,5,0.0002
.l#1,5,0.0002
.ncs,5,0.0002
.3mf,5,0.0002
.f90~,5,0.0002
.changelog,5,0.0002
.crf,5,0.0002
.fa-gb,5,0.0002
.pco,5,0.0002
.sx,5,0.0002
.csv~,5,0.0002
.apecs,5,0.0002
.apex,5,0.0002
.rdr,5,0.0002
.lab,5,0.0002
.snakemake,5,0.0002
.exactbase,5,0.0002
.1024,5,0.0002
.avgbase,5,0.0002
.3levels,5,0.0002
.deploy,5,0.0002
.ald,5,0.0002
.dat4,5,0.0002
.ado,5,0.0002
.times,5,0.0002
.ocioz,5,0.0002
.ijmap,4,0.0002
.keystore,4,0.0002
.loop,4,0.0002
.vnm,4,0.0002
.srl,4,0.0002
.vertex,4,0.0002
.xes,4,0.0002
.eslintrc,4,0.0002
.pspfhi,4,0.0002
.drh,4,0.0002
.ae,4,0.0002
.pawps,4,0.0002
.cml,4,0.0002
.mav,4,0.0002
.pav,4,0.0002
.sma,4,0.0002
.userprefs,4,0.0002
.wxs,4,0.0002
.ncrunchproject,4,0.0002
.axml,4,0.0002
.tmlanguage,4,0.0002
.lz,4,0.0002
.lzma,4,0.0002
.v2_auto_conll,4,0.0002
.v2_gold_conll,4,0.0002
.psm1,4,0.0002
.bas,4,0.0002
.vocab,4,0.0002
.cob,4,0.0002
.asax,4,0.0002
.mobl,4,0.0002
.mpl,4,0.0002
.sql~,4,0.0002
.aartemplate,4,0.0002
.wtc,4,0.0002
.pagedef,4,0.0002
.asn,4,0.0002
.utran,4,0.0002
.anki2,4,0.0002
.gtf,4,0.0002
.2504e12,4,0.0002
.dn,4,0.0002
.h5py,4,0.0002
.dataset,4,0.0002
.postrm,4,0.0002
.examples,4,0.0002
.vms,4,0.0002
.mmdb,4,0.0002
.32,4,0.0002
.xcprivacy,4,0.0002
.msi,4,0.0002
.vsmdi,4,0.0002
.emz,4,0.0002
.netmodule,4,0.0002
.kt,4,0.0002
.da,4,0.0002
.head,4,0.0002
.posttemplate,4,0.0002
.basic,4,0.0002
.packedancestrymap,4,0.0002
.gc,4,0.0002
.ubuntu,4,0.0002
.travis,4,0.0002
.ilprofile,4,0.0002
.war,4,0.0002
.alt,4,0.0002
.phylip,4,0.0002
.tersoff,4,0.0002
.data-00000-of-00002,4,0.0002
.data-00001-of-00002,4,0.0002
.ext,4,0.0002
.pk,4,0.0002
.lpf,4,0.0002
.poscar,4,0.0002
.cpproj,4,0.0002
.mem,4,0.0002
.sdb,4,0.0002
.qmd,4,0.0002
.kra,4,0.0002
.pyproj,4,0.0002
.komprenx,4,0.0002
.ocl,4,0.0002
.bsd,4,0.0002
.65_200_300mpc_v3,4,0.0002
.yoda,4,0.0002
.007,4,0.0002
.199,4,0.0002
.299,4,0.0002
.41,4,0.0002
.499,4,0.0002
.599,4,0.0002
.64,4,0.0002
.799,4,0.0002
.960,4,0.0002
.shape,4,0.0002
.abc,4,0.0002
.unityweb,4,0.0002
.stex,4,0.0002
.tres,4,0.0002
.import,4,0.0002
.tscn,4,0.0002
.corrected,4,0.0002
.doxygen,4,0.0002
.production,4,0.0002
.mvg,4,0.0002
.blk,4,0.0002
.xap,4,0.0002
.intervals,4,0.0002
.hjson,4,0.0002
.nonvolatilememoryallocatorservice,4,0.0002
.inflated,4,0.0002
.pial,4,0.0002
.white,4,0.0002
.ff14sb,4,0.0002
.runtime,4,0.0002
.hcc,4,0.0002
.num,4,0.0002
.pic,4,0.0002
.statemachine_mavo,4,0.0002
.statemachinediag_mavo,4,0.0002
.sequencediagram,4,0.0002
.property,4,0.0002
.jcm,4,0.0002
.jaas,4,0.0002
.summit,4,0.0002
.mass,4,0.0002
.2line,4,0.0002
.dec,4,0.0002
.lis,4,0.0002
.rclass,4,0.0002
.agent,4,0.0002
.foma,4,0.0002
.ris,4,0.0002
.nh,4,0.0002
.xg,4,0.0002
.rating,4,0.0002
.store,4,0.0002
.no,4,0.0002
.gunit,4,0.0002
.doxyfile,4,0.0002
.rego,4,0.0002
.vbs,4,0.0002
.xtra,4,0.0002
.flo,4,0.0002
.z03,4,0.0002
.blob,4,0.0002
.latex,4,0.0002
.unknown,4,0.0002
.ld+json,4,0.0002
.epf,4,0.0002
.flow_past_cylinder-x,4,0.0002
.hotspot,4,0.0002
.poiseuille,4,0.0002
.tab-backward,4,0.0002
.common-outliers,4,0.0002
.sars-cov-2,4,0.0002
.dntheme,4,0.0002
.hugo,4,0.0002
.srt,4,0.0002
.p7s,4,0.0002
.rrf,4,0.0002
.bck,4,0.0002
.xyr,4,0.0002
.cmp,4,0.0002
.mingw,4,0.0002
.hg19,4,0.0002
.hg38,4,0.0002
.lv,4,0.0002
.tcn,4,0.0002
.elf32,4,0.0002
.sha512,4,0.0002
.lottie,4,0.0002
.xqm,4,0.0002
.mzid,4,0.0002
.ksy,4,0.0002
.csvt,4,0.0002
.ewt,4,0.0002
.crun,4,0.0002
.wspos,4,0.0002
.uvopt,4,0.0002
.2-6,4,0.0002
.1-6,4,0.0002
.2-10,4,0.0002
.2-11,4,0.0002
.2-7,4,0.0002
.2-8,4,0.0002
.2-9,4,0.0002
.4-12,4,0.0002
.4-13,4,0.0002
.4-14,4,0.0002
.4-15,4,0.0002
.4-16,4,0.0002
.8-17,4,0.0002
.ttx,4,0.0002
.tofix,4,0.0002
.crai,4,0.0002
.magma,4,0.0002
.s#1,4,0.0002
.tex~,4,0.0002
.flv,4,0.0002
.taylor_green_vortices,4,0.0002
.globalconfig,4,0.0002
.asn1,4,0.0002
.pars,4,0.0002
.af,4,0.0002
.obf,4,0.0002
.ffn,4,0.0002
.var,4,0.0002
.kjb,4,0.0002
.sass,4,0.0002
.pzfx,4,0.0002
.rmd~,4,0.0002
.hmmb,4,0.0002
.bitmaps,4,0.0002
.elixir,4,0.0002
.intel,4,0.0002
.single,4,0.0002
.nbtxt,4,0.0002
.v3,4,0.0002
.nit,4,0.0002
.res~,4,0.0002
.cluebuddy,4,0.0002
.aif,4,0.0002
.p8,4,0.0002
.ffdata,4,0.0002
.ffindex,4,0.0002
.tests,4,0.0002
.lyx~,4,0.0002
.astc,4,0.0002
.2560,4,0.0002
.6400,4,0.0002
.1280,4,0.0002
.extras,4,0.0002
.dont-chk,4,0.0002
.rhs,4,0.0002
.spi3d,4,0.0002
.3dl,4,0.0002
.csp,4,0.0002
.spkc,4,0.0002
.tdms,4,0.0002
.mafft,4,0.0002
.hypo,4,0.0002
.invc,4,0.0002
.headrules,4,0.0002
.linfrag,4,0.0002
.scenario,3,0.0001
.lvproj,3,0.0001
.lira,3,0.0001
.daf,3,0.0001
.jrn,3,0.0001
.lexc,3,0.0001
.txtlast,3,0.0001
.scif,3,0.0001
.devel,3,0.0001
.set,3,0.0001
.services,3,0.0001
.64procs-1,3,0.0001
.64procs-2,3,0.0001
.64procs,3,0.0001
.atompaw,3,0.0001
.wvl,3,0.0001
.in_freq,3,0.0001
.outden,3,0.0001
.for,3,0.0001
.mpsystheme,3,0.0001
.projitems,3,0.0001
.shproj,3,0.0001
.m3u,3,0.0001
.vsconfig,3,0.0001
.rule,3,0.0001
.wxl,3,0.0001
.llvm,3,0.0001
.mdc,3,0.0001
.data_fids,3,0.0001
.data_gval,3,0.0001
.data_hcls,3,0.0001
.data_ival,3,0.0001
.data_gspn,3,0.0001
.w,3,0.0001
.sorted,3,0.0001
.sorted-by-tts-prove,3,0.0001
.sorted-by-tts-s1heur,3,0.0001
.sorted-by-tts-s3heur,3,0.0001
.fd,3,0.0001
.edmx,3,0.0001
.eol,3,0.0001
.emx,3,0.0001
.xss,3,0.0001
.svcinfo,3,0.0001
.megal,3,0.0001
.2dmap,3,0.0001
.overridecontroller,3,0.0001
.vc,3,0.0001
.5553ff9,3,0.0001
.almgp,3,0.0001
.almgr,3,0.0001
.cmix,3,0.0001
.lay,3,0.0001
.get,3,0.0001
.fff,3,0.0001
.testing,3,0.0001
.cmds,3,0.0001
.cpn,3,0.0001
.tf3,3,0.0001
.vertexshader,3,0.0001
.py#,3,0.0001
.fdt,3,0.0001
.fdx,3,0.0001
.fnm,3,0.0001
.xsx,3,0.0001
.mso,3,0.0001
.fed,3,0.0001
.chm,3,0.0001
.mfd,3,0.0001
.afdesign,3,0.0001
.rsa,3,0.0001
.imageinfo,3,0.0001
.imageset,3,0.0001
.csf,3,0.0001
.cp,3,0.0001
.json-tmlanguage,3,0.0001
.sublime-keymap,3,0.0001
.n-triples,3,0.0001
.mtgl,3,0.0001
.soft,3,0.0001
.icdd,3,0.0001
.development,3,0.0001
.makefile,3,0.0001
.spdx,3,0.0001
.site,3,0.0001
.sdef,3,0.0001
.retry,3,0.0001
.object,3,0.0001
.cdb,3,0.0001
.scc,3,0.0001
.me,3,0.0001
.pqr,3,0.0001
.hsd,3,0.0001
.pyscf,3,0.0001
.d12,3,0.0001
.xlsm,3,0.0001
.ql,3,0.0001
.trig,3,0.0001
.odocl,3,0.0001
.cdf,3,0.0001
.mdv,3,0.0001
.resolved,3,0.0001
.gitignore,3,0.0001
.en0,3,0.0001
.en1,3,0.0001
.en2,3,0.0001
.en3,3,0.0001
.arm,3,0.0001
.jbf,3,0.0001
.km,3,0.0001
.mnc,3,0.0001
.gypi,3,0.0001
.jena,3,0.0001
.dvs,3,0.0001
.17_200_300mpc_v3,3,0.0001
.mrc,3,0.0001
.099,3,0.0001
.256,3,0.0001
.320,3,0.0001
.35,3,0.0001
.50,3,0.0001
.512,3,0.0001
.640,3,0.0001
.699,3,0.0001
.899,3,0.0001
.case,3,0.0001
.poly,3,0.0001
.code-workspace,3,0.0001
.regex,3,0.0001
.vrml,3,0.0001
.tabular,3,0.0001
.bcfzip,3,0.0001
.pck,3,0.0001
.godot,3,0.0001
.zsh,3,0.0001
.download,3,0.0001
.converted,3,0.0001
.dig,3,0.0001
.master,3,0.0001
.bzlmod,3,0.0001
.pra,3,0.0001
.wgh,3,0.0001
.fad,3,0.0001
.tmpfile,3,0.0001
.configuration,3,0.0001
.dilp,3,0.0001
.vex,3,0.0001
.sketch,3,0.0001
.dos,3,0.0001
.lipid21,3,0.0001
.gaff2,3,0.0001
.ol3,3,0.0001
.bsc1,3,0.0001
.tip3p,3,0.0001
.ide,3,0.0001
.caw,3,0.0001
.ecm,3,0.0001
.rgb,3,0.0001
.chkpt,3,0.0001
.eam,3,0.0001
.mms,3,0.0001
.engine,3,0.0001
.zran,3,0.0001
.sdl,3,0.0001
.knwf,3,0.0001
.icse15_sequencediagram_mavo,3,0.0001
.icse15_sequencediagramdiag_mavo,3,0.0001
.istardiag_mavo,3,0.0001
.blend1,3,0.0001
.rosinstall,3,0.0001
.svh,3,0.0001
.trl,3,0.0001
.defaults,3,0.0001
.test2,3,0.0001
.sedov,3,0.0001
.xbm,3,0.0001
.positions,3,0.0001
.cpp_zz,3,0.0001
.sequences,3,0.0001
.rlabel,3,0.0001
.cap,3,0.0001
.nav,3,0.0001
.snm,3,0.0001
.unix,3,0.0001
.containerfile,3,0.0001
.ptg,3,0.0001
.oifits,3,0.0001
.cbl,3,0.0001
.thrift,3,0.0001
.axaml,3,0.0001
.re,3,0.0001
.nu,3,0.0001
.metal,3,0.0001
.asl~,3,0.0001
.z04,3,0.0001
.rsy,3,0.0001
.rc2,3,0.0001
.ltx,3,0.0001
.eap,3,0.0001
.sparql-results+xml,3,0.0001
.cleaned,3,0.0001
.est,3,0.0001
.ipe,3,0.0001
.edb,3,0.0001
.wiff,3,0.0001
.flow_past_cylinder-y,3,0.0001
.taylorgreen,3,0.0001
.gresource,3,0.0001
.zlib,3,0.0001
.uncorrelated_chain_10ti1rd1,3,0.0001
.uncorrelated_chain_10ti2rd2,3,0.0001
.uncorrelated_chain_1ti1rd1,3,0.0001
.uncorrelated_chain_1ti2rd2,3,0.0001
.uncorrelated_chain_2ti1rd1,3,0.0001
.uncorrelated_chain_2ti2rd2,3,0.0001
.uncorrelated_chain_3ti1rd1,3,0.0001
.uncorrelated_chain_3ti2rd2,3,0.0001
.uncorrelated_chain_4ti1rd1,3,0.0001
.uncorrelated_chain_4ti2rd2,3,0.0001
.uncorrelated_chain_5ti1rd1,3,0.0001
.uncorrelated_chain_5ti2rd2,3,0.0001
.uncorrelated_chain_6ti1rd1,3,0.0001
.uncorrelated_chain_6ti2rd2,3,0.0001
.uncorrelated_chain_7ti1rd1,3,0.0001
.uncorrelated_chain_7ti2rd2,3,0.0001
.uncorrelated_chain_8ti1rd1,3,0.0001
.uncorrelated_chain_8ti2rd2,3,0.0001
.uncorrelated_chain_9ti1rd1,3,0.0001
.uncorrelated_chain_9ti2rd2,3,0.0001
.uncorrelated_timing__ti1_simdata1,3,0.0001
.uncorrelated_timing__ti2_simdata2,3,0.0001
.uncorrelated_chain_10ti1rd0,3,0.0001
.uncorrelated_chain_1ti1rd0,3,0.0001
.uncorrelated_chain_2ti1rd0,3,0.0001
.uncorrelated_chain_3ti1rd0,3,0.0001
.uncorrelated_chain_4ti1rd0,3,0.0001
.uncorrelated_chain_5ti1rd0,3,0.0001
.uncorrelated_chain_6ti1rd0,3,0.0001
.uncorrelated_chain_7ti1rd0,3,0.0001
.uncorrelated_chain_8ti1rd0,3,0.0001
.uncorrelated_chain_9ti1rd0,3,0.0001
.macros,3,0.0001
.vbproj,3,0.0001
.creol,3,0.0001
.praat,3,0.0001
.intent,3,0.0001
.jsonschema,3,0.0001
.kicad_pcb-bak,3,0.0001
.smake,3,0.0001
.mona,3,0.0001
.logrotate,3,0.0001
.9,3,0.0001
.qsubsec,3,0.0001
.mol,3,0.0001
.tl,3,0.0001
.defhol,3,0.0001
.cir,3,0.0001
.nasm,3,0.0001
.xcvb,3,0.0001
.vcd,3,0.0001
.eran,3,0.0001
.fgb,3,0.0001
.lkt,3,0.0001
.cgpr,3,0.0001
.macos,3,0.0001
.evl,3,0.0001
.deb,3,0.0001
.preset,3,0.0001
.msc,3,0.0001
.clif,3,0.0001
.preseed,3,0.0001
.orb,3,0.0001
.dgf,3,0.0001
.number,3,0.0001
.quirksprovider,3,0.0001
.convertersprovider,3,0.0001
.dssp2,3,0.0001
.ogv,3,0.0001
.tbz2,3,0.0001
.vtree,3,0.0001
.commit,3,0.0001
.aff,3,0.0001
.gmms,3,0.0001
.sync,3,0.0001
.b#1,3,0.0001
.b#2,3,0.0001
.b#3,3,0.0001
.b#4,3,0.0001
.b#5,3,0.0001
.b#6,3,0.0001
.b#7,3,0.0001
.b#8,3,0.0001
.b#9,3,0.0001
.s#2,3,0.0001
.s#3,3,0.0001
.s#4,3,0.0001
.s#5,3,0.0001
.s#6,3,0.0001
.s#7,3,0.0001
.s#8,3,0.0001
.s#9,3,0.0001
.jlink,3,0.0001
.posix,3,0.0001
.l#2,3,0.0001
.gsch2pcb,3,0.0001
.pcb,3,0.0001
.howto,3,0.0001
.opsahl-powergrid,3,0.0001
.hmmtbl,3,0.0001
.rosif,3,0.0001
.jsonld,3,0.0001
.aarch64,3,0.0001
.sg,3,0.0001
.linst,3,0.0001
.gpmn,3,0.0001
.gpmn_diagram,3,0.0001
.grdecl,3,0.0001
.sai,3,0.0001
.sha224,3,0.0001
.sha384,3,0.0001
.view,3,0.0001
.1srl,3,0.0001
.coord,3,0.0001
.ngdoc,3,0.0001
.scores,3,0.0001
.rddl,3,0.0001
.vector,3,0.0001
.stp,3,0.0001
.secret,3,0.0001
.icao_intrare,3,0.0001
.export,3,0.0001
.01tsmear_ddb,3,0.0001
.02tsmear_ddb,3,0.0001
.04tsmear_ddb,3,0.0001
.dat~,3,0.0001
.cluevariety,3,0.0001
.pctl,3,0.0001
.trashinfo,3,0.0001
.sh#,3,0.0001
.gold_conll,3,0.0001
.delete_manifest,3,0.0001
.map_manifest,3,0.0001
.rsrc,3,0.0001
.motifs,3,0.0001
.motifs10,3,0.0001
.motifs12,3,0.0001
.motifs8,3,0.0001
.vfproj,3,0.0001
.mhd,3,0.0001
.rg,3,0.0001
.uniq,3,0.0001
.ndb,3,0.0001
.nhd,3,0.0001
.nhi,3,0.0001
.nos,3,0.0001
.not,3,0.0001
.ntf,3,0.0001
.nto,3,0.0001
.vkb,3,0.0001
.textclipping,3,0.0001
.newhead,3,0.0001
.doxy,3,0.0001
.matrix,3,0.0001
.altaza,3,0.0001
.3-const,3,0.0001
.3-vowel,3,0.0001
.feaconf,3,0.0001
.600pk,3,0.0001
.tfm,3,0.0001
.c#,3,0.0001
.defconfig,3,0.0001
.treefile,3,0.0001
.vipr,3,0.0001
.wdata,3,0.0001
.jinja,3,0.0001
.cta,3,0.0001
.i~,3,0.0001
.landmarkasciiold,3,0.0001
.lai,2,0.0001
.prg,2,0.0001
.anc,2,0.0001
.lpp,2,0.0001
.ypp,2,0.0001
.edward,2,0.0001
.first,2,0.0001
.units,2,0.0001
.rjs,2,0.0001
.lvlib,2,0.0001
.hh_bak,2,0.0001
.sh-example,2,0.0001
.spellrelax,2,0.0001
.21,2,0.0001
.binned_anchors,2,0.0001
.m5,2,0.0001
.out_1,2,0.0001
.tdl,2,0.0001
.nsd,2,0.0001
.nv,2,0.0001
.tptp,2,0.0001
.server,2,0.0001
.main,2,0.0001
.1024procs,2,0.0001
.256procs,2,0.0001
.512procs,2,0.0001
.bare,2,0.0001
.psppos,2,0.0001
.phoney_mod,2,0.0001
.khgh,2,0.0001
.sgs_mod,2,0.0001
.pbe,2,0.0001
.fromphermet,2,0.0001
.out_ep_sbk,2,0.0001
.out_ep_sbk_org,2,0.0001
.01_ddb,2,0.0001
.notes,2,0.0001
.rhistory,2,0.0001
.mb,2,0.0001
.mavlink,2,0.0001
.dumped,2,0.0001
.ros,2,0.0001
.hf,2,0.0001
.sge,2,0.0001
.atg,2,0.0001
.frame,2,0.0001
.pidb,2,0.0001
.vsixmanifest,2,0.0001
.wixproj,2,0.0001
.ruleset,2,0.0001
.dbd,2,0.0001
.bfs,2,0.0001
.424,2,0.0001
.433,2,0.0001
.442,2,0.0001
.1600,2,0.0001
.fem,2,0.0001
.tmsnippet,2,0.0001
.java-bak,2,0.0001
.dictionaries,2,0.0001
.dislocator,2,0.0001
.tokencap,2,0.0001
.qemu,2,0.0001
.cpio,2,0.0001
.lzo,2,0.0001
.lha,2,0.0001
.lrz,2,0.0001
.rz,2,0.0001
.zoo,2,0.0001
.jxr,2,0.0001
.testcases,2,0.0001
.poc,2,0.0001
.mpg,2,0.0001
.dubm,2,0.0001
.ie,2,0.0001
.stats,2,0.0001
.glove,2,0.0001
.22,2,0.0001
.15,2,0.0001
.439,2,0.0001
.zargo,2,0.0001
.fsproj,2,0.0001
.101,2,0.0001
.mediawiki,2,0.0001
.navdata,2,0.0001
.dbml,2,0.0001
.trm,2,0.0001
.changes,2,0.0001
.svcmap,2,0.0001
.schemaview,2,0.0001
._trace,2,0.0001
.ioi,2,0.0001
.geflo,2,0.0001
.etd,2,0.0001
.ptx,2,0.0001
.sca,2,0.0001
.vci,2,0.0001
.movements,2,0.0001
.csv_off,2,0.0001
.unstable,2,0.0001
.fgram,2,0.0001
.imp,2,0.0001
.soap,2,0.0001
.02e3b54,2,0.0001
.8-pre1,2,0.0001
.fda8cb8,2,0.0001
.4f9c5c1,2,0.0001
.lproj,2,0.0001
.mixer,2,0.0001
.tts,2,0.0001
.rqtf,2,0.0001
.rqtfimage,2,0.0001
.aty,2,0.0001
.422,2,0.0001
.bands,2,0.0001
.darwin,2,0.0001
.generic,2,0.0001
.2nd,2,0.0001
.autosave,2,0.0001
.clang,2,0.0001
.legacy,2,0.0001
.qasm,2,0.0001
.31_i86linux64,2,0.0001
.crx,2,0.0001
.mbox,2,0.0001
.corpus,2,0.0001
.triggers,2,0.0001
.daily,2,0.0001
.timer,2,0.0001
.ln,2,0.0001
.apache,2,0.0001
.macosx,2,0.0001
.sagews,2,0.0001
.geh,2,0.0001
.dump,2,0.0001
.eos,2,0.0001
.alpha,2,0.0001
.geometryshader,2,0.0001
.resp-pyr,2,0.0001
.jison,2,0.0001
.wmf,2,0.0001
.testrunconfig,2,0.0001
.bef,2,0.0001
.textile,2,0.0001
.pheno,2,0.0001
.eigenstrat,2,0.0001
.chisq,2,0.0001
.geno,2,0.0001
.pca,2,0.0001
.evec,2,0.0001
.xtxt,2,0.0001
.mag,2,0.0001
.rss,2,0.0001
.xrefs,2,0.0001
.lookup,2,0.0001
.heic,2,0.0001
.lcasedata,2,0.0001
.predict,2,0.0001
.py-example,2,0.0001
.todo,2,0.0001
.patterns,2,0.0001
.pso,2,0.0001
.spo,2,0.0001
.external,2,0.0001
.airebo,2,0.0001
.agro,2,0.0001
.crop,2,0.0001
.soil,2,0.0001
.976,2,0.0001
.977,2,0.0001
.978,2,0.0001
.979,2,0.0001
.980,2,0.0001
.981,2,0.0001
.982,2,0.0001
.983,2,0.0001
.984,2,0.0001
.985,2,0.0001
.986,2,0.0001
.987,2,0.0001
.988,2,0.0001
.989,2,0.0001
.990,2,0.0001
.991,2,0.0001
.992,2,0.0001
.993,2,0.0001
.994,2,0.0001
.995,2,0.0001
.996,2,0.0001
.997,2,0.0001
.998,2,0.0001
.mg,2,0.0001
.fraplib,2,0.0001
.coco,2,0.0001
.prog,2,0.0001
.watchr,2,0.0001
.-chr,2,0.0001
.chr21_22_only,2,0.0001
.chr21_22_only:50000,2,0.0001
.regions,2,0.0001
.regions2,2,0.0001
.xvv,2,0.0001
.gtkw,2,0.0001
.fdf,2,0.0001
.34,2,0.0001
.basin,2,0.0001
.dbasin,2,0.0001
.spot,2,0.0001
.mafs,2,0.0001
.rf,2,0.0001
.align_one_indexed_and_reversed,2,0.0001
.ibd,2,0.0001
.imzml,2,0.0001
.sigmet,2,0.0001
.frcfld,2,0.0001
.webarchive,2,0.0001
.mlappinstall,2,0.0001
.jardesc,2,0.0001
.superstl,2,0.0001
.sstl,2,0.0001
.guest,2,0.0001
.kmt,2,0.0001
.ivy,2,0.0001
.ab,2,0.0001
.4t,2,0.0001
.4a,2,0.0001
.12_200_300mpc_v3,2,0.0001
.62_200_300mpc_v3,2,0.0001
.75_200_300mpc_v3,2,0.0001
.55_200_300mpc_v3,2,0.0001
.81_200_300mpc_v3,2,0.0001
.27_200_300mpc_v3,2,0.0001
.70_200_300mpc_v3,2,0.0001
.79_200_300mpc_v3,2,0.0001
.16_200_300mpc_v3,2,0.0001
.02_200_300mpc_v3,2,0.0001
.57_200_300mpc_v3,2,0.0001
.14_200_300mpc_v3,2,0.0001
.73_200_300mpc_v3,2,0.0001
.60_200_300mpc_v3,2,0.0001
.33_200_300mpc_v3,2,0.0001
.93_200_300mpc_v3,2,0.0001
.72_200_300mpc_v3,2,0.0001
.50_200_300mpc_v3,2,0.0001
.renviron,2,0.0001
.conv,2,0.0001
.008,2,0.0001
.009,2,0.0001
.010,2,0.0001
.039,2,0.0001
.05,2,0.0001
.128,2,0.0001
.13,2,0.0001
.14,2,0.0001
.16,2,0.0001
.27,2,0.0001
.450,2,0.0001
.686,2,0.0001
.70,2,0.0001
.99,2,0.0001
.td,2,0.0001
.body,2,0.0001
.cognition,2,0.0001
.communication,2,0.0001
.possession,2,0.0001
.lrx,2,0.0001
.t1x,2,0.0001
.gplv3,2,0.0001
.replay_exclude,2,0.0001
.replay_include,2,0.0001
.replay_unique_ip,2,0.0001
.rewrite_1ttl,2,0.0001
.rewrite_1ttl-hdrfix,2,0.0001
.rewrite_2ttl,2,0.0001
.rewrite_2ttl-hdrfix,2,0.0001
.rewrite_3ttl,2,0.0001
.rewrite_3ttl-hdrfix,2,0.0001
.rewrite_config,2,0.0001
.rewrite_dlthdlc,2,0.0001
.rewrite_dltraw,2,0.0001
.rewrite_dltuser,2,0.0001
.rewrite_efcs,2,0.0001
.rewrite_endpoint,2,0.0001
.rewrite_enet_subsmac,2,0.0001
.rewrite_fixcsum,2,0.0001
.rewrite_fixlen_del,2,0.0001
.rewrite_fixlen_pad,2,0.0001
.rewrite_fixlen_trunc,2,0.0001
.rewrite_l7fuzzing,2,0.0001
.rewrite_layer2,2,0.0001
.rewrite_mac,2,0.0001
.rewrite_mac_seed,2,0.0001
.rewrite_mac_seed_keep,2,0.0001
.rewrite_mtutrunc,2,0.0001
.rewrite_nanosec,2,0.0001
.rewrite_pad,2,0.0001
.rewrite_pnat,2,0.0001
.rewrite_portmap,2,0.0001
.rewrite_range_portmap,2,0.0001
.rewrite_seed,2,0.0001
.rewrite_sequence,2,0.0001
.rewrite_skip,2,0.0001
.rewrite_tos,2,0.0001
.rewrite_trunc,2,0.0001
.1ad,2,0.0001
.rewrite_vlandel,2,0.0001
.oca,2,0.0001
.ocx,2,0.0001
.libsonnet,2,0.0001
.product,2,0.0001
.rootmap,2,0.0001
.genre,2,0.0001
.item,2,0.0001
.occupation,2,0.0001
.kij~,2,0.0001
.fdb_latexmk,2,0.0001
.inp~,2,0.0001
.physical,2,0.0001
.physical~,2,0.0001
.depart,2,0.0001
.age,2,0.0001
.ssl,2,0.0001
.sso,2,0.0001
.xa,2,0.0001
.sdp,2,0.0001
.hrg,2,0.0001
.lmk,2,0.0001
.lmko,2,0.0001
.tmw,2,0.0001
.simd,2,0.0001
.sobj,2,0.0001
.binaryproto,2,0.0001
.nova,2,0.0001
.voice,2,0.0001
.ns_movements,2,0.0001
.unsuccessfulbuild,2,0.0001
.acl,2,0.0001
.nraw,2,0.0001
.rrng,2,0.0001
.model3,2,0.0001
.mpileup,2,0.0001
.tpd,2,0.0001
.nosex,2,0.0001
.p7b,2,0.0001
.check,2,0.0001
.aocx,2,0.0001
.asi,2,0.0001
.jsonc,2,0.0001
.contents,2,0.0001
.analysis,2,0.0001
.vix,2,0.0001
.request,2,0.0001
.cijdat,2,0.0001
.processor,2,0.0001
.missingdatainfo,2,0.0001
.umap,2,0.0001
.uproject,2,0.0001
.ide-shm,2,0.0001
.ide-wal,2,0.0001
.tmpoutputpath,2,0.0001
.buildreport,2,0.0001
.browser,2,0.0001
.bdg,2,0.0001
.attr,2,0.0001
.configure,2,0.0001
.unx,2,0.0001
.jq,2,0.0001
.mpf,2,0.0001
.apps,2,0.0001
.pkgs,2,0.0001
.tfrecord,2,0.0001
.950214,2,0.0001
.950215,2,0.0001
.950216,2,0.0001
.950217,2,0.0001
.950218,2,0.0001
.950219,2,0.0001
.950220,2,0.0001
.950221,2,0.0001
.950222,2,0.0001
.950223,2,0.0001
.950224,2,0.0001
.150309,2,0.0001
.150307,2,0.0001
.150310,2,0.0001
.150314,2,0.0001
.150313,2,0.0001
.150311,2,0.0001
.150315,2,0.0001
.150312,2,0.0001
.150308,2,0.0001
.150317,2,0.0001
.150316,2,0.0001
.150508,2,0.0001
.150506,2,0.0001
.150509,2,0.0001
.150513,2,0.0001
.150512,2,0.0001
.150510,2,0.0001
.150514,2,0.0001
.150511,2,0.0001
.150507,2,0.0001
.150516,2,0.0001
.150515,2,0.0001
.150320,2,0.0001
.150318,2,0.0001
.150321,2,0.0001
.150325,2,0.0001
.150324,2,0.0001
.150322,2,0.0001
.150326,2,0.0001
.150323,2,0.0001
.150319,2,0.0001
.150328,2,0.0001
.150327,2,0.0001
.502328,2,0.0001
.502331,2,0.0001
.502333,2,0.0001
.502327,2,0.0001
.502326,2,0.0001
.502325,2,0.0001
.502329,2,0.0001
.502332,2,0.0001
.502324,2,0.0001
.502330,2,0.0001
.clist,2,0.0001
.importorder,2,0.0001
.acx,2,0.0001
.byte,2,0.0001
.7b,2,0.0001
.6d,2,0.0001
.sod,2,0.0001
.test3,2,0.0001
.garuda,2,0.0001
.small,2,0.0001
.restarttest,2,0.0001
.nosub,2,0.0001
.load,2,0.0001
.vlw,2,0.0001
.beam,2,0.0001
.avg_curv,2,0.0001
.avg_sulc,2,0.0001
.avg_thickness,2,0.0001
.curv,2,0.0001
.sulc,2,0.0001
.thickness,2,0.0001
.k,2,0.0001
.mold,2,0.0001
.oldcpp,2,0.0001
.org_archive,2,0.0001
.asci,2,0.0001
.cm,2,0.0001
.negative,2,0.0001
.mht,2,0.0001
.tmx,2,0.0001
.mime,2,0.0001
.bcc,2,0.0001
.manx,2,0.0001
.mc6,2,0.0001
.wat,2,0.0001
.apns,2,0.0001
.ptm,2,0.0001
.sls,2,0.0001
.cj,2,0.0001
.idr,2,0.0001
.fbs,2,0.0001
.bf,2,0.0001
.ʕ◔ϖ◔ʔ,2,0.0001
.elm,2,0.0001
.f03,2,0.0001
.rkt,2,0.0001
.civet,2,0.0001
.robot,2,0.0001
.mc,2,0.0001
.pegjs,2,0.0001
.applescript,2,0.0001
.licensepp,2,0.0001
.star,2,0.0001
.keywords,2,0.0001
.control,2,0.0001
.rtems,2,0.0001
.bna,2,0.0001
.nxd,2,0.0001
.nxj,2,0.0001
.tk,2,0.0001
.z05,2,0.0001
.yml~,2,0.0001
.osc,2,0.0001
.doc-base,2,0.0001
.rdf+xml,2,0.0001
.turtle,2,0.0001
.rbz,2,0.0001
.typesconfigurations,2,0.0001
.3ds,2,0.0001
.bubble,2,0.0001
.flow_past_cylinder-z,2,0.0001
.traceradvect_bds,2,0.0001
.rayleightaylor,2,0.0001
.convectedvortex,2,0.0001
.traceradvect,2,0.0001
.stanford,2,0.0001
.tcsh,2,0.0001
.left,2,0.0001
.right,2,0.0001
.pion,2,0.0001
.rest,2,0.0001
.dfm,2,0.0001
.jape,2,0.0001
.nrm,2,0.0001
.tii,2,0.0001
.tis,2,0.0001
.creator,2,0.0001
.includes,2,0.0001
.tasks,2,0.0001
.swn,2,0.0001
.ast,2,0.0001
.pxm,2,0.0001
.const,2,0.0001
.ecf,2,0.0001
.ensemble,2,0.0001
.repo,2,0.0001
.scriptenginefactory,2,0.0001
.chromsizes,2,0.0001
.lisp~,2,0.0001
.warc,2,0.0001
.experiment,2,0.0001
.style,2,0.0001
.conll10,2,0.0001
.mess,2,0.0001
.rtl,2,0.0001
.nif,2,0.0001
.ebnf,2,0.0001
.htkdic,2,0.0001
.gtout,2,0.0001
.preferences_pb,2,0.0001
.stetic,2,0.0001
.protect,2,0.0001
.cmap,2,0.0001
.spyx,2,0.0001
.feat,2,0.0001
.vcb,2,0.0001
.wembed,2,0.0001
.wvec,2,0.0001
.ppk,2,0.0001
.ez,2,0.0001
.nwb,2,0.0001
.vrt,2,0.0001
.action,2,0.0001
.cron,2,0.0001
.gazebo,2,0.0001
.chr2l,2,0.0001
.425_i86linux32,2,0.0001
.425_i86linux64,2,0.0001
.adabody,2,0.0001
.sdk,2,0.0001
.112-12,2,0.0001
.112-13,2,0.0001
.112-14,2,0.0001
.112-15,2,0.0001
.112-16,2,0.0001
.223-17,2,0.0001
.23-2,2,0.0001
.23-3,2,0.0001
.23-4,2,0.0001
.23-5,2,0.0001
.23-6,2,0.0001
.56-10,2,0.0001
.56-11,2,0.0001
.56-7,2,0.0001
.56-8,2,0.0001
.56-9,2,0.0001
.18-17,2,0.0001
.5-10,2,0.0001
.5-11,2,0.0001
.5-7,2,0.0001
.5-8,2,0.0001
.5-9,2,0.0001
.9-12,2,0.0001
.9-13,2,0.0001
.9-14,2,0.0001
.9-15,2,0.0001
.9-16,2,0.0001
.135-10,2,0.0001
.135-11,2,0.0001
.135-7,2,0.0001
.135-8,2,0.0001
.135-9,2,0.0001
.270-12,2,0.0001
.270-13,2,0.0001
.270-14,2,0.0001
.270-15,2,0.0001
.270-16,2,0.0001
.539-17,2,0.0001
.54-2,2,0.0001
.54-3,2,0.0001
.54-4,2,0.0001
.54-5,2,0.0001
.54-6,2,0.0001
.16-10,2,0.0001
.16-11,2,0.0001
.16-7,2,0.0001
.16-8,2,0.0001
.16-9,2,0.0001
.32-12,2,0.0001
.32-13,2,0.0001
.32-14,2,0.0001
.32-15,2,0.0001
.32-16,2,0.0001
.64-17,2,0.0001
.7-2,2,0.0001
.7-3,2,0.0001
.7-4,2,0.0001
.7-5,2,0.0001
.7-6,2,0.0001
.168-17,2,0.0001
.17-2,2,0.0001
.17-3,2,0.0001
.17-4,2,0.0001
.17-5,2,0.0001
.17-6,2,0.0001
.42-10,2,0.0001
.42-11,2,0.0001
.42-7,2,0.0001
.42-8,2,0.0001
.42-9,2,0.0001
.84-12,2,0.0001
.84-13,2,0.0001
.84-14,2,0.0001
.84-15,2,0.0001
.84-16,2,0.0001
.142-12,2,0.0001
.142-13,2,0.0001
.142-14,2,0.0001
.142-15,2,0.0001
.142-16,2,0.0001
.284-17,2,0.0001
.29-2,2,0.0001
.29-3,2,0.0001
.29-4,2,0.0001
.29-5,2,0.0001
.29-6,2,0.0001
.71-10,2,0.0001
.71-11,2,0.0001
.71-7,2,0.0001
.71-8,2,0.0001
.71-9,2,0.0001
.11-12,2,0.0001
.11-13,2,0.0001
.11-14,2,0.0001
.11-15,2,0.0001
.11-16,2,0.0001
.22-17,2,0.0001
.3-2,2,0.0001
.3-3,2,0.0001
.3-4,2,0.0001
.3-5,2,0.0001
.3-6,2,0.0001
.6-10,2,0.0001
.6-11,2,0.0001
.6-7,2,0.0001
.6-8,2,0.0001
.6-9,2,0.0001
.13-17,2,0.0001
.4-10,2,0.0001
.4-11,2,0.0001
.4-7,2,0.0001
.4-8,2,0.0001
.4-9,2,0.0001
.7-12,2,0.0001
.7-13,2,0.0001
.7-14,2,0.0001
.7-15,2,0.0001
.7-16,2,0.0001
.173-17,2,0.0001
.18-2,2,0.0001
.18-3,2,0.0001
.18-4,2,0.0001
.18-5,2,0.0001
.18-6,2,0.0001
.44-10,2,0.0001
.44-11,2,0.0001
.44-7,2,0.0001
.44-8,2,0.0001
.44-9,2,0.0001
.87-12,2,0.0001
.87-13,2,0.0001
.87-14,2,0.0001
.87-15,2,0.0001
.87-16,2,0.0001
.case-insensitive,2,0.0001
.case-sensitive,2,0.0001
.icloud,2,0.0001
.others,2,0.0001
.tassign,2,0.0001
.theta,2,0.0001
.twords,2,0.0001
.ncb,2,0.0001
.odex,2,0.0001
.srdf,2,0.0001
.java#,2,0.0001
.conservationscores,2,0.0001
.mlmodel,2,0.0001
.glf,2,0.0001
.vfb,2,0.0001
.designer,2,0.0001
.mscz,2,0.0001
.ows,2,0.0001
.ur5,2,0.0001
.keep,2,0.0001
.jfr,2,0.0001
.sjk,2,0.0001
.back,2,0.0001
.ori,2,0.0001
.iges,2,0.0001
.sbproj,2,0.0001
.ahk,2,0.0001
.keylayout,2,0.0001
.klc,2,0.0001
.rbwt,2,0.0001
.rpac,2,0.0001
.gld,2,0.0001
.mcool,2,0.0001
.hic,2,0.0001
.magma_template,2,0.0001
.magma_out,2,0.0001
.bvh,2,0.0001
.aspect,2,0.0001
.slxc,2,0.0001
.r2016a,2,0.0001
.msk,2,0.0001
.gsheet,2,0.0001
.axlsx,2,0.0001
.odat,2,0.0001
.r#,2,0.0001
.jsfrag,2,0.0001
.row,2,0.0001
.taylor_vortex_decaying,2,0.0001
.bds_tracer_advection,2,0.0001
.couette,2,0.0001
.read,2,0.0001
.write,2,0.0001
.eb_flow_const_velx,2,0.0001
.eb_flow_const_vely,2,0.0001
.poiseuille_cylinder_bingham,2,0.0001
.poiseuille_cylinder_newtonian,2,0.0001
.poiseuille_plane_bingham,2,0.0001
.poiseuille_plane_newtonian,2,0.0001
.split,2,0.0001
.tracer_adv_diff,2,0.0001
.tracer_adv_diff_cn,2,0.0001
.tracer_advection,2,0.0001
.uniform_velocity_sphere,2,0.0001
.channel_sphere,2,0.0001
.rotated_cylinder_x,2,0.0001
.rotated_cylinder_y,2,0.0001
.rotated_cylinder_z,2,0.0001
.bouss_bubble_god,2,0.0001
.bouss_bubble_mol,2,0.0001
.bouss_bubble_plm,2,0.0001
.burggraf,2,0.0001
.inout,2,0.0001
.rayleigh_taylor,2,0.0001
.time_dep_inflow,2,0.0001
.gaussian_traceradvect_bds,2,0.0001
.pakmor,2,0.0001
.copyright,2,0.0001
.cts,2,0.0001
.fa~,2,0.0001
.sdd,2,0.0001
.bionic,2,0.0001
.xenial,2,0.0001
.dirmeta,2,0.0001
.scratch,2,0.0001
.strata,2,0.0001
.errorprofile,2,0.0001
.mma,2,0.0001
.mmc,2,0.0001
.indel,2,0.0001
.gbrjob,2,0.0001
.dru,2,0.0001
.cam,2,0.0001
.l#3,2,0.0001
.l#4,2,0.0001
.axf,2,0.0001
.rspec,2,0.0001
.ipk,2,0.0001
.pyf~,2,0.0001
.yapf,2,0.0001
.alessandro,2,0.0001
.melino,2,0.0001
.alex,2,0.0001
.álvaro,2,0.0001
._2i,2,0.0001
.eps_template,2,0.0001
.tem,2,0.0001
.vanilla,2,0.0001
.benchfile,2,0.0001
.vssscc,2,0.0001
.mxd,2,0.0001
.wrapper,2,0.0001
.tfvars,2,0.0001
.asprox,2,0.0001
.msx,2,0.0001
.50k,2,0.0001
.1ctadimer,2,0.0001
.separated,2,0.0001
.extended,2,0.0001
.mseq,2,0.0001
.genus,2,0.0001
.dmp,2,0.0001
.tuxy,2,0.0001
.rrd,2,0.0001
.dir,2,0.0001
.odoc,2,0.0001
.mseed,2,0.0001
.dcr,2,0.0001
.ram,2,0.0001
.rm,2,0.0001
.wout,2,0.0001
.kb,2,0.0001
.lst~,2,0.0001
.tsv~,2,0.0001
.points,2,0.0001
.stylecop,2,0.0001
.checks,2,0.0001
.tcss,2,0.0001
.mpx,2,0.0001
.axd,2,0.0001
.skin,2,0.0001
.asmx,2,0.0001
.refresh,2,0.0001
.sitemap,2,0.0001
.bor,2,0.0001
.alpha_chain,2,0.0001
.beta_chain,2,0.0001
.protein_l10p,2,0.0001
.protein_l11p,2,0.0001
.protein_l13p,2,0.0001
.protein_l14p,2,0.0001
.protein_l15p,2,0.0001
.protein_l16p,2,0.0001
.protein_l18p,2,0.0001
.protein_l1p,2,0.0001
.protein_l22p,2,0.0001
.protein_l24p,2,0.0001
.protein_l2p,2,0.0001
.protein_l3p,2,0.0001
.protein_l4p,2,0.0001
.protein_l5p,2,0.0001
.protein_l6p,2,0.0001
.protein_s11p,2,0.0001
.protein_s12p,2,0.0001
.protein_s13p,2,0.0001
.protein_s15p,2,0.0001
.protein_s17p,2,0.0001
.protein_s19p,2,0.0001
.protein_s2p,2,0.0001
.protein_s3p,2,0.0001
.protein_s5p,2,0.0001
.protein_s7p,2,0.0001
.protein_s8p,2,0.0001
.protein_s9p,2,0.0001
.unitypackage,2,0.0001
.classpath,2,0.0001
.combine,2,0.0001
.cppx,2,0.0001
.acp,2,0.0001
.z1,2,0.0001
.pbm,2,0.0001
.org~,2,0.0001
.eaf,2,0.0001
.exb,2,0.0001
.fwbackup,2,0.0001
.fwdata,2,0.0001
.extraman,2,0.0001
.rdfs,2,0.0001
.flr,2,0.0001
.flr_query,2,0.0001
.flr_results,2,0.0001
.mozilla,2,0.0001
.mnt,2,0.0001
.fms,2,0.0001
.sit,2,0.0001
.eig,2,0.0001
.mmn,2,0.0001
.spin,2,0.0001
.pygtex,2,0.0001
.pygstyle,2,0.0001
.djvu,2,0.0001
.harvest_params,2,0.0001
.json_manifest,2,0.0001
.rsync_manifest,2,0.0001
.sfo,2,0.0001
.qa,2,0.0001
.listobs,2,0.0001
.in~,2,0.0001
.mpi,2,0.0001
.zinc,2,0.0001
.gwp,2,0.0001
.jhm,2,0.0001
.rcq,2,0.0001
.rmf,2,0.0001
.testsuite,2,0.0001
.1536,2,0.0001
.rprox,2,0.0001
.cross,2,0.0001
.unittest,2,0.0001
.parameterized,2,0.0001
.diskspecs,2,0.0001
.outv,2,0.0001
.parv,2,0.0001
.dat3,2,0.0001
.sthlp,2,0.0001
.cproj,2,0.0001
.feas,2,0.0001
.modelproj,2,0.0001
.addin,2,0.0001
.ewl,2,0.0001
.lzfse,2,0.0001
.ccc,2,0.0001
.pick,2,0.0001
.parameters,2,0.0001
.perspective,2,0.0001
.vowel,2,0.0001
.1-const,2,0.0001
.1-vowel,2,0.0001
.poni,2,0.0001
.nestml,2,0.0001
.cql,2,0.0001
.avl,2,0.0001
.cad,2,0.0001
.vsidx,2,0.0001
.ktx,2,0.0001
.geohash,2,0.0001
.mappings,2,0.0001
.f%,2,0.0001
.taup,2,0.0001
.tvel,2,0.0001
.clustal_num,2,0.0001
.dbr,2,0.0001
.f77,1,0.0
.fast,1,0.0
.qgraf,1,0.0
.rtn,1,0.0
.headers,1,0.0
.scaf2bin,1,0.0
.xwb,1,0.0
.transformerfactory,1,0.0
.xpathfactory,1,0.0
.fcgi,1,0.0
.aliases,1,0.0
.lvlps,1,0.0
.robj,1,0.0
.fr_msm_hcv_1a,1,0.0
.filt,1,0.0
.voc,1,0.0
.arith,1,0.0
.gmk,1,0.0
.cc_head,1,0.0
.cc_tail,1,0.0
.opf,1,0.0
.scrm,1,0.0
.axt,1,0.0
.comm,1,0.0
.eu,1,0.0
.ini_tmpl,1,0.0
.entry1,1,0.0
.fqrs,1,0.0
.ecg,1,0.0
.addon,1,0.0
.aa6f9e2,1,0.0
.p18564,1,0.0
.png~,1,0.0
.pass,1,0.0
.client,1,0.0
.ods#,1,0.0
.template1,1,0.0
.template2,1,0.0
.0_c07_19_nc_sat001_minmin_p005000_rr,1,0.0
.0_c07_19_nc_sos_sat001_minmin_p005000_rr,1,0.0
.0_c12_02_nc_sat001_minmin_p005000_rr,1,0.0
.0_g----_0001_c18_f1_se_cs_sp_s00,1,0.0
.0_g----_0001_c18_f1_se_cs_sp_s0y,1,0.0
.0_g----_0001_c47_f1_se_cs_sp_s00,1,0.0
.0_g----_0003_c18_f1_pi_se_cs_sp_s0y,1,0.0
.0_g----_0003_c18_f1_se_cs_sp_s0y,1,0.0
.0_g----_0004_c18_f1_se_cs_sp_pi_s0y,1,0.0
.0_g----_0004_c18_f1_se_cs_sp_s0y,1,0.0
.0_g----_0005_c18_f1_se_cs_sp_s0y,1,0.0
.0_g----_0008_c18_f1_se_cs_sp_s0y,1,0.0
.0_g----_0010_evo,1,0.0
.0_g----_0012_c18_f1_se_cs_sp_s0y,1,0.0
.0_g----_0012_c18_f1_se_cs_sp_s5prr_rg_s04an,1,0.0
.0_g----_0012_c18_f1_se_cs_sp_s5prr_rg_s0y,1,0.0
.0_g----_0013_c18_f1_se_cs_sp_s0y,1,0.0
.0_g----_0014_c18_f1_se_cs_sp_s0y,1,0.0
.0_g----_0015_c18_f1_se_cs_sp_s0y,1,0.0
.0_g----_0016_c18_f1_se_cs_sp_s0y,1,0.0
.0_g----_0017_c18_f1_pi_se_cs_sp_s4y,1,0.0
.0_g----_0017_c18_f1_se_cs_sp_s0y,1,0.0
.0_g----_0017_c18_f1_se_cs_sp_s4y,1,0.0
.0_g----_0018_c18_f1_se_cs_sp_s0y,1,0.0
.0_g----_0019_c18_f1_pi_se_cs_sp_s0y,1,0.0
.0_g----_0019_c18_f1_se_cs_sp_s0y,1,0.0
.0_g----_0021_c18_f1_se_cs_sp_s0y,1,0.0
.0_g----_0021_c18_f1_se_cs_sp_s4s,1,0.0
.0_g----_0021_c18_f1_se_cs_sp_s4y,1,0.0
.0_g----_0021_c18_f1_se_cs_sp_s5prr_s0y,1,0.0
.0_g----_0023_c18_f1_se_cs_sp_s0y,1,0.0
.0_g----_0023_c18_f1_se_cs_sp_s4s,1,0.0
.0_g----_0026_c18_f1_se_cs_sp_s0y,1,0.0
.0_g----_0026_c18_f1_se_cs_sp_s4s,1,0.0
.0_g----_0027_c18_f1_pi_se_cs_sp_s0y,1,0.0
.0_g----_0027_c18_f1_se_cs_sp_s0y,1,0.0
.0_g----_0028_c18_f1_se_cs_sp_ps_s0y,1,0.0
.0_g----_0028_c18_f1_se_cs_sp_s0y,1,0.0
.0_g----_0029_c18_f1_pi_se_cs_sp_s0y,1,0.0
.0_g----_0029_c18_f1_se_cs_sp_s0y,1,0.0
.0_g----_0030_c18_f1_pi_se_cs_sp_s0y,1,0.0
.0_g----_0030_c18_f1_se_cs_sp_s0y,1,0.0
.0_g----_0031_c18_f1_se_cs_sp_s0y,1,0.0
.0_g----_0033_c18_f1_se_cs_sp_s0y,1,0.0
.0_g----_0034_c18_f1_se_cs_sp_s0y,1,0.0
.0_g----_2275__c12_02_nc_f1_ae_cs_sp_rg_s2s,1,0.0
.0_g----_2275_c12_02_nc_f1_ae_cs_sp_s2s,1,0.0
.0_g----_400_c05_02_f1_se_cs_sp_ps_rg_s04aa,1,0.0
.0_g----_400_c05_02_f1_se_cs_sp_ps_rg_s04ai,1,0.0
.0_g----_400_c05_02_f1_se_cs_sp_ps_rg_s04an,1,0.0
.0_g----_401_c05_02_f1_se_cs_sp_ps_rg_s04aa,1,0.0
.0_g----_401_c05_02_f1_se_cs_sp_ps_rg_s04ai,1,0.0
.0_g----_401_c05_02_f1_se_cs_sp_ps_rg_s04an,1,0.0
.0_g----_402_c05_02_f1_se_cs_sp_ps_rg_s04aa,1,0.0
.0_g----_402_c05_02_f1_se_cs_sp_ps_rg_s04ai,1,0.0
.0_g----_402_c05_02_f1_se_cs_sp_ps_rg_s04an,1,0.0
.0_g----_403_c05_02_f1_se_cs_sp_ps_rg_s04aa,1,0.0
.0_g----_403_c05_02_f1_se_cs_sp_ps_rg_s04ai,1,0.0
.0_g----_403_c05_02_f1_se_cs_sp_ps_rg_s04an,1,0.0
.0_g----_404_c05_02_f1_se_cs_sp_ps_rg_s04aa,1,0.0
.0_g----_404_c05_02_f1_se_cs_sp_ps_rg_s04ai,1,0.0
.0_g----_404_c05_02_f1_se_cs_sp_ps_rg_s04an,1,0.0
.0_g----_405_c05_02_f1_se_cs_sp_ps_rg_s04aa,1,0.0
.0_g----_405_c05_02_f1_se_cs_sp_ps_rg_s04ai,1,0.0
.0_g----_405_c05_02_f1_se_cs_sp_ps_rg_s04an,1,0.0
.0_g----_406_c05_02_f1_se_cs_sp_ps_rg_s04aa,1,0.0
.0_g----_406_c05_02_f1_se_cs_sp_ps_rg_s04ai,1,0.0
.0_g----_406_c05_02_f1_se_cs_sp_ps_rg_s04an,1,0.0
.0_g----_407_c05_02_f1_se_cs_sp_ps_rg_s04aa,1,0.0
.0_g----_407_c05_02_f1_se_cs_sp_ps_rg_s04ai,1,0.0
.0_g----_407_c05_02_f1_se_cs_sp_ps_rg_s04an,1,0.0
.0_g----_408_c05_02_f1_se_cs_sp_ps_rg_s04aa,1,0.0
.0_g----_408_c05_02_f1_se_cs_sp_ps_rg_s04ai,1,0.0
.0_g----_408_c05_02_f1_se_cs_sp_ps_rg_s04an,1,0.0
.0_g----_409_c05_02_f1_se_cs_sp_ps_rg_s04aa,1,0.0
.0_g----_409_c05_02_f1_se_cs_sp_ps_rg_s04ai,1,0.0
.0_g----_409_c05_02_f1_se_cs_sp_ps_rg_s04an,1,0.0
.0_g----_420_c05_02_f1_se_cs_sp_ps_rg_s04aa,1,0.0
.0_g----_420_c05_02_f1_se_cs_sp_ps_rg_s04ai,1,0.0
.0_g----_420_c05_02_f1_se_cs_sp_ps_rg_s04an,1,0.0
.0_g----_421_c05_02_f1_se_cs_sp_ps_rg_s04aa,1,0.0
.0_g----_421_c05_02_f1_se_cs_sp_ps_rg_s04ai,1,0.0
.0_g----_421_c05_02_f1_se_cs_sp_ps_rg_s04an,1,0.0
.0_g----_422_c05_02_f1_se_cs_sp_ps_rg_s04aa,1,0.0
.0_g----_422_c05_02_f1_se_cs_sp_ps_rg_s04ai,1,0.0
.0_g----_422_c05_02_f1_se_cs_sp_ps_rg_s04an,1,0.0
.0_g----_423_c05_02_f1_se_cs_sp_ps_rg_s04aa,1,0.0
.0_g----_423_c05_02_f1_se_cs_sp_ps_rg_s04ai,1,0.0
.0_g----_423_c05_02_f1_se_cs_sp_ps_rg_s04an,1,0.0
.0_g----_424_c05_02_f1_se_cs_sp_ps_rg_s04aa,1,0.0
.0_g----_424_c05_02_f1_se_cs_sp_ps_rg_s04ai,1,0.0
.0_g----_424_c05_02_f1_se_cs_sp_ps_rg_s04an,1,0.0
.0_g----_425_c05_02_f1_se_cs_sp_ps_rg_s04aa,1,0.0
.0_g----_425_c05_02_f1_se_cs_sp_ps_rg_s04ai,1,0.0
.0_g----_425_c05_02_f1_se_cs_sp_ps_rg_s04an,1,0.0
.0_g----_426_c05_02_f1_se_cs_sp_ps_rg_s04aa,1,0.0
.0_g----_426_c05_02_f1_se_cs_sp_ps_rg_s04ai,1,0.0
.0_g----_426_c05_02_f1_se_cs_sp_ps_rg_s04an,1,0.0
.0_g----_427_c05_02_f1_se_cs_sp_ps_rg_s04aa,1,0.0
.0_g----_427_c05_02_f1_se_cs_sp_ps_rg_s04ai,1,0.0
.0_g----_427_c05_02_f1_se_cs_sp_ps_rg_s04an,1,0.0
.0_g----_428_c05_02_f1_se_cs_sp_ps_rg_s04aa,1,0.0
.0_g----_428_c05_02_f1_se_cs_sp_ps_rg_s04ai,1,0.0
.0_g----_428_c05_02_f1_se_cs_sp_ps_rg_s04an,1,0.0
.0_g----_429_c05_02_f1_se_cs_sp_ps_rg_s04aa,1,0.0
.0_g----_429_c05_02_f1_se_cs_sp_ps_rg_s04ai,1,0.0
.0_g----_429_c05_02_f1_se_cs_sp_ps_rg_s04an,1,0.0
.0_g----_x1276__c12_02_nc_f1_ae_cs_sp_rg_s04an,1,0.0
.0_g----_x1276__c12_02_nc_f1_ae_cs_sp_s2s,1,0.0
.0_g----_x1276__c12_02_nc_f1_ae_cs_sp_s5prr_s2s,1,0.0
.0_g----_x1410__c12_02_nc_f1_ae_cs_sp_s2s,1,0.0
.0_g----_y1006_c12_02_nc_f1_ae_cs_sp_s2s,1,0.0
.0_g----_y1346__c12_02_nc_f1_ae_cs_sp_s2s,1,0.0
.0_g----_y1410__c12_02_nc_f1_ae_cs_sp_s2s,1,0.0
.0_g----_z1014__c12_02_nc_f1_ae_cs_sp_s2s,1,0.0
.0_g----_z1014__c12_02_nc_f1_ae_cs_ssp_s2s,1,0.0
.0_g----_z1410__c12_02_nc_f1_ae_cs_sp_s2s,1,0.0
.0_g-e--_006_c18_f1_pi_ae_q4_cs_sp_s2s,1,0.0
.0_g-e--_008_c18_f1_ae_q4_cs_sp_s2s,1,0.0
.0_g-e--_008_c18_f1_pi_ae_cs_sp_co_s4s,1,0.0
.0_g-e--_008_c18_f1_pi_ae_q4_cs_sp_ps_s0y,1,0.0
.0_g-e--_008_c18_f1_pi_se_cs_sp_co_s4s,1,0.0
.0_g-e--_008_c45_f1_ae_cs_sp_ps_s0y,1,0.0
.0_g-e--_008_c45_f1_pi_ae_cs_sp_co_s4s,1,0.0
.0_g-e--_008_c45_f1_pi_ae_q4_cs_sp_co_s4s,1,0.0
.0_g-e--_008_c45_f1_pi_ae_q4_cs_sp_s4c,1,0.0
.0_g-e--_008_c45_f1_pi_ae_q4_cs_sp_s4d,1,0.0
.0_g-e--_008_c45_f1_pi_ae_q4_cs_sp_s4s,1,0.0
.0_g-e--_008_c45_f1_pi_s5prr_se_q4_cs_sp_s4s,1,0.0
.0_g-e--_008_c45_f1_pi_se_q4_cs_sp_s0y,1,0.0
.0_g-e--_008_c45_f1_pi_se_q4_cs_sp_s4s,1,0.0
.0_g-e--_008_c45_f1_pi_se_q4_cs_sp_s4sa,1,0.0
.0_g-e--_008_c45_f1_pi_se_q4_cs_sp_s4si,1,0.0
.0_g-e--_012_c18_f1_pi_ae_q4_cs_sp_ps_s0y,1,0.0
.0_g-e--_024_b31_f1_pi_ae_q4_cs_sp_s2s,1,0.0
.0_g-e--_041_c18_f1_pi_ae_q4_cs_sp_s0y,1,0.0
.0_g-e--_042_c18_f1_pi_ae_q4_cs_sp_ps_s0y,1,0.0
.0_g-e--_042_c45_f1_pi_ae_q4_cs_sp_ps_s4s,1,0.0
.0_g-e--_060_c18_f1_pi_ae_cs_sp_co_s0y,1,0.0
.0_g-e--_060_c18_f1_pi_ae_cs_sp_s0y,1,0.0
.0_g-e--_060_c18_f1_pi_ae_q4_cs_sp_s0y,1,0.0
.0_g-e--_060_c18_f1_pi_se_cs_sp_co_s0y,1,0.0
.0_g-e--_060_c18_f1_pi_se_cs_sp_s0y,1,0.0
.0_g-e--_092_c01_f1_ae_cs_sp_ps_co_s0y,1,0.0
.0_g-e--_092_c01_f1_ae_cs_sp_ps_s0y,1,0.0
.0_g-e--_092_c01_f1_pi_ae_q4_cs_sp_ps_s0y,1,0.0
.0_g-e--_100_c18_f1_pi_ae_q4_cs_sp_ps_s0y,1,0.0
.0_g-e--_100_c18_f1_pi_ae_q4_cs_sp_s0y,1,0.0
.0_g-e--_103_c18_f1_pi_ae_q4_cs_sp_s0y,1,0.0
.0_g-e--_107_b00_00_f1_pi_ae_q4_cs_sp_ps_s071i,1,0.0
.0_g-e--_107_b00_00_f1_pi_ae_q4_cs_sp_ps_s08bn,1,0.0
.0_g-e--_107_b03_f1_pi_ae_q4_cs_sp_ps_s0y,1,0.0
.0_g-e--_107_b03_f1_pi_ae_q4_cs_sp_ps_s4s,1,0.0
.0_g-e--_107_b42_f1_pi_ae_q4_cs_sp_ps_s0y,1,0.0
.0_g-e--_107_b42_f1_pi_se_q4_cs_sp_ps_s0y,1,0.0
.0_g-e--_107_b42_f1_pi_se_q4_cs_sp_ps_s0ya,1,0.0
.0_g-e--_107_b42_f1_pi_se_q4_cs_sp_ps_s0yi,1,0.0
.0_g-e--_107_b42_f1_pi_se_q4_cs_sp_ps_s5prr_s0y,1,0.0
.0_g-e--_107_c12_02_nc_f1_pi_ae_q4_cs_sp_ps_s033n,1,0.0
.0_g-e--_107_c12_11_nc_f1_pi_ae_q4_cs_sp_ps_s071i,1,0.0
.0_g-e--_107_c18_f1_ae_cs_sp_ps_s0y,1,0.0
.0_g-e--_107_c18_f1_ae_q4_cs_sp_co_s0y,1,0.0
.0_g-e--_107_c18_f1_ae_q4_cs_sp_ps_s0y,1,0.0
.0_g-e--_107_c18_f1_ae_q4_cs_sp_s0y,1,0.0
.0_g-e--_107_c18_f1_pi_ae_q4_cs_sp_ps_s4s,1,0.0
.0_g-e--_107_c36_f1_pi_ae_q4_cs_sp_ps_s0y,1,0.0
.0_g-e--_107_c37_f1_pi_ae_q4_cs_sp_ps_s0y,1,0.0
.0_g-e--_107_c37_sos_f1_pi_ae_q4_cs_sp_ps_s0y,1,0.0
.0_g-e--_107_c41_f1_pi_ae_cs_sp_ps_s4s,1,0.0
.0_g-e--_107_c41_f1_pi_ae_q4_cs_sp_ps_co_s4s,1,0.0
.0_g-e--_107_c41_f1_pi_ae_q4_cs_sp_ps_s0y,1,0.0
.0_g-e--_107_c41_f1_pi_ae_q4_cs_sp_ps_s2u,1,0.0
.0_g-e--_107_c41_f1_pi_ae_q4_cs_sp_ps_s4s,1,0.0
.0_g-e--_107_c41_f1_pi_ae_q4_cs_sp_ps_s5s,1,0.0
.0_g-e--_107_c45_f1_ae_q4_cs_sp_ps_s0y,1,0.0
.0_g-e--_107_c45_f1_pi_ae_q4_cs_sp_s0y,1,0.0
.0_g-e--_107_c45_f1_pi_ae_q7_cs_sp_ps_s0y,1,0.0
.0_g-e--_107_c48_f1_ae_cs_sp_ps_s0y,1,0.0
.0_g-e--_107_c48_f1_pi_ae_q4_cs_sp_ps_s0y,1,0.0
.0_g-e--_110_c45_f1_pi_ae_q4_cs_sp_ps_s4s,1,0.0
.0_g-e--_110_c45_f1_pi_se_cs_sp_ps_s4s,1,0.0
.0_g-e--_110_c45_f1_pi_se_q4_cs_sp_ps_s4s,1,0.0
.0_g-e--_200_b02_f1_ae_cs_sp_pi_s0s,1,0.0
.0_g-e--_200_b02_f1_ae_cs_sp_pi_s0y,1,0.0
.0_g-e--_200_b02_f1_ae_cs_sp_pi_s2k,1,0.0
.0_g-e--_200_b02_f1_se_cs_sp_pi_s0s,1,0.0
.0_g-e--_200_b02_f1_se_cs_sp_pi_s2k,1,0.0
.0_g-e--_200_b07_f1_ae_cs_sp_pi_s0y,1,0.0
.0_g-e--_200_c18_f1_ae_cs_sp_pi_s0y,1,0.0
.0_g-e--_200_c41_f1_ae_cs_sp_pi_s0y,1,0.0
.0_g-e--_200_c45_f1_ae_cs_sp_pi_co_s0v,1,0.0
.0_g-e--_200_c45_f1_ae_cs_sp_pi_ps_s0y,1,0.0
.0_g-e--_200_c45_f1_ae_cs_sp_pi_s0s,1,0.0
.0_g-e--_200_c45_f1_ae_cs_sp_pi_s0v,1,0.0
.0_g-e--_200_c45_f1_ae_cs_sp_pi_s0y,1,0.0
.0_g-e--_200_c45_f1_ae_cs_sp_pi_s2s,1,0.0
.0_g-e--_200_c45_f1_ae_cs_sp_pi_s4s,1,0.0
.0_g-e--_200_c45_f1_ae_cs_sp_s0y,1,0.0
.0_g-e--_200_c45_f1_ae_q4_cs_sp_pi_s0y,1,0.0
.0_g-e--_200_c45_f1_se_cs_sp_pi_co_s0v,1,0.0
.0_g-e--_200_c45_f1_se_cs_sp_pi_co_s5prr_s0v,1,0.0
.0_g-e--_201_c45_f1_ae_cs_sp_pi_co_s0y,1,0.0
.0_g-e--_201_c45_f1_ae_cs_sp_pi_s0y,1,0.0
.0_g-e--_204_c45_f1_ae_cs_sp_pi_s0y,1,0.0
.0_g-e--_205_c45_f1_ae_cs_sp_pi_s0y,1,0.0
.0_g-e--_205_c45_f1_ae_cs_sp_pi_s5prr_s0y,1,0.0
.0_g-e--_207_b07_f1_ae_cs_sp_pi_ps_s0y,1,0.0
.0_g-e--_207_b07_f1_ae_cs_sp_ps_s0y,1,0.0
.0_g-e--_207_c01_f1_ae_cs_sp_pi_s0y,1,0.0
.0_g-e--_207_c01_f1_se_cs_sp_pi_s0y,1,0.0
.0_g-e--_207_c01_f1_se_cs_sp_pi_s5prr_s0y,1,0.0
.0_g-e--_207_c18_f1_ae_cs_sp_pi_co_s00,1,0.0
.0_g-e--_207_c18_f1_ae_cs_sp_pi_co_s0y,1,0.0
.0_g-e--_207_c18_f1_ae_cs_sp_pi_co_s2s,1,0.0
.0_g-e--_207_c18_f1_ae_cs_sp_pi_ps_s00,1,0.0
.0_g-e--_207_c18_f1_ae_cs_sp_pi_ps_s0i,1,0.0
.0_g-e--_207_c18_f1_ae_cs_sp_pi_ps_s0s,1,0.0
.0_g-e--_207_c18_f1_ae_cs_sp_pi_ps_s0u,1,0.0
.0_g-e--_207_c18_f1_ae_cs_sp_pi_ps_s0y,1,0.0
.0_g-e--_207_c18_f1_ae_cs_sp_pi_ps_s2s,1,0.0
.0_g-e--_207_c18_f1_ae_cs_sp_pi_ps_s2u,1,0.0
.0_g-e--_207_c18_f1_ae_cs_sp_pi_ps_s3s,1,0.0
.0_g-e--_207_c18_f1_ae_cs_sp_pi_s00,1,0.0
.0_g-e--_207_c18_f1_ae_cs_sp_pi_s0a,1,0.0
.0_g-e--_207_c18_f1_ae_cs_sp_pi_s0e,1,0.0
.0_g-e--_207_c18_f1_ae_cs_sp_pi_s0y,1,0.0
.0_g-e--_207_c18_f1_ae_cs_sp_pi_s2s,1,0.0
.0_g-e--_207_c18_f1_ae_cs_sp_pi_s4s,1,0.0
.0_g-e--_207_c18_f1_ae_cs_sp_ps_s0u,1,0.0
.0_g-e--_207_c18_f1_ae_cs_sp_ps_s0v,1,0.0
.0_g-e--_207_c18_f1_ae_cs_sp_ps_s0y,1,0.0
.0_g-e--_207_c18_f1_ae_cs_sp_ps_s2s,1,0.0
.0_g-e--_207_c18_f1_ae_cs_sp_ps_s3s,1,0.0
.0_g-e--_207_c18_f1_ae_cs_sp_ps_s4s,1,0.0
.0_g-e--_207_c18_f1_ae_q4_cs_sp_pi_co_ps_s00,1,0.0
.0_g-e--_207_c18_f1_ae_q7_cs_sp_co_ps_s00,1,0.0
.0_g-e--_207_c18_f1_ae_q7_cs_sp_pi_co_ps_s00,1,0.0
.0_g-e--_207_c18_f1_cs_sp_s0y,1,0.0
.0_g-e--_207_c18_f1_pi_s0y,1,0.0
.0_g-e--_207_c18_f1_se_cs_sp_pi_ps_s00a,1,0.0
.0_g-e--_207_c18_f1_se_cs_sp_pi_ps_s00i,1,0.0
.0_g-e--_207_c18_f1_se_cs_sp_pi_ps_s0y,1,0.0
.0_g-e--_207_c18_f1_se_cs_sp_pi_ps_s2s,1,0.0
.0_g-e--_207_c18_f1_se_cs_sp_pi_ps_s2sa,1,0.0
.0_g-e--_207_c18_f1_se_cs_sp_pi_ps_s2si,1,0.0
.0_g-e--_207_c18_f1_se_cs_sp_pi_ps_s5prr_rg_s04an,1,0.0
.0_g-e--_207_c18_f1_se_cs_sp_pi_ps_s5prr_rg_s0y,1,0.0
.0_g-e--_207_c18_f1_se_cs_sp_pi_ps_s5prr_rg_s2s,1,0.0
.0_g-e--_207_c18_f1_se_cs_sp_pi_ps_s5prr_s2s,1,0.0
.0_g-e--_207_c18_f1_se_cs_sp_pi_ps_s5prr_s2si,1,0.0
.0_g-e--_207_c18_f1_sp_pi_s0y,1,0.0
.0_g-e--_207_c18_f1_sp_s0y,1,0.0
.0_g-e--_207_c41_f1_ae_cs_sp_pi_s0y,1,0.0
.0_g-e--_207_c41_f1_ae_cs_sp_pi_s4s,1,0.0
.0_g-e--_207_c45_f1_ae_cs_sp_pi_s0y,1,0.0
.0_g-e--_208_b00_00_f1_se_cs_sp_ps_s071i,1,0.0
.0_g-e--_208_b00_00_f1_se_cs_sp_ps_s5prr_s00en,1,0.0
.0_g-e--_208_b01_00_f1_se_cs_sp_ps_s04an,1,0.0
.0_g-e--_208_b01_00_f1_se_cs_sp_ps_s064a,1,0.0
.0_g-e--_208_b02_f1_ae_cs_sp_ps_s0y,1,0.0
.0_g-e--_208_b02cma_f1_se_cs_sp_ps_s5prr_rg_s04an,1,0.0
.0_g-e--_208_b07----d_f1_se_cs_sp_ps_s5prr_rg_s04aa,1,0.0
.0_g-e--_208_b07----d_f1_se_cs_sp_ps_s5prr_rg_s04ai,1,0.0
.0_g-e--_208_b07----d_f1_se_cs_sp_ps_s5prr_rg_s04an,1,0.0
.0_g-e--_208_b07----s_f1_se_cs_sp_ps_s5prr_rg_s04an,1,0.0
.0_g-e--_208_b07--c_f1_se_cs_sp_ps_s5prr_rg_s04an,1,0.0
.0_g-e--_208_b07_f1_ae_cs_sp_ps_s0y,1,0.0
.0_g-e--_208_b07_f1_ae_cs_sp_ps_s5prr_s0y,1,0.0
.0_g-e--_208_b07_f1_s5prr_se_cs_sp_ps_s0y,1,0.0
.0_g-e--_208_b07_f1_se_cs_sp_ps_s0y,1,0.0
.0_g-e--_208_b07_f1_se_cs_sp_ps_s2q,1,0.0
.0_g-e--_208_b07_f1_se_cs_sp_ps_s4d,1,0.0
.0_g-e--_208_b07_f1_se_cs_sp_ps_s5prr_rg_s04an,1,0.0
.0_g-e--_208_b07amc_f1_se_cs_sp_ps_s5prr_rg_s04an,1,0.0
.0_g-e--_208_b07cma_f1_se_cs_sp_ps_s5prr_rg_s04an,1,0.0
.0_g-e--_208_c02---_f1_se_cs_sp_ps_s5prr_rg_s04an,1,0.0
.0_g-e--_208_c02amc_f1_se_cs_sp_ps_s5prr_rg_s04an,1,0.0
.0_g-e--_208_c02cma_f1_se_cs_sp_ps_s5prr_rg_s04an,1,0.0
.0_g-e--_208_c02sc-_f1_se_cs_sp_ps_s5prr_rg_s04an,1,0.0
.0_g-e--_208_c05_02_f1_se_cs_sp_ps_s5prr_rg_s04an,1,0.0
.0_g-e--_208_c09_12_f1_se_cs_sp_ps_s002a,1,0.0
.0_g-e--_208_c09_12_f1_se_cs_sp_ps_s070i,1,0.0
.0_g-e--_208_c09_12_f1_se_cs_sp_ps_s5prr_rg_nd_s04an,1,0.0
.0_g-e--_208_c09_12_f1_se_cs_sp_ps_s5prr_rg_s04an,1,0.0
.0_g-e--_208_c09_12_f1_se_cs_sp_ps_s5prr_s04an,1,0.0
.0_g-e--_208_c12_00_f1_se_cs_pi_sp_ps_s5prr_rg_s04an,1,0.0
.0_g-e--_208_c12_00_f1_se_cs_sp_ps_s5prr_rg_s04an,1,0.0
.0_g-e--_208_c12_02_nc_f1_se_cs_sp_ps_s06dn,1,0.0
.0_g-e--_208_c12_02_nc_f1_se_cs_sp_ps_s070i,1,0.0
.0_g-e--_208_c12_02_nc_f1_se_cs_sp_ps_s5prr_rg_s070i,1,0.0
.0_g-e--_208_c12_11_nc_f1_se_cs_sp_ps_s022a,1,0.0
.0_g-e--_208_c12_11_nc_f1_se_cs_sp_ps_s04bn,1,0.0
.0_g-e--_208_c12_11_nc_f1_se_cs_sp_ps_s5prr_rg_s04an,1,0.0
.0_g-e--_208_c12_11_nc_f1_se_cs_sp_ps_s5prr_s04bn,1,0.0
.0_g-e--_208_c18--c_f1_se_cs_sp_ps_s5prr_rg_s04an,1,0.0
.0_g-e--_208_c18_f1_ae_cs_sp_pi_s0a,1,0.0
.0_g-e--_208_c18_f1_ae_cs_sp_pi_s0y,1,0.0
.0_g-e--_208_c18_f1_ae_cs_sp_ps_s0a,1,0.0
.0_g-e--_208_c18_f1_ae_cs_sp_ps_s0v,1,0.0
.0_g-e--_208_c18_f1_ae_cs_sp_ps_s0y,1,0.0
.0_g-e--_208_c18_f1_ae_cs_sp_ps_s1y,1,0.0
.0_g-e--_208_c18_f1_ae_cs_sp_ps_s3s,1,0.0
.0_g-e--_208_c18_f1_ae_cs_sp_ps_s4s,1,0.0
.0_g-e--_208_c18_f1_ae_cs_sp_s0y,1,0.0
.0_g-e--_208_c18_f1_se_cs_sos_sp_ps_s5prr_rg_s04an,1,0.0
.0_g-e--_208_c18_f1_se_cs_sp_pi_ps_s5prr_rg_s04an,1,0.0
.0_g-e--_208_c18_f1_se_cs_sp_pi_ps_s5prr_s032n,1,0.0
.0_g-e--_208_c18_f1_se_cs_sp_ps_rg_s2sx,1,0.0
.0_g-e--_208_c18_f1_se_cs_sp_ps_s00,1,0.0
.0_g-e--_208_c18_f1_se_cs_sp_ps_s002a,1,0.0
.0_g-e--_208_c18_f1_se_cs_sp_ps_s003i,1,0.0
.0_g-e--_208_c18_f1_se_cs_sp_ps_s022i,1,0.0
.0_g-e--_208_c18_f1_se_cs_sp_ps_s024i,1,0.0
.0_g-e--_208_c18_f1_se_cs_sp_ps_s026i,1,0.0
.0_g-e--_208_c18_f1_se_cs_sp_ps_s028n,1,0.0
.0_g-e--_208_c18_f1_se_cs_sp_ps_s02dn,1,0.0
.0_g-e--_208_c18_f1_se_cs_sp_ps_s032n,1,0.0
.0_g-e--_208_c18_f1_se_cs_sp_ps_s038i,1,0.0
.0_g-e--_208_c18_f1_se_cs_sp_ps_s047a,1,0.0
.0_g-e--_208_c18_f1_se_cs_sp_ps_s059i,1,0.0
.0_g-e--_208_c18_f1_se_cs_sp_ps_s05ai,1,0.0
.0_g-e--_208_c18_f1_se_cs_sp_ps_s05bn,1,0.0
.0_g-e--_208_c18_f1_se_cs_sp_ps_s05cn,1,0.0
.0_g-e--_208_c18_f1_se_cs_sp_ps_s05ea,1,0.0
.0_g-e--_208_c18_f1_se_cs_sp_ps_s061n,1,0.0
.0_g-e--_208_c18_f1_se_cs_sp_ps_s07fn,1,0.0
.0_g-e--_208_c18_f1_se_cs_sp_ps_s0a,1,0.0
.0_g-e--_208_c18_f1_se_cs_sp_ps_s0u,1,0.0
.0_g-e--_208_c18_f1_se_cs_sp_ps_s0y,1,0.0
.0_g-e--_208_c18_f1_se_cs_sp_ps_s0y_ni,1,0.0
.0_g-e--_208_c18_f1_se_cs_sp_ps_s0yp,1,0.0
.0_g-e--_208_c18_f1_se_cs_sp_ps_s2a,1,0.0
.0_g-e--_208_c18_f1_se_cs_sp_ps_s2b,1,0.0
.0_g-e--_208_c18_f1_se_cs_sp_ps_s2c,1,0.0
.0_g-e--_208_c18_f1_se_cs_sp_ps_s2d,1,0.0
.0_g-e--_208_c18_f1_se_cs_sp_ps_s2f,1,0.0
.0_g-e--_208_c18_f1_se_cs_sp_ps_s2g,1,0.0
.0_g-e--_208_c18_f1_se_cs_sp_ps_s2i,1,0.0
.0_g-e--_208_c18_f1_se_cs_sp_ps_s2j,1,0.0
.0_g-e--_208_c18_f1_se_cs_sp_ps_s2k,1,0.0
.0_g-e--_208_c18_f1_se_cs_sp_ps_s2m,1,0.0
.0_g-e--_208_c18_f1_se_cs_sp_ps_s2n,1,0.0
.0_g-e--_208_c18_f1_se_cs_sp_ps_s2o,1,0.0
.0_g-e--_208_c18_f1_se_cs_sp_ps_s2p,1,0.0
.0_g-e--_208_c18_f1_se_cs_sp_ps_s2r,1,0.0
.0_g-e--_208_c18_f1_se_cs_sp_ps_s2s,1,0.0
.0_g-e--_208_c18_f1_se_cs_sp_ps_s2v,1,0.0
.0_g-e--_208_c18_f1_se_cs_sp_ps_s3a,1,0.0
.0_g-e--_208_c18_f1_se_cs_sp_ps_s3b,1,0.0
.0_g-e--_208_c18_f1_se_cs_sp_ps_s4b,1,0.0
.0_g-e--_208_c18_f1_se_cs_sp_ps_s4c,1,0.0
.0_g-e--_208_c18_f1_se_cs_sp_ps_s4d,1,0.0
.0_g-e--_208_c18_f1_se_cs_sp_ps_s4y,1,0.0
.0_g-e--_208_c18_f1_se_cs_sp_ps_s5prr_rg_s04ai,1,0.0
.0_g-e--_208_c18_f1_se_cs_sp_ps_s5prr_rg_s04an,1,0.0
.0_g-e--_208_c18_f1_se_cs_sp_ps_s5prr_rg_s04bn,1,0.0
.0_g-e--_208_c18_f1_se_cs_sp_ps_s5prr_rg_s0y,1,0.0
.0_g-e--_208_c18_f1_se_cs_sp_ps_s5prr_s002a,1,0.0
.0_g-e--_208_c18_f1_se_cs_sp_ps_s5prr_s028n,1,0.0
.0_g-e--_208_c18_f1_se_cs_sp_ps_s5prr_s032n,1,0.0
.0_g-e--_208_c18_f1_se_cs_sp_ps_s5prr_s04an,1,0.0
.0_g-e--_208_c18_f1_se_cs_sp_ps_s5prr_s059i,1,0.0
.0_g-e--_208_c18_f1_se_cs_sp_ps_s5prr_s0y,1,0.0
.0_g-e--_208_c18_f1_se_cs_sp_ps_s5prr_s2m,1,0.0
.0_g-e--_208_c18_f1_se_cs_sp_ps_s5prr_s2ma,1,0.0
.0_g-e--_208_c18_f1_se_cs_sp_ps_s5prr_s2mi,1,0.0
.0_g-e--_208_c18_f1_se_cs_sp_ps_s5prr_s2p,1,0.0
.0_g-e--_208_c18_f1_se_cs_sp_ps_s5prr_s2v,1,0.0
.0_g-e--_208_c18_f1_se_cs_sp_ps_s5prr_s4d,1,0.0
.0_g-e--_208_c18_f1_se_cs_sp_ps_tt_s0y,1,0.0
.0_g-e--_208_c18_f1_se_cs_ssp_ps_s5prr_rg_s04an,1,0.0
.0_g-e--_208_c18_f2_se_cs_sp_ps_rg_s04a,1,0.0
.0_g-e--_208_c18_f2_se_cs_sp_ps_s5prr_rg_s04a,1,0.0
.0_g-e--_208_c18_sos_f1_se_cs_sp_ps_s4c,1,0.0
.0_g-e--_208_c18amc_f1_se_cs_sp_ps_s5prr_rg_s04an,1,0.0
.0_g-e--_208_c18c--_f1_se_cs_sp_ps_s5prr_rg_s04an,1,0.0
.0_g-e--_208_c18cma_f1_se_cs_sp_ps_s5prr_rg_s04an,1,0.0
.0_g-e--_208_c41_f1_ae_cs_sp_ps_s00,1,0.0
.0_g-e--_208_c41_f1_ae_cs_sp_ps_s4s,1,0.0
.0_g-e--_208_c45_f1_ae_cs_sp_pi_co_s0v,1,0.0
.0_g-e--_208_c45_f1_ae_cs_sp_pi_ps_s0y,1,0.0
.0_g-e--_208_c47_f1_se_cs_sp_ps_s0y,1,0.0
.0_g-e--_208_c48_f1_ae_cs_sp_ps_s0y,1,0.0
.0_g-e--_209_c18_f1_ae_cs_sp_pi_s0y,1,0.0
.0_g-e--_209_c18_f1_ae_cs_sp_s0y,1,0.0
.0_g-e--_210_c18_f1_ae_cs_sp_pi_s0y,1,0.0
.0_g-e--_211_c18_f1_ae_cs_sp_s0y,1,0.0
.0_g-e--_212_c18_f1_ae_q12_cs_sp_s0y,1,0.0
.0_g-e--_212_c18_f1_ae_q12_cs_sp_s2s,1,0.0
.0_g-e--_213_c18_f1_ae_cs_sp_pi_s0y,1,0.0
.0_g-e--_214_c18_f1_ae_q7_cs_sp_pi_s0y,1,0.0
.0_g-e--_214_c18_f1_ae_r4_cs_sp_pi_s0y,1,0.0
.0_g-e--_214_c18_f1_ae_s4_cs_sp_pi_s0y,1,0.0
.0_g-e--_215_c46_f1_ae_cs_sp_ps_s0y,1,0.0
.0_g-e--_215_c46_f1_ae_cs_sp_ps_s2s,1,0.0
.0_g-e--_300_c01_f1_se_cs_sp_s0y,1,0.0
.0_g-e--_300_c01_s00,1,0.0
.0_g-e--_300_c01_s5prr_s00,1,0.0
.0_g-e--_300_c18_f1_se_cs_sp_ps_s0y,1,0.0
.0_g-e--_300_c18_f1_se_cs_sp_s0y,1,0.0
.0_g-e--_300_c18_f1_urban_s0y,1,0.0
.0_g-e--_301_c18_f1_urban_s0y,1,0.0
.0_g-e--_301_c18_f1_urban_s5prr_rg_s04an,1,0.0
.0_g-e--_301_c18_f1_urban_s5prr_rg_s04bn,1,0.0
.0_g-e--_301_c18_f1_urban_s5prr_rg_s070i,1,0.0
.0_g-e--_301_c18_f1_urban_s5prr_rg_s0y,1,0.0
.0_g-e--_301_c18_f1_urban_s5prr_s0y,1,0.0
.0_g-e--_302_c18_f1_urban_rg_s04bn,1,0.0
.0_g-e--_302_c18_f1_urban_s0y,1,0.0
.0_g-e--_302_c18_f1_urban_s5prr_rg_s04bn,1,0.0
.0_g-e--_302_c18_f1_urban_s5prr_rg_s0y,1,0.0
.0_g-e--_302_c18_f1_urban_s5prr_s0y,1,0.0
.0_g-e--_303_c18_f1_urban_s0y,1,0.0
.0_g-n--_023_b07_f1_pi_q7_cs_os_s0y,1,0.0
.0_g-n--_023_b07_f1_sp_pi_q7_cs_ae_s0y,1,0.0
.0_g-n--_023_b07_f1_sp_pi_q7_cs_se_s0y,1,0.0
.0_g-n--_023_b07_f1_sp_pi_q7_cs_se_s5prr_s0y,1,0.0
.0_g-n--_023_b07_f1_sp_pi_q7_cs_sp_co_s0y,1,0.0
.0_g-n--_023_b07_f1_sp_pi_q7_cs_sp_co_s5prr_s0y,1,0.0
.0_g-n--_023_b07_f1_sp_pi_q7_cs_sp_s0y,1,0.0
.0_h----_011_c07_f1_pi_ae_os_r8_sp_s1u,1,0.0
.0_h----_011_c07_f1_pi_ae_os_s1u,1,0.0
.0_h----_011_c07_f1_pi_ae_q4_cs_sp_ps_s0v,1,0.0
.0_h----_011_c07_f1_pi_ae_q4_cs_sp_ps_sov,1,0.0
.0_h----_011_c07_f1_pi_ae_q4_sp_s0v,1,0.0
.0_h----_011_c07_f1_pi_ae_sp_s0v,1,0.0
.0_h----_011_c07_f1_pi_se_sp_s0v,1,0.0
.0_h----_011_c18_f1_pi_ae_sp_s2s,1,0.0
.0_h----_011_c18_f1_pi_se_sp_s2s,1,0.0
.0_h----_042_b03_f1_ae_q4_sp_s2s,1,0.0
.0_h----_047_b31_f1_pi_ae_r4_cs_sp_s2k,1,0.0
.0_h----_047_b31_f1_pi_ae_r4_cs_sp_s2s,1,0.0
.0_h----_047_b31_f1_pi_ae_r4_cs_sp_s4c,1,0.0
.0_h----_047_b31_f1_pi_ae_r4_cs_sp_s4d,1,0.0
.0_h----_047_c02_f1_pi_ae_q12_cs_sp_s2s,1,0.0
.0_h----_047_c02_f1_pi_se_q12_cs_sp_s2s,1,0.0
.0_h----_047_c05_04_f1_ae_r8_cs_sp_rg_s2s,1,0.0
.0_h----_047_c09_12_f1_ae_nd_cs_sp_s2s,1,0.0
.0_h----_047_c09_12_f1_ae_nd_cs_sp_s5prr_rg_s04an,1,0.0
.0_h----_047_c09_12_f1_ae_nd_cs_sp_s5prr_rg_s2s,1,0.0
.0_h----_047_c09_12_f1_ae_nd_cs_sp_s5prr_s2s,1,0.0
.0_h----_047_c09_12_f1_ae_nd_sp_s2s,1,0.0
.0_h----_047_c18_f1_ae_r8_cs_sp_s2s,1,0.0
.0_h----_047_c18_f1_pi_ae_r8_cs_sp_s2s,1,0.0
.0_h----_047_c45_f1_ae_r8_cs_sp_s2s,1,0.0
.0_h----_102_c18_f1_pi_ae_cs_sp_ps_s0y,1,0.0
.0_h----_102_c18_f1_pi_ae_cs_sp_ps_s2s,1,0.0
.0_h----_102_c18_f1_pi_ae_q4_cs_sp_ps_s2s,1,0.0
.0_h----_102_c18_f1_pi_ae_q4_cs_sp_ps_s5prr_s2s,1,0.0
.0_h----_102_c18_f1_pi_ae_q4_cs_sp_s1s,1,0.0
.0_sat001_ca_minmin_p005000_rr,1,0.0
.0_sat001_co_minmin_p005000_rr,1,0.0
.0_sat001_frscon_p005000_rr,1,0.0
.0_sat001_glomax_p005000_rr,1,0.0
.0_sat001_glomin_p005000_nn,1,0.0
.0_sat001_glomin_p005000_rr,1,0.0
.0_sat001_maxmax_p005000_rr,1,0.0
.0_sat001_maxmin_p005000_rr,1,0.0
.0_sat001_minmax_g010000_rr,1,0.0
.0_sat001_minmax_g050000_rr,1,0.0
.0_sat001_minmax_g100000_rr,1,0.0
.0_sat001_minmax_p002000_rr,1,0.0
.0_sat001_minmax_p005000_nn,1,0.0
.0_sat001_minmax_p005000_rr,1,0.0
.0_sat001_minmin_p002000_nn,1,0.0
.0_sat001_minmin_p002000_rr,1,0.0
.0_sat001_minmin_p005000_nr,1,0.0
.0_sat001_minmin_p005000_rr,1,0.0
.0_sat001_minmin_p005000_rr_d1,1,0.0
.0_sat001_minmin_p005000_rr_q4,1,0.0
.0_sat001_minmin_p005000_rr_q7,1,0.0
.0_sat001_minmin_p005000_rr_rg,1,0.0
.0_sat001_minmin_t00x000_rr,1,0.0
.0_sat001_minmin_t050000_nr,1,0.0
.0_sat001_minmin_t050000_rr,1,0.0
.0_sat001_minmin_x000000_rr,1,0.0
.0_sat002_minmin_p005000_rr,1,0.0
.0_sat002_minmin_p005000_rr_d1,1,0.0
.0_sat002_minmin_p005000_rr_d10,1,0.0
.0_sat002_minmin_p005000_rr_d100,1,0.0
.0_sat002_minmin_p005000_rr_d1000,1,0.0
.0_sat002_minmin_p010000_rr_d1000,1,0.0
.0_sat002_minmin_x000000_rr,1,0.0
.0_sat003_minmin_p005000_rr,1,0.0
.0_sat003_minmin_t00x000_rr,1,0.0
.0_sat003_minmin_x000000_rr,1,0.0
.0_u----_043_b31_f1_pi_ae_cs_sp_s2s,1,0.0
.0_u----_043_c18_f1_pi_ae_s4_cs_sp_s0y,1,0.0
.0_u----_043_c18_f1_pi_ae_s4_cs_sp_s4c,1,0.0
.0_u----_100_c07_23_f1_se_cs_sp_ps_s5prr_rg_s04an,1,0.0
.0_u----_100_c09_12_f1_se_cs_sp_ps_s5prr_rg_nd_s04an,1,0.0
.0_u----_100_c09_12_f1_se_cs_sp_ps_s5prr_rg_s04an,1,0.0
.0_u----_101_c09_12_f1_se_cs_sp_ps_s5prr_rg_s04an,1,0.0
.0_u----_102_c09_12_f1_se_cs_sp_ps_s5prr_rg_s04an,1,0.0
.0_u----_115e_c05_00_f1_se_pi_cs_sp_ps_s5prr_rg_s04an,1,0.0
.0_u----_115u_c12_06_f1_se_pi_cs_sp_ps_s5prr_rg_s04an,1,0.0
.0_u----_115v_c12_07_f1_se_pi_cs_sp_ps_s5prr_rg_s04an,1,0.0
.0_u----_116_c05_02_f1_se_pi_cs_sp_ps_rg_s04an,1,0.0
.0_u----_116_c05_02_f1_se_pi_cs_sp_ps_s5prr_rg_s04an,1,0.0
.0_u----_116x_c05_02_f1_se_pi_cs_sp_ps_s5prr_rg_s04an,1,0.0
.0_u----_116xg_c05_02_f1_se_pi_cs_sp_ps_s5prr_rg_s04an,1,0.0
.0_u----_116y_c05_02_f1_se_pi_cs_sp_ps_s5prr_rg_s04an,1,0.0
.0_u----_116yg_c05_02_f1_se_pi_cs_sp_ps_s5prr_rg_s04an,1,0.0
.0_u----_204f_05_c11_08_f1_se_pi_cs_sp_ps_s5prr_rg_s04an,1,0.0
.0_u----_206b_01_c11_23_f1_se_pi_cs_sp_ps_s5prr_rg_s04an,1,0.0
.0_u----_206c_00_b11_00_f1_se_pi_cs_sp_ps_s5prr_rg_s04an,1,0.0
.0_u----_206c_00_c07_23_f1_se_pi_cs_sp_ps_s5prr_rg_s04an,1,0.0
.0_u----_206c_02_b10_00_f1_se_pi_cs_sp_ps_s5prr_rg_s04an,1,0.0
.0_u----_206c_02_c11_23_f1_se_pi_cs_sp_ps_s5prr_rg_s04an,1,0.0
.0_u----_206c_10_b11_00_f1_se_pi_cs_sp_ps_s5prr_rg_s04an,1,0.0
.0_u----_206c_10_c11_08_f1_se_pi_cs_sp_ps_s5prr_rg_s04an,1,0.0
.0_u----_206d_00_b07_00_f1_se_pi_cs_sp_ps_s5prr_rg_s04an,1,0.0
.0_u----_206d_00_b10_00_f1_se_pi_cs_sp_ps_s5prr_rg_s04an,1,0.0
.0_u----_206d_00_c11_23_f1_se_pi_cs_sp_ps_s5prr_rg_s04an,1,0.0
.0_u----_206d_01_c11_23_f1_se_pi_cs_sp_ps_s5prr_rg_s04an,1,0.0
.0_u----_206d_02_b11_00_f1_se_pi_cs_sp_ps_s5prr_rg_s04an,1,0.0
.0_u----_206d_05_b11_00_f1_se_pi_cs_sp_ps_s5prr_rg_s04an,1,0.0
.0_u----_206d_05_c11_08_f1_se_pi_cs_sp_ps_s5prr_rg_s04an,1,0.0
.0_u----_206e_00_b11_00_f1_se_pi_cs_sp_ps_s5prr_rg_s04an,1,0.0
.0_u----_206e_02_b07_00_f1_se_pi_cs_sp_ps_s5prr_rg_s04an,1,0.0
.0_u----_206e_02_c07_23_f1_se_pi_cs_sp_ps_s5prr_rg_s04an,1,0.0
.0_u----_206e_02_c10_23_f1_se_pi_cs_sp_ps_s5prr_rg_s04an,1,0.0
.0_u----_206e_05_b11_00_f1_se_pi_cs_sp_ps_s5prr_rg_s04an,1,0.0
.1_0001_fifo,1,0.0
.1_0002_cw11,1,0.0
.1_0003_cw21,1,0.0
.1_0004_5cw21fifo,1,0.0
.1_0005_10cw21fifo,1,0.0
.1_0006_15cw21fifo,1,0.0
.1_0007_rw2121,1,0.0
.1_0008_rw2122,1,0.0
.1_0009_10rw2122fifo,1,0.0
.1_000x,1,0.0
.1_0010_evo,1,0.0
.1_0011_auto,1,0.0
.1_0012_rw21m1,1,0.0
.1_0013_5cw11fifo,1,0.0
.1_0014_10cw11fifo,1,0.0
.1_0015_gd,1,0.0
.1_0016_5gdfifo,1,0.0
.1_0017_15cw21fifopi,1,0.0
.1_0018_gd1,1,0.0
.1_0019_gd2,1,0.0
.1_0020_10gd1fifo,1,0.0
.1_0021_10gd3,1,0.0
.1_0022_10cw112fifo,1,0.0
.1_0023_10cw11mfifo,1,0.0
.1_0024_5cw21fifopi,1,0.0
.1_0025_gd4,1,0.0
.1_0026_15cw11fifo,1,0.0
.1_0027_10cw21fifopi,1,0.0
.1_0028_cw11pi,1,0.0
.1_0029_cw112,1,0.0
.1_0029_cw112pi,1,0.0
.1_0030_cw11m,1,0.0
.1_0030_cw11mpi,1,0.0
.1_0031_gd5,1,0.0
.1_0032_gd6,1,0.0
.1_0033_gd7,1,0.0
.1_0034_gd8,1,0.0
.1_0035_cw112,1,0.0
.1_0035_cw113,1,0.0
.1_0036_10cw113fifo,1,0.0
.1_0037_cw12,1,0.0
.1_0038_2cw11fifo,1,0.0
.1_0039_10cw11fifopi,1,0.0
.1_0051auto,1,0.0
.1_0052autosched,1,0.0
.1_0053auto,1,0.0
.1_0054autosched,1,0.0
.0_0001auto,1,0.0
.0_0055cascauto,1,0.0
.0_0056cascautosched,1,0.0
.0_0057cascauto_ncnf,1,0.0
.0_0058cascautosched_ncnf,1,0.0
.0_xxx,1,0.0
.csscpa,1,0.0
.ctmp,1,0.0
.commentboxes,1,0.0
.ston,1,0.0
.xs,1,0.0
.dotplot,1,0.0
.coverage,1,0.0
.bigdft,1,0.0
.2048procs,1,0.0
.bare2,1,0.0
.fakesmooth,1,0.0
.soft_tm,1,0.0
.doug_mod,1,0.0
.hamann_mod,1,0.0
.revpbe,1,0.0
.sj_mod,1,0.0
.971106_mod,1,0.0
.pho,1,0.0
.tm_so,1,0.0
.960808c_mod,1,0.0
.psphgh,1,0.0
.corewf,1,0.0
.f2b,1,0.0
.exit,1,0.0
.in_displ,1,0.0
.ns_energy,1,0.0
.struct,1,0.0
.intrans,1,0.0
.out_ep_invtauk,1,0.0
.out_ep_taue,1,0.0
.out_ep_tauk,1,0.0
.bxsf,1,0.0
.abo_gruns_dos,1,0.0
.abo_gruns_qpath,1,0.0
.ucell,1,0.0
.buildsys,1,0.0
.edits,1,0.0
.htk,1,0.0
.pyt,1,0.0
.test_bin,1,0.0
.10x,1,0.0
.glyphs,1,0.0
.foo,1,0.0
.appimage,1,0.0
.preamble,1,0.0
.spin2,1,0.0
.rej,1,0.0
.in_000,1,0.0
.hostkey,1,0.0
.cur,1,0.0
.fxcop,1,0.0
.shfb,1,0.0
.pubxml,1,0.0
.wapproj,1,0.0
.osqp,1,0.0
.substitutions,1,0.0
.part2,1,0.0
.part3,1,0.0
.part4,1,0.0
.hybrid,1,0.0
.par24,1,0.0
.schonhage1,1,0.0
.schonhage2,1,0.0
.big,1,0.0
.2000,1,0.0
.2400,1,0.0
.square24,1,0.0
.square6,1,0.0
.corn,1,0.0
.edison,1,0.0
.bloom,1,0.0
.embed,1,0.0
.ev,1,0.0
.mal,1,0.0
.h-xx,1,0.0
.twb,1,0.0
.tmpreferences,1,0.0
.pu1,1,0.0
.rb-old,1,0.0
.aac,1,0.0
.ac3,1,0.0
.mkv,1,0.0
.5+user_all,1,0.0
.classified,1,0.0
.detailed,1,0.0
.confused_entities,1,0.0
.divided,1,0.0
.divided_prog,1,0.0
.extra_entity,1,0.0
.extra_entity_prog,1,0.0
.extra_mention,1,0.0
.extra_mention_prog,1,0.0
.missing_entity,1,0.0
.missing_entity_prog,1,0.0
.missing_mention,1,0.0
.missing_mention_prog,1,0.0
.none,1,0.0
.span_errors,1,0.0
.cluster_context,1,0.0
.cluster_errors,1,0.0
.cluster_extra,1,0.0
.cluster_missing,1,0.0
.mention_list,1,0.0
.mention_text,1,0.0
.classified_detailed_properties,1,0.0
.classified_errors,1,0.0
.classified_summary,1,0.0
.text_with_mentions,1,0.0
.psd1,1,0.0
.frx,1,0.0
.vbp,1,0.0
.vbw,1,0.0
.tool,1,0.0
.extra,1,0.0
.syms,1,0.0
.spx,1,0.0
.0-rc3,1,0.0
.json_bert-base-uncased_512_128_64,1,0.0
.cpy,1,0.0
.ws,1,0.0
.registered,1,0.0
.g2m,1,0.0
.state1,1,0.0
.state2,1,0.0
.tg,1,0.0
.iws,1,0.0
.mpr,1,0.0
.ipr,1,0.0
.xcss,1,0.0
.sources,1,0.0
.disco,1,0.0
.clientconfig,1,0.0
.erwin,1,0.0
.sqlcmdvars,1,0.0
.sqldeployment,1,0.0
.sqlpermissions,1,0.0
.sqlsettings,1,0.0
.ldf,1,0.0
.mdf,1,0.0
.dbmdl,1,0.0
.dbproj,1,0.0
.sqlproj,1,0.0
.aterm,1,0.0
.git,1,0.0
.hg,1,0.0
.wto,1,0.0
.partaa,1,0.0
.partab,1,0.0
.partac,1,0.0
.partad,1,0.0
.partae,1,0.0
.partaf,1,0.0
.partag,1,0.0
.partah,1,0.0
.partai,1,0.0
.anf,1,0.0
.sitedef,1,0.0
.movement,1,0.0
.multicast1,1,0.0
.multicast2,1,0.0
.nam,1,0.0
.ns,1,0.0
.filelist,1,0.0
.issueregistry,1,0.0
.minisat,1,0.0
.nbc_minisat_all,1,0.0
.custom-r-base,1,0.0
.dna,1,0.0
.ce6c855,1,0.0
.codebook,1,0.0
.search,1,0.0
.tot,1,0.0
.conformalmappingtoolbox,1,0.0
.bash-completion,1,0.0
.run_std_atm,1,0.0
.cfga,1,0.0
.out_electrons_band19,1,0.0
.out_heavy_holes_band18,1,0.0
.out_light_holes_band17,1,0.0
.d12_scf,1,0.0
.out_scf,1,0.0
.gladep,1,0.0
.orbit_benchmark,1,0.0
.yacc,1,0.0
.1659_example,1,0.0
.mcmc,1,0.0
.pivt,1,0.0
.trn,1,0.0
.nobc,1,0.0
.ns_start,1,0.0
.start_lte_demix,1,0.0
.start_ns,1,0.0
.xcfcase,1,0.0
.cmn,1,0.0
.ctest,1,0.0
.example_coconut,1,0.0
.cray,1,0.0
.juqueen,1,0.0
.juqueen_big,1,0.0
.exec,1,0.0
.mfmhd_cuda,1,0.0
.minimal,1,0.0
.mutationpp,1,0.0
.pyde,1,0.0
.paml,1,0.0
.builder,1,0.0
.svg~,1,0.0
.geotiff,1,0.0
.hgt,1,0.0
.jm,1,0.0
.traps,1,0.0
.weekly,1,0.0
.buildbot,1,0.0
.d-bbmass,1,0.0
.d-freqsd,1,0.0
.postfix,1,0.0
.nospam,1,0.0
.spam,1,0.0
.set0,1,0.0
.set1,1,0.0
.set2,1,0.0
.set3,1,0.0
.perceptron,1,0.0
.by,1,0.0
.before,1,0.0
.post-svn,1,0.0
.nightly,1,0.0
.qmail,1,0.0
.suse,1,0.0
.vpopmail,1,0.0
.awl,1,0.0
.bayes,1,0.0
.txrep,1,0.0
.com_password,1,0.0
.speedtest,1,0.0
.pi,1,0.0
.plhtml,1,0.0
.urimap,1,0.0
.melt,1,0.0
.gss,1,0.0
.06112012,1,0.0
.slackbuild,1,0.0
.lng,1,0.0
.cub,1,0.0
.tf2,1,0.0
.xml-tpfa,1,0.0
.h5m,1,0.0
.centos-buildbot,1,0.0
.fedora-buildbot,1,0.0
.mac-buildbot,1,0.0
.mac-min,1,0.0
.ubuntu-buildbot,1,0.0
.gov,1,0.0
._pyc_,1,0.0
.ofs,1,0.0
.ofssave,1,0.0
.poses,1,0.0
.sub#,1,0.0
.nvd,1,0.0
.nvm,1,0.0
.tip,1,0.0
.jseo,1,0.0
.omd,1,0.0
.shfbproj,1,0.0
.renametozip,1,0.0
.licenses,1,0.0
.licx,1,0.0
.ism,1,0.0
.toml_empty,1,0.0
.keys,1,0.0
.xc,1,0.0
.bhe,1,0.0
.bhn,1,0.0
.bhz,1,0.0
.arsc,1,0.0
.complex,1,0.0
.ini into one folder,1,0.0
.exe and overwrite old copies,1,0.0
.trial,1,0.0
.localdb,1,0.0
.pbf,1,0.0
.sublime-commands,1,0.0
.sublime-mousemap,1,0.0
.sublime-menu,1,0.0
.bookmarks,1,0.0
.branch,1,0.0
.dirstate,1,0.0
.modif,1,0.0
.modif_add,1,0.0
.modif_addremove,1,0.0
.modif_reorder,1,0.0
.unifiedpusharchive,1,0.0
.loadableextension,1,0.0
.artemis,1,0.0
.noartemis,1,0.0
.nokeycloak,1,0.0
.cuter,1,0.0
.ancestrymapgeno,1,0.0
.eigenstratgeno,1,0.0
.packedancestrymapgeno,1,0.0
.pedind,1,0.0
.pedsnp,1,0.0
.ancestrymap,1,0.0
.packedped,1,0.0
.samuela,1,0.0
.xml_not_working,1,0.0
.lexicon,1,0.0
.jxl,1,0.0
.qoi,1,0.0
.sh_serial,1,0.0
.cup,1,0.0
.jflex,1,0.0
.dat13,1,0.0
.dat322,1,0.0
.dat330,1,0.0
.c172p,1,0.0
.c172r,1,0.0
.c182,1,0.0
.c310,1,0.0
.tsf,1,0.0
.datasourceregister,1,0.0
.pvk,1,0.0
.cpp-17-rewriter,1,0.0
.osp,1,0.0
.sop,1,0.0
.docsdb,1,0.0
.vocabulary,1,0.0
.codebooks,1,0.0
.offsets,1,0.0
.profiles_linc_macaq,1,0.0
.profiles_linc_mouse,1,0.0
.profiles_linc_rat,1,0.0
.profiles_linc_zebra,1,0.0
.xist-001,1,0.0
.gan,1,0.0
.lammps_data,1,0.0
.g96,1,0.0
.txyz,1,0.0
.aapl,1,0.0
.ssv,1,0.0
.bak1,1,0.0
.cuh_temp,1,0.0
.loc,1,0.0
.tasty,1,0.0
.launchersessionlistener,1,0.0
.04_acescontainer,1,0.0
.04_brew,1,0.0
.04_lto,1,0.0
.04_no_libtiff_valgrind,1,0.0
.04_openexr2_shared,1,0.0
.04_openexr2_static,1,0.0
.04_openexr33,1,0.0
.04_openexr34,1,0.0
.tcs,1,0.0
.tes,1,0.0
.qbs,1,0.0
.fhiaims,1,0.0
.rbs,1,0.0
.dockcross,1,0.0
.dockcross-manylinux,1,0.0
.dockcross-musl,1,0.0
.manylinux,1,0.0
.manylinux-mkl,1,0.0
.winaarch64,1,0.0
.mkd,1,0.0
.line3,1,0.0
.line4,1,0.0
.line5,1,0.0
.line6,1,0.0
.plane1,1,0.0
.plane10,1,0.0
.plane11,1,0.0
.plane12,1,0.0
.plane13,1,0.0
.plane2,1,0.0
.plane3,1,0.0
.plane4,1,0.0
.plane5,1,0.0
.plane6,1,0.0
.plane7,1,0.0
.plane8,1,0.0
.plane9,1,0.0
.chgcar,1,0.0
.xsf,1,0.0
.tess,1,0.0
.contcar,1,0.0
.abin,1,0.0
.elk,1,0.0
.gau,1,0.0
.struct_in,1,0.0
.in_control,1,0.0
.frac,1,0.0
.mols,1,0.0
.wdm,1,0.0
.dbg,1,0.0
.reloc,1,0.0
.rtti,1,0.0
.type,1,0.0
.xdbg,1,0.0
.dotfile,1,0.0
.enp,1,0.0
.flt,1,0.0
.numpy,1,0.0
.rawb,1,0.0
.phe,1,0.0
.bgen,1,0.0
.md5sum~,1,0.0
.print,1,0.0
.scan,1,0.0
.pydevproject,1,0.0
.contigs,1,0.0
.mpu,1,0.0
.lark,1,0.0
.nq,1,0.0
.rj,1,0.0
.lfasta1,1,0.0
.lfasta2,1,0.0
.ma,1,0.0
.pixexp,1,0.0
.eep,1,0.0
.format,1,0.0
.tracks,1,0.0
.tracks_new,1,0.0
.sap,1,0.0
.chl,1,0.0
.ar2v,1,0.0
.uf,1,0.0
.pdb_bk,1,0.0
.pdb_report_npt,1,0.0
.pdb_report_nvt,1,0.0
.py_old_version_,1,0.0
.gitmodules,1,0.0
.1_extraparams,1,0.0
.1_mainparams,1,0.0
.xpi,1,0.0
.domain,1,0.0
.fypp,1,0.0
.userlibraries,1,0.0
.storesalloutputs,1,0.0
.g~,1,0.0
.sams,1,0.0
.alfredworkflow,1,0.0
.kineloader,1,0.0
.json_old,1,0.0
.giga_all_zpar_msr_model,1,0.0
.komprent,1,0.0
.vmt,1,0.0
.headfile,1,0.0
.brik,1,0.0
.mzn,1,0.0
.0_coregisterstainstohe,1,0.0
.0_quickcheckreg,1,0.0
.0_applyxfmtopngs,1,0.0
.0_extractexdicoms3t,1,0.0
.1_splitcombinedeximage3t,1,0.0
.2_orienteximages,1,0.0
.5_procexdti,1,0.0
.0_extractpostopdicoms,1,0.0
.1_computepostopdespot1,1,0.0
.2_despotskullstrip,1,0.0
.0_extractpreopdicoms,1,0.0
.1_computedespot1,1,0.0
.2_robustskullstrip,1,0.0
.3_synt1wbrains,1,0.0
.5_tissuesegbiascorrect,1,0.0
.6_computedespot2,1,0.0
.7_skullstripdespotoutput,1,0.0
.9_identifydtmridicoms,1,0.0
.2_resampleto100um,1,0.0
.4t_neo,1,0.0
.1_warpdtitoaligned,1,0.0
.1_checkreganatexdti,1,0.0
.2_checkalignedexdti,1,0.0
.0_initregextopre#,1,0.0
.0_initregextopre,1,0.0
.0_concatrigxfms,1,0.0
.1_nregwarpneotohist,1,0.0
.v03,1,0.0
.1_runsinglesubjprestats,1,0.0
.2_rundistortcorrect,1,0.0
.3_runsinglesubjica,1,0.0
.1_coregfreesurferlabels,1,0.0
.0_runroiconnectivityfeat,1,0.0
.2a,1,0.0
.3a,1,0.0
.4b,1,0.0
.4c,1,0.0
.4d,1,0.0
.4e,1,0.0
.4f,1,0.0
.4g,1,0.0
.04_freevnc,1,0.0
.sci~,1,0.0
.30_200_300mpc_v3,1,0.0
.87_200_300mpc_v3,1,0.0
.68_200_300mpc_v3,1,0.0
.40_200_300mpc_v3,1,0.0
.49_200_300mpc_v3,1,0.0
.41_200_300mpc_v3,1,0.0
.97_200_300mpc_v3,1,0.0
.08_200_300mpc_v3,1,0.0
.04_200_300mpc_v3,1,0.0
.34_200_300mpc_v3,1,0.0
.07_200_300mpc_v3,1,0.0
.78_200_300mpc_v3,1,0.0
.47_200_300mpc_v3,1,0.0
.09_200_300mpc_v3,1,0.0
.00_200_300mpc_v3,1,0.0
.88_200_300mpc_v3,1,0.0
.22_200_300mpc_v3,1,0.0
.66_200_300mpc_v3,1,0.0
.19_200_300mpc_v3,1,0.0
.53_200_300mpc_v3,1,0.0
.69_200_300mpc_v3,1,0.0
.67_200_300mpc_v3,1,0.0
.90_200_300mpc_v3,1,0.0
.64_200_300mpc_v3,1,0.0
.58_200_300mpc_v3,1,0.0
.59_200_300mpc_v3,1,0.0
.61_200_300mpc_v3,1,0.0
.92_200_300mpc_v3,1,0.0
.03_200_300mpc_v3,1,0.0
.44_200_300mpc_v3,1,0.0
.74_200_300mpc_v3,1,0.0
.05_200_300mpc_v3,1,0.0
.42_200_300mpc_v3,1,0.0
.ctex,1,0.0
.c-old,1,0.0
.sex,1,0.0
.01,1,0.0
.011,1,0.0
.012,1,0.0
.013,1,0.0
.014,1,0.0
.015,1,0.0
.016,1,0.0
.017,1,0.0
.018,1,0.0
.019,1,0.0
.02,1,0.0
.020,1,0.0
.021,1,0.0
.022,1,0.0
.023,1,0.0
.024,1,0.0
.025,1,0.0
.026,1,0.0
.027,1,0.0
.028,1,0.0
.029,1,0.0
.03,1,0.0
.030,1,0.0
.031,1,0.0
.032,1,0.0
.033,1,0.0
.034,1,0.0
.035,1,0.0
.036,1,0.0
.037,1,0.0
.038,1,0.0
.040,1,0.0
.041,1,0.0
.042,1,0.0
.043,1,0.0
.044,1,0.0
.045,1,0.0
.046,1,0.0
.047,1,0.0
.048,1,0.0
.049,1,0.0
.050,1,0.0
.051,1,0.0
.052,1,0.0
.053,1,0.0
.054,1,0.0
.055,1,0.0
.056,1,0.0
.057,1,0.0
.058,1,0.0
.059,1,0.0
.060,1,0.0
.061,1,0.0
.062,1,0.0
.063,1,0.0
.064,1,0.0
.065,1,0.0
.066,1,0.0
.067,1,0.0
.068,1,0.0
.069,1,0.0
.07,1,0.0
.070,1,0.0
.071,1,0.0
.072,1,0.0
.073,1,0.0
.074,1,0.0
.075,1,0.0
.076,1,0.0
.077,1,0.0
.078,1,0.0
.079,1,0.0
.08,1,0.0
.080,1,0.0
.081,1,0.0
.082,1,0.0
.083,1,0.0
.084,1,0.0
.085,1,0.0
.086,1,0.0
.087,1,0.0
.088,1,0.0
.089,1,0.0
.09,1,0.0
.090,1,0.0
.091,1,0.0
.092,1,0.0
.093,1,0.0
.094,1,0.0
.095,1,0.0
.096,1,0.0
.097,1,0.0
.098,1,0.0
.102,1,0.0
.103,1,0.0
.104,1,0.0
.105,1,0.0
.106,1,0.0
.107,1,0.0
.108,1,0.0
.109,1,0.0
.11,1,0.0
.110,1,0.0
.111,1,0.0
.112,1,0.0
.113,1,0.0
.114,1,0.0
.115,1,0.0
.116,1,0.0
.117,1,0.0
.118,1,0.0
.119,1,0.0
.120,1,0.0
.121,1,0.0
.122,1,0.0
.123,1,0.0
.124,1,0.0
.125,1,0.0
.126,1,0.0
.127,1,0.0
.129,1,0.0
.130,1,0.0
.131,1,0.0
.132,1,0.0
.133,1,0.0
.134,1,0.0
.135,1,0.0
.136,1,0.0
.137,1,0.0
.138,1,0.0
.139,1,0.0
.140,1,0.0
.141,1,0.0
.142,1,0.0
.143,1,0.0
.144,1,0.0
.145,1,0.0
.146,1,0.0
.147,1,0.0
.148,1,0.0
.149,1,0.0
.150,1,0.0
.151,1,0.0
.152,1,0.0
.153,1,0.0
.154,1,0.0
.155,1,0.0
.156,1,0.0
.157,1,0.0
.158,1,0.0
.159,1,0.0
.160,1,0.0
.161,1,0.0
.162,1,0.0
.163,1,0.0
.164,1,0.0
.165,1,0.0
.166,1,0.0
.167,1,0.0
.168,1,0.0
.169,1,0.0
.17,1,0.0
.170,1,0.0
.171,1,0.0
.172,1,0.0
.173,1,0.0
.174,1,0.0
.175,1,0.0
.176,1,0.0
.177,1,0.0
.178,1,0.0
.179,1,0.0
.18,1,0.0
.180,1,0.0
.181,1,0.0
.182,1,0.0
.183,1,0.0
.184,1,0.0
.185,1,0.0
.186,1,0.0
.187,1,0.0
.188,1,0.0
.189,1,0.0
.190,1,0.0
.191,1,0.0
.192,1,0.0
.193,1,0.0
.194,1,0.0
.195,1,0.0
.196,1,0.0
.197,1,0.0
.198,1,0.0
.201,1,0.0
.202,1,0.0
.203,1,0.0
.204,1,0.0
.205,1,0.0
.206,1,0.0
.207,1,0.0
.208,1,0.0
.209,1,0.0
.210,1,0.0
.211,1,0.0
.212,1,0.0
.213,1,0.0
.214,1,0.0
.215,1,0.0
.216,1,0.0
.217,1,0.0
.218,1,0.0
.219,1,0.0
.220,1,0.0
.221,1,0.0
.222,1,0.0
.223,1,0.0
.224,1,0.0
.225,1,0.0
.226,1,0.0
.227,1,0.0
.228,1,0.0
.229,1,0.0
.23,1,0.0
.230,1,0.0
.231,1,0.0
.232,1,0.0
.233,1,0.0
.234,1,0.0
.235,1,0.0
.236,1,0.0
.237,1,0.0
.238,1,0.0
.239,1,0.0
.240,1,0.0
.241,1,0.0
.242,1,0.0
.243,1,0.0
.244,1,0.0
.245,1,0.0
.246,1,0.0
.247,1,0.0
.248,1,0.0
.249,1,0.0
.25,1,0.0
.250,1,0.0
.251,1,0.0
.252,1,0.0
.253,1,0.0
.254,1,0.0
.255,1,0.0
.257,1,0.0
.258,1,0.0
.259,1,0.0
.26,1,0.0
.260,1,0.0
.261,1,0.0
.262,1,0.0
.263,1,0.0
.264,1,0.0
.265,1,0.0
.266,1,0.0
.267,1,0.0
.268,1,0.0
.269,1,0.0
.270,1,0.0
.271,1,0.0
.272,1,0.0
.273,1,0.0
.274,1,0.0
.275,1,0.0
.276,1,0.0
.277,1,0.0
.278,1,0.0
.279,1,0.0
.28,1,0.0
.280,1,0.0
.281,1,0.0
.282,1,0.0
.283,1,0.0
.284,1,0.0
.285,1,0.0
.286,1,0.0
.287,1,0.0
.288,1,0.0
.289,1,0.0
.29,1,0.0
.290,1,0.0
.291,1,0.0
.292,1,0.0
.293,1,0.0
.294,1,0.0
.295,1,0.0
.296,1,0.0
.297,1,0.0
.298,1,0.0
.301,1,0.0
.302,1,0.0
.303,1,0.0
.304,1,0.0
.305,1,0.0
.306,1,0.0
.307,1,0.0
.308,1,0.0
.309,1,0.0
.31,1,0.0
.310,1,0.0
.311,1,0.0
.312,1,0.0
.313,1,0.0
.314,1,0.0
.315,1,0.0
.316,1,0.0
.317,1,0.0
.318,1,0.0
.319,1,0.0
.321,1,0.0
.322,1,0.0
.323,1,0.0
.324,1,0.0
.325,1,0.0
.326,1,0.0
.327,1,0.0
.328,1,0.0
.329,1,0.0
.33,1,0.0
.330,1,0.0
.331,1,0.0
.332,1,0.0
.333,1,0.0
.334,1,0.0
.335,1,0.0
.336,1,0.0
.337,1,0.0
.338,1,0.0
.339,1,0.0
.340,1,0.0
.341,1,0.0
.342,1,0.0
.343,1,0.0
.344,1,0.0
.345,1,0.0
.346,1,0.0
.347,1,0.0
.348,1,0.0
.349,1,0.0
.350,1,0.0
.351,1,0.0
.352,1,0.0
.353,1,0.0
.354,1,0.0
.355,1,0.0
.356,1,0.0
.357,1,0.0
.358,1,0.0
.359,1,0.0
.36,1,0.0
.360,1,0.0
.361,1,0.0
.362,1,0.0
.363,1,0.0
.364,1,0.0
.365,1,0.0
.366,1,0.0
.367,1,0.0
.368,1,0.0
.369,1,0.0
.37,1,0.0
.370,1,0.0
.371,1,0.0
.372,1,0.0
.373,1,0.0
.374,1,0.0
.375,1,0.0
.376,1,0.0
.377,1,0.0
.378,1,0.0
.379,1,0.0
.38,1,0.0
.380,1,0.0
.381,1,0.0
.382,1,0.0
.383,1,0.0
.385,1,0.0
.386,1,0.0
.387,1,0.0
.388,1,0.0
.389,1,0.0
.39,1,0.0
.390,1,0.0
.391,1,0.0
.392,1,0.0
.393,1,0.0
.394,1,0.0
.395,1,0.0
.396,1,0.0
.397,1,0.0
.398,1,0.0
.40,1,0.0
.401,1,0.0
.402,1,0.0
.403,1,0.0
.404,1,0.0
.405,1,0.0
.406,1,0.0
.407,1,0.0
.408,1,0.0
.409,1,0.0
.410,1,0.0
.411,1,0.0
.412,1,0.0
.413,1,0.0
.414,1,0.0
.415,1,0.0
.416,1,0.0
.417,1,0.0
.418,1,0.0
.419,1,0.0
.42,1,0.0
.420,1,0.0
.421,1,0.0
.423,1,0.0
.425,1,0.0
.426,1,0.0
.427,1,0.0
.428,1,0.0
.429,1,0.0
.43,1,0.0
.430,1,0.0
.431,1,0.0
.432,1,0.0
.434,1,0.0
.435,1,0.0
.436,1,0.0
.437,1,0.0
.438,1,0.0
.44,1,0.0
.440,1,0.0
.441,1,0.0
.443,1,0.0
.444,1,0.0
.445,1,0.0
.446,1,0.0
.447,1,0.0
.448,1,0.0
.449,1,0.0
.45,1,0.0
.451,1,0.0
.452,1,0.0
.453,1,0.0
.454,1,0.0
.455,1,0.0
.456,1,0.0
.457,1,0.0
.458,1,0.0
.459,1,0.0
.46,1,0.0
.460,1,0.0
.461,1,0.0
.462,1,0.0
.463,1,0.0
.464,1,0.0
.465,1,0.0
.466,1,0.0
.467,1,0.0
.468,1,0.0
.469,1,0.0
.47,1,0.0
.470,1,0.0
.471,1,0.0
.472,1,0.0
.473,1,0.0
.474,1,0.0
.475,1,0.0
.476,1,0.0
.477,1,0.0
.478,1,0.0
.479,1,0.0
.48,1,0.0
.480,1,0.0
.481,1,0.0
.482,1,0.0
.483,1,0.0
.484,1,0.0
.485,1,0.0
.486,1,0.0
.487,1,0.0
.488,1,0.0
.489,1,0.0
.49,1,0.0
.490,1,0.0
.491,1,0.0
.492,1,0.0
.493,1,0.0
.494,1,0.0
.495,1,0.0
.496,1,0.0
.497,1,0.0
.498,1,0.0
.501,1,0.0
.502,1,0.0
.503,1,0.0
.504,1,0.0
.505,1,0.0
.506,1,0.0
.507,1,0.0
.508,1,0.0
.509,1,0.0
.51,1,0.0
.510,1,0.0
.511,1,0.0
.513,1,0.0
.514,1,0.0
.515,1,0.0
.516,1,0.0
.517,1,0.0
.518,1,0.0
.519,1,0.0
.52,1,0.0
.520,1,0.0
.521,1,0.0
.522,1,0.0
.523,1,0.0
.524,1,0.0
.525,1,0.0
.526,1,0.0
.527,1,0.0
.528,1,0.0
.529,1,0.0
.53,1,0.0
.530,1,0.0
.531,1,0.0
.532,1,0.0
.533,1,0.0
.534,1,0.0
.535,1,0.0
.536,1,0.0
.537,1,0.0
.538,1,0.0
.539,1,0.0
.54,1,0.0
.540,1,0.0
.541,1,0.0
.542,1,0.0
.543,1,0.0
.544,1,0.0
.545,1,0.0
.546,1,0.0
.547,1,0.0
.548,1,0.0
.549,1,0.0
.55,1,0.0
.550,1,0.0
.551,1,0.0
.552,1,0.0
.553,1,0.0
.554,1,0.0
.555,1,0.0
.556,1,0.0
.557,1,0.0
.558,1,0.0
.559,1,0.0
.56,1,0.0
.560,1,0.0
.561,1,0.0
.562,1,0.0
.563,1,0.0
.564,1,0.0
.565,1,0.0
.566,1,0.0
.567,1,0.0
.568,1,0.0
.569,1,0.0
.57,1,0.0
.570,1,0.0
.571,1,0.0
.572,1,0.0
.573,1,0.0
.574,1,0.0
.575,1,0.0
.576,1,0.0
.577,1,0.0
.578,1,0.0
.579,1,0.0
.58,1,0.0
.580,1,0.0
.581,1,0.0
.582,1,0.0
.583,1,0.0
.584,1,0.0
.585,1,0.0
.586,1,0.0
.587,1,0.0
.588,1,0.0
.589,1,0.0
.59,1,0.0
.590,1,0.0
.591,1,0.0
.592,1,0.0
.593,1,0.0
.594,1,0.0
.595,1,0.0
.596,1,0.0
.597,1,0.0
.598,1,0.0
.60,1,0.0
.601,1,0.0
.602,1,0.0
.603,1,0.0
.604,1,0.0
.605,1,0.0
.606,1,0.0
.607,1,0.0
.608,1,0.0
.609,1,0.0
.61,1,0.0
.610,1,0.0
.611,1,0.0
.612,1,0.0
.613,1,0.0
.614,1,0.0
.615,1,0.0
.616,1,0.0
.617,1,0.0
.618,1,0.0
.619,1,0.0
.62,1,0.0
.620,1,0.0
.621,1,0.0
.622,1,0.0
.623,1,0.0
.624,1,0.0
.625,1,0.0
.626,1,0.0
.627,1,0.0
.628,1,0.0
.629,1,0.0
.63,1,0.0
.630,1,0.0
.631,1,0.0
.632,1,0.0
.633,1,0.0
.634,1,0.0
.635,1,0.0
.636,1,0.0
.637,1,0.0
.638,1,0.0
.639,1,0.0
.641,1,0.0
.642,1,0.0
.643,1,0.0
.644,1,0.0
.645,1,0.0
.646,1,0.0
.647,1,0.0
.648,1,0.0
.649,1,0.0
.65,1,0.0
.650,1,0.0
.651,1,0.0
.652,1,0.0
.653,1,0.0
.654,1,0.0
.655,1,0.0
.656,1,0.0
.657,1,0.0
.658,1,0.0
.659,1,0.0
.66,1,0.0
.660,1,0.0
.661,1,0.0
.662,1,0.0
.663,1,0.0
.664,1,0.0
.665,1,0.0
.666,1,0.0
.667,1,0.0
.668,1,0.0
.669,1,0.0
.67,1,0.0
.670,1,0.0
.671,1,0.0
.672,1,0.0
.673,1,0.0
.674,1,0.0
.675,1,0.0
.676,1,0.0
.677,1,0.0
.678,1,0.0
.679,1,0.0
.68,1,0.0
.680,1,0.0
.681,1,0.0
.682,1,0.0
.683,1,0.0
.684,1,0.0
.685,1,0.0
.687,1,0.0
.688,1,0.0
.689,1,0.0
.69,1,0.0
.690,1,0.0
.691,1,0.0
.692,1,0.0
.693,1,0.0
.694,1,0.0
.695,1,0.0
.696,1,0.0
.697,1,0.0
.698,1,0.0
.701,1,0.0
.702,1,0.0
.703,1,0.0
.704,1,0.0
.705,1,0.0
.706,1,0.0
.707,1,0.0
.708,1,0.0
.709,1,0.0
.71,1,0.0
.710,1,0.0
.711,1,0.0
.712,1,0.0
.713,1,0.0
.714,1,0.0
.715,1,0.0
.716,1,0.0
.717,1,0.0
.718,1,0.0
.719,1,0.0
.72,1,0.0
.720,1,0.0
.721,1,0.0
.722,1,0.0
.723,1,0.0
.724,1,0.0
.725,1,0.0
.726,1,0.0
.727,1,0.0
.728,1,0.0
.729,1,0.0
.73,1,0.0
.730,1,0.0
.731,1,0.0
.732,1,0.0
.733,1,0.0
.734,1,0.0
.735,1,0.0
.736,1,0.0
.737,1,0.0
.738,1,0.0
.739,1,0.0
.74,1,0.0
.740,1,0.0
.741,1,0.0
.742,1,0.0
.743,1,0.0
.744,1,0.0
.745,1,0.0
.746,1,0.0
.747,1,0.0
.748,1,0.0
.749,1,0.0
.75,1,0.0
.750,1,0.0
.751,1,0.0
.752,1,0.0
.753,1,0.0
.754,1,0.0
.755,1,0.0
.756,1,0.0
.757,1,0.0
.758,1,0.0
.759,1,0.0
.76,1,0.0
.760,1,0.0
.761,1,0.0
.762,1,0.0
.763,1,0.0
.764,1,0.0
.765,1,0.0
.766,1,0.0
.767,1,0.0
.769,1,0.0
.77,1,0.0
.770,1,0.0
.771,1,0.0
.772,1,0.0
.773,1,0.0
.774,1,0.0
.775,1,0.0
.776,1,0.0
.777,1,0.0
.778,1,0.0
.779,1,0.0
.78,1,0.0
.780,1,0.0
.781,1,0.0
.782,1,0.0
.783,1,0.0
.784,1,0.0
.785,1,0.0
.786,1,0.0
.787,1,0.0
.788,1,0.0
.789,1,0.0
.79,1,0.0
.790,1,0.0
.791,1,0.0
.792,1,0.0
.793,1,0.0
.794,1,0.0
.795,1,0.0
.796,1,0.0
.797,1,0.0
.798,1,0.0
.80,1,0.0
.801,1,0.0
.802,1,0.0
.803,1,0.0
.804,1,0.0
.805,1,0.0
.806,1,0.0
.807,1,0.0
.808,1,0.0
.809,1,0.0
.81,1,0.0
.810,1,0.0
.811,1,0.0
.812,1,0.0
.813,1,0.0
.814,1,0.0
.815,1,0.0
.816,1,0.0
.817,1,0.0
.818,1,0.0
.819,1,0.0
.82,1,0.0
.820,1,0.0
.821,1,0.0
.822,1,0.0
.823,1,0.0
.824,1,0.0
.825,1,0.0
.826,1,0.0
.827,1,0.0
.828,1,0.0
.829,1,0.0
.83,1,0.0
.830,1,0.0
.831,1,0.0
.832,1,0.0
.833,1,0.0
.834,1,0.0
.835,1,0.0
.836,1,0.0
.837,1,0.0
.838,1,0.0
.839,1,0.0
.84,1,0.0
.840,1,0.0
.841,1,0.0
.842,1,0.0
.843,1,0.0
.844,1,0.0
.845,1,0.0
.846,1,0.0
.847,1,0.0
.848,1,0.0
.849,1,0.0
.85,1,0.0
.850,1,0.0
.851,1,0.0
.852,1,0.0
.853,1,0.0
.854,1,0.0
.855,1,0.0
.856,1,0.0
.857,1,0.0
.858,1,0.0
.859,1,0.0
.86,1,0.0
.860,1,0.0
.861,1,0.0
.862,1,0.0
.863,1,0.0
.864,1,0.0
.865,1,0.0
.866,1,0.0
.867,1,0.0
.868,1,0.0
.869,1,0.0
.87,1,0.0
.870,1,0.0
.871,1,0.0
.872,1,0.0
.873,1,0.0
.874,1,0.0
.875,1,0.0
.876,1,0.0
.877,1,0.0
.878,1,0.0
.879,1,0.0
.88,1,0.0
.880,1,0.0
.881,1,0.0
.882,1,0.0
.883,1,0.0
.884,1,0.0
.885,1,0.0
.886,1,0.0
.887,1,0.0
.888,1,0.0
.889,1,0.0
.89,1,0.0
.890,1,0.0
.891,1,0.0
.892,1,0.0
.893,1,0.0
.894,1,0.0
.895,1,0.0
.896,1,0.0
.897,1,0.0
.898,1,0.0
.90,1,0.0
.901,1,0.0
.902,1,0.0
.903,1,0.0
.904,1,0.0
.905,1,0.0
.906,1,0.0
.907,1,0.0
.908,1,0.0
.909,1,0.0
.91,1,0.0
.910,1,0.0
.911,1,0.0
.912,1,0.0
.913,1,0.0
.914,1,0.0
.915,1,0.0
.916,1,0.0
.917,1,0.0
.918,1,0.0
.919,1,0.0
.92,1,0.0
.920,1,0.0
.921,1,0.0
.922,1,0.0
.923,1,0.0
.924,1,0.0
.925,1,0.0
.926,1,0.0
.927,1,0.0
.928,1,0.0
.929,1,0.0
.93,1,0.0
.930,1,0.0
.931,1,0.0
.932,1,0.0
.933,1,0.0
.934,1,0.0
.935,1,0.0
.936,1,0.0
.937,1,0.0
.938,1,0.0
.939,1,0.0
.94,1,0.0
.940,1,0.0
.941,1,0.0
.942,1,0.0
.943,1,0.0
.944,1,0.0
.945,1,0.0
.946,1,0.0
.947,1,0.0
.948,1,0.0
.949,1,0.0
.95,1,0.0
.950,1,0.0
.951,1,0.0
.952,1,0.0
.953,1,0.0
.954,1,0.0
.955,1,0.0
.956,1,0.0
.957,1,0.0
.958,1,0.0
.959,1,0.0
.96,1,0.0
.961,1,0.0
.962,1,0.0
.963,1,0.0
.964,1,0.0
.965,1,0.0
.966,1,0.0
.967,1,0.0
.968,1,0.0
.969,1,0.0
.97,1,0.0
.970,1,0.0
.971,1,0.0
.972,1,0.0
.973,1,0.0
.974,1,0.0
.975,1,0.0
.98,1,0.0
.c_old,1,0.0
.actr,1,0.0
.pert,1,0.0
.ppl,1,0.0
.act,1,0.0
.animal,1,0.0
.artifact,1,0.0
.attribute,1,0.0
.feeling,1,0.0
.food,1,0.0
.group,1,0.0
.location,1,0.0
.motive,1,0.0
.person,1,0.0
.phenomenon,1,0.0
.plant,1,0.0
.process,1,0.0
.quantity,1,0.0
.relation,1,0.0
.substance,1,0.0
.time,1,0.0
.tops,1,0.0
.change,1,0.0
.competition,1,0.0
.consumption,1,0.0
.contact,1,0.0
.creation,1,0.0
.emotion,1,0.0
.motion,1,0.0
.perception,1,0.0
.social,1,0.0
.stative,1,0.0
.weather,1,0.0
.spid,1,0.0
.invertito,1,0.0
.edge,1,0.0
.ele,1,0.0
.neigh,1,0.0
.mesh-0,1,0.0
.hnotcompile,1,0.0
.903003751z--5409ed021d9299bf6814279a6a1411a7e866a631,1,0.0
.794553183z--6ecbe1db9ef729cbe972c83fb886247691fb6beb,1,0.0
.696351411z--e36ea790bc9d7ab70c55260c66d52b1eca985f84,1,0.0
.479938556z--e834ec434daba538cd1b9fe1582052b880bd7e63,1,0.0
.260348580z--78dc5d2d739606d31509c31d654056a45185ecb6,1,0.0
.178294829z--a8dda8d7f5310e4a9e24f8eba77e091ac264f872,1,0.0
.960499696z--06cef8e666768cc40cc78cf93d9611019ddcb628,1,0.0
.757010386z--4404ac8bd8f9618d27ad2f1485aa1b2cfd82482d,1,0.0
.554233052z--7457d5e02197480db681d3fdf256c7aca21bdc12,1,0.0
.342711541z--91c987bf62d25945db517bdaa840a6c661374402,1,0.0
.532037737z--e8816898d851d5b61b7f950627d04d794c07ca37,1,0.0
.lgplv3,1,0.0
.mbsd,1,0.0
.auto_bridge,1,0.0
.auto_client,1,0.0
.auto_first,1,0.0
.auto_router,1,0.0
.auto_server,1,0.0
.cidr,1,0.0
.cidr_reverse,1,0.0
.comment,1,0.0
.exclude_packets,1,0.0
.include_dest,1,0.0
.include_packets,1,0.0
.include_source,1,0.0
.mac_reverse,1,0.0
.port,1,0.0
.prep_config,1,0.0
.primary,1,0.0
.regex_reverse,1,0.0
.secondary,1,0.0
.lp4,1,0.0
.haskell-ci,1,0.0
.dlg,1,0.0
.pws,1,0.0
.qch,1,0.0
.qhp,1,0.0
.qhc,1,0.0
.qhcp,1,0.0
.1#,1,0.0
.styles,1,0.0
.plugins,1,0.0
.pgo,1,0.0
.kasm,1,0.0
.hxproj,1,0.0
.javalog,1,0.0
.log4j,1,0.0
.e4xmi,1,0.0
.ocaml,1,0.0
.expand_piqi_boot,1,0.0
.pp-expand-abbr,1,0.0
.pp-expand-abbr-parse-literals,1,0.0
.fontsettings,1,0.0
.cc_def,1,0.0
.popstar,1,0.0
.stb,1,0.0
.shacl,1,0.0
.path,1,0.0
.mlg,1,0.0
.rocq-codegen,1,0.0
.theanorc,1,0.0
.cppcheck,1,0.0
.natvis,1,0.0
.gr,1,0.0
.byt_ref,1,0.0
.gm,1,0.0
.ijson,1,0.0
.groups,1,0.0
.hist,1,0.0
.opml,1,0.0
.export_metadata,1,0.0
.overall_export_metadata,1,0.0
.r2014b,1,0.0
.d2,1,0.0
.1-compute-correlations-from-raw-data,1,0.0
.2-convert-effect-sizes-into-correlation-coefficients-r,1,0.0
.xdsl,1,0.0
.access,1,0.0
.password,1,0.0
.ns_params,1,0.0
.mob,1,0.0
.deactivated,1,0.0
.truststore,1,0.0
.snappy,1,0.0
.psv,1,0.0
.bom,1,0.0
.bbx,1,0.0
.cbx,1,0.0
.dbx,1,0.0
.cut,1,0.0
.pt4,1,0.0
.dmesg,1,0.0
.pileup,1,0.0
.unsupported-features,1,0.0
.whitelist,1,0.0
.ghi,1,0.0
.specification,1,0.0
.npy#,1,0.0
.tflite,1,0.0
.saint,1,0.0
.exports,1,0.0
.routes,1,0.0
.ellie,1,0.0
.regexp,1,0.0
.filesystem,1,0.0
.ipch,1,0.0
.gcskew,1,0.0
.skew,1,0.0
.3gon,1,0.0
.4gon,1,0.0
.5gon,1,0.0
.vtx,1,0.0
.complete,1,0.0
.minimalist,1,0.0
.mkl,1,0.0
.acfg,1,0.0
.atts,1,0.0
.rnd,1,0.0
.co,1,0.0
.es5,1,0.0
.worldmapping,1,0.0
.dropped_data,1,0.0
.jpl,1,0.0
.ctrl,1,0.0
.skd,1,0.0
.wsdl2,1,0.0
.macro,1,0.0
.txt_reference,1,0.0
.dbt,1,0.0
.inits,1,0.0
.generalcomputingservice,1,0.0
.grad,1,0.0
.localctriple,1,0.0
.localttriple,1,0.0
.wc,1,0.0
.aix,1,0.0
.dag,1,0.0
.hpux,1,0.0
.septel,1,0.0
.sita,1,0.0
.tru64,1,0.0
.sparc,1,0.0
.sun3,1,0.0
.3c,1,0.0
.mutable_base,1,0.0
.mutable_delta,1,0.0
.namd,1,0.0
.lipid14,1,0.0
.gaff,1,0.0
.ionsjc_tip3p,1,0.0
.ions234lm_126_tip3p,1,0.0
.ff-nucleic-ol15,1,0.0
.mmtf,1,0.0
.hap,1,0.0
.amp,1,0.0
.open64,1,0.0
.consoleapp,1,0.0
.count,1,0.0
.design,1,0.0
.djgpp,1,0.0
.ecc,1,0.0
.fips,1,0.0
.cfgtbd,1,0.0
.nmake,1,0.0
.h2m,1,0.0
.uplugin,1,0.0
.ibl,1,0.0
.army,1,0.0
.armydiag,1,0.0
.economy,1,0.0
.economydiag,1,0.0
.statediag,1,0.0
.necsis14_classdiagram,1,0.0
.necsis14_classdiagramdiag,1,0.0
.z3,1,0.0
.flex,1,0.0
.pklmetadata,1,0.0
.blend2,1,0.0
.vcg,1,0.0
.rb4196,1,0.0
.gt3x,1,0.0
.957687,1,0.0
.957688,1,0.0
.957689,1,0.0
.957690,1,0.0
.957691,1,0.0
.957692,1,0.0
.957693,1,0.0
.957694,1,0.0
.957695,1,0.0
.957696,1,0.0
.957697,1,0.0
.132113,1,0.0
.174160,1,0.0
.174161,1,0.0
.174162,1,0.0
.174163,1,0.0
.174164,1,0.0
.174165,1,0.0
.174166,1,0.0
.174167,1,0.0
.174168,1,0.0
.174169,1,0.0
.174170,1,0.0
.174171,1,0.0
.174172,1,0.0
.174173,1,0.0
.174174,1,0.0
.174175,1,0.0
.174176,1,0.0
.174177,1,0.0
.174178,1,0.0
.174179,1,0.0
.174180,1,0.0
.174181,1,0.0
.174182,1,0.0
.174183,1,0.0
.145812,1,0.0
.145810,1,0.0
.145813,1,0.0
.145817,1,0.0
.145816,1,0.0
.145814,1,0.0
.145818,1,0.0
.145815,1,0.0
.145811,1,0.0
.145820,1,0.0
.145819,1,0.0
.capnp,1,0.0
.ggo,1,0.0
.pymol,1,0.0
.4-linux-amd64,1,0.0
.logger,1,0.0
.note,1,0.0
.threshold,1,0.0
.fum,1,0.0
.udx,1,0.0
.vislcg,1,0.0
.gubsdb,1,0.0
.gegcc,1,0.0
.gelua,1,0.0
.geslang,1,0.0
.getcc,1,0.0
.workspace,1,0.0
.phones,1,0.0
.symbols,1,0.0
.7a,1,0.0
.developer,1,0.0
.weide,1,0.0
.regtest,1,0.0
.ascent,1,0.0
.no_hydro_64,1,0.0
.plot_z,1,0.0
.knl,1,0.0
.noreduceverb,1,0.0
.bsd-3-clause,1,0.0
.0-only,1,0.0
.switch,1,0.0
.aml,1,0.0
.pprof,1,0.0
.arp,1,0.0
.profile-empty,1,0.0
.xsec,1,0.0
.pbuu,1,0.0
.cxx~,1,0.0
.cc#,1,0.0
.osa,1,0.0
.sie,1,0.0
.lsf,1,0.0
.xfm,1,0.0
.local-copy,1,0.0
.codekit,1,0.0
.maintscript,1,0.0
.scv,1,0.0
.gms,1,0.0
.old2,1,0.0
.oldm,1,0.0
.svgz,1,0.0
.jplace,1,0.0
.nlogox,1,0.0
.hancho,1,0.0
.txt#,1,0.0
.spe,1,0.0
.coli,1,0.0
.lof,1,0.0
.lol,1,0.0
.lot,1,0.0
.runtests,1,0.0
.notice,1,0.0
.news,1,0.0
.ansi,1,0.0
.android,1,0.0
.miff,1,0.0
.xml_withparentpom,1,0.0
.hjs,1,0.0
.cppipe,1,0.0
.xeap,1,0.0
.json_sample,1,0.0
.enduser,1,0.0
.double,1,0.0
.htm-copy,1,0.0
.htm_backup,1,0.0
.lsa,1,0.0
.base64,1,0.0
.htaccess,1,0.0
.ethane,1,0.0
.airebo-m,1,0.0
.rebo,1,0.0
.lmiss,1,0.0
.janet,1,0.0
.hoon,1,0.0
.luau,1,0.0
.ixx,1,0.0
.gjs,1,0.0
.cocoa5,1,0.0
.cake,1,0.0
.asy,1,0.0
.cdc,1,0.0
.ecr,1,0.0
.chpl,1,0.0
.njk,1,0.0
.clar,1,0.0
.imba,1,0.0
.ttcn,1,0.0
.cfm,1,0.0
.rhai,1,0.0
.ecpp,1,0.0
.derw,1,0.0
.junos,1,0.0
.just,1,0.0
.odin,1,0.0
.cairo,1,0.0
.gdshader,1,0.0
.dfy,1,0.0
.plm,1,0.0
.ha,1,0.0
.focexec,1,0.0
.um,1,0.0
.fsx,1,0.0
.fut,1,0.0
.fnl,1,0.0
.aria,1,0.0
.gql,1,0.0
.gvy,1,0.0
.yarn,1,0.0
.slang,1,0.0
.lidr,1,0.0
.pl1,1,0.0
.raml,1,0.0
.mojo,1,0.0
.heex,1,0.0
.icl,1,0.0
.ipl,1,0.0
.prql,1,0.0
.c3,1,0.0
.bdy,1,0.0
.thy,1,0.0
.fth,1,0.0
.smarty2,1,0.0
.vsql,1,0.0
.txtt,1,0.0
.dt,1,0.0
.xm,1,0.0
.lgt,1,0.0
.lem,1,0.0
.magik,1,0.0
.wren,1,0.0
.mojom,1,0.0
.mbt,1,0.0
.mbti,1,0.0
.nuon,1,0.0
.jcl,1,0.0
.ets,1,0.0
.wxml,1,0.0
.wxss,1,0.0
.pek,1,0.0
.lfe,1,0.0
.puml,1,0.0
.jai,1,0.0
.dhall,1,0.0
.p6,1,0.0
.odx,1,0.0
.surql,1,0.0
.pony,1,0.0
.brs,1,0.0
.sss,1,0.0
.bicep,1,0.0
.qxs,1,0.0
.scp,1,0.0
.sema,1,0.0
.prisma,1,0.0
.pig,1,0.0
.jspeg,1,0.0
.peg,1,0.0
.peggy,1,0.0
.tspeg,1,0.0
.slim,1,0.0
.slint,1,0.0
.nut,1,0.0
.nim,1,0.0
.gleam,1,0.0
.daml,1,0.0
.dsr,1,0.0
.vbhtml,1,0.0
.ring,1,0.0
.pest,1,0.0
.fsl,1,0.0
.wast,1,0.0
.uss,1,0.0
.uxml,1,0.0
.carbon,1,0.0
.vba,1,0.0
.vy,1,0.0
.blp,1,0.0
.xpo,1,0.0
.btp,1,0.0
.zig,1,0.0
.head~1,1,0.0
.tok,1,0.0
.slnf,1,0.0
.startup,1,0.0
.qry,1,0.0
.mas2j,1,0.0
.pip,1,0.0
.z06,1,0.0
.z07,1,0.0
.z08,1,0.0
.x_b,1,0.0
.eepe,1,0.0
.dnd,1,0.0
.datbak,1,0.0
.01_tgyr_elemplot_intd,1,0.0
.10_tgyr_elemplot_intd,1,0.0
.c2hs,1,0.0
.dump-ast,1,0.0
.nanorc,1,0.0
.ssh,1,0.0
.cats,1,0.0
.dats,1,0.0
.sats,1,0.0
.purerc,1,0.0
.clw,1,0.0
.add,1,0.0
.propertiesprovider,1,0.0
.jrtx,1,0.0
.jasper,1,0.0
.allscalecc,1,0.0
.ccz,1,0.0
.elementtypesconfigurations,1,0.0
.creationmenumodel,1,0.0
.pl~,1,0.0
.qdp-amd,1,0.0
.shock_past_cylinder,1,0.0
.shock_past_sphere,1,0.0
.iamr,1,0.0
.hotspot_rz,1,0.0
.euler,1,0.0
.euler-restart,1,0.0
.square_grid,1,0.0
.bubble_rz,1,0.0
.double_shear_layer-rotate,1,0.0
.forced,1,0.0
.average_hotspot,1,0.0
.les_hotspot,1,0.0
.corigpu,1,0.0
.perlmutter,1,0.0
.greg,1,0.0
.lwo,1,0.0
.gpb,1,0.0
.down,1,0.0
.up,1,0.0
.gitattributes,1,0.0
.power9v100,1,0.0
.jsdoc,1,0.0
.ib_pdb_index,1,0.0
.name_accession,1,0.0
.tplx,1,0.0
.mk~,1,0.0
.pchk,1,0.0
.gsl,1,0.0
.senses,1,0.0
.blobs,1,0.0
.tester,1,0.0
.rtml,1,0.0
.guide,1,0.0
.recipe,1,0.0
.prx,1,0.0
.setup,1,0.0
.strs,1,0.0
.tgz?accesstype=download,1,0.0
.mshp,1,0.0
.omake,1,0.0
.exist,1,0.0
.eclipse,1,0.0
.mtvl,1,0.0
.rmap,1,0.0
.valid,1,0.0
.otu_table,1,0.0
.xval,1,0.0
.sift,1,0.0
.soc,1,0.0
.dcl,1,0.0
.pack,1,0.0
.validspike,1,0.0
.conv_n1600_mean4_5_st08_lx19_ly7,1,0.0
.liggghts,1,0.0
.springcalve,1,0.0
.summercalve,1,0.0
.7920000,1,0.0
.fjordbond_final_h20_str5e5_lfc30,1,0.0
.bonds,1,0.0
.inx,1,0.0
.infox,1,0.0
.5-linux32,1,0.0
.5-linux64,1,0.0
.5-osx,1,0.0
.profiles,1,0.0
.snakefile,1,0.0
.pmids,1,0.0
.cdsfeatures_original,1,0.0
.marshal,1,0.0
.mothur,1,0.0
.ncdump,1,0.0
.ifunctionregistrant,1,0.0
.persistentjoboutput,1,0.0
.discoverable,1,0.0
.databases,1,0.0
.powergslb,1,0.0
.sqlserver,1,0.0
.stmt,1,0.0
.srec,1,0.0
.bn,1,0.0
.ca,1,0.0
.et,1,0.0
.fi,1,0.0
.gu,1,0.0
.hi,1,0.0
.hu,1,0.0
.is,1,0.0
.kn,1,0.0
.lt,1,0.0
.mni,1,0.0
.mr,1,0.0
.or,1,0.0
.pa,1,0.0
.ro,1,0.0
.ta,1,0.0
.tdt,1,0.0
.te,1,0.0
.yue,1,0.0
.zh,1,0.0
.chn,1,0.0
.cbk,1,0.0
.nvcc,1,0.0
.asta,1,0.0
.longorfs,1,0.0
.travis-rbx,1,0.0
.processors,1,0.0
.symbolprocessorprovider,1,0.0
.tff,1,0.0
.hkl,1,0.0
.out_b_swope,1,0.0
.out_g_swope,1,0.0
.out_h_wirc,1,0.0
.out_i_swope,1,0.0
.out_j_wirc,1,0.0
.out_k_wirc,1,0.0
.out_r_swope,1,0.0
.out_u_swope,1,0.0
.out_v_oswope,1,0.0
.out_y_wirc,1,0.0
.out_r,1,0.0
.vtl,1,0.0
.rpath,1,0.0
.ptr,1,0.0
.tree-ssa,1,0.0
.graphite,1,0.0
.tgt,1,0.0
.rexsterextension,1,0.0
.binyan,1,0.0
.lemma,1,0.0
.sgml,1,0.0
.bedtofasta,1,0.0
.blastn_hgncrna,1,0.0
.extractblastnresults,1,0.0
.final_lncrna,1,0.0
.certdep,1,0.0
.stv,1,0.0
.mss,1,0.0
.elf32-musl-static,1,0.0
.cvc,1,0.0
.executable,1,0.0
.elf64statico2,1,0.0
.o32,1,0.0
.copythis,1,0.0
.moved,1,0.0
.lisp ,1,0.0
.lisp-old,1,0.0
.deflated,1,0.0
.xdb,1,0.0
.zi,1,0.0
.acl2x-source,1,0.0
.tbx,1,0.0
.mdproj,1,0.0
.dubase,1,0.0
.jsfdia,1,0.0
.database,1,0.0
.ubase,1,0.0
.systemd,1,0.0
.poem-react-tests,1,0.0
.2f4cec7,1,0.0
.c589374,1,0.0
.e8763af,1,0.0
.mdj,1,0.0
.bnx,1,0.0
.xmap,1,0.0
.log~,1,0.0
.properties~,1,0.0
.cpgz,1,0.0
.rei,1,0.0
.dat_higher_diff,1,0.0
.idm,1,0.0
.qfts,1,0.0
.scene,1,0.0
.hiro,1,0.0
.kanji,1,0.0
.origversion,1,0.0
.episode,1,0.0
.31_i86darwin32,1,0.0
.31_i86darwin64,1,0.0
.31_macppc,1,0.0
.bip,1,0.0
.dinvitro,1,0.0
.other,1,0.0
.adbx,1,0.0
.out~,1,0.0
.prev,1,0.0
.centromeres,1,0.0
.gap,1,0.0
.dead,1,0.0
.matk,1,0.0
.mobileconfig,1,0.0
.ios,1,0.0
.snapshot,1,0.0
.mtl23,1,0.0
.libs,1,0.0
.aga,1,0.0
.r-index,1,0.0
.nse,1,0.0
.vimrc,1,0.0
.sample_combined_22inds_4seqs,1,0.0
.moses,1,0.0
.shadersubgraph,1,0.0
.inputactions,1,0.0
.spriteatlas,1,0.0
.adeextension,1,0.0
.xjb,1,0.0
.adecontext,1,0.0
.tapplan,1,0.0
.kmers,1,0.0
.a64,1,0.0
.ginfo,1,0.0
.passphrase,1,0.0
.rad,1,0.0
.czi,1,0.0
.css_t,1,0.0
.poy,1,0.0
.mltop,1,0.0
.ping,1,0.0
.uedin-wmt16-full,1,0.0
.uedin-wmt16-parallel-single,1,0.0
.uedin-wmt16-single,1,0.0
.uedin-wmt17-full,1,0.0
.uedin-wmt17-single,1,0.0
.detok,1,0.0
.fakesconfig,1,0.0
.bkup12mar19,1,0.0
.galex,1,0.0
.unwise,1,0.0
.incase,1,0.0
.runsettings,1,0.0
.installation,1,0.0
.variables,1,0.0
.eventdumpparser,1,0.0
.ctz,1,0.0
.hsf,1,0.0
.update,1,0.0
.address,1,0.0
.le35,1,0.0
.le55,1,0.0
.le75,1,0.0
.bld,1,0.0
.jsbox0,1,0.0
.jsbox1,1,0.0
.jsbox2,1,0.0
.jsconn,1,0.0
.todraw,1,0.0
.temp,1,0.0
.rsl-new,1,0.0
.rsl-old,1,0.0
.rsl,1,0.0
.prl,1,0.0
.cool,1,0.0
.clamd,1,0.0
.rabbitmq,1,0.0
.scpt,1,0.0
.vgm,1,0.0
.alias,1,0.0
.alprofile,1,0.0
.pvs,1,0.0
.wxg,1,0.0
.xplt,1,0.0
.sid,1,0.0
.r2017a,1,0.0
.aiohttp,1,0.0
.autobahn,1,0.0
.unknown_mime_type,1,0.0
.zero_bytes,1,0.0
.coderprj,1,0.0
.vot,1,0.0
.bgm,1,0.0
.emscripten,1,0.0
.coq,1,0.0
.z00,1,0.0
.spv,1,0.0
.pov,1,0.0
.cpicle,1,0.0
.w32,1,0.0
.localmode,1,0.0
.embeddedapplauncher,1,0.0
.yarnapplauncher,1,0.0
.securityinfo,1,0.0
.tokenidentifier,1,0.0
.dagexecutionplugin,1,0.0
.keytab,1,0.0
.ccxml,1,0.0
.exregion,1,0.0
.example-php,1,0.0
.3gp,1,0.0
.xquery,1,0.0
.myjson,1,0.0
.mydata,1,0.0
.mydata2,1,0.0
.myhtml,1,0.0
.phps,1,0.0
.mysql,1,0.0
.exelem,1,0.0
.exnode,1,0.0
.words,1,0.0
.features~,1,0.0
.incflo,1,0.0
.channel_cylinder,1,0.0
.eb_flow_sphere,1,0.0
.inviscid_rotated_planes_x,1,0.0
.rotated_planes_x,1,0.0
.rotated_planes_y,1,0.0
.vortex_in_sphere,1,0.0
.channel_cylinder-x,1,0.0
.channel_cylinder-xx,1,0.0
.channel_cylinder-y,1,0.0
.channel_cylinder-yy,1,0.0
.channel_cylinder-z,1,0.0
.channel_cylinder-zz,1,0.0
.channel_spherecube,1,0.0
.couette_poiseuille,1,0.0
.double_shear_restart,1,0.0
.eb_flow_const_velz,1,0.0
.eb_flow_density,1,0.0
.poiseuille_halfplane_newtonian,1,0.0
.slanted_cylinder,1,0.0
.tuscan,1,0.0
.upipe,1,0.0
.csg,1,0.0
.couette_cylinder,1,0.0
.couette_twocylinders,1,0.0
.poiseuille_annulus,1,0.0
.rotating_cylinder,1,0.0
.taylor_couette,1,0.0
.test_csg,1,0.0
.inviscid_rotated_cylinder_x,1,0.0
.inviscid_rotated_cylinder_y,1,0.0
.inviscid_rotated_cylinder_z,1,0.0
.periodic_box_x,1,0.0
.periodic_box_y,1,0.0
.periodic_box_z,1,0.0
.circ_traceradect_bds,1,0.0
.double_shear_layer_x,1,0.0
.double_shear_layer_y,1,0.0
.double_shear_layer_z,1,0.0
.poiseuille_halfplane_newtonian_x,1,0.0
.poiseuille_halfplane_newtonian_y,1,0.0
.poiseuille_halfplane_newtonian_z,1,0.0
.poiseuille_plane_newtonian_x,1,0.0
.poiseuille_plane_newtonian_y,1,0.0
.poiseuille_plane_newtonian_z,1,0.0
.slip_wall_test_x,1,0.0
.shap,1,0.0
.dpd,1,0.0
.xtextbin,1,0.0
.xml_correct,1,0.0
.xml_orig,1,0.0
.ltp,1,0.0
.luacov,1,0.0
.repositories,1,0.0
.neg,1,0.0
.aktualizr,1,0.0
.focal,1,0.0
.sgd,1,0.0
.2016,1,0.0
.jtv,1,0.0
.cdt,1,0.0
.gtr,1,0.0
.rscript,1,0.0
.gold_std,1,0.0
.metagenemark,1,0.0
.atom,1,0.0
.stri,1,0.0
.acc,1,0.0
.ars,1,0.0
.ath,1,0.0
.fsm,1,0.0
.sth,1,0.0
.tfs,1,0.0
.j2c,1,0.0
.indels,1,0.0
.qualities,1,0.0
.sitefrequency,1,0.0
.sitepositions,1,0.0
.incl,1,0.0
.gmm,1,0.0
.delim,1,0.0
.txt_pos,1,0.0
.pcaproject,1,0.0
.xln,1,0.0
.b##,1,0.0
.l#5,1,0.0
.l#6,1,0.0
.l#7,1,0.0
.l#8,1,0.0
.l#9,1,0.0
.wsdt,1,0.0
.lineage,1,0.0
.ipy,1,0.0
.w6yv7k,1,0.0
.emp,1,0.0
.getsatstudy,1,0.0
.readgeom,1,0.0
.readtree,1,0.0
.useraysolver,1,0.0
.conversions,1,0.0
.processed,1,0.0
.blei,1,0.0
.low,1,0.0
.mallet,1,0.0
.svmlight,1,0.0
.uci,1,0.0
.jscad,1,0.0
.xspt,1,0.0
.moog,1,0.0
.mlf,1,0.0
.mrf,1,0.0
.mes,1,0.0
.crazy_ext,1,0.0
.chg,1,0.0
.parm,1,0.0
.nastruct,1,0.0
.r3d,1,0.0
.cb_dist,1,0.0
.comap,1,0.0
.mfdca,1,0.0
.plmdca,1,0.0
.psicov,1,0.0
.numpy_bin,1,0.0
.howto_script,1,0.0
.howto_transform,1,0.0
.apache2,1,0.0
.overrides,1,0.0
.templates,1,0.0
.jdl,1,0.0
.fieldtrip,1,0.0
.gifti,1,0.0
.xmltree,1,0.0
.dyr,1,0.0
.iex,1,0.0
.l2p,1,0.0
.lnp,1,0.0
.connect,1,0.0
.nbar,1,0.0
.lie,1,0.0
.rac,1,0.0
.rsml,1,0.0
.dependencies,1,0.0
.enw,1,0.0
.admin,1,0.0
.author,1,0.0
.granted,1,0.0
.granted_token,1,0.0
.rejected,1,0.0
.com-non_engines,1,0.0
.openaire4,1,0.0
.fzz,1,0.0
.axgr,1,0.0
.axgx,1,0.0
.ppc64le,1,0.0
.payload,1,0.0
.ls,1,0.0
.omp,1,0.0
.alpine,1,0.0
.heroku,1,0.0
.mrb-linux-amd64,1,0.0
.universal,1,0.0
.nobody,1,0.0
.chrlengths,1,0.0
.grammar,1,0.0
.bil,1,0.0
.alljobs,1,0.0
.len,1,0.0
.emm,1,0.0
.ed,1,0.0
.xrdf,1,0.0
.fsp,1,0.0
.pauli,1,0.0
.php8,1,0.0
.score,1,0.0
.gds,1,0.0
.metadix,1,0.0
.linearindex,1,0.0
.numer,1,0.0
.log-20100502,1,0.0
.jenasubsystemlifecycle,1,0.0
.rap,1,0.0
.pdos_atm#1(mg)_wfc#1(s),1,0.0
.pdos_atm#1(mg)_wfc#2(p),1,0.0
.pdos_atm#2(o)_wfc#1(s),1,0.0
.pdos_atm#2(o)_wfc#2(p),1,0.0
.pdos_tot,1,0.0
.pops,1,0.0
.golden,1,0.0
.mkfg,1,0.0
.tz,1,0.0
.lambda,1,0.0
.vol2bird,1,0.0
.vol2bird-mistnet,1,0.0
.20130329,1,0.0
.drv,1,0.0
.dtx,1,0.0
.m4~,1,0.0
.binutils,1,0.0
.variants,1,0.0
.js_,1,0.0
.vssbe,1,0.0
.javascript,1,0.0
.bac,1,0.0
.markers,1,0.0
.symvers,1,0.0
.bestmodel,1,0.0
.besttree,1,0.0
.sfk,1,0.0
.pmd,1,0.0
.b64,1,0.0
.qp,1,0.0
.amiga,1,0.0
.b32,1,0.0
.m32,1,0.0
.netware,1,0.0
.vxworks,1,0.0
.watcom,1,0.0
.3des,1,0.0
.aes128,1,0.0
.aes192,1,0.0
.aes256,1,0.0
.des,1,0.0
.psk,1,0.0
.pubkey,1,0.0
.cert_type,1,0.0
.key_usage,1,0.0
.ku-ct,1,0.0
.md4,1,0.0
.bcc32,1,0.0
.msvc,1,0.0
.filt_list,1,0.0
.nsconfig,1,0.0
.7cei,1,0.0
.1yjo,1,0.0
.end,1,0.0
.fis,1,0.0
.merge,1,0.0
.paaa2,1,0.0
.gamma-gomodelmicellesimulation,1,0.0
.data-gomodelmembranesimulation,1,0.0
.data-gomodelmicellesimulation,1,0.0
.data_membranedimerprediction,1,0.0
.dat_membranedimerprediction,1,0.0
.debugforces,1,0.0
.parallel,1,0.0
.paralleldebug,1,0.0
.rcc,1,0.0
.serial,1,0.0
.serialdebug,1,0.0
.h4_traj,1,0.0
.tmat,1,0.0
.pnt,1,0.0
.e321227,1,0.0
.e321228,1,0.0
.e321229,1,0.0
.e321230,1,0.0
.e321231,1,0.0
.e321232,1,0.0
.e321233,1,0.0
.e321234,1,0.0
.e321235,1,0.0
.e321236,1,0.0
.e323962,1,0.0
.e323963,1,0.0
.e323964,1,0.0
.e323965,1,0.0
.e323966,1,0.0
.e323967,1,0.0
.e323968,1,0.0
.e323969,1,0.0
.e323970,1,0.0
.e323971,1,0.0
.o321227,1,0.0
.o321228,1,0.0
.o321229,1,0.0
.o321230,1,0.0
.o321231,1,0.0
.o321232,1,0.0
.o321233,1,0.0
.o321234,1,0.0
.o321235,1,0.0
.o321236,1,0.0
.o323962,1,0.0
.o323963,1,0.0
.o323964,1,0.0
.o323965,1,0.0
.o323966,1,0.0
.o323967,1,0.0
.o323968,1,0.0
.o323969,1,0.0
.o323970,1,0.0
.o323971,1,0.0
.e321271,1,0.0
.e321272,1,0.0
.e321273,1,0.0
.e321274,1,0.0
.e321275,1,0.0
.e321276,1,0.0
.e321277,1,0.0
.e321278,1,0.0
.e321279,1,0.0
.e321280,1,0.0
.e326140,1,0.0
.e326141,1,0.0
.e326142,1,0.0
.e326143,1,0.0
.e326144,1,0.0
.e326145,1,0.0
.e326146,1,0.0
.e326147,1,0.0
.e326148,1,0.0
.e326149,1,0.0
.o321271,1,0.0
.o321272,1,0.0
.o321273,1,0.0
.o321274,1,0.0
.o321275,1,0.0
.o321276,1,0.0
.o321277,1,0.0
.o321278,1,0.0
.o321279,1,0.0
.o321280,1,0.0
.o326140,1,0.0
.o326141,1,0.0
.o326142,1,0.0
.o326143,1,0.0
.o326144,1,0.0
.o326145,1,0.0
.o326146,1,0.0
.o326147,1,0.0
.o326148,1,0.0
.o326149,1,0.0
.e321328,1,0.0
.e321329,1,0.0
.e321330,1,0.0
.e321331,1,0.0
.e321332,1,0.0
.e321333,1,0.0
.e321334,1,0.0
.e321335,1,0.0
.e321336,1,0.0
.e321337,1,0.0
.e325185,1,0.0
.e325186,1,0.0
.e325187,1,0.0
.e325188,1,0.0
.e325189,1,0.0
.e325190,1,0.0
.e325201,1,0.0
.e325212,1,0.0
.e325227,1,0.0
.e325229,1,0.0
.o321328,1,0.0
.o321329,1,0.0
.o321330,1,0.0
.o321331,1,0.0
.o321332,1,0.0
.o321333,1,0.0
.o321334,1,0.0
.o321335,1,0.0
.o321336,1,0.0
.o321337,1,0.0
.o325185,1,0.0
.o325186,1,0.0
.o325187,1,0.0
.o325188,1,0.0
.o325189,1,0.0
.o325190,1,0.0
.o325201,1,0.0
.o325212,1,0.0
.o325227,1,0.0
.o325229,1,0.0
.e322974,1,0.0
.e322975,1,0.0
.e322976,1,0.0
.e322977,1,0.0
.e322978,1,0.0
.e322979,1,0.0
.e322980,1,0.0
.e322981,1,0.0
.e322982,1,0.0
.e322983,1,0.0
.e322984,1,0.0
.e322985,1,0.0
.e322986,1,0.0
.e322987,1,0.0
.e322988,1,0.0
.e322989,1,0.0
.e322990,1,0.0
.e322991,1,0.0
.e322992,1,0.0
.e322993,1,0.0
.o322974,1,0.0
.o322975,1,0.0
.o322976,1,0.0
.o322977,1,0.0
.o322978,1,0.0
.o322979,1,0.0
.o322980,1,0.0
.o322981,1,0.0
.o322982,1,0.0
.o322983,1,0.0
.o322984,1,0.0
.o322985,1,0.0
.o322986,1,0.0
.o322987,1,0.0
.o322988,1,0.0
.o322989,1,0.0
.o322990,1,0.0
.o322991,1,0.0
.o322992,1,0.0
.o322993,1,0.0
.e322954,1,0.0
.e322955,1,0.0
.e322956,1,0.0
.e322957,1,0.0
.e322958,1,0.0
.e322959,1,0.0
.e322960,1,0.0
.e322961,1,0.0
.e322962,1,0.0
.e322963,1,0.0
.e322964,1,0.0
.e322965,1,0.0
.e322966,1,0.0
.e322967,1,0.0
.e322968,1,0.0
.e322969,1,0.0
.e322970,1,0.0
.e322971,1,0.0
.e322972,1,0.0
.e322973,1,0.0
.o322954,1,0.0
.o322955,1,0.0
.o322956,1,0.0
.o322957,1,0.0
.o322958,1,0.0
.o322959,1,0.0
.o322960,1,0.0
.o322961,1,0.0
.o322962,1,0.0
.o322963,1,0.0
.o322964,1,0.0
.o322965,1,0.0
.o322966,1,0.0
.o322967,1,0.0
.o322968,1,0.0
.o322969,1,0.0
.o322970,1,0.0
.o322971,1,0.0
.o322972,1,0.0
.o322973,1,0.0
.e322934,1,0.0
.e322935,1,0.0
.e322936,1,0.0
.e322937,1,0.0
.e322938,1,0.0
.e322939,1,0.0
.e322940,1,0.0
.e322941,1,0.0
.e322942,1,0.0
.e322943,1,0.0
.e322944,1,0.0
.e322945,1,0.0
.e322946,1,0.0
.e322947,1,0.0
.e322948,1,0.0
.e322949,1,0.0
.e322950,1,0.0
.e322951,1,0.0
.e322952,1,0.0
.e322953,1,0.0
.o322934,1,0.0
.o322935,1,0.0
.o322936,1,0.0
.o322937,1,0.0
.o322938,1,0.0
.o322939,1,0.0
.o322940,1,0.0
.o322941,1,0.0
.o322942,1,0.0
.o322943,1,0.0
.o322944,1,0.0
.o322945,1,0.0
.o322946,1,0.0
.o322947,1,0.0
.o322948,1,0.0
.o322949,1,0.0
.o322950,1,0.0
.o322951,1,0.0
.o322952,1,0.0
.o322953,1,0.0
.e323400,1,0.0
.e323401,1,0.0
.e323402,1,0.0
.e323403,1,0.0
.e323404,1,0.0
.e323405,1,0.0
.e323406,1,0.0
.e326160,1,0.0
.e326161,1,0.0
.e326162,1,0.0
.e326163,1,0.0
.e326164,1,0.0
.e326165,1,0.0
.o323400,1,0.0
.o323401,1,0.0
.o323402,1,0.0
.o323403,1,0.0
.o323404,1,0.0
.o323405,1,0.0
.o323406,1,0.0
.o326160,1,0.0
.o326161,1,0.0
.o326162,1,0.0
.o326163,1,0.0
.o326164,1,0.0
.o326165,1,0.0
.e323407,1,0.0
.e323408,1,0.0
.e323409,1,0.0
.e323410,1,0.0
.e323411,1,0.0
.e323412,1,0.0
.e323413,1,0.0
.e323414,1,0.0
.e323415,1,0.0
.e323416,1,0.0
.e326150,1,0.0
.e326151,1,0.0
.e326152,1,0.0
.e326153,1,0.0
.e326154,1,0.0
.e326155,1,0.0
.e326156,1,0.0
.e326157,1,0.0
.e326158,1,0.0
.e326159,1,0.0
.o323407,1,0.0
.o323408,1,0.0
.o323409,1,0.0
.o323410,1,0.0
.o323411,1,0.0
.o323412,1,0.0
.o323413,1,0.0
.o323414,1,0.0
.o323415,1,0.0
.o323416,1,0.0
.o326150,1,0.0
.o326151,1,0.0
.o326152,1,0.0
.o326153,1,0.0
.o326154,1,0.0
.o326155,1,0.0
.o326156,1,0.0
.o326157,1,0.0
.o326158,1,0.0
.o326159,1,0.0
.e323423,1,0.0
.e323424,1,0.0
.e323425,1,0.0
.e323426,1,0.0
.e323427,1,0.0
.e323428,1,0.0
.e323429,1,0.0
.e323430,1,0.0
.e323431,1,0.0
.e323432,1,0.0
.e323433,1,0.0
.e323434,1,0.0
.e323435,1,0.0
.e323436,1,0.0
.e323437,1,0.0
.e323438,1,0.0
.e323439,1,0.0
.e326130,1,0.0
.e326131,1,0.0
.e326132,1,0.0
.e326133,1,0.0
.e326134,1,0.0
.e326135,1,0.0
.e326136,1,0.0
.e326137,1,0.0
.e326138,1,0.0
.e326139,1,0.0
.o323423,1,0.0
.o323424,1,0.0
.o323425,1,0.0
.o323426,1,0.0
.o323427,1,0.0
.o323428,1,0.0
.o323429,1,0.0
.o323430,1,0.0
.o323431,1,0.0
.o323432,1,0.0
.o326130,1,0.0
.o326131,1,0.0
.o326132,1,0.0
.o326133,1,0.0
.o326134,1,0.0
.o326135,1,0.0
.o326136,1,0.0
.o326137,1,0.0
.o326138,1,0.0
.o326139,1,0.0
.e321751,1,0.0
.e321752,1,0.0
.e321753,1,0.0
.e321754,1,0.0
.e321755,1,0.0
.e321756,1,0.0
.e321757,1,0.0
.e321758,1,0.0
.e321759,1,0.0
.e321760,1,0.0
.e321761,1,0.0
.e321762,1,0.0
.e321763,1,0.0
.e321764,1,0.0
.e321765,1,0.0
.e321766,1,0.0
.e321767,1,0.0
.e321768,1,0.0
.e321769,1,0.0
.e321770,1,0.0
.e322159,1,0.0
.o321751,1,0.0
.o321752,1,0.0
.o321753,1,0.0
.o321754,1,0.0
.o321755,1,0.0
.o321756,1,0.0
.o321757,1,0.0
.o321758,1,0.0
.o321759,1,0.0
.o321760,1,0.0
.o321761,1,0.0
.o321762,1,0.0
.o321763,1,0.0
.o321764,1,0.0
.o321765,1,0.0
.o321766,1,0.0
.o321767,1,0.0
.o321768,1,0.0
.o321769,1,0.0
.o321770,1,0.0
.o322159,1,0.0
.e322160,1,0.0
.e322161,1,0.0
.e322162,1,0.0
.e322163,1,0.0
.e322164,1,0.0
.e322165,1,0.0
.e322166,1,0.0
.e322167,1,0.0
.e322168,1,0.0
.e322169,1,0.0
.e322170,1,0.0
.e322171,1,0.0
.e322172,1,0.0
.e322173,1,0.0
.e322174,1,0.0
.e322175,1,0.0
.e322176,1,0.0
.e322177,1,0.0
.e322178,1,0.0
.e322179,1,0.0
.o322160,1,0.0
.o322161,1,0.0
.o322162,1,0.0
.o322163,1,0.0
.o322164,1,0.0
.o322165,1,0.0
.o322166,1,0.0
.o322167,1,0.0
.o322168,1,0.0
.o322169,1,0.0
.o322170,1,0.0
.o322171,1,0.0
.o322172,1,0.0
.o322173,1,0.0
.o322174,1,0.0
.o322175,1,0.0
.o322176,1,0.0
.o322177,1,0.0
.o322178,1,0.0
.o322179,1,0.0
.e321731,1,0.0
.e321732,1,0.0
.e321733,1,0.0
.e321734,1,0.0
.e321735,1,0.0
.e321736,1,0.0
.e321737,1,0.0
.e321738,1,0.0
.e321739,1,0.0
.e321740,1,0.0
.e321741,1,0.0
.e321742,1,0.0
.e321743,1,0.0
.e321744,1,0.0
.e321745,1,0.0
.e321746,1,0.0
.e321747,1,0.0
.e321748,1,0.0
.e321749,1,0.0
.e321750,1,0.0
.o321731,1,0.0
.o321732,1,0.0
.o321733,1,0.0
.o321734,1,0.0
.o321735,1,0.0
.o321736,1,0.0
.o321737,1,0.0
.o321738,1,0.0
.o321739,1,0.0
.o321740,1,0.0
.o321741,1,0.0
.o321742,1,0.0
.o321743,1,0.0
.o321744,1,0.0
.o321745,1,0.0
.o321746,1,0.0
.o321747,1,0.0
.o321748,1,0.0
.o321749,1,0.0
.o321750,1,0.0
.e321711,1,0.0
.e321712,1,0.0
.e321713,1,0.0
.e321714,1,0.0
.e321715,1,0.0
.e321716,1,0.0
.e321717,1,0.0
.e321718,1,0.0
.e321719,1,0.0
.e321720,1,0.0
.e321721,1,0.0
.e321722,1,0.0
.e321723,1,0.0
.e321724,1,0.0
.e321725,1,0.0
.e321726,1,0.0
.e321727,1,0.0
.e321728,1,0.0
.e321729,1,0.0
.e321730,1,0.0
.o321711,1,0.0
.o321712,1,0.0
.o321713,1,0.0
.o321714,1,0.0
.o321715,1,0.0
.o321716,1,0.0
.o321717,1,0.0
.o321718,1,0.0
.o321719,1,0.0
.o321720,1,0.0
.o321721,1,0.0
.o321722,1,0.0
.o321723,1,0.0
.o321724,1,0.0
.o321725,1,0.0
.o321726,1,0.0
.o321727,1,0.0
.o321728,1,0.0
.o321729,1,0.0
.o321730,1,0.0
.e321502,1,0.0
.e321503,1,0.0
.e321504,1,0.0
.e321505,1,0.0
.e321506,1,0.0
.e321507,1,0.0
.e321508,1,0.0
.e321509,1,0.0
.e321510,1,0.0
.e321511,1,0.0
.e326266,1,0.0
.e326267,1,0.0
.e326268,1,0.0
.e326269,1,0.0
.e326270,1,0.0
.e326271,1,0.0
.e326272,1,0.0
.e326273,1,0.0
.e326274,1,0.0
.e326275,1,0.0
.o321502,1,0.0
.o321503,1,0.0
.o321504,1,0.0
.o321505,1,0.0
.o321506,1,0.0
.o321507,1,0.0
.o321508,1,0.0
.o321509,1,0.0
.o321510,1,0.0
.o321511,1,0.0
.o326266,1,0.0
.o326267,1,0.0
.o326268,1,0.0
.o326269,1,0.0
.o326270,1,0.0
.o326271,1,0.0
.o326272,1,0.0
.o326273,1,0.0
.o326274,1,0.0
.o326275,1,0.0
.e321480,1,0.0
.e321481,1,0.0
.e321482,1,0.0
.e321483,1,0.0
.e321484,1,0.0
.e321485,1,0.0
.e321486,1,0.0
.e321487,1,0.0
.e321488,1,0.0
.e321489,1,0.0
.e321492,1,0.0
.e321493,1,0.0
.e321494,1,0.0
.e321495,1,0.0
.e321496,1,0.0
.e321497,1,0.0
.e321498,1,0.0
.e321499,1,0.0
.e321500,1,0.0
.e321501,1,0.0
.o321480,1,0.0
.o321481,1,0.0
.o321482,1,0.0
.o321483,1,0.0
.o321484,1,0.0
.o321485,1,0.0
.o321486,1,0.0
.o321487,1,0.0
.o321488,1,0.0
.o321489,1,0.0
.o321492,1,0.0
.o321493,1,0.0
.o321494,1,0.0
.o321495,1,0.0
.o321496,1,0.0
.o321497,1,0.0
.o321498,1,0.0
.o321499,1,0.0
.o321500,1,0.0
.o321501,1,0.0
.e321460,1,0.0
.e321461,1,0.0
.e321462,1,0.0
.e321463,1,0.0
.e321464,1,0.0
.e321465,1,0.0
.e321466,1,0.0
.e321467,1,0.0
.e321468,1,0.0
.e321469,1,0.0
.e321470,1,0.0
.e321471,1,0.0
.e321472,1,0.0
.e321473,1,0.0
.e321474,1,0.0
.e321475,1,0.0
.e321476,1,0.0
.e321477,1,0.0
.e321478,1,0.0
.e321479,1,0.0
.o321460,1,0.0
.o321461,1,0.0
.o321462,1,0.0
.o321463,1,0.0
.o321464,1,0.0
.o321465,1,0.0
.o321466,1,0.0
.o321467,1,0.0
.o321468,1,0.0
.o321469,1,0.0
.o321470,1,0.0
.o321471,1,0.0
.o321472,1,0.0
.o321473,1,0.0
.o321474,1,0.0
.o321475,1,0.0
.o321476,1,0.0
.o321477,1,0.0
.o321478,1,0.0
.o321479,1,0.0
.e323055,1,0.0
.e323056,1,0.0
.e323057,1,0.0
.e323058,1,0.0
.e323059,1,0.0
.e323060,1,0.0
.e323061,1,0.0
.e323062,1,0.0
.e323063,1,0.0
.e323064,1,0.0
.e323065,1,0.0
.e323066,1,0.0
.e323067,1,0.0
.e323068,1,0.0
.e323069,1,0.0
.e323070,1,0.0
.e323071,1,0.0
.e323072,1,0.0
.e323073,1,0.0
.e323074,1,0.0
.o323055,1,0.0
.o323056,1,0.0
.o323057,1,0.0
.o323058,1,0.0
.o323059,1,0.0
.o323060,1,0.0
.o323061,1,0.0
.o323062,1,0.0
.o323063,1,0.0
.o323064,1,0.0
.o323065,1,0.0
.o323066,1,0.0
.o323067,1,0.0
.o323068,1,0.0
.o323069,1,0.0
.o323070,1,0.0
.o323071,1,0.0
.o323072,1,0.0
.o323073,1,0.0
.o323074,1,0.0
.e323075,1,0.0
.e323076,1,0.0
.e323077,1,0.0
.e323078,1,0.0
.e323079,1,0.0
.e323080,1,0.0
.e323081,1,0.0
.e323082,1,0.0
.e323083,1,0.0
.e323084,1,0.0
.e323085,1,0.0
.e323086,1,0.0
.e323087,1,0.0
.e323088,1,0.0
.e323089,1,0.0
.e323090,1,0.0
.e323091,1,0.0
.e323092,1,0.0
.e323093,1,0.0
.e323094,1,0.0
.o323075,1,0.0
.o323076,1,0.0
.o323077,1,0.0
.o323078,1,0.0
.o323079,1,0.0
.o323080,1,0.0
.o323081,1,0.0
.o323082,1,0.0
.o323083,1,0.0
.o323084,1,0.0
.o323085,1,0.0
.o323086,1,0.0
.o323087,1,0.0
.o323088,1,0.0
.o323089,1,0.0
.o323090,1,0.0
.o323091,1,0.0
.o323092,1,0.0
.o323093,1,0.0
.o323094,1,0.0
.e323500,1,0.0
.e323501,1,0.0
.e323502,1,0.0
.e323503,1,0.0
.e323504,1,0.0
.e323505,1,0.0
.e323506,1,0.0
.e323507,1,0.0
.e323508,1,0.0
.e323509,1,0.0
.e323510,1,0.0
.e323511,1,0.0
.e323512,1,0.0
.e323513,1,0.0
.e323514,1,0.0
.e323515,1,0.0
.e323516,1,0.0
.e323517,1,0.0
.e323518,1,0.0
.e323519,1,0.0
.o323500,1,0.0
.o323501,1,0.0
.o323502,1,0.0
.o323503,1,0.0
.o323504,1,0.0
.o323505,1,0.0
.o323506,1,0.0
.o323507,1,0.0
.o323508,1,0.0
.o323509,1,0.0
.o323510,1,0.0
.o323511,1,0.0
.o323512,1,0.0
.o323513,1,0.0
.o323514,1,0.0
.o323515,1,0.0
.o323516,1,0.0
.o323517,1,0.0
.o323518,1,0.0
.o323519,1,0.0
.e323929,1,0.0
.e323930,1,0.0
.e323931,1,0.0
.e323932,1,0.0
.e323933,1,0.0
.e323934,1,0.0
.e323935,1,0.0
.e323936,1,0.0
.e323937,1,0.0
.e323938,1,0.0
.e323939,1,0.0
.e323940,1,0.0
.e323941,1,0.0
.e323942,1,0.0
.e323943,1,0.0
.e323944,1,0.0
.e323945,1,0.0
.e323946,1,0.0
.e323947,1,0.0
.e323948,1,0.0
.o323929,1,0.0
.o323930,1,0.0
.o323931,1,0.0
.o323932,1,0.0
.o323933,1,0.0
.o323934,1,0.0
.o323935,1,0.0
.o323936,1,0.0
.o323937,1,0.0
.o323938,1,0.0
.o323939,1,0.0
.o323940,1,0.0
.o323941,1,0.0
.o323942,1,0.0
.o323943,1,0.0
.o323944,1,0.0
.o323945,1,0.0
.o323946,1,0.0
.o323947,1,0.0
.o323948,1,0.0
.e323909,1,0.0
.e323910,1,0.0
.e323911,1,0.0
.e323912,1,0.0
.e323913,1,0.0
.e323914,1,0.0
.e323915,1,0.0
.e323916,1,0.0
.e323917,1,0.0
.e323918,1,0.0
.e323919,1,0.0
.e323920,1,0.0
.e323921,1,0.0
.e323922,1,0.0
.e323923,1,0.0
.e323924,1,0.0
.e323925,1,0.0
.e323926,1,0.0
.e323927,1,0.0
.e323928,1,0.0
.o323909,1,0.0
.o323910,1,0.0
.o323911,1,0.0
.o323912,1,0.0
.o323913,1,0.0
.o323914,1,0.0
.o323915,1,0.0
.o323916,1,0.0
.o323917,1,0.0
.o323918,1,0.0
.o323919,1,0.0
.o323920,1,0.0
.o323921,1,0.0
.o323922,1,0.0
.o323923,1,0.0
.o323924,1,0.0
.o323925,1,0.0
.o323926,1,0.0
.o323927,1,0.0
.o323928,1,0.0
.e322604,1,0.0
.e322605,1,0.0
.e322606,1,0.0
.e322607,1,0.0
.e322608,1,0.0
.e322609,1,0.0
.e322610,1,0.0
.e322611,1,0.0
.e322612,1,0.0
.e322613,1,0.0
.e322614,1,0.0
.e322615,1,0.0
.e322616,1,0.0
.e322617,1,0.0
.e322618,1,0.0
.e322619,1,0.0
.e322620,1,0.0
.e322621,1,0.0
.e322622,1,0.0
.e322623,1,0.0
.o322604,1,0.0
.o322605,1,0.0
.o322606,1,0.0
.o322607,1,0.0
.o322608,1,0.0
.o322609,1,0.0
.o322610,1,0.0
.o322611,1,0.0
.o322612,1,0.0
.o322613,1,0.0
.o322614,1,0.0
.o322615,1,0.0
.o322616,1,0.0
.o322617,1,0.0
.o322618,1,0.0
.o322619,1,0.0
.o322620,1,0.0
.o322621,1,0.0
.o322622,1,0.0
.o322623,1,0.0
.e322653,1,0.0
.o322653,1,0.0
.e322624,1,0.0
.e322625,1,0.0
.e322626,1,0.0
.e322627,1,0.0
.e322628,1,0.0
.e322629,1,0.0
.e322630,1,0.0
.e322631,1,0.0
.e322632,1,0.0
.e322633,1,0.0
.e322645,1,0.0
.e322646,1,0.0
.e322647,1,0.0
.e322649,1,0.0
.e322650,1,0.0
.e322651,1,0.0
.e322652,1,0.0
.e322654,1,0.0
.e322655,1,0.0
.o322624,1,0.0
.o322625,1,0.0
.o322626,1,0.0
.o322627,1,0.0
.o322628,1,0.0
.o322629,1,0.0
.o322630,1,0.0
.o322631,1,0.0
.o322632,1,0.0
.o322633,1,0.0
.o322645,1,0.0
.o322646,1,0.0
.o322647,1,0.0
.o322649,1,0.0
.o322650,1,0.0
.o322651,1,0.0
.o322652,1,0.0
.o322654,1,0.0
.o322655,1,0.0
.e322582,1,0.0
.e322583,1,0.0
.e322584,1,0.0
.e322585,1,0.0
.e322586,1,0.0
.e322587,1,0.0
.e322588,1,0.0
.e322589,1,0.0
.e322590,1,0.0
.e322591,1,0.0
.e322592,1,0.0
.e322593,1,0.0
.e322594,1,0.0
.e322595,1,0.0
.e322596,1,0.0
.e322597,1,0.0
.e322598,1,0.0
.e322599,1,0.0
.e322600,1,0.0
.e322601,1,0.0
.o322582,1,0.0
.o322583,1,0.0
.o322584,1,0.0
.o322585,1,0.0
.o322586,1,0.0
.o322587,1,0.0
.o322588,1,0.0
.o322589,1,0.0
.o322590,1,0.0
.o322591,1,0.0
.o322592,1,0.0
.o322593,1,0.0
.o322594,1,0.0
.o322595,1,0.0
.o322596,1,0.0
.o322597,1,0.0
.o322598,1,0.0
.o322599,1,0.0
.o322600,1,0.0
.o322601,1,0.0
.e323054,1,0.0
.o323054,1,0.0
.e321400,1,0.0
.e321401,1,0.0
.e321402,1,0.0
.e321403,1,0.0
.e321404,1,0.0
.e321405,1,0.0
.e321406,1,0.0
.e321407,1,0.0
.e321408,1,0.0
.e321409,1,0.0
.e321410,1,0.0
.e321411,1,0.0
.e321412,1,0.0
.e321413,1,0.0
.e321414,1,0.0
.e321415,1,0.0
.e321416,1,0.0
.e321417,1,0.0
.e321418,1,0.0
.e321419,1,0.0
.o321400,1,0.0
.o321401,1,0.0
.o321402,1,0.0
.o321403,1,0.0
.o321404,1,0.0
.o321405,1,0.0
.o321406,1,0.0
.o321407,1,0.0
.o321408,1,0.0
.o321409,1,0.0
.o321410,1,0.0
.o321411,1,0.0
.o321412,1,0.0
.o321413,1,0.0
.o321414,1,0.0
.o321415,1,0.0
.o321416,1,0.0
.o321417,1,0.0
.o321418,1,0.0
.o321419,1,0.0
.e321420,1,0.0
.e321421,1,0.0
.e321422,1,0.0
.e321423,1,0.0
.e321424,1,0.0
.e321425,1,0.0
.e321426,1,0.0
.e321427,1,0.0
.e321428,1,0.0
.e321429,1,0.0
.e321430,1,0.0
.e321431,1,0.0
.e321432,1,0.0
.e321433,1,0.0
.e321434,1,0.0
.e321435,1,0.0
.e321436,1,0.0
.e321437,1,0.0
.e321438,1,0.0
.e321439,1,0.0
.o321420,1,0.0
.o321421,1,0.0
.o321422,1,0.0
.o321423,1,0.0
.o321424,1,0.0
.o321425,1,0.0
.o321426,1,0.0
.o321427,1,0.0
.o321428,1,0.0
.o321429,1,0.0
.o321430,1,0.0
.o321431,1,0.0
.o321432,1,0.0
.o321433,1,0.0
.o321434,1,0.0
.o321435,1,0.0
.o321436,1,0.0
.o321437,1,0.0
.o321438,1,0.0
.o321439,1,0.0
.e321440,1,0.0
.e321441,1,0.0
.e321442,1,0.0
.e321443,1,0.0
.e321444,1,0.0
.e321445,1,0.0
.e321446,1,0.0
.e321447,1,0.0
.e321448,1,0.0
.e321449,1,0.0
.e321450,1,0.0
.e321451,1,0.0
.e321452,1,0.0
.e321453,1,0.0
.e321454,1,0.0
.e321455,1,0.0
.e321456,1,0.0
.e321457,1,0.0
.e321458,1,0.0
.e321459,1,0.0
.o321440,1,0.0
.o321441,1,0.0
.o321442,1,0.0
.o321443,1,0.0
.o321444,1,0.0
.o321445,1,0.0
.o321446,1,0.0
.o321447,1,0.0
.o321448,1,0.0
.o321449,1,0.0
.o321450,1,0.0
.o321451,1,0.0
.o321452,1,0.0
.o321453,1,0.0
.o321454,1,0.0
.o321455,1,0.0
.o321456,1,0.0
.o321457,1,0.0
.o321458,1,0.0
.o321459,1,0.0
.e322719,1,0.0
.e322720,1,0.0
.e322721,1,0.0
.e322722,1,0.0
.e322723,1,0.0
.e322724,1,0.0
.e322725,1,0.0
.e322726,1,0.0
.e322727,1,0.0
.e322728,1,0.0
.e322729,1,0.0
.e322730,1,0.0
.e322731,1,0.0
.e322732,1,0.0
.e322733,1,0.0
.e322734,1,0.0
.e322735,1,0.0
.e322736,1,0.0
.e322737,1,0.0
.e322738,1,0.0
.o322719,1,0.0
.o322720,1,0.0
.o322721,1,0.0
.o322722,1,0.0
.o322723,1,0.0
.o322724,1,0.0
.o322725,1,0.0
.o322726,1,0.0
.o322727,1,0.0
.o322728,1,0.0
.o322729,1,0.0
.o322730,1,0.0
.o322731,1,0.0
.o322732,1,0.0
.o322733,1,0.0
.o322734,1,0.0
.o322735,1,0.0
.o322736,1,0.0
.o322737,1,0.0
.o322738,1,0.0
.e322699,1,0.0
.e322700,1,0.0
.e322701,1,0.0
.e322702,1,0.0
.e322703,1,0.0
.e322704,1,0.0
.e322705,1,0.0
.e322706,1,0.0
.e322707,1,0.0
.e322708,1,0.0
.e322709,1,0.0
.e322710,1,0.0
.e322711,1,0.0
.e322712,1,0.0
.e322713,1,0.0
.e322714,1,0.0
.e322715,1,0.0
.e322716,1,0.0
.e322717,1,0.0
.e322718,1,0.0
.o322699,1,0.0
.o322700,1,0.0
.o322701,1,0.0
.o322702,1,0.0
.o322703,1,0.0
.o322704,1,0.0
.o322705,1,0.0
.o322706,1,0.0
.o322707,1,0.0
.o322708,1,0.0
.o322709,1,0.0
.o322710,1,0.0
.o322711,1,0.0
.o322712,1,0.0
.o322713,1,0.0
.o322714,1,0.0
.o322715,1,0.0
.o322716,1,0.0
.o322717,1,0.0
.o322718,1,0.0
.e326594,1,0.0
.e326595,1,0.0
.e326596,1,0.0
.e326597,1,0.0
.e326598,1,0.0
.e326599,1,0.0
.e326600,1,0.0
.e326601,1,0.0
.e326602,1,0.0
.e326603,1,0.0
.e326604,1,0.0
.e326605,1,0.0
.e326606,1,0.0
.e326607,1,0.0
.e326608,1,0.0
.e326609,1,0.0
.e326610,1,0.0
.e326611,1,0.0
.e326612,1,0.0
.e326613,1,0.0
.o326594,1,0.0
.o326595,1,0.0
.o326596,1,0.0
.o326597,1,0.0
.o326598,1,0.0
.o326599,1,0.0
.o326600,1,0.0
.o326601,1,0.0
.o326602,1,0.0
.o326603,1,0.0
.o326604,1,0.0
.o326605,1,0.0
.o326606,1,0.0
.o326607,1,0.0
.o326608,1,0.0
.o326609,1,0.0
.o326610,1,0.0
.o326611,1,0.0
.o326612,1,0.0
.o326613,1,0.0
.e322697,1,0.0
.o322697,1,0.0
.e323114,1,0.0
.e323115,1,0.0
.e323116,1,0.0
.e323117,1,0.0
.e323118,1,0.0
.e323119,1,0.0
.e323120,1,0.0
.e323121,1,0.0
.e323122,1,0.0
.e323123,1,0.0
.e323124,1,0.0
.e323125,1,0.0
.e323126,1,0.0
.e323127,1,0.0
.e323128,1,0.0
.e323129,1,0.0
.e323130,1,0.0
.e323131,1,0.0
.e323132,1,0.0
.e323133,1,0.0
.o323114,1,0.0
.o323115,1,0.0
.o323116,1,0.0
.o323117,1,0.0
.o323118,1,0.0
.o323119,1,0.0
.o323120,1,0.0
.o323121,1,0.0
.o323122,1,0.0
.o323123,1,0.0
.o323124,1,0.0
.o323125,1,0.0
.o323126,1,0.0
.o323127,1,0.0
.o323128,1,0.0
.o323129,1,0.0
.o323130,1,0.0
.o323131,1,0.0
.o323132,1,0.0
.o323133,1,0.0
.e323136,1,0.0
.e323137,1,0.0
.e323138,1,0.0
.e323139,1,0.0
.e323140,1,0.0
.e323141,1,0.0
.e323142,1,0.0
.e323143,1,0.0
.e323144,1,0.0
.e323145,1,0.0
.e323146,1,0.0
.e323147,1,0.0
.e323148,1,0.0
.e323149,1,0.0
.e323150,1,0.0
.e323151,1,0.0
.e323152,1,0.0
.e323153,1,0.0
.e323154,1,0.0
.e323155,1,0.0
.o323136,1,0.0
.o323137,1,0.0
.o323138,1,0.0
.o323139,1,0.0
.o323140,1,0.0
.o323141,1,0.0
.o323142,1,0.0
.o323143,1,0.0
.o323144,1,0.0
.o323145,1,0.0
.o323146,1,0.0
.o323147,1,0.0
.o323148,1,0.0
.o323149,1,0.0
.o323150,1,0.0
.o323151,1,0.0
.o323152,1,0.0
.o323153,1,0.0
.o323154,1,0.0
.o323155,1,0.0
.e323157,1,0.0
.e323158,1,0.0
.e323159,1,0.0
.e323160,1,0.0
.e323161,1,0.0
.e323162,1,0.0
.e323163,1,0.0
.e323164,1,0.0
.e323165,1,0.0
.e323166,1,0.0
.e323167,1,0.0
.e323168,1,0.0
.e323169,1,0.0
.e323170,1,0.0
.e323171,1,0.0
.e323172,1,0.0
.e323173,1,0.0
.e323174,1,0.0
.e323175,1,0.0
.e323176,1,0.0
.o323157,1,0.0
.o323158,1,0.0
.o323159,1,0.0
.o323160,1,0.0
.o323161,1,0.0
.o323162,1,0.0
.o323163,1,0.0
.o323164,1,0.0
.o323165,1,0.0
.o323166,1,0.0
.o323167,1,0.0
.o323168,1,0.0
.o323169,1,0.0
.o323170,1,0.0
.o323171,1,0.0
.o323172,1,0.0
.o323173,1,0.0
.o323174,1,0.0
.o323175,1,0.0
.o323176,1,0.0
.e323737,1,0.0
.e323738,1,0.0
.e323739,1,0.0
.e323740,1,0.0
.e323741,1,0.0
.e323742,1,0.0
.e323743,1,0.0
.e323744,1,0.0
.e323745,1,0.0
.e323746,1,0.0
.e323747,1,0.0
.e323748,1,0.0
.e323749,1,0.0
.e323750,1,0.0
.e323751,1,0.0
.e323752,1,0.0
.e323753,1,0.0
.e323754,1,0.0
.e323755,1,0.0
.e323756,1,0.0
.o323737,1,0.0
.o323738,1,0.0
.o323739,1,0.0
.o323740,1,0.0
.o323741,1,0.0
.o323742,1,0.0
.o323743,1,0.0
.o323744,1,0.0
.o323745,1,0.0
.o323746,1,0.0
.o323747,1,0.0
.o323748,1,0.0
.o323749,1,0.0
.o323750,1,0.0
.o323751,1,0.0
.o323752,1,0.0
.o323753,1,0.0
.o323754,1,0.0
.o323755,1,0.0
.o323756,1,0.0
.e323757,1,0.0
.e323758,1,0.0
.e323759,1,0.0
.e323760,1,0.0
.e323761,1,0.0
.e323762,1,0.0
.e323763,1,0.0
.e323764,1,0.0
.e323765,1,0.0
.e323766,1,0.0
.e323767,1,0.0
.e323768,1,0.0
.e323769,1,0.0
.e323770,1,0.0
.e323771,1,0.0
.e323772,1,0.0
.e323773,1,0.0
.e323774,1,0.0
.e323775,1,0.0
.e323776,1,0.0
.o323757,1,0.0
.o323758,1,0.0
.o323759,1,0.0
.o323760,1,0.0
.o323761,1,0.0
.o323762,1,0.0
.o323763,1,0.0
.o323764,1,0.0
.o323765,1,0.0
.o323766,1,0.0
.o323767,1,0.0
.o323768,1,0.0
.o323769,1,0.0
.o323770,1,0.0
.o323771,1,0.0
.o323772,1,0.0
.o323773,1,0.0
.o323774,1,0.0
.o323775,1,0.0
.o323776,1,0.0
.e323777,1,0.0
.e323778,1,0.0
.e323779,1,0.0
.e323780,1,0.0
.e323781,1,0.0
.e323782,1,0.0
.e323783,1,0.0
.e323784,1,0.0
.e323785,1,0.0
.e323786,1,0.0
.e323787,1,0.0
.e323788,1,0.0
.e323789,1,0.0
.e323790,1,0.0
.e323791,1,0.0
.e323792,1,0.0
.e323793,1,0.0
.e323794,1,0.0
.e323795,1,0.0
.e323796,1,0.0
.o323777,1,0.0
.o323778,1,0.0
.o323779,1,0.0
.o323780,1,0.0
.o323781,1,0.0
.o323782,1,0.0
.o323783,1,0.0
.o323784,1,0.0
.o323785,1,0.0
.o323786,1,0.0
.o323787,1,0.0
.o323788,1,0.0
.o323789,1,0.0
.o323790,1,0.0
.o323791,1,0.0
.o323792,1,0.0
.o323793,1,0.0
.o323794,1,0.0
.o323795,1,0.0
.o323796,1,0.0
.e321562,1,0.0
.e321563,1,0.0
.e321564,1,0.0
.e321565,1,0.0
.e321566,1,0.0
.e321567,1,0.0
.e321568,1,0.0
.e321569,1,0.0
.e321570,1,0.0
.e321571,1,0.0
.e321572,1,0.0
.e321573,1,0.0
.e321574,1,0.0
.e321575,1,0.0
.e321576,1,0.0
.e321577,1,0.0
.e321578,1,0.0
.e321579,1,0.0
.e321580,1,0.0
.e321581,1,0.0
.o321562,1,0.0
.o321563,1,0.0
.o321564,1,0.0
.o321565,1,0.0
.o321566,1,0.0
.o321567,1,0.0
.o321568,1,0.0
.o321569,1,0.0
.o321570,1,0.0
.o321571,1,0.0
.o321572,1,0.0
.o321573,1,0.0
.o321574,1,0.0
.o321575,1,0.0
.o321576,1,0.0
.o321577,1,0.0
.o321578,1,0.0
.o321579,1,0.0
.o321580,1,0.0
.o321581,1,0.0
.e321542,1,0.0
.e321543,1,0.0
.e321544,1,0.0
.e321545,1,0.0
.e321546,1,0.0
.e321547,1,0.0
.e321548,1,0.0
.e321549,1,0.0
.e321550,1,0.0
.e321551,1,0.0
.e321552,1,0.0
.e321553,1,0.0
.e321554,1,0.0
.e321555,1,0.0
.e321556,1,0.0
.e321557,1,0.0
.e321558,1,0.0
.e321559,1,0.0
.e321560,1,0.0
.e321561,1,0.0
.o321542,1,0.0
.o321543,1,0.0
.o321544,1,0.0
.o321545,1,0.0
.o321546,1,0.0
.o321547,1,0.0
.o321548,1,0.0
.o321549,1,0.0
.o321550,1,0.0
.o321551,1,0.0
.o321552,1,0.0
.o321553,1,0.0
.o321554,1,0.0
.o321555,1,0.0
.o321556,1,0.0
.o321557,1,0.0
.o321558,1,0.0
.o321559,1,0.0
.o321560,1,0.0
.o321561,1,0.0
.e321522,1,0.0
.e321523,1,0.0
.e321524,1,0.0
.e321525,1,0.0
.e321526,1,0.0
.e321527,1,0.0
.e321528,1,0.0
.e321529,1,0.0
.e321530,1,0.0
.e321531,1,0.0
.e321532,1,0.0
.e321533,1,0.0
.e321534,1,0.0
.e321535,1,0.0
.e321536,1,0.0
.e321537,1,0.0
.e321538,1,0.0
.e321539,1,0.0
.e321540,1,0.0
.e321541,1,0.0
.o321522,1,0.0
.o321523,1,0.0
.o321524,1,0.0
.o321525,1,0.0
.o321526,1,0.0
.o321527,1,0.0
.o321528,1,0.0
.o321529,1,0.0
.o321530,1,0.0
.o321531,1,0.0
.o321532,1,0.0
.o321533,1,0.0
.o321534,1,0.0
.o321535,1,0.0
.o321536,1,0.0
.o321537,1,0.0
.o321538,1,0.0
.o321539,1,0.0
.o321540,1,0.0
.o321541,1,0.0
.e321207,1,0.0
.e321208,1,0.0
.e321209,1,0.0
.e321210,1,0.0
.e321211,1,0.0
.e321212,1,0.0
.e321213,1,0.0
.e321214,1,0.0
.e321215,1,0.0
.e321216,1,0.0
.e321217,1,0.0
.e321218,1,0.0
.e321219,1,0.0
.e321220,1,0.0
.e321221,1,0.0
.e321222,1,0.0
.e321223,1,0.0
.e321224,1,0.0
.e321225,1,0.0
.e321226,1,0.0
.o321207,1,0.0
.o321208,1,0.0
.o321209,1,0.0
.o321210,1,0.0
.o321211,1,0.0
.o321212,1,0.0
.o321213,1,0.0
.o321214,1,0.0
.o321215,1,0.0
.o321216,1,0.0
.o321217,1,0.0
.o321218,1,0.0
.o321219,1,0.0
.o321220,1,0.0
.o321221,1,0.0
.o321222,1,0.0
.o321223,1,0.0
.o321224,1,0.0
.o321225,1,0.0
.o321226,1,0.0
.e321187,1,0.0
.e321188,1,0.0
.e321189,1,0.0
.e321190,1,0.0
.e321191,1,0.0
.e321192,1,0.0
.e321193,1,0.0
.e321194,1,0.0
.e321195,1,0.0
.e321196,1,0.0
.e321197,1,0.0
.e321198,1,0.0
.e321199,1,0.0
.e321200,1,0.0
.e321201,1,0.0
.e321202,1,0.0
.e321203,1,0.0
.e321204,1,0.0
.e321205,1,0.0
.e321206,1,0.0
.o321187,1,0.0
.o321188,1,0.0
.o321189,1,0.0
.o321190,1,0.0
.o321191,1,0.0
.o321192,1,0.0
.o321193,1,0.0
.o321194,1,0.0
.o321195,1,0.0
.o321196,1,0.0
.o321197,1,0.0
.o321198,1,0.0
.o321199,1,0.0
.o321200,1,0.0
.o321201,1,0.0
.o321202,1,0.0
.o321203,1,0.0
.o321204,1,0.0
.o321205,1,0.0
.o321206,1,0.0
.e321167,1,0.0
.e321168,1,0.0
.e321169,1,0.0
.e321170,1,0.0
.e321171,1,0.0
.e321172,1,0.0
.e321173,1,0.0
.e321174,1,0.0
.e321175,1,0.0
.e321176,1,0.0
.e321177,1,0.0
.e321178,1,0.0
.e321179,1,0.0
.e321180,1,0.0
.e321181,1,0.0
.e321182,1,0.0
.e321183,1,0.0
.e321184,1,0.0
.e321185,1,0.0
.e321186,1,0.0
.o321167,1,0.0
.o321168,1,0.0
.o321169,1,0.0
.o321170,1,0.0
.o321171,1,0.0
.o321172,1,0.0
.o321173,1,0.0
.o321174,1,0.0
.o321175,1,0.0
.o321176,1,0.0
.o321177,1,0.0
.o321178,1,0.0
.o321179,1,0.0
.o321180,1,0.0
.o321181,1,0.0
.o321182,1,0.0
.o321183,1,0.0
.o321184,1,0.0
.o321185,1,0.0
.o321186,1,0.0
.e321150,1,0.0
.o321150,1,0.0
.e322839,1,0.0
.e322840,1,0.0
.e322841,1,0.0
.e322842,1,0.0
.e322843,1,0.0
.e322844,1,0.0
.e322845,1,0.0
.e322846,1,0.0
.e322847,1,0.0
.e322848,1,0.0
.e322849,1,0.0
.e322850,1,0.0
.e322851,1,0.0
.e322852,1,0.0
.e322853,1,0.0
.e322854,1,0.0
.e322855,1,0.0
.e322856,1,0.0
.e322857,1,0.0
.e322858,1,0.0
.o322839,1,0.0
.o322840,1,0.0
.o322841,1,0.0
.o322842,1,0.0
.o322843,1,0.0
.o322844,1,0.0
.o322845,1,0.0
.o322846,1,0.0
.o322847,1,0.0
.o322848,1,0.0
.o322849,1,0.0
.o322850,1,0.0
.o322851,1,0.0
.o322852,1,0.0
.o322853,1,0.0
.o322854,1,0.0
.o322855,1,0.0
.o322856,1,0.0
.o322857,1,0.0
.o322858,1,0.0
.e322819,1,0.0
.e322820,1,0.0
.e322821,1,0.0
.e322822,1,0.0
.e322823,1,0.0
.e322824,1,0.0
.e322825,1,0.0
.e322826,1,0.0
.e322827,1,0.0
.e322828,1,0.0
.e322829,1,0.0
.e322830,1,0.0
.e322831,1,0.0
.e322832,1,0.0
.e322833,1,0.0
.e322834,1,0.0
.e322835,1,0.0
.e322836,1,0.0
.e322837,1,0.0
.e322838,1,0.0
.o322819,1,0.0
.o322820,1,0.0
.o322821,1,0.0
.o322822,1,0.0
.o322823,1,0.0
.o322824,1,0.0
.o322825,1,0.0
.o322826,1,0.0
.o322827,1,0.0
.o322828,1,0.0
.o322829,1,0.0
.o322830,1,0.0
.o322831,1,0.0
.o322832,1,0.0
.o322833,1,0.0
.o322834,1,0.0
.o322835,1,0.0
.o322836,1,0.0
.o322837,1,0.0
.o322838,1,0.0
.e322799,1,0.0
.e322800,1,0.0
.e322801,1,0.0
.e322802,1,0.0
.e322803,1,0.0
.e322804,1,0.0
.e322805,1,0.0
.e322806,1,0.0
.e322807,1,0.0
.e322808,1,0.0
.e322809,1,0.0
.e322810,1,0.0
.e322811,1,0.0
.e322812,1,0.0
.e322813,1,0.0
.e322814,1,0.0
.e322815,1,0.0
.e322816,1,0.0
.e322817,1,0.0
.e322818,1,0.0
.o322799,1,0.0
.o322800,1,0.0
.o322801,1,0.0
.o322802,1,0.0
.o322803,1,0.0
.o322804,1,0.0
.o322805,1,0.0
.o322806,1,0.0
.o322807,1,0.0
.o322808,1,0.0
.o322809,1,0.0
.o322810,1,0.0
.o322811,1,0.0
.o322812,1,0.0
.o322813,1,0.0
.o322814,1,0.0
.o322815,1,0.0
.o322816,1,0.0
.o322817,1,0.0
.o322818,1,0.0
.e322739,1,0.0
.e322740,1,0.0
.e322741,1,0.0
.e322742,1,0.0
.e322743,1,0.0
.e322744,1,0.0
.e322745,1,0.0
.e322746,1,0.0
.e322747,1,0.0
.e322748,1,0.0
.e322749,1,0.0
.e322750,1,0.0
.e322751,1,0.0
.e322752,1,0.0
.e322753,1,0.0
.e322754,1,0.0
.e322755,1,0.0
.e322756,1,0.0
.e322757,1,0.0
.e322758,1,0.0
.o322739,1,0.0
.o322740,1,0.0
.o322741,1,0.0
.o322742,1,0.0
.o322743,1,0.0
.o322744,1,0.0
.o322745,1,0.0
.o322746,1,0.0
.o322747,1,0.0
.o322748,1,0.0
.o322749,1,0.0
.o322750,1,0.0
.o322751,1,0.0
.o322752,1,0.0
.o322753,1,0.0
.o322754,1,0.0
.o322755,1,0.0
.o322756,1,0.0
.o322757,1,0.0
.o322758,1,0.0
.e322759,1,0.0
.e322760,1,0.0
.e322761,1,0.0
.e322762,1,0.0
.e322763,1,0.0
.e322764,1,0.0
.e322765,1,0.0
.e322766,1,0.0
.e322767,1,0.0
.e322768,1,0.0
.e322769,1,0.0
.e322770,1,0.0
.e322771,1,0.0
.e322772,1,0.0
.e322773,1,0.0
.e322774,1,0.0
.e322775,1,0.0
.e322776,1,0.0
.e322777,1,0.0
.e322778,1,0.0
.o322759,1,0.0
.o322760,1,0.0
.o322761,1,0.0
.o322762,1,0.0
.o322763,1,0.0
.o322764,1,0.0
.o322765,1,0.0
.o322766,1,0.0
.o322767,1,0.0
.o322768,1,0.0
.o322769,1,0.0
.o322770,1,0.0
.o322771,1,0.0
.o322772,1,0.0
.o322773,1,0.0
.o322774,1,0.0
.o322775,1,0.0
.o322776,1,0.0
.o322777,1,0.0
.o322778,1,0.0
.e322779,1,0.0
.e322780,1,0.0
.e322781,1,0.0
.e322782,1,0.0
.e322783,1,0.0
.e322784,1,0.0
.e322785,1,0.0
.e322786,1,0.0
.e322787,1,0.0
.e322788,1,0.0
.e322789,1,0.0
.e322790,1,0.0
.e322791,1,0.0
.e322792,1,0.0
.e322793,1,0.0
.e322794,1,0.0
.e322795,1,0.0
.e322796,1,0.0
.e322797,1,0.0
.e322798,1,0.0
.o322779,1,0.0
.o322780,1,0.0
.o322781,1,0.0
.o322782,1,0.0
.o322783,1,0.0
.o322784,1,0.0
.o322785,1,0.0
.o322786,1,0.0
.o322787,1,0.0
.o322788,1,0.0
.o322789,1,0.0
.o322790,1,0.0
.o322791,1,0.0
.o322792,1,0.0
.o322793,1,0.0
.o322794,1,0.0
.o322795,1,0.0
.o322796,1,0.0
.o322797,1,0.0
.o322798,1,0.0
.e323320,1,0.0
.e323321,1,0.0
.e323322,1,0.0
.e323323,1,0.0
.e323324,1,0.0
.e323325,1,0.0
.e323326,1,0.0
.e323327,1,0.0
.e323328,1,0.0
.e323329,1,0.0
.e323330,1,0.0
.e323331,1,0.0
.e323332,1,0.0
.e323333,1,0.0
.e323334,1,0.0
.e323335,1,0.0
.e323336,1,0.0
.e323337,1,0.0
.e323338,1,0.0
.e323339,1,0.0
.o323320,1,0.0
.o323321,1,0.0
.o323322,1,0.0
.o323323,1,0.0
.o323324,1,0.0
.o323325,1,0.0
.o323326,1,0.0
.o323327,1,0.0
.o323328,1,0.0
.o323329,1,0.0
.o323330,1,0.0
.o323331,1,0.0
.o323332,1,0.0
.o323333,1,0.0
.o323334,1,0.0
.o323335,1,0.0
.o323336,1,0.0
.o323337,1,0.0
.o323338,1,0.0
.o323339,1,0.0
.e323200,1,0.0
.e323201,1,0.0
.e323202,1,0.0
.e323203,1,0.0
.e323204,1,0.0
.e323205,1,0.0
.e323206,1,0.0
.e323207,1,0.0
.e323208,1,0.0
.e323209,1,0.0
.e323210,1,0.0
.e323212,1,0.0
.e323213,1,0.0
.e323214,1,0.0
.e323215,1,0.0
.e323216,1,0.0
.e323217,1,0.0
.e323218,1,0.0
.e323219,1,0.0
.e323220,1,0.0
.o323200,1,0.0
.o323201,1,0.0
.o323202,1,0.0
.o323203,1,0.0
.o323204,1,0.0
.o323205,1,0.0
.o323206,1,0.0
.o323207,1,0.0
.o323208,1,0.0
.o323209,1,0.0
.o323210,1,0.0
.o323212,1,0.0
.o323213,1,0.0
.o323214,1,0.0
.o323215,1,0.0
.o323216,1,0.0
.o323217,1,0.0
.o323218,1,0.0
.o323219,1,0.0
.o323220,1,0.0
.e323178,1,0.0
.e323179,1,0.0
.e323180,1,0.0
.e323181,1,0.0
.e323182,1,0.0
.e323183,1,0.0
.e323184,1,0.0
.e323185,1,0.0
.e323186,1,0.0
.e323187,1,0.0
.e323188,1,0.0
.e323189,1,0.0
.e323190,1,0.0
.e323191,1,0.0
.e323192,1,0.0
.e323193,1,0.0
.e323194,1,0.0
.e323195,1,0.0
.e323196,1,0.0
.e323197,1,0.0
.o323178,1,0.0
.o323179,1,0.0
.o323180,1,0.0
.o323181,1,0.0
.o323182,1,0.0
.o323183,1,0.0
.o323184,1,0.0
.o323185,1,0.0
.o323186,1,0.0
.o323187,1,0.0
.o323188,1,0.0
.o323189,1,0.0
.o323190,1,0.0
.o323191,1,0.0
.o323192,1,0.0
.o323193,1,0.0
.o323194,1,0.0
.o323195,1,0.0
.o323196,1,0.0
.o323197,1,0.0
.e323797,1,0.0
.e323798,1,0.0
.e323799,1,0.0
.e323800,1,0.0
.e323801,1,0.0
.e323802,1,0.0
.e323803,1,0.0
.e323804,1,0.0
.e323805,1,0.0
.e323806,1,0.0
.e323807,1,0.0
.e323808,1,0.0
.e323809,1,0.0
.e323810,1,0.0
.e323811,1,0.0
.e323812,1,0.0
.e323813,1,0.0
.e323814,1,0.0
.e323815,1,0.0
.e323816,1,0.0
.o323797,1,0.0
.o323798,1,0.0
.o323799,1,0.0
.o323800,1,0.0
.o323801,1,0.0
.o323802,1,0.0
.o323803,1,0.0
.o323804,1,0.0
.o323805,1,0.0
.o323806,1,0.0
.o323807,1,0.0
.o323808,1,0.0
.o323809,1,0.0
.o323810,1,0.0
.o323811,1,0.0
.o323812,1,0.0
.o323813,1,0.0
.o323814,1,0.0
.o323815,1,0.0
.o323816,1,0.0
.e323817,1,0.0
.e323818,1,0.0
.e323819,1,0.0
.e323820,1,0.0
.e323821,1,0.0
.e323822,1,0.0
.e323823,1,0.0
.e323824,1,0.0
.e323825,1,0.0
.e323826,1,0.0
.e323827,1,0.0
.e323828,1,0.0
.e323829,1,0.0
.e323830,1,0.0
.e323831,1,0.0
.e323832,1,0.0
.e323833,1,0.0
.e323834,1,0.0
.e323835,1,0.0
.e323836,1,0.0
.o323817,1,0.0
.o323818,1,0.0
.o323819,1,0.0
.o323820,1,0.0
.o323821,1,0.0
.o323822,1,0.0
.o323823,1,0.0
.o323824,1,0.0
.o323825,1,0.0
.o323826,1,0.0
.o323827,1,0.0
.o323828,1,0.0
.o323829,1,0.0
.o323830,1,0.0
.o323831,1,0.0
.o323832,1,0.0
.o323833,1,0.0
.o323834,1,0.0
.o323835,1,0.0
.o323836,1,0.0
.e321622,1,0.0
.e321623,1,0.0
.e321624,1,0.0
.e321625,1,0.0
.e321626,1,0.0
.e321627,1,0.0
.e321628,1,0.0
.e321629,1,0.0
.e321630,1,0.0
.e321631,1,0.0
.e321632,1,0.0
.e321633,1,0.0
.e321634,1,0.0
.e321635,1,0.0
.e321636,1,0.0
.e321637,1,0.0
.e321638,1,0.0
.e321639,1,0.0
.e321640,1,0.0
.e321641,1,0.0
.o321622,1,0.0
.o321623,1,0.0
.o321624,1,0.0
.o321625,1,0.0
.o321626,1,0.0
.o321627,1,0.0
.o321628,1,0.0
.o321629,1,0.0
.o321630,1,0.0
.o321631,1,0.0
.o321632,1,0.0
.o321633,1,0.0
.o321634,1,0.0
.o321635,1,0.0
.o321636,1,0.0
.o321637,1,0.0
.o321638,1,0.0
.o321639,1,0.0
.o321640,1,0.0
.o321641,1,0.0
.e326633,1,0.0
.e326634,1,0.0
.e326635,1,0.0
.e326636,1,0.0
.e326637,1,0.0
.e326638,1,0.0
.e326639,1,0.0
.e326640,1,0.0
.e326641,1,0.0
.e326642,1,0.0
.e326643,1,0.0
.e326644,1,0.0
.e326645,1,0.0
.e326646,1,0.0
.e326647,1,0.0
.e326648,1,0.0
.e326649,1,0.0
.e326650,1,0.0
.e326651,1,0.0
.e326652,1,0.0
.o326633,1,0.0
.o326634,1,0.0
.o326635,1,0.0
.o326636,1,0.0
.o326637,1,0.0
.o326638,1,0.0
.o326639,1,0.0
.o326640,1,0.0
.o326641,1,0.0
.o326642,1,0.0
.o326643,1,0.0
.o326644,1,0.0
.o326645,1,0.0
.o326646,1,0.0
.o326647,1,0.0
.o326648,1,0.0
.o326649,1,0.0
.o326650,1,0.0
.o326651,1,0.0
.o326652,1,0.0
.e321582,1,0.0
.e321583,1,0.0
.e321584,1,0.0
.e321585,1,0.0
.e321586,1,0.0
.e321587,1,0.0
.e321588,1,0.0
.e321589,1,0.0
.e321590,1,0.0
.e321591,1,0.0
.e321592,1,0.0
.e321593,1,0.0
.e321594,1,0.0
.e321595,1,0.0
.e321596,1,0.0
.e321597,1,0.0
.e321598,1,0.0
.e321599,1,0.0
.e321600,1,0.0
.e321601,1,0.0
.o321582,1,0.0
.o321583,1,0.0
.o321584,1,0.0
.o321585,1,0.0
.o321586,1,0.0
.o321587,1,0.0
.o321588,1,0.0
.o321589,1,0.0
.o321590,1,0.0
.o321591,1,0.0
.o321592,1,0.0
.o321593,1,0.0
.o321594,1,0.0
.o321595,1,0.0
.o321596,1,0.0
.o321597,1,0.0
.o321598,1,0.0
.o321599,1,0.0
.o321600,1,0.0
.o321601,1,0.0
.e321602,1,0.0
.e321603,1,0.0
.e321604,1,0.0
.e321605,1,0.0
.e321606,1,0.0
.e321607,1,0.0
.e321608,1,0.0
.e321609,1,0.0
.e321610,1,0.0
.e321611,1,0.0
.e321612,1,0.0
.e321613,1,0.0
.e321614,1,0.0
.e321615,1,0.0
.e321616,1,0.0
.e321617,1,0.0
.e321618,1,0.0
.e321619,1,0.0
.e321620,1,0.0
.e321621,1,0.0
.o321602,1,0.0
.o321603,1,0.0
.o321604,1,0.0
.o321605,1,0.0
.o321606,1,0.0
.o321607,1,0.0
.o321608,1,0.0
.o321609,1,0.0
.o321610,1,0.0
.o321611,1,0.0
.o321612,1,0.0
.o321613,1,0.0
.o321614,1,0.0
.o321615,1,0.0
.o321616,1,0.0
.o321617,1,0.0
.o321618,1,0.0
.o321619,1,0.0
.o321620,1,0.0
.o321621,1,0.0
.e321314,1,0.0
.e321315,1,0.0
.e321316,1,0.0
.e321317,1,0.0
.e321318,1,0.0
.e321319,1,0.0
.e321320,1,0.0
.e321321,1,0.0
.e321322,1,0.0
.e321323,1,0.0
.e321514,1,0.0
.e326376,1,0.0
.e326377,1,0.0
.e326378,1,0.0
.e326379,1,0.0
.e326380,1,0.0
.e326381,1,0.0
.e326382,1,0.0
.e326383,1,0.0
.e326384,1,0.0
.e326385,1,0.0
.o321314,1,0.0
.o321315,1,0.0
.o321316,1,0.0
.o321317,1,0.0
.o321318,1,0.0
.o321319,1,0.0
.o321320,1,0.0
.o321321,1,0.0
.o321322,1,0.0
.o321323,1,0.0
.o321514,1,0.0
.o326376,1,0.0
.o326377,1,0.0
.o326378,1,0.0
.o326379,1,0.0
.o326380,1,0.0
.o326381,1,0.0
.o326382,1,0.0
.o326383,1,0.0
.o326384,1,0.0
.o326385,1,0.0
.e321283,1,0.0
.e321284,1,0.0
.e321285,1,0.0
.e321286,1,0.0
.e321287,1,0.0
.e321288,1,0.0
.e321289,1,0.0
.e321290,1,0.0
.e321291,1,0.0
.e321292,1,0.0
.e326386,1,0.0
.e326387,1,0.0
.e326388,1,0.0
.e326389,1,0.0
.e326390,1,0.0
.e326391,1,0.0
.e326392,1,0.0
.e326393,1,0.0
.e326394,1,0.0
.e326395,1,0.0
.o321283,1,0.0
.o321284,1,0.0
.o321285,1,0.0
.o321286,1,0.0
.o321287,1,0.0
.o321288,1,0.0
.o321289,1,0.0
.o321290,1,0.0
.o321291,1,0.0
.o321292,1,0.0
.o326386,1,0.0
.o326387,1,0.0
.o326388,1,0.0
.o326389,1,0.0
.o326390,1,0.0
.o326391,1,0.0
.o326392,1,0.0
.o326393,1,0.0
.o326394,1,0.0
.o326395,1,0.0
.e321293,1,0.0
.e321294,1,0.0
.e321295,1,0.0
.e321296,1,0.0
.e321297,1,0.0
.e321298,1,0.0
.e321299,1,0.0
.e321300,1,0.0
.e321301,1,0.0
.e321302,1,0.0
.e321303,1,0.0
.e321304,1,0.0
.e321306,1,0.0
.e321307,1,0.0
.e321308,1,0.0
.e321309,1,0.0
.e321310,1,0.0
.e321311,1,0.0
.e321312,1,0.0
.e321313,1,0.0
.o321293,1,0.0
.o321294,1,0.0
.o321295,1,0.0
.o321296,1,0.0
.o321297,1,0.0
.o321298,1,0.0
.o321299,1,0.0
.o321300,1,0.0
.o321301,1,0.0
.o321302,1,0.0
.o321303,1,0.0
.o321304,1,0.0
.o321306,1,0.0
.o321307,1,0.0
.o321308,1,0.0
.o321309,1,0.0
.o321310,1,0.0
.o321311,1,0.0
.o321312,1,0.0
.o321313,1,0.0
.e322994,1,0.0
.e322995,1,0.0
.e322996,1,0.0
.e322997,1,0.0
.e322998,1,0.0
.e322999,1,0.0
.e323000,1,0.0
.e323001,1,0.0
.e323002,1,0.0
.e323003,1,0.0
.e323004,1,0.0
.e323005,1,0.0
.e323006,1,0.0
.e323007,1,0.0
.e323008,1,0.0
.e323009,1,0.0
.e323010,1,0.0
.e323011,1,0.0
.e323012,1,0.0
.e323013,1,0.0
.o322994,1,0.0
.o322995,1,0.0
.o322996,1,0.0
.o322997,1,0.0
.o322998,1,0.0
.o322999,1,0.0
.o323000,1,0.0
.o323001,1,0.0
.o323002,1,0.0
.o323003,1,0.0
.o323004,1,0.0
.o323005,1,0.0
.o323006,1,0.0
.o323007,1,0.0
.o323008,1,0.0
.o323009,1,0.0
.o323010,1,0.0
.o323011,1,0.0
.o323012,1,0.0
.o323013,1,0.0
.e323034,1,0.0
.e323035,1,0.0
.e323036,1,0.0
.e323037,1,0.0
.e323038,1,0.0
.e323039,1,0.0
.e323040,1,0.0
.e323041,1,0.0
.e323042,1,0.0
.e323043,1,0.0
.e323044,1,0.0
.e323045,1,0.0
.e323046,1,0.0
.e323047,1,0.0
.e323048,1,0.0
.e323049,1,0.0
.e323050,1,0.0
.e323051,1,0.0
.e323052,1,0.0
.e323053,1,0.0
.o323034,1,0.0
.o323035,1,0.0
.o323036,1,0.0
.o323037,1,0.0
.o323038,1,0.0
.o323039,1,0.0
.o323040,1,0.0
.o323041,1,0.0
.o323042,1,0.0
.o323043,1,0.0
.o323044,1,0.0
.o323045,1,0.0
.o323046,1,0.0
.o323047,1,0.0
.o323048,1,0.0
.o323049,1,0.0
.o323050,1,0.0
.o323051,1,0.0
.o323052,1,0.0
.o323053,1,0.0
.e323014,1,0.0
.e323015,1,0.0
.e323016,1,0.0
.e323017,1,0.0
.e323018,1,0.0
.e323019,1,0.0
.e323020,1,0.0
.e323021,1,0.0
.e323022,1,0.0
.e323023,1,0.0
.e323024,1,0.0
.e323025,1,0.0
.e323026,1,0.0
.e323027,1,0.0
.e323028,1,0.0
.e323029,1,0.0
.e323030,1,0.0
.e323031,1,0.0
.e323032,1,0.0
.e323033,1,0.0
.o323014,1,0.0
.o323015,1,0.0
.o323016,1,0.0
.o323017,1,0.0
.o323018,1,0.0
.o323019,1,0.0
.o323020,1,0.0
.o323021,1,0.0
.o323022,1,0.0
.o323023,1,0.0
.o323024,1,0.0
.o323025,1,0.0
.o323026,1,0.0
.o323027,1,0.0
.o323028,1,0.0
.o323029,1,0.0
.o323030,1,0.0
.o323031,1,0.0
.o323032,1,0.0
.o323033,1,0.0
.e323470,1,0.0
.e323471,1,0.0
.e323472,1,0.0
.e323473,1,0.0
.e323474,1,0.0
.e323475,1,0.0
.e323476,1,0.0
.e323477,1,0.0
.e323478,1,0.0
.e323479,1,0.0
.e326396,1,0.0
.e326397,1,0.0
.e326398,1,0.0
.e326399,1,0.0
.e326400,1,0.0
.e326401,1,0.0
.e326402,1,0.0
.e326403,1,0.0
.o323470,1,0.0
.o323471,1,0.0
.o323472,1,0.0
.o323473,1,0.0
.o323474,1,0.0
.o323475,1,0.0
.o323476,1,0.0
.o323477,1,0.0
.o323478,1,0.0
.o323479,1,0.0
.o326396,1,0.0
.o326397,1,0.0
.o326398,1,0.0
.o326399,1,0.0
.o326400,1,0.0
.o326401,1,0.0
.o326402,1,0.0
.o326403,1,0.0
.e323460,1,0.0
.e323461,1,0.0
.e323462,1,0.0
.e323463,1,0.0
.e323464,1,0.0
.e323465,1,0.0
.e323466,1,0.0
.e323467,1,0.0
.e323468,1,0.0
.e323469,1,0.0
.e326620,1,0.0
.e326621,1,0.0
.e326622,1,0.0
.e326623,1,0.0
.e326624,1,0.0
.e326625,1,0.0
.e326626,1,0.0
.e326627,1,0.0
.e326628,1,0.0
.e326629,1,0.0
.o323460,1,0.0
.o323461,1,0.0
.o323462,1,0.0
.o323463,1,0.0
.o323464,1,0.0
.o323465,1,0.0
.o323466,1,0.0
.o323467,1,0.0
.o323468,1,0.0
.o323469,1,0.0
.o326620,1,0.0
.o326621,1,0.0
.o326622,1,0.0
.o326623,1,0.0
.o326624,1,0.0
.o326625,1,0.0
.o326626,1,0.0
.o326627,1,0.0
.o326628,1,0.0
.o326629,1,0.0
.e323440,1,0.0
.e323441,1,0.0
.e323442,1,0.0
.e323443,1,0.0
.e323444,1,0.0
.e323445,1,0.0
.e323446,1,0.0
.e323447,1,0.0
.e323448,1,0.0
.e323449,1,0.0
.e323450,1,0.0
.e323451,1,0.0
.e323452,1,0.0
.e323453,1,0.0
.e323454,1,0.0
.e323455,1,0.0
.e323456,1,0.0
.e323457,1,0.0
.e323458,1,0.0
.e323459,1,0.0
.o323440,1,0.0
.o323441,1,0.0
.o323442,1,0.0
.o323443,1,0.0
.o323444,1,0.0
.o323445,1,0.0
.o323446,1,0.0
.o323447,1,0.0
.o323448,1,0.0
.o323449,1,0.0
.o323450,1,0.0
.o323451,1,0.0
.o323452,1,0.0
.o323453,1,0.0
.o323454,1,0.0
.o323455,1,0.0
.o323456,1,0.0
.o323457,1,0.0
.o323458,1,0.0
.o323459,1,0.0
.e322180,1,0.0
.e322181,1,0.0
.e322182,1,0.0
.e322183,1,0.0
.e322184,1,0.0
.e322185,1,0.0
.e322186,1,0.0
.e322187,1,0.0
.e322188,1,0.0
.e322189,1,0.0
.e322190,1,0.0
.e322191,1,0.0
.e322192,1,0.0
.e322193,1,0.0
.e322194,1,0.0
.e322195,1,0.0
.e322196,1,0.0
.e322197,1,0.0
.e322198,1,0.0
.e322199,1,0.0
.o322180,1,0.0
.o322181,1,0.0
.o322182,1,0.0
.o322183,1,0.0
.o322184,1,0.0
.o322185,1,0.0
.o322186,1,0.0
.o322187,1,0.0
.o322188,1,0.0
.o322189,1,0.0
.o322190,1,0.0
.o322191,1,0.0
.o322192,1,0.0
.o322193,1,0.0
.o322194,1,0.0
.o322195,1,0.0
.o322196,1,0.0
.o322197,1,0.0
.o322198,1,0.0
.o322199,1,0.0
.e322200,1,0.0
.e322201,1,0.0
.e322202,1,0.0
.e322203,1,0.0
.e322204,1,0.0
.e322205,1,0.0
.e322206,1,0.0
.e322207,1,0.0
.e322208,1,0.0
.e322209,1,0.0
.e322210,1,0.0
.e322211,1,0.0
.e322212,1,0.0
.e322213,1,0.0
.e322214,1,0.0
.e322215,1,0.0
.e322216,1,0.0
.e322217,1,0.0
.e322218,1,0.0
.e322219,1,0.0
.o322200,1,0.0
.o322201,1,0.0
.o322202,1,0.0
.o322203,1,0.0
.o322204,1,0.0
.o322205,1,0.0
.o322206,1,0.0
.o322207,1,0.0
.o322208,1,0.0
.o322209,1,0.0
.o322210,1,0.0
.o322211,1,0.0
.o322212,1,0.0
.o322213,1,0.0
.o322214,1,0.0
.o322215,1,0.0
.o322216,1,0.0
.o322217,1,0.0
.o322218,1,0.0
.o322219,1,0.0
.e322562,1,0.0
.e322563,1,0.0
.e322564,1,0.0
.e322565,1,0.0
.e322566,1,0.0
.e322567,1,0.0
.e322568,1,0.0
.e322569,1,0.0
.e322570,1,0.0
.e322571,1,0.0
.e322572,1,0.0
.e322573,1,0.0
.e322574,1,0.0
.e322575,1,0.0
.e322576,1,0.0
.e322577,1,0.0
.e322578,1,0.0
.e322579,1,0.0
.e322580,1,0.0
.e322581,1,0.0
.o322562,1,0.0
.o322563,1,0.0
.o322564,1,0.0
.o322565,1,0.0
.o322566,1,0.0
.o322567,1,0.0
.o322568,1,0.0
.o322569,1,0.0
.o322570,1,0.0
.o322571,1,0.0
.o322572,1,0.0
.o322573,1,0.0
.o322574,1,0.0
.o322575,1,0.0
.o322576,1,0.0
.o322577,1,0.0
.o322578,1,0.0
.o322579,1,0.0
.o322580,1,0.0
.o322581,1,0.0
.e321378,1,0.0
.e321379,1,0.0
.e321380,1,0.0
.e321381,1,0.0
.e321382,1,0.0
.e321383,1,0.0
.e321384,1,0.0
.e321385,1,0.0
.e321386,1,0.0
.e321387,1,0.0
.e321388,1,0.0
.e321389,1,0.0
.e321390,1,0.0
.e321391,1,0.0
.e321392,1,0.0
.e321393,1,0.0
.e321394,1,0.0
.e321395,1,0.0
.e321396,1,0.0
.e321397,1,0.0
.o321378,1,0.0
.o321379,1,0.0
.o321380,1,0.0
.o321381,1,0.0
.o321382,1,0.0
.o321383,1,0.0
.o321384,1,0.0
.o321385,1,0.0
.o321386,1,0.0
.o321387,1,0.0
.o321388,1,0.0
.o321389,1,0.0
.o321390,1,0.0
.o321391,1,0.0
.o321392,1,0.0
.o321393,1,0.0
.o321394,1,0.0
.o321395,1,0.0
.o321396,1,0.0
.o321397,1,0.0
.e321358,1,0.0
.e321359,1,0.0
.e321360,1,0.0
.e321361,1,0.0
.e321362,1,0.0
.e321363,1,0.0
.e321364,1,0.0
.e321365,1,0.0
.e321366,1,0.0
.e321367,1,0.0
.e321368,1,0.0
.e321369,1,0.0
.e321370,1,0.0
.e321371,1,0.0
.e321372,1,0.0
.e321373,1,0.0
.e321374,1,0.0
.e321375,1,0.0
.e321376,1,0.0
.e321377,1,0.0
.o321358,1,0.0
.o321359,1,0.0
.o321360,1,0.0
.o321361,1,0.0
.o321362,1,0.0
.o321363,1,0.0
.o321364,1,0.0
.o321365,1,0.0
.o321366,1,0.0
.o321367,1,0.0
.o321368,1,0.0
.o321369,1,0.0
.o321370,1,0.0
.o321371,1,0.0
.o321372,1,0.0
.o321373,1,0.0
.o321374,1,0.0
.o321375,1,0.0
.o321376,1,0.0
.o321377,1,0.0
.e321338,1,0.0
.e321339,1,0.0
.e321340,1,0.0
.e321341,1,0.0
.e321342,1,0.0
.e321343,1,0.0
.e321344,1,0.0
.e321345,1,0.0
.e321346,1,0.0
.e321347,1,0.0
.e321348,1,0.0
.e321349,1,0.0
.e321350,1,0.0
.e321351,1,0.0
.e321352,1,0.0
.e321353,1,0.0
.e321354,1,0.0
.e321355,1,0.0
.e321356,1,0.0
.e321357,1,0.0
.o321338,1,0.0
.o321339,1,0.0
.o321340,1,0.0
.o321341,1,0.0
.o321342,1,0.0
.o321343,1,0.0
.o321344,1,0.0
.o321345,1,0.0
.o321346,1,0.0
.o321347,1,0.0
.o321348,1,0.0
.o321349,1,0.0
.o321350,1,0.0
.o321351,1,0.0
.o321352,1,0.0
.o321353,1,0.0
.o321354,1,0.0
.o321355,1,0.0
.o321356,1,0.0
.o321357,1,0.0
.e322872,1,0.0
.e322873,1,0.0
.e322874,1,0.0
.e322875,1,0.0
.e322876,1,0.0
.e322877,1,0.0
.e322878,1,0.0
.e322879,1,0.0
.e322880,1,0.0
.e322881,1,0.0
.e322882,1,0.0
.e322883,1,0.0
.e322884,1,0.0
.e322885,1,0.0
.e322886,1,0.0
.e322887,1,0.0
.e322888,1,0.0
.e322889,1,0.0
.e322890,1,0.0
.e322891,1,0.0
.o322872,1,0.0
.o322873,1,0.0
.o322874,1,0.0
.o322875,1,0.0
.o322876,1,0.0
.o322877,1,0.0
.o322878,1,0.0
.o322879,1,0.0
.o322880,1,0.0
.o322881,1,0.0
.o322882,1,0.0
.o322883,1,0.0
.o322884,1,0.0
.o322885,1,0.0
.o322886,1,0.0
.o322887,1,0.0
.o322888,1,0.0
.o322889,1,0.0
.o322890,1,0.0
.o322891,1,0.0
.e322894,1,0.0
.e322895,1,0.0
.e322896,1,0.0
.e322897,1,0.0
.e322898,1,0.0
.e322899,1,0.0
.e322900,1,0.0
.e322901,1,0.0
.e322902,1,0.0
.e322903,1,0.0
.e322904,1,0.0
.e322905,1,0.0
.e322906,1,0.0
.e322907,1,0.0
.e322908,1,0.0
.e322909,1,0.0
.e322910,1,0.0
.e322911,1,0.0
.e322912,1,0.0
.e322913,1,0.0
.o322894,1,0.0
.o322895,1,0.0
.o322896,1,0.0
.o322897,1,0.0
.o322898,1,0.0
.o322899,1,0.0
.o322900,1,0.0
.o322901,1,0.0
.o322902,1,0.0
.o322903,1,0.0
.o322904,1,0.0
.o322905,1,0.0
.o322906,1,0.0
.o322907,1,0.0
.o322908,1,0.0
.o322909,1,0.0
.o322910,1,0.0
.o322911,1,0.0
.o322912,1,0.0
.o322913,1,0.0
.e322914,1,0.0
.e322915,1,0.0
.e322916,1,0.0
.e322917,1,0.0
.e322918,1,0.0
.e322919,1,0.0
.e322920,1,0.0
.e322921,1,0.0
.e322922,1,0.0
.e322923,1,0.0
.e322924,1,0.0
.e322925,1,0.0
.e322926,1,0.0
.e322927,1,0.0
.e322928,1,0.0
.e322929,1,0.0
.e322930,1,0.0
.e322931,1,0.0
.e322932,1,0.0
.e322933,1,0.0
.o322914,1,0.0
.o322915,1,0.0
.o322916,1,0.0
.o322917,1,0.0
.o322918,1,0.0
.o322919,1,0.0
.o322920,1,0.0
.o322921,1,0.0
.o322922,1,0.0
.o322923,1,0.0
.o322924,1,0.0
.o322925,1,0.0
.o322926,1,0.0
.o322927,1,0.0
.o322928,1,0.0
.o322929,1,0.0
.o322930,1,0.0
.o322931,1,0.0
.o322932,1,0.0
.o322933,1,0.0
.e323340,1,0.0
.e323341,1,0.0
.e323342,1,0.0
.e323343,1,0.0
.e323344,1,0.0
.e323345,1,0.0
.e323346,1,0.0
.e323347,1,0.0
.e323348,1,0.0
.e323349,1,0.0
.e323350,1,0.0
.e323351,1,0.0
.e323352,1,0.0
.e323353,1,0.0
.e323354,1,0.0
.e323355,1,0.0
.e323356,1,0.0
.e323357,1,0.0
.e323358,1,0.0
.e323359,1,0.0
.o323340,1,0.0
.o323341,1,0.0
.o323342,1,0.0
.o323343,1,0.0
.o323344,1,0.0
.o323345,1,0.0
.o323346,1,0.0
.o323347,1,0.0
.o323348,1,0.0
.o323349,1,0.0
.o323350,1,0.0
.o323351,1,0.0
.o323352,1,0.0
.o323353,1,0.0
.o323354,1,0.0
.o323355,1,0.0
.o323356,1,0.0
.o323357,1,0.0
.o323358,1,0.0
.o323359,1,0.0
.e323360,1,0.0
.e323361,1,0.0
.e323362,1,0.0
.e323363,1,0.0
.e323364,1,0.0
.e323365,1,0.0
.e323366,1,0.0
.e323367,1,0.0
.e323368,1,0.0
.e323369,1,0.0
.e323370,1,0.0
.e323371,1,0.0
.e323372,1,0.0
.e323373,1,0.0
.e323374,1,0.0
.e323375,1,0.0
.e323376,1,0.0
.e323377,1,0.0
.e323378,1,0.0
.e323379,1,0.0
.o323360,1,0.0
.o323361,1,0.0
.o323362,1,0.0
.o323363,1,0.0
.o323364,1,0.0
.o323365,1,0.0
.o323366,1,0.0
.o323367,1,0.0
.o323368,1,0.0
.o323369,1,0.0
.o323370,1,0.0
.o323371,1,0.0
.o323372,1,0.0
.o323373,1,0.0
.o323374,1,0.0
.o323375,1,0.0
.o323376,1,0.0
.o323377,1,0.0
.o323378,1,0.0
.o323379,1,0.0
.e323380,1,0.0
.e323381,1,0.0
.e323382,1,0.0
.e323383,1,0.0
.e323384,1,0.0
.e323385,1,0.0
.e323386,1,0.0
.e323387,1,0.0
.e323388,1,0.0
.e323389,1,0.0
.e323390,1,0.0
.e323391,1,0.0
.e323392,1,0.0
.e323393,1,0.0
.e323394,1,0.0
.e323395,1,0.0
.e323396,1,0.0
.e323397,1,0.0
.e323398,1,0.0
.e323399,1,0.0
.o323380,1,0.0
.o323381,1,0.0
.o323382,1,0.0
.o323383,1,0.0
.o323384,1,0.0
.o323385,1,0.0
.o323386,1,0.0
.o323387,1,0.0
.o323388,1,0.0
.o323389,1,0.0
.o323390,1,0.0
.o323391,1,0.0
.o323392,1,0.0
.o323393,1,0.0
.o323394,1,0.0
.o323395,1,0.0
.o323396,1,0.0
.o323397,1,0.0
.o323398,1,0.0
.o323399,1,0.0
.e321642,1,0.0
.e321643,1,0.0
.e321644,1,0.0
.e321645,1,0.0
.e321646,1,0.0
.e321647,1,0.0
.e321648,1,0.0
.e321649,1,0.0
.e321650,1,0.0
.e321651,1,0.0
.e321652,1,0.0
.e321653,1,0.0
.e321654,1,0.0
.e321655,1,0.0
.e321656,1,0.0
.e321657,1,0.0
.e321658,1,0.0
.e321659,1,0.0
.e321660,1,0.0
.e321661,1,0.0
.o321642,1,0.0
.o321643,1,0.0
.o321644,1,0.0
.o321645,1,0.0
.o321646,1,0.0
.o321647,1,0.0
.o321648,1,0.0
.o321649,1,0.0
.o321650,1,0.0
.o321651,1,0.0
.o321652,1,0.0
.o321653,1,0.0
.o321654,1,0.0
.o321655,1,0.0
.o321656,1,0.0
.o321657,1,0.0
.o321658,1,0.0
.o321659,1,0.0
.o321660,1,0.0
.o321661,1,0.0
.e321662,1,0.0
.e321663,1,0.0
.e321664,1,0.0
.e321665,1,0.0
.e321666,1,0.0
.e321667,1,0.0
.e321668,1,0.0
.e321669,1,0.0
.e321670,1,0.0
.e321671,1,0.0
.e321672,1,0.0
.e321673,1,0.0
.e321674,1,0.0
.e321675,1,0.0
.e321676,1,0.0
.e321677,1,0.0
.e321678,1,0.0
.e321679,1,0.0
.e321680,1,0.0
.e321681,1,0.0
.o321662,1,0.0
.o321663,1,0.0
.o321664,1,0.0
.o321665,1,0.0
.o321666,1,0.0
.o321667,1,0.0
.o321668,1,0.0
.o321669,1,0.0
.o321670,1,0.0
.o321671,1,0.0
.o321672,1,0.0
.o321673,1,0.0
.o321674,1,0.0
.o321675,1,0.0
.o321676,1,0.0
.o321677,1,0.0
.o321678,1,0.0
.o321679,1,0.0
.o321680,1,0.0
.o321681,1,0.0
.e321682,1,0.0
.e321683,1,0.0
.e321684,1,0.0
.e321685,1,0.0
.e321686,1,0.0
.e321687,1,0.0
.e321688,1,0.0
.e321689,1,0.0
.e321690,1,0.0
.e321691,1,0.0
.e321692,1,0.0
.e321693,1,0.0
.e321694,1,0.0
.e321695,1,0.0
.e321696,1,0.0
.e321697,1,0.0
.e321698,1,0.0
.e321699,1,0.0
.e321700,1,0.0
.e321701,1,0.0
.o321682,1,0.0
.o321683,1,0.0
.o321684,1,0.0
.o321685,1,0.0
.o321686,1,0.0
.o321687,1,0.0
.o321688,1,0.0
.o321689,1,0.0
.o321690,1,0.0
.o321691,1,0.0
.o321692,1,0.0
.o321693,1,0.0
.o321694,1,0.0
.o321695,1,0.0
.o321696,1,0.0
.o321697,1,0.0
.o321698,1,0.0
.o321699,1,0.0
.o321700,1,0.0
.o321701,1,0.0
.ggid,1,0.0
.rdpid,1,0.0
.cons,1,0.0
.flanks,1,0.0
.v1,1,0.0
.v4,1,0.0
.v5,1,0.0
.v6,1,0.0
.v7,1,0.0
.v8,1,0.0
.v9,1,0.0
.smv,1,0.0
.gwy,1,0.0
.jpk,1,0.0
.jpk-qi-image,1,0.0
.spm1,1,0.0
.ibw,1,0.0
.petsc,1,0.0
.petsc_solver,1,0.0
.mgsat_rocker_ver,1,0.0
.decodat,1,0.0
.genes,1,0.0
.transcripts,1,0.0
.amazon,1,0.0
.cloud,1,0.0
.dirstruct,1,0.0
.lgpl,1,0.0
.csdp,1,0.0
.xds,1,0.0
.ape,1,0.0
.hghsc,1,0.0
.flexo_ddb,1,0.0
.quad_ddb,1,0.0
.forceconstant,1,0.0
.ssposcar,1,0.0
.ucposcar,1,0.0
.pdb1,1,0.0
.fuzzy,1,0.0
.matout,1,0.0
.hyer,1,0.0
.dragonegg,1,0.0
.confidence,1,0.0
.hist1d,1,0.0
.sed_samples,1,0.0
.synthesis,1,0.0
.tada,1,0.0
.out1,1,0.0
.out2,1,0.0
.dif,1,0.0
.o3dtgz,1,0.0
.o3d,1,0.0
.csdl,1,0.0
.msl,1,0.0
.ssdl,1,0.0
.discomap,1,0.0
.pelec,1,0.0
.gdiag,1,0.0
.pup,1,0.0
.clp,1,0.0
.contrib,1,0.0
.dj2,1,0.0
.riscos,1,0.0
.os2,1,0.0
.qpg,1,0.0
.c00,1,0.0
.a01,1,0.0
.a02,1,0.0
.a03,1,0.0
.a04,1,0.0
.a05,1,0.0
.r00,1,0.0
.r01,1,0.0
.r02,1,0.0
.r03,1,0.0
.r04,1,0.0
.r05,1,0.0
.zst,1,0.0
.zx01,1,0.0
.pog,1,0.0
.psi,1,0.0
.lc,1,0.0
.db_worker,1,0.0
.requirements,1,0.0
.ns_are_zero,1,0.0
.allreadscounts,1,0.0
.find_potentialssr,1,0.0
.final_primer_ssrs,1,0.0
.designer_primer,1,0.0
.primer_filter,1,0.0
.blast_parse,1,0.0
.primer_pair_generater,1,0.0
.intermediate_primer_finder,1,0.0
.ssr_product,1,0.0
.ssr_filter,1,0.0
.input for part3,1,0.0
.isfdp,1,0.0
.csc,1,0.0
.rec,1,0.0
.kh,1,0.0
.kl,1,0.0
.msp,1,0.0
.nocuda,1,0.0
.cc3d,1,0.0
.buildconda,1,0.0
.devcontainer,1,0.0
.parse,1,0.0
.tbt,1,0.0
.tpm,1,0.0
.magic,1,0.0
.ftb,1,0.0
.qrel,1,0.0
.ini-dist-multistore,1,0.0
.ini-dist-mysql,1,0.0
.ini-dist-stardog,1,0.0
.ini-dist-virtuoso,1,0.0
.pxml,1,0.0
.dhc,1,0.0
.odd,1,0.0
.gct,1,0.0
.desp,1,0.0
.source-map,1,0.0
.ocg,1,0.0
.pcg,1,0.0
.rtex,1,0.0
.tr,1,0.0
.pof,1,0.0
.qpf,1,0.0
.qsf,1,0.0
.qws,1,0.0
.llb,1,0.0
.gtype,1,0.0
.gvi,1,0.0
.lvcodedb,1,0.0
.lvproject,1,0.0
.lvprojectcache,1,0.0
.constraints,1,0.0
.jkl,1,0.0
.xml#,1,0.0
.nopdos,1,0.0
.nohash,1,0.0
.vasp2w90,1,0.0
.converged,1,0.0
.nelm-breach-consistent,1,0.0
.nelm-breach-partial,1,0.0
.not-converged,1,0.0
.unfinished,1,0.0
.aiida,1,0.0
.hh#,1,0.0
.unw,1,0.0
.pwhg,1,0.0
.autoconf,1,0.0
.cygwin,1,0.0
.bigslow,1,0.0
.shih,1,0.0
.smallbutbad,1,0.0
.dpy,1,0.0
.resource,1,0.0
.nodbobjects,1,0.0
.noschema,1,0.0
.dir_manifest,1,0.0
.harvest_params_incomplete,1,0.0
.recursive_harvest_params,1,0.0
.unknown_file_extension,1,0.0
.xml_template,1,0.0
.kernel_versions,1,0.0
.tab2,1,0.0
.xl_stis,1,0.0
.bpe,1,0.0
.xml2,1,0.0
.release_notes,1,0.0
.release_procedure,1,0.0
.sel,1,0.0
.api_key,1,0.0
.molfit,1,0.0
.py2,1,0.0
.nonblocking_tests,1,0.0
.openmp,1,0.0
.info-1,1,0.0
.info-2,1,0.0
.info-3,1,0.0
.info-4,1,0.0
.info-5,1,0.0
.ligshift,1,0.0
.mcrecursion,1,0.0
.mol2_rmsd,1,0.0
.e23022,1,0.0
.charge,1,0.0
.e23030,1,0.0
.e23034,1,0.0
.phpstub,1,0.0
.gwa,1,0.0
.to,1,0.0
.gwg,1,0.0
.cdr,1,0.0
.frontend,1,0.0
.notebook,1,0.0
.usb,1,0.0
.initiatoriqn,1,0.0
.ifn,1,0.0
.pat,1,0.0
.chw,1,0.0
.upx,1,0.0
.epub,1,0.0
.dmr,1,0.0
.mldatx,1,0.0
.force,1,0.0
.dhcpc,1,0.0
.hello-world,1,0.0
.resolv,1,0.0
.smtp,1,0.0
.telnetd,1,0.0
.webclient,1,0.0
.webserver,1,0.0
.ntpl,1,0.0
.moloch,1,0.0
.ja4,1,0.0
.bro,1,0.0
.aarch64_debug,1,0.0
.armv7,1,0.0
.armv7_debug,1,0.0
.x86_64_debug,1,0.0
.vsspell,1,0.0
.rda?raw=true,1,0.0
.n,1,0.0
.n_f,1,0.0
.n_m,1,0.0
.n_n,1,0.0
.part,1,0.0
.edu,1,0.0
.github,1,0.0
.anno_input,1,0.0
.tkt,1,0.0
.a0,1,0.0
.a0poster,1,0.0
.rrna,1,0.0
.zraw,1,0.0
.bsub,1,0.0
.maestro,1,0.0
.40960,1,0.0
.25600,1,0.0
.uniform,1,0.0
.2048,1,0.0
.hotcutoff,1,0.0
.2levels_onegrid,1,0.0
.1920,1,0.0
.3840,1,0.0
.7680,1,0.0
.dx_6cm,1,0.0
.coulomb,1,0.0
.e-4,1,0.0
.e5,1,0.0
.e6,1,0.0
.gammalaw,1,0.0
.helmeos,1,0.0
.tutorial,1,0.0
.3alpha_plus_o,1,0.0
.aprox13,1,0.0
.ignition,1,0.0
.mesa_carbon,1,0.0
.reaclib_cburn,1,0.0
.reaclib_ctest,1,0.0
.reaclib_ctest_null,1,0.0
.reaclib_urca,1,0.0
.reaclib_urca_trans,1,0.0
.xrb_simple,1,0.0
.timestamp,1,0.0
.ad,1,0.0
.ag,1,0.0
.ah,1,0.0
.postgresql,1,0.0
.bt,1,0.0
.pk3,1,0.0
.catalyst,1,0.0
.ios11_xcode94,1,0.0
.ios12_xcode10,1,0.0
.ios13_xcode11,1,0.0
.tvos13_xcode11,1,0.0
.commits,1,0.0
.small_molecule_filter,1,0.0
.ubiquitous_filter,1,0.0
.xml___jb_tmp___,1,0.0
.xmind,1,0.0
.coal,1,0.0
.haps,1,0.0
.traj,1,0.0
.awf,1,0.0
.icon,1,0.0
.alida,1,0.0
.tle,1,0.0
.rk-opt,1,0.0
.jucer,1,0.0
.kdev4,1,0.0
.seek,1,0.0
.seeks,1,0.0
.flashsim,1,0.0
.queue,1,0.0
.hsc,1,0.0
.pst,1,0.0
.tsv#,1,0.0
.dst,1,0.0
.ppg,1,0.0
.pnproj,1,0.0
.pnps,1,0.0
.my,1,0.0
.atsln,1,0.0
.vcm,1,0.0
.mlb,1,0.0
.valgrind,1,0.0
.cols,1,0.0
.lb,1,0.0
.ub,1,0.0
.fastsa,1,0.0
.multiseq,1,0.0
.nunit,1,0.0
.dar,1,0.0
.vsct,1,0.0
.smirks,1,0.0
.gplv2,1,0.0
.3dmbak,1,0.0
.li,1,0.0
.inria,1,0.0
.mlr,1,0.0
.pfsx,1,0.0
.364747031,1,0.0
.787741842,1,0.0
.182990609,1,0.0
.moccpp,1,0.0
.work,1,0.0
.macintosh,1,0.0
.cfg-sample,1,0.0
.spimtx,1,0.0
.icm,1,0.0
.vf,1,0.0
.m3d,1,0.0
.cppclean,1,0.0
.extension,1,0.0
.bgfreq,1,0.0
.jl~,1,0.0
.gdb,1,0.0
.tadbit,1,0.0
.qs,1,0.0
.hidden,1,0.0
.bad,1,0.0
.ok,1,0.0
.altazb,1,0.0
.fen,1,0.0
.lsm,1,0.0
.affix,1,0.0
.constituent-knowledge,1,0.0
.dialect,1,0.0
.knowledge,1,0.0
.goddesses,1,0.0
.gods,1,0.0
.people,1,0.0
.prof,1,0.0
.gerund,1,0.0
.cbf,1,0.0
.tsv ,1,0.0
.large,1,0.0
.medium,1,0.0
.sli,1,0.0
.rnw#,1,0.0
.sublime-settings,1,0.0
.licenseheader,1,0.0
.profiling,1,0.0
.sents,1,0.0
.14c,1,0.0
.relm,1,0.0
.sch-bak,1,0.0
.kicad_wks,1,0.0
.all-data,1,0.0
.cb2,1,0.0
.ano,1,0.0
.ano~,1,0.0
.egg-info,1,0.0
.inofunctiontest,1,0.0
.cdx,1,0.0
.trec_eval,1,0.0
.12-config,1,0.0
.tact,1,0.0
.tolk,1,0.0
.qcow2,1,0.0
.exe_here_,1,0.0
.mlpkginstall,1,0.0
.guesser,1,0.0
.twoc,1,0.0
.phmc,1,0.0
.plugin,1,0.0
.rs3,1,0.0
.lock_old,1,0.0
.buildnetwork,1,0.0
.elevator,1,0.0
.exf,1,0.0
.ordering,1,0.0
.clq,1,0.0
.min,1,0.0
.js#,1,0.0
.mln,1,0.0
.ewkt,1,0.0
.wkb,1,0.0
.css_,1,0.0
.20150916010329,1,0.0
.20150916010433,1,0.0
.d6,1,0.0
.emu,1,0.0
.hole2grid,1,0.0
.picks,1,0.0
.modifierrules,1,0.0
.ab1,1,0.0
.build_instructions,1,0.0
.vrmanifest,1,0.0
.gm1,1,0.0
