extension,file_count,pct_of_all_files
.json,713679,9.4988
.png,507690,6.7572
(none),345216,4.5947
.py,299819,3.9905
.csv,272872,3.6318
.txt,272183,3.6227
.jpg,240069,3.1952
.java,224177,2.9837
.xml,172893,2.3012
.js,158110,2.1044
.h,152017,2.0233
.m,138546,1.844
.gz,132462,1.763
.html,129843,1.7282
.out,125335,1.6682
.hpp,124688,1.6596
.md,105149,1.3995
.sol,92387,1.2296
.pdb,91990,1.2244
.c,83378,1.1097
.cidx,82879,1.1031
.cpp,81191,1.0806
.dat,79394,1.0567
.gxl,73213,0.9744
.cs,66580,0.8862
.db,64023,0.8521
.ts,63568,0.8461
.class,62976,0.8382
.pdf,56664,0.7542
.mat,55243,0.7353
.r,54379,0.7238
.go,52863,0.7036
.npy,50776,0.6758
.e_output,48174,0.6412
.sh,43191,0.5749
.svg,38892,0.5176
.rb,37265,0.496
.php,36113,0.4807
.rd,35576,0.4735
.meta,34346,0.4571
.yml,33463,0.4454
.ttl,32158,0.428
.ini,31765,0.4228
.tif,30768,0.4095
.es,30657,0.408
.fasta,29970,0.3989
.mp4,29646,0.3946
.cc,29587,0.3938
.yaml,29551,0.3933
.en,29225,0.389
.gif,26974,0.359
.kt,26295,0.35
.rst,24545,0.3267
.pkl,24426,0.3251
.css,23275,0.3098
.cif,22343,0.2974
.wav,21706,0.2889
.kp,20804,0.2769
.lisp,20423,0.2718
.log,19949,0.2655
.bin,19345,0.2575
.rdata,18971,0.2525
.scala,17806,0.237
.tsv,17397,0.2315
.gml,16709,0.2224
.lua,16606,0.221
.f90,16339,0.2175
.pl,15647,0.2083
.zip,15561,0.2071
.ipynb,15464,0.2058
.proof,13865,0.1845
.fits,13825,0.184
.csvy,13775,0.1833
.lsp,13262,0.1765
.pddl,13233,0.1761
.properties,13084,0.1741
.jar,12538,0.1669
.sbgn,11824,0.1574
.pyc,11816,0.1573
.in,11391,0.1516
.cb,10647,0.1417
.hh,10310,0.1372
.ll,10058,0.1339
.sql,9460,0.1259
.data,9264,0.1233
.map,9177,0.1221
.h5,8941,0.119
.tex,8815,0.1173
.tsx,8769,0.1167
.hea,8626,0.1148
.mp3,8579,0.1142
.ref,8400,0.1118
.svn-base,8280,0.1102
.fa,8022,0.1068
.v,7976,0.1062
.text,7897,0.1051
.f,7874,0.1048
.inc,7706,0.1026
.xlsx,7675,0.1022
.star,7617,0.1014
.conll,7564,0.1007
.flv,7459,0.0993
.mables,7270,0.0968
.ante_scores,7270,0.0968
.chains,7270,0.0968
.toml,7256,0.0966
.xyz,7228,0.0962
.ovf,7133,0.0949
.agda,7089,0.0944
.thr,6990,0.093
.cxx,6896,0.0918
.rmd,6774,0.0902
.transcription,6694,0.0891
.config,6651,0.0885
.rq,6419,0.0854
.cmake,6190,0.0824
.pickle,6072,0.0808
.dae,6061,0.0807
.dll,6001,0.0799
.scss,5962,0.0794
.po,5748,0.0765
.jl,5674,0.0755
.t,5652,0.0752
.tiff,5614,0.0747
.swift,5523,0.0735
.erb,5227,0.0696
.stl,5210,0.0693
.smt2,5135,0.0683
.rs,5068,0.0675
.info,5012,0.0667
.exe,4988,0.0664
.groovy,4962,0.066
.prefab,4944,0.0658
.dot,4842,0.0644
.exr,4777,0.0636
.ttf,4643,0.0618
.ml,4559,0.0607
.mseed,4537,0.0604
.cfg,4472,0.0595
.adb,4468,0.0595
.st,4439,0.0591
.patch,4124,0.0549
.ads,4116,0.0548
.conf,4109,0.0547
.stru,4012,0.0534
.scl,3959,0.0527
.o,3957,0.0527
.hs,3938,0.0524
.tfa,3907,0.052
.inp,3894,0.0518
.s,3887,0.0517
.tre,3859,0.0514
.tab,3746,0.0499
.cu,3722,0.0495
.rda,3717,0.0495
.phy,3546,0.0472
.bed,3515,0.0468
.pp,3489,0.0464
.less,3483,0.0464
.p,3431,0.0457
.par,3376,0.0449
.bib,3291,0.0438
.vhd,3246,0.0432
.asl,3193,0.0425
.mli,3181,0.0423
.pm,3154,0.042
.feats,3149,0.0419
.test,3115,0.0415
.mk,3085,0.0411
.resx,3084,0.041
.xls,3083,0.041
.arff,3072,0.0409
.eps,3050,0.0406
.bat,3016,0.0401
.0,2986,0.0397
.woff2,2963,0.0394
.jpeg,2931,0.039
.texi,2871,0.0382
.sto,2856,0.038
.pyx,2848,0.0379
.err,2820,0.0375
.qasm,2762,0.0368
.woff,2760,0.0367
.expect,2741,0.0365
.rds,2706,0.036
.m4,2696,0.0359
.tree,2694,0.0359
.am,2638,0.0351
.q,2631,0.035
.dcm,2545,0.0339
.aln,2527,0.0336
.1,2518,0.0335
.owl,2494,0.0332
.hex,2483,0.033
.tcl,2448,0.0326
.htm,2427,0.0323
.srx,2416,0.0322
.xsd,2342,0.0312
.obj,2289,0.0305
.pt,2275,0.0303
.npz,2272,0.0302
.nc,2261,0.0301
.hmm,2224,0.0296
.dfy,2204,0.0293
.csproj,2201,0.0293
.proto,2198,0.0293
.mdx,2188,0.0291
.doctree,2127,0.0283
.gradle,2100,0.028
.spin,2094,0.0279
.graphml,2071,0.0276
.bnet,2069,0.0275
.csd,2066,0.0275
.md5,2057,0.0274
.ico,2051,0.0273
.smi,2036,0.0271
.erl,2032,0.027
.mod,2027,0.027
.markdown,2014,0.0268
.asm,1996,0.0266
.vue,1976,0.0263
.pro,1934,0.0257
.bmp,1924,0.0256
.prefs,1913,0.0255
.abi,1912,0.0254
.krn,1911,0.0254
.box,1892,0.0252
.mf,1867,0.0248
.libdaiout_1000,1866,0.0248
.trbp,1866,0.0248
.so,1852,0.0246
.gd,1840,0.0245
.dump,1838,0.0245
.jsonld,1833,0.0244
.vtp,1833,0.0244
.prototxt,1833,0.0244
.d,1823,0.0243
.abo,1816,0.0242
.ps,1813,0.0241
.asset,1805,0.024
.acl2,1791,0.0238
.param,1787,0.0238
.fastq,1761,0.0234
.as,1759,0.0234
.eot,1756,0.0234
.ipp,1751,0.0233
.fig,1729,0.023
.pem,1727,0.023
.jsx,1719,0.0229
.asc,1713,0.0228
.clj,1711,0.0228
.plist,1664,0.0221
.fbx,1661,0.0221
.lock,1657,0.0221
.cdat,1656,0.022
.cocci,1647,0.0219
.tagged,1599,0.0213
.docx,1580,0.021
.dgf,1579,0.021
.xaml,1575,0.021
.nrrd,1568,0.0209
.mexw64,1554,0.0207
.mcmc,1504,0.02
.qpair,1479,0.0197
.n3,1477,0.0197
.kmz,1477,0.0197
.dnd,1477,0.0197
.cap,1464,0.0195
.exp,1443,0.0192
.mol,1442,0.0192
.bc,1440,0.0192
.mo,1436,0.0191
.libsvm,1427,0.019
.launch,1418,0.0189
.mof,1416,0.0188
.jams,1412,0.0188
.lnw,1393,0.0185
.thy,1391,0.0185
.ui,1362,0.0181
.i,1351,0.018
.mexa64,1350,0.018
.dds,1349,0.018
.cell,1345,0.0179
.vcf,1341,0.0178
.vcxproj,1333,0.0177
.sv,1332,0.0177
.mjs,1314,0.0175
.ino,1309,0.0174
.res,1298,0.0173
.sam,1288,0.0171
.dox,1259,0.0168
.xhtml,1254,0.0167
.ogg,1253,0.0167
.raw,1249,0.0166
.xsl,1244,0.0166
.sp,1232,0.0164
.xmi,1227,0.0163
.rates,1225,0.0163
.annotated,1217,0.0162
.bb,1210,0.0161
.pcap,1204,0.016
.ecore,1203,0.016
.rdf,1201,0.016
.msg,1195,0.0159
.spec,1183,0.0157
.grf,1173,0.0156
.abc,1169,0.0156
.sln,1143,0.0152
.rdb,1098,0.0146
.fst,1084,0.0144
.occ,1083,0.0144
.motif,1076,0.0143
.3,1073,0.0143
.lib,1073,0.0143
.rdx,1060,0.0141
.dart,1056,0.0141
.xz,1054,0.014
.bcl,1054,0.014
.bpl,1045,0.0139
.cfcase,1044,0.0139
.mxl,1042,0.0139
.apk,1035,0.0138
.sbatch,1033,0.0137
.ld,1033,0.0137
.uasset,1031,0.0137
.make,1023,0.0136
.rproj,1019,0.0136
.pbm,1018,0.0135
.syms,1012,0.0135
.def,1003,0.0133
.dsp,1001,0.0133
.feature,999,0.0133
.inl,996,0.0133
.fg,992,0.0132
.jsp,987,0.0131
.ada,978,0.013
.ned,977,0.013
.root,963,0.0128
.rttm,955,0.0127
.pyo,949,0.0126
.mexmaci64,945,0.0126
.sdf,945,0.0126
.ltree,945,0.0126
.template,941,0.0125
.gpr,940,0.0125
.uai,940,0.0125
.evid,935,0.0124
.g,926,0.0123
.tpl,924,0.0123
.stream,924,0.0123
.trees,923,0.0123
.hxx,917,0.0122
.omex,907,0.0121
.hdf5,901,0.012
.module,900,0.012
.annot,898,0.012
.hrc,897,0.0119
.cwl,895,0.0119
.geojson,887,0.0118
.phtml,867,0.0115
.cache-3,864,0.0115
.unity,862,0.0115
.rsc,860,0.0114
.dbf,851,0.0113
.shp,850,0.0113
.bam,847,0.0113
.doc,842,0.0112
.ann,841,0.0112
.ces,839,0.0112
.shx,831,0.0111
.bsv,820,0.0109
.a,818,0.0109
.install,814,0.0108
.pdl,813,0.0108
.nex,808,0.0108
.stats,808,0.0108
.textgrid,801,0.0107
.nwk,798,0.0106
.bz2,792,0.0105
.xvg,789,0.0105
.fna,779,0.0104
.2,778,0.0104
.prj,777,0.0103
.deft,769,0.0102
.nii,763,0.0102
.pre,761,0.0101
.traj,760,0.0101
.cuh,759,0.0101
.index,759,0.0101
.maxhelp,748,0.01
.pla,747,0.0099
.pfm,736,0.0098
.pxd,734,0.0098
.sgml,734,0.0098
.model,733,0.0098
.ms,729,0.0097
.sli,727,0.0097
.beats,722,0.0096
.mexw32,718,0.0096
.vgtest,717,0.0095
.bedgraph,715,0.0095
.glue,714,0.0095
.list,711,0.0095
.plo,702,0.0093
.abs,701,0.0093
.mtl,697,0.0093
.snt,696,0.0093
.shader,693,0.0092
.sty,690,0.0092
.example,673,0.009
.bash,667,0.0089
.crt,661,0.0088
.pyi,660,0.0088
.icf,659,0.0088
.pmf,657,0.0087
.psd,653,0.0087
.obda,652,0.0087
.gv,642,0.0085
.diff,640,0.0085
.cbcl,639,0.0085
.coffee,637,0.0085
.mexglx,637,0.0085
.uvprojx,635,0.0085
.uvoptx,634,0.0084
.emproject,631,0.0084
.emsession,630,0.0084
.org,628,0.0084
.yuml,623,0.0083
.ewp,621,0.0083
.ewd,616,0.0082
.cache,615,0.0082
.yang,615,0.0082
.ctl,614,0.0082
.spc,611,0.0081
.stripped,608,0.0081
.sbvr,607,0.0081
.fmo,606,0.0081
.rxn,606,0.0081
.pgm,604,0.008
.utf8,603,0.008
.key,602,0.008
.tar,600,0.008
.msh,597,0.0079
.top,594,0.0079
.bel,593,0.0079
.cmd,592,0.0079
.pth,590,0.0079
.mdl,587,0.0078
.iml,586,0.0078
.citl,580,0.0077
.webp,579,0.0077
.zf,577,0.0077
.desc,573,0.0076
.prolog,572,0.0076
.cri,570,0.0076
.output,569,0.0076
.cshtml,569,0.0076
.stan,568,0.0076
.tlog,567,0.0075
.pssm,565,0.0075
.pod,565,0.0075
.otf,563,0.0075
.reg,553,0.0074
.rtf,551,0.0073
.mps,549,0.0073
.gsp,549,0.0073
.ctp,549,0.0073
.dimacs,545,0.0073
.btor2,540,0.0072
.dtstyle,535,0.0071
.mags,526,0.007
.tbi,525,0.007
.vb,525,0.007
.cylc,524,0.007
.ru,523,0.007
.label,522,0.0069
.data-00000-of-00001,521,0.0069
.xcconfig,520,0.0069
.adoc,516,0.0069
.k1,516,0.0069
.form,514,0.0068
.summary,514,0.0068
.do,514,0.0068
.nodes,513,0.0068
.sparql,510,0.0068
.ase,510,0.0068
.ltxml,510,0.0068
.sldprt,507,0.0067
.pptx,506,0.0067
.dead,506,0.0067
.dk,505,0.0067
.augment,505,0.0067
.mandatory,505,0.0067
.richseed,505,0.0067
.edgelist,504,0.0067
.bcmap,504,0.0067
.ps1,502,0.0067
.file,501,0.0067
.rcp,501,0.0067
.bak,496,0.0066
.nb,494,0.0066
.ac,492,0.0065
.covmat,492,0.0065
.xcscheme,491,0.0065
.pug,491,0.0065
.cnf,489,0.0065
.bedpe,487,0.0065
.filters,485,0.0065
.fs,484,0.0064
.vcproj,483,0.0064
.atm,482,0.0064
.yar,479,0.0064
.fsf,478,0.0064
.ecsv,476,0.0063
.timeseries,475,0.0063
.gff,473,0.0063
.tga,473,0.0063
.vbt,471,0.0063
.pimc,471,0.0063
.timing,466,0.0062
.slurm,465,0.0062
.faa,462,0.0061
.narrowpeak,462,0.0061
.bpmn,462,0.0061
.tips,462,0.0061
.tgz,459,0.0061
.strings,458,0.0061
.pop,458,0.0061
.tmpl,456,0.0061
.pbxproj,452,0.006
.params,452,0.006
.mid,452,0.006
.5,450,0.006
.gdm,450,0.006
.fst2,449,0.006
.blif,447,0.0059
.rnk,446,0.0059
.lus,446,0.0059
.bats,445,0.0059
.vm,441,0.0059
.syn,441,0.0059
.name,439,0.0058
.step,435,0.0058
.aux,432,0.0057
.warm,432,0.0057
.nq,430,0.0057
.vi,428,0.0057
.uml,426,0.0057
.maxpat,425,0.0057
.dist,416,0.0055
.new,416,0.0055
.awk,413,0.0055
.mexmaci,413,0.0055
.settings,412,0.0055
.jdx,410,0.0055
.bai,409,0.0054
.dia,409,0.0054
.snap,409,0.0054
.ph4,408,0.0054
.prt,406,0.0054
.nf,405,0.0054
.pure,403,0.0054
.old,400,0.0053
.4,399,0.0053
.exsd,399,0.0053
.cls,398,0.0053
.excludes,397,0.0053
.xdc,396,0.0053
.shtml,394,0.0052
.ra,393,0.0052
.hdr,392,0.0052
.stdout,391,0.0052
.jsonl,391,0.0052
.interp,391,0.0052
.paths,390,0.0052
.aligned,389,0.0052
.x3d,388,0.0052
.hlp,387,0.0052
.ipf,384,0.0051
.rake,381,0.0051
.asd,378,0.005
.rl,375,0.005
.slx,373,0.005
.psiles,373,0.005
.stderr,372,0.005
.tmd,372,0.005
.xtend,371,0.0049
.elf64,371,0.0049
.vh,367,0.0049
.bvh,362,0.0048
.props,360,0.0048
.expected,360,0.0048
.sass,360,0.0048
.lo,359,0.0048
.rnw,357,0.0048
.fxml,354,0.0047
.sbt,354,0.0047
.haml,354,0.0047
.gtf,353,0.0047
.km3,351,0.0047
.package,351,0.0047
.dylib,350,0.0047
.gro,350,0.0047
.max,350,0.0047
.scn,349,0.0046
.input,346,0.0046
.min,344,0.0046
.oplib,344,0.0046
.opt,343,0.0046
.nt,341,0.0045
.mediawiki,339,0.0045
.wrl,339,0.0045
.real,339,0.0045
.frag,338,0.0045
.sum,337,0.0045
.cljs,337,0.0045
.ics,335,0.0045
.why,335,0.0045
.genmodel,332,0.0044
.sym,331,0.0044
.kts,329,0.0044
.swc,329,0.0044
.tokens,328,0.0044
.ll_net,328,0.0044
.cf,327,0.0044
.nib,326,0.0043
.bst,325,0.0043
.ai,325,0.0043
.myth,325,0.0043
.smt-checker,325,0.0043
.solc-verify,325,0.0043
.verisol,325,0.0043
.prf,325,0.0043
.gpl,324,0.0043
.xib,323,0.0043
.m~,322,0.0043
.ci,322,0.0043
.emf,322,0.0043
.rar,321,0.0043
.kreport,320,0.0043
.lst,319,0.0042
.ply,317,0.0042
.hoc,317,0.0042
.texinfo,315,0.0042
.e,314,0.0042
.tf,313,0.0042
.xacro,312,0.0042
.glsl,311,0.0041
.inf,311,0.0041
.qml,311,0.0041
.bt2,311,0.0041
.7,308,0.0041
.dsldm,306,0.0041
.xme,306,0.0041
.xasm,306,0.0041
.yield_table,305,0.0041
.mse,305,0.0041
.phy_phyml_tree,305,0.0041
.asml,304,0.004
.ftl,303,0.004
.tag,302,0.004
.prop,301,0.004
.aes,300,0.004
.jimple,300,0.004
.bsh,299,0.004
.service,299,0.004
.cafe,298,0.004
.gplt,297,0.004
.src,296,0.0039
.fcs,296,0.0039
.pec,296,0.0039
.cl,295,0.0039
.hosts,295,0.0039
.rmt,295,0.0039
.tbl,294,0.0039
.csh,294,0.0039
.checked,294,0.0039
.mno,291,0.0039
.chk,290,0.0039
.msstats,290,0.0039
.desktop,289,0.0038
.fas,289,0.0038
.j2,285,0.0038
.pcr,284,0.0038
.pyd,282,0.0038
.cff,281,0.0037
.rat,281,0.0037
.ods,280,0.0037
.twig,279,0.0037
.mak,278,0.0037
.qza,277,0.0037
.000000,277,0.0037
.ds,276,0.0037
.ipt,276,0.0037
.dict,275,0.0037
.srv,275,0.0037
.onsets,275,0.0037
.build,272,0.0036
.mtx,272,0.0036
.6,271,0.0036
.sample,271,0.0036
.ejs,271,0.0036
.srq,270,0.0036
.ldif,269,0.0036
.sl,268,0.0036
.gemspec,268,0.0036
.graphql,267,0.0036
.xci,267,0.0036
.mac,266,0.0035
.enc,266,0.0035
.kml,266,0.0035
.itp,266,0.0035
.n,266,0.0035
.jsonnet,265,0.0035
.pid,265,0.0035
.modulemap,263,0.0035
.vert,263,0.0035
.mzn,261,0.0035
.pper,261,0.0035
.fypp,259,0.0034
.kconfig,259,0.0034
.asp,259,0.0034
.sy,258,0.0034
.8,257,0.0034
.mm,257,0.0034
.hgh,257,0.0034
.ttm,257,0.0034
.mdf2,257,0.0034
.check,252,0.0034
.stg,251,0.0033
.orig,250,0.0033
.xcf,249,0.0033
.cpg,249,0.0033
.tt,247,0.0033
.mxml,247,0.0033
.fmd,246,0.0033
.f90~,245,0.0033
.tim,244,0.0032
.h1,244,0.0032
.fast5,243,0.0032
.qrc,241,0.0032
.terms,241,0.0032
.user,241,0.0032
.rules,240,0.0032
.pd,239,0.0032
.asv,239,0.0032
.script,239,0.0032
.manifest,238,0.0032
.csc,236,0.0031
.el,234,0.0031
.parsens,234,0.0031
.resources,233,0.0031
.gbk,232,0.0031
.parquet,232,0.0031
.al,232,0.0031
.xyc,230,0.0031
.job,229,0.003
.mpi,229,0.003
.save,228,0.003
.frq,228,0.003
.default,228,0.003
.prm,227,0.003
.geo,227,0.003
.flags,227,0.003
.results,226,0.003
.for,226,0.003
.files,226,0.003
.sf,226,0.003
.win,224,0.003
.dtd,223,0.003
.xcworkspacedata,223,0.003
.perl,223,0.003
.lm,223,0.003
.inputs,223,0.003
.maude,223,0.003
.vim,222,0.003
.rc,222,0.003
.cat,222,0.003
.tts,221,0.0029
.sed,220,0.0029
.world,219,0.0029
.jam,219,0.0029
.mesh,219,0.0029
.nsh,219,0.0029
.fai,218,0.0029
.pbs,218,0.0029
.der,218,0.0029
.sch,217,0.0029
.ppm,217,0.0029
.nix,217,0.0029
.apt,215,0.0029
.ale,215,0.0029
.ijm,214,0.0028
.core,214,0.0028
.amsr18i,214,0.0028
.swp,213,0.0028
.urdf,212,0.0028
.msf,212,0.0028
.ss,212,0.0028
.geom,211,0.0028
.sem,211,0.0028
.nrg,210,0.0028
.y,210,0.0028
.qmd,209,0.0028
.pbrt,209,0.0028
.fq,208,0.0028
.bazel,208,0.0028
.binvox,208,0.0028
.metadata,207,0.0028
.elf,206,0.0027
.rsa,205,0.0027
.help,204,0.0027
.storyboard,203,0.0027
.eco,203,0.0027
.time,203,0.0027
.ced,202,0.0027
.eww,202,0.0027
.xrst,202,0.0027
.pot,201,0.0027
.maegz,201,0.0027
.pcd,200,0.0027
.swf,199,0.0026
.crysl,199,0.0026
.pch,198,0.0026
.crc,198,0.0026
.itc,198,0.0026
.silo,198,0.0026
.prob,197,0.0026
.phy_phyml_stats,197,0.0026
.icns,196,0.0026
.wig,196,0.0026
.afm,196,0.0026
.plot,194,0.0026
.tmp,193,0.0026
.cpp-e,193,0.0026
.gb,192,0.0026
.tlsf,192,0.0026
.namd,191,0.0025
.points,191,0.0025
.cgi,190,0.0025
.mts,190,0.0025
.joblib,190,0.0025
.sim,189,0.0025
.frcmod,188,0.0025
.ascx,188,0.0025
.rankings,187,0.0025
.off,187,0.0025
.exs,186,0.0025
.dockerfile,185,0.0025
.xpm,185,0.0025
.out_4cpu,184,0.0024
.sys,183,0.0024
.opam,183,0.0024
.cto,183,0.0024
.ndjson,183,0.0024
.snmprec,183,0.0024
.history,182,0.0024
.adf,181,0.0024
.edg,181,0.0024
.testie,181,0.0024
.msat,181,0.0024
.pde,180,0.0024
.l,180,0.0024
.vec,180,0.0024
.wdl,180,0.0024
.rbi,180,0.0024
.lyx,179,0.0024
.rhtml,178,0.0024
.cfmesh,178,0.0024
.cro,178,0.0024
.spop,177,0.0024
.inv,176,0.0023
.gnuplot,176,0.0023
.ttimes,176,0.0023
.agc,175,0.0023
.sage,174,0.0023
.rng,174,0.0023
.kmer,174,0.0023
.z,173,0.0023
.rpt,173,0.0023
.cer,172,0.0023
.part,172,0.0023
.kicad_mod,171,0.0023
.shape,171,0.0023
.sobj,171,0.0023
.sqlpp,171,0.0023
.env,170,0.0023
.counts,170,0.0023
.bs,170,0.0023
.sbn,170,0.0023
.sbx,170,0.0023
.hbs,170,0.0023
.scad,169,0.0022
.flow,169,0.0022
.net,168,0.0022
.g4,167,0.0022
.layout,167,0.0022
.typ,167,0.0022
.rflx,167,0.0022
.typed,166,0.0022
.ax,166,0.0022
.xpt,166,0.0022
.reference,166,0.0022
.12,165,0.0022
.mol2,165,0.0022
.spd,165,0.0022
.at,165,0.0022
.warn,165,0.0022
.container,163,0.0022
.cjs,163,0.0022
.a1,163,0.0022
.xsf,163,0.0022
.restext,163,0.0022
.middiag,163,0.0022
.rddl,163,0.0022
.exit,162,0.0022
.license,161,0.0021
.gh,161,0.0021
.api,161,0.0021
.gnu,160,0.0021
.sav,160,0.0021
.pir,160,0.0021
.t1,160,0.0021
.gbr,159,0.0021
.nsi,158,0.0021
.fr,158,0.0021
.astro,158,0.0021
.reference_output,158,0.0021
.t0,158,0.0021
.poslemma,157,0.0021
.fzn,156,0.0021
.sha1,156,0.0021
.srctree,156,0.0021
.au,156,0.0021
.variables,156,0.0021
.rgba,156,0.0021
.nupkg,155,0.0021
.vhdl,155,0.0021
.arg,155,0.0021
.10,154,0.002
.mdp,154,0.002
.pub,153,0.002
.terminal,153,0.002
.anno,153,0.002
.dcd,152,0.002
.jst,152,0.002
.amsr36i,152,0.002
.psf,151,0.002
.jade,151,0.002
.svelte,151,0.002
.ltl,151,0.002
.bin-runtime,151,0.002
.bgf,151,0.002
.scm,150,0.002
.wsdl,150,0.002
.c13,150,0.002
.001,149,0.002
.readme,149,0.002
.vtk,149,0.002
.snk,149,0.002
.dis,149,0.002
.pred,149,0.002
.pmp,149,0.002
.state,148,0.002
.sas,148,0.002
.overrides,148,0.002
.forest,148,0.002
.11,147,0.002
.sub,147,0.002
.uavcan,147,0.002
.fix,147,0.002
.o2,147,0.002
.smv,146,0.0019
.prepi,146,0.0019
.eep,145,0.0019
.odt,144,0.0019
.sml,144,0.0019
.chi,144,0.0019
.xtc,144,0.0019
.smk,143,0.0019
.mll,143,0.0019
.knime,143,0.0019
.sqlite,142,0.0019
.cabal,142,0.0019
.py~,141,0.0019
.pri,141,0.0019
.ascii,141,0.0019
.nml,141,0.0019
.9,140,0.0019
.bbl,140,0.0019
.hudson,140,0.0019
.mscx,140,0.0019
.apar,140,0.0019
.graph,139,0.0019
.control,139,0.0019
.oc-rt,139,0.0019
.vis,139,0.0019
.directive,139,0.0019
.com,138,0.0018
.qpj,138,0.0018
.out_1cpu,138,0.0018
.out_4cpu_2pool,138,0.0018
.qgs,138,0.0018
.13,137,0.0018
.ga,137,0.0018
.dara,137,0.0018
.guess,136,0.0018
.jbuilder,136,0.0018
.aiml,136,0.0018
.gp,136,0.0018
.all,136,0.0018
.iv,136,0.0018
.pcss,135,0.0018
.ixs,135,0.0018
.train,134,0.0018
.obo,134,0.0018
.str,134,0.0018
.man,134,0.0018
.errs,134,0.0018
.pos,133,0.0018
.pb,133,0.0018
.targets,133,0.0018
.whl,132,0.0018
.atl,132,0.0018
.mexmac,132,0.0018
.cd,132,0.0018
.overlay,132,0.0018
.bpp,132,0.0018
.yara,132,0.0018
.bdeu,132,0.0018
.mako,131,0.0017
.14,130,0.0017
.cub,130,0.0017
.fm,130,0.0017
.t2,130,0.0017
.sci,129,0.0017
.rviz,129,0.0017
.aspx,129,0.0017
.checksum,129,0.0017
.edf,127,0.0017
.jks,127,0.0017
.7z,126,0.0017
.seq,126,0.0017
.h2ci,126,0.0017
.sunwcch,126,0.0017
.plt,125,0.0017
.lp,125,0.0017
.bw,125,0.0017
.kdump,125,0.0017
.pas,124,0.0017
.flt,124,0.0017
.examples,124,0.0017
.physicmaterial,124,0.0017
.exo,124,0.0017
.ii,124,0.0017
.naf,124,0.0017
.podspec,123,0.0016
.xslt,123,0.0016
.aj,123,0.0016
.seg,123,0.0016
.pls,123,0.0016
.cube,122,0.0016
.fp,121,0.0016
.psq,121,0.0016
.vsprops,121,0.0016
.objs,121,0.0016
.txt~,120,0.0016
.pin,120,0.0016
.mly,120,0.0016
.sig,120,0.0016
.auto,120,0.0016
.dbc,120,0.0016
.pbj,120,0.0016
.pbk,120,0.0016
.010000,120,0.0016
.020000,120,0.0016
.030000,120,0.0016
.040000,120,0.0016
.050000,120,0.0016
.060000,120,0.0016
.070000,120,0.0016
.080000,120,0.0016
.090000,120,0.0016
.100000,120,0.0016
.suo,119,0.0016
.hrl,119,0.0016
.avif,119,0.0016
.dic,119,0.0016
.prmtop,119,0.0016
.oke,119,0.0016
.hyp,118,0.0016
.p12,118,0.0016
.cin,118,0.0016
.handlebars,118,0.0016
.dh,117,0.0016
.parsens_fulloutput,117,0.0016
.feather,116,0.0015
.phr,116,0.0015
.descr,116,0.0015
.dex,116,0.0015
.ex,116,0.0015
.gdoc,116,0.0015
.buf,116,0.0015
.mpd,115,0.0015
.idl,115,0.0015
.x,115,0.0015
.caffemodel,115,0.0015
.dxf,115,0.0015
.grd,115,0.0015
.onnx,114,0.0015
.gff3,114,0.0015
.anim,114,0.0015
.csl,114,0.0015
.mitli,114,0.0015
.pkt,114,0.0015
.16,113,0.0015
.19,113,0.0015
.local,113,0.0015
.ta,113,0.0015
.xpr,113,0.0015
.tpp,113,0.0015
.pgc,113,0.0015
.15,112,0.0015
.tdl,112,0.0015
.mro,112,0.0015
.card,112,0.0015
.jawa,112,0.0015
.18,111,0.0015
.lnt,111,0.0015
.crtf,111,0.0015
.trans,110,0.0015
.slimout,110,0.0015
.mos,109,0.0015
.internal,108,0.0014
.rule,108,0.0014
.nn,108,0.0014
.skel,108,0.0014
.lpr,108,0.0014
.isf,108,0.0014
.na,108,0.0014
.odg,107,0.0014
.cpp~,107,0.0014
.toc,107,0.0014
.ppt,107,0.0014
.eng,107,0.0014
.nlf,107,0.0014
.dcf,106,0.0014
.pc,106,0.0014
.heic,106,0.0014
.mis,106,0.0014
.orb,106,0.0014
.run,105,0.0014
.gate,105,0.0014
.cur,105,0.0014
.irt,105,0.0014
.aufs,105,0.0014
.overlay2,105,0.0014
.pids,105,0.0014
.17,104,0.0014
.20,104,0.0014
.mot,104,0.0014
.dep,104,0.0014
.vspscc,104,0.0014
.biom,104,0.0014
.n114399,104,0.0014
.gmt,103,0.0014
.mustache,103,0.0014
.sign,103,0.0014
.atx,103,0.0014
.hlsl,102,0.0014
.nl,102,0.0014
.bdd,102,0.0014
.bench,102,0.0014
.saucy,102,0.0014
.abnf,102,0.0014
.corr,102,0.0014
.psp8,101,0.0013
.inter,101,0.0013
.gotmpl,101,0.0013
.detector,101,0.0013
.spdi,101,0.0013
.publicodes,101,0.0013
.clf,101,0.0013
.title,101,0.0013
.newick,100,0.0013
.sofa,100,0.0013
.lang,100,0.0013
.sim_b,100,0.0013
.sim_be,100,0.0013
.sh3d,100,0.0013
.ctab,100,0.0013
.topicid,100,0.0013
.mlx,99,0.0013
.avi,99,0.0013
.target,99,0.0013
.gri,99,0.0013
.ratdb,99,0.0013
.mmt,99,0.0013
.ident,99,0.0013
.nwchem,98,0.0013
.scat,98,0.0013
.controller,97,0.0013
.order,97,0.0013
.lay,97,0.0013
.source,97,0.0013
.rout,96,0.0013
.fnt,96,0.0013
.supp,96,0.0013
.aidl,96,0.0013
.hm,96,0.0013
.alm,96,0.0013
.gen,95,0.0013
.idx,95,0.0013
.axml,95,0.0013
.sldasm,95,0.0013
.lzma,95,0.0013
.shex,95,0.0013
.header,95,0.0013
.para,95,0.0013
.jarname,95,0.0013
.phx,95,0.0013
.jld2,94,0.0013
.pnml,94,0.0013
.nhr,94,0.0013
.nin,94,0.0013
.nsq,94,0.0013
.ckpt,94,0.0013
.cg,94,0.0013
.istar_mavo,94,0.0013
.cys,93,0.0012
.asmdef,93,0.0012
.dta,93,0.0012
.brd,93,0.0012
.ctf,93,0.0012
.pda,93,0.0012
.aps,92,0.0012
.gdbtable,92,0.0012
.gdbtablx,92,0.0012
.graffle,91,0.0012
.kv,91,0.0012
.td,91,0.0012
.af,91,0.0012
.pf,90,0.0012
.symbols,90,0.0012
.pbtxt,90,0.0012
.xlf,90,0.0012
.cso,90,0.0012
.25po4_590m_1298w_rad16,90,0.0012
.5po4_590m_1298w_rad16,90,0.0012
.75po4_590m_1298w_rad16,90,0.0012
.0po4_590m_1298w_rad16,90,0.0012
.pfx,89,0.0012
.eml,89,0.0012
.batch,89,0.0012
.gdbindexes,89,0.0012
.mexmaca64,88,0.0012
.blg,88,0.0012
.utr20,88,0.0012
.cpt,87,0.0012
.sif,87,0.0012
.t7,87,0.0012
.opts,87,0.0012
.thm,87,0.0012
.rnc,87,0.0012
.nuspec,86,0.0011
.rep,86,0.0011
.mcc,86,0.0011
.apl,86,0.0011
.compare,86,0.0011
.gpp,86,0.0011
.dwg,85,0.0011
.thrift,85,0.0011
.mlapp,85,0.0011
.bas,85,0.0011
.click,85,0.0011
.filtered,85,0.0011
.tpr,85,0.0011
.hjson,85,0.0011
.tptp,84,0.0011
.conllu,84,0.0011
.full,84,0.0011
.flat,84,0.0011
.pa,84,0.0011
.styl,83,0.0011
.html~,83,0.0011
.mdb,83,0.0011
.fcstd,83,0.0011
.rsp,83,0.0011
.mg,83,0.0011
.koat,83,0.0011
.bag,83,0.0011
.ecorediag,82,0.0011
.img,82,0.0011
.ejava,82,0.0011
.tcc,82,0.0011
.lds,82,0.0011
.cram,82,0.0011
.pgout,82,0.0011
.wpc,82,0.0011
.mnc,82,0.0011
.fau,82,0.0011
.ndump2,82,0.0011
.xnet,81,0.0011
.ds_store,81,0.0011
.zst,81,0.0011
.hist,81,0.0011
.adl,81,0.0011
.pfb,81,0.0011
.exome,81,0.0011
.sheep,81,0.0011
.egg,80,0.0011
.wxm,80,0.0011
.edl,80,0.0011
.gdb,79,0.0011
.pha,79,0.0011
.apib,79,0.0011
.gltf,79,0.0011
.cr2,79,0.0011
.pump,78,0.001
.docs,78,0.001
.cppipe,78,0.001
.pom,78,0.001
.lcl,78,0.001
.la,77,0.001
.include,77,0.001
.nim,77,0.001
.tmx,77,0.001
.stack,77,0.001
.lab,77,0.001
.lkml,77,0.001
.nam,76,0.001
.sc,76,0.001
.kpp,76,0.001
.lesser,75,0.001
.puml,75,0.001
.ass,75,0.001
.tp,75,0.001
.avsc,75,0.001
.txx,75,0.001
.at2,75,0.001
.original,74,0.001
.moz,74,0.001
.resolved,74,0.001
.cab,74,0.001
.th,74,0.001
.pcs,74,0.001
.plugin,74,0.001
.047,74,0.001
.mgf,74,0.001
.mpc,74,0.001
.backup,73,0.001
.nit,73,0.001
.dotsettings,73,0.001
.eqn,73,0.001
.a2,73,0.001
.thingml,73,0.001
.wandb,73,0.001
.lockfile,73,0.001
.region,73,0.001
.msgpack,73,0.001
.g1,72,0.001
.tabular,72,0.001
.bnf,72,0.001
.mech,72,0.001
.val,72,0.001
.fn,72,0.001
.smap,71,0.0009
.jinja2,71,0.0009
.nog,71,0.0009
.glb,71,0.0009
.pdbqt,71,0.0009
.sip,71,0.0009
.drawio,70,0.0009
.http,70,0.0009
.adj,70,0.0009
.tx,70,0.0009
.skip,70,0.0009
.slddrw,70,0.0009
.no-docker-ext4,70,0.0009
.devicemapper,70,0.0009
.proj,70,0.0009
.dblite,70,0.0009
.clm,70,0.0009
.predictions,70,0.0009
.nsd,69,0.0009
.options,69,0.0009
.init,69,0.0009
.lammps,69,0.0009
.motifs,69,0.0009
.xscade,69,0.0009
.kremlin,69,0.0009
.060,69,0.0009
.spin1,69,0.0009
.pbin,69,0.0009
.22,68,0.0009
.debug,68,0.0009
.21,68,0.0009
.24,68,0.0009
.rntxt,68,0.0009
.rt,68,0.0009
.neu,68,0.0009
.conv,68,0.0009
.teml,68,0.0009
.4ma,68,0.0009
.dev,67,0.0009
.pk,67,0.0009
.asis,67,0.0009
.3dti-hrtf,67,0.0009
.right,67,0.0009
._,67,0.0009
.wad,67,0.0009
.lagda,67,0.0009
.warnings,67,0.0009
.aps2,67,0.0009
.karaf,67,0.0009
.23,66,0.0009
.vocab,66,0.0009
.wiki,66,0.0009
.gbs,66,0.0009
.golden,66,0.0009
.ors,66,0.0009
.plan,66,0.0009
.ghuser,66,0.0009
.names,65,0.0009
.jplace,65,0.0009
.gexf,65,0.0009
.blend,65,0.0009
.dirs,65,0.0009
.arch,65,0.0009
.lastbuildstate,65,0.0009
.exc,65,0.0009
.phps,65,0.0009
.3ds,65,0.0009
.zc,65,0.0009
.bbappend,65,0.0009
.m_deprecate,65,0.0009
.doctest,65,0.0009
.csq,65,0.0009
.bim,64,0.0009
.marks,64,0.0009
.ins,64,0.0009
._trace,64,0.0009
.idr,64,0.0009
.ine,64,0.0009
.lpf,64,0.0009
.tfrecords,64,0.0009
.medici,64,0.0009
.p1,64,0.0009
.netblif,64,0.0009
.bestmodel,64,0.0009
.besttree,64,0.0009
.guifile,64,0.0009
.profile,63,0.0008
.page,63,0.0008
.rdoc,63,0.0008
.drl,63,0.0008
.mix,63,0.0008
.v2,63,0.0008
.baml,63,0.0008
.part2prev,63,0.0008
.expt,63,0.0008
.aar,62,0.0008
.gms,62,0.0008
.pts,62,0.0008
.cellml,62,0.0008
.plf,62,0.0008
.sizes,61,0.0008
.k,61,0.0008
.zmat,61,0.0008
.wrd,61,0.0008
.broadpeak,61,0.0008
.ceq,61,0.0008
.keyw,61,0.0008
.mzxml,61,0.0008
.snakefile,61,0.0008
.filez,61,0.0008
.descriptor,61,0.0008
.snp,60,0.0008
.phn,60,0.0008
.postinst,60,0.0008
.vbproj,60,0.0008
.pxi,60,0.0008
.oc,60,0.0008
.trace,60,0.0008
.qm,60,0.0008
.sex,60,0.0008
.xy,60,0.0008
.fl,60,0.0008
.3dm,60,0.0008
.msc,60,0.0008
.testbin,60,0.0008
.added,60,0.0008
.rap,59,0.0008
.g6,59,0.0008
.cginc,59,0.0008
.dataset,59,0.0008
.dyjson,59,0.0008
.psi,59,0.0008
.sse,59,0.0008
.ftn90,59,0.0008
.gcc,58,0.0008
.mplstyle,58,0.0008
.hs-boot,58,0.0008
.1d,58,0.0008
.ninja,58,0.0008
.edn,58,0.0008
.hh~,58,0.0008
.elg,58,0.0008
.25,57,0.0008
.slim,57,0.0008
.upf,57,0.0008
.csr,57,0.0008
.gii,57,0.0008
.vsdx,57,0.0008
.datasource,57,0.0008
.adc,57,0.0008
.wgsl,57,0.0008
.pcg,57,0.0008
.any,57,0.0008
.mfem_root,57,0.0008
.tntp,57,0.0008
.common,56,0.0007
.col,56,0.0007
.lcm,56,0.0007
.jou,56,0.0007
.fish,56,0.0007
.paramnames,56,0.0007
.rf,56,0.0007
.kij,56,0.0007
.dbtype,56,0.0007
.hds,56,0.0007
.hob,56,0.0007
.rch,56,0.0007
.classdiagram,56,0.0007
.cdx,56,0.0007
.mmgo,56,0.0007
.webm,55,0.0007
.priv,55,0.0007
.sbml,55,0.0007
.xqm,55,0.0007
.ndx,55,0.0007
.schema,55,0.0007
.short,55,0.0007
.crd,55,0.0007
.ghb,55,0.0007
.crf,55,0.0007
.tt2,55,0.0007
.j3m,55,0.0007
.jspx,54,0.0007
.nw,54,0.0007
.vsd,54,0.0007
.mov,54,0.0007
.gjf,54,0.0007
.disabled,54,0.0007
.hcl,54,0.0007
.inpcrd,54,0.0007
.features,54,0.0007
.interval_list,54,0.0007
.piqi,54,0.0007
.ctrl,54,0.0007
.conda,54,0.0007
.reaction,54,0.0007
.sh~,53,0.0007
.table,53,0.0007
.ofn,53,0.0007
.xcuserstate,53,0.0007
.qzv,53,0.0007
.tbx,53,0.0007
.includecache,53,0.0007
.defines,53,0.0007
.xbm,53,0.0007
.nlogo,53,0.0007
.cluster,53,0.0007
.sdc,53,0.0007
.gephi,53,0.0007
.blastn,53,0.0007
.aadl,53,0.0007
.kernel,53,0.0007
.bdg,53,0.0007
.swatch,53,0.0007
.linear,53,0.0007
.cmi,53,0.0007
.ob,53,0.0007
.h~,52,0.0007
.gpx,52,0.0007
.words,52,0.0007
.iss,52,0.0007
.spike,52,0.0007
.mei,52,0.0007
.mrt,52,0.0007
.ids,52,0.0007
.snapshot,52,0.0007
.torrent,52,0.0007
.lean,52,0.0007
.ph,52,0.0007
.xyw,52,0.0007
.smali,52,0.0007
.cmpl,52,0.0007
.tld,51,0.0007
.check_cache,51,0.0007
.mex,51,0.0007
.node,51,0.0007
.xq,51,0.0007
.iso,51,0.0007
.stub,51,0.0007
.ped,51,0.0007
.pu,51,0.0007
.egsinp,51,0.0007
.long,51,0.0007
.tri,51,0.0007
.kquery,51,0.0007
.eo,51,0.0007
.s100,51,0.0007
.fam,50,0.0007
.hdf,50,0.0007
.nexus,50,0.0007
.excalidraw,50,0.0007
.md~,50,0.0007
.static,50,0.0007
.cert,50,0.0007
.z5,50,0.0007
.cksum,50,0.0007
.ado,50,0.0007
.validate,50,0.0007
.adm,50,0.0007
.waiver,50,0.0007
.final,50,0.0007
.dorisin,49,0.0007
.pi,49,0.0007
.lbr,49,0.0007
.count,49,0.0007
.tr,49,0.0007
.qrels,49,0.0007
.result,48,0.0006
.obs,48,0.0006
.linux,48,0.0006
.ecl,48,0.0006
.mpl,48,0.0006
.lmp,48,0.0006
.con,48,0.0006
.od,48,0.0006
.fsm,48,0.0006
.dec,48,0.0006
.iatr,48,0.0006
.kiss2,48,0.0006
.lox,48,0.0006
.cljc,48,0.0006
.mrv,48,0.0006
.component,47,0.0006
.ser,47,0.0006
.tikz,47,0.0006
.appxmanifest,47,0.0006
.edges,47,0.0006
.vs,47,0.0006
.bzl,47,0.0006
.spin2,47,0.0006
.svh,47,0.0006
.ct,47,0.0006
.mine,47,0.0006
.t3,47,0.0006
.26,46,0.0006
.27,46,0.0006
.29,46,0.0006
.maf,46,0.0006
.genome,46,0.0006
.matrix,46,0.0006
.b,46,0.0006
.material,46,0.0006
.nhx,46,0.0006
.xcfilelist,46,0.0006
.xmap,46,0.0006
.tagx,45,0.0006
.stat,45,0.0006
.28,45,0.0006
.stamp,45,0.0006
.pileup,45,0.0006
.paw,45,0.0006
.circom,45,0.0006
.pairs,45,0.0006
.pdn,45,0.0006
.nps,45,0.0006
.allx,45,0.0006
.ty,45,0.0006
.path,45,0.0006
.tmtheme,45,0.0006
.sm,45,0.0006
.pomdp,45,0.0006
.asy,44,0.0006
.fsa,44,0.0006
.ast,44,0.0006
.jnilib,44,0.0006
.hg,44,0.0006
.flac,44,0.0006
.har,44,0.0006
.xcsettings,44,0.0006
.gson,44,0.0006
.xql,44,0.0006
.px2,44,0.0006
.compile,44,0.0006
.3pcap,44,0.0006
.hhe,44,0.0006
.hhn,44,0.0006
.hhz,44,0.0006
.mar,44,0.0006
.expected_inserts,44,0.0006
.yul,44,0.0006
.pluginspec,44,0.0006
.fulloutput,44,0.0006
.pik,44,0.0006
.dlog,44,0.0006
.lut,43,0.0006
.base,43,0.0006
.set,43,0.0006
.04,43,0.0006
.wxg,43,0.0006
.bsd,43,0.0006
.cm,43,0.0006
.nxml,43,0.0006
.jld,43,0.0006
.iam,43,0.0006
.100,43,0.0006
.tsp,43,0.0006
.acd,43,0.0006
.phi,43,0.0006
.crai,43,0.0006
.fbd,43,0.0006
.psql,43,0.0006
.ssp,43,0.0006
.r390,43,0.0006
.r409,43,0.0006
.jinja,43,0.0006
.300,43,0.0006
.bibtex,43,0.0006
.tagger,42,0.0006
.ncd,42,0.0006
.de,42,0.0006
.stp,42,0.0006
.xsc,42,0.0006
.mgc,42,0.0006
.tec,42,0.0006
.ally,42,0.0006
.wcsp,42,0.0006
.sfd,42,0.0006
.varparams,42,0.0006
.spl,42,0.0006
.80,42,0.0006
.coor,42,0.0006
.clstr,42,0.0006
.esp,42,0.0006
.pdr,42,0.0006
.c~,41,0.0005
.grc,41,0.0005
.fragment,41,0.0005
.agda-lib,41,0.0005
.opi,41,0.0005
.mit,41,0.0005
.registered,41,0.0005
.svc,41,0.0005
.fls,41,0.0005
.emz,41,0.0005
.strl,41,0.0005
.veo,41,0.0005
.icc,41,0.0005
.fep,41,0.0005
.makeflow,41,0.0005
.packets,41,0.0005
.productline,41,0.0005
.henshin,41,0.0005
.indices,41,0.0005
.weave,41,0.0005
.fld,41,0.0005
.wv,41,0.0005
.dvi,40,0.0005
.gct,40,0.0005
.ode,40,0.0005
.si,40,0.0005
.csv#,40,0.0005
.policy,40,0.0005
.version,40,0.0005
.egl,40,0.0005
.lnk,40,0.0005
.mgz,40,0.0005
.pbxuser,40,0.0005
.cn13,40,0.0005
.wcn,40,0.0005
.namelist,40,0.0005
.pasta,40,0.0005
.cnt,40,0.0005
.qlr,40,0.0005
.chain,40,0.0005
.jadd,40,0.0005
.xsp,40,0.0005
.phrases,40,0.0005
.pvr,40,0.0005
.iwa,40,0.0005
.gbn,40,0.0005
.tc,39,0.0005
.entitlements,39,0.0005
.g3dj,39,0.0005
.glade,39,0.0005
.finc,39,0.0005
.pac,39,0.0005
.gfa,39,0.0005
.vlt,39,0.0005
.zginml,39,0.0005
.csv~,39,0.0005
.req,39,0.0005
.bkp,39,0.0005
.em,39,0.0005
.csi,39,0.0005
.int,39,0.0005
.fsh,39,0.0005
.svd,39,0.0005
.snake,39,0.0005
.ncl,39,0.0005
.nirs,39,0.0005
.h++,39,0.0005
.function,39,0.0005
.cmnd,39,0.0005
.js~,38,0.0005
.dir,38,0.0005
.saved,38,0.0005
.wxs,38,0.0005
.docker,38,0.0005
.eval,38,0.0005
.r~,38,0.0005
.pxp,38,0.0005
.ma,38,0.0005
.wlt,38,0.0005
.dat-s,38,0.0005
.aiff,38,0.0005
.classdiagram_mavo,38,0.0005
.jrag,38,0.0005
.pup,38,0.0005
.messages,38,0.0005
.cond,38,0.0005
.odp,37,0.0005
.hx,37,0.0005
.command,37,0.0005
.css_t,37,0.0005
.fmt,37,0.0005
.002,37,0.0005
.bwt,37,0.0005
.razor,37,0.0005
.bnd,37,0.0005
.var,37,0.0005
.spx,37,0.0005
.xtext,37,0.0005
.image,37,0.0005
.jnlp,37,0.0005
.tot,37,0.0005
.qvto,37,0.0005
.dummy,37,0.0005
.correct,37,0.0005
.cel,37,0.0005
.brite,37,0.0005
.perf,37,0.0005
.hobo,37,0.0005
.lif,37,0.0005
.gmtx,37,0.0005
.1-2,37,0.0005
.1-3,37,0.0005
.1-4,37,0.0005
.1-5,37,0.0005
.2-2,37,0.0005
.2-3,37,0.0005
.2-4,37,0.0005
.2-5,37,0.0005
.thtml,37,0.0005
.svn-work,37,0.0005
.pict,36,0.0005
.url,36,0.0005
.rpm,36,0.0005
.mkd,36,0.0005
.jsm,36,0.0005
.mcr,36,0.0005
.qsf,36,0.0005
.zsh,36,0.0005
.flm,36,0.0005
.ext,36,0.0005
.hdb,36,0.0005
.g~,36,0.0005
.000,36,0.0005
.seqdiag,36,0.0005
.mif,36,0.0005
.gcode,36,0.0005
.cle,36,0.0005
.plain,36,0.0005
.facts,36,0.0005
.cossan,36,0.0005
.mscz,36,0.0005
.response,36,0.0005
.aps1,36,0.0005
.nik,36,0.0005
.q10,36,0.0005
.q11,36,0.0005
.q12,36,0.0005
.q13,36,0.0005
.q14,36,0.0005
.q15,36,0.0005
.q16,36,0.0005
.q17,36,0.0005
.q18,36,0.0005
.q19,36,0.0005
.q20,36,0.0005
.graphqls,36,0.0005
.ssearch,36,0.0005
.ccb,36,0.0005
.ccbi,36,0.0005
.cost,36,0.0005
.sqlite3,35,0.0005
.pspnc,35,0.0005
.wasm,35,0.0005
.amb,35,0.0005
.sa,35,0.0005
.lsf,35,0.0005
.fdb_latexmk,35,0.0005
.vrb,35,0.0005
.schdoc,35,0.0005
.sb,35,0.0005
.no-docker-tmpfs,35,0.0005
.smt,35,0.0005
.dfl,35,0.0005
.language,35,0.0005
.php~,35,0.0005
.option,35,0.0005
.jq,35,0.0005
.jy,35,0.0005
.mfc,35,0.0005
.rkt,35,0.0005
.meld,35,0.0005
.irtg,35,0.0005
.lss,35,0.0005
.thing,35,0.0005
.mesa,34,0.0005
.fpp,34,0.0005
.nrm,34,0.0005
.rscript,34,0.0005
.toks,34,0.0005
.nbin,34,0.0005
.cts,34,0.0005
.qsub,34,0.0005
.sfp,34,0.0005
.400,34,0.0005
.ggb,34,0.0005
.pipeline-config,34,0.0005
.udo,34,0.0005
.jws,34,0.0005
.ehe,34,0.0005
.ehn,34,0.0005
.ehz,34,0.0005
.sct,34,0.0005
.pspimage,34,0.0005
.x3g,34,0.0005
.j3o,34,0.0005
.scope,34,0.0005
.cxls,33,0.0004
.pov,33,0.0004
.json5,33,0.0004
.icloud,33,0.0004
.webmanifest,33,0.0004
.mexsol,33,0.0004
.wl,33,0.0004
.cdl,33,0.0004
.las,33,0.0004
.grid,33,0.0004
.tem,33,0.0004
.fsx,33,0.0004
.pindb,33,0.0004
.cie,33,0.0004
.qc,33,0.0004
.sts,33,0.0004
.05-1,33,0.0004
.05-2,33,0.0004
.05-3,33,0.0004
.05-4,33,0.0004
.05-5,33,0.0004
.1-1,33,0.0004
.15-1,33,0.0004
.15-2,33,0.0004
.15-3,33,0.0004
.15-4,33,0.0004
.15-5,33,0.0004
.2-1,33,0.0004
.t4,33,0.0004
.run_only,33,0.0004
.rigid,33,0.0004
.ce,33,0.0004
.keystore,32,0.0004
.vy,32,0.0004
.ovr,32,0.0004
.gyp,32,0.0004
.agr,32,0.0004
.pyf,32,0.0004
.usage,32,0.0004
.stdin,32,0.0004
.ttt,32,0.0004
.rcx,32,0.0004
.mem,32,0.0004
.fea,32,0.0004
.mrp,32,0.0004
.bcf,32,0.0004
.fbs,32,0.0004
.200,32,0.0004
.stex,32,0.0004
.yld,32,0.0004
.grp,32,0.0004
.bp,32,0.0004
.lat,32,0.0004
.f0,32,0.0004
.wcfg,32,0.0004
.fir,32,0.0004
.swinb,32,0.0004
.jape,32,0.0004
.hoa,32,0.0004
.link,32,0.0004
.gitkeep,32,0.0004
.grapp,32,0.0004
.pytorch,32,0.0004
.fdb,32,0.0004
.fixed,32,0.0004
.g3,31,0.0004
.manpages,31,0.0004
.gemfile,31,0.0004
.makefile,31,0.0004
.ebwt,31,0.0004
.scr,31,0.0004
.gi,31,0.0004
.ffn,31,0.0004
.gpg,31,0.0004
.mwe2,31,0.0004
.baseline,31,0.0004
.vc,31,0.0004
.asn,31,0.0004
.release,31,0.0004
.gpkg,31,0.0004
.code,31,0.0004
.pxm,31,0.0004
.cdb,31,0.0004
.aird,31,0.0004
.mexsg64,31,0.0004
.esdb,31,0.0004
.np,31,0.0004
.hash,31,0.0004
.grad,31,0.0004
.font,31,0.0004
.rls,31,0.0004
.roff,31,0.0004
.dsw,30,0.0004
.f95,30,0.0004
.cpu,30,0.0004
.dzn,30,0.0004
.00,30,0.0004
.dpr,30,0.0004
.bn,30,0.0004
.it,30,0.0004
.xlsm,30,0.0004
.status,30,0.0004
.parset,30,0.0004
.cpickle,30,0.0004
.cmakein,30,0.0004
.only,30,0.0004
.lookup,30,0.0004
.master,30,0.0004
.alloy,30,0.0004
.rml,30,0.0004
.freq,30,0.0004
.prototxt~,30,0.0004
.row,30,0.0004
.network,30,0.0004
.kube,30,0.0004
.csig,30,0.0004
.ldscore,30,0.0004
.18x18x8,30,0.0004
.mdoc,30,0.0004
.landmarkascii,30,0.0004
.dw,29,0.0004
.gpu,29,0.0004
.dmg,29,0.0004
.cfs,29,0.0004
.ipch,29,0.0004
.sge,29,0.0004
.event,29,0.0004
.posl,29,0.0004
.temp,29,0.0004
.bk,29,0.0004
.fio,29,0.0004
.pqr,29,0.0004
.pep,29,0.0004
.un~,29,0.0004
.nls,29,0.0004
.30,29,0.0004
.cli,29,0.0004
.vasp,29,0.0004
.prerm,29,0.0004
.ent,29,0.0004
.line,29,0.0004
.asa,29,0.0004
.arc,29,0.0004
.x10,29,0.0004
.pml,29,0.0004
.horn,29,0.0004
.pipeline,29,0.0004
.skeleton,29,0.0004
.submit,29,0.0004
.avro,29,0.0004
.aff,29,0.0004
.jpage,29,0.0004
.scores,29,0.0004
.owx,29,0.0004
.stop,29,0.0004
.balzac,29,0.0004
.csp,29,0.0004
.36x36x16,29,0.0004
.36x36,29,0.0004
.g2,28,0.0004
.g5,28,0.0004
.g7,28,0.0004
.g8,28,0.0004
.g9,28,0.0004
.32,28,0.0004
.ind,28,0.0004
.ap_,28,0.0004
.01,28,0.0004
.amf,28,0.0004
.me,28,0.0004
.sc2map,28,0.0004
.tru,28,0.0004
.msd,28,0.0004
.types,28,0.0004
.fdt,28,0.0004
.opj,28,0.0004
.cga,28,0.0004
.gem,28,0.0004
.zero,28,0.0004
.fool,28,0.0004
.dxc,28,0.0004
.tpn,28,0.0004
.filter,28,0.0004
.t5,28,0.0004
.ngdoc,28,0.0004
.0&desc=1,28,0.0004
.cxl,28,0.0004
.unv,28,0.0004
.cemod,28,0.0004
.p4,27,0.0004
.thor,27,0.0004
.xcbkptlist,27,0.0004
.arpa,27,0.0004
.cbproj,27,0.0004
.003,27,0.0004
.mfa,27,0.0004
.bsvi,27,0.0004
.matlab,27,0.0004
.shared,27,0.0004
.bp5,27,0.0004
.sha256,27,0.0004
.dbs,27,0.0004
.face,27,0.0004
.mp,27,0.0004
.numbers,27,0.0004
.llik,27,0.0004
.adv,27,0.0004
.gbl,27,0.0004
.rsf,27,0.0004
.pcb,27,0.0004
.vsct,27,0.0004
.rockspec,27,0.0004
.theme,27,0.0004
.pyproj,27,0.0004
.piq,27,0.0004
.vsz,27,0.0004
.pse,27,0.0004
.symdef,27,0.0004
.safsu,27,0.0004
.bugfix,27,0.0004
.uwh,27,0.0004
.wh,27,0.0004
.mlconfig,27,0.0004
.tfm,27,0.0004
.25po4_295m_1298w_rad16,27,0.0004
.5po4_295m_1298w_rad16,27,0.0004
.75po4_295m_1298w_rad16,27,0.0004
.0po4_295m_1298w_rad16,27,0.0004
.mln,27,0.0004
.osim,26,0.0003
.vmd,26,0.0003
.scssc,26,0.0003
.vti,26,0.0003
.pcapng,26,0.0003
.args,26,0.0003
.pkg,26,0.0003
.ql,26,0.0003
.chm,26,0.0003
.apr,26,0.0003
.app,26,0.0003
.gdf,26,0.0003
.gts,26,0.0003
.t2t,26,0.0003
.14c,26,0.0003
.ckp,26,0.0003
.design,26,0.0003
.war,26,0.0003
.xdt,26,0.0003
.evm,26,0.0003
.tps,26,0.0003
.javajet,26,0.0003
.jags,26,0.0003
.eas,26,0.0003
.npo,26,0.0003
.castep,26,0.0003
.normal,26,0.0003
.srj,26,0.0003
.gaml,26,0.0003
.easm,26,0.0003
.bc18map,26,0.0003
.ダウンロード,26,0.0003
.foada,26,0.0003
.brf,25,0.0003
.v1,25,0.0003
.deb,25,0.0003
.debian,25,0.0003
.pho,25,0.0003
.project,25,0.0003
.xccheckout,25,0.0003
.rels,25,0.0003
.dtp,25,0.0003
.vbs,25,0.0003
.mpg,25,0.0003
.eviewpoint,25,0.0003
.idb,25,0.0003
.wmz,25,0.0003
.lf,25,0.0003
.h5ad,25,0.0003
.cbp,25,0.0003
.sas7bdat,25,0.0003
.jj,25,0.0003
.bck,25,0.0003
.htc,25,0.0003
.mexsg,25,0.0003
.rmsf,25,0.0003
.ft,25,0.0003
.vho,25,0.0003
.equiv,25,0.0003
.molecule,25,0.0003
.apex,25,0.0003
.pnm,25,0.0003
.strip,25,0.0003
.henshin_diagram,25,0.0003
.tax,25,0.0003
.modeldef,25,0.0003
.wast,25,0.0003
.ipe,25,0.0003
.theta,25,0.0003
.runit,25,0.0003
.lin,25,0.0003
.odesc,25,0.0003
.dectest,25,0.0003
.volume,25,0.0003
.checkpoint,25,0.0003
.kicad_sch,25,0.0003
.flexmi,25,0.0003
.mas,25,0.0003
.ipac,25,0.0003
.exportjson,25,0.0003
.zy,25,0.0003
.31,24,0.0003
.ideal,24,0.0003
.lines,24,0.0003
.bgz,24,0.0003
.ix,24,0.0003
.bit,24,0.0003
.02,24,0.0003
.03,24,0.0003
.fif,24,0.0003
.gr,24,0.0003
.trn,24,0.0003
.ht2,24,0.0003
.bob,24,0.0003
.xml_gen,24,0.0003
.mwb,24,0.0003
.gin,24,0.0003
.pwqp,24,0.0003
.ucf,24,0.0003
.intel,24,0.0003
.gto,24,0.0003
.lfm,24,0.0003
.p7s,24,0.0003
.vfproj,24,0.0003
.bunch,24,0.0003
.edr,24,0.0003
.copairs,24,0.0003
.misppairs,24,0.0003
.vel,24,0.0003
.blastlog,24,0.0003
.umbrella,24,0.0003
.metrics,24,0.0003
.orm,24,0.0003
.bds,24,0.0003
.tcml,24,0.0003
.iperm,24,0.0003
.ccm,24,0.0003
.pref,24,0.0003
.m_5_50,24,0.0003
.diagram,24,0.0003
.failed_md5,24,0.0003
.help_src,24,0.0003
.psd1,23,0.0003
.fil,23,0.0003
.preinst,23,0.0003
.nv,23,0.0003
.psp,23,0.0003
.cml,23,0.0003
.ott,23,0.0003
.aif,23,0.0003
.autosave,23,0.0003
.roi,23,0.0003
.restart,23,0.0003
.action,23,0.0003
.aa,23,0.0003
.cx,23,0.0003
.gtl,23,0.0003
.kxf,23,0.0003
.slnx,23,0.0003
.prepin,23,0.0003
.qs,23,0.0003
.bgen,23,0.0003
.txz,23,0.0003
.gperf,23,0.0003
.sha,23,0.0003
.dts,23,0.0003
.eaf,23,0.0003
.cql,23,0.0003
.mt,23,0.0003
.tm,23,0.0003
.sen,23,0.0003
.ace,23,0.0003
.gmo,23,0.0003
.prv,23,0.0003
.mapping,23,0.0003
.expected_after,23,0.0003
.expected_before,23,0.0003
.packet,23,0.0003
.clif,23,0.0003
.t6,23,0.0003
.xfst,23,0.0003
.c3b,23,0.0003
.fex,23,0.0003
.gamma,22,0.0003
.43,22,0.0003
.jmx,22,0.0003
.mllib,22,0.0003
.xml~,22,0.0003
.dmp,22,0.0003
.fhi,22,0.0003
.pip,22,0.0003
.afdesign,22,0.0003
.qss,22,0.0003
.genes,22,0.0003
.edge,22,0.0003
.lex,22,0.0003
.rst~,22,0.0003
.cp,22,0.0003
.ucls,22,0.0003
.norm,22,0.0003
.magres,22,0.0003
.rtp,22,0.0003
.gpa,22,0.0003
.upl,22,0.0003
.md5sum,22,0.0003
.bf,22,0.0003
.trig,22,0.0003
.story,22,0.0003
.33,22,0.0003
.ks,22,0.0003
.fo,22,0.0003
.annotation,22,0.0003
.prx12_0,22,0.0003
.prx8_0,22,0.0003
.weights,22,0.0003
.phillips,22,0.0003
.lambdas,22,0.0003
.apcb,22,0.0003
.vql,22,0.0003
.trrrrr-system-product-name,22,0.0003
.nblink,22,0.0003
.hsig,22,0.0003
.gotpl,22,0.0003
.0-1,22,0.0003
.cgen,22,0.0003
.spin2gl,22,0.0003
.menkar,22,0.0003
.pl0,22,0.0003
.task2,22,0.0003
.octree,22,0.0003
.headers,21,0.0003
.ebl,21,0.0003
.trk,21,0.0003
.links,21,0.0003
.mdown,21,0.0003
.cfe,21,0.0003
.feat,21,0.0003
.eview,21,0.0003
.eol,21,0.0003
.mpr,21,0.0003
.neon,21,0.0003
.assets,21,0.0003
.gbo,21,0.0003
.psl,21,0.0003
.qip,21,0.0003
.ub,21,0.0003
.sdp,21,0.0003
.nwb,21,0.0003
.loc,21,0.0003
.cocommonpairs,21,0.0003
.commonpairs,21,0.0003
.mispcommonpairs,21,0.0003
.ab,21,0.0003
.libsonnet,21,0.0003
.trjs,21,0.0003
.xltx,21,0.0003
.rom,21,0.0003
.ffpreset,21,0.0003
.jrxml,21,0.0003
.xpl,21,0.0003
.expectations,21,0.0003
.tmplt,21,0.0003
.colc,21,0.0003
.schelp,21,0.0003
.t8,21,0.0003
.case6_4_demo,21,0.0003
.ppd,21,0.0003
.disasm,21,0.0003
.gdl,21,0.0003
.wkt,21,0.0003
.obfuscator,21,0.0003
.taggers,21,0.0003
.gpml,21,0.0003
.j3odata,21,0.0003
.mcsp,21,0.0003
.depth,21,0.0003
.siple,21,0.0003
.ufm,21,0.0003
.gcd,21,0.0003
.pickled,21,0.0003
.pes,21,0.0003
.34,20,0.0003
.41,20,0.0003
.tran,20,0.0003
.osm,20,0.0003
.abinit,20,0.0003
.subset52_25,20,0.0003
.subset52_45,20,0.0003
.subset52_70,20,0.0003
.subset93_25,20,0.0003
.subset93_45,20,0.0003
.sublime-project,20,0.0003
.dwlt,20,0.0003
.vdproj,20,0.0003
.vtu,20,0.0003
.imp,20,0.0003
.pyt,20,0.0003
.ja,20,0.0003
.parents,20,0.0003
.myapp,20,0.0003
.treetop,20,0.0003
.rendertexture,20,0.0003
.lir,20,0.0003
.polylib,20,0.0003
.dssp,20,0.0003
.cspc,20,0.0003
.lck,20,0.0003
.lpi,20,0.0003
.clib,20,0.0003
.lgpl,20,0.0003
.template~,20,0.0003
.06,20,0.0003
.nab,20,0.0003
.cal,20,0.0003
.copycomplete,20,0.0003
.dihedral,20,0.0003
.epf,20,0.0003
.snippet,20,0.0003
.clog,20,0.0003
.gipl,20,0.0003
.104,20,0.0003
.sec,20,0.0003
.triad,20,0.0003
.ck,20,0.0003
.cct2,20,0.0003
.handlers,20,0.0003
.srt,20,0.0003
.mcmeta,20,0.0003
.ic,20,0.0003
.avp,20,0.0003
.t9,20,0.0003
.anod,20,0.0003
.aig,20,0.0003
.test-fail,20,0.0003
.men,20,0.0003
.not_proved,20,0.0003
.proved,20,0.0003
.used,20,0.0003
.jpf,20,0.0003
.kraken,20,0.0003
.m4v,19,0.0003
.ily,19,0.0003
.css~,19,0.0003
.factories,19,0.0003
.rlx,19,0.0003
.fchk,19,0.0003
.rul,19,0.0003
.lop,19,0.0003
.ignore,19,0.0003
.main,19,0.0003
.coverage,19,0.0003
.fit,19,0.0003
.bfc,19,0.0003
.sketch,19,0.0003
.dproj,19,0.0003
.doxyfile,19,0.0003
.jxr,19,0.0003
.lintian-overrides,19,0.0003
.di,19,0.0003
.verb,19,0.0003
.setup,19,0.0003
.mrc,19,0.0003
.platform,19,0.0003
.fzz,19,0.0003
.dix,19,0.0003
.true,19,0.0003
.x86_64,19,0.0003
.trr,19,0.0003
.hpp~,19,0.0003
.qbk,19,0.0003
.netcdf,19,0.0003
.jspf,19,0.0003
.classdiagramdiag,19,0.0003
.hamlet,19,0.0003
.il,19,0.0003
.jenkinsfile,19,0.0003
.cct1,19,0.0003
.ftn,19,0.0003
.schemas,19,0.0003
.rd~,19,0.0003
.dsimjob,19,0.0003
.cmx,19,0.0003
.t10,19,0.0003
.csm,19,0.0003
.pulses,19,0.0003
.yin,19,0.0003
.jasp,19,0.0003
.gdp,19,0.0003
.zsol,19,0.0003
.kvg,19,0.0003
.rfo,19,0.0003
.java~,18,0.0002
.ses,18,0.0002
.code-workspace,18,0.0002
.atlas,18,0.0002
.cpproj,18,0.0002
.jfc,18,0.0002
.ronn,18,0.0002
.mdc,18,0.0002
.ilk,18,0.0002
.spydata,18,0.0002
.g2o,18,0.0002
.events,18,0.0002
.noun,18,0.0002
.timer,18,0.0002
.ocio,18,0.0002
.gtp,18,0.0002
.doxy,18,0.0002
.bgd,18,0.0002
.qpf,18,0.0002
.lref,18,0.0002
.soft,18,0.0002
.cool,18,0.0002
.dyr,18,0.0002
.pe,18,0.0002
.vsh,18,0.0002
.fbl,18,0.0002
.tdb,18,0.0002
.r2b,18,0.0002
.lhs,18,0.0002
.asciidoc,18,0.0002
.outputs,18,0.0002
.snirf,18,0.0002
.sd,18,0.0002
.latte,18,0.0002
.heh,18,0.0002
.vtree,18,0.0002
.num,18,0.0002
.zout,18,0.0002
.statemachine,18,0.0002
.base64,18,0.0002
.bbclass,18,0.0002
.art,18,0.0002
.prc,18,0.0002
.acts,18,0.0002
.spt,18,0.0002
.gth,18,0.0002
.pog,18,0.0002
.mill,18,0.0002
.zuo,18,0.0002
.sra,18,0.0002
.be,18,0.0002
.macho64,18,0.0002
.c4d,18,0.0002
.colvars,18,0.0002
.emb,18,0.0002
.elp,18,0.0002
.bps,18,0.0002
.prod,18,0.0002
.emfta,18,0.0002
.tce,18,0.0002
.mcidx,18,0.0002
.tmat,18,0.0002
.aag,18,0.0002
.stat_totcorr,18,0.0002
.stations,18,0.0002
.40,17,0.0002
.44,17,0.0002
.repository,17,0.0002
.cats,17,0.0002
.plg,17,0.0002
.done,17,0.0002
.lexc,17,0.0002
.mockmaker,17,0.0002
.vp,17,0.0002
.05,17,0.0002
.004,17,0.0002
.seqs,17,0.0002
.ris,17,0.0002
.arj,17,0.0002
.rulesetprovider,17,0.0002
.frm,17,0.0002
.lis,17,0.0002
.dats,17,0.0002
.cds,17,0.0002
.rev,17,0.0002
.natvis,17,0.0002
.xjb,17,0.0002
.gss,17,0.0002
.trimmed,17,0.0002
.good,17,0.0002
.nh,17,0.0002
.dat~,17,0.0002
.ubuntu,17,0.0002
.lefse_summary,17,0.0002
.kicad_pcb,17,0.0002
.dlo,17,0.0002
.ka,17,0.0002
.arn,17,0.0002
.incritic,17,0.0002
.spv,17,0.0002
.cmp,17,0.0002
.classes,17,0.0002
.500,17,0.0002
.600,17,0.0002
.coeff,17,0.0002
.cha,17,0.0002
.bg,17,0.0002
.flare,17,0.0002
.parm7,17,0.0002
.g4table,17,0.0002
.testfile,17,0.0002
.bar,17,0.0002
.bcsymbolmap,17,0.0002
.rsh,17,0.0002
.u,17,0.0002
.iuparam,17,0.0002
.shadergraph,17,0.0002
.cvr,17,0.0002
.sqn,17,0.0002
.cvmat,17,0.0002
.t11,17,0.0002
.t12,17,0.0002
.tooling,17,0.0002
.xquery,17,0.0002
.clp,17,0.0002
.month,17,0.0002
.year,17,0.0002
.lhe,17,0.0002
.ego,17,0.0002
.5120,17,0.0002
.drw,17,0.0002
.vsn,17,0.0002
.oss,17,0.0002
.g1_ph,16,0.0002
.psm1,16,0.0002
.tml,16,0.0002
.style,16,0.0002
.jp2,16,0.0002
.macosx,16,0.0002
.tfw,16,0.0002
.binaryproto,16,0.0002
.jsonc,16,0.0002
.samples,16,0.0002
.dss,16,0.0002
.defs,16,0.0002
.socket,16,0.0002
.force,16,0.0002
.yy,16,0.0002
.pages,16,0.0002
.mzid,16,0.0002
.start,16,0.0002
.latex,16,0.0002
.changelog,16,0.0002
.z01,16,0.0002
.bval,16,0.0002
.runsettings,16,0.0002
.knwf,16,0.0002
.win32,16,0.0002
.device,16,0.0002
.prep,16,0.0002
.sqldataprovider,16,0.0002
.vssscc,16,0.0002
.cpl,16,0.0002
.odesign,16,0.0002
.console_out,16,0.0002
.metavalue,16,0.0002
.mon,16,0.0002
.5),16,0.0002
.tex~,16,0.0002
.cov,16,0.0002
.42,16,0.0002
.ac0,16,0.0002
.windows,16,0.0002
.mw,16,0.0002
.vala,16,0.0002
.3ddose,16,0.0002
.jpk-force,16,0.0002
.ec,16,0.0002
.msp,16,0.0002
.mpt,16,0.0002
.gsn,16,0.0002
.classdiagramdiag_mavo,16,0.0002
.srim,16,0.0002
.cti,16,0.0002
.framework,16,0.0002
.imgt,16,0.0002
.kabat,16,0.0002
.vcb,16,0.0002
.topo,16,0.0002
.locs,16,0.0002
.svn,16,0.0002
.p2,16,0.0002
.percontig,16,0.0002
.csdfe,16,0.0002
.po4fe,16,0.0002
.stringsdict,16,0.0002
.cfg~,16,0.0002
.dat_results,16,0.0002
.fpj,16,0.0002
.ftx,16,0.0002
.xwam,16,0.0002
.modern,16,0.0002
.hypo_inv,16,0.0002
.g1_disp,15,0.0002
.g1_dos,15,0.0002
.g1_therm,15,0.0002
.m2,15,0.0002
.ztt,15,0.0002
.irmdesign,15,0.0002
.gpickle,15,0.0002
.lgo,15,0.0002
.blend1,15,0.0002
.wsgi,15,0.0002
.xs,15,0.0002
.psyexp,15,0.0002
.labels,15,0.0002
.teal,15,0.0002
.sexp,15,0.0002
.0000,15,0.0002
.drh,15,0.0002
.hs-incl,15,0.0002
.cloc,15,0.0002
.scpt,15,0.0002
.cpo,15,0.0002
.osx,15,0.0002
.tla,15,0.0002
.lt,15,0.0002
.crl,15,0.0002
.asax,15,0.0002
.emx,15,0.0002
.svcinfo,15,0.0002
.ilg,15,0.0002
.ls,15,0.0002
.gdx,15,0.0002
.dotx,15,0.0002
.tst,15,0.0002
.xise,15,0.0002
.mld,15,0.0002
.jlink,15,0.0002
.ifc,15,0.0002
.amova,15,0.0002
.pitch,15,0.0002
.jj2,15,0.0002
.std,15,0.0002
.apfmapping,15,0.0002
.align,15,0.0002
.nef,15,0.0002
.swo,15,0.0002
.gmfgen,15,0.0002
.gmfgraph,15,0.0002
.gmfmap,15,0.0002
.gmftool,15,0.0002
.bsf,15,0.0002
.sjs,15,0.0002
.h90,15,0.0002
.pfsx,15,0.0002
.dtf,15,0.0002
.sgerm,15,0.0002
.human1,15,0.0002
.sdd,15,0.0002
.templ,15,0.0002
.br,15,0.0002
.rosinstall,15,0.0002
.sthlp,15,0.0002
.zi,15,0.0002
.docm,15,0.0002
.cmap,15,0.0002
.wrapper,15,0.0002
.pal,15,0.0002
.nu,15,0.0002
.mxe,15,0.0002
.jen,15,0.0002
.gir,15,0.0002
.rblock,15,0.0002
.mrg,15,0.0002
.dyp,15,0.0002
.decorator,15,0.0002
.embl,15,0.0002
.cir,15,0.0002
.mx3,15,0.0002
.ngms,15,0.0002
.difdeca,15,0.0002
.sgrep,15,0.0002
.exp2,15,0.0002
.parq,15,0.0002
.winkelmann2015,15,0.0002
.tads,15,0.0002
.imp2,15,0.0002
.julia,15,0.0002
.mdw,15,0.0002
.fxs,15,0.0002
.elvish,15,0.0002
.csb,15,0.0002
.t3r,15,0.0002
.geo2s,15,0.0002
.rel,15,0.0002
.task1,15,0.0002
.unitless,15,0.0002
.qseq,15,0.0002
.capnp,14,0.0002
.report,14,0.0002
.tl,14,0.0002
.poscar,14,0.0002
.bl,14,0.0002
.unitypackage,14,0.0002
.fc,14,0.0002
.ff,14,0.0002
.ddb,14,0.0002
.notes,14,0.0002
.security,14,0.0002
.ruleset,14,0.0002
.gaf,14,0.0002
.system,14,0.0002
.sorted-by-tts,14,0.0002
.hc,14,0.0002
.gmm,14,0.0002
.jslib,14,0.0002
.apache2,14,0.0002
.nxs,14,0.0002
.des,14,0.0002
.swg,14,0.0002
.gbp,14,0.0002
.pcbdoc,14,0.0002
.tiny,14,0.0002
.au3,14,0.0002
.pbf,14,0.0002
.doxygen,14,0.0002
.wam,14,0.0002
.igs,14,0.0002
.flex,14,0.0002
.centos,14,0.0002
.site,14,0.0002
.pvsm,14,0.0002
.hdfs,14,0.0002
.gzi,14,0.0002
.fb,14,0.0002
.arb,14,0.0002
.64,14,0.0002
.yapf,14,0.0002
.rst_t,14,0.0002
.trainer,14,0.0002
.norm~,14,0.0002
.z-run,14,0.0002
.2bit,14,0.0002
.tlt,14,0.0002
.upgrade_log,14,0.0002
.s2j,14,0.0002
.mmtf,14,0.0002
.eap,14,0.0002
.hlsli,14,0.0002
.fz,14,0.0002
.fx,14,0.0002
.bin+8,14,0.0002
.bin+4,14,0.0002
.protoc,14,0.0002
.work,14,0.0002
.xtendbin,14,0.0002
.mph,14,0.0002
.cnd,14,0.0002
.sld,14,0.0002
.bbmodel,14,0.0002
.lrat,14,0.0002
.sha512,14,0.0002
.ffly,14,0.0002
.mhd,14,0.0002
.ncml,14,0.0002
.hexdump,14,0.0002
.pil,14,0.0002
.pow,14,0.0002
.mcl,14,0.0002
.cdxml,14,0.0002
.documentation,14,0.0002
.pro~,14,0.0002
.ktr,14,0.0002
.72x72,14,0.0002
.spingl,14,0.0002
.fullchain,14,0.0002
.jstest,14,0.0002
.rfx,14,0.0002
.gws,14,0.0002
.oebin,14,0.0002
.epl,14,0.0002
.bem,14,0.0002
.cooc,14,0.0002
.gizacfg,14,0.0002
.vot,13,0.0002
.trc,13,0.0002
.fof,13,0.0002
.upstart,13,0.0002
.twol,13,0.0002
.trm,13,0.0002
.poly,13,0.0002
.lic,13,0.0002
.expcap,13,0.0002
.ele,13,0.0002
.ahead,13,0.0002
.smiles,13,0.0002
.pmd,13,0.0002
.dbn,13,0.0002
.gold,13,0.0002
.dmnd,13,0.0002
.back,13,0.0002
.notation,13,0.0002
.cmn,13,0.0002
.rlog,13,0.0002
.prof,13,0.0002
.dsc,13,0.0002
.fct,13,0.0002
.application,13,0.0002
.bvec,13,0.0002
.splign,13,0.0002
.gzip,13,0.0002
.frc,13,0.0002
.xconf,13,0.0002
.sublime-workspace,13,0.0002
.pra,13,0.0002
.tree7,13,0.0002
.vstemplate,13,0.0002
.dft,13,0.0002
.jjt,13,0.0002
.qry,13,0.0002
.dx,13,0.0002
.py__,13,0.0002
.bfactor,13,0.0002
.qnp,13,0.0002
.bt,13,0.0002
.webgmex,13,0.0002
.pig,13,0.0002
.ti,13,0.0002
.clu,13,0.0002
.xlsx#,13,0.0002
.trs,13,0.0002
.cppcheck,13,0.0002
.gql,13,0.0002
.kmc,13,0.0002
.vhdr,13,0.0002
.bdf,13,0.0002
.dtsi,13,0.0002
.relationaldatabase_mavo,13,0.0002
.condor,13,0.0002
.mop,13,0.0002
.pmml,13,0.0002
.single,13,0.0002
.nsv,13,0.0002
.doo,13,0.0002
.hdtcfg,13,0.0002
.bql,13,0.0002
.wbt,13,0.0002
.elc,13,0.0002
.otio,13,0.0002
.t13,13,0.0002
.t14,13,0.0002
.t15,13,0.0002
.latexml,13,0.0002
.qws,13,0.0002
.bc18t,13,0.0002
.lef,13,0.0002
.bmask,13,0.0002
.72x72x16,13,0.0002
.picked,13,0.0002
.prb,13,0.0002
.testsuite,13,0.0002
.hse,13,0.0002
.dom,13,0.0002
.clocs,13,0.0002
.depend,12,0.0002
.sbj,12,0.0002
.json~,12,0.0002
.asq,12,0.0002
.tap,12,0.0002
.hp,12,0.0002
.mlpack,12,0.0002
.bundle,12,0.0002
.ncb,12,0.0002
.005,12,0.0002
.bad,12,0.0002
.masked,12,0.0002
.repositories,12,0.0002
.javajetinc,12,0.0002
.wixproj,12,0.0002
.wrap,12,0.0002
.dvn,12,0.0002
.sorted,12,0.0002
.efg,12,0.0002
.005_32,12,0.0002
.mus,12,0.0002
.xdy,12,0.0002
.ist,12,0.0002
.cxt,12,0.0002
.demo,12,0.0002
.mzml,12,0.0002
.solution,12,0.0002
.gfortran,12,0.0002
.postrm,12,0.0002
.gko,12,0.0002
.z02,12,0.0002
.clo,12,0.0002
.plantuml,12,0.0002
.textile,12,0.0002
.gnumeric,12,0.0002
.sky,12,0.0002
.edx,12,0.0002
.alt,12,0.0002
.dcp,12,0.0002
.binary,12,0.0002
.cssr,12,0.0002
.topojson,12,0.0002
.tis,12,0.0002
.ashx,12,0.0002
.prefixes,12,0.0002
.entropy,12,0.0002
.c++,12,0.0002
.pol,12,0.0002
.assign,12,0.0002
.te,12,0.0002
.helium,12,0.0002
.df,12,0.0002
.arf,12,0.0002
.slab,12,0.0002
.pabs,12,0.0002
.lx,12,0.0002
.spectrum,12,0.0002
.srav2,12,0.0002
.eqc,12,0.0002
.vmrk,12,0.0002
.oct,12,0.0002
.mingw,12,0.0002
.ress,12,0.0002
.cof,12,0.0002
.xcix,12,0.0002
.nav,12,0.0002
.cct5,12,0.0002
.x2r,12,0.0002
.taxonomy,12,0.0002
.merge,12,0.0002
.sfit,12,0.0002
.boa,12,0.0002
.intra,12,0.0002
.afa,12,0.0002
.clrat,12,0.0002
.vdf,12,0.0002
.phyx,12,0.0002
.abox,12,0.0002
.smd,12,0.0002
.svl,12,0.0002
.ren,12,0.0002
.fng,12,0.0002
.jdl,12,0.0002
.luma,12,0.0002
.fds,12,0.0002
.inc~,12,0.0002
.dtrace,12,0.0002
.slog,12,0.0002
.couch,12,0.0002
.ad,12,0.0002
.vv,12,0.0002
.appflow,12,0.0002
.pk8,12,0.0002
.dat_mur,11,0.0001
.tmp_mur,11,0.0001
.lai,11,0.0001
.pckl,11,0.0001
.ord,11,0.0001
.comm,11,0.0001
.epi,11,0.0001
.uxml,11,0.0001
.id,11,0.0001
.srl,11,0.0001
.jfd,11,0.0001
.dockerignore,11,0.0001
.006,11,0.0001
.circles,11,0.0001
.blast,11,0.0001
.inline,11,0.0001
.escript,11,0.0001
.frame,11,0.0001
.userprefs,11,0.0001
.vsixmanifest,11,0.0001
.gst,11,0.0001
.amr,11,0.0001
.ncdi,11,0.0001
.mel,11,0.0001
.rpc,11,0.0001
.mha,11,0.0001
.dcif,11,0.0001
.nse,11,0.0001
.gypi,11,0.0001
.rfis,11,0.0001
.generic,11,0.0001
.cdf,11,0.0001
.phi0,11,0.0001
.qgz,11,0.0001
.framestext,11,0.0001
.block,11,0.0001
.spi1d,11,0.0001
.apr_lib,11,0.0001
.drr,11,0.0001
.extrep,11,0.0001
.ldp,11,0.0001
.z03,11,0.0001
.fdx,11,0.0001
.fnm,11,0.0001
.cxxlist,11,0.0001
.mpl2,11,0.0001
.msi,11,0.0001
.bhe,11,0.0001
.bhn,11,0.0001
.bhz,11,0.0001
.icm,11,0.0001
.mag,11,0.0001
.scene,11,0.0001
.transform,11,0.0001
.re,11,0.0001
.xtextbin,11,0.0001
.mpileup,11,0.0001
.desent,11,0.0001
.mixfile,11,0.0001
.fileout,11,0.0001
.moon,11,0.0001
.gon,11,0.0001
.gonstats,11,0.0001
.cp256,11,0.0001
.qdf,11,0.0001
.water,11,0.0001
.dlg,11,0.0001
.lad,11,0.0001
.js_broken,11,0.0001
.jx,11,0.0001
.ion,11,0.0001
.epp,11,0.0001
.bcs,11,0.0001
.evaluation,11,0.0001
.prediction,11,0.0001
.importance,11,0.0001
.residuals,11,0.0001
.keep,11,0.0001
.c_shipped,11,0.0001
.cc~,11,0.0001
.y4m,11,0.0001
.txt-utf8,11,0.0001
.bicep,11,0.0001
.color,11,0.0001
.coords,11,0.0001
.layoutxml,11,0.0001
.edt,11,0.0001
.bigwig,11,0.0001
.down,11,0.0001
.r2016b,11,0.0001
.gtop,11,0.0001
.wbproj,11,0.0001
.view,11,0.0001
.lr,11,0.0001
.coord,11,0.0001
.gringo,11,0.0001
.freelist,11,0.0001
.t16,11,0.0001
.t17,11,0.0001
.t18,11,0.0001
.t19,11,0.0001
.t20,11,0.0001
.t21,11,0.0001
.t22,11,0.0001
.t23,11,0.0001
.t24,11,0.0001
.t25,11,0.0001
.t26,11,0.0001
.multiplerec,11,0.0001
.cgi~,11,0.0001
.ldef,11,0.0001
.vgperf,11,0.0001
.arcs,11,0.0001
.gappedpeak,11,0.0001
.info-sparql,11,0.0001
.hl7,11,0.0001
.qual,11,0.0001
.tjs,11,0.0001
.flx,11,0.0001
.arff 2,11,0.0001
.arff 3,11,0.0001
.basenum,11,0.0001
.dat_ref,11,0.0001
.csharp,11,0.0001
.kern,11,0.0001
.lbj,11,0.0001
.axe,11,0.0001
.errors,10,0.0001
.w32,10,0.0001
.phpt,10,0.0001
.fdf,10,0.0001
.vels,10,0.0001
.ly,10,0.0001
.cont,10,0.0001
.cor,10,0.0001
.netchop,10,0.0001
.pcm,10,0.0001
.gdml,10,0.0001
.plx,10,0.0001
.pl~,10,0.0001
.ipr,10,0.0001
.tags,10,0.0001
.groupproj,10,0.0001
.grace,10,0.0001
.ddk,10,0.0001
.egofeat,10,0.0001
.featnames,10,0.0001
.access,10,0.0001
.fixme,10,0.0001
.development,10,0.0001
.logrotate,10,0.0001
.cpio,10,0.0001
.adr,10,0.0001
.alr,10,0.0001
.hst,10,0.0001
.pack,10,0.0001
.apkg,10,0.0001
.pyw,10,0.0001
.sense,10,0.0001
.bson,10,0.0001
.cdr,10,0.0001
.macros,10,0.0001
.wbf,10,0.0001
.properties~,10,0.0001
.xop,10,0.0001
.z04,10,0.0001
.hsreplay,10,0.0001
.minpack,10,0.0001
.bpipe,10,0.0001
.mysql,10,0.0001
.ipy,10,0.0001
.axes,10,0.0001
.mml,10,0.0001
.xil,10,0.0001
.query,10,0.0001
.pyxbld,10,0.0001
.dnn,10,0.0001
.data-00000-of-00002,10,0.0001
.data-00001-of-00002,10,0.0001
.dpx,10,0.0001
.atp,10,0.0001
.ide,10,0.0001
.hcp,10,0.0001
.128,10,0.0001
.omh,10,0.0001
.hlean,10,0.0001
.uniq,10,0.0001
.nbc,10,0.0001
.linestats,10,0.0001
.fieldml,10,0.0001
.kompren,10,0.0001
.defaults,10,0.0001
.256,10,0.0001
.512,10,0.0001
.599,10,0.0001
.640,10,0.0001
.700,10,0.0001
.800,10,0.0001
.900,10,0.0001
.body,10,0.0001
.tii,10,0.0001
.epub,10,0.0001
.nopct,10,0.0001
.bug,10,0.0001
.vtt,10,0.0001
.download,10,0.0001
.flux,10,0.0001
.trad,10,0.0001
.logp-sa,10,0.0001
.opat,10,0.0001
.mode1v3,10,0.0001
.vlw,10,0.0001
.srav1,10,0.0001
.tbz2,10,0.0001
.gram,10,0.0001
.ladder,10,0.0001
.comp,10,0.0001
.gds,10,0.0001
.gaussianlog,10,0.0001
.nyx,10,0.0001
.test2,10,0.0001
.jsonp,10,0.0001
.area,10,0.0001
.bpp1,10,0.0001
.bpp2,10,0.0001
.bpp3,10,0.0001
.bpp4,10,0.0001
.bpp5,10,0.0001
.bpp6,10,0.0001
.popmap,10,0.0001
.b2g,10,0.0001
.raml,10,0.0001
.czml,10,0.0001
.lpmln,10,0.0001
.p2m,10,0.0001
.mannitol,10,0.0001
.mprim,10,0.0001
.pklz,10,0.0001
.spp,10,0.0001
.fmf,10,0.0001
.flcvr,10,0.0001
.2010,10,0.0001
.opencl,10,0.0001
.p3,10,0.0001
.rua,10,0.0001
.81x,10,0.0001
.wdx,10,0.0001
.pdf_t,10,0.0001
.decode,10,0.0001
.ojs,10,0.0001
.qsp,10,0.0001
.cascade,10,0.0001
.tea,10,0.0001
.javascript,10,0.0001
.xsig,10,0.0001
.idlsave,10,0.0001
.revcom,10,0.0001
.xctestplan,10,0.0001
.cogsbox,10,0.0001
.dockq,10,0.0001
.correctedsolution,10,0.0001
.diurnal,10,0.0001
.rib,10,0.0001
.tsdb,10,0.0001
.jpt,10,0.0001
.jsons,10,0.0001
.2d,10,0.0001
.dr,10,0.0001
.pss,10,0.0001
.backendproviderservice,10,0.0001
.mode1,10,0.0001
.ba,10,0.0001
.neic,10,0.0001
.illumina_lane_metrics,10,0.0001
.genotype_concordance_contingency_metrics,10,0.0001
.genotype_concordance_detail_metrics,10,0.0001
.genotype_concordance_summary_metrics,10,0.0001
.35,9,0.0001
.50,9,0.0001
.tfam,9,0.0001
.tped,9,0.0001
.absoft,9,0.0001
.irmdesign_diagram,9,0.0001
.mlappinstall,9,0.0001
.big,9,0.0001
.systemd,9,0.0001
.vars,9,0.0001
.unused,9,0.0001
.meme,9,0.0001
.elements,9,0.0001
.psml,9,0.0001
.libraries,9,0.0001
.ambr,9,0.0001
.dfm,9,0.0001
.resw,9,0.0001
.ioc,9,0.0001
.m4a,9,0.0001
.rz,9,0.0001
.cmds,9,0.0001
.w,9,0.0001
.005_100,9,0.0001
.005_316,9,0.0001
.guiskin,9,0.0001
.partaa,9,0.0001
.partab,9,0.0001
.gbff,9,0.0001
.darwin,9,0.0001
.cthm,9,0.0001
.nnw,9,0.0001
.fla,9,0.0001
.mmdb,9,0.0001
.eig,9,0.0001
.codon,9,0.0001
.ut,9,0.0001
.xst,9,0.0001
.fragmentshader,9,0.0001
.ksh,9,0.0001
.pgi,9,0.0001
.unix,9,0.0001
.pcfg,9,0.0001
.ddl,9,0.0001
.native,9,0.0001
.ihx,9,0.0001
.pegjs,9,0.0001
.logfile,9,0.0001
.timestamps,9,0.0001
.clust,9,0.0001
.axaml,9,0.0001
.phylip,9,0.0001
.lcp,9,0.0001
.pr_curve,9,0.0001
.roc_curve,9,0.0001
.classifier_config,9,0.0001
.optim,9,0.0001
.mappings,9,0.0001
.jardesc,9,0.0001
.tcs,9,0.0001
.gpi,9,0.0001
.loci,9,0.0001
.rst7,9,0.0001
.350,9,0.0001
.fmu,9,0.0001
.rp,9,0.0001
.js_bak,9,0.0001
.pygtex,9,0.0001
.product,9,0.0001
.fad,9,0.0001
.intervals,9,0.0001
.3dti-brir,9,0.0001
.libyaml,9,0.0001
.qix,9,0.0001
.xap,9,0.0001
.mc,9,0.0001
.sai,9,0.0001
.orc,9,0.0001
.soy,9,0.0001
.vfp,9,0.0001
.cygwin,9,0.0001
.ssc,9,0.0001
.os,9,0.0001
.epc,9,0.0001
.fsg,9,0.0001
.dtb,9,0.0001
.dtx,9,0.0001
.session,9,0.0001
.manual,9,0.0001
.extension,9,0.0001
.acc,9,0.0001
.customer,9,0.0001
.up,9,0.0001
.mk~,9,0.0001
.阿里旺旺接收的可疑文件,9,0.0001
.toolreference,9,0.0001
.hcd,9,0.0001
.chang,9,0.0001
.sc2replay,9,0.0001
.iutraj,9,0.0001
.pds,9,0.0001
.patt,9,0.0001
.rgs,9,0.0001
.ig,9,0.0001
.mlm,9,0.0001
.instances,9,0.0001
.tlc,9,0.0001
.msbuild,9,0.0001
.ans,9,0.0001
.sgm,9,0.0001
.decls,9,0.0001
.topostats,9,0.0001
.fwanom,9,0.0001
.18x18x16,9,0.0001
.25po4_590m_1298w_rad32,9,0.0001
.25po4_590m_1298w_rad4,9,0.0001
.25po4_590m_1368w_rad16,9,0.0001
.5po4_590m_1298w_rad32,9,0.0001
.5po4_590m_1298w_rad4,9,0.0001
.5po4_590m_1368w_rad16,9,0.0001
.75po4_590m_1298w_rad32,9,0.0001
.75po4_590m_1298w_rad4,9,0.0001
.75po4_590m_1368w_rad16,9,0.0001
.0po4_590m_1298w_rad32,9,0.0001
.0po4_590m_1298w_rad4,9,0.0001
.0po4_590m_1368w_rad16,9,0.0001
.hmm2,9,0.0001
.qpt,9,0.0001
.implications,9,0.0001
.decl,9,0.0001
.pmx,9,0.0001
.xcnf,9,0.0001
.bur,9,0.0001
.gox,9,0.0001
.pma,9,0.0001
.basl,9,0.0001
.tsl,9,0.0001
.xco,9,0.0001
.ob0,9,0.0001
.l4,9,0.0001
.grdgmt,9,0.0001
.latlon,9,0.0001
.g2_ph,8,0.0001
.g3_ph,8,0.0001
.g4_ph,8,0.0001
.g5_ph,8,0.0001
.g6_ph,8,0.0001
.g7_ph,8,0.0001
.g8_ph,8,0.0001
.g9_ph,8,0.0001
.47,8,0.0001
.tblout,8,0.0001
.umlt,8,0.0001
.deps,8,0.0001
.sce,8,0.0001
.ml4,8,0.0001
.ucsc,8,0.0001
.3pm,8,0.0001
.car,8,0.0001
.odocl,8,0.0001
.g3db,8,0.0001
.fac,8,0.0001
.rsd,8,0.0001
.txn,8,0.0001
.128procs,8,0.0001
.newedges,8,0.0001
.newfeatnames,8,0.0001
.nodefeat,8,0.0001
.preamble,8,0.0001
.ros,8,0.0001
.clusters,8,0.0001
.louvain,8,0.0001
.est,8,0.0001
.travis,8,0.0001
.rej,8,0.0001
.dbd,8,0.0001
.notused,8,0.0001
.cnet,8,0.0001
.timestamp,8,0.0001
.tmlanguage,8,0.0001
.lv,8,0.0001
.sk,8,0.0001
.posl~,8,0.0001
.pres~,8,0.0001
.fsproj,8,0.0001
.changes,8,0.0001
.svcmap,8,0.0001
.esv,8,0.0001
.jwk,8,0.0001
.thmx,8,0.0001
.sbproj,8,0.0001
.pytor,8,0.0001
.apache,8,0.0001
.spi3d,8,0.0001
.130,8,0.0001
.cfin,8,0.0001
.pjs,8,0.0001
.ptf,8,0.0001
.pto,8,0.0001
.lof,8,0.0001
.jcm,8,0.0001
.1000,8,0.0001
.gitignore,8,0.0001
.xcprivacy,8,0.0001
.aix,8,0.0001
.csvs,8,0.0001
.pbxbtree,8,0.0001
.fpt,8,0.0001
.robot,8,0.0001
.xcscmblueprint,8,0.0001
.machines,8,0.0001
.tsf,8,0.0001
.gm1,8,0.0001
.kicad_pcb-bak,8,0.0001
.resfiles,8,0.0001
.intermediate,8,0.0001
.ttc,8,0.0001
.configurations,8,0.0001
.mhelp,8,0.0001
.mldylib,8,0.0001
.evp,8,0.0001
.propertiesjet,8,0.0001
.z05,8,0.0001
.nbi,8,0.0001
.sander,8,0.0001
.brain,8,0.0001
.120,8,0.0001
.140,8,0.0001
.196,8,0.0001
.220,8,0.0001
.240,8,0.0001
.250,8,0.0001
.420,8,0.0001
.63,8,0.0001
.75,8,0.0001
.841,8,0.0001
.old01,8,0.0001
.stk,8,0.0001
.m8,8,0.0001
.xar,8,0.0001
.umap,8,0.0001
.jhm,8,0.0001
.bor,8,0.0001
.orfeo,8,0.0001
.booleannet,8,0.0001
.iob2,8,0.0001
.production,8,0.0001
.rc2,8,0.0001
.usagemodel,8,0.0001
.highres,8,0.0001
.contents,8,0.0001
.orf,8,0.0001
.limitedlp,8,0.0001
.xf,8,0.0001
.dpc,8,0.0001
.valgrind,8,0.0001
.cnv,8,0.0001
.locked,8,0.0001
.python,8,0.0001
.grammar,8,0.0001
.nuc,8,0.0001
.web,8,0.0001
.constraint,8,0.0001
.statemachinediag,8,0.0001
.vcg,8,0.0001
.es6,8,0.0001
.u_c_hihi,8,0.0001
.u_c_hilo,8,0.0001
.u_c_lohi,8,0.0001
.u_c_lolo,8,0.0001
.u_i_hihi,8,0.0001
.u_i_hilo,8,0.0001
.u_i_lohi,8,0.0001
.u_i_lolo,8,0.0001
.u_s_hihi,8,0.0001
.u_s_hilo,8,0.0001
.u_s_lohi,8,0.0001
.u_s_lolo,8,0.0001
.cuda,8,0.0001
.engineprovider,8,0.0001
.zooprovider,8,0.0001
.mdin,8,0.0001
.mgh,8,0.0001
.ambdec,8,0.0001
.bpp7,8,0.0001
.diag,8,0.0001
.xg,8,0.0001
.snm,8,0.0001
.yaml~,8,0.0001
.certs,8,0.0001
.b#1,8,0.0001
.vk,8,0.0001
.tree0,8,0.0001
.tree1,8,0.0001
.tree2,8,0.0001
.tree3,8,0.0001
.tree4,8,0.0001
.tree5,8,0.0001
.tree6,8,0.0001
.tree8,8,0.0001
.tree9,8,0.0001
.dbl,8,0.0001
.envfile,8,0.0001
.review,8,0.0001
.tlh,8,0.0001
.spi,8,0.0001
.jvxl,8,0.0001
.chrlist,8,0.0001
.physs,8,0.0001
.hlf,8,0.0001
.gotemp,8,0.0001
.bytes,8,0.0001
.eab,8,0.0001
.ocb,8,0.0001
.nbt,8,0.0001
.pe64,8,0.0001
.synth,8,0.0001
.leo,8,0.0001
.cmtx,8,0.0001
.lyx~,8,0.0001
.xlsb,8,0.0001
.weight,8,0.0001
.bugs,8,0.0001
.xed,8,0.0001
.genepred,8,0.0001
.2008,8,0.0001
.hopper,8,0.0001
.texshop,8,0.0001
.cia,8,0.0001
.aut,8,0.0001
.cc3d,8,0.0001
.pomdpx,8,0.0001
.cphp,8,0.0001
.nn-01000,8,0.0001
.mlypack,8,0.0001
.fastqsanger,8,0.0001
.i18n,8,0.0001
.bull,8,0.0001
.xcu,8,0.0001
.lib_data,8,0.0001
.dependencies,8,0.0001
.l2,8,0.0001
.eac,8,0.0001
.lvclass,8,0.0001
.swarm,8,0.0001
.gopher,8,0.0001
.fa_,8,0.0001
.apron,8,0.0001
.wtf,8,0.0001
.historical,8,0.0001
.tadb,8,0.0001
.pnts,8,0.0001
.pbn,8,0.0001
.og,8,0.0001
.gfs,8,0.0001
.xmp,8,0.0001
.gwd,8,0.0001
.itx,8,0.0001
.wise,8,0.0001
.fak,8,0.0001
.tgf,8,0.0001
.leopard,8,0.0001
.chemos-xps-8300,8,0.0001
.1000hz,8,0.0001
.iaproj,8,0.0001
.2levels,8,0.0001
.coords_tmp,8,0.0001
.unaligned,8,0.0001
.geo3s,8,0.0001
.dmm,8,0.0001
.ebi,8,0.0001
.ncsa,8,0.0001
.32intel,8,0.0001
.nec,8,0.0001
.odyssey,8,0.0001
.sesame,8,0.0001
.sesame~,8,0.0001
.tiger,8,0.0001
.bcimet,8,0.0001
.bartlett,8,0.0001
.a3m,8,0.0001
.mbtiles,8,0.0001
.shield,8,0.0001
.e2f,8,0.0001
.f2e,8,0.0001
.gmtxy,8,0.0001
.pvx,8,0.0001
.37,7,0.0001
.38,7,0.0001
.49,7,0.0001
.ijmap,7,0.0001
.p4~,7,0.0001
.teff,7,0.0001
.robj,7,0.0001
.devel,7,0.0001
.small,7,0.0001
.contigs,7,0.0001
.adt,7,0.0001
.pico,7,0.0001
.atr,7,0.0001
.comps,7,0.0001
.swaps,7,0.0001
.psp_mod,7,0.0001
.pspgth,7,0.0001
.s2p,7,0.0001
.lexicon,7,0.0001
.ocl,7,0.0001
.log4net,7,0.0001
.slm,7,0.0001
.logger,7,0.0001
.laz,7,0.0001
.twb,7,0.0001
.3d,7,0.0001
.llvm,7,0.0001
.xps,7,0.0001
.blob,7,0.0001
.fd,7,0.0001
.navdata,7,0.0001
.316,7,0.0001
.gmms,7,0.0001
.sphere,7,0.0001
.wos,7,0.0001
.partac,7,0.0001
.partad,7,0.0001
.partae,7,0.0001
.hkl,7,0.0001
.seeds,7,0.0001
.xswt,7,0.0001
.dna,7,0.0001
.stash,7,0.0001
.bash-completion,7,0.0001
.objectfactory,7,0.0001
.dig,7,0.0001
.minimal,7,0.0001
.xsh,7,0.0001
.dn,7,0.0001
.paml,7,0.0001
.browser,7,0.0001
.testing,7,0.0001
.ebuild,7,0.0001
.note,7,0.0001
.t3001,7,0.0001
.py#,7,0.0001
.rxntbl,7,0.0001
.macos,7,0.0001
.gfrm,7,0.0001
.testsettings,7,0.0001
.da,7,0.0001
.tests,7,0.0001
.lighting,7,0.0001
.exp5438,7,0.0001
.loom,7,0.0001
.fcl,7,0.0001
.cpc,7,0.0001
.ansible,7,0.0001
.ff14sb,7,0.0001
.r0,7,0.0001
.predict,7,0.0001
.mr,7,0.0001
.token,7,0.0001
.dms,7,0.0001
.conllulex,7,0.0001
.line1,7,0.0001
.hsd,7,0.0001
.exceptions,7,0.0001
.synsets,7,0.0001
.aaxl,7,0.0001
.type,7,0.0001
.fin,7,0.0001
.tur,7,0.0001
.asn1,7,0.0001
.hip,7,0.0001
.sel,7,0.0001
.nos,7,0.0001
.dos,7,0.0001
.pdos_tot,7,0.0001
.add,7,0.0001
.arm,7,0.0001
.dng,7,0.0001
.dasc,7,0.0001
.cnn,7,0.0001
.xmljet,7,0.0001
.broken,7,0.0001
.ltx,7,0.0001
.preprocessed,7,0.0001
.ccxml,7,0.0001
.deeplearn6,7,0.0001
.deeplearn5,7,0.0001
.custom,7,0.0001
.logic,7,0.0001
.formatted,7,0.0001
.07,7,0.0001
.150,7,0.0001
.208,7,0.0001
.228,7,0.0001
.230,7,0.0001
.238,7,0.0001
.248,7,0.0001
.258,7,0.0001
.36,7,0.0001
.387,7,0.0001
.62,7,0.0001
.620,7,0.0001
.630,7,0.0001
.650,7,0.0001
.optdata,7,0.0001
.sigdata,7,0.0001
.dp,7,0.0001
.qhp,7,0.0001
.sst,7,0.0001
.rmf,7,0.0001
.truststore,7,0.0001
.aarch64,7,0.0001
.pfg,7,0.0001
.xcplayground,7,0.0001
.uvproj,7,0.0001
.ssl,7,0.0001
.rec,7,0.0001
.dag,7,0.0001
.bbx,7,0.0001
.dsl,7,0.0001
.cori,7,0.0001
.b64,7,0.0001
.ms2,7,0.0001
.erase,7,0.0001
.erase2,7,0.0001
.empty,7,0.0001
.dj,7,0.0001
.nmake,7,0.0001
.lts,7,0.0001
.rdr,7,0.0001
.oifits,7,0.0001
.scf,7,0.0001
.docbook,7,0.0001
.vml,7,0.0001
.per,7,0.0001
.pick,7,0.0001
.bpp8,7,0.0001
.error,7,0.0001
.mobi,7,0.0001
.store,7,0.0001
.v3,7,0.0001
.sort,7,0.0001
.ptg,7,0.0001
.wnk,7,0.0001
.cleaned,7,0.0001
.s#1,7,0.0001
.transcript,7,0.0001
.dfyi,7,0.0001
.parameters,7,0.0001
.pag,7,0.0001
.uvt,7,0.0001
.sumocfg,7,0.0001
.cvt,7,0.0001
.cquery,7,0.0001
.deploy,7,0.0001
.term,7,0.0001
.questa,7,0.0001
.mafft,7,0.0001
.3mf,7,0.0001
.srec,7,0.0001
.mlw,7,0.0001
.xspec,7,0.0001
.orm-eng,7,0.0001
.bina+w,7,0.0001
.gazebo,7,0.0001
.preferences,7,0.0001
.wsdd,7,0.0001
.qrs,7,0.0001
.mlmodel,7,0.0001
.eviewtype,7,0.0001
.affix,7,0.0001
.jbl,7,0.0001
.omod,7,0.0001
.dpf,7,0.0001
.bpm,7,0.0001
.amc,7,0.0001
.misc,7,0.0001
.tlf,7,0.0001
.hql,7,0.0001
.actives,7,0.0001
.inactives,7,0.0001
.mae,7,0.0001
.rngstate,7,0.0001
.chore,7,0.0001
.lum,7,0.0001
.contacts,7,0.0001
.exp-kfail,7,0.0001
.sla,7,0.0001
.mspdi,7,0.0001
.bls,7,0.0001
.icao,7,0.0001
.idx3-ubyte,7,0.0001
.idx1-ubyte,7,0.0001
.awc,7,0.0001
.ohf,7,0.0001
.prom,7,0.0001
.1024,7,0.0001
.00km,7,0.0001
.c3t,7,0.0001
.sumup,7,0.0001
.fdesc,7,0.0001
.gui,7,0.0001
.sing,7,0.0001
.nvisionam-v100,7,0.0001
.minf,7,0.0001
.grow-diag-final-and,7,0.0001
.bait_bias_detail_metrics,7,0.0001
.bait_bias_summary_metrics,7,0.0001
.error_summary_metrics,7,0.0001
.pre_adapter_detail_metrics,7,0.0001
.pre_adapter_summary_metrics,7,0.0001
.illumina_phasing_metrics,7,0.0001
.1_0,6,0.0001
.2_0,6,0.0001
.3_0,6,0.0001
.scenario,6,0.0001
.lpp,6,0.0001
.ypp,6,0.0001
.lambda,6,0.0001
.ilp,6,0.0001
.atomicdata,6,0.0001
.cyjs,6,0.0001
.ofr,6,0.0001
.uss,6,0.0001
.imports,6,0.0001
.singlets,6,0.0001
.large,6,0.0001
.feb,6,0.0001
.max_comps,6,0.0001
.server,6,0.0001
.32procs,6,0.0001
.brm,6,0.0001
.circuit,6,0.0001
.foo,6,0.0001
.marisa,6,0.0001
.sacr,6,0.0001
.chasm,6,0.0001
.groups,6,0.0001
.pmt,6,0.0001
.hu,6,0.0001
.lz,6,0.0001
.zoo,6,0.0001
.alu,6,0.0001
.zarr,6,0.0001
.trg,6,0.0001
.sources,6,0.0001
.disco,6,0.0001
.partaf,6,0.0001
.prn,6,0.0001
.686,6,0.0001
.info-1,6,0.0001
.info-2,6,0.0001
.prl,6,0.0001
.mec,6,0.0001
.andl,6,0.0001
.dd,6,0.0001
.jmd,6,0.0001
.cfout,6,0.0001
.cout,6,0.0001
.mexarmhf,6,0.0001
.inj,6,0.0001
.f~,6,0.0001
.head,6,0.0001
.subdir,6,0.0001
.jison,6,0.0001
.fh,6,0.0001
.entry,6,0.0001
.evaluator,6,0.0001
.expression,6,0.0001
.traits,6,0.0001
.vsmdi,6,0.0001
.dat2,6,0.0001
.arq,6,0.0001
.ffdata,6,0.0001
.ffindex,6,0.0001
.hmap,6,0.0001
.cc1350,6,0.0001
.cc2650,6,0.0001
.z1,6,0.0001
.rss,6,0.0001
.svg#fontawesome,6,0.0001
.runtime,6,0.0001
.names_map,6,0.0001
.m#,6,0.0001
.r1,6,0.0001
.slk,6,0.0001
.provn,6,0.0001
.spdx,6,0.0001
.retry,6,0.0001
.border,6,0.0001
.tdf,6,0.0001
.e4xmi,6,0.0001
.asmx,6,0.0001
.007,6,0.0001
.regions,6,0.0001
.ehoa,6,0.0001
.line2,6,0.0001
.suite,6,0.0001
.beagle,6,0.0001
.ased,6,0.0001
.fdr3,6,0.0001
.tle,6,0.0001
.wat,6,0.0001
.lam,6,0.0001
.svm,6,0.0001
.tconf,6,0.0001
.jucer,6,0.0001
.gmql,6,0.0001
.magma,6,0.0001
.qdoc,6,0.0001
.cam,6,0.0001
.08,6,0.0001
.320,6,0.0001
.39,6,0.0001
.45,6,0.0001
.550,6,0.0001
.66,6,0.0001
.768,6,0.0001
.941,6,0.0001
.libs,6,0.0001
.vgm,6,0.0001
.zls,6,0.0001
.mango,6,0.0001
.qch,6,0.0001
.prx,6,0.0001
.pygstyle,6,0.0001
.spm,6,0.0001
.potx,6,0.0001
.ns_movements,6,0.0001
.uvopt,6,0.0001
.lac,6,0.0001
.tm2,6,0.0001
.3dti-ild,6,0.0001
.cites,6,0.0001
.njk,6,0.0001
.wikis,6,0.0001
.wikis_clean,6,0.0001
.efi,6,0.0001
.dedal,6,0.0001
.cppr8s,6,0.0001
.usagemodel_diagram,6,0.0001
.eq,6,0.0001
.server231,6,0.0001
.jpk-force-map,6,0.0001
.iobj,6,0.0001
.ipdb,6,0.0001
.thermo,6,0.0001
.luti,6,0.0001
.prox,6,0.0001
.path1,6,0.0001
.path2,6,0.0001
.path3,6,0.0001
.howto,6,0.0001
.mn,6,0.0001
.except,6,0.0001
.amd,6,0.0001
.ori,6,0.0001
.ldscript,6,0.0001
.cmm,6,0.0001
.cerr,6,0.0001
.avg_profile,6,0.0001
.seagen,6,0.0001
.structure,6,0.0001
.deeplearnermobile,6,0.0001
.jig,6,0.0001
.scaffolds,6,0.0001
.readdb,6,0.0001
.message,6,0.0001
.message1,6,0.0001
.message2,6,0.0001
.message3,6,0.0001
.message4,6,0.0001
.message5,6,0.0001
.message6,6,0.0001
.message7,6,0.0001
.profile1,6,0.0001
.profile2,6,0.0001
.profile3,6,0.0001
.profile4,6,0.0001
.profile5,6,0.0001
.profile6,6,0.0001
.profile7,6,0.0001
.sws,6,0.0001
.exi,6,0.0001
.dotm,6,0.0001
.commit,6,0.0001
.rpath,6,0.0001
.m4s,6,0.0001
.mdzip,6,0.0001
.f03,6,0.0001
.tk,6,0.0001
.dtr,6,0.0001
.pwm,6,0.0001
.scs,6,0.0001
.lammpstrj,6,0.0001
.gromacstrj,6,0.0001
.bmaude,6,0.0001
.securityinfo,6,0.0001
.outputreport,6,0.0001
.rmd~,6,0.0001
.useq,6,0.0001
.plh,6,0.0001
.ia32,6,0.0001
.intel64,6,0.0001
.test1,6,0.0001
.sift,6,0.0001
.mki,6,0.0001
.smol,6,0.0001
.degree_dist,6,0.0001
.xcodeproj,6,0.0001
.bpseq,6,0.0001
.rtt,6,0.0001
.etag,6,0.0001
.odd,6,0.0001
.mnb,6,0.0001
.dita,6,0.0001
.phd,6,0.0001
.cn,6,0.0001
.atrpms,6,0.0001
.vw,6,0.0001
.db3,6,0.0001
.wallet,6,0.0001
.rfi,6,0.0001
.emftvm,6,0.0001
.join,6,0.0001
.gid,6,0.0001
.freebsd,6,0.0001
.mlp,6,0.0001
.number,6,0.0001
.2007,6,0.0001
.hhp,6,0.0001
.tfvars,6,0.0001
.rbwt,6,0.0001
.rpac,6,0.0001
.ecore_diagram,6,0.0001
.mj2,6,0.0001
.shw,6,0.0001
.pcl,6,0.0001
.lastupdated,6,0.0001
.qmsg,6,0.0001
.ebf,6,0.0001
.dat4,6,0.0001
.memhp,6,0.0001
.vcs,6,0.0001
.nn-04885,6,0.0001
.nn-03205,6,0.0001
.vna,6,0.0001
.imn,6,0.0001
.gg,6,0.0001
.failing,6,0.0001
.fasta-gb,6,0.0001
.sg,6,0.0001
.arm_dz20,6,0.0001
.arm_dz40,6,0.0001
.exp-64bit,6,0.0001
.exp-glibc28-amd64,6,0.0001
.exp-ppc64,6,0.0001
.sendmail,6,0.0001
.fixture,6,0.0001
.1r69,6,0.0001
.sumstats,6,0.0001
.annotm,6,0.0001
.sequence_motif,6,0.0001
.structure_motif,6,0.0001
.accno,6,0.0001
.swiss,6,0.0001
.gdalinfo,6,0.0001
.oncvpsp,6,0.0001
.gibbs,6,0.0001
.pelagic,6,0.0001
.36x36x08,6,0.0001
.0p_4pco2_ksulf_e5,6,0.0001
.0po4_spin,6,0.0001
.txml,6,0.0001
.zraw,6,0.0001
.egx,6,0.0001
.parse,6,0.0001
.zipx,6,0.0001
.gliffy,6,0.0001
.g2p,6,0.0001
.fun,6,0.0001
.vvl,6,0.0001
.pdom,6,0.0001
.snakemake,6,0.0001
.e-10,6,0.0001
.e-14,6,0.0001
.e-8,6,0.0001
.ihf,6,0.0001
.jsdiff,6,0.0001
.als,6,0.0001
.ssdf,6,0.0001
.6400,6,0.0001
.mecore,6,0.0001
.petrinets,6,0.0001
.forms,6,0.0001
.f0i,6,0.0001
.dof,6,0.0001
.ociom,6,0.0001
.length_filtered_tp,6,0.0001
.prq,6,0.0001
.vapi,6,0.0001
.georss,6,0.0001
.lpc,6,0.0001
.seerplugin,6,0.0001
.concat,5,0.0001
.g2_disp,5,0.0001
.g2_dos,5,0.0001
.g2_therm,5,0.0001
.g3_disp,5,0.0001
.g3_dos,5,0.0001
.g3_therm,5,0.0001
.g4_disp,5,0.0001
.g4_dos,5,0.0001
.g4_therm,5,0.0001
.g5_disp,5,0.0001
.g5_dos,5,0.0001
.g5_therm,5,0.0001
.g6_disp,5,0.0001
.g6_dos,5,0.0001
.g6_therm,5,0.0001
.g7_disp,5,0.0001
.g7_dos,5,0.0001
.g7_therm,5,0.0001
.g8_disp,5,0.0001
.g8_dos,5,0.0001
.g8_therm,5,0.0001
.g9_disp,5,0.0001
.g9_dos,5,0.0001
.g9_therm,5,0.0001
.46,5,0.0001
.52,5,0.0001
.53,5,0.0001
.55,5,0.0001
.56,5,0.0001
.ps1xml,5,0.0001
.space_sep_seq_unique,5,0.0001
.zig,5,0.0001
.gc,5,0.0001
.fail,5,0.0001
.mass,5,0.0001
.acmf,5,0.0001
.lvlib,5,0.0001
.buildreport,5,0.0001
.trp,5,0.0001
.gtkw,5,0.0001
.wxl,5,0.0001
.wxi,5,0.0001
.mltbx,5,0.0001
.xpi,5,0.0001
.sph,5,0.0001
.hed,5,0.0001
.attr,5,0.0001
.m5,5,0.0001
.ggo,5,0.0001
.xes,5,0.0001
.lda,5,0.0001
.size,5,0.0001
.sacr___part_000,5,0.0001
.nunit,5,0.0001
.textclipping,5,0.0001
.nimble,5,0.0001
.sma,5,0.0001
.projitems,5,0.0001
.shproj,5,0.0001
.pubxml,5,0.0001
.in~,5,0.0001
.a2m,5,0.0001
.doc-base,5,0.0001
.rpres,5,0.0001
.logistic,5,0.0001
.ca,5,0.0001
.fi,5,0.0001
.is,5,0.0001
.qemu,5,0.0001
.lzo,5,0.0001
.pri~,5,0.0001
.oh,5,0.0001
.public,5,0.0001
.smat,5,0.0001
.cypher,5,0.0001
.cpy,5,0.0001
.dbml,5,0.0001
.xss,5,0.0001
.iws,5,0.0001
.sql~,5,0.0001
.005_10,5,0.0001
.libfm,5,0.0001
.musicxml,5,0.0001
.partag,5,0.0001
.partah,5,0.0001
.partai,5,0.0001
.phil,5,0.0001
.foma,5,0.0001
.lproj,5,0.0001
.contrib,5,0.0001
.targ,5,0.0001
.etp,5,0.0001
.ewo,5,0.0001
.vsw,5,0.0001
.subset,5,0.0001
.sxw,5,0.0001
.postman_collection,5,0.0001
.scan,5,0.0001
.unknown,5,0.0001
.dpl,5,0.0001
.ipb,5,0.0001
.31_i86linux64,5,0.0001
.ch,5,0.0001
.builder,5,0.0001
.fff,5,0.0001
.mcs,5,0.0001
.resource,5,0.0001
.jp,5,0.0001
.library,5,0.0001
.prjpcb,5,0.0001
.prjpcbstructure,5,0.0001
.us,5,0.0001
.licenseheader,5,0.0001
.modules,5,0.0001
._to,5,0.0001
.ios,5,0.0001
.wmf,5,0.0001
.gm,5,0.0001
.qpbo,5,0.0001
.pgp,5,0.0001
.includes,5,0.0001
.ver,5,0.0001
.rsrc,5,0.0001
.nsmap,5,0.0001
.usb,5,0.0001
.fromr_2020-02-29,5,0.0001
.biopepa,5,0.0001
.range,5,0.0001
.tip3p,5,0.0001
.gch,5,0.0001
.smb,5,0.0001
.todo,5,0.0001
.ops,5,0.0001
.tersoff,5,0.0001
.g96,5,0.0001
.trec,5,0.0001
.txt#,5,0.0001
.999,5,0.0001
.processor,5,0.0001
.isi,5,0.0001
.specir,5,0.0001
.skin,5,0.0001
.aia,5,0.0001
.ide-shm,5,0.0001
.ide-wal,5,0.0001
.ger,5,0.0001
.etrees,5,0.0001
.copying,5,0.0001
.alias,5,0.0001
.my,5,0.0001
.webarchive,5,0.0001
.gpb,5,0.0001
.gpt,5,0.0001
.evl,5,0.0001
.logscore,5,0.0001
.z06,5,0.0001
.z07,5,0.0001
.z08,5,0.0001
.384,5,0.0001
.399,5,0.0001
.51,5,0.0001
.61,5,0.0001
.646,5,0.0001
.70,5,0.0001
.72,5,0.0001
.dsf,5,0.0001
.mdj,5,0.0001
.mpa,5,0.0001
.tres,5,0.0001
.tvd,5,0.0001
.tvf,5,0.0001
.tvx,5,0.0001
.tol,5,0.0001
.fodt,5,0.0001
.mob,5,0.0001
.texc,5,0.0001
.x64,5,0.0001
.matnew,5,0.0001
.vrt,5,0.0001
.jacoco,5,0.0001
.bld,5,0.0001
.tm4,5,0.0001
.csvt,5,0.0001
.rtex,5,0.0001
.score,5,0.0001
.acl,5,0.0001
.cbx,5,0.0001
.dbx,5,0.0001
.nom,5,0.0001
.repository_diagram,5,0.0001
.system_diagram,5,0.0001
.allocation,5,0.0001
.resourceenvironment,5,0.0001
.praat,5,0.0001
.serial,5,0.0001
.kmc_amrex,5,0.0001
.tflite,5,0.0001
.js_,5,0.0001
.pz,5,0.0001
.udb,5,0.0001
.catcol,5,0.0001
.fpga,5,0.0001
.id2word,5,0.0001
.coruscans_alldata_full_gbm,5,0.0001
.coruscans_alldata_full_glm,5,0.0001
.coruscans_alldata_run1_gbm,5,0.0001
.cki,5,0.0001
.ckt,5,0.0001
.fulllp,5,0.0001
.volatilememoryallocatorservice,5,0.0001
.xstfile,5,0.0001
.zlib,5,0.0001
.tvel,5,0.0001
.zmap,5,0.0001
.topic,5,0.0001
.mms,5,0.0001
.uarch,5,0.0001
.h_shipped,5,0.0001
.tbd,5,0.0001
.0a0dd73c396f,5,0.0001
.bks,5,0.0001
.providerca,5,0.0001
.communities,5,0.0001
.jaas,5,0.0001
.trol,5,0.0001
.workspace,5,0.0001
.chai,5,0.0001
.lise,5,0.0001
.cddl,5,0.0001
.vectors,5,0.0001
.clabel,5,0.0001
.dvc,5,0.0001
.message8,5,0.0001
.profile8,5,0.0001
.mht,5,0.0001
.sdo,5,0.0001
.mmd,5,0.0001
.xcvb,5,0.0001
.expr,5,0.0001
.cross,5,0.0001
.os2,5,0.0001
.se,5,0.0001
.fut,5,0.0001
.rego,5,0.0001
.snmp,5,0.0001
.nestml,5,0.0001
.copyright,5,0.0001
.gzaa,5,0.0001
.gzab,5,0.0001
.ccz,5,0.0001
.paletteconfiguration,5,0.0001
.ogv,5,0.0001
.double_shear_layer,5,0.0001
.lid_driven_cavity,5,0.0001
.psc,5,0.0001
.pdd,5,0.0001
.tokenidentifier,5,0.0001
.pod5,5,0.0001
.prev,5,0.0001
.scala~,5,0.0001
.cutsites,5,0.0001
.record,5,0.0001
.valid,5,0.0001
.ifq,5,0.0001
.owl_err,5,0.0001
.lpdoc,5,0.0001
.srdf,5,0.0001
.mss,5,0.0001
.op4,5,0.0001
.physr,5,0.0001
.modes,5,0.0001
.swiftmodule,5,0.0001
.xsrst,5,0.0001
.hg19,5,0.0001
.scriptenginefactory,5,0.0001
.asta,5,0.0001
.txi,5,0.0001
.bpe,5,0.0001
.ditamap,5,0.0001
.tgn,5,0.0001
.export,5,0.0001
.fset,5,0.0001
.fset3,5,0.0001
.iset,5,0.0001
.cy,5,0.0001
.cln,5,0.0001
.ada_specification,5,0.0001
.onetoc2,5,0.0001
.tm3,5,0.0001
.flist,5,0.0001
.~gm,5,0.0001
.hair,5,0.0001
.cuasm,5,0.0001
.ows,5,0.0001
.tbml,5,0.0001
.vloupe,5,0.0001
.sun,5,0.0001
.cua,5,0.0001
.openmp,5,0.0001
.cu~,5,0.0001
.skn,5,0.0001
.vcxitems,5,0.0001
.rdat,5,0.0001
.abbrev,5,0.0001
.dirtree,5,0.0001
.b#4,5,0.0001
.b#5,5,0.0001
.b#6,5,0.0001
.del,5,0.0001
.sync,5,0.0001
.pxml,5,0.0001
.b#2,5,0.0001
.l#1,5,0.0001
.ncs,5,0.0001
.promela,5,0.0001
.conduit_bin,5,0.0001
.conduit_bin_json,5,0.0001
.readcount,5,0.0001
.apt_unparsable,5,0.0001
.jcal,5,0.0001
.alpine,5,0.0001
.fa-gb,5,0.0001
.pipe,5,0.0001
.fsp,5,0.0001
.exp-32bit,5,0.0001
.exp-darwin,5,0.0001
.no_chimeras,5,0.0001
.umf,5,0.0001
.pco,5,0.0001
.wublastp,5,0.0001
.works,5,0.0001
.sx,5,0.0001
.etl,5,0.0001
.6_375198810bb39e6593a968fcbcf6556789026743,5,0.0001
.20kyr,5,0.0001
.octave,5,0.0001
.apecs,5,0.0001
.cuf,5,0.0001
.bsp,5,0.0001
.ifg,5,0.0001
.side,5,0.0001
.changed,5,0.0001
.fb_m12p5,5,0.0001
.fb_m4p5,5,0.0001
.fbmgv_m20p5,5,0.0001
.fbmgv_m4p5,5,0.0001
.fbos_m16p5,5,0.0001
.fbos_m4p5,5,0.0001
.mgv_m16p5,5,0.0001
.mgv_m4p5,5,0.0001
.os_m13p5,5,0.0001
.os_m4p5,5,0.0001
.osmgv_m20p5,5,0.0001
.osmgv_m4p5,5,0.0001
.virentes_m20p5,5,0.0001
.virentes_m4p5,5,0.0001
.2560,5,0.0001
.1280,5,0.0001
.aprox13,5,0.0001
.degs,5,0.0001
.exactbase,5,0.0001
.avgbase,5,0.0001
.3levels,5,0.0001
.atmlz,5,0.0001
.qvt,5,0.0001
.rolecore,5,0.0001
.customsandwich,5,0.0001
.office2,5,0.0001
.ald,5,0.0001
.robo,5,0.0001
.ntf,5,0.0001
.times,5,0.0001
.ocioz,5,0.0001
.fid,5,0.0001
.dql,5,0.0001
.l3,5,0.0001
.sagescript,5,0.0001
.ktx,5,0.0001
.nv21,5,0.0001
.nucleic_acids,5,0.0001
.vivado,5,0.0001
.symbolmap,5,0.0001
.tmp_band,4,0.0001
.dat_mur_celldm,4,0.0001
.dat_quadratic,4,0.0001
.tmp_energy,4,0.0001
.heat,4,0.0001
.heat_ph,4,0.0001
.dat_ph,4,0.0001
.dat_freq,4,0.0001
.tmp_anhar,4,0.0001
.tmp_grun_freq,4,0.0001
.ggamma,4,0.0001
.tstress,4,0.0001
.odin,4,0.0001
.branch,4,0.0001
.factorial,4,0.0001
.first,4,0.0001
.units,4,0.0001
.0_signal_only,4,0.0001
.pat,4,0.0001
.ovpn,4,0.0001
.lvproj,4,0.0001
.time_stamp,4,0.0001
.lsm,4,0.0001
.loop,4,0.0001
.pyr,4,0.0001
.vnm,4,0.0001
.readposition,4,0.0001
.xul,4,0.0001
.m3u,4,0.0001
.vertex,4,0.0001
.client,4,0.0001
.gladep,4,0.0001
.redis,4,0.0001
.nheads,4,0.0001
.eslintrc,4,0.0001
.pspfhi,4,0.0001
.ae,4,0.0001
.pawps,4,0.0001
.mav,4,0.0001
.pav,4,0.0001
.rhistory,4,0.0001
.appimage,4,0.0001
.lemma_freq,4,0.0001
.guesser,4,0.0001
.cmof,4,0.0001
.tempwin,4,0.0001
.reusejava,4,0.0001
.jf,4,0.0001
.swn,4,0.0001
.db-journal,4,0.0001
.atg,4,0.0001
.ncrunchproject,4,0.0001
.h264,4,0.0001
.ucrt,4,0.0001
.edison,4,0.0001
.fem,4,0.0001
.fetcherserviceloadertarget,4,0.0001
.gpst,4,0.0001
.ro,4,0.0001
.yue,4,0.0001
.zh,4,0.0001
.lha,4,0.0001
.lrz,4,0.0001
.mkv,4,0.0001
.edb,4,0.0001
.avdl,4,0.0001
.maintscript,4,0.0001
.svs,4,0.0001
.pkcs12,4,0.0001
.orthoxml,4,0.0001
.xor,4,0.0001
.xx,4,0.0001
.v2_auto_conll,4,0.0001
.v2_gold_conll,4,0.0001
.amrg,4,0.0001
.vbw,4,0.0001
.extra,4,0.0001
.mxd,4,0.0001
.zargo,4,0.0001
.cob,4,0.0001
.mobl,4,0.0001
.ldf,4,0.0001
.mpeg,4,0.0001
.git,4,0.0001
.aartemplate,4,0.0001
.wtc,4,0.0001
.ptx,4,0.0001
.nwc,4,0.0001
.nwctxt,4,0.0001
.pagedef,4,0.0001
.utran,4,0.0001
.ns,4,0.0001
.anki2,4,0.0001
.xdmf,4,0.0001
.ejs~,4,0.0001
.sats,4,0.0001
.2504e12,4,0.0001
.pprj,4,0.0001
.neg,4,0.0001
.wiff,4,0.0001
.gld,4,0.0001
.ifort,4,0.0001
.cgjhfs,4,0.0001
.csum,4,0.0001
.poi,4,0.0001
.h5py,4,0.0001
.mbox,4,0.0001
.daily,4,0.0001
.vms,4,0.0001
.cpn,4,0.0001
.selestim,4,0.0001
.geno,4,0.0001
.drc,4,0.0001
.dmd,4,0.0001
.classify,4,0.0001
.tf3,4,0.0001
.eos,4,0.0001
.alpha,4,0.0001
.vertexshader,4,0.0001
.compiled,4,0.0001
.darshan,4,0.0001
.xsx,4,0.0001
.mso,4,0.0001
.netmodule,4,0.0001
.csf,4,0.0001
.applescript,4,0.0001
.json-tmlanguage,4,0.0001
.posttemplate,4,0.0001
.basic,4,0.0001
.ecc,4,0.0001
.z1sp,4,0.0001
.mmx,4,0.0001
.ebnf,4,0.0001
.perspective,4,0.0001
.packedancestrymap,4,0.0001
.trprobs,4,0.0001
.ilprofile,4,0.0001
.h_,4,0.0001
.03_lefse_summary,4,0.0001
.co,4,0.0001
.mcool,4,0.0001
.cut,4,0.0001
.bsc1,4,0.0001
.gaff2,4,0.0001
.lipid21,4,0.0001
.ol3,4,0.0001
.tip4pd,4,0.0001
.dri,4,0.0001
.steg,4,0.0001
.xcstrings,4,0.0001
.flag,4,0.0001
.qrel,4,0.0001
.sdef,4,0.0001
.regex,4,0.0001
.skp,4,0.0001
.ccf,4,0.0001
.sitemap,4,0.0001
.scc,4,0.0001
.ipa,4,0.0001
.sdb,4,0.0001
.cej,4,0.0001
.scd,4,0.0001
.cylc-expanded,4,0.0001
.his,4,0.0001
.hrs,4,0.0001
.ncg,4,0.0001
.spr,4,0.0001
.the,4,0.0001
.wfc,4,0.0001
.ldos_boxes,4,0.0001
.i386,4,0.0001
.sparc,4,0.0001
.myspell,4,0.0001
.ccc,4,0.0001
.oar,4,0.0001
.mfjet,4,0.0001
.dps,4,0.0001
.pli,4,0.0001
.keywords,4,0.0001
.kra,4,0.0001
.h3f,4,0.0001
.h3i,4,0.0001
.h3m,4,0.0001
.h3p,4,0.0001
.kmt,4,0.0001
.komprenx,4,0.0001
.gn,4,0.0001
.65_200_300mpc_v3,4,0.0001
.yoda,4,0.0001
.fire,4,0.0001
.09,4,0.0001
.199,4,0.0001
.203,4,0.0001
.299,4,0.0001
.340,4,0.0001
.360,4,0.0001
.48,4,0.0001
.499,4,0.0001
.54,4,0.0001
.57,4,0.0001
.58,4,0.0001
.59,4,0.0001
.60,4,0.0001
.65,4,0.0001
.67,4,0.0001
.68,4,0.0001
.69,4,0.0001
.71,4,0.0001
.73,4,0.0001
.74,4,0.0001
.76,4,0.0001
.77,4,0.0001
.78,4,0.0001
.799,4,0.0001
.960,4,0.0001
.r#,4,0.0001
.group,4,0.0001
.ssf,4,0.0001
.tei,4,0.0001
.case,4,0.0001
.histo,4,0.0001
.haskell-ci,4,0.0001
.tgt,4,0.0001
.p7m,4,0.0001
.unityweb,4,0.0001
.import,4,0.0001
.tscn,4,0.0001
.dontrun,4,0.0001
.dl,4,0.0001
.item,4,0.0001
.kdev4,4,0.0001
.corrected,4,0.0001
.clustal,4,0.0001
.branches,4,0.0001
.clog2,4,0.0001
.slog2,4,0.0001
.tde,4,0.0001
.creator,4,0.0001
.arm64,4,0.0001
.bsub,4,0.0001
.mvg,4,0.0001
.traintest,4,0.0001
.bzlmod,4,0.0001
.repo,4,0.0001
.trcgeno,4,0.0001
.9resource,4,0.0001
.aup,4,0.0001
.eam,4,0.0001
.bio,4,0.0001
.wikis2cat_clean,4,0.0001
.blk,4,0.0001
.password,4,0.0001
.defconfig,4,0.0001
.coli,4,0.0001
.allocation_diagram,4,0.0001
.resourceenvironment_diagram,4,0.0001
.ahk,4,0.0001
.cbl,4,0.0001
.sco,4,0.0001
.shlib,4,0.0001
.evidence,4,0.0001
.filesystem,4,0.0001
.jyds,4,0.0001
.gmx,4,0.0001
.override,4,0.0001
.ez,4,0.0001
.deflate,4,0.0001
.coruscans_alldata_run1_glm,4,0.0001
.smt2~,4,0.0001
.peprec,4,0.0001
.slow_expf,4,0.0001
.win64,4,0.0001
.exps,4,0.0001
.nonvolatilememoryallocatorservice,4,0.0001
.inflated,4,0.0001
.pial,4,0.0001
.white,4,0.0001
.axd,4,0.0001
.pwb,4,0.0001
.wc,4,0.0001
.cepview,4,0.0001
.lot,4,0.0001
.prs,4,0.0001
.truth,4,0.0001
.hcc,4,0.0001
.engine,4,0.0001
.indexes,4,0.0001
.pic,4,0.0001
.statemachine_mavo,4,0.0001
.statemachinediag_mavo,4,0.0001
.icse15_sequencediagram_mavo,4,0.0001
.icse15_sequencediagramdiag_mavo,4,0.0001
.sequencediagram,4,0.0001
.property,4,0.0001
.z3,4,0.0001
.nc4,4,0.0001
.1020,4,0.0001
.2040,4,0.0001
.9910,4,0.0001
.gset,4,0.0001
.ok,4,0.0001
.ch4,4,0.0001
.pydair,4,0.0001
.sod,4,0.0001
.summit,4,0.0001
.2line,4,0.0001
.repositoryfactory,4,0.0001
.rold,4,0.0001
.pattern,4,0.0001
.rclass,4,0.0001
.atom,4,0.0001
.agent,4,0.0001
.svgz,4,0.0001
.stoy,4,0.0001
.message10,4,0.0001
.message11,4,0.0001
.message12,4,0.0001
.message13,4,0.0001
.message14,4,0.0001
.message15,4,0.0001
.message16,4,0.0001
.message17,4,0.0001
.message18,4,0.0001
.message19,4,0.0001
.message20,4,0.0001
.message21,4,0.0001
.message22,4,0.0001
.message23,4,0.0001
.message24,4,0.0001
.message25,4,0.0001
.message9,4,0.0001
.profile10,4,0.0001
.profile11,4,0.0001
.profile12,4,0.0001
.profile13,4,0.0001
.profile14,4,0.0001
.profile15,4,0.0001
.profile16,4,0.0001
.profile17,4,0.0001
.profile18,4,0.0001
.profile19,4,0.0001
.profile20,4,0.0001
.profile21,4,0.0001
.profile22,4,0.0001
.profile23,4,0.0001
.profile9,4,0.0001
.mase,4,0.0001
.bpp10,4,0.0001
.bpp11,4,0.0001
.bpp12,4,0.0001
.bpp13,4,0.0001
.bpp14,4,0.0001
.bpp15,4,0.0001
.bpp16,4,0.0001
.bpp17,4,0.0001
.bpp18,4,0.0001
.bpp19,4,0.0001
.bpp20,4,0.0001
.bpp21,4,0.0001
.bpp22,4,0.0001
.bpp23,4,0.0001
.bpp24,4,0.0001
.bpp9,4,0.0001
.stylecop,4,0.0001
.cnts,4,0.0001
.rating,4,0.0001
.1_1,4,0.0001
.1_2,4,0.0001
.2_1,4,0.0001
.2_2,4,0.0001
.3_1,4,0.0001
.3_2,4,0.0001
.4_0,4,0.0001
.4_1,4,0.0001
.4_2,4,0.0001
.no,4,0.0001
.bil,4,0.0001
.sin,4,0.0001
.but,4,0.0001
.gunit,4,0.0001
.verbatim,4,0.0001
.scp,4,0.0001
.json-dist,4,0.0001
.traml,4,0.0001
.xtra,4,0.0001
.flo,4,0.0001
.gbk@synoeastream,4,0.0001
.git-id,4,0.0001
.nrf52840,4,0.0001
.ld+json,4,0.0001
.gbrjob,4,0.0001
.inx,4,0.0001
.emfdoc,4,0.0001
.cct4,4,0.0001
.ij,4,0.0001
.cst,4,0.0001
.binpb,4,0.0001
.m%,4,0.0001
.ctr,4,0.0001
.ang,4,0.0001
.flow_past_cylinder-x,4,0.0001
.hotspot,4,0.0001
.poiseuille,4,0.0001
.tab-backward,4,0.0001
.optjob,4,0.0001
.c_template,4,0.0001
.common-outliers,4,0.0001
.sars-cov-2,4,0.0001
.tokenrenewer,4,0.0001
.extendable,4,0.0001
.f08,4,0.0001
.consolereport,4,0.0001
.x86,4,0.0001
.derric,4,0.0001
.evalue10,4,0.0001
.norename,4,0.0001
.dntheme,4,0.0001
.mhdac,4,0.0001
.msfilereader,4,0.0001
.paj,4,0.0001
.compare1,4,0.0001
.compare2,4,0.0001
.fcp,4,0.0001
.fends,4,0.0001
.cgh,4,0.0001
.hugo,4,0.0001
.jf_0,4,0.0001
.ab1,4,0.0001
.cd%,4,0.0001
.dfl~,4,0.0001
.mtest,4,0.0001
.topas,4,0.0001
.soc,4,0.0001
.dcl,4,0.0001
.pngj,4,0.0001
.spartan,4,0.0001
.jmol,4,0.0001
.rrf,4,0.0001
.xyr,4,0.0001
.dangerous,4,0.0001
.gsch2pcb,4,0.0001
.i~,4,0.0001
.phyr,4,0.0001
.stklm,4,0.0001
.dpatch,4,0.0001
.sage~,4,0.0001
.phaseroots,4,0.0001
.hg38,4,0.0001
.uc,4,0.0001
.nod,4,0.0001
.experiment,4,0.0001
.tcn,4,0.0001
.elf32,4,0.0001
.special,4,0.0001
.phrase,4,0.0001
.right_branch,4,0.0001
.lottie,4,0.0001
.stetic,4,0.0001
.banting_gnu,4,0.0001
.banting_intel,4,0.0001
.cheyenne_gnu,4,0.0001
.cheyenne_intel,4,0.0001
.cheyenne_pgi,4,0.0001
.chicoma_intel,4,0.0001
.compy_intel,4,0.0001
.conda_linux,4,0.0001
.conda_macos,4,0.0001
.cori_intel,4,0.0001
.daley_gnu,4,0.0001
.daley_intel,4,0.0001
.derecho_cray,4,0.0001
.derecho_gnu,4,0.0001
.derecho_intel,4,0.0001
.derecho_intelclassic,4,0.0001
.derecho_inteloneapi,4,0.0001
.derecho_nvhpc,4,0.0001
.discover_intel,4,0.0001
.gadi_intel,4,0.0001
.gaffney_gnu,4,0.0001
.gaffney_intel,4,0.0001
.high_sierra_gnu,4,0.0001
.hobart_intel,4,0.0001
.hobart_nag,4,0.0001
.izumi_gnu,4,0.0001
.izumi_intel,4,0.0001
.izumi_nag,4,0.0001
.izumi_pgi,4,0.0001
.koehr_intel,4,0.0001
.onyx_cray,4,0.0001
.onyx_gnu,4,0.0001
.onyx_intel,4,0.0001
.perlmutter_cray,4,0.0001
.perlmutter_gnu,4,0.0001
.perlmutter_intel,4,0.0001
.testmachine_intel,4,0.0001
.travisci_gnu,4,0.0001
.snicar,4,0.0001
.ksy,4,0.0001
.paint,4,0.0001
.edu,4,0.0001
.netbsd,4,0.0001
.d_openvswitch,4,0.0001
.pps,4,0.0001
.partaj,4,0.0001
.partak,4,0.0001
.partal,4,0.0001
.partam,4,0.0001
.partan,4,0.0001
.partao,4,0.0001
.partap,4,0.0001
.partaq,4,0.0001
.partar,4,0.0001
.partas,4,0.0001
.partat,4,0.0001
.partau,4,0.0001
.ewt,4,0.0001
.crun,4,0.0001
.wspos,4,0.0001
.2-6,4,0.0001
.1-6,4,0.0001
.2-10,4,0.0001
.2-11,4,0.0001
.2-7,4,0.0001
.2-8,4,0.0001
.2-9,4,0.0001
.4-12,4,0.0001
.4-13,4,0.0001
.4-14,4,0.0001
.4-15,4,0.0001
.4-16,4,0.0001
.8-17,4,0.0001
.constraints,4,0.0001
.solaris,4,0.0001
.lxi,4,0.0001
.genenames,4,0.0001
.vol,4,0.0001
.ttx,4,0.0001
.string,4,0.0001
.ar,4,0.0001
.msvc,4,0.0001
.accessor,4,0.0001
.gpf,4,0.0001
.glg,4,0.0001
.darwin15,4,0.0001
.linux-gnu,4,0.0001
.tofix,4,0.0001
.00325_mod,4,0.0001
.safe,4,0.0001
.awg,4,0.0001
.crisprs,4,0.0001
.williamcwu-nb0,4,0.0001
.fideconf,4,0.0001
.taylor_green_vortices,4,0.0001
.mhtml,4,0.0001
.sn,4,0.0001
.mpicc,4,0.0001
.logdb,4,0.0001
.globalconfig,4,0.0001
.riv,4,0.0001
.dru,4,0.0001
.sbel,4,0.0001
.leafdoc,4,0.0001
.pars,4,0.0001
.resp,4,0.0001
.imagereaderspi,4,0.0001
.64xfasl,4,0.0001
.lusi,4,0.0001
.dat3,4,0.0001
.b#3,4,0.0001
.b#7,4,0.0001
.b#8,4,0.0001
.b#9,4,0.0001
.s#2,4,0.0001
.s#3,4,0.0001
.s#4,4,0.0001
.s#5,4,0.0001
.s#6,4,0.0001
.s#7,4,0.0001
.s#8,4,0.0001
.posix,4,0.0001
.hhc,4,0.0001
.hhk,4,0.0001
.vams,4,0.0001
.screen,4,0.0001
.depends,4,0.0001
.obf,4,0.0001
.nn-01500,4,0.0001
.ark,4,0.0001
.urls,4,0.0001
.terrainlayer,4,0.0001
.web-page-replay,4,0.0001
.fastg,4,0.0001
.cmin,4,0.0001
.kjb,4,0.0001
.pzfx,4,0.0001
.ed,4,0.0001
.6_b86ec517ee44b2d6c03096e0518c72a1,4,0.0001
.unityproj,4,0.0001
.erxn,4,0.0001
.pmlexecseq1,4,0.0001
.pmlexecseq2,4,0.0001
.pmlexecseq3,4,0.0001
.pmlexecseq4,4,0.0001
.pmlexecseq5,4,0.0001
.pmlexecseq6,4,0.0001
.pmlexecseq7,4,0.0001
.pmlexecseq8,4,0.0001
.pmlexecseq9,4,0.0001
.hmmb,4,0.0001
.bitmaps,4,0.0001
.exp64,4,0.0001
.exp-older-glibc,4,0.0001
.exp_minus_nan,4,0.0001
.sha2,4,0.0001
.appxrecipe,4,0.0001
.jgj,4,0.0001
.vg,4,0.0001
.acceleo,4,0.0001
.gnf,4,0.0001
.elixir,4,0.0001
.nbtxt,4,0.0001
.blastp,4,0.0001
.tsv#,4,0.0001
.sps,4,0.0001
.file-test,4,0.0001
.clh,4,0.0001
.questionnaire,4,0.0001
.adinput,4,0.0001
.neritic,4,0.0001
.3x,4,0.0001
.1x,4,0.0001
.ctx,4,0.0001
.res~,4,0.0001
.cluebuddy,4,0.0001
.crossflow_diagram,4,0.0001
.p8,4,0.0001
.run1,4,0.0001
.run2,4,0.0001
.run3,4,0.0001
.run4,4,0.0001
.1st,4,0.0001
.ndl,4,0.0001
._log,4,0.0001
.nautilus,4,0.0001
.monitrc,4,0.0001
.rendertemplate,4,0.0001
.compose,4,0.0001
.astc,4,0.0001
.boost,4,0.0001
.helm,4,0.0001
.tofu,4,0.0001
.gmt5,4,0.0001
.extras,4,0.0001
.npf,4,0.0001
.graphmlz,4,0.0001
.dnx,4,0.0001
.cecmd,4,0.0001
.leon,4,0.0001
.one_layer,4,0.0001
.pcode,4,0.0001
.spimtx,4,0.0001
.rex,4,0.0001
.htmljet,4,0.0001
.javatemplate,4,0.0001
.theater,4,0.0001
.fiducial,4,0.0001
.pickle3,4,0.0001
.asttransformation,4,0.0001
.extensionmodule,4,0.0001
.cproj,4,0.0001
.solv,4,0.0001
.dont-chk,4,0.0001
.rhs,4,0.0001
.slabtimeproj,4,0.0001
.itf,4,0.0001
.bitcode,4,0.0001
.cpp_,4,0.0001
.vsk,4,0.0001
.krona,4,0.0001
.3dl,4,0.0001
.projection,4,0.0001
.hhr,4,0.0001
.length_filtered,4,0.0001
.046697_nc_7,4,0.0001
.xeon,4,0.0001
.spkc,4,0.0001
.tdms,4,0.0001
.hypo,4,0.0001
.invc,4,0.0001
.headrules,4,0.0001
.linfrag,4,0.0001
.aux_grun,3,0.0
.bulk_mod,3,0.0
.bulk_mod_ph,3,0.0
.gamma_grun,3,0.0
.gamma_ph,3,0.0
.tmp_optical,3,0.0
.tmp_optical_lambda,3,0.0
.celldm,3,0.0
.celldm_ph,3,0.0
.dat_1,3,0.0
.tmp_1_grun,3,0.0
.icon,3,0.0
.prg,3,0.0
.prior,3,0.0
.tebl,3,0.0
.xls#,3,0.0
.ztq,3,0.0
.tcsh,3,0.0
.xwb,3,0.0
.fcgi,3,0.0
.lira,3,0.0
.dem,3,0.0
.symvers,3,0.0
.gmk,3,0.0
.daf,3,0.0
.jrn,3,0.0
.taf,3,0.0
.webloc,3,0.0
.addon,3,0.0
.bridge,3,0.0
.txtlast,3,0.0
.scif,3,0.0
.out_1,3,0.0
.benchmark,3,0.0
.htaccess,3,0.0
.pairstat,3,0.0
.rsstat,3,0.0
.depairs,3,0.0
.dumppairs,3,0.0
.scpairs,3,0.0
.singlepairs,3,0.0
.validpairs,3,0.0
.services,3,0.0
.phar,3,0.0
.1-extra,3,0.0
.input1,3,0.0
.input2,3,0.0
.input3,3,0.0
.64procs-1,3,0.0
.64procs-2,3,0.0
.64procs,3,0.0
.atompaw,3,0.0
.wvl,3,0.0
.in_freq,3,0.0
.outden,3,0.0
.d2,3,0.0
.emplex,3,0.0
.mb,3,0.0
.jsonlines,3,0.0
.jsa,3,0.0
.tcx,3,0.0
.umldi,3,0.0
.vimrc,3,0.0
.adjlist,3,0.0
.cmdi,3,0.0
.gplot,3,0.0
.mpsystheme,3,0.0
.shfb,3,0.0
.vsconfig,3,0.0
.sublime-settings,3,0.0
.2000,3,0.0
.opus,3,0.0
.aac,3,0.0
.bloom,3,0.0
.upp,3,0.0
.hlg,3,0.0
.bootstrap,3,0.0
.bproto,3,0.0
.decoderserviceloadertarget,3,0.0
.assoc,3,0.0
.dictionaries,3,0.0
.experiments,3,0.0
.dislocator,3,0.0
.tokencap,3,0.0
.testcases,3,0.0
.xrc,3,0.0
.private,3,0.0
.none,3,0.0
.data_fids,3,0.0
.data_gval,3,0.0
.data_hcls,3,0.0
.data_ival,3,0.0
.data_gspn,3,0.0
.scikit,3,0.0
.sorted-by-tts-prove,3,0.0
.sorted-by-tts-s1heur,3,0.0
.sorted-by-tts-s3heur,3,0.0
.ws,3,0.0
.edmx,3,0.0
.mdf,3,0.0
.megal,3,0.0
.005_1,3,0.0
.2dmap,3,0.0
.overridecontroller,3,0.0
.exports,3,0.0
.volpiano,3,0.0
.description,3,0.0
.mco,3,0.0
.sent,3,0.0
.ir,3,0.0
.ep,3,0.0
.5553ff9,3,0.0
.mixer,3,0.0
.jsdoc,3,0.0
.almgp,3,0.0
.almgr,3,0.0
.macro,3,0.0
.autoconf,3,0.0
.omega,3,0.0
.cmix,3,0.0
.get,3,0.0
.clang,3,0.0
.legacy,3,0.0
.clickpat,3,0.0
.quad,3,0.0
.or,3,0.0
.ptt,3,0.0
.before,3,0.0
.filtmaf1p,3,0.0
.programs,3,0.0
.outjob,3,0.0
.tasks,3,0.0
.llocs,3,0.0
.trasferimento,3,0.0
.cvs,3,0.0
.lng,3,0.0
.series,3,0.0
.pcf,3,0.0
.ppf,3,0.0
.clean,3,0.0
.mrm,3,0.0
.lc,3,0.0
.hd5,3,0.0
.hsdeck,3,0.0
.gapp,3,0.0
.fed,3,0.0
.shfbproj,3,0.0
.mfd,3,0.0
.ism,3,0.0
.xpd,3,0.0
.opsahl-ucsocial,3,0.0
.lf_init,3,0.0
.trws,3,0.0
.png_b64,3,0.0
.imageinfo,3,0.0
.imageset,3,0.0
.sublime-keymap,3,0.0
.n-triples,3,0.0
.mtgl,3,0.0
.calc,3,0.0
.webserver,3,0.0
.cc2538dk,3,0.0
.cc1310,3,0.0
.launchpad,3,0.0
.sensortag,3,0.0
.srf06,3,0.0
.wismote,3,0.0
.zoul,3,0.0
.ihex,3,0.0
.p2f,3,0.0
.chisq,3,0.0
.parts,3,0.0
.tstat,3,0.0
.vstat,3,0.0
.eds,3,0.0
.icdd,3,0.0
.cup,3,0.0
.keg,3,0.0
.xcs,3,0.0
.ff15ipq,3,0.0
.lipid14,3,0.0
.2016,3,0.0
.chrum,3,0.0
.bot,3,0.0
.oln,3,0.0
.tcp,3,0.0
.py-example,3,0.0
.fd1,3,0.0
.ft1,3,0.0
.cecill,3,0.0
.dgm,3,0.0
.cis,3,0.0
.ssv,3,0.0
.etlua,3,0.0
.vsix,3,0.0
.coco,3,0.0
.object,3,0.0
.qbs,3,0.0
.xdv,3,0.0
.watchr,3,0.0
.008,3,0.0
.009,3,0.0
.010,3,0.0
.pyscf,3,0.0
.d12,3,0.0
.gtrack,3,0.0
.minus,3,0.0
.plus,3,0.0
.chg,3,0.0
.phe,3,0.0
.localhost,3,0.0
.fieldtrip,3,0.0
.cgb,3,0.0
.uvp,3,0.0
.uvfits,3,0.0
.0_0,3,0.0
.functionsprovider,3,0.0
.respack,3,0.0
.cnr,3,0.0
.cns,3,0.0
.mdv,3,0.0
.react,3,0.0
.keras,3,0.0
.gg1,3,0.0
.x_t,3,0.0
.ccd,3,0.0
.en0,3,0.0
.en1,3,0.0
.en2,3,0.0
.en3,3,0.0
.xcore,3,0.0
.from_github,3,0.0
.guest,3,0.0
.jbf,3,0.0
.km,3,0.0
.z09,3,0.0
.z10,3,0.0
.jena,3,0.0
.4a,3,0.0
.dvs,3,0.0
.17_200_300mpc_v3,3,0.0
.chem,3,0.0
.eqnf,3,0.0
.099,3,0.0
.206,3,0.0
.310,3,0.0
.311,3,0.0
.312,3,0.0
.321,3,0.0
.330,3,0.0
.331,3,0.0
.341,3,0.0
.342,3,0.0
.351,3,0.0
.352,3,0.0
.353,3,0.0
.354,3,0.0
.362,3,0.0
.363,3,0.0
.364,3,0.0
.365,3,0.0
.366,3,0.0
.367,3,0.0
.368,3,0.0
.369,3,0.0
.370,3,0.0
.405,3,0.0
.699,3,0.0
.85,3,0.0
.899,3,0.0
.99,3,0.0
.artifact,3,0.0
.clq,3,0.0
.secondary,3,0.0
.vrml,3,0.0
.js1,3,0.0
.stackdump,3,0.0
.npread,3,0.0
.p7b,3,0.0
.qhcp,3,0.0
.bcfzip,3,0.0
.pck,3,0.0
.godot,3,0.0
.100kb,3,0.0
.256kb,3,0.0
.uproject,3,0.0
.jfif,3,0.0
.converted,3,0.0
.cedimg,3,0.0
.jupyter,3,0.0
.cast,3,0.0
.ns_params,3,0.0
.kar,3,0.0
.mlg,3,0.0
.applet,3,0.0
.age,3,0.0
.degree_sequence,3,0.0
.ipj,3,0.0
.content,3,0.0
.kct,3,0.0
.1064,3,0.0
.1800,3,0.0
.asex,3,0.0
.bkup,3,0.0
.wgh,3,0.0
.argv,3,0.0
.tf1,3,0.0
.all_pins,3,0.0
.mkdn,3,0.0
.tmpfile,3,0.0
.configuration,3,0.0
.crontab,3,0.0
.edi,3,0.0
.elm,3,0.0
.fsl,3,0.0
.eex,3,0.0
.nginx,3,0.0
.prisma,3,0.0
.analysis,3,0.0
.scaled,3,0.0
.buddy,3,0.0
.highres-thin,3,0.0
.large-thin,3,0.0
.agpl,3,0.0
.muendat,3,0.0
.load,3,0.0
.recipe,3,0.0
.0-license,3,0.0
.msa,3,0.0
.mkl,3,0.0
.rnd,3,0.0
.dilp,3,0.0
.vietnamese,3,0.0
.flp,3,0.0
.vex,3,0.0
.wdf,3,0.0
.tlb,3,0.0
.sgi,3,0.0
.cbor,3,0.0
.pwd,3,0.0
.hpux,3,0.0
.match,3,0.0
.caw,3,0.0
.ecm,3,0.0
.rgb,3,0.0
.impl,3,0.0
.chkpt,3,0.0
.lua~,3,0.0
.ox,3,0.0
.hap,3,0.0
.sphinx,3,0.0
.functions,3,0.0
.lrf,3,0.0
.warning,3,0.0
.jsonstreamfactory,3,0.0
.scrivx,3,0.0
.zran,3,0.0
.unx,3,0.0
.sdl,3,0.0
.distrib,3,0.0
.istardiag_mavo,3,0.0
.tfrecord,3,0.0
.dr2,3,0.0
.eg,3,0.0
.lower,3,0.0
.0376,3,0.0
._moore,3,0.0
._pepper,3,0.0
._hume_award,3,0.0
._cannon,3,0.0
._blige_album),3,0.0
._bayford,3,0.0
._demesme,3,0.0
._adler,3,0.0
"._michael_the_archangel_church_(cleveland,_ohio)",3,0.0
.j,3,0.0
.kiro,3,0.0
.amat,3,0.0
.wlm,3,0.0
.rpmlintrc,3,0.0
.mdfrc,3,0.0
.const,3,0.0
.mlmd,3,0.0
.importorder,3,0.0
.bmr,3,0.0
.nvcc,3,0.0
.krypton,3,0.0
.mtrol,3,0.0
.vpp,3,0.0
.trl,3,0.0
.test3,3,0.0
.sedov,3,0.0
.wcnf,3,0.0
.fe,3,0.0
.arp,3,0.0
.beam,3,0.0
.frontend,3,0.0
.positions,3,0.0
.modified,3,0.0
.cpp_zz,3,0.0
.subtree,3,0.0
.sequences,3,0.0
.rlabel,3,0.0
.panel,3,0.0
.org_archive,3,0.0
.message26,3,0.0
.message27,3,0.0
.message28,3,0.0
.message29,3,0.0
.message30,3,0.0
.message31,3,0.0
.message32,3,0.0
.message33,3,0.0
.message34,3,0.0
.message35,3,0.0
.message36,3,0.0
.profile24,3,0.0
.profile25,3,0.0
.profile26,3,0.0
.profile27,3,0.0
.bpp25,3,0.0
.faln,3,0.0
.falcon,3,0.0
.rdfs,3,0.0
.addin,3,0.0
.spe,3,0.0
.irtb,3,0.0
.sfam,3,0.0
.snps,3,0.0
.1_3,3,0.0
.1_4,3,0.0
.1_5,3,0.0
.1_6,3,0.0
.1_7,3,0.0
.1_8,3,0.0
.1_9,3,0.0
.2_3,3,0.0
.2_4,3,0.0
.2_5,3,0.0
.2_6,3,0.0
.2_7,3,0.0
.2_8,3,0.0
.2_9,3,0.0
.3_3,3,0.0
.3_4,3,0.0
.3_5,3,0.0
.3_6,3,0.0
.3_7,3,0.0
.3_8,3,0.0
.3_9,3,0.0
.4_3,3,0.0
.4_4,3,0.0
.4_5,3,0.0
.4_6,3,0.0
.4_7,3,0.0
.4_8,3,0.0
.4_9,3,0.0
.android,3,0.0
.containerfile,3,0.0
.slxc,3,0.0
.gap,3,0.0
.registeredlibrary,3,0.0
.apns,3,0.0
.amiga,3,0.0
.adls,3,0.0
.shmodel,3,0.0
.metal,3,0.0
.asl~,3,0.0
.checks,3,0.0
.gzac,3,0.0
.rsy,3,0.0
.rabbitmq,3,0.0
.yml~,3,0.0
.cc13x0,3,0.0
.cc26x0,3,0.0
.cc26x0-cc13x0,3,0.0
.nrf54l15,3,0.0
.quasar,3,0.0
.sparql-results+xml,3,0.0
.tplx,3,0.0
.dip,3,0.0
.xln,3,0.0
.fan,3,0.0
.cct3,3,0.0
.sti,3,0.0
.fuzz,3,0.0
.hsc,3,0.0
.flow_past_cylinder-y,3,0.0
.taylorgreen,3,0.0
.gresource,3,0.0
.hal,3,0.0
.envsubst,3,0.0
.velvet,3,0.0
.f1,3,0.0
.mtr,3,0.0
.rest,3,0.0
.gwas,3,0.0
.uncorrelated_chain_10ti1rd1,3,0.0
.uncorrelated_chain_10ti2rd2,3,0.0
.uncorrelated_chain_1ti1rd1,3,0.0
.uncorrelated_chain_1ti2rd2,3,0.0
.uncorrelated_chain_2ti1rd1,3,0.0
.uncorrelated_chain_2ti2rd2,3,0.0
.uncorrelated_chain_3ti1rd1,3,0.0
.uncorrelated_chain_3ti2rd2,3,0.0
.uncorrelated_chain_4ti1rd1,3,0.0
.uncorrelated_chain_4ti2rd2,3,0.0
.uncorrelated_chain_5ti1rd1,3,0.0
.uncorrelated_chain_5ti2rd2,3,0.0
.uncorrelated_chain_6ti1rd1,3,0.0
.uncorrelated_chain_6ti2rd2,3,0.0
.uncorrelated_chain_7ti1rd1,3,0.0
.uncorrelated_chain_7ti2rd2,3,0.0
.uncorrelated_chain_8ti1rd1,3,0.0
.uncorrelated_chain_8ti2rd2,3,0.0
.uncorrelated_chain_9ti1rd1,3,0.0
.uncorrelated_chain_9ti2rd2,3,0.0
.uncorrelated_timing__ti1_simdata1,3,0.0
.uncorrelated_timing__ti2_simdata2,3,0.0
.uncorrelated_chain_10ti1rd0,3,0.0
.uncorrelated_chain_1ti1rd0,3,0.0
.uncorrelated_chain_2ti1rd0,3,0.0
.uncorrelated_chain_3ti1rd0,3,0.0
.uncorrelated_chain_4ti1rd0,3,0.0
.uncorrelated_chain_5ti1rd0,3,0.0
.uncorrelated_chain_6ti1rd0,3,0.0
.uncorrelated_chain_7ti1rd0,3,0.0
.uncorrelated_chain_8ti1rd0,3,0.0
.uncorrelated_chain_9ti1rd0,3,0.0
.fileprocesslistener,3,0.0
.omi,3,0.0
.pair,3,0.0
.address,3,0.0
.idraw,3,0.0
.fch,3,0.0
.d4,3,0.0
.creol,3,0.0
.intent,3,0.0
.pyfftw,3,0.0
.jsonschema,3,0.0
.enaml,3,0.0
.jsb,3,0.0
.phonon,3,0.0
.molden,3,0.0
.blm,3,0.0
.parameter,3,0.0
.fedora,3,0.0
.betweenness,3,0.0
.closeness,3,0.0
.degree,3,0.0
.eigenvector,3,0.0
.textrank,3,0.0
.bamstat,3,0.0
.smake,3,0.0
.clus,3,0.0
.fdi,3,0.0
.scale,3,0.0
.fncache,3,0.0
.backupfiles,3,0.0
.chromsizes,3,0.0
.mona,3,0.0
.gplugin,3,0.0
.ri,3,0.0
.longorfs,3,0.0
.qsubsec,3,0.0
.loaded_0,3,0.0
.defhol,3,0.0
.nasm,3,0.0
.vcd,3,0.0
.bina,3,0.0
.right_bina,3,0.0
.w_bina,3,0.0
.mcm,3,0.0
.medium,3,0.0
.alt01,3,0.0
.alt02,3,0.0
.alt03,3,0.0
.fsd1,3,0.0
.fsd12,3,0.0
.isotope,3,0.0
.snw30percent,3,0.0
.snwgrain,3,0.0
.snwitdrdg,3,0.0
.zaero,3,0.0
.bgi,3,0.0
.snet,3,0.0
.eran,3,0.0
.fgb,3,0.0
.cron,3,0.0
.centos7,3,0.0
.mtz,3,0.0
.31_i86darwin64,3,0.0
.lkt,3,0.0
.cgpr,3,0.0
.ovsidl,3,0.0
.ovsschema,3,0.0
.pptm,3,0.0
.xlt,3,0.0
.partav,3,0.0
.partaw,3,0.0
.partax,3,0.0
.sch-bak,3,0.0
.preset,3,0.0
.dsn,3,0.0
.refflat,3,0.0
.jupyterlab-workspace,3,0.0
.glf,3,0.0
.parser,3,0.0
.openbsd,3,0.0
.classpath,3,0.0
.qvw,3,0.0
.qvpp,3,0.0
.itermcolors,3,0.0
.javax,3,0.0
.origins,3,0.0
.ud,3,0.0
.shopen,3,0.0
.marker,3,0.0
.intensity-benchmark,3,0.0
.wix_mp,3,0.0
.m1d,3,0.0
.64bit,3,0.0
.xe6,3,0.0
.xt4,3,0.0
.jiyun,3,0.0
.mickael,3,0.0
.iges,3,0.0
.cite,3,0.0
.textproto,3,0.0
.01100,3,0.0
.preseed,3,0.0
.f1f2,3,0.0
.tql,3,0.0
.descarga,3,0.0
.acs2,3,0.0
.scons,3,0.0
.mongodb,3,0.0
.webapp,3,0.0
.emscripten,3,0.0
.ipkg,3,0.0
.build_instructions,3,0.0
.quirksprovider,3,0.0
.convertersprovider,3,0.0
.dssp2,3,0.0
.ndr,3,0.0
.sites,3,0.0
.varin,3,0.0
.varout,3,0.0
.tn,3,0.0
.dj2,3,0.0
.riscos,3,0.0
.qpg,3,0.0
.kpt,3,0.0
.ammdb,3,0.0
.smsg,3,0.0
.sft,3,0.0
.pta,3,0.0
.2002,3,0.0
.2004,3,0.0
.scratch,3,0.0
.egg-info,3,0.0
.sth,3,0.0
.edp,3,0.0
.html?c=d;o=a,3,0.0
.html?c=m;o=a,3,0.0
.html?c=n;o=d,3,0.0
.html?c=s;o=a,3,0.0
.s#9,3,0.0
.l#2,3,0.0
.axf,3,0.0
.conejo,3,0.0
.yellowstone,3,0.0
.titan,3,0.0
.hva,3,0.0
.cir-gold,3,0.0
.cit-hepph,3,0.0
.cit-hepth,3,0.0
.kdb,3,0.0
.deprecated,3,0.0
.faw,3,0.0
.opsahl-powergrid,3,0.0
.hmmtbl,3,0.0
.rosif,3,0.0
.entities,3,0.0
.lwcc,3,0.0
.lwcs,3,0.0
.pct,3,0.0
.db-shm,3,0.0
.db-wal,3,0.0
.initial,3,0.0
.linst,3,0.0
.kldt,3,0.0
.odvd,3,0.0
.pmlexecseq10,3,0.0
.pmlexecseq11,3,0.0
.pmlexecseq12,3,0.0
.ages,3,0.0
.gpmn,3,0.0
.gpmn_diagram,3,0.0
.avx,3,0.0
.sse3,3,0.0
.grdecl,3,0.0
.exp1,3,0.0
.exp-s390x-mvc,3,0.0
.pkgproj,3,0.0
.aero,3,0.0
.dbdriverprovider,3,0.0
.cutg,3,0.0
.sha224,3,0.0
.sha384,3,0.0
.eda,3,0.0
.edu-sparql,3,0.0
.meg,3,0.0
.1srl,3,0.0
.end,3,0.0
.zl,3,0.0
.tblastn,3,0.0
.needle,3,0.0
.infernal,3,0.0
.genbank,3,0.0
.ontology,3,0.0
.vector,3,0.0
.scvd,3,0.0
.secret,3,0.0
.icao_intrare,3,0.0
.vecs,3,0.0
.paulsolar,3,0.0
.raxml,3,0.0
.can,3,0.0
.01tsmear_ddb,3,0.0
.02tsmear_ddb,3,0.0
.04tsmear_ddb,3,0.0
.36x36x8,3,0.0
.12x12x8,3,0.0
.li,3,0.0
.panchuk,3,0.0
.zeebe,3,0.0
.zeebe_old,3,0.0
.100726,3,0.0
.preformed,3,0.0
.spin0,3,0.0
.colorinjection,3,0.0
.0p_4pco2_ksulf_0,3,0.0
.01po4_spin,3,0.0
.05po4_spin,3,0.0
.1po4_spin,3,0.0
.5po4_spin,3,0.0
.po2,3,0.0
.x04pco2,3,0.0
.x08pco2,3,0.0
.x16pco2,3,0.0
.cluevariety,3,0.0
.tcss,3,0.0
.tgg,3,0.0
.com),3,0.0
.pctl,3,0.0
.trashinfo,3,0.0
.sh#,3,0.0
.xwm,3,0.0
.mongo,3,0.0
.raw1,3,0.0
.raw2,3,0.0
.gold_conll,3,0.0
.dream3d,3,0.0
.iplatformhelper,3,0.0
.delete_manifest,3,0.0
.map_manifest,3,0.0
.glan,3,0.0
.fzpz,3,0.0
.coalang,3,0.0
.e-12,3,0.0
.e-6,3,0.0
.04-os-rel,3,0.0
.dg,3,0.0
.mqsc,3,0.0
.snmpwalk,3,0.0
.acalib,3,0.0
.armv7,3,0.0
.gmsh,3,0.0
.lint,3,0.0
.xdl,3,0.0
.motifs10,3,0.0
.motifs12,3,0.0
.motifs8,3,0.0
.ppmx,3,0.0
.hse_test,3,0.0
.pslope,3,0.0
.00cm,3,0.0
.mlib,3,0.0
.ccbproj,3,0.0
.ldb,3,0.0
.deactivate,3,0.0
.mfront,3,0.0
.rg,3,0.0
.pyc_v1,3,0.0
.alfa,3,0.0
.hcr,3,0.0
.wadl,3,0.0
.templatecall,3,0.0
.sandwich,3,0.0
.fj,3,0.0
.formular,3,0.0
.propjava,3,0.0
.openssh,3,0.0
.r32,3,0.0
.r36,3,0.0
.ndb,3,0.0
.nhd,3,0.0
.nhi,3,0.0
.not,3,0.0
.nto,3,0.0
.graphdom,3,0.0
.vkb,3,0.0
.cgp,3,0.0
.newhead,3,0.0
.v287,3,0.0
.pro_old,3,0.0
.altaza,3,0.0
.utt,3,0.0
.3-const,3,0.0
.3-vowel,3,0.0
.khmer,3,0.0
.feaconf,3,0.0
.600pk,3,0.0
.c#,3,0.0
.handler,3,0.0
.cmor1,3,0.0
.sprnn,3,0.0
.treefile,3,0.0
.dada,3,0.0
.vipr,3,0.0
.termini,3,0.0
.wdata,3,0.0
.nrn,3,0.0
.ies,3,0.0
.bd,3,0.0
.bxml,3,0.0
.hwh,3,0.0
.hwdef,3,0.0
.variant_calling_detail_metrics,3,0.0
.variant_calling_summary_metrics,3,0.0
.caf,3,0.0
.cta,3,0.0
.landmarkasciiold,3,0.0
.therm,2,0.0
.therm_ph,2,0.0
.tmp_therm_anhar,2,0.0
.tmp_eldos,2,0.0
.celldm_grun,2,0.0
.el_comp,2,0.0
.el_comp_ph,2,0.0
.el_comp_s,2,0.0
.el_comp_s_ph,2,0.0
.el_cons,2,0.0
.el_cons_ph,2,0.0
.el_cons_s,2,0.0
.el_cons_s_ph,2,0.0
.ggamma_ph,2,0.0
.heat_anis,2,0.0
.heat_anis_grun,2,0.0
.heat_anis_ph,2,0.0
.tstress_ph,2,0.0
.tmp_el_comp,2,0.0
.tmp_el_cons,2,0.0
.f77,2,0.0
.lihui-ms-7984,2,0.0
.fxbuild,2,0.0
.part-aa,2,0.0
.part-ab,2,0.0
.part-ac,2,0.0
.part-ad,2,0.0
.ninox,2,0.0
.avgs,2,0.0
.ewev,2,0.0
.totminmax,2,0.0
.15c,2,0.0
.oscmod-better,2,0.0
.eps_sens_data,2,0.0
.parfait,2,0.0
.mx,2,0.0
.anc,2,0.0
.edward,2,0.0
.cdc,2,0.0
.earth,2,0.0
.limo,2,0.0
.rjs,2,0.0
.wfn001,2,0.0
.wfn002,2,0.0
.wfn003,2,0.0
.wfn004,2,0.0
.wfn1,2,0.0
.wfn2,2,0.0
.wfn3,2,0.0
.wfn4,2,0.0
.fr_msm_hcv_1a,2,0.0
.mccrone_h3n2_2014,2,0.0
.epipred,2,0.0
.endert,2,0.0
.log50k,2,0.0
.lmer,2,0.0
.nlist,2,0.0
.pseudo,2,0.0
.pseudo_allele,2,0.0
.voc,2,0.0
.hh_bak,2,0.0
.axt,2,0.0
.sh-example,2,0.0
.eu,2,0.0
.colorado,2,0.0
.spellrelax,2,0.0
.tb,2,0.0
.gene,2,0.0
.xacro~,2,0.0
.png~,2,0.0
.host,2,0.0
.tac,2,0.0
.pass,2,0.0
.kate-swp,2,0.0
.sysconfig,2,0.0
.binned_anchors,2,0.0
.publish,2,0.0
.smarts,2,0.0
.cutrul,2,0.0
.aip,2,0.0
.graphdb,2,0.0
.bash~,2,0.0
.ods#,2,0.0
.english,2,0.0
.itu,2,0.0
.1250,2,0.0
.1-edepsim,2,0.0
.0-extra,2,0.0
.0-larndsim,2,0.0
.semicore,2,0.0
.vanderbilt,2,0.0
.1024procs,2,0.0
.256procs,2,0.0
.512procs,2,0.0
.bare,2,0.0
.psppos,2,0.0
.phoney_mod,2,0.0
.khgh,2,0.0
.sgs_mod,2,0.0
.pbe,2,0.0
.fromphermet,2,0.0
.out_ep_sbk,2,0.0
.out_ep_sbk_org,2,0.0
.01_ddb,2,0.0
.walks,2,0.0
.s4p,2,0.0
.10x,2,0.0
.deployment,2,0.0
.javabehavior,2,0.0
.mavlink,2,0.0
.dumped,2,0.0
.jsl,2,0.0
.xgtf,2,0.0
.hf,2,0.0
.dz,2,0.0
.xd,2,0.0
.texeq,2,0.0
.tutorial,2,0.0
.complementary,2,0.0
.noncomplementary,2,0.0
.projbuild,2,0.0
.pidb,2,0.0
.insulation,2,0.0
.boundaries,2,0.0
.rtemplate,2,0.0
.dlm,2,0.0
.tcw,2,0.0
.model_params,2,0.0
.sublime-build,2,0.0
.bfs,2,0.0
.424,2,0.0
.433,2,0.0
.442,2,0.0
.1600,2,0.0
.embed,2,0.0
.ev,2,0.0
.v0,2,0.0
.an,2,0.0
.dbn 2,2,0.0
.oobn,2,0.0
.issueregistry,2,0.0
.heif,2,0.0
.gpstmodel,2,0.0
.tmpreferences,2,0.0
.tmsnippet,2,0.0
.nrank,2,0.0
.prank,2,0.0
.java-bak,2,0.0
.poc,2,0.0
.bs~,2,0.0
.fcstd1,2,0.0
.kotlin_module,2,0.0
.checkpatch,2,0.0
.nightly,2,0.0
.printf,2,0.0
.webserverpluginregistry,2,0.0
.apple,2,0.0
.cspec,2,0.0
.ldefs,2,0.0
.opinion,2,0.0
.pspec,2,0.0
.sinc,2,0.0
.slaspec,2,0.0
.frx,2,0.0
.vbp,2,0.0
.tool,2,0.0
.cry,2,0.0
.dubm,2,0.0
.ie,2,0.0
.glove,2,0.0
.sei,2,0.0
.439,2,0.0
.101,2,0.0
.tg,2,0.0
.schemaview,2,0.0
.dbmdl,2,0.0
.sqlproj,2,0.0
.ioi,2,0.0
.geflo,2,0.0
.nfg,2,0.0
.5_32,2,0.0
.distribution,2,0.0
.etd,2,0.0
.naco,2,0.0
.vega,2,0.0
.pdiparams,2,0.0
.testobject,2,0.0
.i1f,2,0.0
.i1i,2,0.0
.i1m,2,0.0
.i1p,2,0.0
.iceic,2,0.0
.iceih,2,0.0
.gensim,2,0.0
.diaparser,2,0.0
.marmot,2,0.0
.sm3,2,0.0
.xrm,2,0.0
.bin2,2,0.0
.bin3,2,0.0
.sca,2,0.0
.vci,2,0.0
.movements,2,0.0
.filelist,2,0.0
.csv_off,2,0.0
.unstable,2,0.0
.minisat,2,0.0
.fgram,2,0.0
.soap,2,0.0
.02e3b54,2,0.0
.8-pre1,2,0.0
.fda8cb8,2,0.0
.4f9c5c1,2,0.0
.docx#,2,0.0
.chromium,2,0.0
.fontified,2,0.0
.pbfilespec,2,0.0
.xclangspec,2,0.0
.whitelist,2,0.0
.rqtf,2,0.0
.rqtfimage,2,0.0
.aty,2,0.0
.kc705,2,0.0
.422,2,0.0
.goal,2,0.0
.lesserv3,2,0.0
.bands,2,0.0
.compute,2,0.0
.2nd,2,0.0
.cray,2,0.0
.exec,2,0.0
.ring,2,0.0
.exclude,2,0.0
.m_old,2,0.0
.nex~,2,0.0
.rsl-new,2,0.0
.rsl-old,2,0.0
.rsl,2,0.0
.db_encryptable_$data,2,0.0
.mko,2,0.0
.f90_profiling,2,0.0
.uxf,2,0.0
.crx,2,0.0
.cffpart1,2,0.0
.cffpart2,2,0.0
.svg~,2,0.0
.buff,2,0.0
.ini-dist,2,0.0
.corpus,2,0.0
.triggers,2,0.0
.ln,2,0.0
.set1,2,0.0
.set2,2,0.0
.set3,2,0.0
.suse,2,0.0
.twbx,2,0.0
.anisole,2,0.0
.dmabn,2,0.0
.ethylbenzene,2,0.0
.data-n2p2,2,0.0
.data-h2o-192,2,0.0
.data-h2o-36,2,0.0
.data-h2o-768,2,0.0
.data-org,2,0.0
.pods,2,0.0
.flk,2,0.0
.cppclean,2,0.0
.pcbdocpreview,2,0.0
.schdocpreview,2,0.0
.bom,2,0.0
.daml,2,0.0
.jason,2,0.0
.sample2,2,0.0
.database,2,0.0
.sagews,2,0.0
.cxx~,2,0.0
.geh,2,0.0
.yuv,2,0.0
.upynb,2,0.0
.minor,2,0.0
.geometryshader,2,0.0
.nvd,2,0.0
.length,2,0.0
.resp-pyr,2,0.0
.brml,2,0.0
._lg,2,0.0
.subdirs,2,0.0
.in_nbc,2,0.0
.in_obc,2,0.0
.prototype_files,2,0.0
.testrunconfig,2,0.0
.licenses,2,0.0
.keys,2,0.0
.bep,2,0.0
.ssd,2,0.0
.info-3,2,0.0
.info-4,2,0.0
.info-5,2,0.0
.enum,2,0.0
.arsc,2,0.0
.gtif,2,0.0
.bh,2,0.0
.batch_plot,2,0.0
.bmap,2,0.0
.lock_old,2,0.0
.bef,2,0.0
.bookmarks,2,0.0
.dirstate,2,0.0
.modif,2,0.0
.diffbase,2,0.0
.layers,2,0.0
.hgnc,2,0.0
.about,2,0.0
.directory,2,0.0
.email,2,0.0
.orchestra,2,0.0
.powertrace,2,0.0
.shell,2,0.0
.telnetd,2,0.0
.iar,2,0.0
.cc2538,2,0.0
.cc13xx,2,0.0
.cc26xx,2,0.0
.msp430,2,0.0
.nrf52832,2,0.0
.s79,2,0.0
.bme280,2,0.0
.cc2530dk,2,0.0
.jn516x,2,0.0
.raven-ipso,2,0.0
.raven-lcd-interface,2,0.0
.raven-webserver,2,0.0
.cooja,2,0.0
.openmote-cc2538,2,0.0
.firefly-reva,2,0.0
.firefly,2,0.0
.orion,2,0.0
.remote-reva,2,0.0
.remote-revb,2,0.0
.flaky,2,0.0
.compile-test,2,0.0
.simulation-test,2,0.0
.lark,2,0.0
.pheno,2,0.0
.eigenstrat,2,0.0
.pca,2,0.0
.evec,2,0.0
.xtxt,2,0.0
.uf,2,0.0
.uu,2,0.0
.xrefs,2,0.0
.lcasedata,2,0.0
.jflex,2,0.0
.fml,2,0.0
.grm,2,0.0
.iters,2,0.0
.stress,2,0.0
.loadings,2,0.0
.wordcount,2,0.0
.wordprob,2,0.0
.opensdf,2,0.0
.4_m_maxbit,2,0.0
.out-vac,2,0.0
.out-wat,2,0.0
.carb,2,0.0
.conste,2,0.0
.constph,2,0.0
.ol15,2,0.0
.gaff,2,0.0
.lipid17,2,0.0
.phosaa10,2,0.0
.phosaa14sb,2,0.0
.phosaa19sb,2,0.0
.phosfb18,2,0.0
.fb15,2,0.0
.ff03ua,2,0.0
.ff12pola,2,0.0
.ff12poll,2,0.0
.ff19sb,2,0.0
.ljbb,2,0.0
.shaw,2,0.0
.opc,2,0.0
.opc3,2,0.0
.opc3pol,2,0.0
.spce,2,0.0
.spceb,2,0.0
.tip4pew,2,0.0
.xfpchromophores,2,0.0
.ff02,2,0.0
.ff03,2,0.0
.ff84,2,0.0
.ff94,2,0.0
.ff98,2,0.0
.ff99,2,0.0
.ff99sb,2,0.0
.ff99sbildn,2,0.0
.ff99sbnmr,2,0.0
.2022,2,0.0
.ions234lm_126_tip3p,2,0.0
.ionsjc_tip3p,2,0.0
.databasedialectprovider,2,0.0
.patterns,2,0.0
.pso,2,0.0
.spo,2,0.0
.external,2,0.0
.bib~,2,0.0
.cc_pbcompil,2,0.0
.sur,2,0.0
.a2d,2,0.0
.xilconfig,2,0.0
.xilinc,2,0.0
.xhtml-bad,2,0.0
.supportvectormachine,2,0.0
.vrsettings,2,0.0
.argos,2,0.0
.airebo,2,0.0
.conflist,2,0.0
.derived_ranges,2,0.0
.psv,2,0.0
.bak1,2,0.0
.agro,2,0.0
.crop,2,0.0
.soil,2,0.0
.976,2,0.0
.977,2,0.0
.978,2,0.0
.979,2,0.0
.980,2,0.0
.981,2,0.0
.982,2,0.0
.983,2,0.0
.984,2,0.0
.985,2,0.0
.986,2,0.0
.987,2,0.0
.988,2,0.0
.989,2,0.0
.990,2,0.0
.991,2,0.0
.992,2,0.0
.993,2,0.0
.994,2,0.0
.995,2,0.0
.996,2,0.0
.997,2,0.0
.998,2,0.0
.gf,2,0.0
.nsf,2,0.0
.dia~,2,0.0
.fraplib,2,0.0
.rlib,2,0.0
.al1,2,0.0
.llv,2,0.0
.ois,2,0.0
.sds,2,0.0
.sti1,2,0.0
.suf,2,0.0
.prog,2,0.0
.tes,2,0.0
.manylinux,2,0.0
.dictionary,2,0.0
.v20150904-0015,2,0.0
.sqlce,2,0.0
.011,2,0.0
.wls,2,0.0
.-chr,2,0.0
.chr21_22_only,2,0.0
.chr21_22_only:50000,2,0.0
.regions2,2,0.0
.xvv,2,0.0
.elk,2,0.0
.basin,2,0.0
.dbasin,2,0.0
.mobileprovision,2,0.0
.152ea285d90e,2,0.0
.sarif,2,0.0
.clef,2,0.0
.wordnet,2,0.0
.relations,2,0.0
.german,2,0.0
.mech_backup,2,0.0
.dbg,2,0.0
.4mc,2,0.0
.6ma,2,0.0
.chh,2,0.0
.spot,2,0.0
.mafs,2,0.0
.align_one_indexed_and_reversed,2,0.0
.html_,2,0.0
.ge,2,0.0
.irix,2,0.0
.nanorc,2,0.0
.nxz,2,0.0
.format,2,0.0
.ibd,2,0.0
.imzml,2,0.0
.pdos_atm#1(fe)_wfc#1(s),2,0.0
.pdos_atm#1(fe)_wfc#2(s),2,0.0
.pdos_atm#1(fe)_wfc#3(p),2,0.0
.pdos_atm#1(fe)_wfc#4(p),2,0.0
.pdos_atm#1(fe)_wfc#5(d),2,0.0
.pdos_atm#2(fe)_wfc#1(s),2,0.0
.pdos_atm#2(fe)_wfc#2(s),2,0.0
.pdos_atm#2(fe)_wfc#3(p),2,0.0
.pdos_atm#2(fe)_wfc#4(p),2,0.0
.pdos_atm#2(fe)_wfc#5(d),2,0.0
.pcks12,2,0.0
.mio,2,0.0
.bis,2,0.0
.ia64,2,0.0
.hunspell,2,0.0
.xmgr,2,0.0
.nodistutils,2,0.0
.sigmet,2,0.0
.candidates,2,0.0
.frcfld,2,0.0
.xml_tokenandwait,2,0.0
.leap,2,0.0
.gd1,2,0.0
.pvalue,2,0.0
.maxpresets,2,0.0
.esb,2,0.0
.tyndall,2,0.0
.classifier,2,0.0
.digest,2,0.0
.values,2,0.0
.anl,2,0.0
.superstl,2,0.0
.sstl,2,0.0
.thrift_enums,2,0.0
.thrift_refs,2,0.0
.ml~,2,0.0
.stmc,2,0.0
.ltx#,2,0.0
.tex#,2,0.0
.fr~,2,0.0
.ivy,2,0.0
.pcx,2,0.0
.z00,2,0.0
.z11,2,0.0
.z12,2,0.0
.4t,2,0.0
.3a,2,0.0
.profileprovider,2,0.0
.12_200_300mpc_v3,2,0.0
.62_200_300mpc_v3,2,0.0
.75_200_300mpc_v3,2,0.0
.55_200_300mpc_v3,2,0.0
.81_200_300mpc_v3,2,0.0
.27_200_300mpc_v3,2,0.0
.70_200_300mpc_v3,2,0.0
.79_200_300mpc_v3,2,0.0
.16_200_300mpc_v3,2,0.0
.02_200_300mpc_v3,2,0.0
.57_200_300mpc_v3,2,0.0
.14_200_300mpc_v3,2,0.0
.73_200_300mpc_v3,2,0.0
.60_200_300mpc_v3,2,0.0
.33_200_300mpc_v3,2,0.0
.93_200_300mpc_v3,2,0.0
.72_200_300mpc_v3,2,0.0
.50_200_300mpc_v3,2,0.0
.renviron,2,0.0
.allupdates,2,0.0
.fixv351,2,0.0
.f_orig,2,0.0
.incl,2,0.0
.gfort,2,0.0
.xlf90_r,2,0.0
.mpp,2,0.0
.nmm,2,0.0
.ssib,2,0.0
.convert,2,0.0
.les,2,0.0
.tropical_cyclone,2,0.0
.020,2,0.0
.039,2,0.0
.040,2,0.0
.080,2,0.0
.105,2,0.0
.117,2,0.0
.127,2,0.0
.138,2,0.0
.160,2,0.0
.165,2,0.0
.180,2,0.0
.201,2,0.0
.202,2,0.0
.204,2,0.0
.255,2,0.0
.260,2,0.0
.266,2,0.0
.280,2,0.0
.301,2,0.0
.302,2,0.0
.380,2,0.0
.430,2,0.0
.440,2,0.0
.450,2,0.0
.460,2,0.0
.480,2,0.0
.501,2,0.0
.520,2,0.0
.540,2,0.0
.635,2,0.0
.79,2,0.0
.81,2,0.0
.82,2,0.0
.83,2,0.0
.84,2,0.0
.86,2,0.0
.87,2,0.0
.88,2,0.0
.89,2,0.0
.90,2,0.0
.91,2,0.0
.92,2,0.0
.93,2,0.0
.94,2,0.0
.95,2,0.0
.96,2,0.0
.97,2,0.0
.98,2,0.0
.oga,2,0.0
.hqx,2,0.0
.cognition,2,0.0
.communication,2,0.0
.possession,2,0.0
.linux64,2,0.0
.wpi,2,0.0
.stepmodel,2,0.0
.stuttermodel,2,0.0
.fodg,2,0.0
.lrx,2,0.0
.t1x,2,0.0
.gplv3,2,0.0
.port,2,0.0
.replay_exclude,2,0.0
.replay_include,2,0.0
.replay_unique_ip,2,0.0
.rewrite_1ttl,2,0.0
.rewrite_1ttl-hdrfix,2,0.0
.rewrite_2ttl,2,0.0
.rewrite_2ttl-hdrfix,2,0.0
.rewrite_3ttl,2,0.0
.rewrite_3ttl-hdrfix,2,0.0
.rewrite_config,2,0.0
.rewrite_dlthdlc,2,0.0
.rewrite_dltraw,2,0.0
.rewrite_dltuser,2,0.0
.rewrite_efcs,2,0.0
.rewrite_endpoint,2,0.0
.rewrite_enet_subsmac,2,0.0
.rewrite_fixcsum,2,0.0
.rewrite_fixlen_del,2,0.0
.rewrite_fixlen_pad,2,0.0
.rewrite_fixlen_trunc,2,0.0
.rewrite_l7fuzzing,2,0.0
.rewrite_layer2,2,0.0
.rewrite_mac,2,0.0
.rewrite_mac_seed,2,0.0
.rewrite_mac_seed_keep,2,0.0
.rewrite_mtutrunc,2,0.0
.rewrite_nanosec,2,0.0
.rewrite_pad,2,0.0
.rewrite_pnat,2,0.0
.rewrite_portmap,2,0.0
.rewrite_range_portmap,2,0.0
.rewrite_seed,2,0.0
.rewrite_sequence,2,0.0
.rewrite_skip,2,0.0
.rewrite_tos,2,0.0
.rewrite_trunc,2,0.0
.1ad,2,0.0
.rewrite_vlandel,2,0.0
.bedlogr,2,0.0
.qhc,2,0.0
.whisker,2,0.0
.oca,2,0.0
.ocx,2,0.0
.rocky,2,0.0
.mexglx_bak,2,0.0
.sgy,2,0.0
.current,2,0.0
.kakarot,2,0.0
.geneious,2,0.0
.sil,2,0.0
.ocaml,2,0.0
.adastra_genoa,2,0.0
.adastra_gpu,2,0.0
.cal1_gfortran,2,0.0
.cal1_ifort,2,0.0
.jean-zay_gpu,2,0.0
.linux_ifort,2,0.0
.rootmap,2,0.0
.genre,2,0.0
.occupation,2,0.0
.kij~,2,0.0
.inp~,2,0.0
.physical,2,0.0
.physical~,2,0.0
.depart,2,0.0
.version_script,2,0.0
.libfdt,2,0.0
.iter-4,2,0.0
.usr1d,2,0.0
.usr2d,2,0.0
.usr,2,0.0
.sxd,2,0.0
.imagewriterspi,2,0.0
.bashscreen,2,0.0
.q0000,2,0.0
.t0000,2,0.0
.sso,2,0.0
.xa,2,0.0
.nz,2,0.0
.liquid,2,0.0
.ot,2,0.0
.100212,2,0.0
.olib,2,0.0
.lca,2,0.0
.hrg,2,0.0
.lmk,2,0.0
.lmko,2,0.0
.tmw,2,0.0
.simd,2,0.0
.latest,2,0.0
.defaultrs,2,0.0
.intel_2025,2,0.0
.xl,2,0.0
.29sept2019,2,0.0
.predat,2,0.0
.bioconstr,2,0.0
.wikis_clean_v3,2,0.0
.wikis_dropped,2,0.0
.wikis2cat,2,0.0
.tra,2,0.0
.xdsl,2,0.0
.nova,2,0.0
.voice,2,0.0
.holeice,2,0.0
.aha,2,0.0
.tfb,2,0.0
.visit,2,0.0
.cgns,2,0.0
.dedup,2,0.0
.unsuccessfulbuild,2,0.0
.nraw,2,0.0
.mount,2,0.0
.ind8s,2,0.0
.inr8s,2,0.0
.rrng,2,0.0
.usagexml,2,0.0
.model3,2,0.0
.daikenan,2,0.0
.cfm,2,0.0
.gdshader,2,0.0
.lgt,2,0.0
.mariadb,2,0.0
.prql,2,0.0
.sqlserver,2,0.0
.tpd,2,0.0
.nosex,2,0.0
.kmc_nonmui,2,0.0
.xt5,2,0.0
.strips,2,0.0
.corigpu,2,0.0
.obj~,2,0.0
.iaeaheader,2,0.0
.iaeaphsp,2,0.0
.xaa,2,0.0
.xab,2,0.0
.xac,2,0.0
.xad,2,0.0
.cbm,2,0.0
.routes,2,0.0
.suppressions,2,0.0
.aocx,2,0.0
.odgt,2,0.0
.asi,2,0.0
.construct,2,0.0
.conf-debian,2,0.0
.conf-redhat,2,0.0
.supertsv,2,0.0
.qv,2,0.0
.coruscans_emcabyroc_mergedalgo_mergedrun_mergeddata,2,0.0
.coruscans_emciinfbyroc_mergedalgo_mergedrun_mergeddata,2,0.0
.coruscans_emcisupbyroc_mergedalgo_mergedrun_mergeddata,2,0.0
.coruscans_emcvbyroc_mergedalgo_mergedrun_mergeddata,2,0.0
.coruscans_emmeanbyroc_mergedalgo_mergedrun_mergeddata,2,0.0
.coruscans_emmedianbyroc_mergedalgo_mergedrun_mergeddata,2,0.0
.coruscans_emwmeanbyroc_mergedalgo_mergedrun_mergeddata,2,0.0
.leadbeateri_alldata_full_gbm,2,0.0
.leadbeateri_alldata_full_glm,2,0.0
.leadbeateri_alldata_run1_gbm,2,0.0
.leadbeateri_alldata_run1_glm,2,0.0
.leadbeateri_emcabyroc_mergedalgo_mergedrun_mergeddata,2,0.0
.leadbeateri_emciinfbyroc_mergedalgo_mergedrun_mergeddata,2,0.0
.leadbeateri_emcisupbyroc_mergedalgo_mergedrun_mergeddata,2,0.0
.leadbeateri_emcvbyroc_mergedalgo_mergedrun_mergeddata,2,0.0
.leadbeateri_emmeanbyroc_mergedalgo_mergedrun_mergeddata,2,0.0
.leadbeateri_emmedianbyroc_mergedalgo_mergedrun_mergeddata,2,0.0
.leadbeateri_emwmeanbyroc_mergedalgo_mergedrun_mergeddata,2,0.0
.gigas_alldata_full_gbm,2,0.0
.gigas_alldata_full_glm,2,0.0
.gigas_alldata_run1_gbm,2,0.0
.gigas_alldata_run1_glm,2,0.0
.gigas_emcabyroc_mergedalgo_mergedrun_mergeddata,2,0.0
.gigas_emciinfbyroc_mergedalgo_mergedrun_mergeddata,2,0.0
.gigas_emcisupbyroc_mergedalgo_mergedrun_mergeddata,2,0.0
.gigas_emcvbyroc_mergedalgo_mergedrun_mergeddata,2,0.0
.gigas_emmeanbyroc_mergedalgo_mergedrun_mergeddata,2,0.0
.gigas_emmedianbyroc_mergedalgo_mergedrun_mergeddata,2,0.0
.gigas_emwmeanbyroc_mergedalgo_mergedrun_mergeddata,2,0.0
.cyanopterus_alldata_full_gbm,2,0.0
.cyanopterus_alldata_full_glm,2,0.0
.cyanopterus_alldata_run1_gbm,2,0.0
.cyanopterus_alldata_run1_glm,2,0.0
.cyanopterus_emcabyroc_mergedalgo_mergedrun_mergeddata,2,0.0
.cyanopterus_emciinfbyroc_mergedalgo_mergedrun_mergeddata,2,0.0
.cyanopterus_emcisupbyroc_mergedalgo_mergedrun_mergeddata,2,0.0
.cyanopterus_emcvbyroc_mergedalgo_mergedrun_mergeddata,2,0.0
.cyanopterus_emmeanbyroc_mergedalgo_mergedrun_mergeddata,2,0.0
.cyanopterus_emmedianbyroc_mergedalgo_mergedrun_mergeddata,2,0.0
.cyanopterus_emwmeanbyroc_mergedalgo_mergedrun_mergeddata,2,0.0
.chinese-news,2,0.0
.complete,2,0.0
.rmd_,2,0.0
.scalax,2,0.0
.glm,2,0.0
.vix,2,0.0
.request,2,0.0
.dangambigs,2,0.0
.freq-dawg,2,0.0
.inttemp,2,0.0
.normproto,2,0.0
.pffmtable,2,0.0
.unicharset,2,0.0
.user-words,2,0.0
.word-dawg,2,0.0
.cijdat,2,0.0
.tru64,2,0.0
.substvars,2,0.0
.missingdatainfo,2,0.0
.lmctl,2,0.0
.tmpoutputpath,2,0.0
.qea,2,0.0
.hh*,2,0.0
.scripted,2,0.0
.amp,2,0.0
.configure,2,0.0
.bnc,2,0.0
.pch_serialio_uart,2,0.0
.its,2,0.0
.payload,2,0.0
.stem,2,0.0
.swi2,2,0.0
.zta,2,0.0
.tr_list,2,0.0
.uplugin,2,0.0
.updatedapril2019,2,0.0
.blend2,2,0.0
.mpf,2,0.0
.apps,2,0.0
.pkgs,2,0.0
.xgb,2,0.0
.giu,2,0.0
.protobuf,2,0.0
.950214,2,0.0
.950215,2,0.0
.950216,2,0.0
.950217,2,0.0
.950218,2,0.0
.950219,2,0.0
.950220,2,0.0
.950221,2,0.0
.950222,2,0.0
.950223,2,0.0
.950224,2,0.0
.150309,2,0.0
.150307,2,0.0
.150310,2,0.0
.150314,2,0.0
.150313,2,0.0
.150311,2,0.0
.150315,2,0.0
.150312,2,0.0
.150308,2,0.0
.150317,2,0.0
.150316,2,0.0
.150508,2,0.0
.150506,2,0.0
.150509,2,0.0
.150513,2,0.0
.150512,2,0.0
.150510,2,0.0
.150514,2,0.0
.150511,2,0.0
.150507,2,0.0
.150516,2,0.0
.150515,2,0.0
.150320,2,0.0
.150318,2,0.0
.150321,2,0.0
.150325,2,0.0
.150324,2,0.0
.150322,2,0.0
.150326,2,0.0
.150323,2,0.0
.150319,2,0.0
.150328,2,0.0
.150327,2,0.0
.502328,2,0.0
.502331,2,0.0
.502333,2,0.0
.502327,2,0.0
.502326,2,0.0
.502325,2,0.0
.502329,2,0.0
.502332,2,0.0
.502324,2,0.0
.502330,2,0.0
.macho,2,0.0
.update,2,0.0
.0521,2,0.0
.0429,2,0.0
.0187,2,0.0
.0315,2,0.0
.0062,2,0.0
.0257,2,0.0
.0117,2,0.0
.0383,2,0.0
.0165,2,0.0
.1824,2,0.0
.0320,2,0.0
.0055,2,0.0
.1828,2,0.0
.1853,2,0.0
.0364,2,0.0
.0060,2,0.0
.0139,2,0.0
.african,2,0.0
.clist,2,0.0
.koko,2,0.0
.gs,2,0.0
.freqs,2,0.0
.input4,2,0.0
.mao,2,0.0
.relax,2,0.0
.mdout,2,0.0
.spout,2,0.0
.dup,2,0.0
.uniform,2,0.0
.peg,2,0.0
.tck,2,0.0
.acx,2,0.0
.byte,2,0.0
.7b,2,0.0
.6d,2,0.0
.7a,2,0.0
.developer,2,0.0
.garuda,2,0.0
.restarttest,2,0.0
.nosub,2,0.0
.aml,2,0.0
.source-map,2,0.0
.js#,2,0.0
.avg_curv,2,0.0
.avg_sulc,2,0.0
.avg_thickness,2,0.0
.curv,2,0.0
.sulc,2,0.0
.thickness,2,0.0
.fout,2,0.0
.annot_auc,2,0.0
.asuppr,2,0.0
.idhoa,2,0.0
.0-alpha,2,0.0
.auxil,2,0.0
.blas,2,0.0
.gesv,2,0.0
.matgen,2,0.0
.pauxil,2,0.0
.pfact,2,0.0
.pgesv,2,0.0
.pmatgen,2,0.0
.ptest,2,0.0
.ptimer,2,0.0
.power,2,0.0
.mold,2,0.0
.old2,2,0.0
.oldcpp,2,0.0
.message37,2,0.0
.message38,2,0.0
.message39,2,0.0
.message40,2,0.0
.message41,2,0.0
.message42,2,0.0
.message43,2,0.0
.message44,2,0.0
.message45,2,0.0
.message46,2,0.0
.message47,2,0.0
.message48,2,0.0
.profile28,2,0.0
.profile29,2,0.0
.profile30,2,0.0
.profile31,2,0.0
.profile32,2,0.0
.profile33,2,0.0
.profile34,2,0.0
.profile35,2,0.0
.profile36,2,0.0
.profile37,2,0.0
.profile38,2,0.0
.profile39,2,0.0
.profile40,2,0.0
.bpp26,2,0.0
.bpp27,2,0.0
.bpp28,2,0.0
.reduc,2,0.0
.haplo,2,0.0
.euler,2,0.0
.appcache,2,0.0
.asci,2,0.0
.pdf_tex,2,0.0
.accdb,2,0.0
.negative,2,0.0
.best_models,2,0.0
.models,2,0.0
.pv,2,0.0
.activation-api,2,0.0
.annotation-api,2,0.0
.persistence,2,0.0
.3_spec,2,0.0
.news,2,0.0
.mime,2,0.0
.bcc,2,0.0
.manx,2,0.0
.mc6,2,0.0
.lisp-expr,2,0.0
.externs,2,0.0
.llconf,2,0.0
.sasl,2,0.0
.ffs,2,0.0
.magic,2,0.0
.sh4,2,0.0
.see_also,2,0.0
.registeredtransform,2,0.0
.rle,2,0.0
.ptm,2,0.0
.001dt_1000seg,2,0.0
.render,2,0.0
.direct,2,0.0
.nsimodel,2,0.0
.ixx,2,0.0
.cake,2,0.0
.sls,2,0.0
.cj,2,0.0
.just,2,0.0
.um,2,0.0
.gvy,2,0.0
.ʕ◔ϖ◔ʔ,2,0.0
.civet,2,0.0
.dhall,2,0.0
.p6,2,0.0
.vba,2,0.0
.slnf,2,0.0
.cid,2,0.0
.3des,2,0.0
.cson,2,0.0
.licensepp,2,0.0
.rtems,2,0.0
.bna,2,0.0
.networks,2,0.0
.kuang2,2,0.0
.bla,2,0.0
.nxd,2,0.0
.nxj,2,0.0
.as3proj,2,0.0
.gmake,2,0.0
.fasta~,2,0.0
.berp,2,0.0
.dacpac,2,0.0
.compute_worker,2,0.0
.s0,2,0.0
.cifar,2,0.0
.osc,2,0.0
.clw,2,0.0
.gecko,2,0.0
.nrf-vpr,2,0.0
.nrf,2,0.0
.cc13xx-cc26xx,2,0.0
.dongle,2,0.0
.openmote,2,0.0
.cc1352r1,2,0.0
.embedded,2,0.0
.tools,2,0.0
.standalone,2,0.0
.rdf+xml,2,0.0
.turtle,2,0.0
.errorsgaps,2,0.0
.gaps,2,0.0
.delta,2,0.0
.petscvec,2,0.0
.jl~,2,0.0
.dch,2,0.0
.agp,2,0.0
.selected,2,0.0
.top_500_longest,2,0.0
.resolving,2,0.0
.expect_run,2,0.0
.tff,2,0.0
.srvy,2,0.0
.rbz,2,0.0
.typesconfigurations,2,0.0
.lid,2,0.0
.charcol,2,0.0
.tfa_clu,2,0.0
.tfa_kalign,2,0.0
.tfa_muscle,2,0.0
.bubble,2,0.0
.flow_past_cylinder-z,2,0.0
.traceradvect_bds,2,0.0
.rayleightaylor,2,0.0
.convectedvortex,2,0.0
.traceradvect,2,0.0
.stanford,2,0.0
.left,2,0.0
.bed12,2,0.0
.bed3,2,0.0
.pion,2,0.0
.corp,2,0.0
.f2,2,0.0
.f3,2,0.0
.f4,2,0.0
.f5,2,0.0
.plumed,2,0.0
.diy,2,0.0
.pins,2,0.0
.pont,2,0.0
.abcjob,2,0.0
.archive,2,0.0
.dsa,2,0.0
.clientprotocolprovider,2,0.0
.senses,2,0.0
.tester,2,0.0
.sygus,2,0.0
.p2s,2,0.0
.f3d,2,0.0
.wmv,2,0.0
.x00,2,0.0
.defaultconfigurationprovider,2,0.0
.detektprovider,2,0.0
.versionprovider,2,0.0
.configvalidator,2,0.0
.aas,2,0.0
.go-todo,2,0.0
.minimap2,2,0.0
.opr,2,0.0
.qd,2,0.0
.cvh,2,0.0
.compareicc,2,0.0
.pindbin,2,0.0
.compare3,2,0.0
.compare4,2,0.0
.xex,2,0.0
.xgmml,2,0.0
.mgm,2,0.0
.manylinux-cuda101,2,0.0
.manylinux-gpu,2,0.0
.omake,2,0.0
.oligos,2,0.0
.fcd,2,0.0
.len,2,0.0
.eclipse,2,0.0
.mtvl,2,0.0
.i64,2,0.0
.stuff,2,0.0
.garf,2,0.0
.grmf,2,0.0
.ecalrec,2,0.0
.bmml,2,0.0
.boolfunctions,2,0.0
.ndp,2,0.0
.spice,2,0.0
.clusterinfo,2,0.0
.clustersummary,2,0.0
.pairsinfo,2,0.0
.mexs64,2,0.0
.jsb2,2,0.0
.c3xml,2,0.0
.gamess,2,0.0
.jxyz,2,0.0
.pmesh,2,0.0
.xodydata,2,0.0
.topology,2,0.0
.leaprc,2,0.0
.ewprj,2,0.0
.ewprj (security copy),2,0.0
.docopt,2,0.0
.mothur,2,0.0
.ecf,2,0.0
.r2022b,2,0.0
.ea,2,0.0
.kaval,2,0.0
.kavec,2,0.0
.kdval,2,0.0
.kdvec,2,0.0
.nka,2,0.0
.nkd,2,0.0
.sha256sum,2,0.0
.ber,2,0.0
.ensemble,2,0.0
.rptdesign,2,0.0
.omn,2,0.0
.seqxml,2,0.0
.hashmap,2,0.0
.menu,2,0.0
.oe,2,0.0
.blacklist,2,0.0
.pca2,2,0.0
.pca8,2,0.0
.pca9,2,0.0
.ruc,2,0.0
.swiftdoc,2,0.0
.skyd,2,0.0
.lisp~,2,0.0
.gff2,2,0.0
.caf2,2,0.0
.warc,2,0.0
.testonly,2,0.0
.binning,2,0.0
.epw,2,0.0
.immuadmin,2,0.0
.immuclient,2,0.0
.nonroot,2,0.0
.specs,2,0.0
.processors,2,0.0
.midi,2,0.0
.binarypb,2,0.0
.cypress,2,0.0
.boot,2,0.0
.hcls,2,0.0
.dat_temp1,2,0.0
.dat_temp2,2,0.0
.conll10,2,0.0
.cvc,2,0.0
.mess,2,0.0
.tmproj,2,0.0
.rtl,2,0.0
.nif,2,0.0
.ane,2,0.0
.sclib,2,0.0
.idf,2,0.0
.htkdic,2,0.0
.gtout,2,0.0
.halved,2,0.0
.post,2,0.0
.preferences_pb,2,0.0
.protect,2,0.0
.rid,2,0.0
.scen,2,0.0
.mlab,2,0.0
.spyx,2,0.0
.wembed,2,0.0
.wvec,2,0.0
.sup,2,0.0
.betzy_intel,2,0.0
.blueback_aocc,2,0.0
.blueback_cray,2,0.0
.blueback_gnu,2,0.0
.blueback_intel,2,0.0
.blueback_nvhpc,2,0.0
.boreas_intel,2,0.0
.carpenter_cray,2,0.0
.carpenter_gnu,2,0.0
.carpenter_gnuimpi,2,0.0
.carpenter_intel,2,0.0
.carpenter_intelimpi,2,0.0
.carpenter_inteloneapi,2,0.0
.fram_intel,2,0.0
.freya_gnu,2,0.0
.freya_intel,2,0.0
.gaeac5_intel,2,0.0
.gaeac6_intel,2,0.0
.gpsc3_intel,2,0.0
.gust_cray,2,0.0
.gust_intel,2,0.0
.hera_intel,2,0.0
.mustang_intel18,2,0.0
.mustang_intel19,2,0.0
.mustang_intel20,2,0.0
.narwhal_aocc,2,0.0
.narwhal_cray,2,0.0
.narwhal_gnu,2,0.0
.narwhal_intel,2,0.0
.narwhal_intelhpcx,2,0.0
.nrlssc_gnu,2,0.0
.orion_intel,2,0.0
.phase3_intel,2,0.0
.ppp3_intel,2,0.0
.ppp5_intel,2,0.0
.ppp6_gnu,2,0.0
.ppp6_gnu-impi,2,0.0
.ppp6_intel,2,0.0
.ppp6_intel19,2,0.0
.robert_intel,2,0.0
.underhill_intel,2,0.0
.ursa_intel,2,0.0
.gx1,2,0.0
.iobinary,2,0.0
.ionetcdf,2,0.0
.thread,2,0.0
.alt04,2,0.0
.calcdragio,2,0.0
.congel,2,0.0
.diag1,2,0.0
.diag24,2,0.0
.dt1hr,2,0.0
.dt30min,2,0.0
.modal,2,0.0
.pondsealvl,2,0.0
.run10day,2,0.0
.run1day,2,0.0
.run1year,2,0.0
.run2day,2,0.0
.run5day,2,0.0
.run60day,2,0.0
.saltflux,2,0.0
.snicartest,2,0.0
.restart1,2,0.0
.restart2,2,0.0
.ppk,2,0.0
.actions,2,0.0
.shadervariants,2,0.0
.cpgz,2,0.0
.uv,2,0.0
.mth,2,0.0
.areacolor,2,0.0
.palette,2,0.0
.mmcif,2,0.0
.chr2l,2,0.0
.425_i86linux32,2,0.0
.425_i86linux64,2,0.0
.nifh_fulls_raxml_20180829,2,0.0
.emd,2,0.0
.adabody,2,0.0
.hits,2,0.0
.fastn,2,0.0
.dbnames,2,0.0
.rhel,2,0.0
.talgorithm,2,0.0
.rbf,2,0.0
.xltm,2,0.0
.potm,2,0.0
.ppsm,2,0.0
.ppsx,2,0.0
.xla,2,0.0
.xlam,2,0.0
.partay,2,0.0
.partaz,2,0.0
.partba,2,0.0
.partbb,2,0.0
.partbc,2,0.0
.partbd,2,0.0
.partbe,2,0.0
.partbf,2,0.0
.partbg,2,0.0
.partbh,2,0.0
.partbi,2,0.0
.partbj,2,0.0
.partbk,2,0.0
.partbl,2,0.0
.partbm,2,0.0
.partbn,2,0.0
.partbo,2,0.0
.partbp,2,0.0
.partbq,2,0.0
.partbr,2,0.0
.partbs,2,0.0
.partbt,2,0.0
.partbu,2,0.0
.partbv,2,0.0
.partbw,2,0.0
.partbx,2,0.0
.partby,2,0.0
.partbz,2,0.0
.partca,2,0.0
.partcb,2,0.0
.partcc,2,0.0
.partcd,2,0.0
.partce,2,0.0
.partcf,2,0.0
.partcg,2,0.0
.partch,2,0.0
.partci,2,0.0
.partcj,2,0.0
.partck,2,0.0
.partcl,2,0.0
.partcm,2,0.0
.partcn,2,0.0
.partco,2,0.0
.partcp,2,0.0
.partcq,2,0.0
.partcr,2,0.0
.partcs,2,0.0
.partct,2,0.0
.partcu,2,0.0
.partcv,2,0.0
.sdk,2,0.0
.112-12,2,0.0
.112-13,2,0.0
.112-14,2,0.0
.112-15,2,0.0
.112-16,2,0.0
.223-17,2,0.0
.23-2,2,0.0
.23-3,2,0.0
.23-4,2,0.0
.23-5,2,0.0
.23-6,2,0.0
.56-10,2,0.0
.56-11,2,0.0
.56-7,2,0.0
.56-8,2,0.0
.56-9,2,0.0
.18-17,2,0.0
.5-10,2,0.0
.5-11,2,0.0
.5-7,2,0.0
.5-8,2,0.0
.5-9,2,0.0
.9-12,2,0.0
.9-13,2,0.0
.9-14,2,0.0
.9-15,2,0.0
.9-16,2,0.0
.135-10,2,0.0
.135-11,2,0.0
.135-7,2,0.0
.135-8,2,0.0
.135-9,2,0.0
.270-12,2,0.0
.270-13,2,0.0
.270-14,2,0.0
.270-15,2,0.0
.270-16,2,0.0
.539-17,2,0.0
.54-2,2,0.0
.54-3,2,0.0
.54-4,2,0.0
.54-5,2,0.0
.54-6,2,0.0
.16-10,2,0.0
.16-11,2,0.0
.16-7,2,0.0
.16-8,2,0.0
.16-9,2,0.0
.32-12,2,0.0
.32-13,2,0.0
.32-14,2,0.0
.32-15,2,0.0
.32-16,2,0.0
.64-17,2,0.0
.7-2,2,0.0
.7-3,2,0.0
.7-4,2,0.0
.7-5,2,0.0
.7-6,2,0.0
.168-17,2,0.0
.17-2,2,0.0
.17-3,2,0.0
.17-4,2,0.0
.17-5,2,0.0
.17-6,2,0.0
.42-10,2,0.0
.42-11,2,0.0
.42-7,2,0.0
.42-8,2,0.0
.42-9,2,0.0
.84-12,2,0.0
.84-13,2,0.0
.84-14,2,0.0
.84-15,2,0.0
.84-16,2,0.0
.142-12,2,0.0
.142-13,2,0.0
.142-14,2,0.0
.142-15,2,0.0
.142-16,2,0.0
.284-17,2,0.0
.29-2,2,0.0
.29-3,2,0.0
.29-4,2,0.0
.29-5,2,0.0
.29-6,2,0.0
.71-10,2,0.0
.71-11,2,0.0
.71-7,2,0.0
.71-8,2,0.0
.71-9,2,0.0
.11-12,2,0.0
.11-13,2,0.0
.11-14,2,0.0
.11-15,2,0.0
.11-16,2,0.0
.22-17,2,0.0
.3-2,2,0.0
.3-3,2,0.0
.3-4,2,0.0
.3-5,2,0.0
.3-6,2,0.0
.6-10,2,0.0
.6-11,2,0.0
.6-7,2,0.0
.6-8,2,0.0
.6-9,2,0.0
.13-17,2,0.0
.4-10,2,0.0
.4-11,2,0.0
.4-7,2,0.0
.4-8,2,0.0
.4-9,2,0.0
.7-12,2,0.0
.7-13,2,0.0
.7-14,2,0.0
.7-15,2,0.0
.7-16,2,0.0
.173-17,2,0.0
.18-2,2,0.0
.18-3,2,0.0
.18-4,2,0.0
.18-5,2,0.0
.18-6,2,0.0
.44-10,2,0.0
.44-11,2,0.0
.44-7,2,0.0
.44-8,2,0.0
.44-9,2,0.0
.87-12,2,0.0
.87-13,2,0.0
.87-14,2,0.0
.87-15,2,0.0
.87-16,2,0.0
.case-insensitive,2,0.0
.case-sensitive,2,0.0
.wgt,2,0.0
.hyyt,2,0.0
.op3,2,0.0
.h5f,2,0.0
.others,2,0.0
.tassign,2,0.0
.twords,2,0.0
.gpkit,2,0.0
.odex,2,0.0
.hyd,2,0.0
.re1,2,0.0
.re2,2,0.0
.re7,2,0.0
.re8,2,0.0
.re9,2,0.0
.swy,2,0.0
.shipx_ship,2,0.0
.java#,2,0.0
.ora,2,0.0
.joy,2,0.0
.gs1,2,0.0
.conservationscores,2,0.0
.shadersubgraph,2,0.0
".txt,1",2,0.0
.snptest,2,0.0
.gens,2,0.0
.gens_info,2,0.0
.pbnd,2,0.0
.dofe,2,0.0
.vkhr,2,0.0
.devkit,2,0.0
.rad,2,0.0
.cubin,2,0.0
.hot,2,0.0
.parallel,2,0.0
.barrier,2,0.0
.ths,2,0.0
.euc_jp,2,0.0
.addons,2,0.0
.trailer,2,0.0
.dynsql,2,0.0
.regress,2,0.0
.unixware,2,0.0
.pltcl,2,0.0
.multicore,2,0.0
.dpk,2,0.0
.vfb,2,0.0
.difftax,2,0.0
.ctlr,2,0.0
.value,2,0.0
.vcard,2,0.0
.designer,2,0.0
.templates,2,0.0
.pseudocode,2,0.0
.driver,2,0.0
.nbm,2,0.0
.ur5,2,0.0
.nmt,2,0.0
.withjstl,2,0.0
.morbid,2,0.0
.jtv,2,0.0
.jfr,2,0.0
.sjk,2,0.0
.sublime-syntax,2,0.0
.outlang,2,0.0
.tab2,2,0.0
.p5,2,0.0
.origin,2,0.0
.ssg1,2,0.0
.xc30,2,0.0
.ibm,2,0.0
.nh4,2,0.0
.r2,2,0.0
.antoine,2,0.0
.c20210818,2,0.0
.disorder,2,0.0
.pcont,2,0.0
.proto~,2,0.0
.cdna,2,0.0
.ano,2,0.0
.txtinput,2,0.0
.vault,2,0.0
.82z,2,0.0
.apecommand,2,0.0
.keylayout,2,0.0
.klc,2,0.0
.ttml,2,0.0
.bin_test9,2,0.0
.bin_ss_xmode_180_emission,2,0.0
.bin_test1,2,0.0
.bin_test3,2,0.0
.dat_ec_iter_central_cd,2,0.0
.dat_hprt_test_case_061219,2,0.0
.bin_test7,2,0.0
.diff_dm,2,0.0
.f_hopper,2,0.0
.bob9,2,0.0
.gfortran64,2,0.0
.hic,2,0.0
.zul,2,0.0
.magma_template,2,0.0
.magma_out,2,0.0
.drop,2,0.0
.pvs,2,0.0
.pka,2,0.0
.aspect,2,0.0
.inc_isglobal,2,0.0
.inc_predicate,2,0.0
.r2016a,2,0.0
.r387,2,0.0
.carefully,2,0.0
.omc,2,0.0
.msk,2,0.0
.outfmt6,2,0.0
.domtblout,2,0.0
.gsheet,2,0.0
.full_neg,2,0.0
.full_transitive,2,0.0
.test_neg,2,0.0
.train_0percent,2,0.0
.train_10percent,2,0.0
.train_25percent,2,0.0
.train_50percent,2,0.0
.train_90percent,2,0.0
.valid_neg,2,0.0
.translated,2,0.0
.lvl,2,0.0
.kryo,2,0.0
.minlog,2,0.0
.hbasewd,2,0.0
.all-data,2,0.0
.ddoc,2,0.0
.hide,2,0.0
.axlsx,2,0.0
.odat,2,0.0
.chrom_map,2,0.0
.profraw,2,0.0
.2_os_x_gnu_dbl,2,0.0
.licence,2,0.0
.homsap_sisrs_biallelic_nomissing_allsisrs,2,0.0
.homsap_sisrs_biallelic_nomissing_cds,2,0.0
.homsap_sisrs_biallelic_nomissing_fiveprimeutr,2,0.0
.homsap_sisrs_biallelic_nomissing_intergenic,2,0.0
.homsap_sisrs_biallelic_nomissing_intronic,2,0.0
.homsap_sisrs_biallelic_nomissing_lncrna,2,0.0
.homsap_sisrs_biallelic_nomissing_ncgenes,2,0.0
.homsap_sisrs_biallelic_nomissing_pseudogene,2,0.0
.homsap_sisrs_biallelic_nomissing_smrna,2,0.0
.homsap_sisrs_biallelic_nomissing_threeprimeutr,2,0.0
.databook,2,0.0
.mcnclib,2,0.0
.mis2lib,2,0.0
.background,2,0.0
.3gp,2,0.0
.jsfrag,2,0.0
.taylor_vortex_decaying,2,0.0
.bds_tracer_advection,2,0.0
.couette,2,0.0
.read,2,0.0
.write,2,0.0
.eb_flow_const_velx,2,0.0
.eb_flow_const_vely,2,0.0
.poiseuille_cylinder_bingham,2,0.0
.poiseuille_cylinder_newtonian,2,0.0
.poiseuille_plane_bingham,2,0.0
.poiseuille_plane_newtonian,2,0.0
.split,2,0.0
.tracer_adv_diff,2,0.0
.tracer_adv_diff_cn,2,0.0
.tracer_advection,2,0.0
.uniform_velocity_sphere,2,0.0
.channel_sphere,2,0.0
.rotated_cylinder_x,2,0.0
.rotated_cylinder_y,2,0.0
.rotated_cylinder_z,2,0.0
.bouss_bubble_god,2,0.0
.bouss_bubble_mol,2,0.0
.bouss_bubble_plm,2,0.0
.burggraf,2,0.0
.inout,2,0.0
.rayleigh_taylor,2,0.0
.time_dep_inflow,2,0.0
.gaussian_traceradvect_bds,2,0.0
.pakmor,2,0.0
.sdpa,2,0.0
.mac_serial,2,0.0
.nebula,2,0.0
.ear,2,0.0
.db_info,2,0.0
.jdi,2,0.0
.sof,2,0.0
.bcc32,2,0.0
.cc3m,2,0.0
.cclin,2,0.0
.pres,2,0.0
.dualdata,2,0.0
.infodata,2,0.0
.resultdata,2,0.0
.singledata,2,0.0
.fa~,2,0.0
.oas,2,0.0
.1999,2,0.0
.2001,2,0.0
.2003,2,0.0
.2005,2,0.0
.bionic,2,0.0
.xenial,2,0.0
.dirmeta,2,0.0
.b##,2,0.0
.closure-compiler,2,0.0
.esprima,2,0.0
.protocol,2,0.0
.strata,2,0.0
.enw,2,0.0
.hrh1_tree,2,0.0
.errorprofile,2,0.0
.lnv,2,0.0
.mma,2,0.0
.mmc,2,0.0
.tli,2,0.0
.indel,2,0.0
.accpro,2,0.0
.acc6,2,0.0
.accout,2,0.0
.ss_sa,2,0.0
.rr1,2,0.0
.rr2,2,0.0
.rr3,2,0.0
.rr4,2,0.0
.rr5,2,0.0
.blastpgp,2,0.0
.l#3,2,0.0
.l#4,2,0.0
.cikernel,2,0.0
.js version,2,0.0
.nvmrc,2,0.0
.nvmrc from binary,2,0.0
.nvmrc from source,2,0.0
.x' should work,2,0.0
.nvmrc version,2,0.0
.ras,2,0.0
.xsemantics,2,0.0
.uci,2,0.0
.01a,2,0.0
.01b,2,0.0
.01c,2,0.0
.01d,2,0.0
.01e,2,0.0
.01f,2,0.0
.01g,2,0.0
.01h,2,0.0
.01i,2,0.0
.01j,2,0.0
.01k,2,0.0
.02a,2,0.0
.02b,2,0.0
.peptide,2,0.0
.xplor,2,0.0
.mlxtran,2,0.0
.kf,2,0.0
.xsf-in,2,0.0
.mi2,2,0.0
.jaguar,2,0.0
.lens,2,0.0
.restart_file,2,0.0
.rspec,2,0.0
.ipk,2,0.0
.prover9,2,0.0
.snark,2,0.0
.p9,2,0.0
.itarget,2,0.0
.magicrc,2,0.0
.tech,2,0.0
.va,2,0.0
.argo,2,0.0
.pyf~,2,0.0
.pubkey,2,0.0
.paf,2,0.0
.sxml,2,0.0
.rtab,2,0.0
.vcf_bgzip,2,0.0
.llnet,2,0.0
.solar,2,0.0
.nasa,2,0.0
.tau,2,0.0
.uncompressed,2,0.0
.invalid,2,0.0
.conf-freebsd,2,0.0
.sf2,2,0.0
.bpf,2,0.0
.alessandro,2,0.0
.melino,2,0.0
.alex,2,0.0
.álvaro,2,0.0
._2i,2,0.0
.lnp,2,0.0
.rpsblast,2,0.0
.jaspar,2,0.0
.eps_template,2,0.0
.wrong,2,0.0
.seqlength,2,0.0
.scg,2,0.0
._ll,2,0.0
.func,2,0.0
.iob,2,0.0
.vanilla,2,0.0
.benchfile,2,0.0
.accepted,2,0.0
.emm,2,0.0
.specialsubmit,2,0.0
.6_0ed9bad239c74870ed2db31c735132ce,2,0.0
.shtml~,2,0.0
.google,2,0.0
.edtr,2,0.0
.pops,2,0.0
.pmlexecseq13,2,0.0
.pmlexecseq14,2,0.0
.pmlexecseq15,2,0.0
.pmlexecseq16,2,0.0
.pmlexecseq17,2,0.0
.pmlexecseq18,2,0.0
.pmlexecseq19,2,0.0
.pmlexecseq20,2,0.0
.pmlexecseq21,2,0.0
.pmlexecseq22,2,0.0
.pmlexecseq23,2,0.0
.pmlexecseq24,2,0.0
.pmlexecseq25,2,0.0
.pmlexecseq26,2,0.0
.pmlexecseq27,2,0.0
.pmlexecseq28,2,0.0
.pmlexecseq29,2,0.0
.pmlexecseq30,2,0.0
.pmlexecseq31,2,0.0
.pmlexecseq32,2,0.0
.pmlexecseq33,2,0.0
.pmlexecseq34,2,0.0
.pmlexecseq35,2,0.0
.pmlexecseq36,2,0.0
.pmlexecseq37,2,0.0
.pmlexecseq38,2,0.0
.pmlexecseq39,2,0.0
.pmlexecseq40,2,0.0
.pmlexecseq41,2,0.0
.pmlexecseq42,2,0.0
.pmlexecseq43,2,0.0
.pmlexecseq44,2,0.0
.pmlexecseq45,2,0.0
.pmlexecseq46,2,0.0
.pmlexecseq47,2,0.0
.pmlexecseq48,2,0.0
.pmlexecseq49,2,0.0
.pmlexecseq50,2,0.0
.asprox,2,0.0
.msx,2,0.0
.lsmrad,2,0.0
.hopp,2,0.0
.50k,2,0.0
.exp-linuxthreads,2,0.0
.exp-ppc,2,0.0
.exp-x86,2,0.0
.exp-glibc25-amd64,2,0.0
.exp-glibc27-ppc64,2,0.0
.exp3,2,0.0
.exp-dash,2,0.0
.platemap,2,0.0
.afirmaplugin,2,0.0
.afconfig,2,0.0
.121307,2,0.0
.com~,2,0.0
.ncf,2,0.0
.nearlinestorageprovider,2,0.0
.logincellprovider,2,0.0
.kpwd,2,0.0
.wellknownproducerfactory,2,0.0
.jdo,2,0.0
.gzad,2,0.0
.gzae,2,0.0
.gzaf,2,0.0
.gzag,2,0.0
.gzah,2,0.0
.gzai,2,0.0
.gzaj,2,0.0
.gzak,2,0.0
.gzal,2,0.0
.gzam,2,0.0
.to,2,0.0
.task,2,0.0
.wt,2,0.0
.eu-sparql,2,0.0
.1ctadimer,2,0.0
.separated,2,0.0
.extended,2,0.0
.ld_and_p,2,0.0
.ditaval,2,0.0
.gpl3,2,0.0
.xsb,2,0.0
.xgs,2,0.0
.mseq,2,0.0
.amconll,2,0.0
.intr,2,0.0
.gctx,2,0.0
.elementdictionary,2,0.0
.genus,2,0.0
.wublastn,2,0.0
.problems,2,0.0
.gbxml,2,0.0
.paracel_btk,2,0.0
.genscan,2,0.0
.mzef,2,0.0
.detail,2,0.0
.protml,2,0.0
.rnamotif,2,0.0
.gcg,2,0.0
.metafasta,2,0.0
.idfilereader,2,0.0
.mutag,2,0.0
.tuxy,2,0.0
.rrd,2,0.0
.odoc,2,0.0
.encrypted,2,0.0
.log_pronounce,2,0.0
.test_pdaf_offline,2,0.0
.test_pdaf_online,2,0.0
.paulclsolar,2,0.0
.yml2,2,0.0
.dcr,2,0.0
.ram,2,0.0
.rm,2,0.0
.wout,2,0.0
.guile,2,0.0
.kb,2,0.0
.lst~,2,0.0
.tsv~,2,0.0
.pill,2,0.0
.orbits,2,0.0
.pelagicall,2,0.0
.fedt,2,0.0
.laura121017,2,0.0
.cecily090716,2,0.0
.cecily100510,2,0.0
.cecily100706,2,0.0
.heiko100711,2,0.0
.fixradfor,2,0.0
.ocnkflux,2,0.0
.emissions,2,0.0
.inversion,2,0.0
.rcp6p0,2,0.0
.exptgl,2,0.0
.co2emissions,2,0.0
.spincswgl,2,0.0
.logistic00000cswcal,2,0.0
.logistic00093cswcal,2,0.0
.logistic00125cswcal,2,0.0
.logistic00156cswcal,2,0.0
.logistic00187cswcal,2,0.0
.logistic00250cswcal,2,0.0
.logistic00312cswcal,2,0.0
.logistic00375cswcal,2,0.0
.logistic00500cswcal,2,0.0
.logistic00625cswcal,2,0.0
.logistic00750cswcal,2,0.0
.logistic00800cswcal,2,0.0
.logistic00900cswcal,2,0.0
.logistic01000cswcal,2,0.0
.logistic01250cswcal,2,0.0
.logistic01500cswcal,2,0.0
.logistic02000cswcal,2,0.0
.logistic02500cswcal,2,0.0
.logistic03000cswcal,2,0.0
.logistic04000cswcal,2,0.0
.logistic05000cswcal,2,0.0
.logistic06000cswcal,2,0.0
.logistic08000cswcal,2,0.0
.logistic10000cswcal,2,0.0
.logistic12000cswcal,2,0.0
.logistic16000cswcal,2,0.0
.logistic20000cswcal,2,0.0
.logistic24000cswcal,2,0.0
.logistic32000cswcal,2,0.0
.logistic40000cswcal,2,0.0
.00po4_tmp_98sink_sulfe6,2,0.0
.0po4_20xco2_spin,2,0.0
.0po4_3xco2_spin,2,0.0
.3xsst,2,0.0
.1xsst,2,0.0
.5p6c,2,0.0
.x01pco2,2,0.0
.x02pco2,2,0.0
.mfasta,2,0.0
.finished,2,0.0
.henshinlayout,2,0.0
.jet,2,0.0
.mpx,2,0.0
.rans4x8,2,0.0
.prism,2,0.0
.rv,2,0.0
.refresh,2,0.0
.genpop,2,0.0
.alpha_chain,2,0.0
.beta_chain,2,0.0
.protein_l10p,2,0.0
.protein_l11p,2,0.0
.protein_l13p,2,0.0
.protein_l14p,2,0.0
.protein_l15p,2,0.0
.protein_l16p,2,0.0
.protein_l18p,2,0.0
.protein_l1p,2,0.0
.protein_l22p,2,0.0
.protein_l24p,2,0.0
.protein_l2p,2,0.0
.protein_l3p,2,0.0
.protein_l4p,2,0.0
.protein_l5p,2,0.0
.protein_l6p,2,0.0
.protein_s11p,2,0.0
.protein_s12p,2,0.0
.protein_s13p,2,0.0
.protein_s15p,2,0.0
.protein_s17p,2,0.0
.protein_s19p,2,0.0
.protein_s2p,2,0.0
.protein_s3p,2,0.0
.protein_s5p,2,0.0
.protein_s7p,2,0.0
.protein_s8p,2,0.0
.protein_s9p,2,0.0
.xsd_backup,2,0.0
.pst,2,0.0
.combine,2,0.0
.cppx,2,0.0
.acp,2,0.0
.future,2,0.0
.preannotated,2,0.0
.mch,2,0.0
.chemotion-dev,2,0.0
.github-ci,2,0.0
.org~,2,0.0
.gt,2,0.0
.exb,2,0.0
.fwbackup,2,0.0
.fwdata,2,0.0
.lb,2,0.0
.coe,2,0.0
.toolchain,2,0.0
.sqlview,2,0.0
.extraman,2,0.0
.ev3,2,0.0
.chr,2,0.0
.hook,2,0.0
.levels_outformat,2,0.0
.simple,2,0.0
.flr,2,0.0
.flr_query,2,0.0
.flr_results,2,0.0
.mozilla,2,0.0
.richseed2,2,0.0
.mnt,2,0.0
.perspectivev3,2,0.0
.psgi,2,0.0
.forge,2,0.0
.ordered,2,0.0
.1-rc7,2,0.0
.13-rc3,2,0.0
.19-rc4,2,0.0
.17-rc1,2,0.0
.acff,2,0.0
.notmp,2,0.0
.llb,2,0.0
.barcelona,2,0.0
.core2,2,0.0
.dunnington,2,0.0
.nano,2,0.0
.nehalem,2,0.0
.opteron,2,0.0
.opteron_sse3,2,0.0
.penryn,2,0.0
.prescott,2,0.0
.flif,2,0.0
.fms,2,0.0
.sit,2,0.0
.mmn,2,0.0
.djvu,2,0.0
.harvest_params,2,0.0
.json_manifest,2,0.0
.rsync_manifest,2,0.0
.dgn,2,0.0
.gsb,2,0.0
.lstat,2,0.0
.pstat,2,0.0
.sfo,2,0.0
.libhover,2,0.0
.mark,2,0.0
.qa,2,0.0
.listobs,2,0.0
.lff,2,0.0
.zinc,2,0.0
.gwp,2,0.0
.sdtmpl,2,0.0
.e-15,2,0.0
.07n1,2,0.0
.13_r0_id4n1,2,0.0
.1298027_r0_id55n1366,2,0.0
.1298027_r0_id5n1395,2,0.0
.tobesignedpart,2,0.0
.elv,2,0.0
.3-os-rel,2,0.0
.gift,2,0.0
.pspace,2,0.0
.jython,2,0.0
.vab,2,0.0
.rcq,2,0.0
.fbmgv_m16p5,2,0.0
.json_disabled,2,0.0
.bonsai,2,0.0
.aspect_x,2,0.0
.aspect_y,2,0.0
.multid,2,0.0
.coulomb,2,0.0
.simplified_sdc,2,0.0
.nse_net,2,0.0
.one,2,0.0
.coarse,2,0.0
.nonsquare,2,0.0
.dx_6cm,2,0.0
.mata,2,0.0
.runner,2,0.0
.glyphproject,2,0.0
.zss,2,0.0
.ztp,2,0.0
.gph,2,0.0
.pnproj,2,0.0
.1536,2,0.0
.rprox,2,0.0
.unittest,2,0.0
.splice,2,0.0
.casper_gnu,2,0.0
.casper_intel,2,0.0
.casper_inteloneapi,2,0.0
.conrad_cray,2,0.0
.conrad_gnu,2,0.0
.conrad_intel,2,0.0
.conrad_pgi,2,0.0
.gadi_oneapi,2,0.0
.gaffney_pgi,2,0.0
.gordon_cray,2,0.0
.gordon_gnu,2,0.0
.gordon_intel,2,0.0
.gordon_pgi,2,0.0
.koehr_gnu,2,0.0
.koehr_pgi,2,0.0
.bgcispol,2,0.0
.bgcnice,2,0.0
.bgcsklnice,2,0.0
.mpassi,2,0.0
.parameterized,2,0.0
.out_ref,2,0.0
.licensevalidator,2,0.0
.test-vectors,2,0.0
.tour,2,0.0
.opensuse,2,0.0
.py_v1,2,0.0
.filefactory,2,0.0
.cloudstorejaxbcontextprovider,2,0.0
.repotransportfactory,2,0.0
.opme,2,0.0
.eag,2,0.0
.lwc11,2,0.0
.turtle_n3,2,0.0
.tbool,2,0.0
.featuremapping,2,0.0
.conference,2,0.0
.martinfowlerdsl,2,0.0
.quml,2,0.0
.treejava,2,0.0
.putty,2,0.0
.tgvqsm,2,0.0
.tgvqsm_amd,2,0.0
.diskspecs,2,0.0
.outv,2,0.0
.parv,2,0.0
.xctimeline,2,0.0
.dsidx,2,0.0
.extensions,2,0.0
.faststringservicefactory,2,0.0
.groovyrunner,2,0.0
.dotnet,2,0.0
.atsln,2,0.0
.tagset,2,0.0
.mlb,2,0.0
.calfits,2,0.0
.feas,2,0.0
.modelproj,2,0.0
.pointprocess,2,0.0
.ewl,2,0.0
.lzfse,2,0.0
.0_rvgroup_1,2,0.0
.0_rvgroup_2,2,0.0
.c3d,2,0.0
.tris,2,0.0
.csv1,2,0.0
.should,2,0.0
.f90_good,2,0.0
.maybe,2,0.0
.gfx,2,0.0
.dv,2,0.0
.reduced,2,0.0
.embeddings,2,0.0
.vowel,2,0.0
.1-const,2,0.0
.1-vowel,2,0.0
.poni,2,0.0
.trectext,2,0.0
.mssm,2,0.0
.py_tmpl,2,0.0
.avl,2,0.0
.cad,2,0.0
.knob,2,0.0
.gvdesign,2,0.0
.bgr,2,0.0
.iapf,2,0.0
.cnu,2,0.0
.qiime,2,0.0
.egg-link,2,0.0
.vsidx,2,0.0
.baa,2,0.0
.rulesfile,2,0.0
.rl#,2,0.0
.ubuntu18,2,0.0
.gvcf,2,0.0
.tgtdata,2,0.0
.attackimpact,2,0.0
.attacktree,2,0.0
.bup,2,0.0
.geohash,2,0.0
.mex4,2,0.0
.mexlx,2,0.0
.ttcl,2,0.0
.f%,2,0.0
.taup,2,0.0
.postprob,2,0.0
.123dx,2,0.0
.clustal_num,2,0.0
.dbr,2,0.0
.mkconf,2,0.0
.bfq,2,0.0
.cva,2,0.0
.pkm,2,0.0
.tmp_mur_celldm,1,0.0
.dbulk_mod,1,0.0
.dbulk_mod_ph,1,0.0
.tmp_grun,1,0.0
.tmp_keconv,1,0.0
.tmp_nkconv,1,0.0
.tmp_epsilon,1,0.0
.tmp_eltherm,1,0.0
.g1_epsilon,1,0.0
.g100_disp,1,0.0
.g100_dos,1,0.0
.g100_therm,1,0.0
.g101_disp,1,0.0
.g101_dos,1,0.0
.g101_therm,1,0.0
.g102_disp,1,0.0
.g102_dos,1,0.0
.g102_therm,1,0.0
.g103_disp,1,0.0
.g103_dos,1,0.0
.g103_therm,1,0.0
.g104_disp,1,0.0
.g104_dos,1,0.0
.g104_therm,1,0.0
.g105_disp,1,0.0
.g105_dos,1,0.0
.g105_therm,1,0.0
.g106_disp,1,0.0
.g106_dos,1,0.0
.g106_therm,1,0.0
.g107_disp,1,0.0
.g107_dos,1,0.0
.g107_therm,1,0.0
.g108_disp,1,0.0
.g108_dos,1,0.0
.g108_therm,1,0.0
.g109_disp,1,0.0
.g109_dos,1,0.0
.g109_therm,1,0.0
.g10_disp,1,0.0
.g10_dos,1,0.0
.g10_therm,1,0.0
.g110_disp,1,0.0
.g110_dos,1,0.0
.g110_therm,1,0.0
.g111_disp,1,0.0
.g111_dos,1,0.0
.g111_therm,1,0.0
.g112_disp,1,0.0
.g112_dos,1,0.0
.g112_therm,1,0.0
.g113_disp,1,0.0
.g113_dos,1,0.0
.g113_therm,1,0.0
.g114_disp,1,0.0
.g114_dos,1,0.0
.g114_therm,1,0.0
.g115_disp,1,0.0
.g115_dos,1,0.0
.g115_therm,1,0.0
.g116_disp,1,0.0
.g116_dos,1,0.0
.g116_therm,1,0.0
.g117_disp,1,0.0
.g117_dos,1,0.0
.g117_therm,1,0.0
.g118_disp,1,0.0
.g118_dos,1,0.0
.g118_therm,1,0.0
.g119_disp,1,0.0
.g119_dos,1,0.0
.g119_therm,1,0.0
.g11_disp,1,0.0
.g11_dos,1,0.0
.g11_therm,1,0.0
.g120_disp,1,0.0
.g120_dos,1,0.0
.g120_therm,1,0.0
.g121_disp,1,0.0
.g121_dos,1,0.0
.g121_therm,1,0.0
.g122_disp,1,0.0
.g122_dos,1,0.0
.g122_therm,1,0.0
.g123_disp,1,0.0
.g123_dos,1,0.0
.g123_therm,1,0.0
.g124_disp,1,0.0
.g124_dos,1,0.0
.g124_therm,1,0.0
.g125_disp,1,0.0
.g125_dos,1,0.0
.g125_therm,1,0.0
.g126_disp,1,0.0
.g126_dos,1,0.0
.g126_therm,1,0.0
.g127_disp,1,0.0
.g127_dos,1,0.0
.g127_therm,1,0.0
.g128_disp,1,0.0
.g128_dos,1,0.0
.g128_therm,1,0.0
.g129_disp,1,0.0
.g129_dos,1,0.0
.g129_therm,1,0.0
.g12_disp,1,0.0
.g12_dos,1,0.0
.g12_therm,1,0.0
.g130_disp,1,0.0
.g130_dos,1,0.0
.g130_therm,1,0.0
.g131_disp,1,0.0
.g131_dos,1,0.0
.g131_therm,1,0.0
.g132_disp,1,0.0
.g132_dos,1,0.0
.g132_therm,1,0.0
.g133_disp,1,0.0
.g133_dos,1,0.0
.g133_therm,1,0.0
.g134_disp,1,0.0
.g134_dos,1,0.0
.g134_therm,1,0.0
.g135_disp,1,0.0
.g135_dos,1,0.0
.g135_therm,1,0.0
.g136_disp,1,0.0
.g136_dos,1,0.0
.g136_therm,1,0.0
.g137_disp,1,0.0
.g137_dos,1,0.0
.g137_therm,1,0.0
.g138_disp,1,0.0
.g138_dos,1,0.0
.g138_therm,1,0.0
.g139_disp,1,0.0
.g139_dos,1,0.0
.g139_therm,1,0.0
.g13_disp,1,0.0
.g13_dos,1,0.0
.g13_therm,1,0.0
.g140_disp,1,0.0
.g140_dos,1,0.0
.g140_therm,1,0.0
.g141_disp,1,0.0
.g141_dos,1,0.0
.g141_therm,1,0.0
.g142_disp,1,0.0
.g142_dos,1,0.0
.g142_therm,1,0.0
.g143_disp,1,0.0
.g143_dos,1,0.0
.g143_therm,1,0.0
.g144_disp,1,0.0
.g144_dos,1,0.0
.g144_therm,1,0.0
.g145_disp,1,0.0
.g145_dos,1,0.0
.g145_therm,1,0.0
.g146_disp,1,0.0
.g146_dos,1,0.0
.g146_therm,1,0.0
.g147_disp,1,0.0
.g147_dos,1,0.0
.g147_therm,1,0.0
.g148_disp,1,0.0
.g148_dos,1,0.0
.g148_therm,1,0.0
.g149_disp,1,0.0
.g149_dos,1,0.0
.g149_therm,1,0.0
.g14_disp,1,0.0
.g14_dos,1,0.0
.g14_therm,1,0.0
.g150_disp,1,0.0
.g150_dos,1,0.0
.g150_therm,1,0.0
.g151_disp,1,0.0
.g151_dos,1,0.0
.g151_therm,1,0.0
.g152_disp,1,0.0
.g152_dos,1,0.0
.g152_therm,1,0.0
.g153_disp,1,0.0
.g153_dos,1,0.0
.g153_therm,1,0.0
.g154_disp,1,0.0
.g154_dos,1,0.0
.g154_therm,1,0.0
.g155_disp,1,0.0
.g155_dos,1,0.0
.g155_therm,1,0.0
.g156_disp,1,0.0
.g156_dos,1,0.0
.g156_therm,1,0.0
.g157_disp,1,0.0
.g157_dos,1,0.0
.g157_therm,1,0.0
.g158_disp,1,0.0
.g158_dos,1,0.0
.g158_therm,1,0.0
.g159_disp,1,0.0
.g159_dos,1,0.0
.g159_therm,1,0.0
.g15_disp,1,0.0
.g15_dos,1,0.0
.g15_therm,1,0.0
.g160_disp,1,0.0
.g160_dos,1,0.0
.g160_therm,1,0.0
.g161_disp,1,0.0
.g161_dos,1,0.0
.g161_therm,1,0.0
.g162_disp,1,0.0
.g162_dos,1,0.0
.g162_therm,1,0.0
.g16_disp,1,0.0
.g16_dos,1,0.0
.g16_therm,1,0.0
.g17_disp,1,0.0
.g17_dos,1,0.0
.g17_therm,1,0.0
.g18_disp,1,0.0
.g18_dos,1,0.0
.g18_therm,1,0.0
.g19_disp,1,0.0
.g19_dos,1,0.0
.g19_therm,1,0.0
.g20_disp,1,0.0
.g20_dos,1,0.0
.g20_therm,1,0.0
.g21_disp,1,0.0
.g21_dos,1,0.0
.g21_therm,1,0.0
.g22_disp,1,0.0
.g22_dos,1,0.0
.g22_therm,1,0.0
.g23_disp,1,0.0
.g23_dos,1,0.0
.g23_therm,1,0.0
.g24_disp,1,0.0
.g24_dos,1,0.0
.g24_therm,1,0.0
.g25_disp,1,0.0
.g25_dos,1,0.0
.g25_therm,1,0.0
.g26_disp,1,0.0
.g26_dos,1,0.0
.g26_therm,1,0.0
.g27_disp,1,0.0
.g27_dos,1,0.0
.g27_therm,1,0.0
.g28_disp,1,0.0
.g28_dos,1,0.0
.g28_therm,1,0.0
.g29_disp,1,0.0
.g29_dos,1,0.0
.g29_therm,1,0.0
.g30_disp,1,0.0
.g30_dos,1,0.0
.g30_therm,1,0.0
.g31_disp,1,0.0
.g31_dos,1,0.0
.g31_therm,1,0.0
.g32_disp,1,0.0
.g32_dos,1,0.0
.g32_therm,1,0.0
.g33_disp,1,0.0
.g33_dos,1,0.0
.g33_therm,1,0.0
.g34_disp,1,0.0
.g34_dos,1,0.0
.g34_therm,1,0.0
.g35_disp,1,0.0
.g35_dos,1,0.0
.g35_therm,1,0.0
.g36_disp,1,0.0
.g36_dos,1,0.0
.g36_therm,1,0.0
.g37_disp,1,0.0
.g37_dos,1,0.0
.g37_therm,1,0.0
.g38_disp,1,0.0
.g38_dos,1,0.0
.g38_therm,1,0.0
.g39_disp,1,0.0
.g39_dos,1,0.0
.g39_therm,1,0.0
.g40_disp,1,0.0
.g40_dos,1,0.0
.g40_therm,1,0.0
.g41_disp,1,0.0
.g41_dos,1,0.0
.g41_therm,1,0.0
.g42_disp,1,0.0
.g42_dos,1,0.0
.g42_therm,1,0.0
.g43_disp,1,0.0
.g43_dos,1,0.0
.g43_therm,1,0.0
.g44_disp,1,0.0
.g44_dos,1,0.0
.g44_therm,1,0.0
.g45_disp,1,0.0
.g45_dos,1,0.0
.g45_therm,1,0.0
.g46_disp,1,0.0
.g46_dos,1,0.0
.g46_therm,1,0.0
.g47_disp,1,0.0
.g47_dos,1,0.0
.g47_therm,1,0.0
.g48_disp,1,0.0
.g48_dos,1,0.0
.g48_therm,1,0.0
.g49_disp,1,0.0
.g49_dos,1,0.0
.g49_therm,1,0.0
.g50_disp,1,0.0
.g50_dos,1,0.0
.g50_therm,1,0.0
.g51_disp,1,0.0
.g51_dos,1,0.0
.g51_therm,1,0.0
.g52_disp,1,0.0
.g52_dos,1,0.0
.g52_therm,1,0.0
.g53_disp,1,0.0
.g53_dos,1,0.0
.g53_therm,1,0.0
.g54_disp,1,0.0
.g54_dos,1,0.0
.g54_therm,1,0.0
.g55_disp,1,0.0
.g55_dos,1,0.0
.g55_therm,1,0.0
.g56_disp,1,0.0
.g56_dos,1,0.0
.g56_therm,1,0.0
.g57_disp,1,0.0
.g57_dos,1,0.0
.g57_therm,1,0.0
.g58_disp,1,0.0
.g58_dos,1,0.0
.g58_therm,1,0.0
.g59_disp,1,0.0
.g59_dos,1,0.0
.g59_therm,1,0.0
.g60_disp,1,0.0
.g60_dos,1,0.0
.g60_therm,1,0.0
.g61_disp,1,0.0
.g61_dos,1,0.0
.g61_therm,1,0.0
.g62_disp,1,0.0
.g62_dos,1,0.0
.g62_therm,1,0.0
.g63_disp,1,0.0
.g63_dos,1,0.0
.g63_therm,1,0.0
.g64_disp,1,0.0
.g64_dos,1,0.0
.g64_therm,1,0.0
.g65_disp,1,0.0
.g65_dos,1,0.0
.g65_therm,1,0.0
.g66_disp,1,0.0
.g66_dos,1,0.0
.g66_therm,1,0.0
.g67_disp,1,0.0
.g67_dos,1,0.0
.g67_therm,1,0.0
.g68_disp,1,0.0
.g68_dos,1,0.0
.g68_therm,1,0.0
.g69_disp,1,0.0
.g69_dos,1,0.0
.g69_therm,1,0.0
.g70_disp,1,0.0
.g70_dos,1,0.0
.g70_therm,1,0.0
.g71_disp,1,0.0
.g71_dos,1,0.0
.g71_therm,1,0.0
.g72_disp,1,0.0
.g72_dos,1,0.0
.g72_therm,1,0.0
.g73_disp,1,0.0
.g73_dos,1,0.0
.g73_therm,1,0.0
.g74_disp,1,0.0
.g74_dos,1,0.0
.g74_therm,1,0.0
.g75_disp,1,0.0
.g75_dos,1,0.0
.g75_therm,1,0.0
.g76_disp,1,0.0
.g76_dos,1,0.0
.g76_therm,1,0.0
.g77_disp,1,0.0
.g77_dos,1,0.0
.g77_therm,1,0.0
.g78_disp,1,0.0
.g78_dos,1,0.0
.g78_therm,1,0.0
.g79_disp,1,0.0
.g79_dos,1,0.0
.g79_therm,1,0.0
.g80_disp,1,0.0
.g80_dos,1,0.0
.g80_therm,1,0.0
.g81_disp,1,0.0
.g81_dos,1,0.0
.g81_therm,1,0.0
.g82_disp,1,0.0
.g82_dos,1,0.0
.g82_therm,1,0.0
.g83_disp,1,0.0
.g83_dos,1,0.0
.g83_therm,1,0.0
.g84_disp,1,0.0
.g84_dos,1,0.0
.g84_therm,1,0.0
.g85_disp,1,0.0
.g85_dos,1,0.0
.g85_therm,1,0.0
.g86_disp,1,0.0
.g86_dos,1,0.0
.g86_therm,1,0.0
.g87_disp,1,0.0
.g87_dos,1,0.0
.g87_therm,1,0.0
.g88_disp,1,0.0
.g88_dos,1,0.0
.g88_therm,1,0.0
.g89_disp,1,0.0
.g89_dos,1,0.0
.g89_therm,1,0.0
.g90_disp,1,0.0
.g90_dos,1,0.0
.g90_therm,1,0.0
.g91_disp,1,0.0
.g91_dos,1,0.0
.g91_therm,1,0.0
.g92_disp,1,0.0
.g92_dos,1,0.0
.g92_therm,1,0.0
.g93_disp,1,0.0
.g93_dos,1,0.0
.g93_therm,1,0.0
.g94_disp,1,0.0
.g94_dos,1,0.0
.g94_therm,1,0.0
.g95_disp,1,0.0
.g95_dos,1,0.0
.g95_therm,1,0.0
.g96_disp,1,0.0
.g96_dos,1,0.0
.g96_therm,1,0.0
.g97_disp,1,0.0
.g97_dos,1,0.0
.g97_therm,1,0.0
.g98_disp,1,0.0
.g98_dos,1,0.0
.g98_therm,1,0.0
.g99_disp,1,0.0
.g99_dos,1,0.0
.g99_therm,1,0.0
.g1_eldos,1,0.0
.g1_eltherm,1,0.0
.g2_eldos,1,0.0
.g2_eltherm,1,0.0
.g3_eldos,1,0.0
.g3_eltherm,1,0.0
.g4_eldos,1,0.0
.g4_eltherm,1,0.0
.g5_eldos,1,0.0
.g5_eltherm,1,0.0
.g6_eldos,1,0.0
.g6_eltherm,1,0.0
.g7_eldos,1,0.0
.g7_eltherm,1,0.0
.g8_eldos,1,0.0
.g8_eltherm,1,0.0
.g9_eldos,1,0.0
.g9_eltherm,1,0.0
.fast,1,0.0
.yymps,1,0.0
.senterrorrates,1,0.0
.totalerrorrates,1,0.0
.phen,1,0.0
.seed,1,0.0
.part-ae,1,0.0
.part-af,1,0.0
.part-ag,1,0.0
.fgong,1,0.0
.tides,1,0.0
.prep-summary,1,0.0
.template_ad,1,0.0
.template_nad,1,0.0
.bbox,1,0.0
.qgraf,1,0.0
.rtn,1,0.0
.ramc,1,0.0
.scaf2bin,1,0.0
.5k,1,0.0
.08}_ctx3,1,0.0
.molec_bc2,1,0.0
.molec_orig,1,0.0
.nst,1,0.0
.answer,1,0.0
.doc_query,1,0.0
.count_table,1,0.0
.matt,1,0.0
.mrk,1,0.0
.srf,1,0.0
.ive,1,0.0
.2018,1,0.0
.gsf,1,0.0
.eec,1,0.0
.proc,1,0.0
.transformerfactory,1,0.0
.xpathfactory,1,0.0
.expected_output,1,0.0
.lth,1,0.0
.deps2,1,0.0
.heilman,1,0.0
.conll-2003,1,0.0
.64intel,1,0.0
.64sointel,1,0.0
.elabsoft,1,0.0
.elg95,1,0.0
.elintel,1,0.0
.intel80,1,0.0
.pouillon,1,0.0
.aliases,1,0.0
.lvlps,1,0.0
.circ,1,0.0
.reek,1,0.0
.bassh,1,0.0
.fr_msm_hcv_4d,1,0.0
.scatter,1,0.0
.fbt,1,0.0
.varfile,1,0.0
.xvpics,1,0.0
.filt,1,0.0
.felsenstein,1,0.0
.stamatakis,1,0.0
.e4821625,1,0.0
.e5085402,1,0.0
.o4821625,1,0.0
.o5085402,1,0.0
.e3862270,1,0.0
.e3982326,1,0.0
.e5086168,1,0.0
.o3862270,1,0.0
.o3982326,1,0.0
.o5086168,1,0.0
.refr,1,0.0
.4-deadline-iosched,1,0.0
.mutant,1,0.0
.ioconf,1,0.0
.arith,1,0.0
.cc_head,1,0.0
.cc_tail,1,0.0
.cisco,1,0.0
.ericsson,1,0.0
.h3c,1,0.0
.huawei,1,0.0
.mikrotik,1,0.0
.nokia,1,0.0
.rfc2865,1,0.0
.rfc2866,1,0.0
.rfc2867,1,0.0
.rfc2868,1,0.0
.rfc2869,1,0.0
.rfc3162,1,0.0
.rfc3576,1,0.0
.rfc3580,1,0.0
.zte,1,0.0
.opf,1,0.0
.scrm,1,0.0
.htaccsess,1,0.0
.maff,1,0.0
.unique,1,0.0
.mmi,1,0.0
.ini_tmpl,1,0.0
.lsb,1,0.0
.baf,1,0.0
.trms,1,0.0
.obsep,1,0.0
.mlds,1,0.0
.softlearning,1,0.0
.r2rml,1,0.0
.entry1,1,0.0
.fqrs,1,0.0
.ecg,1,0.0
.bnds,1,0.0
.rho,1,0.0
.dvb-s2,1,0.0
.aa6f9e2,1,0.0
.p18564,1,0.0
.sysv,1,0.0
.skos,1,0.0
.distutils,1,0.0
.abq,1,0.0
.turnadmin,1,0.0
.turnserver,1,0.0
.turnutils,1,0.0
.multibranch,1,0.0
.offers-infrastructure-tests,1,0.0
.jpg?t=-656081085&quality=100&h=300,1,0.0
.jpg?t=-404917906&quality=100&h=300,1,0.0
.jpg?t=-677391777&quality=100&h=3,1,0.0
.jpg?201905081654,1,0.0
.params_1,1,0.0
.params_2,1,0.0
.jar here,1,0.0
.graphmapping,1,0.0
.oldpy,1,0.0
.rst#,1,0.0
.timeline,1,0.0
.acv,1,0.0
.template1,1,0.0
.template2,1,0.0
.0_c07_19_nc_sat001_minmin_p005000_rr,1,0.0
.0_c07_19_nc_sos_sat001_minmin_p005000_rr,1,0.0
.0_c12_02_nc_sat001_minmin_p005000_rr,1,0.0
.0_g----_0001_c18_f1_se_cs_sp_s00,1,0.0
.0_g----_0001_c18_f1_se_cs_sp_s0y,1,0.0
.0_g----_0001_c47_f1_se_cs_sp_s00,1,0.0
.0_g----_0003_c18_f1_pi_se_cs_sp_s0y,1,0.0
.0_g----_0003_c18_f1_se_cs_sp_s0y,1,0.0
.0_g----_0004_c18_f1_se_cs_sp_pi_s0y,1,0.0
.0_g----_0004_c18_f1_se_cs_sp_s0y,1,0.0
.0_g----_0005_c18_f1_se_cs_sp_s0y,1,0.0
.0_g----_0008_c18_f1_se_cs_sp_s0y,1,0.0
.0_g----_0010_evo,1,0.0
.0_g----_0012_c18_f1_se_cs_sp_s0y,1,0.0
.0_g----_0012_c18_f1_se_cs_sp_s5prr_rg_s04an,1,0.0
.0_g----_0012_c18_f1_se_cs_sp_s5prr_rg_s0y,1,0.0
.0_g----_0013_c18_f1_se_cs_sp_s0y,1,0.0
.0_g----_0014_c18_f1_se_cs_sp_s0y,1,0.0
.0_g----_0015_c18_f1_se_cs_sp_s0y,1,0.0
.0_g----_0016_c18_f1_se_cs_sp_s0y,1,0.0
.0_g----_0017_c18_f1_pi_se_cs_sp_s4y,1,0.0
.0_g----_0017_c18_f1_se_cs_sp_s0y,1,0.0
.0_g----_0017_c18_f1_se_cs_sp_s4y,1,0.0
.0_g----_0018_c18_f1_se_cs_sp_s0y,1,0.0
.0_g----_0019_c18_f1_pi_se_cs_sp_s0y,1,0.0
.0_g----_0019_c18_f1_se_cs_sp_s0y,1,0.0
.0_g----_0021_c18_f1_se_cs_sp_s0y,1,0.0
.0_g----_0021_c18_f1_se_cs_sp_s4s,1,0.0
.0_g----_0021_c18_f1_se_cs_sp_s4y,1,0.0
.0_g----_0021_c18_f1_se_cs_sp_s5prr_s0y,1,0.0
.0_g----_0023_c18_f1_se_cs_sp_s0y,1,0.0
.0_g----_0023_c18_f1_se_cs_sp_s4s,1,0.0
.0_g----_0026_c18_f1_se_cs_sp_s0y,1,0.0
.0_g----_0026_c18_f1_se_cs_sp_s4s,1,0.0
.0_g----_0027_c18_f1_pi_se_cs_sp_s0y,1,0.0
.0_g----_0027_c18_f1_se_cs_sp_s0y,1,0.0
.0_g----_0028_c18_f1_se_cs_sp_ps_s0y,1,0.0
.0_g----_0028_c18_f1_se_cs_sp_s0y,1,0.0
.0_g----_0029_c18_f1_pi_se_cs_sp_s0y,1,0.0
.0_g----_0029_c18_f1_se_cs_sp_s0y,1,0.0
.0_g----_0030_c18_f1_pi_se_cs_sp_s0y,1,0.0
.0_g----_0030_c18_f1_se_cs_sp_s0y,1,0.0
.0_g----_0031_c18_f1_se_cs_sp_s0y,1,0.0
.0_g----_0033_c18_f1_se_cs_sp_s0y,1,0.0
.0_g----_0034_c18_f1_se_cs_sp_s0y,1,0.0
.0_g----_2275__c12_02_nc_f1_ae_cs_sp_rg_s2s,1,0.0
.0_g----_2275_c12_02_nc_f1_ae_cs_sp_s2s,1,0.0
.0_g----_400_c05_02_f1_se_cs_sp_ps_rg_s04aa,1,0.0
.0_g----_400_c05_02_f1_se_cs_sp_ps_rg_s04ai,1,0.0
.0_g----_400_c05_02_f1_se_cs_sp_ps_rg_s04an,1,0.0
.0_g----_401_c05_02_f1_se_cs_sp_ps_rg_s04aa,1,0.0
.0_g----_401_c05_02_f1_se_cs_sp_ps_rg_s04ai,1,0.0
.0_g----_401_c05_02_f1_se_cs_sp_ps_rg_s04an,1,0.0
.0_g----_402_c05_02_f1_se_cs_sp_ps_rg_s04aa,1,0.0
.0_g----_402_c05_02_f1_se_cs_sp_ps_rg_s04ai,1,0.0
.0_g----_402_c05_02_f1_se_cs_sp_ps_rg_s04an,1,0.0
.0_g----_403_c05_02_f1_se_cs_sp_ps_rg_s04aa,1,0.0
.0_g----_403_c05_02_f1_se_cs_sp_ps_rg_s04ai,1,0.0
.0_g----_403_c05_02_f1_se_cs_sp_ps_rg_s04an,1,0.0
.0_g----_404_c05_02_f1_se_cs_sp_ps_rg_s04aa,1,0.0
.0_g----_404_c05_02_f1_se_cs_sp_ps_rg_s04ai,1,0.0
.0_g----_404_c05_02_f1_se_cs_sp_ps_rg_s04an,1,0.0
.0_g----_405_c05_02_f1_se_cs_sp_ps_rg_s04aa,1,0.0
.0_g----_405_c05_02_f1_se_cs_sp_ps_rg_s04ai,1,0.0
.0_g----_405_c05_02_f1_se_cs_sp_ps_rg_s04an,1,0.0
.0_g----_406_c05_02_f1_se_cs_sp_ps_rg_s04aa,1,0.0
.0_g----_406_c05_02_f1_se_cs_sp_ps_rg_s04ai,1,0.0
.0_g----_406_c05_02_f1_se_cs_sp_ps_rg_s04an,1,0.0
.0_g----_407_c05_02_f1_se_cs_sp_ps_rg_s04aa,1,0.0
.0_g----_407_c05_02_f1_se_cs_sp_ps_rg_s04ai,1,0.0
.0_g----_407_c05_02_f1_se_cs_sp_ps_rg_s04an,1,0.0
.0_g----_408_c05_02_f1_se_cs_sp_ps_rg_s04aa,1,0.0
.0_g----_408_c05_02_f1_se_cs_sp_ps_rg_s04ai,1,0.0
.0_g----_408_c05_02_f1_se_cs_sp_ps_rg_s04an,1,0.0
.0_g----_409_c05_02_f1_se_cs_sp_ps_rg_s04aa,1,0.0
.0_g----_409_c05_02_f1_se_cs_sp_ps_rg_s04ai,1,0.0
.0_g----_409_c05_02_f1_se_cs_sp_ps_rg_s04an,1,0.0
.0_g----_420_c05_02_f1_se_cs_sp_ps_rg_s04aa,1,0.0
.0_g----_420_c05_02_f1_se_cs_sp_ps_rg_s04ai,1,0.0
.0_g----_420_c05_02_f1_se_cs_sp_ps_rg_s04an,1,0.0
.0_g----_421_c05_02_f1_se_cs_sp_ps_rg_s04aa,1,0.0
.0_g----_421_c05_02_f1_se_cs_sp_ps_rg_s04ai,1,0.0
.0_g----_421_c05_02_f1_se_cs_sp_ps_rg_s04an,1,0.0
.0_g----_422_c05_02_f1_se_cs_sp_ps_rg_s04aa,1,0.0
.0_g----_422_c05_02_f1_se_cs_sp_ps_rg_s04ai,1,0.0
.0_g----_422_c05_02_f1_se_cs_sp_ps_rg_s04an,1,0.0
.0_g----_423_c05_02_f1_se_cs_sp_ps_rg_s04aa,1,0.0
.0_g----_423_c05_02_f1_se_cs_sp_ps_rg_s04ai,1,0.0
.0_g----_423_c05_02_f1_se_cs_sp_ps_rg_s04an,1,0.0
.0_g----_424_c05_02_f1_se_cs_sp_ps_rg_s04aa,1,0.0
.0_g----_424_c05_02_f1_se_cs_sp_ps_rg_s04ai,1,0.0
.0_g----_424_c05_02_f1_se_cs_sp_ps_rg_s04an,1,0.0
.0_g----_425_c05_02_f1_se_cs_sp_ps_rg_s04aa,1,0.0
.0_g----_425_c05_02_f1_se_cs_sp_ps_rg_s04ai,1,0.0
.0_g----_425_c05_02_f1_se_cs_sp_ps_rg_s04an,1,0.0
.0_g----_426_c05_02_f1_se_cs_sp_ps_rg_s04aa,1,0.0
.0_g----_426_c05_02_f1_se_cs_sp_ps_rg_s04ai,1,0.0
.0_g----_426_c05_02_f1_se_cs_sp_ps_rg_s04an,1,0.0
.0_g----_427_c05_02_f1_se_cs_sp_ps_rg_s04aa,1,0.0
.0_g----_427_c05_02_f1_se_cs_sp_ps_rg_s04ai,1,0.0
.0_g----_427_c05_02_f1_se_cs_sp_ps_rg_s04an,1,0.0
.0_g----_428_c05_02_f1_se_cs_sp_ps_rg_s04aa,1,0.0
.0_g----_428_c05_02_f1_se_cs_sp_ps_rg_s04ai,1,0.0
.0_g----_428_c05_02_f1_se_cs_sp_ps_rg_s04an,1,0.0
.0_g----_429_c05_02_f1_se_cs_sp_ps_rg_s04aa,1,0.0
.0_g----_429_c05_02_f1_se_cs_sp_ps_rg_s04ai,1,0.0
.0_g----_429_c05_02_f1_se_cs_sp_ps_rg_s04an,1,0.0
.0_g----_x1276__c12_02_nc_f1_ae_cs_sp_rg_s04an,1,0.0
.0_g----_x1276__c12_02_nc_f1_ae_cs_sp_s2s,1,0.0
.0_g----_x1276__c12_02_nc_f1_ae_cs_sp_s5prr_s2s,1,0.0
.0_g----_x1410__c12_02_nc_f1_ae_cs_sp_s2s,1,0.0
.0_g----_y1006_c12_02_nc_f1_ae_cs_sp_s2s,1,0.0
.0_g----_y1346__c12_02_nc_f1_ae_cs_sp_s2s,1,0.0
.0_g----_y1410__c12_02_nc_f1_ae_cs_sp_s2s,1,0.0
.0_g----_z1014__c12_02_nc_f1_ae_cs_sp_s2s,1,0.0
.0_g----_z1014__c12_02_nc_f1_ae_cs_ssp_s2s,1,0.0
.0_g----_z1410__c12_02_nc_f1_ae_cs_sp_s2s,1,0.0
.0_g-e--_006_c18_f1_pi_ae_q4_cs_sp_s2s,1,0.0
.0_g-e--_008_c18_f1_ae_q4_cs_sp_s2s,1,0.0
.0_g-e--_008_c18_f1_pi_ae_cs_sp_co_s4s,1,0.0
.0_g-e--_008_c18_f1_pi_ae_q4_cs_sp_ps_s0y,1,0.0
.0_g-e--_008_c18_f1_pi_se_cs_sp_co_s4s,1,0.0
.0_g-e--_008_c45_f1_ae_cs_sp_ps_s0y,1,0.0
.0_g-e--_008_c45_f1_pi_ae_cs_sp_co_s4s,1,0.0
.0_g-e--_008_c45_f1_pi_ae_q4_cs_sp_co_s4s,1,0.0
.0_g-e--_008_c45_f1_pi_ae_q4_cs_sp_s4c,1,0.0
.0_g-e--_008_c45_f1_pi_ae_q4_cs_sp_s4d,1,0.0
.0_g-e--_008_c45_f1_pi_ae_q4_cs_sp_s4s,1,0.0
.0_g-e--_008_c45_f1_pi_s5prr_se_q4_cs_sp_s4s,1,0.0
.0_g-e--_008_c45_f1_pi_se_q4_cs_sp_s0y,1,0.0
.0_g-e--_008_c45_f1_pi_se_q4_cs_sp_s4s,1,0.0
.0_g-e--_008_c45_f1_pi_se_q4_cs_sp_s4sa,1,0.0
.0_g-e--_008_c45_f1_pi_se_q4_cs_sp_s4si,1,0.0
.0_g-e--_012_c18_f1_pi_ae_q4_cs_sp_ps_s0y,1,0.0
.0_g-e--_024_b31_f1_pi_ae_q4_cs_sp_s2s,1,0.0
.0_g-e--_041_c18_f1_pi_ae_q4_cs_sp_s0y,1,0.0
.0_g-e--_042_c18_f1_pi_ae_q4_cs_sp_ps_s0y,1,0.0
.0_g-e--_042_c45_f1_pi_ae_q4_cs_sp_ps_s4s,1,0.0
.0_g-e--_060_c18_f1_pi_ae_cs_sp_co_s0y,1,0.0
.0_g-e--_060_c18_f1_pi_ae_cs_sp_s0y,1,0.0
.0_g-e--_060_c18_f1_pi_ae_q4_cs_sp_s0y,1,0.0
.0_g-e--_060_c18_f1_pi_se_cs_sp_co_s0y,1,0.0
.0_g-e--_060_c18_f1_pi_se_cs_sp_s0y,1,0.0
.0_g-e--_092_c01_f1_ae_cs_sp_ps_co_s0y,1,0.0
.0_g-e--_092_c01_f1_ae_cs_sp_ps_s0y,1,0.0
.0_g-e--_092_c01_f1_pi_ae_q4_cs_sp_ps_s0y,1,0.0
.0_g-e--_100_c18_f1_pi_ae_q4_cs_sp_ps_s0y,1,0.0
.0_g-e--_100_c18_f1_pi_ae_q4_cs_sp_s0y,1,0.0
.0_g-e--_103_c18_f1_pi_ae_q4_cs_sp_s0y,1,0.0
.0_g-e--_107_b00_00_f1_pi_ae_q4_cs_sp_ps_s071i,1,0.0
.0_g-e--_107_b00_00_f1_pi_ae_q4_cs_sp_ps_s08bn,1,0.0
.0_g-e--_107_b03_f1_pi_ae_q4_cs_sp_ps_s0y,1,0.0
.0_g-e--_107_b03_f1_pi_ae_q4_cs_sp_ps_s4s,1,0.0
.0_g-e--_107_b42_f1_pi_ae_q4_cs_sp_ps_s0y,1,0.0
.0_g-e--_107_b42_f1_pi_se_q4_cs_sp_ps_s0y,1,0.0
.0_g-e--_107_b42_f1_pi_se_q4_cs_sp_ps_s0ya,1,0.0
.0_g-e--_107_b42_f1_pi_se_q4_cs_sp_ps_s0yi,1,0.0
.0_g-e--_107_b42_f1_pi_se_q4_cs_sp_ps_s5prr_s0y,1,0.0
.0_g-e--_107_c12_02_nc_f1_pi_ae_q4_cs_sp_ps_s033n,1,0.0
.0_g-e--_107_c12_11_nc_f1_pi_ae_q4_cs_sp_ps_s071i,1,0.0
.0_g-e--_107_c18_f1_ae_cs_sp_ps_s0y,1,0.0
.0_g-e--_107_c18_f1_ae_q4_cs_sp_co_s0y,1,0.0
.0_g-e--_107_c18_f1_ae_q4_cs_sp_ps_s0y,1,0.0
.0_g-e--_107_c18_f1_ae_q4_cs_sp_s0y,1,0.0
.0_g-e--_107_c18_f1_pi_ae_q4_cs_sp_ps_s4s,1,0.0
.0_g-e--_107_c36_f1_pi_ae_q4_cs_sp_ps_s0y,1,0.0
.0_g-e--_107_c37_f1_pi_ae_q4_cs_sp_ps_s0y,1,0.0
.0_g-e--_107_c37_sos_f1_pi_ae_q4_cs_sp_ps_s0y,1,0.0
.0_g-e--_107_c41_f1_pi_ae_cs_sp_ps_s4s,1,0.0
.0_g-e--_107_c41_f1_pi_ae_q4_cs_sp_ps_co_s4s,1,0.0
.0_g-e--_107_c41_f1_pi_ae_q4_cs_sp_ps_s0y,1,0.0
.0_g-e--_107_c41_f1_pi_ae_q4_cs_sp_ps_s2u,1,0.0
.0_g-e--_107_c41_f1_pi_ae_q4_cs_sp_ps_s4s,1,0.0
.0_g-e--_107_c41_f1_pi_ae_q4_cs_sp_ps_s5s,1,0.0
.0_g-e--_107_c45_f1_ae_q4_cs_sp_ps_s0y,1,0.0
.0_g-e--_107_c45_f1_pi_ae_q4_cs_sp_s0y,1,0.0
.0_g-e--_107_c45_f1_pi_ae_q7_cs_sp_ps_s0y,1,0.0
.0_g-e--_107_c48_f1_ae_cs_sp_ps_s0y,1,0.0
.0_g-e--_107_c48_f1_pi_ae_q4_cs_sp_ps_s0y,1,0.0
.0_g-e--_110_c45_f1_pi_ae_q4_cs_sp_ps_s4s,1,0.0
.0_g-e--_110_c45_f1_pi_se_cs_sp_ps_s4s,1,0.0
.0_g-e--_110_c45_f1_pi_se_q4_cs_sp_ps_s4s,1,0.0
.0_g-e--_200_b02_f1_ae_cs_sp_pi_s0s,1,0.0
.0_g-e--_200_b02_f1_ae_cs_sp_pi_s0y,1,0.0
.0_g-e--_200_b02_f1_ae_cs_sp_pi_s2k,1,0.0
.0_g-e--_200_b02_f1_se_cs_sp_pi_s0s,1,0.0
.0_g-e--_200_b02_f1_se_cs_sp_pi_s2k,1,0.0
.0_g-e--_200_b07_f1_ae_cs_sp_pi_s0y,1,0.0
.0_g-e--_200_c18_f1_ae_cs_sp_pi_s0y,1,0.0
.0_g-e--_200_c41_f1_ae_cs_sp_pi_s0y,1,0.0
.0_g-e--_200_c45_f1_ae_cs_sp_pi_co_s0v,1,0.0
.0_g-e--_200_c45_f1_ae_cs_sp_pi_ps_s0y,1,0.0
.0_g-e--_200_c45_f1_ae_cs_sp_pi_s0s,1,0.0
.0_g-e--_200_c45_f1_ae_cs_sp_pi_s0v,1,0.0
.0_g-e--_200_c45_f1_ae_cs_sp_pi_s0y,1,0.0
.0_g-e--_200_c45_f1_ae_cs_sp_pi_s2s,1,0.0
.0_g-e--_200_c45_f1_ae_cs_sp_pi_s4s,1,0.0
.0_g-e--_200_c45_f1_ae_cs_sp_s0y,1,0.0
.0_g-e--_200_c45_f1_ae_q4_cs_sp_pi_s0y,1,0.0
.0_g-e--_200_c45_f1_se_cs_sp_pi_co_s0v,1,0.0
.0_g-e--_200_c45_f1_se_cs_sp_pi_co_s5prr_s0v,1,0.0
.0_g-e--_201_c45_f1_ae_cs_sp_pi_co_s0y,1,0.0
.0_g-e--_201_c45_f1_ae_cs_sp_pi_s0y,1,0.0
.0_g-e--_204_c45_f1_ae_cs_sp_pi_s0y,1,0.0
.0_g-e--_205_c45_f1_ae_cs_sp_pi_s0y,1,0.0
.0_g-e--_205_c45_f1_ae_cs_sp_pi_s5prr_s0y,1,0.0
.0_g-e--_207_b07_f1_ae_cs_sp_pi_ps_s0y,1,0.0
.0_g-e--_207_b07_f1_ae_cs_sp_ps_s0y,1,0.0
.0_g-e--_207_c01_f1_ae_cs_sp_pi_s0y,1,0.0
.0_g-e--_207_c01_f1_se_cs_sp_pi_s0y,1,0.0
.0_g-e--_207_c01_f1_se_cs_sp_pi_s5prr_s0y,1,0.0
.0_g-e--_207_c18_f1_ae_cs_sp_pi_co_s00,1,0.0
.0_g-e--_207_c18_f1_ae_cs_sp_pi_co_s0y,1,0.0
.0_g-e--_207_c18_f1_ae_cs_sp_pi_co_s2s,1,0.0
.0_g-e--_207_c18_f1_ae_cs_sp_pi_ps_s00,1,0.0
.0_g-e--_207_c18_f1_ae_cs_sp_pi_ps_s0i,1,0.0
.0_g-e--_207_c18_f1_ae_cs_sp_pi_ps_s0s,1,0.0
.0_g-e--_207_c18_f1_ae_cs_sp_pi_ps_s0u,1,0.0
.0_g-e--_207_c18_f1_ae_cs_sp_pi_ps_s0y,1,0.0
.0_g-e--_207_c18_f1_ae_cs_sp_pi_ps_s2s,1,0.0
.0_g-e--_207_c18_f1_ae_cs_sp_pi_ps_s2u,1,0.0
.0_g-e--_207_c18_f1_ae_cs_sp_pi_ps_s3s,1,0.0
.0_g-e--_207_c18_f1_ae_cs_sp_pi_s00,1,0.0
.0_g-e--_207_c18_f1_ae_cs_sp_pi_s0a,1,0.0
.0_g-e--_207_c18_f1_ae_cs_sp_pi_s0e,1,0.0
.0_g-e--_207_c18_f1_ae_cs_sp_pi_s0y,1,0.0
.0_g-e--_207_c18_f1_ae_cs_sp_pi_s2s,1,0.0
.0_g-e--_207_c18_f1_ae_cs_sp_pi_s4s,1,0.0
.0_g-e--_207_c18_f1_ae_cs_sp_ps_s0u,1,0.0
.0_g-e--_207_c18_f1_ae_cs_sp_ps_s0v,1,0.0
.0_g-e--_207_c18_f1_ae_cs_sp_ps_s0y,1,0.0
.0_g-e--_207_c18_f1_ae_cs_sp_ps_s2s,1,0.0
.0_g-e--_207_c18_f1_ae_cs_sp_ps_s3s,1,0.0
.0_g-e--_207_c18_f1_ae_cs_sp_ps_s4s,1,0.0
.0_g-e--_207_c18_f1_ae_q4_cs_sp_pi_co_ps_s00,1,0.0
.0_g-e--_207_c18_f1_ae_q7_cs_sp_co_ps_s00,1,0.0
.0_g-e--_207_c18_f1_ae_q7_cs_sp_pi_co_ps_s00,1,0.0
.0_g-e--_207_c18_f1_cs_sp_s0y,1,0.0
.0_g-e--_207_c18_f1_pi_s0y,1,0.0
.0_g-e--_207_c18_f1_se_cs_sp_pi_ps_s00a,1,0.0
.0_g-e--_207_c18_f1_se_cs_sp_pi_ps_s00i,1,0.0
.0_g-e--_207_c18_f1_se_cs_sp_pi_ps_s0y,1,0.0
.0_g-e--_207_c18_f1_se_cs_sp_pi_ps_s2s,1,0.0
.0_g-e--_207_c18_f1_se_cs_sp_pi_ps_s2sa,1,0.0
.0_g-e--_207_c18_f1_se_cs_sp_pi_ps_s2si,1,0.0
.0_g-e--_207_c18_f1_se_cs_sp_pi_ps_s5prr_rg_s04an,1,0.0
.0_g-e--_207_c18_f1_se_cs_sp_pi_ps_s5prr_rg_s0y,1,0.0
.0_g-e--_207_c18_f1_se_cs_sp_pi_ps_s5prr_rg_s2s,1,0.0
.0_g-e--_207_c18_f1_se_cs_sp_pi_ps_s5prr_s2s,1,0.0
.0_g-e--_207_c18_f1_se_cs_sp_pi_ps_s5prr_s2si,1,0.0
.0_g-e--_207_c18_f1_sp_pi_s0y,1,0.0
.0_g-e--_207_c18_f1_sp_s0y,1,0.0
.0_g-e--_207_c41_f1_ae_cs_sp_pi_s0y,1,0.0
.0_g-e--_207_c41_f1_ae_cs_sp_pi_s4s,1,0.0
.0_g-e--_207_c45_f1_ae_cs_sp_pi_s0y,1,0.0
.0_g-e--_208_b00_00_f1_se_cs_sp_ps_s071i,1,0.0
.0_g-e--_208_b00_00_f1_se_cs_sp_ps_s5prr_s00en,1,0.0
.0_g-e--_208_b01_00_f1_se_cs_sp_ps_s04an,1,0.0
.0_g-e--_208_b01_00_f1_se_cs_sp_ps_s064a,1,0.0
.0_g-e--_208_b02_f1_ae_cs_sp_ps_s0y,1,0.0
.0_g-e--_208_b02cma_f1_se_cs_sp_ps_s5prr_rg_s04an,1,0.0
.0_g-e--_208_b07----d_f1_se_cs_sp_ps_s5prr_rg_s04aa,1,0.0
.0_g-e--_208_b07----d_f1_se_cs_sp_ps_s5prr_rg_s04ai,1,0.0
.0_g-e--_208_b07----d_f1_se_cs_sp_ps_s5prr_rg_s04an,1,0.0
.0_g-e--_208_b07----s_f1_se_cs_sp_ps_s5prr_rg_s04an,1,0.0
.0_g-e--_208_b07--c_f1_se_cs_sp_ps_s5prr_rg_s04an,1,0.0
.0_g-e--_208_b07_f1_ae_cs_sp_ps_s0y,1,0.0
.0_g-e--_208_b07_f1_ae_cs_sp_ps_s5prr_s0y,1,0.0
.0_g-e--_208_b07_f1_s5prr_se_cs_sp_ps_s0y,1,0.0
.0_g-e--_208_b07_f1_se_cs_sp_ps_s0y,1,0.0
.0_g-e--_208_b07_f1_se_cs_sp_ps_s2q,1,0.0
.0_g-e--_208_b07_f1_se_cs_sp_ps_s4d,1,0.0
.0_g-e--_208_b07_f1_se_cs_sp_ps_s5prr_rg_s04an,1,0.0
.0_g-e--_208_b07amc_f1_se_cs_sp_ps_s5prr_rg_s04an,1,0.0
.0_g-e--_208_b07cma_f1_se_cs_sp_ps_s5prr_rg_s04an,1,0.0
.0_g-e--_208_c02---_f1_se_cs_sp_ps_s5prr_rg_s04an,1,0.0
.0_g-e--_208_c02amc_f1_se_cs_sp_ps_s5prr_rg_s04an,1,0.0
.0_g-e--_208_c02cma_f1_se_cs_sp_ps_s5prr_rg_s04an,1,0.0
.0_g-e--_208_c02sc-_f1_se_cs_sp_ps_s5prr_rg_s04an,1,0.0
.0_g-e--_208_c05_02_f1_se_cs_sp_ps_s5prr_rg_s04an,1,0.0
.0_g-e--_208_c09_12_f1_se_cs_sp_ps_s002a,1,0.0
.0_g-e--_208_c09_12_f1_se_cs_sp_ps_s070i,1,0.0
.0_g-e--_208_c09_12_f1_se_cs_sp_ps_s5prr_rg_nd_s04an,1,0.0
.0_g-e--_208_c09_12_f1_se_cs_sp_ps_s5prr_rg_s04an,1,0.0
.0_g-e--_208_c09_12_f1_se_cs_sp_ps_s5prr_s04an,1,0.0
.0_g-e--_208_c12_00_f1_se_cs_pi_sp_ps_s5prr_rg_s04an,1,0.0
.0_g-e--_208_c12_00_f1_se_cs_sp_ps_s5prr_rg_s04an,1,0.0
.0_g-e--_208_c12_02_nc_f1_se_cs_sp_ps_s06dn,1,0.0
.0_g-e--_208_c12_02_nc_f1_se_cs_sp_ps_s070i,1,0.0
.0_g-e--_208_c12_02_nc_f1_se_cs_sp_ps_s5prr_rg_s070i,1,0.0
.0_g-e--_208_c12_11_nc_f1_se_cs_sp_ps_s022a,1,0.0
.0_g-e--_208_c12_11_nc_f1_se_cs_sp_ps_s04bn,1,0.0
.0_g-e--_208_c12_11_nc_f1_se_cs_sp_ps_s5prr_rg_s04an,1,0.0
.0_g-e--_208_c12_11_nc_f1_se_cs_sp_ps_s5prr_s04bn,1,0.0
.0_g-e--_208_c18--c_f1_se_cs_sp_ps_s5prr_rg_s04an,1,0.0
.0_g-e--_208_c18_f1_ae_cs_sp_pi_s0a,1,0.0
.0_g-e--_208_c18_f1_ae_cs_sp_pi_s0y,1,0.0
.0_g-e--_208_c18_f1_ae_cs_sp_ps_s0a,1,0.0
.0_g-e--_208_c18_f1_ae_cs_sp_ps_s0v,1,0.0
.0_g-e--_208_c18_f1_ae_cs_sp_ps_s0y,1,0.0
.0_g-e--_208_c18_f1_ae_cs_sp_ps_s1y,1,0.0
.0_g-e--_208_c18_f1_ae_cs_sp_ps_s3s,1,0.0
.0_g-e--_208_c18_f1_ae_cs_sp_ps_s4s,1,0.0
.0_g-e--_208_c18_f1_ae_cs_sp_s0y,1,0.0
.0_g-e--_208_c18_f1_se_cs_sos_sp_ps_s5prr_rg_s04an,1,0.0
.0_g-e--_208_c18_f1_se_cs_sp_pi_ps_s5prr_rg_s04an,1,0.0
.0_g-e--_208_c18_f1_se_cs_sp_pi_ps_s5prr_s032n,1,0.0
.0_g-e--_208_c18_f1_se_cs_sp_ps_rg_s2sx,1,0.0
.0_g-e--_208_c18_f1_se_cs_sp_ps_s00,1,0.0
.0_g-e--_208_c18_f1_se_cs_sp_ps_s002a,1,0.0
.0_g-e--_208_c18_f1_se_cs_sp_ps_s003i,1,0.0
.0_g-e--_208_c18_f1_se_cs_sp_ps_s022i,1,0.0
.0_g-e--_208_c18_f1_se_cs_sp_ps_s024i,1,0.0
.0_g-e--_208_c18_f1_se_cs_sp_ps_s026i,1,0.0
.0_g-e--_208_c18_f1_se_cs_sp_ps_s028n,1,0.0
.0_g-e--_208_c18_f1_se_cs_sp_ps_s02dn,1,0.0
.0_g-e--_208_c18_f1_se_cs_sp_ps_s032n,1,0.0
.0_g-e--_208_c18_f1_se_cs_sp_ps_s038i,1,0.0
.0_g-e--_208_c18_f1_se_cs_sp_ps_s047a,1,0.0
.0_g-e--_208_c18_f1_se_cs_sp_ps_s059i,1,0.0
.0_g-e--_208_c18_f1_se_cs_sp_ps_s05ai,1,0.0
.0_g-e--_208_c18_f1_se_cs_sp_ps_s05bn,1,0.0
.0_g-e--_208_c18_f1_se_cs_sp_ps_s05cn,1,0.0
.0_g-e--_208_c18_f1_se_cs_sp_ps_s05ea,1,0.0
.0_g-e--_208_c18_f1_se_cs_sp_ps_s061n,1,0.0
.0_g-e--_208_c18_f1_se_cs_sp_ps_s07fn,1,0.0
.0_g-e--_208_c18_f1_se_cs_sp_ps_s0a,1,0.0
.0_g-e--_208_c18_f1_se_cs_sp_ps_s0u,1,0.0
.0_g-e--_208_c18_f1_se_cs_sp_ps_s0y,1,0.0
.0_g-e--_208_c18_f1_se_cs_sp_ps_s0y_ni,1,0.0
.0_g-e--_208_c18_f1_se_cs_sp_ps_s0yp,1,0.0
.0_g-e--_208_c18_f1_se_cs_sp_ps_s2a,1,0.0
.0_g-e--_208_c18_f1_se_cs_sp_ps_s2b,1,0.0
.0_g-e--_208_c18_f1_se_cs_sp_ps_s2c,1,0.0
.0_g-e--_208_c18_f1_se_cs_sp_ps_s2d,1,0.0
.0_g-e--_208_c18_f1_se_cs_sp_ps_s2f,1,0.0
.0_g-e--_208_c18_f1_se_cs_sp_ps_s2g,1,0.0
.0_g-e--_208_c18_f1_se_cs_sp_ps_s2i,1,0.0
.0_g-e--_208_c18_f1_se_cs_sp_ps_s2j,1,0.0
.0_g-e--_208_c18_f1_se_cs_sp_ps_s2k,1,0.0
.0_g-e--_208_c18_f1_se_cs_sp_ps_s2m,1,0.0
.0_g-e--_208_c18_f1_se_cs_sp_ps_s2n,1,0.0
.0_g-e--_208_c18_f1_se_cs_sp_ps_s2o,1,0.0
.0_g-e--_208_c18_f1_se_cs_sp_ps_s2p,1,0.0
.0_g-e--_208_c18_f1_se_cs_sp_ps_s2r,1,0.0
.0_g-e--_208_c18_f1_se_cs_sp_ps_s2s,1,0.0
.0_g-e--_208_c18_f1_se_cs_sp_ps_s2v,1,0.0
.0_g-e--_208_c18_f1_se_cs_sp_ps_s3a,1,0.0
.0_g-e--_208_c18_f1_se_cs_sp_ps_s3b,1,0.0
.0_g-e--_208_c18_f1_se_cs_sp_ps_s4b,1,0.0
.0_g-e--_208_c18_f1_se_cs_sp_ps_s4c,1,0.0
.0_g-e--_208_c18_f1_se_cs_sp_ps_s4d,1,0.0
.0_g-e--_208_c18_f1_se_cs_sp_ps_s4y,1,0.0
.0_g-e--_208_c18_f1_se_cs_sp_ps_s5prr_rg_s04ai,1,0.0
.0_g-e--_208_c18_f1_se_cs_sp_ps_s5prr_rg_s04an,1,0.0
.0_g-e--_208_c18_f1_se_cs_sp_ps_s5prr_rg_s04bn,1,0.0
.0_g-e--_208_c18_f1_se_cs_sp_ps_s5prr_rg_s0y,1,0.0
.0_g-e--_208_c18_f1_se_cs_sp_ps_s5prr_s002a,1,0.0
.0_g-e--_208_c18_f1_se_cs_sp_ps_s5prr_s028n,1,0.0
.0_g-e--_208_c18_f1_se_cs_sp_ps_s5prr_s032n,1,0.0
.0_g-e--_208_c18_f1_se_cs_sp_ps_s5prr_s04an,1,0.0
.0_g-e--_208_c18_f1_se_cs_sp_ps_s5prr_s059i,1,0.0
.0_g-e--_208_c18_f1_se_cs_sp_ps_s5prr_s0y,1,0.0
.0_g-e--_208_c18_f1_se_cs_sp_ps_s5prr_s2m,1,0.0
.0_g-e--_208_c18_f1_se_cs_sp_ps_s5prr_s2ma,1,0.0
.0_g-e--_208_c18_f1_se_cs_sp_ps_s5prr_s2mi,1,0.0
.0_g-e--_208_c18_f1_se_cs_sp_ps_s5prr_s2p,1,0.0
.0_g-e--_208_c18_f1_se_cs_sp_ps_s5prr_s2v,1,0.0
.0_g-e--_208_c18_f1_se_cs_sp_ps_s5prr_s4d,1,0.0
.0_g-e--_208_c18_f1_se_cs_sp_ps_tt_s0y,1,0.0
.0_g-e--_208_c18_f1_se_cs_ssp_ps_s5prr_rg_s04an,1,0.0
.0_g-e--_208_c18_f2_se_cs_sp_ps_rg_s04a,1,0.0
.0_g-e--_208_c18_f2_se_cs_sp_ps_s5prr_rg_s04a,1,0.0
.0_g-e--_208_c18_sos_f1_se_cs_sp_ps_s4c,1,0.0
.0_g-e--_208_c18amc_f1_se_cs_sp_ps_s5prr_rg_s04an,1,0.0
.0_g-e--_208_c18c--_f1_se_cs_sp_ps_s5prr_rg_s04an,1,0.0
.0_g-e--_208_c18cma_f1_se_cs_sp_ps_s5prr_rg_s04an,1,0.0
.0_g-e--_208_c41_f1_ae_cs_sp_ps_s00,1,0.0
.0_g-e--_208_c41_f1_ae_cs_sp_ps_s4s,1,0.0
.0_g-e--_208_c45_f1_ae_cs_sp_pi_co_s0v,1,0.0
.0_g-e--_208_c45_f1_ae_cs_sp_pi_ps_s0y,1,0.0
.0_g-e--_208_c47_f1_se_cs_sp_ps_s0y,1,0.0
.0_g-e--_208_c48_f1_ae_cs_sp_ps_s0y,1,0.0
.0_g-e--_209_c18_f1_ae_cs_sp_pi_s0y,1,0.0
.0_g-e--_209_c18_f1_ae_cs_sp_s0y,1,0.0
.0_g-e--_210_c18_f1_ae_cs_sp_pi_s0y,1,0.0
.0_g-e--_211_c18_f1_ae_cs_sp_s0y,1,0.0
.0_g-e--_212_c18_f1_ae_q12_cs_sp_s0y,1,0.0
.0_g-e--_212_c18_f1_ae_q12_cs_sp_s2s,1,0.0
.0_g-e--_213_c18_f1_ae_cs_sp_pi_s0y,1,0.0
.0_g-e--_214_c18_f1_ae_q7_cs_sp_pi_s0y,1,0.0
.0_g-e--_214_c18_f1_ae_r4_cs_sp_pi_s0y,1,0.0
.0_g-e--_214_c18_f1_ae_s4_cs_sp_pi_s0y,1,0.0
.0_g-e--_215_c46_f1_ae_cs_sp_ps_s0y,1,0.0
.0_g-e--_215_c46_f1_ae_cs_sp_ps_s2s,1,0.0
.0_g-e--_300_c01_f1_se_cs_sp_s0y,1,0.0
.0_g-e--_300_c01_s00,1,0.0
.0_g-e--_300_c01_s5prr_s00,1,0.0
.0_g-e--_300_c18_f1_se_cs_sp_ps_s0y,1,0.0
.0_g-e--_300_c18_f1_se_cs_sp_s0y,1,0.0
.0_g-e--_300_c18_f1_urban_s0y,1,0.0
.0_g-e--_301_c18_f1_urban_s0y,1,0.0
.0_g-e--_301_c18_f1_urban_s5prr_rg_s04an,1,0.0
.0_g-e--_301_c18_f1_urban_s5prr_rg_s04bn,1,0.0
.0_g-e--_301_c18_f1_urban_s5prr_rg_s070i,1,0.0
.0_g-e--_301_c18_f1_urban_s5prr_rg_s0y,1,0.0
.0_g-e--_301_c18_f1_urban_s5prr_s0y,1,0.0
.0_g-e--_302_c18_f1_urban_rg_s04bn,1,0.0
.0_g-e--_302_c18_f1_urban_s0y,1,0.0
.0_g-e--_302_c18_f1_urban_s5prr_rg_s04bn,1,0.0
.0_g-e--_302_c18_f1_urban_s5prr_rg_s0y,1,0.0
.0_g-e--_302_c18_f1_urban_s5prr_s0y,1,0.0
.0_g-e--_303_c18_f1_urban_s0y,1,0.0
.0_g-n--_023_b07_f1_pi_q7_cs_os_s0y,1,0.0
.0_g-n--_023_b07_f1_sp_pi_q7_cs_ae_s0y,1,0.0
.0_g-n--_023_b07_f1_sp_pi_q7_cs_se_s0y,1,0.0
.0_g-n--_023_b07_f1_sp_pi_q7_cs_se_s5prr_s0y,1,0.0
.0_g-n--_023_b07_f1_sp_pi_q7_cs_sp_co_s0y,1,0.0
.0_g-n--_023_b07_f1_sp_pi_q7_cs_sp_co_s5prr_s0y,1,0.0
.0_g-n--_023_b07_f1_sp_pi_q7_cs_sp_s0y,1,0.0
.0_h----_011_c07_f1_pi_ae_os_r8_sp_s1u,1,0.0
.0_h----_011_c07_f1_pi_ae_os_s1u,1,0.0
.0_h----_011_c07_f1_pi_ae_q4_cs_sp_ps_s0v,1,0.0
.0_h----_011_c07_f1_pi_ae_q4_cs_sp_ps_sov,1,0.0
.0_h----_011_c07_f1_pi_ae_q4_sp_s0v,1,0.0
.0_h----_011_c07_f1_pi_ae_sp_s0v,1,0.0
.0_h----_011_c07_f1_pi_se_sp_s0v,1,0.0
.0_h----_011_c18_f1_pi_ae_sp_s2s,1,0.0
.0_h----_011_c18_f1_pi_se_sp_s2s,1,0.0
.0_h----_042_b03_f1_ae_q4_sp_s2s,1,0.0
.0_h----_047_b31_f1_pi_ae_r4_cs_sp_s2k,1,0.0
.0_h----_047_b31_f1_pi_ae_r4_cs_sp_s2s,1,0.0
.0_h----_047_b31_f1_pi_ae_r4_cs_sp_s4c,1,0.0
.0_h----_047_b31_f1_pi_ae_r4_cs_sp_s4d,1,0.0
.0_h----_047_c02_f1_pi_ae_q12_cs_sp_s2s,1,0.0
.0_h----_047_c02_f1_pi_se_q12_cs_sp_s2s,1,0.0
.0_h----_047_c05_04_f1_ae_r8_cs_sp_rg_s2s,1,0.0
.0_h----_047_c09_12_f1_ae_nd_cs_sp_s2s,1,0.0
.0_h----_047_c09_12_f1_ae_nd_cs_sp_s5prr_rg_s04an,1,0.0
.0_h----_047_c09_12_f1_ae_nd_cs_sp_s5prr_rg_s2s,1,0.0
.0_h----_047_c09_12_f1_ae_nd_cs_sp_s5prr_s2s,1,0.0
.0_h----_047_c09_12_f1_ae_nd_sp_s2s,1,0.0
.0_h----_047_c18_f1_ae_r8_cs_sp_s2s,1,0.0
.0_h----_047_c18_f1_pi_ae_r8_cs_sp_s2s,1,0.0
.0_h----_047_c45_f1_ae_r8_cs_sp_s2s,1,0.0
.0_h----_102_c18_f1_pi_ae_cs_sp_ps_s0y,1,0.0
.0_h----_102_c18_f1_pi_ae_cs_sp_ps_s2s,1,0.0
.0_h----_102_c18_f1_pi_ae_q4_cs_sp_ps_s2s,1,0.0
.0_h----_102_c18_f1_pi_ae_q4_cs_sp_ps_s5prr_s2s,1,0.0
.0_h----_102_c18_f1_pi_ae_q4_cs_sp_s1s,1,0.0
.0_sat001_ca_minmin_p005000_rr,1,0.0
.0_sat001_co_minmin_p005000_rr,1,0.0
.0_sat001_frscon_p005000_rr,1,0.0
.0_sat001_glomax_p005000_rr,1,0.0
.0_sat001_glomin_p005000_nn,1,0.0
.0_sat001_glomin_p005000_rr,1,0.0
.0_sat001_maxmax_p005000_rr,1,0.0
.0_sat001_maxmin_p005000_rr,1,0.0
.0_sat001_minmax_g010000_rr,1,0.0
.0_sat001_minmax_g050000_rr,1,0.0
.0_sat001_minmax_g100000_rr,1,0.0
.0_sat001_minmax_p002000_rr,1,0.0
.0_sat001_minmax_p005000_nn,1,0.0
.0_sat001_minmax_p005000_rr,1,0.0
.0_sat001_minmin_p002000_nn,1,0.0
.0_sat001_minmin_p002000_rr,1,0.0
.0_sat001_minmin_p005000_nr,1,0.0
.0_sat001_minmin_p005000_rr,1,0.0
.0_sat001_minmin_p005000_rr_d1,1,0.0
.0_sat001_minmin_p005000_rr_q4,1,0.0
.0_sat001_minmin_p005000_rr_q7,1,0.0
.0_sat001_minmin_p005000_rr_rg,1,0.0
.0_sat001_minmin_t00x000_rr,1,0.0
.0_sat001_minmin_t050000_nr,1,0.0
.0_sat001_minmin_t050000_rr,1,0.0
.0_sat001_minmin_x000000_rr,1,0.0
.0_sat002_minmin_p005000_rr,1,0.0
.0_sat002_minmin_p005000_rr_d1,1,0.0
.0_sat002_minmin_p005000_rr_d10,1,0.0
.0_sat002_minmin_p005000_rr_d100,1,0.0
.0_sat002_minmin_p005000_rr_d1000,1,0.0
.0_sat002_minmin_p010000_rr_d1000,1,0.0
.0_sat002_minmin_x000000_rr,1,0.0
.0_sat003_minmin_p005000_rr,1,0.0
.0_sat003_minmin_t00x000_rr,1,0.0
.0_sat003_minmin_x000000_rr,1,0.0
.0_u----_043_b31_f1_pi_ae_cs_sp_s2s,1,0.0
.0_u----_043_c18_f1_pi_ae_s4_cs_sp_s0y,1,0.0
.0_u----_043_c18_f1_pi_ae_s4_cs_sp_s4c,1,0.0
.0_u----_100_c07_23_f1_se_cs_sp_ps_s5prr_rg_s04an,1,0.0
.0_u----_100_c09_12_f1_se_cs_sp_ps_s5prr_rg_nd_s04an,1,0.0
.0_u----_100_c09_12_f1_se_cs_sp_ps_s5prr_rg_s04an,1,0.0
.0_u----_101_c09_12_f1_se_cs_sp_ps_s5prr_rg_s04an,1,0.0
.0_u----_102_c09_12_f1_se_cs_sp_ps_s5prr_rg_s04an,1,0.0
.0_u----_115e_c05_00_f1_se_pi_cs_sp_ps_s5prr_rg_s04an,1,0.0
.0_u----_115u_c12_06_f1_se_pi_cs_sp_ps_s5prr_rg_s04an,1,0.0
.0_u----_115v_c12_07_f1_se_pi_cs_sp_ps_s5prr_rg_s04an,1,0.0
.0_u----_116_c05_02_f1_se_pi_cs_sp_ps_rg_s04an,1,0.0
.0_u----_116_c05_02_f1_se_pi_cs_sp_ps_s5prr_rg_s04an,1,0.0
.0_u----_116x_c05_02_f1_se_pi_cs_sp_ps_s5prr_rg_s04an,1,0.0
.0_u----_116xg_c05_02_f1_se_pi_cs_sp_ps_s5prr_rg_s04an,1,0.0
.0_u----_116y_c05_02_f1_se_pi_cs_sp_ps_s5prr_rg_s04an,1,0.0
.0_u----_116yg_c05_02_f1_se_pi_cs_sp_ps_s5prr_rg_s04an,1,0.0
.0_u----_204f_05_c11_08_f1_se_pi_cs_sp_ps_s5prr_rg_s04an,1,0.0
.0_u----_206b_01_c11_23_f1_se_pi_cs_sp_ps_s5prr_rg_s04an,1,0.0
.0_u----_206c_00_b11_00_f1_se_pi_cs_sp_ps_s5prr_rg_s04an,1,0.0
.0_u----_206c_00_c07_23_f1_se_pi_cs_sp_ps_s5prr_rg_s04an,1,0.0
.0_u----_206c_02_b10_00_f1_se_pi_cs_sp_ps_s5prr_rg_s04an,1,0.0
.0_u----_206c_02_c11_23_f1_se_pi_cs_sp_ps_s5prr_rg_s04an,1,0.0
.0_u----_206c_10_b11_00_f1_se_pi_cs_sp_ps_s5prr_rg_s04an,1,0.0
.0_u----_206c_10_c11_08_f1_se_pi_cs_sp_ps_s5prr_rg_s04an,1,0.0
.0_u----_206d_00_b07_00_f1_se_pi_cs_sp_ps_s5prr_rg_s04an,1,0.0
.0_u----_206d_00_b10_00_f1_se_pi_cs_sp_ps_s5prr_rg_s04an,1,0.0
.0_u----_206d_00_c11_23_f1_se_pi_cs_sp_ps_s5prr_rg_s04an,1,0.0
.0_u----_206d_01_c11_23_f1_se_pi_cs_sp_ps_s5prr_rg_s04an,1,0.0
.0_u----_206d_02_b11_00_f1_se_pi_cs_sp_ps_s5prr_rg_s04an,1,0.0
.0_u----_206d_05_b11_00_f1_se_pi_cs_sp_ps_s5prr_rg_s04an,1,0.0
.0_u----_206d_05_c11_08_f1_se_pi_cs_sp_ps_s5prr_rg_s04an,1,0.0
.0_u----_206e_00_b11_00_f1_se_pi_cs_sp_ps_s5prr_rg_s04an,1,0.0
.0_u----_206e_02_b07_00_f1_se_pi_cs_sp_ps_s5prr_rg_s04an,1,0.0
.0_u----_206e_02_c07_23_f1_se_pi_cs_sp_ps_s5prr_rg_s04an,1,0.0
.0_u----_206e_02_c10_23_f1_se_pi_cs_sp_ps_s5prr_rg_s04an,1,0.0
.0_u----_206e_05_b11_00_f1_se_pi_cs_sp_ps_s5prr_rg_s04an,1,0.0
.1_0001_fifo,1,0.0
.1_0002_cw11,1,0.0
.1_0003_cw21,1,0.0
.1_0004_5cw21fifo,1,0.0
.1_0005_10cw21fifo,1,0.0
.1_0006_15cw21fifo,1,0.0
.1_0007_rw2121,1,0.0
.1_0008_rw2122,1,0.0
.1_0009_10rw2122fifo,1,0.0
.1_000x,1,0.0
.1_0010_evo,1,0.0
.1_0011_auto,1,0.0
.1_0012_rw21m1,1,0.0
.1_0013_5cw11fifo,1,0.0
.1_0014_10cw11fifo,1,0.0
.1_0015_gd,1,0.0
.1_0016_5gdfifo,1,0.0
.1_0017_15cw21fifopi,1,0.0
.1_0018_gd1,1,0.0
.1_0019_gd2,1,0.0
.1_0020_10gd1fifo,1,0.0
.1_0021_10gd3,1,0.0
.1_0022_10cw112fifo,1,0.0
.1_0023_10cw11mfifo,1,0.0
.1_0024_5cw21fifopi,1,0.0
.1_0025_gd4,1,0.0
.1_0026_15cw11fifo,1,0.0
.1_0027_10cw21fifopi,1,0.0
.1_0028_cw11pi,1,0.0
.1_0029_cw112,1,0.0
.1_0029_cw112pi,1,0.0
.1_0030_cw11m,1,0.0
.1_0030_cw11mpi,1,0.0
.1_0031_gd5,1,0.0
.1_0032_gd6,1,0.0
.1_0033_gd7,1,0.0
.1_0034_gd8,1,0.0
.1_0035_cw112,1,0.0
.1_0035_cw113,1,0.0
.1_0036_10cw113fifo,1,0.0
.1_0037_cw12,1,0.0
.1_0038_2cw11fifo,1,0.0
.1_0039_10cw11fifopi,1,0.0
.1_0051auto,1,0.0
.1_0052autosched,1,0.0
.1_0053auto,1,0.0
.1_0054autosched,1,0.0
.0_0001auto,1,0.0
.0_0055cascauto,1,0.0
.0_0056cascautosched,1,0.0
.0_0057cascauto_ncnf,1,0.0
.0_0058cascautosched_ncnf,1,0.0
.0_xxx,1,0.0
.csscpa,1,0.0
.ctmp,1,0.0
.commentboxes,1,0.0
.msys2,1,0.0
.ston,1,0.0
.svgf,1,0.0
.day,1,0.0
.9069,1,0.0
.larcv2-pytorch,1,0.0
.larcv2-pytorch-scn,1,0.0
.larcv2-tf,1,0.0
.04-cpu,1,0.0
.04-cpu-ana0,1,0.0
.04-cpu-ana0-larcv2,1,0.0
.1-ml,1,0.0
.1-ml-larcv2,1,0.0
.2-extra-g4,1,0.0
.2-genie,1,0.0
.0-scn,1,0.0
.04-gpu,1,0.0
.04-gpu-ana0,1,0.0
.04-gpu-ana0-ml,1,0.0
.04-gpu-ana0-ml-larcv2,1,0.0
.04-gpu-ana0-mn,1,0.0
.3-genie,1,0.0
.13-extra,1,0.0
.13-larndsim,1,0.0
.04-generator,1,0.0
.1-larndsim,1,0.0
.ub2204-cu121-torch251,1,0.0
.ub2204-cu121-torch251-extra,1,0.0
.ub2204-cu121-torch251-larndsim,1,0.0
.ub2204-cu124-torch251,1,0.0
.ub2204-cu124-torch251-extra,1,0.0
.ub2204-cu124-torch251-larndsim,1,0.0
.0rc01-cuda100-pytorchdev20181215-scn,1,0.0
.0rc01-cuda90-pytorchdev20181015-scn,1,0.0
.dotplot,1,0.0
.dkms,1,0.0
.ac9,1,0.0
.fort,1,0.0
.md_not_yet_ok,1,0.0
.bloechl,1,0.0
.rrkj,1,0.0
.rso,1,0.0
.bigdft,1,0.0
.2048procs,1,0.0
.bare2,1,0.0
.fakesmooth,1,0.0
.soft_tm,1,0.0
.doug_mod,1,0.0
.hamann_mod,1,0.0
.revpbe,1,0.0
.sj_mod,1,0.0
.971106_mod,1,0.0
.tm_so,1,0.0
.960808c_mod,1,0.0
.psphgh,1,0.0
.corewf,1,0.0
.f2b,1,0.0
.in_displ,1,0.0
.ns_energy,1,0.0
.struct,1,0.0
.intrans,1,0.0
.out_ep_invtauk,1,0.0
.out_ep_taue,1,0.0
.out_ep_tauk,1,0.0
.bxsf,1,0.0
.abo_gruns_dos,1,0.0
.abo_gruns_qpath,1,0.0
.ucell,1,0.0
.buildsys,1,0.0
.edits,1,0.0
.htk,1,0.0
._at,1,0.0
.kmodel,1,0.0
._ohsu_00501431d,1,0.0
._ohsu_00501481d,1,0.0
.emph,1,0.0
.test_bin,1,0.0
.glyphs,1,0.0
.plw,1,0.0
.dbj,1,0.0
.natspec,1,0.0
.java_diagram,1,0.0
.fcdi,1,0.0
.vjsproj,1,0.0
.txids,1,0.0
.whitelist_normal,1,0.0
.log0,1,0.0
.other_extension,1,0.0
.noadmixstrainsnov10k,1,0.0
.rmdsl,1,0.0
.config-edit,1,0.0
.in_000,1,0.0
.rb--disabled,1,0.0
.deepfakedetector,1,0.0
.hostkey,1,0.0
.mingw32,1,0.0
.mingw64,1,0.0
.fxcop,1,0.0
.wapproj,1,0.0
.osqp,1,0.0
.substitutions,1,0.0
.gcp,1,0.0
.beta,1,0.0
.cbflib,1,0.0
.dials,1,0.0
.osm3s,1,0.0
.popup,1,0.0
.deck,1,0.0
.part2,1,0.0
.part3,1,0.0
.part4,1,0.0
.hybrid,1,0.0
.par24,1,0.0
.schonhage1,1,0.0
.schonhage2,1,0.0
.2400,1,0.0
.square24,1,0.0
.square6,1,0.0
.corn,1,0.0
.3d_processed,1,0.0
.3d_processed_rel,1,0.0
.bazelrc,1,0.0
.rxproj,1,0.0
.mal,1,0.0
.velox,1,0.0
.kmeans,1,0.0
.h-xx,1,0.0
.lime,1,0.0
.oeb,1,0.0
.det,1,0.0
.pu1,1,0.0
.sample_list,1,0.0
.ignore-warnings,1,0.0
.glnxa64,1,0.0
.maci64,1,0.0
.copy,1,0.0
.rb-old,1,0.0
.f29,1,0.0
.u16,1,0.0
.u18,1,0.0
.ac3,1,0.0
.5+user_all,1,0.0
.xjd,1,0.0
.xmml,1,0.0
.23414,1,0.0
.23579,1,0.0
.23865,1,0.0
.24300,1,0.0
.traineddata,1,0.0
.d3g,1,0.0
.htb,1,0.0
.sh6,1,0.0
.beppe,1,0.0
.cco,1,0.0
.bsd_fb,1,0.0
.bsd_mit,1,0.0
.gpl2,1,0.0
.kernel-init,1,0.0
.modprobe,1,0.0
.sriov-init,1,0.0
.sriov-vfs,1,0.0
.udev-rules,1,0.0
.sriov-rules,1,0.0
.sriov-service,1,0.0
.bky,1,0.0
.preview,1,0.0
.abstractcashselection,1,0.0
.logservice,1,0.0
.cordasessionfactoryfactory,1,0.0
.opensslcontextfactory,1,0.0
.sslcontextfactory,1,0.0
.payloadwithemptytransactionsignatures,1,0.0
.payloadwithtransactionsignatures,1,0.0
.transactionwithouttransactionsignatures,1,0.0
.transactionwithemptysigners,1,0.0
.transactionwithoutsigners,1,0.0
.transactionwithsigners,1,0.0
.notaryinfowithoutprotocol,1,0.0
.notaryinfowithprotocol,1,0.0
.serializationwhitelist,1,0.0
.implementinggenericinterface,1,0.0
.lenientcarpenter,1,0.0
.testunknowntransform,1,0.0
.changedordinality,1,0.0
.deserialisenewersettounknown,1,0.0
.deserialisenewerwithnorule,1,0.0
.bbb,1,0.0
.flump,1,0.0
.changedenum1,1,0.0
.changedenum2,1,0.0
.step1,1,0.0
.preservesdatawhenflagset_with_null,1,0.0
.preservesdatawhenflagset_without_null,1,0.0
.addadditionalparam,1,0.0
.addadditionalparamnotmandatory,1,0.0
.addandremoveparameters,1,0.0
.addmandatoryfieldandremoveexistingnullableintfield,1,0.0
.addmandatoryfieldwithaltconstructor,1,0.0
.addmandatoryfieldwithaltconstructorandmakeexistingintfieldnullable,1,0.0
.addmandatoryfieldwithaltconstructorandmakeexistingnullableintfieldmandatory,1,0.0
.addmandatoryfieldwithaltconstructorforcereorder,1,0.0
.addmandatoryfieldwithaltconstructorunannotated,1,0.0
.addmandatoryfieldwithaltreorderedconstructor,1,0.0
.addmandatoryfieldwithaltreorderedconstructorandremoval,1,0.0
.changesubtype,1,0.0
.evolutionwithcarpentry,1,0.0
.evolutionwithprimitives,1,0.0
.gettersetterevolver1,1,0.0
.maybeserializedtransaction,1,0.0
.morecomplexnonnullwithreorder,1,0.0
.notarisationrequest,1,0.0
.removeexistingnullableintfieldwithaltconstructor,1,0.0
.removeparameters,1,0.0
.removeparameterwithcalculatedparameter,1,0.0
.simpleorderswapdifferenttype,1,0.0
.simpleorderswapsametype,1,0.0
.loadgenericfromfile,1,0.0
.testn1addsnullableint,1,0.0
.testn2addsprimitive,1,0.0
.testnullableinteger,1,0.0
.58ecce1,1,0.0
.6a6b6f256,1,0.0
.deserializetest,1,0.0
.deserializetest2,1,0.0
.addandremoveconstructorparametersexception,1,0.0
.addconstructorparametersexception,1,0.0
.removeconstructorparametersexception,1,0.0
.flowstacksnapshotfactory,1,0.0
.wsf,1,0.0
.agdai,1,0.0
.classified,1,0.0
.detailed,1,0.0
.confused_entities,1,0.0
.divided,1,0.0
.divided_prog,1,0.0
.extra_entity,1,0.0
.extra_entity_prog,1,0.0
.extra_mention,1,0.0
.extra_mention_prog,1,0.0
.missing_entity,1,0.0
.missing_entity_prog,1,0.0
.missing_mention,1,0.0
.missing_mention_prog,1,0.0
.span_errors,1,0.0
.cluster_context,1,0.0
.cluster_errors,1,0.0
.cluster_extra,1,0.0
.cluster_missing,1,0.0
.mention_list,1,0.0
.mention_text,1,0.0
.classified_detailed_properties,1,0.0
.classified_errors,1,0.0
.classified_summary,1,0.0
.text_with_mentions,1,0.0
.crdt,1,0.0
.reconstructed,1,0.0
.lara,1,0.0
.reqif,1,0.0
.vpdl,1,0.0
.0-rc3,1,0.0
.2945,1,0.0
.json_bert-base-uncased_512_128_64,1,0.0
.g2m,1,0.0
.state1,1,0.0
.state2,1,0.0
.xcss,1,0.0
.clientconfig,1,0.0
.erwin,1,0.0
.sqlcmdvars,1,0.0
.sqldeployment,1,0.0
.sqlpermissions,1,0.0
.sqlsettings,1,0.0
.dbproj,1,0.0
.aterm,1,0.0
.moab,1,0.0
.5_1,1,0.0
.5_10,1,0.0
.5_100,1,0.0
.5_316,1,0.0
.3_100,1,0.0
.3_316,1,0.0
.3_32,1,0.0
.6_100,1,0.0
.6_316,1,0.0
.6_32,1,0.0
.05_100,1,0.0
.05_316,1,0.0
.05_32,1,0.0
.0-all,1,0.0
.odg#,1,0.0
.wto,1,0.0
.capx,1,0.0
.musx,1,0.0
.chloro,1,0.0
.mito,1,0.0
.rdna,1,0.0
.cp2k,1,0.0
.iceih-big,1,0.0
.flair,1,0.0
.sm2,1,0.0
.anf,1,0.0
.sitedef,1,0.0
.movement,1,0.0
.multicast1,1,0.0
.multicast2,1,0.0
.nbc_minisat_all,1,0.0
.mconf,1,0.0
.custom-r-base,1,0.0
.exploit,1,0.0
.jenkins,1,0.0
.releaseapk,1,0.0
.screenshots,1,0.0
.ce6c855,1,0.0
.codebook,1,0.0
.pptx#,1,0.0
.dot-input,1,0.0
.lpy,1,0.0
.wtchdg,1,0.0
.search,1,0.0
.conformalmappingtoolbox,1,0.0
.clones,1,0.0
.vaf,1,0.0
.run_std_atm,1,0.0
.emo,1,0.0
.pandoc,1,0.0
.delft,1,0.0
.delft2,1,0.0
.delft3,1,0.0
.cfga,1,0.0
.out_electrons_band19,1,0.0
.out_heavy_holes_band18,1,0.0
.out_light_holes_band17,1,0.0
.d12_scf,1,0.0
.out_scf,1,0.0
.taxon_info,1,0.0
.temporarily_off,1,0.0
.xoj,1,0.0
.camp,1,0.0
.cloud_parcel,1,0.0
.tchem,1,0.0
.wrf_partmc,1,0.0
.macaml,1,0.0
.acaml,1,0.0
.orbit_benchmark,1,0.0
.yacc,1,0.0
.dylib-x86_64,1,0.0
.gaf#,1,0.0
.1659_example,1,0.0
.pivt,1,0.0
.nobc,1,0.0
.ns_start,1,0.0
.start_lte_demix,1,0.0
.start_ns,1,0.0
.xcfcase,1,0.0
.ctest,1,0.0
.example_coconut,1,0.0
.juqueen,1,0.0
.juqueen_big,1,0.0
.mfmhd_cuda,1,0.0
.mutationpp,1,0.0
.decoder,1,0.0
.ohlog,1,0.0
.svn_log,1,0.0
.gtkrc,1,0.0
.clgw,1,0.0
.ccss,1,0.0
.updates,1,0.0
.3-patch,1,0.0
.13-patch,1,0.0
.2-patch,1,0.0
.7-patch,1,0.0
.30-patch,1,0.0
.34-patch,1,0.0
.16-patch,1,0.0
.smp,1,0.0
.uni,1,0.0
.xen,1,0.0
.sty#,1,0.0
.pyde,1,0.0
.chords,1,0.0
.notes_in_beats,1,0.0
.tempo,1,0.0
.mirex,1,0.0
.jzip,1,0.0
.greenshot,1,0.0
.rtc,1,0.0
.eps_tex,1,0.0
.sd3,1,0.0
.sd6,1,0.0
.sd7,1,0.0
.geotiff,1,0.0
.hgt,1,0.0
.jm,1,0.0
.traps,1,0.0
.weekly,1,0.0
.buildbot,1,0.0
.d-bbmass,1,0.0
.d-freqsd,1,0.0
.postfix,1,0.0
.nospam,1,0.0
.spam,1,0.0
.set0,1,0.0
.perceptron,1,0.0
.by,1,0.0
.post-svn,1,0.0
.qmail,1,0.0
.vpopmail,1,0.0
.awl,1,0.0
.bayes,1,0.0
.txrep,1,0.0
.com_password,1,0.0
.speedtest,1,0.0
.dgdx,1,0.0
.cu2s_pbe,1,0.0
.h2o_rpbe-d3,1,0.0
.lj,1,0.0
.cu2s_144_low-chalcocite,1,0.0
.h2o_1080_liquid,1,0.0
.recommended,1,0.0
.data-2,1,0.0
.data-1np,1,0.0
.data-1p,1,0.0
.data-36-angs,1,0.0
.data-36p,1,0.0
.data-36s,1,0.0
.data-angs-p,1,0.0
.data-h2o-192-neg,1,0.0
.data-h2o-36-neg,1,0.0
.data-h2o-768-neg,1,0.0
.data-eg,1,0.0
.data-mod,1,0.0
.data-q0,1,0.0
.data-sameq,1,0.0
.wacsf,1,0.0
.plhtml,1,0.0
.urimap,1,0.0
.contrasts,1,0.0
.trait,1,0.0
.detsnp,1,0.0
.popname,1,0.0
.hapflk,1,0.0
.rey,1,0.0
.secure,1,0.0
.usda,1,0.0
.sfm,1,0.0
.protxt,1,0.0
.reppreview,1,0.0
.melt,1,0.0
.txt 2,1,0.0
.sample1,1,0.0
.quality_filter,1,0.0
.join_to_rdp_class,1,0.0
.persistent_otus,1,0.0
.figures,1,0.0
.diversity,1,0.0
.plot_diversity,1,0.0
.top_pop_figure,1,0.0
.figure,1,0.0
.percent,1,0.0
.dereplication,1,0.0
.abundance_sort,1,0.0
.chimera,1,0.0
.number_otus,1,0.0
.make_table,1,0.0
.peta4-knl,1,0.0
.peta4-skylake,1,0.0
.wilkes2,1,0.0
.ctv,1,0.0
.qij,1,0.0
.06112012,1,0.0
.slackbuild,1,0.0
.tf2,1,0.0
.xml-tpfa,1,0.0
.h5m,1,0.0
.centos-buildbot,1,0.0
.fedora-buildbot,1,0.0
.mac-buildbot,1,0.0
.mac-min,1,0.0
.ubuntu-buildbot,1,0.0
.gov,1,0.0
.blscores,1,0.0
.scxml,1,0.0
.smudge,1,0.0
.ipynb copy,1,0.0
._pyc_,1,0.0
.ofs,1,0.0
.ofssave,1,0.0
.install4j,1,0.0
.poses,1,0.0
.orca025,1,0.0
.orca1,1,0.0
.sub#,1,0.0
.lpk,1,0.0
.lpg,1,0.0
.loa,1,0.0
.nvm,1,0.0
.tip,1,0.0
.jseo,1,0.0
.lpt,1,0.0
.old-with-errors,1,0.0
.tmp~,1,0.0
.macos-universal,1,0.0
.xye,1,0.0
._nc,1,0.0
.p4p,1,0.0
.lift100,1,0.0
.interconnect,1,0.0
.alloc,1,0.0
.codes-workload,1,0.0
.m4sh,1,0.0
.ompi-spec-generator,1,0.0
.mca-dso-check,1,0.0
.ompi-rules,1,0.0
.memory_management,1,0.0
.1in,1,0.0
.hostkeys,1,0.0
.gitcrypt,1,0.0
.omd,1,0.0
.renametozip,1,0.0
.licx,1,0.0
.trna,1,0.0
.help~,1,0.0
.audit,1,0.0
.toml_empty,1,0.0
.xc,1,0.0
.subprocess,1,0.0
.mrcs,1,0.0
.lsatr,1,0.0
.mpe,1,0.0
.toulbar2,1,0.0
.info-6,1,0.0
.info-7,1,0.0
.info-8,1,0.0
.dat1,1,0.0
.complex,1,0.0
.png_small,1,0.0
.png_small_b64,1,0.0
.rules~,1,0.0
.ngsqcbox,1,0.0
.ini into one folder,1,0.0
.exe and overwrite old copies,1,0.0
.trial,1,0.0
.irr,1,0.0
.ptb,1,0.0
.bak2,1,0.0
.bak3,1,0.0
.intact,1,0.0
.perrimon,1,0.0
.suratanee,1,0.0
.beta_pending_debugging,1,0.0
.localdb,1,0.0
.indd,1,0.0
.css_old,1,0.0
.sqlite3_backup,1,0.0
.yml_old,1,0.0
.sublime-commands,1,0.0
.sublime-mousemap,1,0.0
.sublime-menu,1,0.0
.modif_add,1,0.0
.modif_addremove,1,0.0
.modif_reorder,1,0.0
.postgres,1,0.0
.rignore,1,0.0
.unifiedpusharchive,1,0.0
.loadableextension,1,0.0
.artemis,1,0.0
.noartemis,1,0.0
.nokeycloak,1,0.0
.cuter,1,0.0
.mods,1,0.0
.dill,1,0.0
.scale-emulated,1,0.0
.scale-physical,1,0.0
.reqs,1,0.0
.exonset,1,0.0
.extxyz,1,0.0
.ux,1,0.0
.pbxsymbols,1,0.0
.c_rules,1,0.0
.cpp_proxy_rules,1,0.0
.cpp_rules,1,0.0
.mmp,1,0.0
.sis,1,0.0
.sisar,1,0.0
.sisar~,1,0.0
.antelope,1,0.0
.at-master,1,0.0
.cmdd,1,0.0
.codeprop-tmp,1,0.0
.collect-view,1,0.0
.dhcp,1,0.0
.er-coap,1,0.0
.ftp,1,0.0
.http-post-auth,1,0.0
.httpd-ws,1,0.0
.ipso-objects,1,0.0
.irc,1,0.0
.mqtt,1,0.0
.netconf,1,0.0
.oma-lwm2m,1,0.0
.ping6,1,0.0
.process-list,1,0.0
.program-handler,1,0.0
.rest-engine,1,0.0
.serial-shell,1,0.0
.servreg-hack,1,0.0
.slip-cmd,1,0.0
.telnet,1,0.0
.unit-test,1,0.0
.webbrowser,1,0.0
.webserver-nano,1,0.0
.tsch,1,0.0
.6502,1,0.0
.customrules-6502,1,0.0
.aducrf101,1,0.0
.at91sam7s,1,0.0
.sdcard,1,0.0
.stm32f103,1,0.0
.stm32l152,1,0.0
.avr,1,0.0
.ieee-manager,1,0.0
.radio,1,0.0
.rf230,1,0.0
.rf230bb,1,0.0
.cc253x,1,0.0
.customrules-cc253x,1,0.0
.cc26xx-cc13xx,1,0.0
.mc1322x,1,0.0
.rrdtmpl,1,0.0
.pic32,1,0.0
.rl78,1,0.0
.ddf,1,0.0
.stm32w108,1,0.0
.x86_common,1,0.0
.x86_quarkx1000,1,0.0
.pms5003,1,0.0
.ravenusbstick,1,0.0
.apple2enh,1,0.0
.customrules-apple2enh,1,0.0
.atarixl,1,0.0
.customrules-atarixl,1,0.0
.avr-atmega128rfa1,1,0.0
.avr-raven,1,0.0
.avr-ravenlcd,1,0.0
.avr-ravenusb,1,0.0
.avr-rcb,1,0.0
.avr-rss2,1,0.0
.avr-zigbit,1,0.0
.c128,1,0.0
.customrules-c128,1,0.0
.c64,1,0.0
.customrules-c64,1,0.0
.customrules-cc2530dk,1,0.0
.cooja-ip64,1,0.0
.customrules-cooja-ip64,1,0.0
.customrules-cooja,1,0.0
.flash,1,0.0
.econotag,1,0.0
.ev-aducrf101mkxz,1,0.0
.eval-adf7xxxmb4z,1,0.0
.customrules-galileo,1,0.0
.galileo,1,0.0
.mbxxx,1,0.0
.mib510,1,0.0
.micaz,1,0.0
.minimal-net,1,0.0
.nrf52dk,1,0.0
.seedeye,1,0.0
.srf06-cc26xx,1,0.0
.ids01a4,1,0.0
.ids01a5,1,0.0
.iks01a1,1,0.0
.stm32nucleo-spirit1,1,0.0
.stm32test,1,0.0
.customrules-win32,1,0.0
.fails,1,0.0
.dsk,1,0.0
.firmware,1,0.0
.raven,1,0.0
.s37,1,0.0
.home,1,0.0
.ancestrymapgeno,1,0.0
.eigenstratgeno,1,0.0
.packedancestrymapgeno,1,0.0
.pedind,1,0.0
.pedsnp,1,0.0
.ancestrymap,1,0.0
.packedped,1,0.0
.samuela,1,0.0
.bu,1,0.0
.ckp~,1,0.0
.sthash,1,0.0
.stidx,1,0.0
.kraken_report,1,0.0
.txt_582ko-602kowt,1,0.0
.xml_not_working,1,0.0
.jxl,1,0.0
.qoi,1,0.0
.sh_serial,1,0.0
.forces,1,0.0
.trajectories,1,0.0
.sample_out_bootstrap,1,0.0
.sample_out_no_bootstrap,1,0.0
.sampleoutput,1,0.0
.sample_output,1,0.0
.pylardcfg,1,0.0
.cxx_,1,0.0
.desk,1,0.0
.knar,1,0.0
.devmaster,1,0.0
.ham,1,0.0
.pl_old,1,0.0
.model0,1,0.0
.model2,1,0.0
.dbest,1,0.0
.tfl,1,0.0
.dat13,1,0.0
.dat322,1,0.0
.dat330,1,0.0
.couplings,1,0.0
.c172p,1,0.0
.c172r,1,0.0
.c182,1,0.0
.c310,1,0.0
.datasourceregister,1,0.0
.nyoci,1,0.0
.out-old,1,0.0
.pvk,1,0.0
.3ss,1,0.0
.3utr,1,0.0
.5ss,1,0.0
.5utr,1,0.0
.exon,1,0.0
.intron,1,0.0
.hbd5pznvfw,1,0.0
.oxkjfz2zun,1,0.0
.wnogqkleql,1,0.0
.f41st15jh3,1,0.0
.ppmfqz14fd,1,0.0
.rkk43jnqrh,1,0.0
.gubwzwmyus,1,0.0
.dihqtvq33a,1,0.0
.fyxw3mvrw0,1,0.0
.vitn455ym5,1,0.0
.hshz8jeq27,1,0.0
.8hb54knaeb,1,0.0
.6hffbjzkx3,1,0.0
.6ayuqoaqwk,1,0.0
.1clxryvnj3,1,0.0
.dk2cqubbbt,1,0.0
.ffmp82i0wg,1,0.0
.9cgse7f6f1,1,0.0
.rbiykohzmc,1,0.0
.ybtg8x4hie,1,0.0
.bqozijvn9g,1,0.0
.3clw3lfhqz,1,0.0
.lkrcpwunqm,1,0.0
.w7e92jtizw,1,0.0
.qsbikxm8uj,1,0.0
.xv6faqq2ne,1,0.0
.0smsnx0tz3,1,0.0
.ej76ksn2se,1,0.0
.dqjdri7gck,1,0.0
.e1vvi9prd6,1,0.0
.nqvuxijf4o,1,0.0
.jca6qsr5et,1,0.0
.h38xwdo8co,1,0.0
.vi39o2tzcn,1,0.0
.oeh9a2pcie,1,0.0
.9pomdcpr44,1,0.0
.cok7l6acth,1,0.0
.dwvoujj1zb,1,0.0
.dypv3phurk,1,0.0
.ltopw7y5ml,1,0.0
.tmaczorrjm,1,0.0
.srdju6fa0f,1,0.0
.0xipfwpoz7,1,0.0
.8teaivbadn,1,0.0
.57zliiyeab,1,0.0
.2e941cbsf6,1,0.0
.yb9qlxvhvf,1,0.0
.f5tqrciju0,1,0.0
.6le6rzv0ml,1,0.0
.pjvin6sfif,1,0.0
.oesuyoxcwm,1,0.0
.mt9zsl73dm,1,0.0
.lexwmbecby,1,0.0
.gruz8b1yk7,1,0.0
.pggzg6mlmi,1,0.0
.7w205rc4t2,1,0.0
.osx0gmiy4z,1,0.0
.uldidatwfm,1,0.0
.ftv5rg06uz,1,0.0
.rh5uaxgxw0,1,0.0
.on6daziqf2,1,0.0
.pkbvxidcdy,1,0.0
.oqjvzpykkb,1,0.0
.4i460rykof,1,0.0
.frbsbpsqkp,1,0.0
.3wta0kzj5e,1,0.0
.kzbh4q5t0m,1,0.0
.clv0dyg9si,1,0.0
.gqmrz6zlgo,1,0.0
.bsadineaes,1,0.0
.kpmijnviy3,1,0.0
.utz9sieosz,1,0.0
.uvpndwvuf6,1,0.0
.ikvfhswlqu,1,0.0
.5clvflfgqt,1,0.0
.rxo64hn04r,1,0.0
.dmrdpba29y,1,0.0
.xfzayukcsp,1,0.0
.nca3uouq7p,1,0.0
.dlewnjsvih,1,0.0
.rdbek8tqtk,1,0.0
.alhykodcy3,1,0.0
.hbifd4muzv,1,0.0
.ufysyng0wq,1,0.0
.iuqdjn5rip,1,0.0
.4nvgrdts7b,1,0.0
.kjskuujwhc,1,0.0
.zogpyxswzu,1,0.0
.vhnpbnn10e,1,0.0
.xjdwzzrzry,1,0.0
.cgijuut6hl,1,0.0
.hxepxnwocm,1,0.0
.ltpk63yiui,1,0.0
.zy2pecvvko,1,0.0
.bljlvxt21b,1,0.0
.jqczx6bdzm,1,0.0
.prxcqpw2wq,1,0.0
.fiqruy2dhs,1,0.0
.sbrqefl0nk,1,0.0
.jqp1rzuolo,1,0.0
.xcbbbwa60p,1,0.0
.wm36peo24m,1,0.0
.ftdogxbous,1,0.0
.nxfqxpbhp8,1,0.0
.iwgi9y9cfo,1,0.0
.v06e7qtfcy,1,0.0
.b20gqdvdpz,1,0.0
.snedrzejz0,1,0.0
.vnkovtnbgm,1,0.0
.amel5urg13,1,0.0
.kmqott3ski,1,0.0
.xtahs8c6rl,1,0.0
.guxhxmy3en,1,0.0
.4ewtumf6sm,1,0.0
.lgittre8l2,1,0.0
.g7ycierfar,1,0.0
.9lxoruhcit,1,0.0
.mbfmpogk4a,1,0.0
.7awqfrldsm,1,0.0
.urnk4zedty,1,0.0
.moxu3ogho2,1,0.0
.8jxjmdgbjf,1,0.0
.hfpkhtcw69,1,0.0
.ghgj8fqkeh,1,0.0
.rym8vga6pk,1,0.0
.axkckeyptb,1,0.0
.9bprzhbq7i,1,0.0
.odkpe0qyk1,1,0.0
.5alaek46fg,1,0.0
.8cm9qqddzc,1,0.0
.ztostxqdjb,1,0.0
.2rgqtiodxn,1,0.0
.rzh3drfykq,1,0.0
.zntkrketvj,1,0.0
.b8ish52dna,1,0.0
.utbzoihihy,1,0.0
.hpuvn9j8vj,1,0.0
.forjhatdpn,1,0.0
.wuqgcxnyrb,1,0.0
.t9bpcqg7fk,1,0.0
.7bhaajmdyz,1,0.0
.yerme9j98m,1,0.0
.knvg7xbjkq,1,0.0
.mmi5i63l6p,1,0.0
.lrxzsjakd7,1,0.0
.b5211nd790,1,0.0
.cu3rmgxg3m,1,0.0
.j9mekdm4yy,1,0.0
.nnpzse8ewx,1,0.0
.hpfq75kohw,1,0.0
.ouotoub36p,1,0.0
.lxqpj7waoc,1,0.0
.r789jtiy7p,1,0.0
.swhsroub7n,1,0.0
.p7ppp7fqsq,1,0.0
.g2l8r102yv,1,0.0
.9nibb9fgxk,1,0.0
.2iym9svmvq,1,0.0
.ulsg7cea8d,1,0.0
.oy0pcglztj,1,0.0
.b7j4porb4v,1,0.0
.zesvh1t0up,1,0.0
.nv6tjgxps0,1,0.0
.oznmhcfpqw,1,0.0
.ubjhwovz3a,1,0.0
.ibgdw0w2gw,1,0.0
.bz0f5j1oqr,1,0.0
.l7m1vfatpo,1,0.0
.w26aqk1g1f,1,0.0
.wdl40qos1j,1,0.0
.oofpaxzcxp,1,0.0
.sxmub4w36j,1,0.0
.7pm7yrhdz5,1,0.0
.ade5sdcnm8,1,0.0
.zpbvmmuqgu,1,0.0
.pf9zqewifr,1,0.0
.ukuok17dff,1,0.0
.gxmo2wwjlr,1,0.0
.kgcc4e9rng,1,0.0
.4vs531p8ad,1,0.0
.gfjgzvjbuy,1,0.0
.bwebtdewhd,1,0.0
.kiszwkblqb,1,0.0
.nafnyzonsb,1,0.0
.a8c3cl2dq8,1,0.0
.uugbabau8s,1,0.0
.isityqyth9,1,0.0
.gmerfdsiy5,1,0.0
.3sxz0iedgf,1,0.0
.xkilorrgjm,1,0.0
.b1nmg0m9or,1,0.0
.cqcfzguubd,1,0.0
.ak6l0oflu7,1,0.0
.gbu5dgqp6r,1,0.0
.jyzqlm2laz,1,0.0
.9jn0cfqgra,1,0.0
.ksimmze6fj,1,0.0
.hmbleezvyu,1,0.0
.u6ckbgxpfe,1,0.0
.u0wkdigcie,1,0.0
.xc3kij6w3g,1,0.0
.b095yj37xb,1,0.0
.qwzbywo0so,1,0.0
.2z1iy2pn9c,1,0.0
.itzw9lhewp,1,0.0
.cbxbzhyr54,1,0.0
.gfxx1kj0qh,1,0.0
.grxzbzeejb,1,0.0
.q5bkvn7nhb,1,0.0
.3xiorcsmf2,1,0.0
.jo6rrbw8zb,1,0.0
.m59grp1oay,1,0.0
.lcbftssl9b,1,0.0
.xiyevuoxmu,1,0.0
.ufgfkpxhin,1,0.0
.hsgxxvpxva,1,0.0
.okzurnkgyy,1,0.0
.7zkk5zse7k,1,0.0
.fh1y0ilxve,1,0.0
.88zjifwqsg,1,0.0
.ziklkkwgmx,1,0.0
.y782vq4ugs,1,0.0
.te2ldt2ehc,1,0.0
.comxnsjt1v,1,0.0
.rqcpqk2b5b,1,0.0
.1bmd72e8eq,1,0.0
.xrwwbej7we,1,0.0
.t55duot4iq,1,0.0
.fjkryvdnxf,1,0.0
.gdwqi367un,1,0.0
.msobksvhj5,1,0.0
.pmkkhz8i7c,1,0.0
.elud3mhig5,1,0.0
.bjcajrwxde,1,0.0
.pugtwtxrej,1,0.0
.6rd17mte70,1,0.0
.edd0zpla6e,1,0.0
.ja1am9etmb,1,0.0
.mpapdhd7ej,1,0.0
.i70ynxk8yz,1,0.0
.p4rtkuxn8n,1,0.0
.8sks2nxx5a,1,0.0
.qxrasnmvje,1,0.0
.3caxuskty4,1,0.0
.96nsstr7rs,1,0.0
.9trcka54fr,1,0.0
.eqmgujahzs,1,0.0
.ftsioypxr8,1,0.0
.ha7flehygx,1,0.0
.hn8x9vnloe,1,0.0
.jxcyr2xwgo,1,0.0
.ktj9r0vmvf,1,0.0
.qqof2zt6si,1,0.0
.r8p6hkvvia,1,0.0
.ra4r1mcww5,1,0.0
.s09kbt1cpr,1,0.0
.sb40bmbu8b,1,0.0
.th2fb5pown,1,0.0
.vdocephuow,1,0.0
.vqbu1efvd6,1,0.0
.xnxgb5gtxy,1,0.0
.xqi5mpslcw,1,0.0
.yeaeg6nqjb,1,0.0
.yfrhqztzke,1,0.0
.6oscrhhesj,1,0.0
.vnghyqbbnq,1,0.0
.zwm0zhuzzt,1,0.0
.qntijuzrco,1,0.0
.ctvwxousqk,1,0.0
.suik7ffn0m,1,0.0
.gqbntckgco,1,0.0
.su6n65zv7v,1,0.0
.tejgo6nkzb,1,0.0
.zahixvorjw,1,0.0
.gfgskqlhof,1,0.0
.hjepqyf2x1,1,0.0
.elv2sv6env,1,0.0
.fth5vkgaq5,1,0.0
.39a45at19s,1,0.0
.rz1zndp11w,1,0.0
.qh3dvk8cts,1,0.0
.oqrc2f2fz1,1,0.0
.q8zvtq4qn6,1,0.0
.ab07gvx8oq,1,0.0
.np94f0ripd,1,0.0
.2ff55wvwsu,1,0.0
.whurbpqymc,1,0.0
.ljdc3pqxl3,1,0.0
.lygxzzguwa,1,0.0
.sjftdjowoz,1,0.0
.bjmen1ckga,1,0.0
.n16snfbooi,1,0.0
.kf48giwxcv,1,0.0
.d4ri9dxzz8,1,0.0
.p8co0jlfoj,1,0.0
.oodloxkjky,1,0.0
.birdmiwwct,1,0.0
.qqlrtermyf,1,0.0
.817m0lwl9x,1,0.0
.ivrz06odzr,1,0.0
.vunh8lslfk,1,0.0
.zb7fx9fsud,1,0.0
.vjstdy1di9,1,0.0
.xco7ac6fhj,1,0.0
.ykrb4bmjqm,1,0.0
.dgggx2bhjs,1,0.0
.rt6xwiaw9v,1,0.0
.ttcygnsivy,1,0.0
.3rpfnoay2b,1,0.0
.jwvm9dsk5l,1,0.0
.bwgxmg1gri,1,0.0
.xcdbhhzdsb,1,0.0
.fponfp9gdo,1,0.0
.pett3wnqgz,1,0.0
.fj0ykodh5i,1,0.0
.1d02afswzg,1,0.0
.muo93xnhnz,1,0.0
.xifpmchlid,1,0.0
.066cprutnt,1,0.0
.hkpyfgwrs0,1,0.0
.jbitqkfvxz,1,0.0
.sjiy4tjzf3,1,0.0
.9bjipve3ih,1,0.0
.n95o5wj34z,1,0.0
.tdor2iehiv,1,0.0
.mn0u2ln96v,1,0.0
.xjxklhe9ca,1,0.0
.iwsb0gq0wr,1,0.0
.usgzobdxsl,1,0.0
.42owxgoo3x,1,0.0
.zsdxrqyz4h,1,0.0
.5cuvux29rp,1,0.0
.yaj4m3pwbq,1,0.0
.l0b1ufvdrg,1,0.0
.w0wzfyhyt1,1,0.0
.cjg3gbyfrg,1,0.0
.gzk3i1bix2,1,0.0
.950jcu0t0s,1,0.0
.afncxvbbng,1,0.0
.lslmddvcuh,1,0.0
.xbryfnq0iv,1,0.0
.tj9h9ctsit,1,0.0
.6glqhrec7o,1,0.0
.1fmq0jbeb5,1,0.0
.lmr99ez445,1,0.0
.ieitcyudsy,1,0.0
.zjuursden8,1,0.0
.pthanpsepl,1,0.0
.eu6ywvlciq,1,0.0
.zij4byguze,1,0.0
.bobujyvoas,1,0.0
.ljmhwpjofn,1,0.0
.ryczj1ijv0,1,0.0
.reolvs6zep,1,0.0
.gukkl2fbjc,1,0.0
.nsbrpem1lj,1,0.0
.vxssilzyxb,1,0.0
.3xd1z6tefi,1,0.0
.yykht2eug4,1,0.0
.ph93wkiqej,1,0.0
.dyf2uuswen,1,0.0
.newbpkgczc,1,0.0
.edp1hgcbvd,1,0.0
.p3t4rpj5uc,1,0.0
.ty1tbwwqyu,1,0.0
.kw14zql7cu,1,0.0
.fdpfuogqwh,1,0.0
.60lmnot13d,1,0.0
.mkqev0qrru,1,0.0
.akjr0oogsq,1,0.0
.6pycn2o2rs,1,0.0
.6dsxucjy2s,1,0.0
.w1sxewuf0c,1,0.0
.t09jetng98,1,0.0
.hfctjs82vu,1,0.0
.ypathp8l12,1,0.0
.t0wnvyveae,1,0.0
.jtvrhuzd1a,1,0.0
.rik5zmgjy6,1,0.0
.ddqweinjay,1,0.0
.fccd3rl6mh,1,0.0
.udou3pfzd5,1,0.0
.jvuhpvekcy,1,0.0
.lldsmxuxxu,1,0.0
.528ajuet2o,1,0.0
.pe7tkb7cog,1,0.0
.dr57onm5rj,1,0.0
.txo7wv6y7b,1,0.0
.ppukqbqisp,1,0.0
.eld8sgqjsx,1,0.0
.t6nrz9yulq,1,0.0
.k0t6joqczu,1,0.0
.6xxyyuijpk,1,0.0
.j0hrmofg5b,1,0.0
.horrej5vsh,1,0.0
.xnbjwdg0af,1,0.0
.jktoc0sla3,1,0.0
.fz6klhpaor,1,0.0
.xlk9cko04v,1,0.0
.xqxo4ghouz,1,0.0
.gtv1rufg7f,1,0.0
.1x8hlrvj9r,1,0.0
.xavsnnprpn,1,0.0
.myvrxbj0jp,1,0.0
.xgm5vduxvm,1,0.0
.c6z0jpccah,1,0.0
.nvc9cik8u4,1,0.0
.hezx9xl6xm,1,0.0
.dg8gjksrkn,1,0.0
.otthzefsiz,1,0.0
.2vd2ozvpwz,1,0.0
.qovf6u7eno,1,0.0
.dvunycn0ue,1,0.0
.equ8xyllmn,1,0.0
.w2mbrvgmvq,1,0.0
.k6aeco1uhf,1,0.0
.9l8frcyppd,1,0.0
.ncwitgdnfq,1,0.0
.zuso4domp2,1,0.0
.9dhevi8njr,1,0.0
.dilfjvceaw,1,0.0
.dpp46l6psh,1,0.0
.8tagq9wz5b,1,0.0
.m6yzo5kui9,1,0.0
.dibonu8qwa,1,0.0
.pojlqof6jl,1,0.0
.q6tg3rzkwl,1,0.0
.slzyqlomqf,1,0.0
.i0nghbpzub,1,0.0
.yvfpirvukl,1,0.0
.i4sk89gpzr,1,0.0
.tgubmhf8dv,1,0.0
.ive1igffki,1,0.0
.vexfnxbips,1,0.0
.sdcpouodtr,1,0.0
.fedeycphxb,1,0.0
.0w3vjuencu,1,0.0
.0mu1dxjni2,1,0.0
.uoieob9eyk,1,0.0
.ktmkod1vg4,1,0.0
.civcbgqdfs,1,0.0
.iv9iqkoqfm,1,0.0
.egeqjoivda,1,0.0
.k6rzgq2qkd,1,0.0
.mdtwbalery,1,0.0
.btkfvhzceg,1,0.0
.mdxv98lzvi,1,0.0
.egnogeozzu,1,0.0
.gdkhkwyc1k,1,0.0
.ldfrkgrmxk,1,0.0
.sjpeujnlf8,1,0.0
.scht2yul3w,1,0.0
.0r6dn2qw0x,1,0.0
.6qkkfv3ykg,1,0.0
.atfs2orrlh,1,0.0
.iuxcripf2k,1,0.0
.pvwdstzscz,1,0.0
.5qmfccavze,1,0.0
.t5l3sv3ejo,1,0.0
.jwvvbmhhbk,1,0.0
.fxomescipe,1,0.0
.uqfbvsy5hj,1,0.0
.zrpaw6864d,1,0.0
.xwzh5ghx4j,1,0.0
.mgnb2w3h3x,1,0.0
.ifirgufepn,1,0.0
.tjyoml0pmj,1,0.0
.eiud0aibrf,1,0.0
.ojks45kq07,1,0.0
.x99iftmo5a,1,0.0
.azzicsi9hg,1,0.0
.rp6jb0q6q3,1,0.0
.jlyy5ww14e,1,0.0
.9hzu67pipi,1,0.0
.mxepfgtrah,1,0.0
.xdjlokg11s,1,0.0
.hlmoi1s0cw,1,0.0
.xpzq3wfoae,1,0.0
.9sjtcmjnsr,1,0.0
.pg3cwl5kir,1,0.0
.gyuqyykzfv,1,0.0
.od1f2sa03h,1,0.0
.akozaa8hdj,1,0.0
.bk0etvbhoa,1,0.0
.7hyivqxijj,1,0.0
.cothzb90k2,1,0.0
.zlfm1tgrcx,1,0.0
.rkndzv9jsk,1,0.0
.k0wxjvv0y2,1,0.0
.yijcxw1zb1,1,0.0
.o8mv38jtyz,1,0.0
.tjqk6i7csm,1,0.0
.hcj8g5dh46,1,0.0
.5dgwzelg3q,1,0.0
.iz8ttbvgdg,1,0.0
.te2y8aqwvo,1,0.0
.obwvgfxhtn,1,0.0
.r6zfspoc93,1,0.0
.uaaocdtjz5,1,0.0
.dlmo6lpe3v,1,0.0
.mxsczhdphw,1,0.0
.kgmnit9o68,1,0.0
.l6ftqmrn9o,1,0.0
.kpl9ispnlm,1,0.0
.hew5cp69dq,1,0.0
.f0iie44vj7,1,0.0
.bgrjvjstgq,1,0.0
.lnm4jylfnx,1,0.0
.fxt2zolioq,1,0.0
.txtot9ps7c,1,0.0
.lroc9ysyqi,1,0.0
.xxzgdnhng6,1,0.0
.bhavhnclyl,1,0.0
.qjdwhjlbef,1,0.0
.tatoqfskuc,1,0.0
.jygatt3hlw,1,0.0
.hj0ags1xiv,1,0.0
.tfkiaexts0,1,0.0
.lnv5vkzleq,1,0.0
.vhe2xtojn5,1,0.0
.o8idyl9zxh,1,0.0
.2ot4z7rpvy,1,0.0
.oy0hd5o3ld,1,0.0
.jofcfedbut,1,0.0
.eiigm58qm8,1,0.0
.6ozi8uldqm,1,0.0
.3yvsyd6exx,1,0.0
.w9a0tppvqx,1,0.0
.raaq7olpqa,1,0.0
.0mtqr3rif5,1,0.0
.jmogktyilp,1,0.0
.2plbypiqxz,1,0.0
.j5skiqiwzq,1,0.0
.ai54v0j0yk,1,0.0
.iukc6u1fzv,1,0.0
.tgxg6xnwqc,1,0.0
.cpadr6bx55,1,0.0
.1hdppmwtog,1,0.0
.eki9fxpyli,1,0.0
.lkksxdweha,1,0.0
.buyba8yhat,1,0.0
.lmav5pm8pt,1,0.0
.vnvsiysysn,1,0.0
.4vw1lskruc,1,0.0
.zgbpjkiusp,1,0.0
.psaqzlo4af,1,0.0
.xxqti8axs3,1,0.0
.yk78xmmbqr,1,0.0
.9xdds6ddct,1,0.0
.t6l5tane3k,1,0.0
.wkmzko9dg7,1,0.0
.hwm5bwvrnp,1,0.0
.xiojf1tpiq,1,0.0
.af1hakf7cn,1,0.0
.hrvffv3wgr,1,0.0
.pmbajyyggg,1,0.0
.xymhtlim6m,1,0.0
.2ytcb5ab8b,1,0.0
.ue1l0db6zx,1,0.0
.adtgo9f1x5,1,0.0
.rgjjckfyp9,1,0.0
.kt3gallgyp,1,0.0
.itfjwmi5zn,1,0.0
.pfzpzhf7h0,1,0.0
.24a1lqwvqa,1,0.0
.iwnbcj8nfh,1,0.0
.dzl8wxtb6w,1,0.0
.mvus1gdebt,1,0.0
.58cxeo8tex,1,0.0
.6hzkqufrrr,1,0.0
.kelojl6fjh,1,0.0
.qukmiztxmk,1,0.0
.9jtyjputrr,1,0.0
.0yim8hncgk,1,0.0
.ll0zmaxsms,1,0.0
.znmjkdxbnb,1,0.0
.ky6tvxrxlq,1,0.0
.qtjglh4ru7,1,0.0
.5m6ckzhags,1,0.0
.ze64sygk6o,1,0.0
.bqijkoqqpj,1,0.0
.jxyjxdubnd,1,0.0
.t2ntmtvsvo,1,0.0
.ecrokejdw5,1,0.0
.q4ljwfcvbi,1,0.0
.uka10g7brg,1,0.0
.14ytqywiwa,1,0.0
.pyxqsjqgqc,1,0.0
.5ajc3czz9h,1,0.0
.9jzyr2z81d,1,0.0
.6k8mensh7d,1,0.0
.vtdpfdreim,1,0.0
.wotl7xvdys,1,0.0
.b1rve0plx8,1,0.0
.q2omhdsyce,1,0.0
.kbrgx2ewhz,1,0.0
.iqrqpznijp,1,0.0
.bo9qvhusrt,1,0.0
.iq4pzaypzv,1,0.0
.jj0hgcmrp8,1,0.0
.nqexfjsiqs,1,0.0
.nxkg2w6ytd,1,0.0
.urapvmolyi,1,0.0
.wflebt27lz,1,0.0
.wq7eb9lt8o,1,0.0
.4etvi6leeg,1,0.0
.7hqr2qy5md,1,0.0
.ac2ouvniza,1,0.0
.ewy30y36pl,1,0.0
.h0xgi33tdo,1,0.0
.vufuswghli,1,0.0
.xaoltxy6d2,1,0.0
.rawhfsrabj,1,0.0
.nnfcijpdka,1,0.0
.fwlnbwumpm,1,0.0
.awbsa8hew2,1,0.0
.ktdj9ez74s,1,0.0
.fdguj6jkne,1,0.0
.sitipmnt8a,1,0.0
.zppgdtixep,1,0.0
.fig7j2ix2f,1,0.0
.e4um5iretq,1,0.0
.u9psjb2lzb,1,0.0
.1rckscejca,1,0.0
.6nq5sdtlxg,1,0.0
.gefjucr8tb,1,0.0
.gfgntqrnsj,1,0.0
.jdylb68hd2,1,0.0
.pewugm5544,1,0.0
.x2cyy7jnwd,1,0.0
.xtdfq3tjxw,1,0.0
.i4q7ne9uuw,1,0.0
.kzxujztg46,1,0.0
.qrpwlkclgo,1,0.0
.h49qkzadkt,1,0.0
.fopodlssov,1,0.0
.xogpouiczr,1,0.0
.vexc29zkva,1,0.0
.n9bp6msxgp,1,0.0
.abfl3r2z1p,1,0.0
.eq45g469zf,1,0.0
.95fdzz283s,1,0.0
.lwr7n6wnkc,1,0.0
.2lbvs6u6fm,1,0.0
.zfs78munpr,1,0.0
.3vms8ijc9p,1,0.0
.whxq5gszgd,1,0.0
.fy74rqisj3,1,0.0
.mew2x6akyw,1,0.0
.rlmf6kxrq9,1,0.0
.xit1zets6s,1,0.0
.3d0e1cscvn,1,0.0
.x6yfvo2has,1,0.0
.xuwezlg2bl,1,0.0
.53hpn4hsij,1,0.0
.df6ydxn5nd,1,0.0
.uewtwqsi7c,1,0.0
.rruuoqcmfd,1,0.0
.yziuydupfc,1,0.0
.evduoprour,1,0.0
.xzutzjruo0,1,0.0
.tzlv0r627v,1,0.0
.fnl6g1tvxr,1,0.0
.mzslnujf8g,1,0.0
.wkanxqvtoj,1,0.0
.7e49x0l3va,1,0.0
.wxbbfvbaly,1,0.0
.qwxlfd3bmb,1,0.0
.zuny2zessg,1,0.0
.rpochlvkhw,1,0.0
.nwbbeqirzy,1,0.0
.0j6z4edskx,1,0.0
.py6jji9dnv,1,0.0
.gklfrsvmcx,1,0.0
.b85w6usgjc,1,0.0
.bm65lwwc4i,1,0.0
.3brnrc9x62,1,0.0
.myz5jfq1zq,1,0.0
.fagbjzdgs6,1,0.0
.11dy0ggkqg,1,0.0
.ieqxwahdoh,1,0.0
.adiwku1rcm,1,0.0
.swd14mijnw,1,0.0
.cmmmuxar3o,1,0.0
.lipdhtd0c1,1,0.0
.w0lxsnciyx,1,0.0
.pjfp1pi88u,1,0.0
.ysw3toybhd,1,0.0
.bopdfisay5,1,0.0
.okj7503hz6,1,0.0
.hjp99krvfs,1,0.0
.jrgyfpvkzc,1,0.0
.meotxme0ws,1,0.0
.mpc9wufpef,1,0.0
.srncx0hy4u,1,0.0
.uzqdteexne,1,0.0
.vxkfkxroka,1,0.0
.zibqxkjduo,1,0.0
.s0cc3ur4yy,1,0.0
.5dr9twh1vy,1,0.0
.pffreddqri,1,0.0
.inrjeiihe6,1,0.0
.05nbclw0be,1,0.0
.7ddbqqkujt,1,0.0
.pqhsw7g5rn,1,0.0
.iwbze1ypii,1,0.0
.5aibltni6s,1,0.0
.ylnf032tjw,1,0.0
.tpxwyah20v,1,0.0
.0w0ont9hx4,1,0.0
.wxps0itzwt,1,0.0
.vpfzdumymu,1,0.0
.3ve6im8cp5,1,0.0
.pymnte740z,1,0.0
.runuv6iib2,1,0.0
.zkya4xkm4h,1,0.0
.b4yr29o9bh,1,0.0
.qantzee1vt,1,0.0
.fhohzwhefz,1,0.0
.venkjpgn0v,1,0.0
.dzagyun3yg,1,0.0
.8i8tznltxx,1,0.0
.dhedm7tpqr,1,0.0
.j3vbzohi7d,1,0.0
.vb9lctkbep,1,0.0
.z1iokytwju,1,0.0
.ydh2gcco4f,1,0.0
.kje2s5bg5d,1,0.0
.jtuhu9rusk,1,0.0
.7kntmpkpdu,1,0.0
.c67e9oxlju,1,0.0
.xmoqsqikqk,1,0.0
.v6bpe9ycai,1,0.0
.ntf7otllpm,1,0.0
.vkybf866s8,1,0.0
.sv6efvw3ze,1,0.0
.1aads1czwi,1,0.0
.5d8b3k96tr,1,0.0
.2rziaw3vw3,1,0.0
.p9vtowta4i,1,0.0
.t2x90768fe,1,0.0
.n0ljscapl9,1,0.0
.d0ihzwinga,1,0.0
.5a6ffivf1k,1,0.0
.y1wxzkubjo,1,0.0
.himwlr7r7j,1,0.0
.lt2b7eqbfz,1,0.0
.ddws438ea6,1,0.0
.argtf75x6a,1,0.0
.ppxccope3l,1,0.0
.idazbvaoxl,1,0.0
.khyymycuwj,1,0.0
.7dbpbozbcv,1,0.0
.wybxmn2asm,1,0.0
.1ax42w8noz,1,0.0
.ojim22pdv5,1,0.0
.tjrjgitjle,1,0.0
.24wtuqa00p,1,0.0
.riw4cqc7gf,1,0.0
.einbwuowzb,1,0.0
.hxgmzhkt4d,1,0.0
.b2rmv181cr,1,0.0
.e4xfqzwdsp,1,0.0
.flmdlpw5bi,1,0.0
.tijonirbyg,1,0.0
.pbfjq4yyzo,1,0.0
.lxcvsuope0,1,0.0
.7mape92ids,1,0.0
.p4d1nzdcxq,1,0.0
.34b5ewy0nk,1,0.0
.7rgafnci33,1,0.0
.bc5r1mgqu7,1,0.0
.cjxwl9fa8x,1,0.0
.ghefrg01x9,1,0.0
.d7grppdvjx,1,0.0
.bp4yxn0aw0,1,0.0
.rnstmktaxd,1,0.0
.kuchvryczl,1,0.0
.vbjtw7neth,1,0.0
.j2bkycbwcp,1,0.0
.4tpfpsr0pg,1,0.0
.agrqsdwbyo,1,0.0
.revib4diay,1,0.0
.8kwmi3eorr,1,0.0
.kh9le058pz,1,0.0
.jm1bxmfdxs,1,0.0
.8tepxityaq,1,0.0
.q6krsztzwp,1,0.0
.cl58mja1dg,1,0.0
.h1qywnirh1,1,0.0
.vbq6ty9aaw,1,0.0
.wllnhgim9q,1,0.0
.9s0enxomvd,1,0.0
.inuqdejhj6,1,0.0
.g0bqaygilw,1,0.0
.oci10dcvus,1,0.0
.ouenlu421x,1,0.0
.gi0f3omrwo,1,0.0
.zpld1ikxpt,1,0.0
.f3goo6zync,1,0.0
.nhixfdmf7f,1,0.0
.esbe7ze2ns,1,0.0
.legpvmw3sd,1,0.0
.mwaaxq7die,1,0.0
.knkcyb3ah8,1,0.0
.b08aukfj2t,1,0.0
.ryvxhcvvdn,1,0.0
.j47voh4vjo,1,0.0
.ex3pzwkncs,1,0.0
.ktncd43xmr,1,0.0
.grqu8ll3cs,1,0.0
.oowmfgah5r,1,0.0
.1vu6hcytsp,1,0.0
.8nsldvd7zl,1,0.0
.cgi4kua6vj,1,0.0
.jmanukmaks,1,0.0
.jywx8y6pcg,1,0.0
.uhsjn2fqcr,1,0.0
.iweij9lsao,1,0.0
.6g9gypfhlw,1,0.0
.pueglnsde4,1,0.0
.syk994gxov,1,0.0
.i5fyii9ejv,1,0.0
.ujaxd3mdqt,1,0.0
.jgjdfttxi9,1,0.0
.hnt1b54x2h,1,0.0
.e9fxalsmlo,1,0.0
.tjknilycix,1,0.0
.xtleidt0sh,1,0.0
.e7tprasxzj,1,0.0
.qyq1eijzxi,1,0.0
.7vwbp4b05t,1,0.0
.vian8cvg3z,1,0.0
.gsqnqmmqfd,1,0.0
.rw5uegoqzm,1,0.0
.taz77kxyha,1,0.0
.ugjm8bmkrz,1,0.0
.uzuxyunltc,1,0.0
.o0tt7zqcsy,1,0.0
.icnxnucpsy,1,0.0
.cgsyrtoj9c,1,0.0
.grlgwigudb,1,0.0
.7rheek4chk,1,0.0
.visenn98an,1,0.0
.xtljwhq7ms,1,0.0
.r3u71tuert,1,0.0
.zd9ezyjtxs,1,0.0
.0wkwwgd4vj,1,0.0
.wrtmehok7n,1,0.0
.d5wediyj38,1,0.0
.rghygawwbg,1,0.0
.mfyui9uv5d,1,0.0
.keqcmo4xnk,1,0.0
.cehjmgcnie,1,0.0
.gcl35qu2xi,1,0.0
.gefd4pjhd5,1,0.0
.di5wts1hej,1,0.0
.fceafzxhud,1,0.0
.q2haljwd4n,1,0.0
.i8tlcwhjkg,1,0.0
.i3aaxshq3y,1,0.0
.m6njgbhv6x,1,0.0
.aibiw9eub2,1,0.0
.t1z7gsksks,1,0.0
.xmalzixlyt,1,0.0
.zsbyaheoi6,1,0.0
.tnyqg079im,1,0.0
.s3rvpov6ij,1,0.0
.cfcawadrzx,1,0.0
.evclzil06g,1,0.0
.yi3fddkhxi,1,0.0
.coumomckpi,1,0.0
.jrlvrxxoib,1,0.0
.onalejhjd0,1,0.0
.tznbybdtsz,1,0.0
.dw7eaaky0b,1,0.0
.7dhgf3w6o7,1,0.0
.rvqvri0c6a,1,0.0
.em1strjyt7,1,0.0
.o4d2wbp8yc,1,0.0
.lfsmymyyzy,1,0.0
.p6obi3hovo,1,0.0
.gn2orb1jwl,1,0.0
.ayybzlpcrv,1,0.0
.kpsiupg0up,1,0.0
.l2bj1mlhz4,1,0.0
.lndif8hxft,1,0.0
.r6gdy75adz,1,0.0
.omivzg7zgd,1,0.0
.253kdbrhdd,1,0.0
.4woui3fumm,1,0.0
.0zdeogl086,1,0.0
.o4ubvt7qnh,1,0.0
.tlnvmt8fmj,1,0.0
.ax9bwavzpq,1,0.0
.99wbw1w3cd,1,0.0
.ldwlntxtbd,1,0.0
.5aaz0pxqqh,1,0.0
.hx6b0id0bs,1,0.0
.cakqbuz00x,1,0.0
.bwbnymf3xu,1,0.0
.5xuqajm64h,1,0.0
.6fikuk6vwh,1,0.0
.actdujf1w9,1,0.0
.apdfrzbs5o,1,0.0
.bbni8q1gjd,1,0.0
.cdjicaejkz,1,0.0
.ch2hotqhns,1,0.0
.clbu6y1vwm,1,0.0
.evfkdvbm3g,1,0.0
.gceaok4e1n,1,0.0
.hfzvuzel2q,1,0.0
.igwu24sjco,1,0.0
.jjtidhm4ji,1,0.0
.l7vx4t7gfe,1,0.0
.mkbteszvlb,1,0.0
.ptkttwq9od,1,0.0
.q3lrcffw8o,1,0.0
.rv9fp3uvkg,1,0.0
.tb157vjyoy,1,0.0
.v9bzmm9okd,1,0.0
.vyfpkedqdu,1,0.0
.wcw4m1tqpk,1,0.0
.xcxokzgsoj,1,0.0
.y3vhav25if,1,0.0
.yemmrgf3za,1,0.0
.iw6dtxi2x1,1,0.0
.s0jgx9lpkg,1,0.0
.gxdktze0mb,1,0.0
.twm3lslgw4,1,0.0
.rrlwyqntxb,1,0.0
.pwckffumhf,1,0.0
.au8teris3f,1,0.0
.beo2bzemba,1,0.0
.aqzmtx5sgz,1,0.0
.xfenws3tys,1,0.0
.wo4a1sce82,1,0.0
.wokpaq0erd,1,0.0
.ghoygukn5r,1,0.0
.6y0ycvpd5o,1,0.0
.tbmymrsyho,1,0.0
.qwahlq9pgv,1,0.0
.0sjdb4ulpk,1,0.0
.fbwvbxm6wo,1,0.0
.r2jkjev1yd,1,0.0
.vwnwifbdno,1,0.0
.ulx4ffukgm,1,0.0
.8tnqeayyiz,1,0.0
.loqi4grfps,1,0.0
.mj7xumm7uw,1,0.0
.jupwok9jet,1,0.0
.bbmhjpf1ca,1,0.0
.vxldv11zbq,1,0.0
.t8zglc9npp,1,0.0
.zkutzazgrs,1,0.0
.q33o09idwa,1,0.0
.7kwnkadvwb,1,0.0
.kpvztgjrie,1,0.0
.wi0a84iumt,1,0.0
.dywyenp8t2,1,0.0
.fia4d2jw5u,1,0.0
.qzwj4pzhjx,1,0.0
.szciuonmmj,1,0.0
.zadur5g17x,1,0.0
.f7e8oq3nds,1,0.0
.kzgriw7gga,1,0.0
.vfzjbgmjky,1,0.0
.y7mgcysl9c,1,0.0
.30hhvwnbua,1,0.0
.eyqoj4isve,1,0.0
.58lxhxezva,1,0.0
.frl6p4fhae,1,0.0
.efpyxtxlh3,1,0.0
.xdrcgjl9oh,1,0.0
.wkebnxsewd,1,0.0
.5v1nrxkel8,1,0.0
.ijghuiq7c2,1,0.0
.hwhkuythkc,1,0.0
.ar061vvnkc,1,0.0
.dtas8kwzhk,1,0.0
.hbiah6a0yd,1,0.0
.resju46pu8,1,0.0
.u3vbflfcfx,1,0.0
.l35amlw7tv,1,0.0
.o3ioi6vwbu,1,0.0
.tjocwtu8n2,1,0.0
.77f38ddcgp,1,0.0
.x2bmyuidn4,1,0.0
.w1jkaayj3b,1,0.0
.l0hflfezxu,1,0.0
.ocjfb1jthu,1,0.0
.9zgjc0pxju,1,0.0
.yulnp3deat,1,0.0
.9sm7wizzuq,1,0.0
.s3gv3niz8s,1,0.0
.b1oyq9prfl,1,0.0
.ulqu0twpqj,1,0.0
.14fctvwa7t,1,0.0
.34nk5qlfgc,1,0.0
.fdrx7s2fwr,1,0.0
.fuf1zjufdi,1,0.0
.go4pu47ans,1,0.0
.ibp8hr8v05,1,0.0
.jg23u7etpe,1,0.0
.krgxkbee3x,1,0.0
.qvdliwz8eb,1,0.0
.spimkj7zrd,1,0.0
.w2tvlbxevt,1,0.0
.7hnpk9vyic,1,0.0
.kddxpexmhi,1,0.0
.xicybgrdeo,1,0.0
.q5gksvuxfo,1,0.0
.fdvryg9qcx,1,0.0
.fikiqzazzt,1,0.0
.i1rsmt6s7x,1,0.0
.l5n2kiauht,1,0.0
.o8ephzrhw0,1,0.0
.yvg6vwl0ks,1,0.0
.idxtljzb4q,1,0.0
.obgtavoeby,1,0.0
.elgk5sjy1o,1,0.0
.y4vgxnu3yt,1,0.0
.dqs5srvrh0,1,0.0
.mpbexpu8k2,1,0.0
.qeica7uyer,1,0.0
.skmlbzhp1g,1,0.0
.sncygxm7gb,1,0.0
.wo8ml684sk,1,0.0
.b7f5vb2hee,1,0.0
.bfuyoxt83v,1,0.0
.ocu064z4z5,1,0.0
.73f48pe8xr,1,0.0
.m5mcgmogua,1,0.0
.adutbkwna6,1,0.0
.dqjisrtltj,1,0.0
.0xcspoml5n,1,0.0
.raweich1fj,1,0.0
.iv6himuzdr,1,0.0
.bjskk1pqzd,1,0.0
.0xece6r4qn,1,0.0
.8lhliajjiq,1,0.0
.c9q529hhmo,1,0.0
.tzi8yb3xpz,1,0.0
.1jmqbeawqh,1,0.0
.wlfwwh2dnj,1,0.0
.ja2xj5jhne,1,0.0
.hubcwdj2hu,1,0.0
.uvxqedvjda,1,0.0
.yjng2mvijh,1,0.0
.ztzlzkjogx,1,0.0
.elndgpsgge,1,0.0
.azd7iqxrhe,1,0.0
.hcydbc6lvq,1,0.0
.hux3uj9nyj,1,0.0
.oo4flwnhtd,1,0.0
.uue1n0fcjf,1,0.0
.r081jxweag,1,0.0
.3hrzmcxolp,1,0.0
.jiahpco8gk,1,0.0
.sh3b8q9agd,1,0.0
.xd2kkxeusz,1,0.0
.zo0ifvcbt4,1,0.0
.zpz7k5rrnf,1,0.0
.pmjb0htbjj,1,0.0
.icxmnmhfy1,1,0.0
.2dzo1cyr9m,1,0.0
.mae1g1majy,1,0.0
.mjumh3hfll,1,0.0
.ufn7nstxis,1,0.0
.eav1blddbx,1,0.0
.jqlxnkoi13,1,0.0
.rexphbxje3,1,0.0
.rruqfxjmta,1,0.0
.vkxoxsvkdf,1,0.0
.znv5a0myo7,1,0.0
.zsvxfdhugb,1,0.0
.ledf06uz0v,1,0.0
.iguntqa2kn,1,0.0
.ubpdiktdfp,1,0.0
.3ano5potev,1,0.0
.hjijcsvypb,1,0.0
.sm1agbhrwm,1,0.0
.l0tmoloucr,1,0.0
.hqers7aihc,1,0.0
.e0wkwz8uei,1,0.0
.bbonehszfc,1,0.0
.6e5dcuuosx,1,0.0
.f5fkt1umw7,1,0.0
.satfzymp4s,1,0.0
.qwp1feqbct,1,0.0
.iu90pe4lfe,1,0.0
.nyplfoc5k2,1,0.0
.mr3olwxnob,1,0.0
.2dogyj8dck,1,0.0
.tswegxxb68,1,0.0
.cm63oxakqt,1,0.0
.gtuf0x35an,1,0.0
.5bu0czkdhy,1,0.0
.gmw2djytkg,1,0.0
.zxxc4eyzvn,1,0.0
.96cos7zjd1,1,0.0
.rz3vtvenwy,1,0.0
.ahn905hupy,1,0.0
.i5pend1cne,1,0.0
.tzmj1wmo17,1,0.0
.lcfzdlzy3o,1,0.0
.bidcme3ydk,1,0.0
.hxjkgdwxqr,1,0.0
.wm3fbsetzy,1,0.0
.feyaiw42du,1,0.0
.yphsdxv4jg,1,0.0
.koksdghhxt,1,0.0
.bjwxbyzt4m,1,0.0
.c4zqgdirpt,1,0.0
.ef2cgjfpem,1,0.0
.gysebmruvz,1,0.0
.i25vftey7b,1,0.0
.ixljf7xcre,1,0.0
.mffwhmiq5t,1,0.0
.ptyfw5mrc1,1,0.0
.refc8tny15,1,0.0
.tklkyyimrk,1,0.0
.uqtryjiyrt,1,0.0
.vpzxuak0ae,1,0.0
.xlwiierhvm,1,0.0
.leresvlu4t,1,0.0
.rlsp7eqia6,1,0.0
.pitzavqndu,1,0.0
.y3frmhjciv,1,0.0
.cvgh3uxwcu,1,0.0
.wqpgoiyksc,1,0.0
.7dfnrnrnan,1,0.0
.wpepm8ufql,1,0.0
.y1lf2giuyl,1,0.0
.fvipjliryi,1,0.0
.98d3ug4kdl,1,0.0
.uzlem9bn7p,1,0.0
.sjqk23uvbw,1,0.0
.fvnj9cze5b,1,0.0
.ijjdgxmhz8,1,0.0
.iaoypyw1po,1,0.0
.ogvdrrg935,1,0.0
.zsg8r0nrfe,1,0.0
.ynv6orplfz,1,0.0
.2qrdlql76p,1,0.0
.h1ztewcxoj,1,0.0
.irdql4pfu5,1,0.0
.jm08sgt6ck,1,0.0
.sw15it1yyf,1,0.0
.kjegzc7jr7,1,0.0
.0wlnj2caqu,1,0.0
.jqmxn45re2,1,0.0
.5z6tpy0ebu,1,0.0
.59ecebhkpj,1,0.0
.ameu8oh9v1,1,0.0
.l1qogj8led,1,0.0
.qaoalgkluk,1,0.0
.2aqnmiylqy,1,0.0
.2ad1qkg8jy,1,0.0
.lwkxr1gjhl,1,0.0
.czclsnuoaf,1,0.0
.w6qhco9n1n,1,0.0
.anriy1zskt,1,0.0
.ngk4pnq8tk,1,0.0
.0xouzai8ou,1,0.0
.g2c4hp2rhm,1,0.0
.uoklrgdx07,1,0.0
.ehclvi0uqc,1,0.0
.leqapjdnel,1,0.0
.mhkv4ds3ca,1,0.0
.v5zxfgx4bo,1,0.0
.49nd7mqisa,1,0.0
.4opyppsoyn,1,0.0
.3w2fvik1xm,1,0.0
.mkdkxvyfer,1,0.0
.psf6p2hapc,1,0.0
.wtniq3xtry,1,0.0
.6jx8asmhlk,1,0.0
.qrcyotz55y,1,0.0
.sv0lffntb6,1,0.0
.1uapmzw73b,1,0.0
.oqvvthexhq,1,0.0
.kryr9zgks3,1,0.0
.8lkl7qpng3,1,0.0
.jhccaq7aqj,1,0.0
.log3v0k9yh,1,0.0
.rap6tf4rt4,1,0.0
.jbulcgkugg,1,0.0
.leexhobr8m,1,0.0
.nkcwd1rkvs,1,0.0
.vfhbmc9kaw,1,0.0
.wulxmxqybt,1,0.0
.cidw4966vw,1,0.0
.hqsau95sud,1,0.0
.pi3ji9dc4h,1,0.0
.ukwnsprs8n,1,0.0
.prtwyvtxh1,1,0.0
.rrimhfqkoj,1,0.0
.cbedybq7xz,1,0.0
.i2cy3yfoj1,1,0.0
.wrpl1lp6yh,1,0.0
.y7kavav9pj,1,0.0
.qp4nphgkxi,1,0.0
.lzdpz6nssu,1,0.0
.opnhog1hr6,1,0.0
.urhq2dhzwm,1,0.0
.gvmbbpnvnm,1,0.0
.xhmyaaocpn,1,0.0
.fnoh1ixv7i,1,0.0
.hy6dmse3dl,1,0.0
.deoegfkysm,1,0.0
.zrnnstow1m,1,0.0
.blhjgpslbv,1,0.0
.3kj0bf1kim,1,0.0
.gwr0g6m1ih,1,0.0
.hbvn7rubzo,1,0.0
.ikjotor8yj,1,0.0
.mcackmbiu4,1,0.0
.w3lwlj7wft,1,0.0
.whpuc5mdqj,1,0.0
.xloawwfzwu,1,0.0
.xzndd712dz,1,0.0
.yhvvkbtagr,1,0.0
.zi7dhbaxxe,1,0.0
.43so8nsdtm,1,0.0
.bbtv4shqyi,1,0.0
.bszoizraj0,1,0.0
.adwvkumqcd,1,0.0
.b4eqilr717,1,0.0
.urytldwrhq,1,0.0
.ov7zv10igr,1,0.0
.de7midtnhf,1,0.0
.iofhbpbv5k,1,0.0
.wyi0vo7ubl,1,0.0
.jbgxlurps3,1,0.0
.mwwdktwfcn,1,0.0
.7lbbqzm2pp,1,0.0
.a4efv0zi1e,1,0.0
.kyuurgbbw6,1,0.0
.nuq6ln5ugc,1,0.0
.vwamijs37j,1,0.0
.fqhxzagwli,1,0.0
.iw57pnvqrc,1,0.0
.b3tqewnvqy,1,0.0
.kgxpavvlar,1,0.0
.pdfnkql6it,1,0.0
.97wrbvheng,1,0.0
.enttpa0v3w,1,0.0
.ifdlscepsm,1,0.0
.mlz6wxhwon,1,0.0
.ndnnqia18g,1,0.0
.rnusrgg5p9,1,0.0
.6wp7mgshbu,1,0.0
.ldmzq3i7dp,1,0.0
.h7bsfo8kkw,1,0.0
.jxrdmqiz7s,1,0.0
.rqj6qrukru,1,0.0
.xkryvtu4r9,1,0.0
.vijrgludtr,1,0.0
.ayiwdhtjtm,1,0.0
.llwk2q6agz,1,0.0
.ki80xemwsc,1,0.0
.9e52okpgye,1,0.0
.feyvoscom7,1,0.0
.v9q9q6g5a4,1,0.0
.lkydhcvj0h,1,0.0
.8om4x9yrcw,1,0.0
.gsorxlzygo,1,0.0
.r9ynrdeftw,1,0.0
.sz0klvmgtq,1,0.0
.tmuqadjwan,1,0.0
.l1auapp4wo,1,0.0
.7hiukxhffm,1,0.0
.aup0tvyeqx,1,0.0
.8qskxfszow,1,0.0
.pljxhqynqf,1,0.0
.3cd7k5yjjg,1,0.0
.h48mj7bsql,1,0.0
.shbujnhm47,1,0.0
.nmdruvvpeq,1,0.0
.rhjkvnywyl,1,0.0
.ueaxmipzqc,1,0.0
.vqmujlsywc,1,0.0
.sfwqtwkbnl,1,0.0
.telgnge40z,1,0.0
.normsk38zu,1,0.0
.wp6unftdx1,1,0.0
.zkfpgqio50,1,0.0
.ctvsqegqyh,1,0.0
.w7zddbtgfj,1,0.0
.zeiydhkn2n,1,0.0
.mygphczr5o,1,0.0
.quhn9clhql,1,0.0
.gnlxthckbk,1,0.0
.j52uzbtmpl,1,0.0
.qg0f9qmm29,1,0.0
.6mn2m3ta5o,1,0.0
.6x3y84cyns,1,0.0
.noac6ungd3,1,0.0
.rgestnsurd,1,0.0
.l0hiz5bpf3,1,0.0
.pgodsqiqqc,1,0.0
.jzpgjolafs,1,0.0
.mhbcalcp69,1,0.0
.2x0bhfl1u6,1,0.0
.ewv7ymgumu,1,0.0
.c9zz4h7awu,1,0.0
.4vif9gjsec,1,0.0
.slrutz6jah,1,0.0
.6danyqxum6,1,0.0
.ba4ypbou6o,1,0.0
.fgmolabe2g,1,0.0
.b9vyuuzhya,1,0.0
.6pwpl6bmsg,1,0.0
.frszwk2pte,1,0.0
.z0qh0tndy2,1,0.0
.niowu93ht5,1,0.0
.uhodquppsz,1,0.0
.17e1sqvet8,1,0.0
.6psdq3qol7,1,0.0
.sd0jskmqjc,1,0.0
.cawvjz2hjc,1,0.0
.glw7bqtome,1,0.0
.b65hv5uvb7,1,0.0
.pqgopw0f01,1,0.0
.rnkvp1xf7h,1,0.0
.2wrgff9vzo,1,0.0
.i54jj9b7cf,1,0.0
.qq5n8xoa4n,1,0.0
.laqfdhr2zw,1,0.0
.3mc9blmepc,1,0.0
.irsfauldw9,1,0.0
.3rwe1eatf2,1,0.0
.qfqsxbyi0r,1,0.0
.rnodjagcmz,1,0.0
.hn4nyuwpec,1,0.0
.eysr18nx8r,1,0.0
.baexyqdztm,1,0.0
.jm0xpur4mc,1,0.0
.fv5pvzvqtz,1,0.0
.2yw06vt1by,1,0.0
.jp9l3tbxdh,1,0.0
.kpibpwerw6,1,0.0
.lyijuxseeq,1,0.0
.ruduftymbn,1,0.0
.x3kvgthiqs,1,0.0
.xu2a9siqsd,1,0.0
.r1zr5ztxfd,1,0.0
.xbmgbufsvr,1,0.0
.wjrnwmwiwh,1,0.0
.hramlnshlz,1,0.0
.iibvdltyw5,1,0.0
.j4spbpigfh,1,0.0
.f8bhrdgo9i,1,0.0
.3elo7k0p6s,1,0.0
.c2jrda9awt,1,0.0
.wlalss0vhk,1,0.0
.ti0czpmcgh,1,0.0
.azmw6shwlf,1,0.0
.iqzuo2g200,1,0.0
.tejvbzd2o5,1,0.0
.wilkxc5uz8,1,0.0
.t07whywjs9,1,0.0
.5aiguvwrao,1,0.0
.aflmo2sdyf,1,0.0
.cco168nt8w,1,0.0
.hprw8myvks,1,0.0
.sgumvs4y3i,1,0.0
.ba9q4maut9,1,0.0
.95vbzi5sja,1,0.0
.bclkwucpbg,1,0.0
.h01f8y6jcv,1,0.0
.ntvq0wlydj,1,0.0
.m5fi4wkatq,1,0.0
.clseb0mjyp,1,0.0
.yz6hnjunga,1,0.0
.timiesbn80,1,0.0
.bzmt5opjjj,1,0.0
.pcqcgirdhi,1,0.0
.l3jwjcc9dq,1,0.0
.s8zugdolxq,1,0.0
.lzblyisqdo,1,0.0
.sal2uqocaa,1,0.0
.ibaoyy0mqe,1,0.0
.9sduz9xedn,1,0.0
.evkqfjxamb,1,0.0
.vbp3elpvzd,1,0.0
.hjpeyctmcz,1,0.0
.og91rjb5mh,1,0.0
.xzixim7aa2,1,0.0
.ya180omlue,1,0.0
.f2nlucfbty,1,0.0
.ysceiilmiz,1,0.0
.khcd1ffwqg,1,0.0
.cykvvnncdy,1,0.0
.gio0htwxfe,1,0.0
.5jctq7r7vv,1,0.0
.yqiraabjwo,1,0.0
.zvr7srhygb,1,0.0
.dku1ze5jvh,1,0.0
.4rajyhaixm,1,0.0
.ev134dnd69,1,0.0
.2u8l3nvrmr,1,0.0
.0lsyjsjbr2,1,0.0
.xru66ipixi,1,0.0
.oilemimgt3,1,0.0
.kqu1gmy17q,1,0.0
.uopabbakto,1,0.0
.jfom9dxamh,1,0.0
.fziem7y2ke,1,0.0
.5nkzsloyw8,1,0.0
.mhrsmosb2h,1,0.0
.7fentcbdxz,1,0.0
.bdytscjsvi,1,0.0
.clulcvdvzu,1,0.0
.xhiplup6ku,1,0.0
.4xzwtbtosn,1,0.0
.r9ld8grj0s,1,0.0
.dd3kx5bfic,1,0.0
.doww5qpyus,1,0.0
.4rvh2t3qgs,1,0.0
.g7uxlbhznf,1,0.0
.bjrfericzm,1,0.0
.mpbtjnerq3,1,0.0
.flv1jt9dk2,1,0.0
.juasrpkk2n,1,0.0
.rzcg5qgcxd,1,0.0
.sd0oeflyu9,1,0.0
.u0ibrpraih,1,0.0
.w1sqgit5gr,1,0.0
.yvmbnzenbx,1,0.0
.m1il6maogt,1,0.0
.n7q4ic8wgv,1,0.0
.xprchsy6ff,1,0.0
.b4bfbo2i5d,1,0.0
.kelqg8chwg,1,0.0
.nwsox3hmt5,1,0.0
.3ghddllixb,1,0.0
.ooz6kodvu5,1,0.0
.ltcovmoofi,1,0.0
.pa2st2wdvg,1,0.0
.trijo8pc6h,1,0.0
.gmslfcdlc3,1,0.0
.vidbafuqyb,1,0.0
.znbnclac7a,1,0.0
.l6nzrpx4uj,1,0.0
.zgsxmuz0la,1,0.0
.nl4iueipjo,1,0.0
.d11saadr3u,1,0.0
.krek6kvwoq,1,0.0
.4lwvsrifww,1,0.0
.c1t9ipwk8h,1,0.0
.tuq4ytlwvs,1,0.0
.4zh03n9zaz,1,0.0
.rg7hpjawuk,1,0.0
.zklyjenrhs,1,0.0
.3ckkg6hjy5,1,0.0
.l2kncruayi,1,0.0
.7acm6lx8xn,1,0.0
.gq7euv6d4t,1,0.0
.ocvelwtxfy,1,0.0
.zidfrkjlqk,1,0.0
.f23of3srkz,1,0.0
.mc3tq4kn2f,1,0.0
.rfko5440hd,1,0.0
.b7jekqig1z,1,0.0
.crcvouhn7v,1,0.0
.ldvkouqsjb,1,0.0
.cdj8hutd6n,1,0.0
.kestgmifct,1,0.0
.ozhrrk4qql,1,0.0
.ikhpw95v1z,1,0.0
.dnebya4knk,1,0.0
.nmy3faoxiq,1,0.0
.z1huprt0tw,1,0.0
.41qtgplswr,1,0.0
.aqppcfrhfm,1,0.0
.aylvykdrkk,1,0.0
.ac9gphzxlu,1,0.0
.5bia5kzhhz,1,0.0
.uamyfwgswi,1,0.0
.1n0g9a2ve2,1,0.0
.n14d6vdpcq,1,0.0
.rz4wwlmdtz,1,0.0
.jspvl9s7ws,1,0.0
.iisjcba2wj,1,0.0
.5toudypnrm,1,0.0
.k1vbk8mlw1,1,0.0
.llurw7jri7,1,0.0
.tychcddhdg,1,0.0
.bhiwsd22xf,1,0.0
.pfm7lbeqns,1,0.0
.vkk3hutcfq,1,0.0
.p7kre0wlss,1,0.0
.x8ln1bmrwd,1,0.0
.t3zi4t52rg,1,0.0
.k1ndcwcepu,1,0.0
.3fqm1urkdy,1,0.0
.6ulazzarmg,1,0.0
.my9yyyksts,1,0.0
.dy7cdeeicn,1,0.0
.lzbtd2u3kp,1,0.0
.rcqrdwlzw8,1,0.0
.xou8phucoz,1,0.0
.a8agnfwmas,1,0.0
.508nqptiom,1,0.0
.7qe17oy7ry,1,0.0
.597qvg6fkc,1,0.0
.rv6pmkilop,1,0.0
.mkpnxpsm4w,1,0.0
.xgs3xwn2oz,1,0.0
.efnhkljenv,1,0.0
.vmcraytv9r,1,0.0
.2hxnu5rzih,1,0.0
.usurf2jbd1,1,0.0
.e2xli4of5c,1,0.0
.4t1lgv6i2q,1,0.0
.xq1sq8ayza,1,0.0
.6gsw7jzxqg,1,0.0
.c7uuablfcg,1,0.0
.uhiavqsqgi,1,0.0
.lhpdthmze0,1,0.0
.xhbdbgeczd,1,0.0
.zyffleix6d,1,0.0
.1wanimu34j,1,0.0
.17iuqe56sv,1,0.0
.woebgaeznn,1,0.0
.4cmkbnqfis,1,0.0
.pzoyauipc2,1,0.0
.1wtaxl985d,1,0.0
.4lrjupurui,1,0.0
.g7aqkbshyk,1,0.0
.vat9qtbhqb,1,0.0
.zgtnl9ib8w,1,0.0
.3v03nakkqh,1,0.0
.gk11ey8aer,1,0.0
.x2s1691gef,1,0.0
.tu3q6f6gsv,1,0.0
.zdklkajx3t,1,0.0
.hyom6n9zkf,1,0.0
.ke6kltyvjw,1,0.0
.zjcjtzbx9k,1,0.0
.i6w1uwz4wg,1,0.0
.15mz2lokoj,1,0.0
.dmwqeyrchf,1,0.0
.secjt2kbug,1,0.0
.dovhk8ehcn,1,0.0
.jskhxzwvd5,1,0.0
.4y3wfnoczm,1,0.0
.0irpfml9hb,1,0.0
.q5esaff5ef,1,0.0
.r2f2vp7ieo,1,0.0
.zjkkimyxtm,1,0.0
.fwslho3cjy,1,0.0
.c1f32eyzqo,1,0.0
.q3dtkd4fdr,1,0.0
.mp69jywadr,1,0.0
.0wsltoe3vw,1,0.0
.ar1cx24th9,1,0.0
.jg9xq4ty3a,1,0.0
.liykureukz,1,0.0
.r7jbjsspbu,1,0.0
.gpjwrtm2yh,1,0.0
.vtjsjf9dgm,1,0.0
.kid0z3nz04,1,0.0
.2uyhec1qbq,1,0.0
.3fsdvngekz,1,0.0
.be714rpiat,1,0.0
.gcfueazfmg,1,0.0
.ltpmdy8yha,1,0.0
.xegq9id9co,1,0.0
.cjoqwmtylz,1,0.0
.85istezbln,1,0.0
.znivzgyr8v,1,0.0
.p62s8mqy1m,1,0.0
.ovj05onm1f,1,0.0
.9tcmo0cnqa,1,0.0
.x2heirkpho,1,0.0
.zykm5gzntw,1,0.0
.oflcclyp4p,1,0.0
.pw19bejp4r,1,0.0
.4yrhiiln5e,1,0.0
.ty5cxjsgsv,1,0.0
.eqj4y4h6io,1,0.0
.tb3bxiqive,1,0.0
.ruwj49ag4c,1,0.0
.zegwirs0ve,1,0.0
.fwc7fks3gc,1,0.0
.7jukpo6p9r,1,0.0
.rfbswrtkpg,1,0.0
.sc1s8wcqmr,1,0.0
.zmqifsqvby,1,0.0
.vw4xzovn9u,1,0.0
.g3fuejcihw,1,0.0
.wxe4mgthvg,1,0.0
.8qherppxgg,1,0.0
.n16hguzefq,1,0.0
.roq8ci3p5n,1,0.0
.sxuw3grhqt,1,0.0
.t2pnwhhmws,1,0.0
.xcacctjtfn,1,0.0
.k0wbri0syn,1,0.0
.g2c640gn6g,1,0.0
.r6u0nteixp,1,0.0
.vlphdk9uub,1,0.0
.fw8livdlxd,1,0.0
.d3fnoeugyh,1,0.0
.1sezzdnqia,1,0.0
.oqqax7oka3,1,0.0
.5abhxpwobw,1,0.0
.fbaqpp6cld,1,0.0
.lkxdnt3w75,1,0.0
.na1khxq9kw,1,0.0
.xzd7e2w3f5,1,0.0
.za0k4d5z4u,1,0.0
.xxdd69varh,1,0.0
.niwli0x4yt,1,0.0
.mhfhunlwp8,1,0.0
.lhnfbgt97c,1,0.0
.ppqvdm6kul,1,0.0
.cjk06da8te,1,0.0
.94gkpsh5id,1,0.0
.9lzpjxymie,1,0.0
.p22jhn76ti,1,0.0
.7995s3ognt,1,0.0
.8fqnoamsaw,1,0.0
.cgeyiry0zl,1,0.0
.xpterdqpvo,1,0.0
.hkrrgbx8ka,1,0.0
.0blgm8eoj0,1,0.0
.ljeh1hxd1w,1,0.0
.orlueczmc2,1,0.0
.clameg44zl,1,0.0
.skcfjvqf2r,1,0.0
.torcsw4hx1,1,0.0
.35dvap9dup,1,0.0
.nzoxgxf1mg,1,0.0
.7biukckxzs,1,0.0
.emzmpbvuwx,1,0.0
.agevxyxnfr,1,0.0
.ldsm0g2b26,1,0.0
.urxugibluu,1,0.0
.ev8bygnott,1,0.0
.iewnavak1j,1,0.0
.qdtqkq7bdb,1,0.0
.4nwmqu7vbt,1,0.0
.dijqloxg55,1,0.0
.nqoihzpjjs,1,0.0
.p9mfpwdoan,1,0.0
.te7buvagik,1,0.0
.mj34lusfwd,1,0.0
.pyf6v4qtos,1,0.0
.fxp3ullgmy,1,0.0
.eti6y8poct,1,0.0
.v6bpx5zbyb,1,0.0
.jjxiq8633m,1,0.0
.l5xnzpiw2p,1,0.0
.qm2kilxsid,1,0.0
.ndzxzmqxxy,1,0.0
.wcnlxpysxl,1,0.0
.4lk0dnqez7,1,0.0
.svrl3pnuds,1,0.0
.elkymfpafu,1,0.0
.vmuqaetwyh,1,0.0
.f1sykzpela,1,0.0
.dpcwubvnqf,1,0.0
.7aw3rykhom,1,0.0
.dhqnwz8yyn,1,0.0
.floyxswvmy,1,0.0
.rtzbxplpx7,1,0.0
.gmnqzkzegf,1,0.0
.j1aidwvaiz,1,0.0
.doni4co43z,1,0.0
.lywowinyu7,1,0.0
.bob2zlowzx,1,0.0
.g632csdgwd,1,0.0
.1lhlkmkuef,1,0.0
.wdfmnafjsw,1,0.0
.jtpgmrwnoz,1,0.0
.uckzuxkw3p,1,0.0
.ebbxf1nsec,1,0.0
.sjb6fhb8xz,1,0.0
.a1xujjnkvd,1,0.0
.dl66wf1reu,1,0.0
.mctlg0ydk3,1,0.0
.feddkel47h,1,0.0
.8zkdxqhrta,1,0.0
.4zaftvtj8o,1,0.0
.mwbzvgajhp,1,0.0
.fz6ve3txpl,1,0.0
.uz5o00lrlc,1,0.0
.4segk1qyyi,1,0.0
.zcwozg05ib,1,0.0
.69ql5d15wk,1,0.0
.anfyp9gfub,1,0.0
.fnnylcczeq,1,0.0
.vxm6l3fogm,1,0.0
.i1m6993rk1,1,0.0
.pnffcfc6l6,1,0.0
.drwigyj1bb,1,0.0
.xy59hk36ex,1,0.0
.mbef5uqsyr,1,0.0
.fomwdmsusc,1,0.0
.ho2k8szi0a,1,0.0
.kxfgypw6ld,1,0.0
.x93mpxpdpo,1,0.0
.elnqvfq8rc,1,0.0
.mhdedhg5pw,1,0.0
.5gdzctz4nv,1,0.0
.frwyamw8xd,1,0.0
.hcd3grgojp,1,0.0
.6yzsrtdcfu,1,0.0
.mclcu5m4ds,1,0.0
.c7wvv3djjx,1,0.0
.lrwofkjvgn,1,0.0
.ji0dhuffty,1,0.0
.ofogxqrhxb,1,0.0
.ue8as7prar,1,0.0
.s4gatftkbx,1,0.0
.ip4wkspirf,1,0.0
.tdtt5vdf2j,1,0.0
.mdy8r5ytqb,1,0.0
.mjxuf7jj63,1,0.0
.jlfluu2o0m,1,0.0
.byuygigdlz,1,0.0
.srsaji5k56,1,0.0
.ql5ydj1odp,1,0.0
.hvgquvk8gr,1,0.0
.zyn4t0fcvv,1,0.0
.rj73gi4p3w,1,0.0
.mefvc6tk9i,1,0.0
.8xc7uhvft9,1,0.0
.w73iy8nspl,1,0.0
.vasnqcgjri,1,0.0
.us994r1xwz,1,0.0
.qvkr1d8ufs,1,0.0
.rh5maz1sy8,1,0.0
.mld2o3rvyn,1,0.0
.bzscd8yho5,1,0.0
.fbhzjcn7dg,1,0.0
.ghmuvccyna,1,0.0
.yf1m6fdehi,1,0.0
.7ujpbopl0p,1,0.0
.ze3okzm6wj,1,0.0
.hgmvdrqfpn,1,0.0
.lj7abdmlc8,1,0.0
.nkc2mpcqv2,1,0.0
.qgdtr0d7ps,1,0.0
.dk9ybcwfri,1,0.0
.cle2d7b06a,1,0.0
.duj15dhmvg,1,0.0
.jgwhcfa5zq,1,0.0
.xamshscdji,1,0.0
.rq8vbowayf,1,0.0
.jlgapckozl,1,0.0
.glqoti0gxf,1,0.0
.khtul5hayz,1,0.0
.flyjprzkjp,1,0.0
.fctxxxmwkp,1,0.0
.wslrda0rv2,1,0.0
.m0o2nroayt,1,0.0
.eofqlkshbs,1,0.0
.8iqerrozdl,1,0.0
.kztxgrc7o3,1,0.0
.dbtgytq6bl,1,0.0
.bnv3rfcm2l,1,0.0
.td2kio3vrb,1,0.0
.0hvhviduff,1,0.0
.ydrrc4i7vj,1,0.0
.pnvjrajlnf,1,0.0
.ie1ildisp9,1,0.0
.ryomcdngu8,1,0.0
.g2abjfotsx,1,0.0
.j8mswphlfo,1,0.0
.mpft7aq9fz,1,0.0
.qgfrnmfoqs,1,0.0
.zulha0poed,1,0.0
.igsjh3ju0t,1,0.0
.s9nzyb3wrd,1,0.0
.xwj1omh26d,1,0.0
.xqrptn3vx9,1,0.0
.bejkxi8tls,1,0.0
.rbdyy4cwer,1,0.0
.rkxgf43z9a,1,0.0
.oycgoqpaqy,1,0.0
.f1l3qjrpvn,1,0.0
.rnqdvk3ia5,1,0.0
.0dlksy7zqr,1,0.0
.545fmo8hrx,1,0.0
.8ayamqcyny,1,0.0
.8roegtxp2h,1,0.0
.abkzacjdei,1,0.0
.bcjwwpmnrm,1,0.0
.booxwwobkr,1,0.0
.cebbdjnqkv,1,0.0
.ckzi0pyemr,1,0.0
.d0nhchekjx,1,0.0
.dgdjku1ol6,1,0.0
.gf3smkugoy,1,0.0
.glbscykgot,1,0.0
.h0w1cbk3nn,1,0.0
.io3bcqr8gi,1,0.0
.pieynx0p3t,1,0.0
.r6trimospw,1,0.0
.sc8gfmk4n3,1,0.0
.vyxzviwooo,1,0.0
.zdhp4wnklb,1,0.0
.fsuawmx3p2,1,0.0
.hnb9e9skc2,1,0.0
.iz1fayydcr,1,0.0
.ksgxk80r9t,1,0.0
.ajn8xfnb0g,1,0.0
.jqar5mx92n,1,0.0
.fewq33uffa,1,0.0
.neixqqtinu,1,0.0
.c5pguvfefk,1,0.0
.bjy71s9qwk,1,0.0
.89srsskgbn,1,0.0
.2ssbczmchp,1,0.0
.ibhmc431yy,1,0.0
.qpiti2nfrk,1,0.0
.p8s9agyxpy,1,0.0
.9noazyackf,1,0.0
.yje4dvjs9v,1,0.0
.djvrwfjlbv,1,0.0
.msbyj8ybml,1,0.0
.nl338icfmn,1,0.0
.lskhcums3w,1,0.0
.tagtfpa8id,1,0.0
.6quqeolscx,1,0.0
.0yhdd9xzmq,1,0.0
.7gvpgb0nfr,1,0.0
.3ffekjfirw,1,0.0
.2y0qrurzhp,1,0.0
.ir02pd6hv3,1,0.0
.e1tdicegay,1,0.0
.q6k2y5upu3,1,0.0
.t2i790xm99,1,0.0
.bob4ok1o2q,1,0.0
.5i8xii1x1a,1,0.0
.8dvdcpmovz,1,0.0
.d7g2fnbjj8,1,0.0
.dpzzjfcout,1,0.0
.lhckrlaiwa,1,0.0
.o2om4rtmqk,1,0.0
.ouz41zveac,1,0.0
.wgmheczjwi,1,0.0
.xmmk30kobt,1,0.0
.tnfhnf4jei,1,0.0
.tyuntnfmux,1,0.0
.ruaathtil9,1,0.0
.na7d6o6ve8,1,0.0
.3jiv9yoqcv,1,0.0
.ipu4yzblqn,1,0.0
.ewuijnjypj,1,0.0
.xty5annje2,1,0.0
.y4nvvf7qwh,1,0.0
.pne5r1kg24,1,0.0
.ywksgrqpwg,1,0.0
.t4rxia3qf4,1,0.0
.zczo4lnjwp,1,0.0
.uedi5vzj4r,1,0.0
.3olfekdgvv,1,0.0
.yfacc2hgzt,1,0.0
.3he2yjxo5l,1,0.0
.4qu5vpkq7s,1,0.0
.67pqpzecgw,1,0.0
.8pt0l7deax,1,0.0
.ctfylqh2nl,1,0.0
.fyrh1rhuip,1,0.0
.gzllthxemy,1,0.0
.hstdycukgp,1,0.0
.ijggghpexw,1,0.0
.j3absxv51b,1,0.0
.jchb9y3hn7,1,0.0
.qahkybnjts,1,0.0
.rn8tvap6na,1,0.0
.snj8idl6dx,1,0.0
.tyr3t39qt3,1,0.0
.yixbgmrxdh,1,0.0
.yyh3ctkzma,1,0.0
.zwtw5mpqcm,1,0.0
.1yf6jnbb0y,1,0.0
.weeujpprku,1,0.0
.hqyn5aof15,1,0.0
.b1iu8ecui5,1,0.0
.tboeopppot,1,0.0
.mjncpcvjvm,1,0.0
.ikoqgiuzed,1,0.0
.ztucxpbvua,1,0.0
.rdssgqce85,1,0.0
.5h4wo8nhpx,1,0.0
.y8evaoorow,1,0.0
.iudhwoshj8,1,0.0
.uqnhyfv4vl,1,0.0
.eyz1lxc8es,1,0.0
.2adswlqxqg,1,0.0
.btalzum593,1,0.0
.i6gg4pzhs7,1,0.0
.jhiws2kntr,1,0.0
.lfsay672kk,1,0.0
.ml5qx8i7ar,1,0.0
.nzxw1zzg1v,1,0.0
.piyjg0zzof,1,0.0
.tphhapcldu,1,0.0
.u5uzydoexk,1,0.0
.uuofkpcdll,1,0.0
.vl30eepz5w,1,0.0
.zknse2jpwf,1,0.0
.b7uqijvkmy,1,0.0
.bhvmrmyyal,1,0.0
.jg8yfv6sdf,1,0.0
.ggpjkc45z1,1,0.0
.lvhebp6xsj,1,0.0
.khibfbfmyf,1,0.0
.5efp24vjpb,1,0.0
.qeksvocofb,1,0.0
.iac8ydakx8,1,0.0
.dcy5ozbpnr,1,0.0
.1wogdshftg,1,0.0
.ot61oblygt,1,0.0
.z6a6hmlb6i,1,0.0
.mlvff0sutr,1,0.0
.kathvczrtj,1,0.0
.dftgy3jxbt,1,0.0
.0kag6fgkxb,1,0.0
.fv6vppml4n,1,0.0
.xyernqfdyj,1,0.0
.a9zydz1g7b,1,0.0
.rgaebrlkjh,1,0.0
.qslyvwjgnc,1,0.0
.hjilgnapgj,1,0.0
.ekwtxdks4o,1,0.0
.f9gq7v7ywg,1,0.0
.e1r1qzlc9e,1,0.0
.5lmu48jyab,1,0.0
.ger770krhj,1,0.0
.anrxa8wk1m,1,0.0
.qmnvjlt8bp,1,0.0
.yt4emhxqpz,1,0.0
.qqpbpiiwlb,1,0.0
.hr5sdjeweg,1,0.0
.97ob8k1gou,1,0.0
.jbulnagn9e,1,0.0
.1bdtt8qusw,1,0.0
.nasn4ogs5c,1,0.0
.y4pq2viwgy,1,0.0
.bt0m2oem4f,1,0.0
.3yasbe8nja,1,0.0
.kdfg5fwvub,1,0.0
.uad8aas7an,1,0.0
.xicrislvuv,1,0.0
.jddvfzmgyn,1,0.0
.rcqgqlqrce,1,0.0
.x0dpwxrtii,1,0.0
.d1ww9lvcxx,1,0.0
.pxsr5gjipg,1,0.0
.2ksbtum2h6,1,0.0
.q4dppqvsv8,1,0.0
.en0hjox4qf,1,0.0
.mtrqk7jtyh,1,0.0
.syquyllokp,1,0.0
.ztvgvythtb,1,0.0
.qdlvr3yvcu,1,0.0
.kulhgax2ru,1,0.0
.hbliutbbus,1,0.0
.orme1hgllw,1,0.0
.zgnyhyhct4,1,0.0
.or4glbwfqx,1,0.0
.pop6mae9co,1,0.0
.thohgslr0m,1,0.0
.hqmwvnt9zo,1,0.0
.pl1mg6v70t,1,0.0
.ifqtvc6oq8,1,0.0
.i9urjmzoi6,1,0.0
.cpt4idan5e,1,0.0
.owx63xxd3d,1,0.0
.3bxpwq9xlm,1,0.0
.4reisq61uu,1,0.0
.5ant7dpgpl,1,0.0
.6fxej4tm2x,1,0.0
.cugdkbgszw,1,0.0
.dw5pbfmrqb,1,0.0
.he8qizacnf,1,0.0
.le8mllt2ki,1,0.0
.ohrpoj2tj1,1,0.0
.y5ljxqifxw,1,0.0
.zglnjrpigc,1,0.0
.t2yn3ssi7c,1,0.0
.sewkvhhlhe,1,0.0
.ao21hhp06i,1,0.0
.plgtwqrvsu,1,0.0
.xp5i1noa6v,1,0.0
.mnjs7ctrz4,1,0.0
.nmz7gm08er,1,0.0
.a5ps7veoj4,1,0.0
.gf2rnirn2a,1,0.0
.ocesrg6lqw,1,0.0
.xbptgxjvcr,1,0.0
.z1zbband2d,1,0.0
.xl4wdljjql,1,0.0
.xtgnrs5xmu,1,0.0
.kuqznnplzj,1,0.0
.rxoc8p0mmc,1,0.0
.ukecmspk3p,1,0.0
.uuxwaqgilf,1,0.0
.1wzbdklqe2,1,0.0
.stjsmeti9l,1,0.0
.z9zoxxen9j,1,0.0
.sga9xpzp9s,1,0.0
.ifawcnlqw8,1,0.0
.7ab2dmkgz9,1,0.0
.fvmn2fjhis,1,0.0
.gicleehgiz,1,0.0
.rtudvtydjv,1,0.0
.3dfybgdiuc,1,0.0
.6nzkl9kxtf,1,0.0
.hrrpdrvmje,1,0.0
.hyduw7xfy8,1,0.0
.hs42rrzwsu,1,0.0
.jocqymjjqo,1,0.0
.lxtuwtfnu0,1,0.0
.hqokjv4pbm,1,0.0
.m5llroodln,1,0.0
.qiczdbezfp,1,0.0
.h0rglpgzwd,1,0.0
.xm3uz7h7d0,1,0.0
.vyd1lw6wik,1,0.0
.psjejlhbcj,1,0.0
.ivynxnu0ta,1,0.0
.1bnycv2hy5,1,0.0
.i8exp1arut,1,0.0
.2l3ulawzf9,1,0.0
.529vgybimx,1,0.0
.5hrtfzdnca,1,0.0
.bkgginceee,1,0.0
.bs7fgv9vos,1,0.0
.eqgsupiudz,1,0.0
.fxtjt9zaw2,1,0.0
.qkgwjxwvx5,1,0.0
.r3f9iufndo,1,0.0
.smgspmtixl,1,0.0
.fvelpon0yv,1,0.0
.fahixbdtr8,1,0.0
.rfbqtdx4v7,1,0.0
.kg94gwalr8,1,0.0
.ixa6s5stwh,1,0.0
.mmnk5l3dfs,1,0.0
.idch3tfzkf,1,0.0
.jq2gwf4ni9,1,0.0
.ctb62fxg0w,1,0.0
.6mwvdfsz6u,1,0.0
.qbs34ojfri,1,0.0
.x5kgv8zmus,1,0.0
.xw4hmyqdnd,1,0.0
.j3sr8jq6k9,1,0.0
.gg4zz3kjeh,1,0.0
.r4odobpcbb,1,0.0
.dzqrkulfdk,1,0.0
.v2xmpcvqei,1,0.0
.ws7kqrgj7f,1,0.0
.cz8eilp6ao,1,0.0
.emq0tziavo,1,0.0
.jnybgcxaer,1,0.0
.pwnoq5mffk,1,0.0
.dwvpvvbw3b,1,0.0
.lez1bkkxk2,1,0.0
.z2wiqwkpty,1,0.0
.u6rr5dl9mi,1,0.0
.e8mdbchnnz,1,0.0
.cydi1rjqel,1,0.0
.ra0yjgkhhn,1,0.0
.yshuulwpg9,1,0.0
.fvjcbvvy10,1,0.0
.9wb09gzmzb,1,0.0
.mntnec237i,1,0.0
.tkktacnxml,1,0.0
.ilct8qtiti,1,0.0
.x6c7jltjkk,1,0.0
.62mvpalfdb,1,0.0
.lniciogsm9,1,0.0
.vzhlvhu5dd,1,0.0
.gvi8wf3lfh,1,0.0
.yiujjihm38,1,0.0
.koz0naqccz,1,0.0
.lyqdeuiqra,1,0.0
.83bm21dyhu,1,0.0
.blxxcf24dg,1,0.0
.uykf4mowzz,1,0.0
.ccops5gudo,1,0.0
.coer63hm8k,1,0.0
.roqmxqyfv7,1,0.0
.tbr7ivxpnt,1,0.0
.vewrkyk2lm,1,0.0
.xwgtdc7tfz,1,0.0
.ghwzjemgcy,1,0.0
.mm2ayabzxm,1,0.0
.opcqfvwe6q,1,0.0
.ttr7gndyjp,1,0.0
.wgql6ahina,1,0.0
.vxvemqpi9l,1,0.0
.ln91745ahw,1,0.0
.w0xuldmqpk,1,0.0
.xwvachfdzf,1,0.0
.8qefilrugm,1,0.0
.ojh2kkhsvm,1,0.0
.lcfl6g6uks,1,0.0
.0gfhhfdnai,1,0.0
.ybr3jxous9,1,0.0
.07ao7geoz9,1,0.0
.ivzh44ao7t,1,0.0
.ifwiinbkm3,1,0.0
.m134ckofeb,1,0.0
.7mzufz9drv,1,0.0
.rehrapzsro,1,0.0
.padzfozo1n,1,0.0
.mw0pvwzuon,1,0.0
.fm9zcp6xkk,1,0.0
.7pl0cs8stf,1,0.0
.pbjbkmxyin,1,0.0
.ggk0etteq8,1,0.0
.jlcqeymcfn,1,0.0
.lzpgrbux0k,1,0.0
.zdq0e3tylf,1,0.0
.tglu7q0s6k,1,0.0
.yxt5xoc4xl,1,0.0
.pgt9jdjwlq,1,0.0
.fytq653l5q,1,0.0
.evcx2nwh88,1,0.0
.mkaefnpfvn,1,0.0
.gzqoxcdcou,1,0.0
.x3gdwvknis,1,0.0
.7isvrlryzc,1,0.0
.yj7kdxlms0,1,0.0
.yodekwbtjp,1,0.0
.yrqg3mwdke,1,0.0
.lwydfjkowf,1,0.0
.vlfqohzbqq,1,0.0
.besj1g6n09,1,0.0
.knerpbws89,1,0.0
.o5h67xdljx,1,0.0
.1inpyb2zf8,1,0.0
.zgbmi7bij7,1,0.0
.fxlzxigatt,1,0.0
.rgohpzwgwb,1,0.0
.3zsiud0gho,1,0.0
.rxqexhrt2h,1,0.0
.qlplujvbag,1,0.0
.hg8dauknav,1,0.0
.wpszzkbedi,1,0.0
.9pluu6qrck,1,0.0
.xogefcsunz,1,0.0
.xstyf0lvpi,1,0.0
.frj64bwnci,1,0.0
.292gv9e0lf,1,0.0
.b8lc9fchf6,1,0.0
.otqsfs2ct8,1,0.0
.mrnptzhq0m,1,0.0
.dnhejf9j6l,1,0.0
.7het9dweuo,1,0.0
.vtwh6m0pod,1,0.0
.yohuw8jgpc,1,0.0
.uvu3zk4k9n,1,0.0
.a5waquez8k,1,0.0
.cxhsdvbsvf,1,0.0
.fm8idrxneb,1,0.0
.stwvwso6cn,1,0.0
.xahvo1ziot,1,0.0
.ywtqunk2x9,1,0.0
.zj1fuzhgri,1,0.0
.rurn1zmqjq,1,0.0
.barbdjm9dw,1,0.0
.myfsuenkoe,1,0.0
.voiwz0wfr4,1,0.0
.wbphdmznuu,1,0.0
.tpzlqvuzts,1,0.0
.znos1mrkfo,1,0.0
.otrftnhprv,1,0.0
.sx7oe0wupv,1,0.0
.tvukyhglyw,1,0.0
.49mbrohqyv,1,0.0
.tqp12svc13,1,0.0
.vnlk8moklt,1,0.0
.vxgasez88h,1,0.0
.evcvclxd1f,1,0.0
.vbnb4xbidc,1,0.0
.dajy2uxnci,1,0.0
.qqozatemed,1,0.0
.gcngmmrkxp,1,0.0
.cypgp6igm8,1,0.0
.ipwdtmfpqx,1,0.0
.sibvek1k4r,1,0.0
.dux7kipygt,1,0.0
.02czjf05cy,1,0.0
.jr9fafwlaz,1,0.0
.8yazxlelfc,1,0.0
.fkr63iw3mk,1,0.0
.hcapvrs1s9,1,0.0
.li6wbgetgf,1,0.0
.nw8afiwxmf,1,0.0
.sy3inavoyb,1,0.0
.tfqsxf8ptd,1,0.0
.y5dbibuxfy,1,0.0
.vxxbfyk1dr,1,0.0
.8hzgbnka9d,1,0.0
.tm14vf6gsf,1,0.0
.ngwk7cu6ix,1,0.0
.nwth6shh4d,1,0.0
.0pf1xscnmn,1,0.0
.37miiy2zbe,1,0.0
.ve9tt7rqzd,1,0.0
.qewxatgfo2,1,0.0
.82kwlhswjl,1,0.0
.b79mraubcp,1,0.0
.djtyvrd5xe,1,0.0
.ebb1qabzl1,1,0.0
.rvjfyerkf7,1,0.0
.ucuutvxmms,1,0.0
.asaihrr8pg,1,0.0
.vhn6ldjyhf,1,0.0
.23nc3d0pyy,1,0.0
.ejuo6ipccu,1,0.0
.jmnr8u0ncn,1,0.0
.ofp7fex81t,1,0.0
.rfw6q5zjyf,1,0.0
.tk6cir0egn,1,0.0
.vrihf2nnlp,1,0.0
.xlqaqteyhz,1,0.0
.4kwzb1nioa,1,0.0
.aleg6xsv5v,1,0.0
.eszmrjss5x,1,0.0
.jtisjliqlw,1,0.0
.lriuogalrt,1,0.0
.p8ibndy7vv,1,0.0
.unipnrrxzw,1,0.0
.intyarmsts,1,0.0
.6u8d54ut3e,1,0.0
.olnjspacen,1,0.0
.cxjevo9kqm,1,0.0
.au9xvlfcan,1,0.0
.feafnmmcb2,1,0.0
.taztdlgvtd,1,0.0
.kd65nxo0qh,1,0.0
.wxbpdbycef,1,0.0
.ntwekuftie,1,0.0
.rxwrjcsfge,1,0.0
.hessbfygd8,1,0.0
.3gtbkkjw5b,1,0.0
.pbryzawmo9,1,0.0
.aqzuiohv01,1,0.0
.8kuysnfnjk,1,0.0
.acpxg9dfwd,1,0.0
.3juvrecbzl,1,0.0
.i8chsnb9ns,1,0.0
.w7fnghh1y5,1,0.0
.yjlxh7ocjw,1,0.0
.mnlvafwosx,1,0.0
.uqaeh0qxzu,1,0.0
.9fm4kolaag,1,0.0
.s6tnaxkinz,1,0.0
.wi6otau5yg,1,0.0
.6ubp5bkgku,1,0.0
.cppibne8q8,1,0.0
.zve8kpdqdu,1,0.0
.utmfehgblb,1,0.0
.5uuktwuabt,1,0.0
.xr4o5mlgjn,1,0.0
.mdqjqywalo,1,0.0
.3cgq1d8w3b,1,0.0
.ipof4mq8vf,1,0.0
.redo8ilq91,1,0.0
.vxdo0vqhnj,1,0.0
.rmtsmu8yps,1,0.0
.0demohgz5g,1,0.0
.x3slh0ynrc,1,0.0
.akb5xvnr13,1,0.0
.oiujpebzqa,1,0.0
.x0hpml1ezm,1,0.0
.idwzkmdjxn,1,0.0
.cutpoepbdl,1,0.0
.g4nk3mfrdr,1,0.0
.ghb6ktymkw,1,0.0
.gomejfzvty,1,0.0
.h26qkxdutc,1,0.0
.kuiglus3qz,1,0.0
.kvgapfyzie,1,0.0
.m5psherbed,1,0.0
.qae5cz81rj,1,0.0
.qtjos1o6iq,1,0.0
.wn0pmzjzkp,1,0.0
.yeebcqjcnd,1,0.0
.jzbnqazci1,1,0.0
.zwfr4rt3f7,1,0.0
.9bhigc01sn,1,0.0
.yltnuhbmb2,1,0.0
.u0e3q0wek3,1,0.0
.3twd4uo6hf,1,0.0
.pnlkmksoeu,1,0.0
.kt10oedpqb,1,0.0
.01xqcpoac5,1,0.0
.g5c6n9lak4,1,0.0
.saixbj6vnc,1,0.0
.1gcv63mv4a,1,0.0
.2dnvwdcnjd,1,0.0
.uhnvzdvwde,1,0.0
.eeoa0smfrx,1,0.0
.cjaiodoczx,1,0.0
.jcogqcvcix,1,0.0
.rvwgjnhe1r,1,0.0
.wjapqdc5b5,1,0.0
.k3upmxbpkf,1,0.0
.hk6jbgssof,1,0.0
.wjyfwq6owm,1,0.0
.0lm2cde5xg,1,0.0
.osst8mjxt9,1,0.0
.oijbcjveye,1,0.0
.yj5fquvosv,1,0.0
.isrpibxey3,1,0.0
.eg2pjgtov7,1,0.0
.hx75vrqujn,1,0.0
.mujenimasc,1,0.0
.dq5osfvryo,1,0.0
.pctla7u0kt,1,0.0
.qtk5gsdgyu,1,0.0
.ffpvlp5mct,1,0.0
.zvj6k0kg9g,1,0.0
.9lnvxo0b6r,1,0.0
.bcmrvsht4w,1,0.0
.bmyb6glikw,1,0.0
.bqja4lfsrs,1,0.0
.cnletogd1x,1,0.0
.gnyrpss1ap,1,0.0
.gzjwxlff9t,1,0.0
.mxkrhugicq,1,0.0
.nt8kxx0dyu,1,0.0
.sxinemvrp2,1,0.0
.tdjmmkvrse,1,0.0
.wnujcnmyrf,1,0.0
.wugnfygvpn,1,0.0
.mljy0fn184,1,0.0
.5pf6dp0umf,1,0.0
.ldfsfy2a91,1,0.0
.tzjc2919fy,1,0.0
.jvyrigby5h,1,0.0
.hm6uak1u8r,1,0.0
.ps7l949n7s,1,0.0
.p8ur8kuks1,1,0.0
.t8krsum3ew,1,0.0
.1h6v9qx7wd,1,0.0
.mhpzgrgpka,1,0.0
.pgkyocwo6f,1,0.0
.zzuzlcsk9k,1,0.0
.b0u0gnm9w0,1,0.0
.cutjrbcpgl,1,0.0
.xldfldlzhi,1,0.0
.2hqb42m0sg,1,0.0
.aa67egqpui,1,0.0
.cqwhwpby2e,1,0.0
.jrfpf8vjli,1,0.0
.kw4xnpe7ir,1,0.0
.zfemp2bida,1,0.0
.a20z8vq589,1,0.0
.wsivccjfm5,1,0.0
.py7cumg5jk,1,0.0
.9lvsr8zh5m,1,0.0
.uyxpmjk9uu,1,0.0
.pcdjutrbnv,1,0.0
.99la41x5ds,1,0.0
.h7vxwnpjkl,1,0.0
.ogmiu48kn4,1,0.0
.w1vqqakkf0,1,0.0
.kzwpm7abyd,1,0.0
.rkp7psxsm4,1,0.0
.l55imf7svf,1,0.0
.za4pdxykvm,1,0.0
.3dceloecyr,1,0.0
.j7443vpdgo,1,0.0
.sz91gqo0fe,1,0.0
.ibl9svbb4p,1,0.0
.ljk8u1djj7,1,0.0
.vg8ox6oby9,1,0.0
.amn0rkyrur,1,0.0
.dbhcp8rhjv,1,0.0
.j00y2ltaz5,1,0.0
.0ucgxzhmgt,1,0.0
.sska0yykt9,1,0.0
.tbtgf6nikr,1,0.0
.2vw2frilda,1,0.0
.vcbyveh3b1,1,0.0
.xeezgs0wiy,1,0.0
.vsgkcdh3af,1,0.0
.imagwyp5xh,1,0.0
.ptjqfvs76y,1,0.0
.blx01h0euk,1,0.0
.y8px1p4xpx,1,0.0
.ad5bmijofr,1,0.0
.akfws1ky44,1,0.0
.fjhjloc35j,1,0.0
.huuwlyyaq1,1,0.0
.ixpyu3xvld,1,0.0
.s7y9uo4pke,1,0.0
.uahrxyhuqc,1,0.0
.ot3wxihgw8,1,0.0
.kttjxil6ep,1,0.0
.fdwmzhjwnl,1,0.0
.ewd7hmh1ru,1,0.0
.db1rhk5vkw,1,0.0
.nv2uuetirb,1,0.0
.ojkilj5gps,1,0.0
.f4i3o918l5,1,0.0
.7mxxesnuna,1,0.0
.8sthrpeuap,1,0.0
.rhzdcmcngu,1,0.0
.2hporpifiq,1,0.0
.5dh2vy6ih7,1,0.0
.kijk2eu6qu,1,0.0
.lcsaqrozak,1,0.0
.zvmvfycm9g,1,0.0
.b1ep8xldte,1,0.0
.yd9n5p8h2v,1,0.0
.hmuqyxojna,1,0.0
.ju8e6svxpm,1,0.0
.ju6esbz54b,1,0.0
.ya7sdeqpgf,1,0.0
.ghgnitvy3z,1,0.0
.d0orsyjwcl,1,0.0
.d2goepowv1,1,0.0
.odru6n6fjx,1,0.0
.xmoi3vdhno,1,0.0
.fjflzzq8cs,1,0.0
.mssf9qntxs,1,0.0
.86mgtbqzru,1,0.0
.uwa59jmrmr,1,0.0
.bzhufefihp,1,0.0
.suvokryehn,1,0.0
.e2s9qdqtlv,1,0.0
.1swqavls5b,1,0.0
.mlrvndwbkf,1,0.0
.ed0oyfbo5t,1,0.0
.06xvm8fzfw,1,0.0
.wt7clwaprr,1,0.0
.9w2khingel,1,0.0
.yzlweegxyz,1,0.0
.xfm3i9chqw,1,0.0
.kaixrngyds,1,0.0
.oufpz0xjyo,1,0.0
.svdsfqvfhq,1,0.0
.bbw6fvuokq,1,0.0
.kphoow4daj,1,0.0
.waces4tbak,1,0.0
.ddhamskxic,1,0.0
.owj8yxsa5u,1,0.0
.m4dv9mbh3g,1,0.0
.ookuex5w0t,1,0.0
.o0hapq2iuw,1,0.0
.cyn7zbumap,1,0.0
.3cisgkpfx4,1,0.0
.oze23tnlmr,1,0.0
.lh7g4fy6k6,1,0.0
.y4eiupdtbv,1,0.0
.phlxbsu7oy,1,0.0
.qqewobjgml,1,0.0
.h1qiexoghb,1,0.0
.d01xpqscei,1,0.0
.jer34wle9z,1,0.0
.u5wsz9fa3q,1,0.0
.vohxmjwrnk,1,0.0
.mjxfpzak1c,1,0.0
.ifxyaoexvk,1,0.0
.4qe7gmhjk6,1,0.0
.bh8hh9vpzg,1,0.0
.d05pikds7y,1,0.0
.goi5m8rjb7,1,0.0
.elhvzcfwhh,1,0.0
.aopgnjdqar,1,0.0
.vfuyahfini,1,0.0
.9n8ptcfej5,1,0.0
.5nf9oqejgh,1,0.0
.wnahwwz1vx,1,0.0
.nn2kprdvbb,1,0.0
.dtxs4j2ojt,1,0.0
.emacnejynp,1,0.0
.m3wobk6vxx,1,0.0
.mmgouw3ybk,1,0.0
.r7nek33hws,1,0.0
.sb0fmld85n,1,0.0
.o3xjeyo2q2,1,0.0
.t1km7pxhkn,1,0.0
.nygilhuqy7,1,0.0
.rrt9sjjsji,1,0.0
.lirino1mvn,1,0.0
.ihckdr9l1w,1,0.0
.uoe7gpo9re,1,0.0
.2nfsujdow9,1,0.0
.rmrut9xwvc,1,0.0
.tmxy1hba3m,1,0.0
.o8nsw1fdpt,1,0.0
.vlq8ojmyqw,1,0.0
.gmhoww72dd,1,0.0
.xekqxtsnor,1,0.0
.nprw8u4odz,1,0.0
.wn6rxelpva,1,0.0
.lf7jhcq8oo,1,0.0
.un4ocyisql,1,0.0
.v9nrhjcyyp,1,0.0
.ahi6whlgzt,1,0.0
.ec7f5wrtuq,1,0.0
.ebs2iruxmx,1,0.0
.lygxuhvlmi,1,0.0
.uccvtjjyjy,1,0.0
.yxcmkudzkl,1,0.0
.qsfdwnhlun,1,0.0
.t4q1i9ubk2,1,0.0
.itynfy52v1,1,0.0
.spn6x5xkrn,1,0.0
.k3wvvqztpq,1,0.0
.4bbdd4qkmo,1,0.0
.hnpjhmbvap,1,0.0
.qgumoake6l,1,0.0
.vgqohvlqvn,1,0.0
.rekb8dmtpz,1,0.0
.kggohmhkya,1,0.0
.1nh7xlz0yg,1,0.0
.n83myw9h0r,1,0.0
.5gccuwof35,1,0.0
.rwhepw05ky,1,0.0
.niggw3xphv,1,0.0
.rrmwbw8kvn,1,0.0
.nvodow7bka,1,0.0
.xmwaagzauf,1,0.0
.jrm3urwxkj,1,0.0
.1yvcv2rg03,1,0.0
.gjvlrvdgfl,1,0.0
.1kgaw7nzvs,1,0.0
.7vx37gn5gh,1,0.0
.8hftyylxim,1,0.0
.bdvvah0qge,1,0.0
.ihxng5axqb,1,0.0
.j3jezg8az0,1,0.0
.nohhsu7vqq,1,0.0
.pllsabct4g,1,0.0
.qypec4bdmc,1,0.0
.txfnyj8awd,1,0.0
.wyx49yfcjw,1,0.0
.ua0cleytiv,1,0.0
.3tj8eybvi5,1,0.0
.ks3ualqweg,1,0.0
.eye71dwxp1,1,0.0
.jv80vjcxyo,1,0.0
.kx5iomqt5y,1,0.0
.j6k01wgkvf,1,0.0
.moffcftwi9,1,0.0
.e4cpxkemiz,1,0.0
.zj3gzqszvi,1,0.0
.ychq0nd7wl,1,0.0
.9ahnizsuzm,1,0.0
.3vr8n2hjod,1,0.0
.8r1fig89p8,1,0.0
.aiwbxzyaw4,1,0.0
.cfcmdydxyo,1,0.0
.ehnbbhm5bf,1,0.0
.f1ytzpabvp,1,0.0
.fsjbppm4pl,1,0.0
.hyq2wslxgc,1,0.0
.ijcnacwm6i,1,0.0
.llnvk9hvrm,1,0.0
.lzutpwt2lf,1,0.0
.mhwnpvsuvh,1,0.0
.o2c8fhts1z,1,0.0
.o2vthixaiw,1,0.0
.qgculvaa5l,1,0.0
.qzynju3rli,1,0.0
.t82e4pmub4,1,0.0
.vy3swhzoqr,1,0.0
.yzmtbszd5o,1,0.0
.zn6vngpmm2,1,0.0
.c9ixzphpdn,1,0.0
.2qrnfdcgv2,1,0.0
.35uhyuafij,1,0.0
.j4teixelhd,1,0.0
.kgmgw8pl9r,1,0.0
.mp1srbkie4,1,0.0
.r7inqopddi,1,0.0
.bumcgrwzdl,1,0.0
.i7yrsbcrla,1,0.0
.jqpx5ce0or,1,0.0
.ldk72etktq,1,0.0
.iidymn7zcs,1,0.0
.ku7div9agj,1,0.0
.djrptwdmly,1,0.0
.9ehyucntt4,1,0.0
.kyms9c1zys,1,0.0
.3rj8vwm0rn,1,0.0
.f4ke7t34j1,1,0.0
.4dkoo30sta,1,0.0
.im2p6sgizt,1,0.0
.jmrpaivgkk,1,0.0
.oqfnmozm9g,1,0.0
.0ntljzgxrp,1,0.0
.6kfswdaoil,1,0.0
.9uewie7fgh,1,0.0
.bbzjbr4v31,1,0.0
.dmovc9tlyp,1,0.0
.fjvcsetw9i,1,0.0
.ncl5ptmwdf,1,0.0
.o6ccikvk4f,1,0.0
.p4ngiwttpi,1,0.0
.xiwrb2cjyw,1,0.0
.cdi7iirg6k,1,0.0
.8u6mtmoz6j,1,0.0
.kpxg2lbgq2,1,0.0
.qrznwbuqxl,1,0.0
.x8a9ffvtmo,1,0.0
.iefidy88a0,1,0.0
.ei6aqgdct9,1,0.0
.cuazbrzidy,1,0.0
.kn5cbqldpx,1,0.0
.t6duc5ingt,1,0.0
.343ukwoupy,1,0.0
.foa6f5fr4z,1,0.0
.143xjvrayr,1,0.0
.lna0xijex2,1,0.0
.1nuuetrp7b,1,0.0
.ks8cyuafdz,1,0.0
.9rtiwi6fix,1,0.0
.e5yesxc3bp,1,0.0
.j2l1erkmqx,1,0.0
.dbxzuyj1sr,1,0.0
.nlsldwawmq,1,0.0
.gbdsmikkyk,1,0.0
.rrpnsdmqa3,1,0.0
.cufxsauj1g,1,0.0
.djiruz3um4,1,0.0
.do7dhxlaa5,1,0.0
.f7vnvbwn5s,1,0.0
.qbgzphr50o,1,0.0
.1mdxwyqlt3,1,0.0
.z7b5lvnwmp,1,0.0
.sq3l6riia5,1,0.0
.tzi7mlkrty,1,0.0
.e4wzxcfqf8,1,0.0
.zqkrlpjlcx,1,0.0
.gno1prxpoq,1,0.0
.ujwd4drsju,1,0.0
.46ehjgsdpz,1,0.0
.c00wvu936q,1,0.0
.3p3kwqhfbw,1,0.0
.zufyvduuj5,1,0.0
.27mp6wsn78,1,0.0
.pggw8aeh7j,1,0.0
.0ughsgew28,1,0.0
.lrhojgvwnm,1,0.0
.trfbpix18v,1,0.0
.v1rk0hiaae,1,0.0
.wcg19kcrcj,1,0.0
.7dp2xg26ik,1,0.0
.dxa4ksr5rz,1,0.0
.vjvsqqbgcy,1,0.0
.bpjuzrklvv,1,0.0
.8pspneaioh,1,0.0
.egtllhhdes,1,0.0
.sqox1d76rp,1,0.0
.bv5ombyffk,1,0.0
.raelvg3l4f,1,0.0
.yy8ldcvngt,1,0.0
.h4or2dm9q7,1,0.0
.m57msfkf0m,1,0.0
.mqk2vbxohi,1,0.0
.dngxeacvu7,1,0.0
.oprx43biue,1,0.0
.yiyv2bt7te,1,0.0
.xcgbqdewtn,1,0.0
.zrlwoqyu1f,1,0.0
.c7jv8fiw0a,1,0.0
.0ixcyncc0o,1,0.0
.bvrq36jkxd,1,0.0
.uxtpownvn2,1,0.0
.v64rmvfyip,1,0.0
.xffnwfiutd,1,0.0
.4qbc62unen,1,0.0
.fzsfufu8bg,1,0.0
.qyquwgz8mx,1,0.0
.trmwsayzd0,1,0.0
.c1hnju799o,1,0.0
.qmymusdx7s,1,0.0
.zfp4rerw1d,1,0.0
.umspqsov74,1,0.0
.gzmx5im8bs,1,0.0
.qmgoxoffd3,1,0.0
.vdsuk0jmlv,1,0.0
.bbuxsw84aj,1,0.0
.y5okgfoivm,1,0.0
.klcrbxhzmv,1,0.0
.81et6l1pd9,1,0.0
.2galv0qldw,1,0.0
.hb8cwhqhyn,1,0.0
.n9cyjk9n3y,1,0.0
.rtqe0282qa,1,0.0
.w5u8rdiiol,1,0.0
.87bufygkpc,1,0.0
.sjc6chfobb,1,0.0
.dhprzqnoym,1,0.0
.hr0tycj1z7,1,0.0
.hvkuunizc1,1,0.0
.y8iuhmmp4v,1,0.0
.g8o8gkn2bv,1,0.0
.qmm5udfjgz,1,0.0
.pgzutubk1c,1,0.0
.fj1l23prfn,1,0.0
.6xiihnahi8,1,0.0
.kmacr2hjgh,1,0.0
.jwgxwmj18r,1,0.0
.qud8y4gdbt,1,0.0
.rtqj5n91lv,1,0.0
.ojyt9uxoa5,1,0.0
.g91gxtwa0n,1,0.0
.2vion4h9gn,1,0.0
.0ibky3ziqo,1,0.0
.xn2kflyngn,1,0.0
.hmldb5ox8c,1,0.0
.dnhnljjjte,1,0.0
.eggxdrh4ec,1,0.0
.yn3wcgwbwh,1,0.0
.gjrvalmygq,1,0.0
.m8xxd59k7j,1,0.0
.zswinfffvi,1,0.0
.itwdnnsjhv,1,0.0
.hrskwctgxe,1,0.0
.j6pt60xgit,1,0.0
.rfephaikqg,1,0.0
.adfcz8otg8,1,0.0
.q2p881zfzq,1,0.0
.lbooymw0eb,1,0.0
.htvzzeulat,1,0.0
.ed8ax6ttak,1,0.0
.mmbtcjnsch,1,0.0
.h3ktpk1fel,1,0.0
.wwvau0qcpm,1,0.0
.o1h1czltad,1,0.0
.zzuyc2eifd,1,0.0
.zodavpxvkd,1,0.0
.uwfjlbxoq0,1,0.0
.cutr03bg9w,1,0.0
.ijty2l6jzw,1,0.0
.jdzhjd8cwt,1,0.0
.uobtk3i6hc,1,0.0
.5nis8vzmaj,1,0.0
.esnsbvmavq,1,0.0
.kkqzczvupx,1,0.0
.5zjy7u6f7g,1,0.0
.01jdf3ypgb,1,0.0
.4l5kinvy0g,1,0.0
.7lchnbpoel,1,0.0
.7pljsvwurb,1,0.0
.d18grzrx0m,1,0.0
.dzfynqwomh,1,0.0
.e50tgryrsj,1,0.0
.fwpoq4rxya,1,0.0
.tllblsq1hs,1,0.0
.tp9oymjso5,1,0.0
.wirxqii2p2,1,0.0
.jvwv1h6j1m,1,0.0
.290lolwrvv,1,0.0
.29fmno9clr,1,0.0
.a0san2snoy,1,0.0
.fnkektrpbl,1,0.0
.j56wtrpgdc,1,0.0
.kllmawmcdj,1,0.0
.n6n2v36fu9,1,0.0
.vp1ut00mgc,1,0.0
.zybhtd4ada,1,0.0
.ymxygy2wyo,1,0.0
.rcrtulktbr,1,0.0
.oezvqntvbd,1,0.0
.ldh3830sh4,1,0.0
.yzhkdubvfs,1,0.0
.0n82hkmrt1,1,0.0
.czqhh67nka,1,0.0
.lwfbaww8f3,1,0.0
.r9a9zbyofu,1,0.0
.wdx2xy3djo,1,0.0
.yli7ji9hrv,1,0.0
.ztzbbrg9ke,1,0.0
.blr9tvrlah,1,0.0
.skqxrvn57r,1,0.0
.pbdl66hopz,1,0.0
.ls3seseqpq,1,0.0
.mtym0tthdq,1,0.0
.z6kcpx2k5x,1,0.0
.bybizivsca,1,0.0
.aswmde4hfb,1,0.0
.dzsgzaruhp,1,0.0
.tb9scohb13,1,0.0
.v7i3jej6j3,1,0.0
.bzjotp3qva,1,0.0
.b433lfgyqh,1,0.0
.j6y02yqxqq,1,0.0
.tdnwaekywf,1,0.0
.a8ll0tlrkv,1,0.0
.zya1h9rkt3,1,0.0
.vimqdvjedu,1,0.0
.nejwx6aj46,1,0.0
.us9q2bhgge,1,0.0
.6ed5ymgp2i,1,0.0
.fimwjfx4zq,1,0.0
.xnlohrwby5,1,0.0
.yans8mnbst,1,0.0
.ycbpud2nd8,1,0.0
.h6yog6xkkp,1,0.0
.b41cclwgtg,1,0.0
.qe1wh4zpro,1,0.0
.pou6cc95me,1,0.0
.dzm5xgj9wl,1,0.0
.giykf2c12c,1,0.0
.bvzse0iagl,1,0.0
.8hdifm7csm,1,0.0
.s2yrhgui4d,1,0.0
.cxg5v4ndiy,1,0.0
.jrdwdvtt2a,1,0.0
.xl1rzgg1s3,1,0.0
.t7vfwqrzcs,1,0.0
.rcocvocdpw,1,0.0
.urj3hiqc7k,1,0.0
.nf40cpmvfj,1,0.0
.ghv1czw2to,1,0.0
.cebpbi2qo0,1,0.0
.vn5fc6tmnd,1,0.0
.kxx4u7bwzn,1,0.0
.q1f4tj7a8y,1,0.0
.8j3ojvqivi,1,0.0
.htk7etwek9,1,0.0
.crmswevcwd,1,0.0
.wtzeb4jbff,1,0.0
.92iv2fcsiq,1,0.0
.vhlv3eihtp,1,0.0
.upp4iy0zcm,1,0.0
.djth9lmetc,1,0.0
.fqfaikh9kz,1,0.0
.inl1jy5ctx,1,0.0
.svl7ofwqpo,1,0.0
.wp2ywpyzi2,1,0.0
.wqqhk3vcm0,1,0.0
.xt0krlbyo3,1,0.0
.n3x4xpyk6b,1,0.0
.ixzaj23otm,1,0.0
.nurbjc3ncl,1,0.0
.1gg4bmbczw,1,0.0
.553hrwckoy,1,0.0
.93mahcqi2k,1,0.0
.c32yrmfqll,1,0.0
.ck6oar7tlb,1,0.0
.dmpw3wj4px,1,0.0
.eznopnsqr1,1,0.0
.ia5xy9btew,1,0.0
.xj6embpyd4,1,0.0
.yquepabxns,1,0.0
.gxbpjpgqhv,1,0.0
.cnbfs7eck1,1,0.0
.gz6rpgprzi,1,0.0
.kzwm0senu6,1,0.0
.quno6phird,1,0.0
.1rcynigw0v,1,0.0
.jsgrmnctvy,1,0.0
.kocl457c5f,1,0.0
.ljtmf79bbr,1,0.0
.uo6ewuqkdl,1,0.0
.xfi2kvw0zl,1,0.0
.2bfwiwbf2j,1,0.0
.9fxw7mlkqq,1,0.0
.a6sv354s1f,1,0.0
.asjqfyisx2,1,0.0
.awgl3qblan,1,0.0
.biufjsgxxs,1,0.0
.lghuem8y6j,1,0.0
.nrvlxqef4d,1,0.0
.vnicfisvug,1,0.0
.w90bknzboc,1,0.0
.jdqjmxz3kv,1,0.0
.unrr3cpb6s,1,0.0
.60wjrkij8a,1,0.0
.dch6sgmoo0,1,0.0
.5dkqhex8iq,1,0.0
.abj0zmrcbf,1,0.0
.h7tzehtzoy,1,0.0
.oouvweuupy,1,0.0
.kfamjyxekf,1,0.0
.l1gtmmnkji,1,0.0
.nfnikshtpz,1,0.0
.mhwlrdhsy6,1,0.0
.h1p11hym8j,1,0.0
.5wi84sqm9h,1,0.0
.d2wu3kaj3r,1,0.0
.by4halaflt,1,0.0
.rmspclo9k7,1,0.0
.dvundrcxq2,1,0.0
.zwmxnltl2l,1,0.0
.u8uol0aomu,1,0.0
.fdpgcoh0cj,1,0.0
.zpdkislm6q,1,0.0
.wd7iddntpl,1,0.0
.3ebv0tpnvn,1,0.0
.cqqnxlrrv8,1,0.0
.eae866bfb2,1,0.0
.laqjm7sorw,1,0.0
.o05igmvna0,1,0.0
.op313rnzyi,1,0.0
.wl7n1a6lzg,1,0.0
.xdngtirjzb,1,0.0
.yhktt9bamm,1,0.0
.ksj6kqk9mw,1,0.0
.wd0pit6xdo,1,0.0
.wltd9s47l7,1,0.0
.ek7zgnqq74,1,0.0
.dljkhreoar,1,0.0
.u1bmwslor3,1,0.0
.gsudimcyja,1,0.0
.uvsboujytx,1,0.0
.64pm4zf9io,1,0.0
.8nmfzhsef7,1,0.0
.bffrvyp37q,1,0.0
.wzdwmkahqa,1,0.0
.ypjjfwukfj,1,0.0
.coftigikk7,1,0.0
.92knqrdwdj,1,0.0
.fvwgr231qx,1,0.0
.knutivyepu,1,0.0
.99isvnhzy3,1,0.0
.czz2uxgp0s,1,0.0
.k8wmplu1f4,1,0.0
.i42kxwawb6,1,0.0
.e9lwf9y7vb,1,0.0
.xhyiflj3xk,1,0.0
.f8ucjpy9w0,1,0.0
.sibqxb7jiz,1,0.0
.wizcy2v0hk,1,0.0
.289r7c3d5g,1,0.0
.csnjzv7ie7,1,0.0
.zysfptdkrp,1,0.0
.nmuogwtvcm,1,0.0
.ova1cww5ih,1,0.0
.lpvase6tfi,1,0.0
.6sniv1hajs,1,0.0
.u6niwv8kng,1,0.0
.n4autjgcrv,1,0.0
.5jcx5cf7vn,1,0.0
.ufgljxv1r3,1,0.0
.du7cve2pms,1,0.0
.l362t53ino,1,0.0
.9no4nhhr7u,1,0.0
.vgg2g6rwxi,1,0.0
.fdgvev2rog,1,0.0
.clykgol8sj,1,0.0
.6mbgr1lrw9,1,0.0
.oohmxcwefy,1,0.0
.nsb7oy8oxa,1,0.0
.mha8lvsriv,1,0.0
.yzi70njiii,1,0.0
.rgi7fqb44z,1,0.0
.exq9xengks,1,0.0
.n5lbsrlx0l,1,0.0
.znxtuhhl3p,1,0.0
.at7zhpuosq,1,0.0
.njasig2not,1,0.0
.80aejlf4rl,1,0.0
.ofe1wnzobr,1,0.0
.mslcpkq5o2,1,0.0
.7tpwjtzgmr,1,0.0
.qkdpdri0qe,1,0.0
.6s7i2yzvda,1,0.0
.xjvshktrku,1,0.0
.irh7ihnf4k,1,0.0
.ygsbrvof2z,1,0.0
.kr2ec4bfph,1,0.0
.dofevxf8yi,1,0.0
.ixirrqo2mf,1,0.0
.et6nrmntku,1,0.0
.zadbqhhshz,1,0.0
.3nilouoxhu,1,0.0
.skclx4jomm,1,0.0
.irsqzimr3h,1,0.0
.uhb1mwancg,1,0.0
.nzrscnnvkg,1,0.0
.u9bfxiticm,1,0.0
.ftcxndwzmy,1,0.0
.ofomijxvng,1,0.0
.rflfymwpcr,1,0.0
.wmdus7dfwc,1,0.0
.eftlyrp5es,1,0.0
.6zcveqitde,1,0.0
.sgj4kdlm8w,1,0.0
.vij2wkn8w2,1,0.0
.ymi2weyebw,1,0.0
.afzw8k5zzm,1,0.0
.h7fsc76sbu,1,0.0
.vejp1nossp,1,0.0
.ofqmfqojda,1,0.0
.8w0megzane,1,0.0
.dwkmwom66l,1,0.0
.bd1etcqqco,1,0.0
.akqk8m2tqq,1,0.0
.nkgbcktnqc,1,0.0
.ahb8vqangj,1,0.0
.x7c5toy3i2,1,0.0
.fzqqnxdvhy,1,0.0
.7rgfjdbuoi,1,0.0
.k6n1oywrrt,1,0.0
.stfwjrq0xu,1,0.0
.ue7et4sa3u,1,0.0
.dbjww3wjk1,1,0.0
.fmcmpukxuj,1,0.0
.azbwffxl44,1,0.0
.6pztc1f3vf,1,0.0
.ydpspy0tec,1,0.0
.qtmgcoqwn6,1,0.0
.ybhyfl3uks,1,0.0
.8dxh7bbanr,1,0.0
.gfumz2javg,1,0.0
.zmsnxo5keo,1,0.0
.mccxwr6pmo,1,0.0
.s6ffiwzsgg,1,0.0
.xdjyysibsq,1,0.0
.eqy1afylko,1,0.0
.gcpkplixcw,1,0.0
.uqn4ekcadx,1,0.0
.2iz5a5w4pj,1,0.0
.n8dodpbj6y,1,0.0
.2ucdnodxii,1,0.0
.czhipy9wsk,1,0.0
.fesn8al5no,1,0.0
.wmqrtzoquk,1,0.0
.rzqsroasrq,1,0.0
.nki5hqtapq,1,0.0
.j14czems83,1,0.0
.r868dym2ig,1,0.0
.oxs3z8tmej,1,0.0
.rspm7orzai,1,0.0
.uv3eag8u9q,1,0.0
.dqsej4jvn6,1,0.0
.beohwgwjsv,1,0.0
.cugsxokogl,1,0.0
.ttqi1acekj,1,0.0
.tpoetho7qr,1,0.0
.eyauu2q3yl,1,0.0
.r3klyw18fr,1,0.0
.g2xowmsf17,1,0.0
.ipmhl1ymkl,1,0.0
.hbrbq5usm6,1,0.0
.v8ldofzbol,1,0.0
.eaheqwdobk,1,0.0
.rgmgsjitya,1,0.0
.3uoongruu8,1,0.0
.paqmjmvao8,1,0.0
.rwgvl1ba8m,1,0.0
.mo13nhdacf,1,0.0
.g9lqro5fz4,1,0.0
.u3ucqo9izo,1,0.0
.q6a4bqo0km,1,0.0
.rkrz4tjjah,1,0.0
.wcg2uo8kxq,1,0.0
.prjc9hh6oj,1,0.0
.ya411xtm3i,1,0.0
.celabmsfga,1,0.0
.l74gbhle8g,1,0.0
.mt7w763vmy,1,0.0
.c5zyujxwaw,1,0.0
.73oiriv4zo,1,0.0
.vvotzx9uxj,1,0.0
.whh27p0szd,1,0.0
.prwatdneiq,1,0.0
.yldr5iyudl,1,0.0
.w5p8pt4t0t,1,0.0
.9zz6nnslgd,1,0.0
.vc8hv9vmsv,1,0.0
.dxtnlaoil5,1,0.0
.cihn8rhcuj,1,0.0
.keygxm42lm,1,0.0
.s6sij1shd1,1,0.0
.3kggnbc0tk,1,0.0
.nmpsktrj6x,1,0.0
.wvd95ws8fp,1,0.0
.dpcwmg1e8d,1,0.0
.b3l4vrsire,1,0.0
.znm2a4ervf,1,0.0
.k1s6x3nfpm,1,0.0
.ctvkr4h0je,1,0.0
.9pq3g6jjcv,1,0.0
.3wthtra4lg,1,0.0
.bkl1apvnuz,1,0.0
.dtyqdxu3ff,1,0.0
.gmyagge7lo,1,0.0
.lifz6osnzh,1,0.0
.rbfh2tns05,1,0.0
.rrizrrlcqx,1,0.0
.wnbox8dosq,1,0.0
.xeg5qvmvuh,1,0.0
.ptxkemcjxi,1,0.0
.ut11ascwbx,1,0.0
.up9ymtzwf7,1,0.0
.5evlp39au4,1,0.0
.scrtji74it,1,0.0
.qcys9gyg8r,1,0.0
.j9vbfulonn,1,0.0
.2gsultuncv,1,0.0
.81spxu6a0z,1,0.0
.fymmf0peiv,1,0.0
.fc7mtzhfd6,1,0.0
.ztjnrpuoq6,1,0.0
.kn77sdjnb6,1,0.0
.jg9awxuvkz,1,0.0
.bb1tyntfbt,1,0.0
.g2qzrgc78n,1,0.0
.nrqbozscsg,1,0.0
.3wn4k9pel7,1,0.0
.c8atn3vjtu,1,0.0
.tyal70spod,1,0.0
.ozxaiasrtv,1,0.0
.onk0aat8ts,1,0.0
.hirlbj18zv,1,0.0
.7f6jsdy79f,1,0.0
.pr45rzv44i,1,0.0
.wrietjfnzk,1,0.0
.2ekjkz5vam,1,0.0
.btwwuuvkti,1,0.0
.eeda7rxyzo,1,0.0
.fbfo8xyi6r,1,0.0
.pcyys1axak,1,0.0
.amc91ua4pt,1,0.0
.yezpnsbhdx,1,0.0
.nmazg9vuf7,1,0.0
.exwi0zy18p,1,0.0
.atsbdapev0,1,0.0
.b4dl7kaqpg,1,0.0
.cbypjarddf,1,0.0
.ismmx7qokh,1,0.0
.iyghpdukw6,1,0.0
.l6h5qhnv8f,1,0.0
.mgi5qxkdhg,1,0.0
.ouihbd3v6x,1,0.0
.qfb1niodhm,1,0.0
.qhyy3pizwf,1,0.0
.tjhbplvv49,1,0.0
.vsgicwd5ni,1,0.0
.yl2myhjzxv,1,0.0
.zrv0hjaucr,1,0.0
.zzw1hvodf2,1,0.0
.hmkpr5ejea,1,0.0
.qzjdboastm,1,0.0
.fgpces6s68,1,0.0
.dv0tdkay5u,1,0.0
.iz7d98srp7,1,0.0
.qbphycif72,1,0.0
.3zerxwc4yk,1,0.0
.izqllhkitr,1,0.0
.ukezn4fhtt,1,0.0
.igpb5mgcet,1,0.0
.pgssuvk5ms,1,0.0
.vzetbnuu36,1,0.0
.hlasybmyvj,1,0.0
.lxkwwcn6pu,1,0.0
.0xwju8512d,1,0.0
.9u4b8jmmd1,1,0.0
.cvz9gp1bep,1,0.0
.grcuhxsbzp,1,0.0
.mpitipdfzs,1,0.0
.mqcrvguzmb,1,0.0
.mw9zrvfaqx,1,0.0
.uxlhgbmtsr,1,0.0
.zaimcytoin,1,0.0
.rnqkio2fwz,1,0.0
.f5oqvwvrls,1,0.0
.qvzy6trzbv,1,0.0
.zo5xj7f05k,1,0.0
.azxppanycs,1,0.0
.hguwo3xtiq,1,0.0
.t3fzzbtujj,1,0.0
.clevwhweu7,1,0.0
.g96trbfgrq,1,0.0
.nckw06kchy,1,0.0
.k0xnzjwi4g,1,0.0
.tacttlbnkw,1,0.0
.0soqbhwed0,1,0.0
.lnmxjel9wz,1,0.0
.mxv7mnmykb,1,0.0
.wh7y44oe4d,1,0.0
.xdoluq9jbp,1,0.0
.xtaqndauxn,1,0.0
.laoh7nrrh5,1,0.0
.lrblkxlyb2,1,0.0
.pqyhudavw8,1,0.0
.nhgduwvefd,1,0.0
.5blccz2q5w,1,0.0
.99unmp5add,1,0.0
.1ydnxupbpf,1,0.0
.eb3eejwg4m,1,0.0
.dybds4zgyf,1,0.0
.ixizlptvco,1,0.0
.lvwoeurvlm,1,0.0
.lwfwd1fru1,1,0.0
.xnptfp5yov,1,0.0
.zbvr4bwp4e,1,0.0
.6u47y87cla,1,0.0
.b6hmckyay7,1,0.0
.kbcizxbwws,1,0.0
.l2uonodunl,1,0.0
.yoatdhsp4t,1,0.0
.1y2o7vhjru,1,0.0
.s2r3xfg3xx,1,0.0
.go9k9xuefs,1,0.0
.thinnakwmi,1,0.0
.xnvmfsswoq,1,0.0
.fkk0t5s96g,1,0.0
.zd2g2k0rlj,1,0.0
.bbluaqjuec,1,0.0
.klrduvsfkn,1,0.0
.tsrsadqych,1,0.0
.wzwlo8k3eq,1,0.0
.iweps4w7jr,1,0.0
.lmhjesbjmu,1,0.0
.dnqcda7y9s,1,0.0
.5h5n644joa,1,0.0
.x87tohrcm4,1,0.0
.pao6zwpxgx,1,0.0
.tkapohsvf7,1,0.0
.gbdmzw0212,1,0.0
.qps7xi62kv,1,0.0
.jrc7lqqt5n,1,0.0
.gascsib3dr,1,0.0
.oclvo0rcmz,1,0.0
.aczws11qlv,1,0.0
.yy3cqpwsq6,1,0.0
.ays9sxu1c2,1,0.0
.x41qppzmw4,1,0.0
.dfo321sweg,1,0.0
.37y3p2zsm3,1,0.0
.wdgykpjqp4,1,0.0
.darqhjc0ov,1,0.0
.pe1gl6oqyr,1,0.0
.860uoleimb,1,0.0
.apeqnz4mc5,1,0.0
.tkhjxtjjnx,1,0.0
.g8u2lf6ub9,1,0.0
.jk4hekgool,1,0.0
.nfngwxhuaj,1,0.0
.xms1tqqnnm,1,0.0
.ym7d0d9si1,1,0.0
.jaj61igthe,1,0.0
.ecf5eh9q7x,1,0.0
.v3qrxn8fn0,1,0.0
.vacjlkfoaa,1,0.0
.9vkdnw39nr,1,0.0
.dg5xeaheys,1,0.0
.2kwvby41ql,1,0.0
.muoglshtpu,1,0.0
.oyl2fmswpr,1,0.0
.jr0oqzxs2d,1,0.0
.tatd5i0wab,1,0.0
.apstfh0pif,1,0.0
.enwb8mxcdp,1,0.0
.fp1fmjmj40,1,0.0
.krixjwy2mu,1,0.0
.grvaukqx2p,1,0.0
.vend9japh8,1,0.0
.02vp51ldm1,1,0.0
.is0yvrgezg,1,0.0
.twwaybktmm,1,0.0
.hxeo3uuamq,1,0.0
.ueailj3d1i,1,0.0
.jincimklgl,1,0.0
.95xbmtljzq,1,0.0
.ewnsb6evsz,1,0.0
.uaa0z5x2ij,1,0.0
.ewy5b3ozvo,1,0.0
.lrb9wj8dmi,1,0.0
.pqyzrvh3jm,1,0.0
.ltgs80wmtd,1,0.0
.t6qttthpfm,1,0.0
.iwuwplchdl,1,0.0
.rmktli3wmy,1,0.0
.pt4jrhpo07,1,0.0
.rfxukav73p,1,0.0
.c26egaafy7,1,0.0
.jsmg9qvehb,1,0.0
.1usuwvnhjz,1,0.0
.ivzhxrgmyj,1,0.0
.wlgnbucpv0,1,0.0
.c0g21j9lbl,1,0.0
.w1su1hn4un,1,0.0
.10rnauhmnf,1,0.0
.6nkp5heutq,1,0.0
.alrrdpqcbw,1,0.0
.cq03udxet6,1,0.0
.e3sz19abac,1,0.0
.f0gvo6c3ml,1,0.0
.gblg1at4xn,1,0.0
.gwuxzvgp1f,1,0.0
.hjj0oybsd2,1,0.0
.ipptav84jn,1,0.0
.jr1kvidfgv,1,0.0
.knriuuc83h,1,0.0
.lbouxlq2hx,1,0.0
.lfg0uzxqgk,1,0.0
.piryda9hfb,1,0.0
.qlkbfhkqnp,1,0.0
.qzz8tj3hnz,1,0.0
.rkoyi28pho,1,0.0
.rznd36hlas,1,0.0
.s5oh8godoq,1,0.0
.sdkk2h9he7,1,0.0
.sigpoih41x,1,0.0
.u3axedtl85,1,0.0
.u5ykb6krbb,1,0.0
.utpsgkftqf,1,0.0
.vjetcmokga,1,0.0
.vzmkn9zxxt,1,0.0
.w0whm4yijo,1,0.0
.xuthmhp2tc,1,0.0
.yk0zimhuh1,1,0.0
.z4kdpjghs7,1,0.0
.zdgglbapup,1,0.0
.zmijm6yvwb,1,0.0
.z7e6wjpaws,1,0.0
.u85mk2brah,1,0.0
.b5vcqk5cqf,1,0.0
.qy36ggmmux,1,0.0
.xg0txgfvwf,1,0.0
.vfzhyjxaeb,1,0.0
.0nlqtiqge8,1,0.0
.ai0hwezxit,1,0.0
.tcrdkqakmt,1,0.0
.x8g9oxbadu,1,0.0
.in8qxgwk2h,1,0.0
.faxtnztbct,1,0.0
.xtp1sxcbhl,1,0.0
.d7sr0gq0fb,1,0.0
.ovfycmcnat,1,0.0
.2dvsuisqzr,1,0.0
.hwvevwb1tp,1,0.0
.z8mjkczamr,1,0.0
.nijrdxar3o,1,0.0
.dqbx1qxhle,1,0.0
.e7ojrqb6vu,1,0.0
.fkyhmioklm,1,0.0
.p6jscktnyr,1,0.0
.mhs48k5xft,1,0.0
.xpnosmfsaj,1,0.0
.tdah3d1bba,1,0.0
.xpwplkc4dg,1,0.0
.jbjhftn8pd,1,0.0
.n4hmshjiyv,1,0.0
.klmk3tkeva,1,0.0
.rlhb57bzkn,1,0.0
.8wuinet8r3,1,0.0
.mojped6oew,1,0.0
.xsjjw7wlbs,1,0.0
.zetqapa1i3,1,0.0
.v5e2qhle6k,1,0.0
.t9y4so15it,1,0.0
.u3jqxvgd0p,1,0.0
.bo9dxz3k6r,1,0.0
.uqdqczau25,1,0.0
.t0qtxwggo0,1,0.0
.deqwfeqz3i,1,0.0
.okpqycbcxl,1,0.0
.wsajsw7mnd,1,0.0
.bsglijkcgq,1,0.0
.hzyrsa6qnr,1,0.0
.5pihhcw0z9,1,0.0
.cb2hxburcx,1,0.0
.q5dla0yuq0,1,0.0
.4vbo3wekvr,1,0.0
.4bzqzuldg0,1,0.0
.poqvkqlybp,1,0.0
.yw6flvm60b,1,0.0
.hw2nmjigz7,1,0.0
.4wmseckfdj,1,0.0
.beeuk85cor,1,0.0
.bskjazmobv,1,0.0
.spgslynjsz,1,0.0
.9o7tnwmayi,1,0.0
.wazcjl1kbl,1,0.0
.1xuiaal7uv,1,0.0
.4e0psgweew,1,0.0
.bsef5nyjra,1,0.0
.e2ayfbrrib,1,0.0
.gf5eh3ft49,1,0.0
.gxbh3rclo3,1,0.0
.ijc7hn3vjn,1,0.0
.mtzl7ygihk,1,0.0
.q8krx6wj2d,1,0.0
.wayi7cc6te,1,0.0
.9tqxhox3xi,1,0.0
.au7lt6kwyw,1,0.0
.cvej63duqy,1,0.0
.dczhon0cxv,1,0.0
.kbmeebu10m,1,0.0
.x9qeaucd1d,1,0.0
.gueemtlujc,1,0.0
.hly7uutp5a,1,0.0
.jyqicatkbd,1,0.0
.589qefwy3e,1,0.0
.adpmsecucr,1,0.0
.gczptrgaw5,1,0.0
.jwprdmd872,1,0.0
.nbn5imk2qe,1,0.0
.zqmgtbeowj,1,0.0
.53wydjc4ub,1,0.0
.svrfuzcglc,1,0.0
.ghdkx7fn81,1,0.0
.pnra8qfqrd,1,0.0
.ruvxnjqqbo,1,0.0
.sdcvvfejiy,1,0.0
.sqvttidi50,1,0.0
.kav1kneocf,1,0.0
.mgfudvnp6w,1,0.0
.v5tcoh8upd,1,0.0
.hmq1t8e1ah,1,0.0
.oafxdulkjp,1,0.0
.m61by0qr0y,1,0.0
.2jkytlwqbo,1,0.0
.wpoxn4yxpc,1,0.0
.bgmaxj82ce,1,0.0
.fygzvpaznv,1,0.0
.tbigdpmice,1,0.0
.nwyu3dvhqe,1,0.0
.rd1g1mn73m,1,0.0
.zsgl2k5xzk,1,0.0
.bzpzltlguu,1,0.0
.6n97twb0xp,1,0.0
.qv1wl1qcgf,1,0.0
.uwii93lmem,1,0.0
.cbtpt9iata,1,0.0
.x7nburtajf,1,0.0
.bnwxez7mkp,1,0.0
.3pfgkc26at,1,0.0
.xbquneihys,1,0.0
.dnp2zu5ltc,1,0.0
.mxsqgslo8y,1,0.0
.pawaanwd6b,1,0.0
.wkxxy7i3dt,1,0.0
.pa4w5avyu7,1,0.0
.lp34ari7gi,1,0.0
.9h5ijm0je0,1,0.0
.wbuhxzzk6f,1,0.0
.prgnpqyaar,1,0.0
.v1ycxyzzx8,1,0.0
.rztwbacw4j,1,0.0
.ylb9wtmxo9,1,0.0
.fvryvyu5p0,1,0.0
.j5q9cvbwb0,1,0.0
.hpiurc4u8p,1,0.0
.edc59voj8p,1,0.0
.qjd96idd86,1,0.0
.cpbd9cfbfd,1,0.0
.emlfmlgqmm,1,0.0
.5zuwubpdeq,1,0.0
.lvhd0zcmdq,1,0.0
.yjbeww8kld,1,0.0
.lhazqil4xv,1,0.0
.8wkjppda9h,1,0.0
.ro5rcexbl1,1,0.0
.ewesbkap70,1,0.0
.nj9zjehwlu,1,0.0
.jxxhtapdmu,1,0.0
.wllg8xrox3,1,0.0
.xxsqhmyi36,1,0.0
.uzpykb5qal,1,0.0
.kb18fe9kc5,1,0.0
.4giw6lhajg,1,0.0
.lxfpentonu,1,0.0
.doxkwkleiq,1,0.0
.bvdpiha5cq,1,0.0
.ovfxwvnrve,1,0.0
.slagxzxpqt,1,0.0
.4ajetcby4i,1,0.0
.gflk2h9f9k,1,0.0
.ohqajvntdy,1,0.0
.ylf7258cgn,1,0.0
.fotbzlx5ug,1,0.0
.tny2laijpx,1,0.0
.i16nwd0uwz,1,0.0
.dsdcfd4owx,1,0.0
.gj2rgdis4o,1,0.0
.ay4tcgvb0u,1,0.0
.0yn1uzga4x,1,0.0
.opo9aqa950,1,0.0
.lryyvx82tj,1,0.0
.putg1r2li2,1,0.0
.slohpbvqwc,1,0.0
.dpb85yec7d,1,0.0
.l54ukyttqa,1,0.0
.uf3r8barge,1,0.0
.hnwgfnob32,1,0.0
.itwohrtivn,1,0.0
.uwemd1vs4p,1,0.0
.cv6temyd1a,1,0.0
.f11k2dgkod,1,0.0
.tfka5fakrz,1,0.0
.ba53wesnsb,1,0.0
.bmz0racnma,1,0.0
.qw2dhhnnr4,1,0.0
.3lirirhxmf,1,0.0
.aqp8clommo,1,0.0
.hwsvxprwdd,1,0.0
.uqvhkkgttk,1,0.0
.ehyzyq39ov,1,0.0
.ijgmiohkin,1,0.0
.6rjtcngyyt,1,0.0
.pjmcm5ucnq,1,0.0
.48fd9y0sip,1,0.0
.ntcm60w1hu,1,0.0
.6kmxzqkil1,1,0.0
.egqzk7nzhv,1,0.0
.jl9q2k3mvv,1,0.0
.v1vvetq7lz,1,0.0
.0xta1d6kgh,1,0.0
.10ijqfrakk,1,0.0
.mxrkkyebi0,1,0.0
.pxural6apm,1,0.0
.qxcsa6xkix,1,0.0
.pw5pgv8xmu,1,0.0
.dz8rbksfhy,1,0.0
.5uh3d4bv5l,1,0.0
.ptotyipfih,1,0.0
.vdoaj37flv,1,0.0
.ybx8ovm27l,1,0.0
.ndo3qopa3q,1,0.0
.cre8cs1mw6,1,0.0
.h0htchjner,1,0.0
.ye7zni49m5,1,0.0
.uowjo6urgg,1,0.0
.fpqfoqlzha,1,0.0
.5jtsqi2wnh,1,0.0
.qxhxy53hvo,1,0.0
.gllhns4dxx,1,0.0
.sqpevnyrzo,1,0.0
.c7fsfgtjnd,1,0.0
.k8zjtnmkdd,1,0.0
.wg5zngwefi,1,0.0
.s4g1vkwwdi,1,0.0
.fulxmebvgj,1,0.0
.kemvbjnqw7,1,0.0
.crzu1jg2gt,1,0.0
.nzf5efkpqv,1,0.0
.o34lc5nmg3,1,0.0
.j13ooocozu,1,0.0
.oykaiqcecd,1,0.0
.bodm0jh4ho,1,0.0
.uap3ohjzjn,1,0.0
.uwxk6szpvz,1,0.0
.l3kdfwudyl,1,0.0
.qnkt3itkvd,1,0.0
.hougt9fi61,1,0.0
.q9zlmccrnm,1,0.0
.nuzrzjdhmr,1,0.0
.i6pjlzpn3a,1,0.0
.5lkbzydrhj,1,0.0
.etmrgila5o,1,0.0
.3c5cs7yjpl,1,0.0
.qprhplj7ba,1,0.0
.sdbj1z6kvq,1,0.0
.5tttznvsvg,1,0.0
.mbaphg4h4r,1,0.0
.9oeumdw4iu,1,0.0
.onfhoor0r4,1,0.0
.mtgdqpvolt,1,0.0
.3yaiwtpkl5,1,0.0
.yplo4jxff9,1,0.0
.mge3hlxkdk,1,0.0
.l9uzfsqpbu,1,0.0
.fqsh9eju1g,1,0.0
.n78egj8qom,1,0.0
.rnxsxqmrkr,1,0.0
.gmk0ouabpj,1,0.0
.hcf6fi8qgd,1,0.0
.n0iadviinf,1,0.0
.rgwwei405r,1,0.0
.n44lireyn3,1,0.0
.pspyjwpde7,1,0.0
.9wetckkskb,1,0.0
.q5fxo2so7q,1,0.0
.kyfkmbts9l,1,0.0
.jjcjjpifkv,1,0.0
.hsxaiqgb8b,1,0.0
.p4ktvmpwji,1,0.0
.bxzfaskplp,1,0.0
.rjqfqssn1f,1,0.0
.oguk3hbdg2,1,0.0
.l9dijccsea,1,0.0
.rg8xvgyokv,1,0.0
.m6vz0l3v9s,1,0.0
.xk14whdx4x,1,0.0
.dx3yo5xjjh,1,0.0
.hsnax5hmdz,1,0.0
.iqfoplyukb,1,0.0
.pe1vftgich,1,0.0
.jffcciku8p,1,0.0
.b534llznjx,1,0.0
.eqbiq3jn0r,1,0.0
.rzbx36qikp,1,0.0
.tmf1xqnehe,1,0.0
.oxvlyahfda,1,0.0
.0kzs4vvjlz,1,0.0
.m9hjlkyblc,1,0.0
.hs5zj5uevf,1,0.0
.xu8ghc7dij,1,0.0
.qb1uyts3sf,1,0.0
.qitkpkyufx,1,0.0
.ag6odulmkv,1,0.0
.eixpxnlfyc,1,0.0
.6e5bbu81l8,1,0.0
.dgml,1,0.0
.amberdyes,1,0.0
.ol21,1,0.0
.ffam1,1,0.0
.ffpm3,1,0.0
.glycam_06epb,1,0.0
.glycam_06j-1,1,0.0
.modrna08,1,0.0
.music,1,0.0
.ff12pol,1,0.0
.ff14sb_modaa,1,0.0
.ff14sbonlysc,1,0.0
.ff15ipq-vac,1,0.0
.ff19ipq,1,0.0
.ff19sb_modaa,1,0.0
.roc,1,0.0
.yil,1,0.0
.fb3,1,0.0
.fb3mod,1,0.0
.fb4,1,0.0
.tip4pd-a99sbdisp,1,0.0
.bsc0,1,0.0
.ff10,1,0.0
.ff14ipq,1,0.0
.redq,1,0.0
.ff86,1,0.0
.nmr,1,0.0
.ff96,1,0.0
.ff99bsc0,1,0.0
.glycam_04,1,0.0
.glycam_06,1,0.0
.glycam_06ep,1,0.0
.glycam_06h,1,0.0
.glycam_06h-1,1,0.0
.glycam_06h-12sb,1,0.0
.glycam_06j_10,1,0.0
.lipid11,1,0.0
.parmbsc0_chiol4_ezol1,1,0.0
.ff02ep,1,0.0
.toyrna,1,0.0
.chcl3,1,0.0
.chiol4,1,0.0
.dc4,1,0.0
.ff12sb,1,0.0
.ff14sbmodaa,1,0.0
.ff15ipq-19f,1,0.0
.ff15ipq-m,1,0.0
.ff19sb_xxx,1,0.0
.ff19sbmodaa,1,0.0
.ff99bsc0cg,1,0.0
.ff99sb14,1,0.0
.ff99sp,1,0.0
.ions1lm_1264_spce,1,0.0
.ions1lm_1264_tip3p,1,0.0
.ions1lm_1264_tip4pew,1,0.0
.ions1lm_126_hfe_opc,1,0.0
.ions1lm_126_iod_opc,1,0.0
.ions1lm_126_spce,1,0.0
.ions1lm_126_tip3p,1,0.0
.ions1lm_126_tip4pew,1,0.0
.ions1lm_iod,1,0.0
.ions234lm_1264_spce,1,0.0
.ions234lm_1264_tip3p,1,0.0
.ions234lm_1264_tip4pew,1,0.0
.ions234lm_126_spce,1,0.0
.ions234lm_126_tip4pew,1,0.0
.ions234lm_hfe_spce,1,0.0
.ions234lm_hfe_tip3p,1,0.0
.ions234lm_hfe_tip4pew,1,0.0
.ions234lm_iod_spce,1,0.0
.ions234lm_iod_tip3p,1,0.0
.ions234lm_iod_tip4pew,1,0.0
.ions_charmm22,1,0.0
.ionsff99_tip3p,1,0.0
.ionsjc_spce,1,0.0
.ionsjc_tip4pew,1,0.0
.ionslm_1264_fb3,1,0.0
.ionslm_1264_fb4,1,0.0
.ionslm_1264_opc,1,0.0
.ionslm_1264_opc3,1,0.0
.ionslm_126_fb3,1,0.0
.ionslm_126_fb4,1,0.0
.ionslm_126_opc,1,0.0
.ionslm_126_opc3,1,0.0
.ionslm_hfe_fb3,1,0.0
.ionslm_hfe_fb4,1,0.0
.ionslm_hfe_opc,1,0.0
.ionslm_hfe_opc3,1,0.0
.ionslm_iod_fb3,1,0.0
.ionslm_iod_fb4,1,0.0
.ionslm_iod_opc,1,0.0
.ionslm_iod_opc3,1,0.0
.meoh,1,0.0
.nma,1,0.0
.opc3pol_hmr4fs,1,0.0
.parmbsc0,1,0.0
.parmbsc0_ezol1,1,0.0
.parmbsc1,1,0.0
.parmchi_yil,1,0.0
.phmd,1,0.0
.pol3,1,0.0
.protonated_nucleic,1,0.0
.qspcfw,1,0.0
.roc-rna,1,0.0
.roc-rna_const,1,0.0
.spcfw,1,0.0
.tip3pf,1,0.0
.tip3pfb,1,0.0
.tip4p,1,0.0
.tip4pd-a99sb-disp,1,0.0
.tip4pfb,1,0.0
.tip5p,1,0.0
.urea,1,0.0
.vdwall,1,0.0
.mono,1,0.0
.tss,1,0.0
.zargo~,1,0.0
.eeprog,1,0.0
.eeprom,1,0.0
.eepromer,1,0.0
.readme#,1,0.0
.inb,1,0.0
.sinkconnector,1,0.0
.sourceconnector,1,0.0
.data-numeric,1,0.0
.cpp-17-rewriter,1,0.0
.osp,1,0.0
.sop,1,0.0
.docsdb,1,0.0
.vocabulary,1,0.0
.codebooks,1,0.0
.offsets,1,0.0
.rxt,1,0.0
.oldcc,1,0.0
.pb_cc,1,0.0
.fullmaster,1,0.0
.ubf,1,0.0
.bou,1,0.0
.vda,1,0.0
.din,1,0.0
.12d,1,0.0
.boundary,1,0.0
.adicht,1,0.0
.antbuild,1,0.0
.xml-org,1,0.0
.nuproj,1,0.0
.ml_mmfb,1,0.0
.ml_tabular_benchmark,1,0.0
.pybnn,1,0.0
.xgboostbenchmark,1,0.0
.nasbench_101,1,0.0
.nasbench_1shot1,1,0.0
.nasbench_201,1,0.0
.tabularbenchmarks,1,0.0
.odbenchmarks,1,0.0
.odkerneldensityestimation,1,0.0
.cartpole,1,0.0
.learnabenchmark,1,0.0
.paramnetbenchmark,1,0.0
.charles,1,0.0
.vrdrivermanifest,1,0.0
.profiles_linc_macaq,1,0.0
.profiles_linc_mouse,1,0.0
.profiles_linc_rat,1,0.0
.profiles_linc_zebra,1,0.0
.xist-001,1,0.0
.mocha,1,0.0
.gan,1,0.0
.lammps_data,1,0.0
.txyz,1,0.0
.aapl,1,0.0
.ini~,1,0.0
.minimum,1,0.0
.theory_cl,1,0.0
.dataset~,1,0.0
.paramnames~,1,0.0
.coo,1,0.0
.gccjoshy,1,0.0
.joshy,1,0.0
.ystone,1,0.0
.jarjar,1,0.0
.dreg,1,0.0
.cuh_temp,1,0.0
.nobox,1,0.0
.nooptim,1,0.0
.sheared,1,0.0
.singlepoint,1,0.0
.2020,1,0.0
.musl,1,0.0
.r2010a,1,0.0
.tasty,1,0.0
.launchersessionlistener,1,0.0
.gtm,1,0.0
.04_acescontainer,1,0.0
.04_brew,1,0.0
.04_lto,1,0.0
.04_no_libtiff_valgrind,1,0.0
.04_openexr2_shared,1,0.0
.04_openexr2_static,1,0.0
.04_openexr33,1,0.0
.04_openexr34,1,0.0
.fhiaims,1,0.0
.rbs,1,0.0
.dockcross,1,0.0
.dockcross-manylinux,1,0.0
.dockcross-musl,1,0.0
.manylinux-mkl,1,0.0
.winaarch64,1,0.0
.20151112-1155,1,0.0
.m20150904-0015,1,0.0
.binja,1,0.0
.bytecode,1,0.0
.ndoc,1,0.0
.kpf,1,0.0
.wdproj,1,0.0
.simulation,1,0.0
.n2t,1,0.0
.htsbox,1,0.0
.longread,1,0.0
.quickmerge,1,0.0
.rst_,1,0.0
.mas12,1,0.0
.darkstar,1,0.0
.gcc-atlas,1,0.0
.gcc-essl,1,0.0
.gcc-linux,1,0.0
.gcc-mkl,1,0.0
.gcc-openblas,1,0.0
.hydra,1,0.0
.intel-mkl,1,0.0
.knl-intel,1,0.0
.nec-aurora,1,0.0
.pgi-mkl,1,0.0
.supermuc,1,0.0
.xc30_sisu-cray,1,0.0
.xc30_sisu-intel,1,0.0
.xc50-arm_isambard-craype,1,0.0
.xl-essl,1,0.0
.pvcc,1,0.0
.cpd,1,0.0
.line3,1,0.0
.line4,1,0.0
.line5,1,0.0
.line6,1,0.0
.plane1,1,0.0
.plane10,1,0.0
.plane11,1,0.0
.plane12,1,0.0
.plane13,1,0.0
.plane2,1,0.0
.plane3,1,0.0
.plane4,1,0.0
.plane5,1,0.0
.plane6,1,0.0
.plane7,1,0.0
.plane8,1,0.0
.plane9,1,0.0
.chgcar,1,0.0
.tess,1,0.0
.contcar,1,0.0
.abin,1,0.0
.gau,1,0.0
.struct_in,1,0.0
.in_control,1,0.0
.frac,1,0.0
.mols,1,0.0
.ebe916c018ac,1,0.0
.411602be3a6f,1,0.0
.cd9ea224808d,1,0.0
.bf1b5f1da709,1,0.0
.french,1,0.0
.russian,1,0.0
.spanish,1,0.0
.eqns,1,0.0
.wdm,1,0.0
.reloc,1,0.0
.rtti,1,0.0
.xdbg,1,0.0
.swagger,1,0.0
.gbd,1,0.0
.dotfile,1,0.0
.enp,1,0.0
.numpy,1,0.0
.rawb,1,0.0
.md5sum~,1,0.0
.print,1,0.0
.tpf,1,0.0
.clumped,1,0.0
.ibf,1,0.0
.dph,1,0.0
.jeh,1,0.0
.rvfn,1,0.0
.wnp,1,0.0
.syn1neg,1,0.0
.gbias,1,0.0
.31cc,1,0.0
.w64,1,0.0
.attributes,1,0.0
.glnx86,1,0.0
.maci,1,0.0
.addendum,1,0.0
.ascii-format,1,0.0
.freetb4matlab,1,0.0
.pydevproject,1,0.0
.mpu,1,0.0
.rpk,1,0.0
.cpp2,1,0.0
.rj,1,0.0
.lfasta1,1,0.0
.lfasta2,1,0.0
.gpad,1,0.0
.update-web-site,1,0.0
.jproc,1,0.0
.pixexp,1,0.0
.owl~,1,0.0
.spheres,1,0.0
.10000,1,0.0
.5000,1,0.0
.lam~,1,0.0
.twistdna_1stequilib,1,0.0
.twistdna_2ndequilib,1,0.0
.1stequilib,1,0.0
.2ndequilib,1,0.0
.first_equilib,1,0.0
.tracks,1,0.0
.tracks_new,1,0.0
.sap,1,0.0
.onto,1,0.0
.bmf,1,0.0
.fti,1,0.0
.lei,1,0.0
.gae-deploy,1,0.0
._t_,1,0.0
.ais,1,0.0
.filplot001,1,0.0
.filplot002,1,0.0
.pdos_atm#1(c)_wfc#1(s),1,0.0
.pdos_atm#1(c)_wfc#2(p),1,0.0
.pdos_atm#2(c)_wfc#1(s),1,0.0
.pdos_atm#2(c)_wfc#2(p),1,0.0
.pdos_atm#1(si)_wfc#1(s),1,0.0
.pdos_atm#1(si)_wfc#2(p),1,0.0
.pdos_atm#2(si)_wfc#1(s),1,0.0
.pdos_atm#2(si)_wfc#2(p),1,0.0
.pdos_atm#1(si1)_wfc#1(s),1,0.0
.pdos_atm#1(si1)_wfc#2(p),1,0.0
.pdos_atm#2(si2)_wfc#1(s),1,0.0
.pdos_atm#2(si2)_wfc#2(p),1,0.0
.nnkp,1,0.0
.code-snippets,1,0.0
.fdwprovider,1,0.0
.codec,1,0.0
.docvaluesformat,1,0.0
.postingsformat,1,0.0
.xcontentbuilderextension,1,0.0
.cnc,1,0.0
.bis1,1,0.0
.bis2,1,0.0
.bis3,1,0.0
.bis4,1,0.0
.max1,1,0.0
.max2,1,0.0
.dddmp,1,0.0
.testdddmp,1,0.0
.probed,1,0.0
.avr32,1,0.0
.bfin,1,0.0
.c6x,1,0.0
.cris,1,0.0
.e1,1,0.0
.frv,1,0.0
.h8300,1,0.0
.hppa,1,0.0
.i960,1,0.0
.m68k,1,0.0
.metag,1,0.0
.microblaze,1,0.0
.mips,1,0.0
.nios,1,0.0
.nios2,1,0.0
.powerpc,1,0.0
.sh64,1,0.0
.v850,1,0.0
.vax,1,0.0
.xtensa,1,0.0
.h5x,1,0.0
.luabins,1,0.0
.expect-trace,1,0.0
.sacct,1,0.0
.tango,1,0.0
.jetinc,1,0.0
.propertiesjetinc,1,0.0
.xmljetinc,1,0.0
.chl,1,0.0
.ar2v,1,0.0
.pdb_bk,1,0.0
.pdb_report_npt,1,0.0
.pdb_report_nvt,1,0.0
.phase3,1,0.0
.phases12,1,0.0
.py_old_version_,1,0.0
.cpdttactics,1,0.0
.gitmodules,1,0.0
.drivers,1,0.0
.jpe,1,0.0
.gm16,1,0.0
.no_debug,1,0.0
.bootloader,1,0.0
.no_bootloader,1,0.0
.test_app_with_bootloader,1,0.0
.vpj,1,0.0
.1_extraparams,1,0.0
.1_mainparams,1,0.0
.com_copy,1,0.0
.deeplearn2,1,0.0
.pctsp,1,0.0
.gendsp,1,0.0
.domain,1,0.0
.bndrun,1,0.0
.userlibraries,1,0.0
.cxml,1,0.0
.storesalloutputs,1,0.0
.sams,1,0.0
.completeness_report,1,0.0
.alfredworkflow,1,0.0
.kineloader,1,0.0
.float,1,0.0
.json_old,1,0.0
.sctlmc,1,0.0
.114820686z--2e219248f44546d966808cdd20cb6c36df6efa82,1,0.0
.619797912z--cd5b17da5ad176905c12fc85ce43ec287ab55363,1,0.0
.296783389z--50bb02281de5f00cc1f1dd5a6692da3fa9b2d912,1,0.0
.114820686z--0638e1574728b6d862dd5d3a3e0942c3be47d996,1,0.0
.114820686z--0fbdc686b912d7722dc86510934589e0aaf3b55a,1,0.0
.114820686z--9186eb3d20cbd1f5f992a950d808c4495153abd5,1,0.0
.114820686z--ca843569e3427144cead5e4d5999a3d0ccf92b8e,1,0.0
.114820686z--ed9d02e382b34818e88b88a309c7fe71e65f419d,1,0.0
.giga_all_zpar_msr_model,1,0.0
.komprent,1,0.0
.vmt,1,0.0
.lockb,1,0.0
.seq_fea,1,0.0
.struct_fea,1,0.0
.tx_,1,0.0
.mathematica,1,0.0
.headfile,1,0.0
.brik,1,0.0
.obinary,1,0.0
.allprimerfactors,1,0.0
.loess,1,0.0
.z13,1,0.0
.z14,1,0.0
.z15,1,0.0
.xml_bak,1,0.0
.coffea,1,0.0
.ubj,1,0.0
.0_coregisterstainstohe,1,0.0
.0_quickcheckreg,1,0.0
.0_applyxfmtopngs,1,0.0
.0_extractexdicoms3t,1,0.0
.1_splitcombinedeximage3t,1,0.0
.2_orienteximages,1,0.0
.5_procexdti,1,0.0
.0_extractpostopdicoms,1,0.0
.1_computepostopdespot1,1,0.0
.2_despotskullstrip,1,0.0
.0_extractpreopdicoms,1,0.0
.1_computedespot1,1,0.0
.2_robustskullstrip,1,0.0
.3_synt1wbrains,1,0.0
.5_tissuesegbiascorrect,1,0.0
.6_computedespot2,1,0.0
.7_skullstripdespotoutput,1,0.0
.9_identifydtmridicoms,1,0.0
.2_resampleto100um,1,0.0
.4t_neo,1,0.0
.1_warpdtitoaligned,1,0.0
.1_checkreganatexdti,1,0.0
.2_checkalignedexdti,1,0.0
.0_initregextopre#,1,0.0
.0_initregextopre,1,0.0
.0_concatrigxfms,1,0.0
.1_nregwarpneotohist,1,0.0
.label~,1,0.0
.v03,1,0.0
.1_runsinglesubjprestats,1,0.0
.2_rundistortcorrect,1,0.0
.3_runsinglesubjica,1,0.0
.1_coregfreesurferlabels,1,0.0
.0_runroiconnectivityfeat,1,0.0
.2a,1,0.0
.4b,1,0.0
.4c,1,0.0
.4d,1,0.0
.4e,1,0.0
.4f,1,0.0
.4g,1,0.0
.04_freevnc,1,0.0
.sci~,1,0.0
.qdocconf,1,0.0
.cq4,1,0.0
.cq4t,1,0.0
.internals,1,0.0
.coef,1,0.0
.30_200_300mpc_v3,1,0.0
.87_200_300mpc_v3,1,0.0
.68_200_300mpc_v3,1,0.0
.40_200_300mpc_v3,1,0.0
.49_200_300mpc_v3,1,0.0
.41_200_300mpc_v3,1,0.0
.97_200_300mpc_v3,1,0.0
.08_200_300mpc_v3,1,0.0
.04_200_300mpc_v3,1,0.0
.34_200_300mpc_v3,1,0.0
.07_200_300mpc_v3,1,0.0
.78_200_300mpc_v3,1,0.0
.47_200_300mpc_v3,1,0.0
.09_200_300mpc_v3,1,0.0
.00_200_300mpc_v3,1,0.0
.88_200_300mpc_v3,1,0.0
.22_200_300mpc_v3,1,0.0
.66_200_300mpc_v3,1,0.0
.19_200_300mpc_v3,1,0.0
.53_200_300mpc_v3,1,0.0
.69_200_300mpc_v3,1,0.0
.67_200_300mpc_v3,1,0.0
.90_200_300mpc_v3,1,0.0
.64_200_300mpc_v3,1,0.0
.58_200_300mpc_v3,1,0.0
.59_200_300mpc_v3,1,0.0
.61_200_300mpc_v3,1,0.0
.92_200_300mpc_v3,1,0.0
.03_200_300mpc_v3,1,0.0
.44_200_300mpc_v3,1,0.0
.74_200_300mpc_v3,1,0.0
.05_200_300mpc_v3,1,0.0
.42_200_300mpc_v3,1,0.0
.ctex,1,0.0
.c-old,1,0.0
.py_old,1,0.0
.canonical_stanza,1,0.0
.f_worksforglobal,1,0.0
.w_night_iso,1,0.0
.eqn_backup,1,0.0
.eqn_backup2,1,0.0
.eqn_backup3,1,0.0
.eqn_backup4,1,0.0
.eqn_bf-pls,1,0.0
.eqn_bf_doubl-chck,1,0.0
.eqn_bf_updates,1,0.0
.eqn_difftracer,1,0.0
.eqn_fri22may,1,0.0
.eqn_inpn,1,0.0
.eqn_lnox,1,0.0
.eqn_orig_az,1,0.0
.spc_orig,1,0.0
.f_bf-dep_updts,1,0.0
.dyn_em,1,0.0
.tenddec,1,0.0
.dyn_nmm,1,0.0
.io_esmf,1,0.0
.io_grib1,1,0.0
.grb,1,0.0
.io_grib2,1,0.0
.phdf5,1,0.0
.f90btg,1,0.0
.hydro,1,0.0
.io_config,1,0.0
.rsl_output,1,0.0
.windturbine,1,0.0
.avgflx,1,0.0
.bdy_perturb,1,0.0
.diags,1,0.0
.dimspec,1,0.0
.em_chem,1,0.0
.em_common,1,0.0
.io_boilerplate,1,0.0
.nmm_chem,1,0.0
.nmm_hwrf,1,0.0
.nmm_nest,1,0.0
.stoch,1,0.0
.var_chem,1,0.0
.wrfvar,1,0.0
.a1b,1,0.0
.rcp6,1,0.0
.expanded_rain,1,0.0
.expanded_rain_dbl,1,0.0
.tslist,1,0.0
.backwards,1,0.0
.esmfsst,1,0.0
.netcdfsst,1,0.0
.um=0,1,0.0
.um=20,1,0.0
.100m,1,0.0
.200m,1,0.0
.400m,1,0.0
.grav2d_x,1,0.0
.heldsuarez,1,0.0
.quarter_ss,1,0.0
.nco,1,0.0
.grid_fdda,1,0.0
.obs_fdda,1,0.0
.windspec,1,0.0
.seabreeze,1,0.0
.chem_nmm,1,0.0
.wps,1,0.0
.center,1,0.0
.page1,1,0.0
.page2,1,0.0
.012,1,0.0
.013,1,0.0
.014,1,0.0
.015,1,0.0
.016,1,0.0
.017,1,0.0
.018,1,0.0
.019,1,0.0
.021,1,0.0
.022,1,0.0
.023,1,0.0
.024,1,0.0
.025,1,0.0
.026,1,0.0
.027,1,0.0
.028,1,0.0
.029,1,0.0
.030,1,0.0
.031,1,0.0
.032,1,0.0
.033,1,0.0
.034,1,0.0
.035,1,0.0
.036,1,0.0
.037,1,0.0
.038,1,0.0
.041,1,0.0
.042,1,0.0
.043,1,0.0
.044,1,0.0
.045,1,0.0
.046,1,0.0
.048,1,0.0
.049,1,0.0
.050,1,0.0
.051,1,0.0
.052,1,0.0
.053,1,0.0
.054,1,0.0
.055,1,0.0
.056,1,0.0
.057,1,0.0
.058,1,0.0
.059,1,0.0
.061,1,0.0
.062,1,0.0
.063,1,0.0
.064,1,0.0
.065,1,0.0
.066,1,0.0
.067,1,0.0
.068,1,0.0
.069,1,0.0
.070,1,0.0
.071,1,0.0
.072,1,0.0
.073,1,0.0
.074,1,0.0
.075,1,0.0
.076,1,0.0
.077,1,0.0
.078,1,0.0
.079,1,0.0
.081,1,0.0
.082,1,0.0
.083,1,0.0
.084,1,0.0
.085,1,0.0
.086,1,0.0
.087,1,0.0
.088,1,0.0
.089,1,0.0
.090,1,0.0
.091,1,0.0
.092,1,0.0
.093,1,0.0
.094,1,0.0
.095,1,0.0
.096,1,0.0
.097,1,0.0
.098,1,0.0
.102,1,0.0
.103,1,0.0
.106,1,0.0
.107,1,0.0
.108,1,0.0
.109,1,0.0
.110,1,0.0
.111,1,0.0
.112,1,0.0
.113,1,0.0
.114,1,0.0
.115,1,0.0
.116,1,0.0
.118,1,0.0
.119,1,0.0
.121,1,0.0
.122,1,0.0
.123,1,0.0
.124,1,0.0
.125,1,0.0
.126,1,0.0
.129,1,0.0
.131,1,0.0
.132,1,0.0
.133,1,0.0
.134,1,0.0
.135,1,0.0
.136,1,0.0
.137,1,0.0
.139,1,0.0
.141,1,0.0
.142,1,0.0
.143,1,0.0
.144,1,0.0
.145,1,0.0
.146,1,0.0
.147,1,0.0
.148,1,0.0
.149,1,0.0
.151,1,0.0
.152,1,0.0
.153,1,0.0
.154,1,0.0
.155,1,0.0
.156,1,0.0
.157,1,0.0
.158,1,0.0
.159,1,0.0
.161,1,0.0
.162,1,0.0
.163,1,0.0
.164,1,0.0
.166,1,0.0
.167,1,0.0
.168,1,0.0
.169,1,0.0
.170,1,0.0
.171,1,0.0
.172,1,0.0
.173,1,0.0
.174,1,0.0
.175,1,0.0
.176,1,0.0
.177,1,0.0
.178,1,0.0
.179,1,0.0
.181,1,0.0
.182,1,0.0
.183,1,0.0
.184,1,0.0
.185,1,0.0
.186,1,0.0
.187,1,0.0
.188,1,0.0
.189,1,0.0
.190,1,0.0
.191,1,0.0
.192,1,0.0
.193,1,0.0
.194,1,0.0
.195,1,0.0
.197,1,0.0
.198,1,0.0
.205,1,0.0
.207,1,0.0
.209,1,0.0
.210,1,0.0
.211,1,0.0
.212,1,0.0
.213,1,0.0
.214,1,0.0
.215,1,0.0
.216,1,0.0
.217,1,0.0
.218,1,0.0
.219,1,0.0
.221,1,0.0
.222,1,0.0
.223,1,0.0
.224,1,0.0
.225,1,0.0
.226,1,0.0
.227,1,0.0
.229,1,0.0
.231,1,0.0
.232,1,0.0
.233,1,0.0
.234,1,0.0
.235,1,0.0
.236,1,0.0
.237,1,0.0
.239,1,0.0
.241,1,0.0
.242,1,0.0
.243,1,0.0
.244,1,0.0
.245,1,0.0
.246,1,0.0
.247,1,0.0
.249,1,0.0
.251,1,0.0
.252,1,0.0
.253,1,0.0
.254,1,0.0
.257,1,0.0
.259,1,0.0
.261,1,0.0
.262,1,0.0
.263,1,0.0
.264,1,0.0
.265,1,0.0
.267,1,0.0
.268,1,0.0
.269,1,0.0
.270,1,0.0
.271,1,0.0
.272,1,0.0
.273,1,0.0
.274,1,0.0
.275,1,0.0
.276,1,0.0
.277,1,0.0
.278,1,0.0
.279,1,0.0
.281,1,0.0
.282,1,0.0
.283,1,0.0
.284,1,0.0
.285,1,0.0
.286,1,0.0
.287,1,0.0
.288,1,0.0
.289,1,0.0
.290,1,0.0
.291,1,0.0
.292,1,0.0
.293,1,0.0
.294,1,0.0
.295,1,0.0
.296,1,0.0
.297,1,0.0
.298,1,0.0
.303,1,0.0
.304,1,0.0
.305,1,0.0
.306,1,0.0
.307,1,0.0
.308,1,0.0
.309,1,0.0
.313,1,0.0
.314,1,0.0
.315,1,0.0
.317,1,0.0
.318,1,0.0
.319,1,0.0
.322,1,0.0
.323,1,0.0
.324,1,0.0
.325,1,0.0
.326,1,0.0
.327,1,0.0
.328,1,0.0
.329,1,0.0
.332,1,0.0
.333,1,0.0
.334,1,0.0
.335,1,0.0
.336,1,0.0
.337,1,0.0
.338,1,0.0
.339,1,0.0
.343,1,0.0
.344,1,0.0
.345,1,0.0
.346,1,0.0
.347,1,0.0
.348,1,0.0
.349,1,0.0
.355,1,0.0
.356,1,0.0
.357,1,0.0
.358,1,0.0
.359,1,0.0
.361,1,0.0
.371,1,0.0
.372,1,0.0
.373,1,0.0
.374,1,0.0
.375,1,0.0
.376,1,0.0
.377,1,0.0
.378,1,0.0
.379,1,0.0
.381,1,0.0
.382,1,0.0
.383,1,0.0
.385,1,0.0
.386,1,0.0
.388,1,0.0
.389,1,0.0
.390,1,0.0
.391,1,0.0
.392,1,0.0
.393,1,0.0
.394,1,0.0
.395,1,0.0
.396,1,0.0
.397,1,0.0
.398,1,0.0
.401,1,0.0
.402,1,0.0
.403,1,0.0
.404,1,0.0
.406,1,0.0
.407,1,0.0
.408,1,0.0
.409,1,0.0
.410,1,0.0
.411,1,0.0
.412,1,0.0
.413,1,0.0
.414,1,0.0
.415,1,0.0
.416,1,0.0
.417,1,0.0
.418,1,0.0
.419,1,0.0
.421,1,0.0
.423,1,0.0
.425,1,0.0
.426,1,0.0
.427,1,0.0
.428,1,0.0
.429,1,0.0
.431,1,0.0
.432,1,0.0
.434,1,0.0
.435,1,0.0
.436,1,0.0
.437,1,0.0
.438,1,0.0
.441,1,0.0
.443,1,0.0
.444,1,0.0
.445,1,0.0
.446,1,0.0
.447,1,0.0
.448,1,0.0
.449,1,0.0
.451,1,0.0
.452,1,0.0
.453,1,0.0
.454,1,0.0
.455,1,0.0
.456,1,0.0
.457,1,0.0
.458,1,0.0
.459,1,0.0
.461,1,0.0
.462,1,0.0
.463,1,0.0
.464,1,0.0
.465,1,0.0
.466,1,0.0
.467,1,0.0
.468,1,0.0
.469,1,0.0
.470,1,0.0
.471,1,0.0
.472,1,0.0
.473,1,0.0
.474,1,0.0
.475,1,0.0
.476,1,0.0
.477,1,0.0
.478,1,0.0
.479,1,0.0
.481,1,0.0
.482,1,0.0
.483,1,0.0
.484,1,0.0
.485,1,0.0
.486,1,0.0
.487,1,0.0
.488,1,0.0
.489,1,0.0
.490,1,0.0
.491,1,0.0
.492,1,0.0
.493,1,0.0
.494,1,0.0
.495,1,0.0
.496,1,0.0
.497,1,0.0
.498,1,0.0
.502,1,0.0
.503,1,0.0
.504,1,0.0
.505,1,0.0
.506,1,0.0
.507,1,0.0
.508,1,0.0
.509,1,0.0
.510,1,0.0
.511,1,0.0
.513,1,0.0
.514,1,0.0
.515,1,0.0
.516,1,0.0
.517,1,0.0
.518,1,0.0
.519,1,0.0
.521,1,0.0
.522,1,0.0
.523,1,0.0
.524,1,0.0
.525,1,0.0
.526,1,0.0
.527,1,0.0
.528,1,0.0
.529,1,0.0
.530,1,0.0
.531,1,0.0
.532,1,0.0
.533,1,0.0
.534,1,0.0
.535,1,0.0
.536,1,0.0
.537,1,0.0
.538,1,0.0
.539,1,0.0
.541,1,0.0
.542,1,0.0
.543,1,0.0
.544,1,0.0
.545,1,0.0
.546,1,0.0
.547,1,0.0
.548,1,0.0
.549,1,0.0
.551,1,0.0
.552,1,0.0
.553,1,0.0
.554,1,0.0
.555,1,0.0
.556,1,0.0
.557,1,0.0
.558,1,0.0
.559,1,0.0
.560,1,0.0
.561,1,0.0
.562,1,0.0
.563,1,0.0
.564,1,0.0
.565,1,0.0
.566,1,0.0
.567,1,0.0
.568,1,0.0
.569,1,0.0
.570,1,0.0
.571,1,0.0
.572,1,0.0
.573,1,0.0
.574,1,0.0
.575,1,0.0
.576,1,0.0
.577,1,0.0
.578,1,0.0
.579,1,0.0
.580,1,0.0
.581,1,0.0
.582,1,0.0
.583,1,0.0
.584,1,0.0
.585,1,0.0
.586,1,0.0
.587,1,0.0
.588,1,0.0
.589,1,0.0
.590,1,0.0
.591,1,0.0
.592,1,0.0
.593,1,0.0
.594,1,0.0
.595,1,0.0
.596,1,0.0
.597,1,0.0
.598,1,0.0
.601,1,0.0
.602,1,0.0
.603,1,0.0
.604,1,0.0
.605,1,0.0
.606,1,0.0
.607,1,0.0
.608,1,0.0
.609,1,0.0
.610,1,0.0
.611,1,0.0
.612,1,0.0
.613,1,0.0
.614,1,0.0
.615,1,0.0
.616,1,0.0
.617,1,0.0
.618,1,0.0
.619,1,0.0
.621,1,0.0
.622,1,0.0
.623,1,0.0
.624,1,0.0
.625,1,0.0
.626,1,0.0
.627,1,0.0
.628,1,0.0
.629,1,0.0
.631,1,0.0
.632,1,0.0
.633,1,0.0
.634,1,0.0
.636,1,0.0
.637,1,0.0
.638,1,0.0
.639,1,0.0
.641,1,0.0
.642,1,0.0
.643,1,0.0
.644,1,0.0
.645,1,0.0
.647,1,0.0
.648,1,0.0
.649,1,0.0
.651,1,0.0
.652,1,0.0
.653,1,0.0
.654,1,0.0
.655,1,0.0
.656,1,0.0
.657,1,0.0
.658,1,0.0
.659,1,0.0
.660,1,0.0
.661,1,0.0
.662,1,0.0
.663,1,0.0
.664,1,0.0
.665,1,0.0
.666,1,0.0
.667,1,0.0
.668,1,0.0
.669,1,0.0
.670,1,0.0
.671,1,0.0
.672,1,0.0
.673,1,0.0
.674,1,0.0
.675,1,0.0
.676,1,0.0
.677,1,0.0
.678,1,0.0
.679,1,0.0
.680,1,0.0
.681,1,0.0
.682,1,0.0
.683,1,0.0
.684,1,0.0
.685,1,0.0
.687,1,0.0
.688,1,0.0
.689,1,0.0
.690,1,0.0
.691,1,0.0
.692,1,0.0
.693,1,0.0
.694,1,0.0
.695,1,0.0
.696,1,0.0
.697,1,0.0
.698,1,0.0
.701,1,0.0
.702,1,0.0
.703,1,0.0
.704,1,0.0
.705,1,0.0
.706,1,0.0
.707,1,0.0
.708,1,0.0
.709,1,0.0
.710,1,0.0
.711,1,0.0
.712,1,0.0
.713,1,0.0
.714,1,0.0
.715,1,0.0
.716,1,0.0
.717,1,0.0
.718,1,0.0
.719,1,0.0
.720,1,0.0
.721,1,0.0
.722,1,0.0
.723,1,0.0
.724,1,0.0
.725,1,0.0
.726,1,0.0
.727,1,0.0
.728,1,0.0
.729,1,0.0
.730,1,0.0
.731,1,0.0
.732,1,0.0
.733,1,0.0
.734,1,0.0
.735,1,0.0
.736,1,0.0
.737,1,0.0
.738,1,0.0
.739,1,0.0
.740,1,0.0
.741,1,0.0
.742,1,0.0
.743,1,0.0
.744,1,0.0
.745,1,0.0
.746,1,0.0
.747,1,0.0
.748,1,0.0
.749,1,0.0
.750,1,0.0
.751,1,0.0
.752,1,0.0
.753,1,0.0
.754,1,0.0
.755,1,0.0
.756,1,0.0
.757,1,0.0
.758,1,0.0
.759,1,0.0
.760,1,0.0
.761,1,0.0
.762,1,0.0
.763,1,0.0
.764,1,0.0
.765,1,0.0
.766,1,0.0
.767,1,0.0
.769,1,0.0
.770,1,0.0
.771,1,0.0
.772,1,0.0
.773,1,0.0
.774,1,0.0
.775,1,0.0
.776,1,0.0
.777,1,0.0
.778,1,0.0
.779,1,0.0
.780,1,0.0
.781,1,0.0
.782,1,0.0
.783,1,0.0
.784,1,0.0
.785,1,0.0
.786,1,0.0
.787,1,0.0
.788,1,0.0
.789,1,0.0
.790,1,0.0
.791,1,0.0
.792,1,0.0
.793,1,0.0
.794,1,0.0
.795,1,0.0
.796,1,0.0
.797,1,0.0
.798,1,0.0
.801,1,0.0
.802,1,0.0
.803,1,0.0
.804,1,0.0
.805,1,0.0
.806,1,0.0
.807,1,0.0
.808,1,0.0
.809,1,0.0
.810,1,0.0
.811,1,0.0
.812,1,0.0
.813,1,0.0
.814,1,0.0
.815,1,0.0
.816,1,0.0
.817,1,0.0
.818,1,0.0
.819,1,0.0
.820,1,0.0
.821,1,0.0
.822,1,0.0
.823,1,0.0
.824,1,0.0
.825,1,0.0
.826,1,0.0
.827,1,0.0
.828,1,0.0
.829,1,0.0
.830,1,0.0
.831,1,0.0
.832,1,0.0
.833,1,0.0
.834,1,0.0
.835,1,0.0
.836,1,0.0
.837,1,0.0
.838,1,0.0
.839,1,0.0
.840,1,0.0
.842,1,0.0
.843,1,0.0
.844,1,0.0
.845,1,0.0
.846,1,0.0
.847,1,0.0
.848,1,0.0
.849,1,0.0
.850,1,0.0
.851,1,0.0
.852,1,0.0
.853,1,0.0
.854,1,0.0
.855,1,0.0
.856,1,0.0
.857,1,0.0
.858,1,0.0
.859,1,0.0
.860,1,0.0
.861,1,0.0
.862,1,0.0
.863,1,0.0
.864,1,0.0
.865,1,0.0
.866,1,0.0
.867,1,0.0
.868,1,0.0
.869,1,0.0
.870,1,0.0
.871,1,0.0
.872,1,0.0
.873,1,0.0
.874,1,0.0
.875,1,0.0
.876,1,0.0
.877,1,0.0
.878,1,0.0
.879,1,0.0
.880,1,0.0
.881,1,0.0
.882,1,0.0
.883,1,0.0
.884,1,0.0
.885,1,0.0
.886,1,0.0
.887,1,0.0
.888,1,0.0
.889,1,0.0
.890,1,0.0
.891,1,0.0
.892,1,0.0
.893,1,0.0
.894,1,0.0
.895,1,0.0
.896,1,0.0
.897,1,0.0
.898,1,0.0
.901,1,0.0
.902,1,0.0
.903,1,0.0
.904,1,0.0
.905,1,0.0
.906,1,0.0
.907,1,0.0
.908,1,0.0
.909,1,0.0
.910,1,0.0
.911,1,0.0
.912,1,0.0
.913,1,0.0
.914,1,0.0
.915,1,0.0
.916,1,0.0
.917,1,0.0
.918,1,0.0
.919,1,0.0
.920,1,0.0
.921,1,0.0
.922,1,0.0
.923,1,0.0
.924,1,0.0
.925,1,0.0
.926,1,0.0
.927,1,0.0
.928,1,0.0
.929,1,0.0
.930,1,0.0
.931,1,0.0
.932,1,0.0
.933,1,0.0
.934,1,0.0
.935,1,0.0
.936,1,0.0
.937,1,0.0
.938,1,0.0
.939,1,0.0
.940,1,0.0
.942,1,0.0
.943,1,0.0
.944,1,0.0
.945,1,0.0
.946,1,0.0
.947,1,0.0
.948,1,0.0
.949,1,0.0
.950,1,0.0
.951,1,0.0
.952,1,0.0
.953,1,0.0
.954,1,0.0
.955,1,0.0
.956,1,0.0
.957,1,0.0
.958,1,0.0
.959,1,0.0
.961,1,0.0
.962,1,0.0
.963,1,0.0
.964,1,0.0
.965,1,0.0
.966,1,0.0
.967,1,0.0
.968,1,0.0
.969,1,0.0
.970,1,0.0
.971,1,0.0
.972,1,0.0
.973,1,0.0
.974,1,0.0
.975,1,0.0
.c_old,1,0.0
.cpipe,1,0.0
.gems,1,0.0
.tpt,1,0.0
.actr,1,0.0
.pert,1,0.0
.ppl,1,0.0
.act,1,0.0
.animal,1,0.0
.attribute,1,0.0
.feeling,1,0.0
.food,1,0.0
.location,1,0.0
.motive,1,0.0
.person,1,0.0
.phenomenon,1,0.0
.plant,1,0.0
.process,1,0.0
.quantity,1,0.0
.relation,1,0.0
.substance,1,0.0
.tops,1,0.0
.change,1,0.0
.competition,1,0.0
.consumption,1,0.0
.contact,1,0.0
.creation,1,0.0
.emotion,1,0.0
.motion,1,0.0
.perception,1,0.0
.social,1,0.0
.stative,1,0.0
.weather,1,0.0
.suml,1,0.0
.icons,1,0.0
.34_georesolve,1,0.0
.34_orig_geoparser,1,0.0
.spid,1,0.0
.2017-08-22,1,0.0
.bad-json,1,0.0
.json-triples,1,0.0
.invertito,1,0.0
.neigh,1,0.0
.mesh-0,1,0.0
.atf,1,0.0
.fods,1,0.0
.hnotcompile,1,0.0
.dune,1,0.0
.itree,1,0.0
.903003751z--5409ed021d9299bf6814279a6a1411a7e866a631,1,0.0
.794553183z--6ecbe1db9ef729cbe972c83fb886247691fb6beb,1,0.0
.696351411z--e36ea790bc9d7ab70c55260c66d52b1eca985f84,1,0.0
.479938556z--e834ec434daba538cd1b9fe1582052b880bd7e63,1,0.0
.260348580z--78dc5d2d739606d31509c31d654056a45185ecb6,1,0.0
.178294829z--a8dda8d7f5310e4a9e24f8eba77e091ac264f872,1,0.0
.960499696z--06cef8e666768cc40cc78cf93d9611019ddcb628,1,0.0
.757010386z--4404ac8bd8f9618d27ad2f1485aa1b2cfd82482d,1,0.0
.554233052z--7457d5e02197480db681d3fdf256c7aca21bdc12,1,0.0
.342711541z--91c987bf62d25945db517bdaa840a6c661374402,1,0.0
.532037737z--e8816898d851d5b61b7f950627d04d794c07ca37,1,0.0
.lgplv3,1,0.0
.mbsd,1,0.0
.auto_bridge,1,0.0
.auto_client,1,0.0
.auto_first,1,0.0
.auto_router,1,0.0
.auto_server,1,0.0
.cidr,1,0.0
.cidr_reverse,1,0.0
.comment,1,0.0
.exclude_packets,1,0.0
.include_dest,1,0.0
.include_packets,1,0.0
.include_source,1,0.0
.mac_reverse,1,0.0
.prep_config,1,0.0
.primary,1,0.0
.regex_reverse,1,0.0
.lp4,1,0.0
.rewritten,1,0.0
.css1,1,0.0
.tdnet,1,0.0
.2013-07-01,1,0.0
.collectstatic,1,0.0
.infomap,1,0.0
.lav,1,0.0
.nhdp,1,0.0
.pws,1,0.0
.mpfs,1,0.0
.vox,1,0.0
.linux_mac,1,0.0
.xdr,1,0.0
.1#,1,0.0
.styles,1,0.0
.plugins,1,0.0
.codegenconfig,1,0.0
.py!,1,0.0
.pgo,1,0.0
.hmd,1,0.0
.hiddenmarkovmodel,1,0.0
.11x,1,0.0
.pvdb,1,0.0
.pivot,1,0.0
.setuptools,1,0.0
.e12048212,1,0.0
.o12048212,1,0.0
.tcf,1,0.0
.myext,1,0.0
.blockhoundintegration,1,0.0
.mapperresultproducerservice,1,0.0
.corpus_generation,1,0.0
.corpus_generation_checkpoints,1,0.0
.perplexity_and_such,1,0.0
.openfoam,1,0.0
.py_save,1,0.0
. model selection,1,0.0
. meta-regression,1,0.0
. upscaling,1,0.0
. comparisons,1,0.0
. zonal stats,1,0.0
. plot maps,1,0.0
.gstat,1,0.0
.gslib,1,0.0
.rb_dir_qsub,1,0.0
.mlt,1,0.0
.kasm,1,0.0
.hxproj,1,0.0
.javalog,1,0.0
.log4j,1,0.0
.bacon,1,0.0
.tlpx,1,0.0
.def_gcc_mpich,1,0.0
.def_ia64,1,0.0
.def_ibm,1,0.0
.def_ibm64,1,0.0
.def_pgi,1,0.0
.def_sgi,1,0.0
.def_sgi64,1,0.0
.def_sun,1,0.0
.def_sun64,1,0.0
.def_sun_mpich,1,0.0
.expand_piqi_boot,1,0.0
.pp-expand-abbr,1,0.0
.pp-expand-abbr-parse-literals,1,0.0
.ada_ifort,1,0.0
.jean-zay_ifort,1,0.0
.fontsettings,1,0.0
.dxy,1,0.0
.cc_def,1,0.0
.reva,1,0.0
.revad,1,0.0
.revad-ceph,1,0.0
.revad-eos,1,0.0
.popstar,1,0.0
.stb,1,0.0
.builder-fedora-base,1,0.0
.builder-ubuntu-base,1,0.0
.runner-fedora,1,0.0
.runner-ubuntu,1,0.0
.epoch-19,1,0.0
.iter-5000,1,0.0
.iter-2,1,0.0
.shacl,1,0.0
.inferred,1,0.0
.items,1,0.0
.maxcount,1,0.0
.ilm,1,0.0
.cacert,1,0.0
.rocq-codegen,1,0.0
.cvp,1,0.0
.jas,1,0.0
.nnet,1,0.0
.tei_corpo,1,0.0
.etf,1,0.0
.mgb2_q666,1,0.0
.xml-001,1,0.0
.xml-002,1,0.0
.a0000,1,0.0
.q0020,1,0.0
.t0020,1,0.0
.b0000,1,0.0
.vthb,1,0.0
.revoked,1,0.0
.arguments,1,0.0
.theanorc,1,0.0
.ssm,1,0.0
.dfxml,1,0.0
.byt_ref,1,0.0
.3pre1,1,0.0
.envi,1,0.0
.gglensing_zbins,1,0.0
.ad_prt,1,0.0
.20120924,1,0.0
.100621,1,0.0
.100622b,1,0.0
.100323a,1,0.0
.100323c,1,0.0
.100326,1,0.0
.100323d,1,0.0
.101104,1,0.0
.101105b,1,0.0
.101105a,1,0.0
.properties_100,1,0.0
.properties_200,1,0.0
.properties_300,1,0.0
.idmap,1,0.0
.tbb_version,1,0.0
.eepic,1,0.0
.ijson,1,0.0
.opml,1,0.0
.export_metadata,1,0.0
.overall_export_metadata,1,0.0
.txt-good,1,0.0
.r2014b,1,0.0
.1_linux64bits,1,0.0
.gh_pages,1,0.0
.rotate,1,0.0
.land,1,0.0
.high_initial,1,0.0
.sexdonategbshadededtkinrndnopx,1,0.0
.sexdefault,1,0.0
.1aug2019,1,0.0
.deanhardt2021,1,0.0
.deanhardt2023,1,0.0
.possiblesupersenses,1,0.0
.frf,1,0.0
.snapp,1,0.0
.savr,1,0.0
.serialised,1,0.0
.cv,1,0.0
.wdep,1,0.0
.windep,1,0.0
.1-compute-correlations-from-raw-data,1,0.0
.2-convert-effect-sizes-into-correlation-coefficients-r,1,0.0
.arm64v8,1,0.0
.gcc_plugin,1,0.0
.copying3,1,0.0
.commercial,1,0.0
.deactivated,1,0.0
.vtm,1,0.0
.pdc,1,0.0
.board,1,0.0
.ashes,1,0.0
.infected,1,0.0
.macro_fram-intel-2018a,1,0.0
.macro_gnulinux,1,0.0
.macro_ifort,1,0.0
.macro_ifort_meomcal1,1,0.0
.macro_intel_oneapi,1,0.0
.macro_nvidia_hpc-sdk,1,0.0
.macro_occigen,1,0.0
.snappy,1,0.0
.faiss,1,0.0
.sdf5,1,0.0
.bwkd,1,0.0
.pt4,1,0.0
.dmesg,1,0.0
.nsfs,1,0.0
.vlan,1,0.0
.yaml_bk,1,0.0
.conf-devstack,1,0.0
.04-ostack-compute,1,0.0
.04-ostack-controller,1,0.0
.04-ostack-controller-cfgd,1,0.0
.04-ostack-network,1,0.0
.r8s_out,1,0.0
.chisq_r8s,1,0.0
.out_2,1,0.0
.lqn,1,0.0
.lqxo,1,0.0
.env_example,1,0.0
.unsupported-features,1,0.0
.ghi,1,0.0
.qlab4,1,0.0
.selfies,1,0.0
.abap,1,0.0
.alda,1,0.0
.aql,1,0.0
.c9search_results,1,0.0
.cedar,1,0.0
.cedarschema,1,0.0
.cirru,1,0.0
.clue,1,0.0
.cr,1,0.0
.curly,1,0.0
.djt,1,0.0
.flix,1,0.0
.frt,1,0.0
.fsi,1,0.0
.groq,1,0.0
.io,1,0.0
.jack,1,0.0
.jexl,1,0.0
.jssm,1,0.0
.lsl,1,0.0
.lucene,1,0.0
.mask,1,0.0
.mz,1,0.0
.mixal,1,0.0
.nas,1,0.0
.nunjucks,1,0.0
.partiql,1,0.0
.pgsql,1,0.0
.plsql,1,0.0
.raku,1,0.0
.red,1,0.0
.sac,1,0.0
.scrypt,1,0.0
.smarty,1,0.0
.smithy,1,0.0
.snippets,1,0.0
.space,1,0.0
.wlk,1,0.0
.zeek,1,0.0
.aux#,1,0.0
.pyg,1,0.0
.jcp,1,0.0
.libefpmbe,1,0.0
.makefp,1,0.0
.psi4api,1,0.0
.psithon,1,0.0
.quiet,1,0.0
.timings,1,0.0
.specification,1,0.0
.npy#,1,0.0
.ada_mpiifort,1,0.0
.cal1_mpiifort,1,0.0
.jean-zay_mpiifort,1,0.0
.4spec,1,0.0
.cpp_0126_bc,1,0.0
.kmc_eq,1,0.0
.kmc_only,1,0.0
.blackrose,1,0.0
.chama,1,0.0
.g++,1,0.0
.mac_debug,1,0.0
.mac_mpi,1,0.0
.mui,1,0.0
.mui_cori,1,0.0
.mui_slurm,1,0.0
.nonmui,1,0.0
.redsky,1,0.0
.serial_debug,1,0.0
.convergence,1,0.0
.slab_2d,1,0.0
.perl_back,1,0.0
.egg~,1,0.0
.column,1,0.0
.saint,1,0.0
.doxwarn,1,0.0
.5mm_perturb_in_z,1,0.0
.5cm_grid,1,0.0
.55cm,1,0.0
.xae,1,0.0
.ccle,1,0.0
.clark,1,0.0
.ct_h_b,1,0.0
.ct_h_s,1,0.0
.ct_m_b,1,0.0
.ct_m_s,1,0.0
.encode1159,1,0.0
.gtex,1,0.0
.gtexv2,1,0.0
.registry,1,0.0
.srav1m,1,0.0
.srav3h,1,0.0
.tcga,1,0.0
.tcgav2,1,0.0
.test_gtex,1,0.0
.jons_breaking_bulk_query_test,1,0.0
.652201807_cdtbuildsystem,1,0.0
.externalsettings,1,0.0
.unk,1,0.0
.ellie,1,0.0
.regexp,1,0.0
.setup-sh,1,0.0
.analyse,1,0.0
.inspect,1,0.0
.python2,1,0.0
.python3,1,0.0
.releasebackup,1,0.0
.coreproc,1,0.0
.noss,1,0.0
.vap,1,0.0
.hive,1,0.0
.dnf,1,0.0
.kit,1,0.0
.berkeley,1,0.0
.jtag,1,0.0
.sifive,1,0.0
.gcskew,1,0.0
.skew,1,0.0
.3gon,1,0.0
.4gon,1,0.0
.5gon,1,0.0
.vtx,1,0.0
.dcproj,1,0.0
.bz,1,0.0
.conf-suse,1,0.0
.automatic_tags,1,0.0
.traindev,1,0.0
.jsonline,1,0.0
.oreo,1,0.0
.0-0-5db3b55120a19863d96460d399c2d0e,1,0.0
.0-0-4f5da98a11db8e7192423c27db767ca6,1,0.0
.0 + '1'-0-a6ec78b3b93d52034aab829d43210e73,1,0.0
.0 + 1-0-30a4b1c8227906931cd0532367bebc43,1,0.0
.0-0-87321b2e30ee2986b00b631d0e4f4d8d,1,0.0
.0 + 1l-0-44bb88a1c9280952e8119a3ab1bb4205,1,0.0
.0 + 1s-0-31fbe14d01fb532176c1689680398368,1,0.0
.0 + 1y-0-12bcf6e49e83abd2aa36ea612b418d43,1,0.0
.0-0-95a30c4b746f520f1251981a66cef5c8,1,0.0
.0-0-8dfa46ec33c1be5ffba2e40cbfe5349e,1,0.0
.0-0-3ad5e3db0d0300312d33231e7c2a6c8d,1,0.0
.attr-0-42104e7e35985f4504c6d9a79b1bb4b8,1,0.0
.star-0-7bdb861d11e895aaea545810cdac316d,1,0.0
.0 else null end -0-aeb1f906bfe92f2d406f84109301afe0,1,0.0
.0 end -0-7f5ce763801781cf568c6a31dd80b623,1,0.0
.attr case insensitive-0-98b2e34c9134208e9fe7c62d33010005,1,0.0
.attr-0-6cbb13c3a48f53fa6550dbba4d2c28fd,1,0.0
.table-0-c657beb729b6a7882309a203fc6f298e,1,0.0
.udf-0-e85ebb8ce5d939964fd87bd13b326c02,1,0.0
.attr-0-97b3c408090f758257e4bd20597a525e,1,0.0
.cartesian-0-e3c7f62795b0e7c14b41b0dc29c47619,1,0.0
.attr-0-fc8183d758151be72b3d75d9df124504,1,0.0
.attr-0-26c9d24eb6305ea2106c26bdca38012e,1,0.0
.close in lateral views-0-ac5c96224a534f07b49462ad76620678,1,0.0
.close in select-0-517f834fef35b896ec64399f42b2a151,1,0.0
. testwindowing-0-327a8cd39fe30255ff492ee86f660522,1,0.0
. testhavingwithwindowingcondranknogby-0-fef4bf638d52a9a601845347010602fd,1,0.0
. testfirstlast-0-86bb9c97d92fdcd941bcb5143513e2e6,1,0.0
. testfirstlastwithwhere-0-84345a9f685ba63b87caa4bb16b122b5,1,0.0
. testsumwindow-0-6cfc8840d3a4469b0fe11d63182cb59f,1,0.0
. testnosortclause-0-88d96a526d3cae6ed8168c5b228974d1,1,0.0
. testexpressions-0-11f6c13cf2710ce7054654cca136e73e,1,0.0
. testmultiplewindows-0-efd1476255eeb1b1961149144f574b7a,1,0.0
. testcountstar-0-1b1fc185c8fddf68e58e92f29052ab2d,1,0.0
. testudafs-0-6974e5959e41a661e09db18547fef58a,1,0.0
. testudafswithgby-0-67d15ee5915ac64a738fd4b60d75eb35,1,0.0
. testgroupbywithpartitioning-0-cb5618b1e626f3a9d4a030b508b5d251,1,0.0
. teststats-0-6dfcd7925fb267699c4bf82737d4609,1,0.0
. teststats-0-da0e0cca69e42118a96b8609b8fa5838,1,0.0
. testdists-0-672d4cb385b7ced2e446f132474293ad,1,0.0
. testlateralviews-0-dea06072f0a64fe4537fae854944ed5a,1,0.0
. testgroupbyhavingwithswqandalias-0-b996a664b06e5741c08079d5c38241bc,1,0.0
. testmultiplerangewindows-0-227e080e337d734dd88ff814b3b412e4,1,0.0
. testpartorderinudafinvoke-0-25912ae7d18c91cc09e17e57968fb5db,1,0.0
. testpartorderinwdwdef-0-88945892370ccbc1125a927a3d55342a,1,0.0
. testgroupbyhavingwithswq-0-a5a5339330a6a6660d32ccb0cc5d7100,1,0.0
. testdefaultpartitioningspecrules-0-fa80b09c99e3c1487de48ea71a88dada,1,0.0
. testrankwithpartitioning-0-45ccbaf0ee083858f7661c66b11d4768,1,0.0
. testpartitioningvariousforms-0-3436e50214f9afdec84334e10faa931a,1,0.0
. testpartitioningvariousforms2-0-cba9d84a6b1bb5e36595338d4602377e,1,0.0
. testudfonordercols-0-7647562850dd367ef1e6c63117805423,1,0.0
. testcount-0-e6e97e884327df86f16b870527ec026c,1,0.0
. testnobetweenforrows-0-99007f45b6406869e048b0e4eb9213f1,1,0.0
. testnobetweenforrange-0-d81a591e90950de291d2f133793e9283,1,0.0
. testunboundedfollowingforrows-0-fb8648e82e4dd56d6bdcfd739dd1edf0,1,0.0
. testunboundedfollowingforrange-0-3cd04e5f2398853c4850f4f86142bb39,1,0.0
. testovernopartitionsingleaggregate-0-cb3d2f8c1296044dc2658876bb6103ae,1,0.0
. testcountwithwindowingudaf-0-3bde93728761b780a745c2ce0398aa0f,1,0.0
. testcountinsubq-0-73d5274a21d4f4fd51d2a0f1d98516ce,1,0.0
. testmixedcasealias-0-4b1ad2515fb079012467e987f484a722,1,0.0
. testhavingwithwindowingnogby-0-70cdc0555a61ef08534a9ebebb95ebbf,1,0.0
.q (deterministic) 1-0-12a92d8800e0da8b515ba3eaf6a7fd0f,1,0.0
.q (deterministic) 3-0-455e41d9949a2d22bab634fd8e42f2b1,1,0.0
.q (deterministic) 4-0-cfad06ae8eba6b047d32a6a61dd59392,1,0.0
.q (deterministic) 5-0-d7ca7a61377cef3a9f721a28afdae012,1,0.0
.q (deterministic) 6-0-287bcc7679822bc7b684532b267bf11f,1,0.0
.q (deterministic)-0-36217f6074daaacddb9fcb50a3f4fb5b,1,0.0
.q (deterministic)-1-9ee79e711248dd6e0a6ce27e439e55f4,1,0.0
.q (deterministic)-2-1e88e0ba414a00195f7ebf6b8600ac04,1,0.0
.q (deterministic)-3-34d9ee4120f21d0d0ae914fba0acc60c,1,0.0
.q (deterministic)-4-dfd39236756a3951bc1ec354799d69e4,1,0.0
.q (deterministic)-5-8d0ee3e1605f38214bfad28a5ce897cc,1,0.0
.q (deterministic)-0-b7cb25303831392a51cd996e758ac79a,1,0.0
.q (deterministic)-1-a3d352560ac835993001665db6954965,1,0.0
.q (deterministic)-2-fafa16c0f7697ca28aeb6f2698799562,1,0.0
.q (deterministic)-3-bda0e7c77d6f4712a03389cb5032bc6d,1,0.0
.q (deterministic) 1-0-2e0cbc2d7c5f16657edacd9e7209e6e7,1,0.0
.q (deterministic) 1-1-5c5f373e325115d710a7a23fcb1626f1,1,0.0
.q (deterministic) 1-2-ac487cc1b94130bf9ce00e07c7075f65,1,0.0
.q (deterministic) 1-3-b82dfa24123047be4b4e3c27c3997d34,1,0.0
.q (deterministic) 2-0-81bb7f49a55385878637c8aac4d08e5,1,0.0
.q (deterministic) 3-0-58a982694ba2b1e34de82b1de54936a0,1,0.0
.q (deterministic) 4-0-12cc78f3953c3e6b5411ddc729541bf0,1,0.0
.q (deterministic)-0-6642a21d87e0401ba1a668ea8b244f0c,1,0.0
.q (deterministic)-1-2bf20f39e6ffef258858f7943a974e7e,1,0.0
.q (deterministic)-2-16239d2b069789ba99fbac50c4f0724f,1,0.0
.q (deterministic)-3-d90b27fca067b0b3c48d873b3ef32af7,1,0.0
.q (deterministic)-4-f2e4d659b65a833e9281b6786d3d55c1,1,0.0
.q (deterministic)-0-f498cccf82480be03022d2a36f87651e,1,0.0
.q (deterministic)-1-6378faf36ffd3f61e61cee6c0cb70e6,1,0.0
.q (deterministic)-2-5f0eab306ea3c22b11ace9b542a7ee56,1,0.0
.q (deterministic)-3-6f104992e0050576085064815de43194,1,0.0
.q (deterministic)-4-cd2e3d2344810cb3ba843d4c01c81d7e,1,0.0
.q (deterministic)-5-ee44c5cdc80e1c832b702f9fb76d8145,1,0.0
.q (deterministic)-6-4d78f7b1d172d20c91f5867bc13a42a0,1,0.0
.q (deterministic)-7-20fdc99aa046b2c41d9b85ab338c749c,1,0.0
.q (deterministic)-8-45a1d7c2aba45d761e19ff4dfdf5463e,1,0.0
.freec,1,0.0
.yes,1,0.0
.same-story,1,0.0
.query_doc,1,0.0
.minimalist,1,0.0
.acfg,1,0.0
.atts,1,0.0
.eeg,1,0.0
.simg,1,0.0
.abt,1,0.0
.fbbt,1,0.0
.obbt,1,0.0
.strong_extreme,1,0.0
.strong_int_br,1,0.0
.vt,1,0.0
.es5,1,0.0
.worldmapping,1,0.0
.dropped_data,1,0.0
.staticbuild,1,0.0
.37275184,1,0.0
.lwb,1,0.0
.graphemic,1,0.0
.2016-03-31t113424-0400,1,0.0
.2016-03-31t120403-0400,1,0.0
.2016-03-31t121245-0400,1,0.0
.2016-03-31t122134-0400,1,0.0
.2016-03-31t122502-0400,1,0.0
.2016-03-31t122739-0400,1,0.0
.2016-03-31t122955-0400,1,0.0
.2016-02-18t121522-0500,1,0.0
.2015-11-27t175308-0500,1,0.0
.2015-12-01t164923-0500,1,0.0
.2015-11-28t144847-0500,1,0.0
.2016-02-25t154546-0500,1,0.0
.2015-11-28t144317-0500,1,0.0
.2015-11-27t165017-0500,1,0.0
.2015-11-27t165153-0500,1,0.0
.2016-02-18t114609-0500,1,0.0
.2016-02-21t102547-0500,1,0.0
.2015-12-01t165041-0500,1,0.0
.2015-12-01t195542-0500,1,0.0
.2016-02-21t102413-0500,1,0.0
.2015-11-27t175401-0500,1,0.0
.2016-02-21t102525-0500,1,0.0
.2016-02-25t104554-0500,1,0.0
.2016-03-05t105645-0500,1,0.0
.2016-02-25t094616-0500,1,0.0
.2016-02-26t161755-0500,1,0.0
.2016-02-26t064039-0500,1,0.0
.2016-02-25t232709-0500,1,0.0
.2015-05-05,1,0.0
.slt2014,1,0.0
.with_gale2014,1,0.0
.ldc2013s04,1,0.0
.ldc2013s08,1,0.0
.ldc2014s09,1,0.0
.ldc2015s06,1,0.0
.ldc2015s13,1,0.0
.ldc2016s03,1,0.0
.arpabo,1,0.0
.sensitivity,1,0.0
.bed_offset_final,1,0.0
.fasta_rename,1,0.0
.jpl,1,0.0
.skd,1,0.0
.wsdl2,1,0.0
.gv~,1,0.0
.r297,1,0.0
.r310,1,0.0
.txt_reference,1,0.0
.dbt,1,0.0
.udev,1,0.0
.if,1,0.0
.mailing_list,1,0.0
.openvms,1,0.0
.tline_graphs,1,0.0
.tput_graphs,1,0.0
.xpl2gpl,1,0.0
.longest_rep16_corrected,1,0.0
.fnn,1,0.0
.tab_nsc1,1,0.0
.tab_nsc2,1,0.0
.tab_old1,1,0.0
.tab_old2,1,0.0
.genemarks-t,1,0.0
.nots,1,0.0
.inits,1,0.0
.generalcomputingservice,1,0.0
.karmic,1,0.0
.lucid,1,0.0
.maverick,1,0.0
.images,1,0.0
.localctriple,1,0.0
.localttriple,1,0.0
.septel,1,0.0
.sita,1,0.0
.sun3,1,0.0
.3c,1,0.0
.mutable_base,1,0.0
.mutable_delta,1,0.0
.cltloc,1,0.0
.11739,1,0.0
.fileids,1,0.0
.kws,1,0.0
.matchseg,1,0.0
.lsn,1,0.0
.logspec,1,0.0
.probdef,1,0.0
.ff-nucleic-ol15,1,0.0
.opendb,1,0.0
.div,1,0.0
.webidl,1,0.0
.aqu,1,0.0
.ingv,1,0.0
.15_6,1,0.0
.egm,1,0.0
.last,1,0.0
.abbrevs,1,0.0
.open64,1,0.0
.graphs,1,0.0
.xpath,1,0.0
.consoleapp,1,0.0
.djgpp,1,0.0
.fips,1,0.0
.genomes,1,0.0
.cgcn,1,0.0
.extinct,1,0.0
.spc741d8,1,0.0
.crb,1,0.0
.avc,1,0.0
.lenovo_t420,1,0.0
.lenovo_t420s,1,0.0
.lenovo_t430s,1,0.0
.lenovo_t520,1,0.0
.lenovo_t530,1,0.0
.lenovo_x220,1,0.0
.lenovo_x220i,1,0.0
.lenovo_x230,1,0.0
.r520g6sb,1,0.0
.sc513g6,1,0.0
.deltalake,1,0.0
.tiogapass,1,0.0
.transformers,1,0.0
.rom_armor3_uefi_capsule_x86_64,1,0.0
.debug_smmstore_hotplug_gcov_ubsan_em100,1,0.0
.native_raminit,1,0.0
.tpm2_txt_placeholder_acms,1,0.0
.asrock_h370m_itx,1,0.0
.asrock_imb1222,1,0.0
.agesa_debug,1,0.0
.asus_p2b_ramdebug,1,0.0
.debug_smmstore_hotplug_yabel_em100,1,0.0
.cavium_cn8100_sff_evb_bdk_verbose_fit_payload_support,1,0.0
.dell_optiplex_9010_sff,1,0.0
.emulation_qemu_aarch64_fit_support_timestamps,1,0.0
.emulation_qemu_aarch64_zstd,1,0.0
.emulation_qemu_power9,1,0.0
.emulation_qemu_riscv_rv64,1,0.0
.emulation_qemu_x86_i440fx,1,0.0
.emulation_qemu_x86_i440fx_asan,1,0.0
.emulation_qemu_x86_i440fx_debug,1,0.0
.emulation_qemu_x86_i440fx_noserial,1,0.0
.emulation_qemu_x86_i440fx_x86_64,1,0.0
.emulation_qemu_x86_q35_smm_tseg,1,0.0
.emulation_qemu_zstd,1,0.0
.mboot_vboot,1,0.0
.sbom,1,0.0
.foxconn_g41m,1,0.0
.gigabyte_ga-g41m-es2l,1,0.0
.gigabyte_mz33-ar1,1,0.0
.google_kevin_secdata_mock,1,0.0
.google_meep_cros,1,0.0
.google_octopus_spi_flash_console,1,0.0
.google_reef_cros,1,0.0
.no_video,1,0.0
.with_binaries,1,0.0
.build_test,1,0.0
.build_test_purposes,1,0.0
.intel_harcuvar,1,0.0
.lattepanda_mu,1,0.0
.lenovo_t400_vboot_and_debug,1,0.0
.lenovo_t420_static_option_table_no_mem_fuses,1,0.0
.lenovo_thinkpad_t430_all_debug_and_option_table,1,0.0
.lenovo_x201_all_debug_option_table_bt_on_wifi,1,0.0
.lenovo_x220_mrc_bin,1,0.0
.lenovo_x220_option_table_debug_tpm_extended_cbfs,1,0.0
.libretrend_lt1000,1,0.0
.mitaccomputing_ws_2,1,0.0
.msi_ms7d25_ddr4,1,0.0
.msi_ms7d25_ddr5,1,0.0
.msi_ms7e06_ddr4,1,0.0
.msi_ms7e06_ddr5,1,0.0
.ocp_deltalake_cbnt,1,0.0
.ocp_tiogapass,1,0.0
.pcengines_apu1,1,0.0
.pcengines_apu2,1,0.0
.pcengines_apu3,1,0.0
.pcengines_apu4,1,0.0
.pcengines_apu5,1,0.0
.debug_smmstore_oxpcie_em100spi,1,0.0
.prodrive_hermes,1,0.0
.protectli_cml_vp46xx,1,0.0
.protectli_vp2420,1,0.0
.txt_build_test,1,0.0
.purism_librem15_v4_stm,1,0.0
.qotom_q535g6,1,0.0
.qotom_qdnv01,1,0.0
.opensbi,1,0.0
.system76_gaze15,1,0.0
.system76_lemp9,1,0.0
.system76_oryp5,1,0.0
.vboot_spi_flash_console,1,0.0
.arm64-generic,1,0.0
.bubs,1,0.0
.emulation-qemu-arm,1,0.0
.featuretest,1,0.0
.gru,1,0.0
.herobrine,1,0.0
.mistral,1,0.0
.nyan,1,0.0
.oak,1,0.0
.trogdor,1,0.0
.unit-tests,1,0.0
.veyron,1,0.0
.mng,1,0.0
.debug_cpu,1,0.0
.spatch,1,0.0
.debug_blob,1,0.0
.cbfs_verification,1,0.0
.2-20090909e,1,0.0
.clang-format,1,0.0
.messagebodyreader,1,0.0
.messagebodywriter,1,0.0
.bi,1,0.0
.cfgtbd,1,0.0
.listener,1,0.0
.speller,1,0.0
.h2m,1,0.0
.msat_non_fully_separable,1,0.0
.ibl,1,0.0
.fontforge,1,0.0
.oscheader,1,0.0
.army,1,0.0
.armydiag,1,0.0
.economy,1,0.0
.economydiag,1,0.0
.statediag,1,0.0
.necsis14_classdiagram,1,0.0
.necsis14_classdiagramdiag,1,0.0
.pklmetadata,1,0.0
.bdnode,1,0.0
.glo,1,0.0
.gls,1,0.0
.hd,1,0.0
.rpag,1,0.0
.rb4196,1,0.0
.py_bak,1,0.0
.gt3x,1,0.0
.957687,1,0.0
.957688,1,0.0
.957689,1,0.0
.957690,1,0.0
.957691,1,0.0
.957692,1,0.0
.957693,1,0.0
.957694,1,0.0
.957695,1,0.0
.957696,1,0.0
.957697,1,0.0
.132113,1,0.0
.174160,1,0.0
.174161,1,0.0
.174162,1,0.0
.174163,1,0.0
.174164,1,0.0
.174165,1,0.0
.174166,1,0.0
.174167,1,0.0
.174168,1,0.0
.174169,1,0.0
.174170,1,0.0
.174171,1,0.0
.174172,1,0.0
.174173,1,0.0
.174174,1,0.0
.174175,1,0.0
.174176,1,0.0
.174177,1,0.0
.174178,1,0.0
.174179,1,0.0
.174180,1,0.0
.174181,1,0.0
.174182,1,0.0
.174183,1,0.0
.145812,1,0.0
.145810,1,0.0
.145813,1,0.0
.145817,1,0.0
.145816,1,0.0
.145814,1,0.0
.145818,1,0.0
.145815,1,0.0
.145811,1,0.0
.145820,1,0.0
.145819,1,0.0
.unrecognized,1,0.0
.index2,1,0.0
.dr3,1,0.0
.rf_nocv_confusion_2000tree,1,0.0
.rf_nocv_confusion_500tree,1,0.0
.rf_nocv_confusion_500tree2,1,0.0
.rfmodel_nocv_500tree,1,0.0
.rfmodel_nocv_500tree_variablenames,1,0.0
.0146,1,0.0
.0321,1,0.0
.0396,1,0.0
.0686,1,0.0
.0419,1,0.0
.0849,1,0.0
.0120,1,0.0
.0329,1,0.0
.0838,1,0.0
.0362,1,0.0
.0196,1,0.0
.0590,1,0.0
.0727,1,0.0
.0416,1,0.0
.0477,1,0.0
.0290,1,0.0
.1275,1,0.0
.timestampgenerator,1,0.0
.signedorunsignedattribute,1,0.0
.tsr,1,0.0
.slf4jserviceprovider,1,0.0
.mfr,1,0.0
.mtssl,1,0.0
.diamond,1,0.0
.noblastx,1,0.0
.probes,1,0.0
.kishar,1,0.0
.linux_intel64,1,0.0
.cce,1,0.0
.libsci,1,0.0
.build-env-latest-gcc,1,0.0
.build-env-rocm,1,0.0
.build-env-ubuntu,1,0.0
.build-env-ubuntu-cuda,1,0.0
.abnormal,1,0.0
.nostress,1,0.0
.v341,1,0.0
.h2o,1,0.0
.ch4-noforcestress,1,0.0
.nspin2,1,0.0
.mden,1,0.0
.ener,1,0.0
.gaussianfchk,1,0.0
.1step,1,0.0
.unconverged,1,0.0
.vdw,1,0.0
.h4o3,1,0.0
.err1,1,0.0
.err2,1,0.0
.p42nmc,1,0.0
.replace,1,0.0
.sic,1,0.0
.partpert,1,0.0
.replicate123,1,0.0
.pymol,1,0.0
.4-linux-amd64,1,0.0
.00000,1,0.0
.best,1,0.0
.copyfile,1,0.0
.mergedir,1,0.0
.flake8,1,0.0
.jshintrc,1,0.0
.annotate,1,0.0
.bundled,1,0.0
.kdc,1,0.0
.hocon,1,0.0
.duckdb,1,0.0
.whatevenisthis,1,0.0
.threshold,1,0.0
.fum,1,0.0
.analyze,1,0.0
.izone,1,0.0
.lzone,1,0.0
.udx,1,0.0
.vislcg,1,0.0
.gubsdb,1,0.0
.gegcc,1,0.0
.gelua,1,0.0
.geslang,1,0.0
.getcc,1,0.0
.data_pkl,1,0.0
.fp_pkl,1,0.0
.phones,1,0.0
.weide,1,0.0
.regtest,1,0.0
.ascent,1,0.0
.no_hydro_64,1,0.0
.plot_z,1,0.0
.knl,1,0.0
.noreduceverb,1,0.0
.bsd-3-clause,1,0.0
.0-only,1,0.0
.switch,1,0.0
.safetensors,1,0.0
.pprof,1,0.0
.fortranformat,1,0.0
.md#,1,0.0
.rnew,1,0.0
.r-01-19-2013,1,0.0
.r-01-12-2013,1,0.0
.r-old,1,0.0
.secmd,1,0.0
.fltrd_wgs_agtc,1,0.0
.profile-empty,1,0.0
.xsec,1,0.0
.pbuu,1,0.0
.cc#,1,0.0
.osa,1,0.0
.sie,1,0.0
.reads,1,0.0
.usergenome,1,0.0
.usertree,1,0.0
.noreads,1,0.0
.0001,1,0.0
.default-cpu,1,0.0
.default-gpu,1,0.0
.worker,1,0.0
.bs100_mlst,1,0.0
.xfm,1,0.0
.local-copy,1,0.0
.isetup,1,0.0
.testa,1,0.0
.testb,1,0.0
.train54019,1,0.0
.pairing_issues,1,0.0
.sfh,1,0.0
.translate,1,0.0
.balogh99,1,0.0
.worthey94,1,0.0
.bundle-code,1,0.0
.phis,1,0.0
.mgf1x4,1,0.0
.pgen,1,0.0
.psam,1,0.0
.pvar,1,0.0
.statlib,1,0.0
.osxcross,1,0.0
.paste,1,0.0
.all_aucs,1,0.0
.total_auc,1,0.0
.mean,1,0.0
.caj,1,0.0
.codekit,1,0.0
.editing,1,0.0
.outgroup,1,0.0
.dagss,1,0.0
.suppression,1,0.0
.4_rc1_diffs,1,0.0
.simpoint1-2,1,0.0
.scv,1,0.0
.otg,1,0.0
.otp,1,0.0
.ots,1,0.0
.1-alpha,1,0.0
.hdt,1,0.0
.util,1,0.0
.lattice-csc_cpu-and-gpu,1,0.0
.lattice-csc_multi-node_efficiency-optimized,1,0.0
.lattice-csc_single-node_efficiency-optimized,1,0.0
.loewe-csc_cpu,1,0.0
.loewe-csc_gpu,1,0.0
.loewe_mvapich,1,0.0
.loewe_mvapich2,1,0.0
.opensuse112_caldgemm_gotoblas,1,0.0
.opensuse112_gotoblas,1,0.0
.opensuse113_caldgemm_gotoblas_amd,1,0.0
.opensuse113_gotoblas,1,0.0
.opensuse113_multigpu,1,0.0
.opensuse_acml,1,0.0
.opensuse_caldgemm_mkl_multigpu_sandybridge,1,0.0
.sanam_multi-node_efficiency-optimized,1,0.0
.sanam_multi-node_performance-optimized,1,0.0
.sanam_single-node_efficiency-optimized,1,0.0
.sanam_single-node_opencl,1,0.0
.sanam_single-node_performance-optimized,1,0.0
.sles11sp1,1,0.0
.ubuntu904_gotoblas,1,0.0
.ubuntu910_caldgemm_gotoblas,1,0.0
.ubuntu910_gotoblas,1,0.0
.options_oldinterface,1,0.0
.options_staticconfig,1,0.0
.oldm,1,0.0
.aimms,1,0.0
.sta,1,0.0
.ams,1,0.0
.nch,1,0.0
.developerstate,1,0.0
.message49,1,0.0
.message50,1,0.0
.message51,1,0.0
.message52,1,0.0
.message53,1,0.0
.message54,1,0.0
.message55,1,0.0
.message56,1,0.0
.message57,1,0.0
.message58,1,0.0
.message59,1,0.0
.message60,1,0.0
.message61,1,0.0
.profile41,1,0.0
.profile42,1,0.0
.profile43,1,0.0
.profile44,1,0.0
.profile45,1,0.0
.profile46,1,0.0
.profile47,1,0.0
.profile48,1,0.0
.profile49,1,0.0
.profile50,1,0.0
.profile51,1,0.0
.bpp29,1,0.0
.bpp30,1,0.0
.bpp31,1,0.0
.bpp32,1,0.0
.bpp33,1,0.0
.bpp34,1,0.0
.bpp35,1,0.0
.bpp36,1,0.0
.bpp37,1,0.0
.bpp38,1,0.0
.bpp39,1,0.0
.bpp40,1,0.0
.bpp41,1,0.0
.bpp42,1,0.0
.bpp43,1,0.0
.bpp44,1,0.0
.bpp45,1,0.0
.bpp46,1,0.0
.bpp47,1,0.0
.bpp48,1,0.0
.bpp49,1,0.0
.bpp50,1,0.0
.bpp51,1,0.0
.bpp52,1,0.0
.bpp53,1,0.0
.bpp54,1,0.0
.bpp55,1,0.0
.bpp56,1,0.0
.bpp57,1,0.0
.bpp58,1,0.0
.bpp59,1,0.0
.bpp60,1,0.0
.bpp61,1,0.0
.infos,1,0.0
.msps,1,0.0
.cmalign,1,0.0
.hitlist,1,0.0
.ifile,1,0.0
.nlogox,1,0.0
.daint,1,0.0
.lair,1,0.0
.py-dist,1,0.0
.so_sav,1,0.0
.kibused,1,0.0
.txt2,1,0.0
.hist5000,1,0.0
.json-trim,1,0.0
.tsbuildinfo,1,0.0
.wrapped,1,0.0
.cpkl,1,0.0
.hancho,1,0.0
.azw3,1,0.0
.fb2,1,0.0
.vsdir,1,0.0
.identcache,1,0.0
.scfg,1,0.0
.tirtg,1,0.0
.rdg,1,0.0
.algebra,1,0.0
.regularseed,1,0.0
.inputcodec,1,0.0
.outputcodec,1,0.0
.anik,1,0.0
.aws,1,0.0
.js-2,1,0.0
.caos,1,0.0
.domains,1,0.0
.cnfx,1,0.0
.lol,1,0.0
.logout,1,0.0
.activation,1,0.0
.inject,1,0.0
.mail,1,0.0
.validation-api,1,0.0
.rs-api,1,0.0
.bind-api,1,0.0
.servlet-api,1,0.0
.1_spec,1,0.0
.nal,1,0.0
.c4,1,0.0
.runtests,1,0.0
.notice,1,0.0
.ansi,1,0.0
.miff,1,0.0
.xml_withparentpom,1,0.0
.hjs,1,0.0
.noasd,1,0.0
.xeap,1,0.0
.cdy,1,0.0
.hw,1,0.0
.pcbios,1,0.0
.housekeeping,1,0.0
.stepan,1,0.0
.debugger,1,0.0
.bios,1,0.0
.update-comments,1,0.0
.ko,1,0.0
.apidocs,1,0.0
.json_sample,1,0.0
.enduser,1,0.0
.double,1,0.0
.labelconfig,1,0.0
.docyisi0,1,0.0
.docyisi1,1,0.0
.docyisi1_srl,1,0.0
.docyisi2,1,0.0
.docyisi2_srl,1,0.0
.sntyisi0,1,0.0
.sntyisi1,1,0.0
.sntyisi1_srl,1,0.0
.sntyisi2,1,0.0
.sntyisi2_srl,1,0.0
.assert,1,0.0
.conll09,1,0.0
.weightconfig,1,0.0
.htm-copy,1,0.0
.htm_backup,1,0.0
.f200,1,0.0
.pdf#,1,0.0
.lsa,1,0.0
.ethane,1,0.0
.airebo-m,1,0.0
.rebo,1,0.0
.mpltstyle,1,0.0
.cyfx,1,0.0
.centos-6,1,0.0
.xmf,1,0.0
.lmiss,1,0.0
.scrbl,1,0.0
.contributors,1,0.0
.cords,1,0.0
.dgux386,1,0.0
.environment,1,0.0
.ews4800,1,0.0
.rs6000,1,0.0
.solaris2,1,0.0
.uts,1,0.0
.dlls,1,0.0
.quick,1,0.0
.gci,1,0.0
.ref-eval-estimate-true-assembly,1,0.0
.batmodel,1,0.0
.js-notused,1,0.0
.janet,1,0.0
.hoon,1,0.0
.luau,1,0.0
.gjs,1,0.0
.cocoa5,1,0.0
.ecr,1,0.0
.chpl,1,0.0
.clar,1,0.0
.imba,1,0.0
.ttcn,1,0.0
.rhai,1,0.0
.ecpp,1,0.0
.derw,1,0.0
.junos,1,0.0
.cairo,1,0.0
.plm,1,0.0
.ha,1,0.0
.focexec,1,0.0
.fnl,1,0.0
.aria,1,0.0
.yarn,1,0.0
.slang,1,0.0
.lidr,1,0.0
.pl1,1,0.0
.mojo,1,0.0
.heex,1,0.0
.icl,1,0.0
.ipl,1,0.0
.c3,1,0.0
.bdy,1,0.0
.fth,1,0.0
.smarty2,1,0.0
.vsql,1,0.0
.txtt,1,0.0
.dt,1,0.0
.xm,1,0.0
.lem,1,0.0
.magik,1,0.0
.wren,1,0.0
.mojom,1,0.0
.mbt,1,0.0
.mbti,1,0.0
.nuon,1,0.0
.jcl,1,0.0
.ets,1,0.0
.wxml,1,0.0
.wxss,1,0.0
.pek,1,0.0
.lfe,1,0.0
.jai,1,0.0
.odx,1,0.0
.surql,1,0.0
.pony,1,0.0
.brs,1,0.0
.sss,1,0.0
.qxs,1,0.0
.sema,1,0.0
.jspeg,1,0.0
.peggy,1,0.0
.tspeg,1,0.0
.slint,1,0.0
.nut,1,0.0
.gleam,1,0.0
.dsr,1,0.0
.vbhtml,1,0.0
.pest,1,0.0
.carbon,1,0.0
.blp,1,0.0
.xpo,1,0.0
.btp,1,0.0
.head~1,1,0.0
.tok,1,0.0
.ant,1,0.0
.team,1,0.0
.startup,1,0.0
.updated,1,0.0
.before_script,1,0.0
.wikidoc,1,0.0
.ethernet,1,0.0
.bloat,1,0.0
.cmdexe,1,0.0
.mydoom,1,0.0
.msiddall,1,0.0
.sfproj,1,0.0
.mas2j,1,0.0
.blank,1,0.0
.conf-append,1,0.0
.sq3,1,0.0
.s5akronaunplantedsoil,1,0.0
.s5bkronasorbicmycobiome,1,0.0
.acars2,1,0.0
.argonaut,1,0.0
.ephox,1,0.0
.figtree,1,0.0
.contiki,1,0.0
.tinydtls,1,0.0
.atom_states,1,0.0
.full_states,1,0.0
.rmt~,1,0.0
.x_b,1,0.0
.eepe,1,0.0
.datbak,1,0.0
.01_tgyr_elemplot_intd,1,0.0
.10_tgyr_elemplot_intd,1,0.0
.awd,1,0.0
.md@synoeastream,1,0.0
.c2hs,1,0.0
.dump-ast,1,0.0
.ssh,1,0.0
.purerc,1,0.0
.komodoproject,1,0.0
.sfa,1,0.0
.cm3,1,0.0
.cm33,1,0.0
.cm33+nodsp,1,0.0
.cm4,1,0.0
.cortex-m,1,0.0
.cc26x0r2f,1,0.0
.efr32mg12p332f1024gl125,1,0.0
.commander,1,0.0
.gecko_sdk,1,0.0
.nrf5340_application,1,0.0
.nrf5340_network,1,0.0
.cc13x0-cc26x0,1,0.0
.cc13x2-cc26x2,1,0.0
.cc2640r2,1,0.0
.brd4162a,1,0.0
.brd4166a,1,0.0
.msp-exp430fr5969,1,0.0
.nrf5340,1,0.0
.xiao,1,0.0
.openmote-b,1,0.0
.cc1312r1,1,0.0
.cc1350-4,1,0.0
.cc1352p-2,1,0.0
.cc1352p-4,1,0.0
.cc1352p1,1,0.0
.cc26x2r1,1,0.0
.simplelink,1,0.0
.resc,1,0.0
.dir-variables,1,0.0
.identify-target,1,0.0
.coap,1,0.0
.http-socket,1,0.0
.edhoc,1,0.0
.ip64,1,0.0
.nat64,1,0.0
.rpl-border-router,1,0.0
.archimate,1,0.0
.propertiesprovider,1,0.0
.cjdroute,1,0.0
.utr,1,0.0
.fplot,1,0.0
.mums,1,0.0
.rplot,1,0.0
.tiling,1,0.0
.aligns,1,0.0
.raw_header,1,0.0
.psfex,1,0.0
.bsim,1,0.0
.jrtx,1,0.0
.jasper,1,0.0
.allscalecc,1,0.0
.datstp,1,0.0
.gff3_aa,1,0.0
.gff3_ab,1,0.0
.gff3_ac,1,0.0
.gff3_ad,1,0.0
.signalp,1,0.0
.bug1154,1,0.0
.generatorconfig,1,0.0
.stim,1,0.0
.globals,1,0.0
.theme-comments,1,0.0
.3809,1,0.0
.5746,1,0.0
.6014,1,0.0
.dbin,1,0.0
.expect2,1,0.0
.fsy,1,0.0
.cs-schema,1,0.0
.bty,1,0.0
.couple,1,0.0
.couplestack,1,0.0
.vcv,1,0.0
.replay,1,0.0
.badjson,1,0.0
.badxml,1,0.0
.circleci,1,0.0
.github-actions,1,0.0
.golang,1,0.0
.oput,1,0.0
.slboot,1,0.0
.elementtypesconfigurations,1,0.0
.creationmenumodel,1,0.0
.rck,1,0.0
. briefings in bioinformatics (2026),1,0.0
.hsfiles,1,0.0
._json,1,0.0
.r1cs,1,0.0
.asf,1,0.0
.qdp-amd,1,0.0
.shock_past_cylinder,1,0.0
.shock_past_sphere,1,0.0
.iamr,1,0.0
.hotspot_rz,1,0.0
.euler-restart,1,0.0
.square_grid,1,0.0
.bubble_rz,1,0.0
.double_shear_layer-rotate,1,0.0
.forced,1,0.0
.average_hotspot,1,0.0
.les_hotspot,1,0.0
.perlmutter,1,0.0
.greg,1,0.0
.lwo,1,0.0
.etc,1,0.0
.rfc2822,1,0.0
.bed12+2,1,0.0
.bed4+2,1,0.0
.brdf,1,0.0
.ents,1,0.0
.mvl,1,0.0
.gitattributes,1,0.0
.power9v100,1,0.0
.fxsamplerproject,1,0.0
.glyphfont,1,0.0
.tp5,1,0.0
.ib_pdb_index,1,0.0
.updateip,1,0.0
.pd_darwin,1,0.0
.swigcxx,1,0.0
.ucd,1,0.0
. describe how product lines differ from ad hoc r,1,0.0
.6linux64bit,1,0.0
.8linux32bit,1,0.0
.8macosx,1,0.0
.xtypes,1,0.0
.name_accession,1,0.0
.mtail,1,0.0
.f1i,1,0.0
.f2_tsm0,1,0.0
.f3_tsm0,1,0.0
.f4_tsm0,1,0.0
.rdp,1,0.0
.hes,1,0.0
.eva,1,0.0
.elastic,1,0.0
.dpks,1,0.0
.outstru,1,0.0
.lammps_high,1,0.0
.disang,1,0.0
.02x02x02,1,0.0
.bindat,1,0.0
.java-apiv4-testing,1,0.0
.java-deprecated,1,0.0
.workflow,1,0.0
.ckpt-996000,1,0.0
.ckpt-997000,1,0.0
.ckpt-998000,1,0.0
.ckpt-999000,1,0.0
.ckpt-999999,1,0.0
.ckpt-0,1,0.0
.ckpt-2,1,0.0
.px,1,0.0
.pchk,1,0.0
.gsl,1,0.0
.darwin64,1,0.0
.textmate,1,0.0
.tomcat4,1,0.0
.parallelization,1,0.0
.mismip,1,0.0
.mismip3d,1,0.0
.mismip+,1,0.0
.riggs_clean,1,0.0
.crayxt_cnl,1,0.0
.crayxt_cnl_gnu,1,0.0
.crayxt_cnl_wpapi,1,0.0
.sgi_intel,1,0.0
.cism,1,0.0
.3-linux,1,0.0
.dontbuild,1,0.0
.compressioncodec,1,0.0
.rpp,1,0.0
.vpm,1,0.0
.blobs,1,0.0
.stagec,1,0.0
.rtml,1,0.0
.snplists,1,0.0
.guide,1,0.0
.hashes,1,0.0
.3dxml,1,0.0
.strs,1,0.0
.njc,1,0.0
.stts,1,0.0
.detektcli,1,0.0
.reportingextension,1,0.0
.baselineprovider,1,0.0
.scheduled,1,0.0
.tgz?accesstype=download,1,0.0
.nemi,1,0.0
.problematique,1,0.0
.cputype,1,0.0
.char,1,0.0
.iosched,1,0.0
.aic79xx,1,0.0
.aic7xxx,1,0.0
.megaraid,1,0.0
.binfmt,1,0.0
.freezer,1,0.0
.hz,1,0.0
.locks,1,0.0
.preempt,1,0.0
.kgdb,1,0.0
.kmemcheck,1,0.0
.diffs,1,0.0
.msgs,1,0.0
.tmdiffs,1,0.0
.2c28d2a,1,0.0
.46379ec,1,0.0
.7cd6500,1,0.0
.872cd67,1,0.0
.9b3f919,1,0.0
.a3cb744,1,0.0
.cd76b13,1,0.0
.d09ac40,1,0.0
.fc43456,1,0.0
.13f1e56,1,0.0
.590a396,1,0.0
.6a8b0d7,1,0.0
.6ebbad4,1,0.0
.712e583,1,0.0
.acfab2d,1,0.0
.afb17f7,1,0.0
.bbe0bf1,1,0.0
.c1b3578,1,0.0
.d679520,1,0.0
.ef0329b,1,0.0
.fce26b3,1,0.0
.20b63f0,1,0.0
.3780274,1,0.0
.3922516,1,0.0
.399fb54,1,0.0
.3caa428,1,0.0
.454152a,1,0.0
.6b0cca9,1,0.0
.7c32673,1,0.0
.a691cde,1,0.0
.b8cd1d9,1,0.0
.bdbf985,1,0.0
.bdc85e9,1,0.0
.cc7f2f3,1,0.0
.cff3430,1,0.0
.d71a7c4,1,0.0
.ec33a53,1,0.0
.f096d6c,1,0.0
.f97370b,1,0.0
.fddce35,1,0.0
.lyr,1,0.0
.go_disabled,1,0.0
.mshp,1,0.0
.dockerhub,1,0.0
.tscons-extension,1,0.0
.exe-ia32,1,0.0
.exe-intel64,1,0.0
.pdb-ia32,1,0.0
.pdb-intel64,1,0.0
.exeremoveuppercases,1,0.0
.wtb,1,0.0
.2010-02,1,0.0
.2010-03,1,0.0
.xmlb,1,0.0
.docs-pdf,1,0.0
.ecvl-manylinux-gpu,1,0.0
.ecvl-base,1,0.0
.ecvl-cpu,1,0.0
.ecvl-cudnn,1,0.0
.ecvl-gpu,1,0.0
.ecvl-minimal,1,0.0
.pyecvl-base,1,0.0
.pyecvl-cpu,1,0.0
.pyecvl-cudnn,1,0.0
.pyecvl-gpu,1,0.0
.pyecvl-minimal,1,0.0
.exist,1,0.0
.counts_full,1,0.0
.frags,1,0.0
.hch,1,0.0
.fcc,1,0.0
.hpoa,1,0.0
.rmap,1,0.0
.b2bc7b7d,1,0.0
.oldpsf,1,0.0
.conflicts,1,0.0
.ecalsys,1,0.0
.otu_table,1,0.0
.dfl#,1,0.0
.j230,1,0.0
.ps~,1,0.0
.cext,1,0.0
.wigfix,1,0.0
.observed,1,0.0
.fort77,1,0.0
.nocpp,1,0.0
.xval,1,0.0
.xlj,1,0.0
.phlawd,1,0.0
.svi,1,0.0
.validspike,1,0.0
.mff,1,0.0
.conv_n1600_mean4_5_st08_lx19_ly7,1,0.0
.liggghts,1,0.0
.springcalve,1,0.0
.summercalve,1,0.0
.7920000,1,0.0
.fjordbond_final_h20_str5e5_lfc30,1,0.0
.bonds,1,0.0
.infox,1,0.0
.pointing,1,0.0
.5-linux32,1,0.0
.5-linux64,1,0.0
.5-osx,1,0.0
.profiles,1,0.0
.default-zones,1,0.0
.rfc1918,1,0.0
.bashrc,1,0.0
.pmids,1,0.0
.ewnet,1,0.0
.ms14,1,0.0
.ms14 (security copy),1,0.0
.ms13,1,0.0
.indivq,1,0.0
.pkla,1,0.0
.cdsfeatures_original,1,0.0
.el8,1,0.0
.icicle,1,0.0
.dm_env,1,0.0
.dm_env_rpc,1,0.0
.s2protocol,1,0.0
.marshal,1,0.0
.fofn,1,0.0
.bed2,1,0.0
.dssr,1,0.0
.convertf_subsetsamples,1,0.0
.eigenstratmakefiles,1,0.0
.malder,1,0.0
.malder_xavante,1,0.0
.smartpca_global,1,0.0
.25a,1,0.0
.25a-ri,1,0.0
.5a,1,0.0
.5a-ri,1,0.0
.psp6,1,0.0
.ncdump,1,0.0
.ex#,1,0.0
.sbm,1,0.0
.ipc,1,0.0
.ifunctionregistrant,1,0.0
.rptconfig,1,0.0
.bui,1,0.0
.op2,1,0.0
.op6,1,0.0
.aln_phyml_stats,1,0.0
.aln_phyml_tree,1,0.0
.acf,1,0.0
.03_samba,1,0.0
.pamd,1,0.0
.xinput,1,0.0
.linux-cross,1,0.0
.qgs~,1,0.0
.pca5,1,0.0
.apk_,1,0.0
.ym,1,0.0
.persistentjoboutput,1,0.0
.discoverable,1,0.0
.databases,1,0.0
.xfig,1,0.0
.powergslb,1,0.0
.stmt,1,0.0
.refgene,1,0.0
.skyr,1,0.0
.cpp_arduplicate,1,0.0
.weights-dist,1,0.0
.et,1,0.0
.gu,1,0.0
.hi,1,0.0
.kn,1,0.0
.mni,1,0.0
.tdt,1,0.0
.chn,1,0.0
.pts-cry,1,0.0
.pts-jag,1,0.0
.pts-nw,1,0.0
.jnet,1,0.0
.aux_old,1,0.0
.mets,1,0.0
.rxns,1,0.0
.hocr,1,0.0
.wsmode,1,0.0
.conf-dist,1,0.0
.cbk,1,0.0
.alma,1,0.0
.rndpass,1,0.0
.identifier,1,0.0
.dao,1,0.0
.travis-rbx,1,0.0
.334222730z--007ccffb7916f37f7aeef05e8096ecfbe55afc2f,1,0.0
.914646739z--99429f64cf4d5837620dcc293c1a537d58729b68,1,0.0
.400585045z--ca247d7425a29c6645fa991f9151f994a830882d,1,0.0
.838345060z--794f74c8916310d6a0009bb8a43a5acab59a58ad,1,0.0
.151752132z--276ecb88715a503b00d1f15af4c17dc051991667,1,0.0
.513483270z--83042c0147acce98e35ed9ef52e6dfc5c67ef92e,1,0.0
.693207415z--8ab7114ba0f7ca706af69f799588766c8426aa24,1,0.0
.093803426z--932d9e95e5d2cac02eebbe6763ab2c7b0a9d6a2f,1,0.0
.549724060z--893c3f80d2a0375b3f00f856cf8a6775e4efc26a,1,0.0
.760047216z--b1d3073bcc45462a3b0dfe69902cdd12971efec9,1,0.0
.date,1,0.0
.freeze,1,0.0
.symbolprocessorprovider,1,0.0
.npz_aa,1,0.0
.npz_ab,1,0.0
.npz_ac,1,0.0
.gz_aa,1,0.0
.gz_ab,1,0.0
.gz_ac,1,0.0
.gz_ad,1,0.0
.kontext,1,0.0
.manatee,1,0.0
.rqscheduler,1,0.0
.rqworker,1,0.0
.out_b_swope,1,0.0
.out_g_swope,1,0.0
.out_h_wirc,1,0.0
.out_i_swope,1,0.0
.out_j_wirc,1,0.0
.out_k_wirc,1,0.0
.out_r_swope,1,0.0
.out_u_swope,1,0.0
.out_v_oswope,1,0.0
.out_y_wirc,1,0.0
.out_r,1,0.0
.kcorrect,1,0.0
.postmodifier,1,0.0
.mcmt,1,0.0
.vtl,1,0.0
.hsty,1,0.0
.hidx,1,0.0
.haux,1,0.0
.rfm,1,0.0
.pdl_belle,1,0.0
.pdl_belle_ii,1,0.0
.pdl_besiii,1,0.0
.sty_bak,1,0.0
.dat_besiii_issues,1,0.0
.table_besiii,1,0.0
.dat_belle,1,0.0
.dat_belle_ii,1,0.0
.dat_besiii,1,0.0
.dat_example,1,0.0
.dat_stcf,1,0.0
.card_belle,1,0.0
.card_belle_ii,1,0.0
.card_besiii,1,0.0
.card_example,1,0.0
.card_stcf,1,0.0
.cpp_core,1,0.0
.texi2html,1,0.0
.ptr,1,0.0
.tree-ssa,1,0.0
.graphite,1,0.0
.rexsterextension,1,0.0
.taxa,1,0.0
.binyan,1,0.0
.lemma,1,0.0
.bedtofasta,1,0.0
.blastn_hgncrna,1,0.0
.extractblastnresults,1,0.0
.final_lncrna,1,0.0
.certdep,1,0.0
.stv,1,0.0
.elf32-musl-static,1,0.0
.executable,1,0.0
.elf64statico2,1,0.0
.o32,1,0.0
.copythis,1,0.0
.moved,1,0.0
.lisp ,1,0.0
.lisp-old,1,0.0
.deflated,1,0.0
.xdb,1,0.0
.acl2x-source,1,0.0
.linkfilelist,1,0.0
.scenarios,1,0.0
.rttov,1,0.0
.wxmx,1,0.0
.chrsizes,1,0.0
.mdproj,1,0.0
.dubase,1,0.0
.jsfdia,1,0.0
.ubase,1,0.0
.poem-react-tests,1,0.0
.2f4cec7,1,0.0
.c589374,1,0.0
.e8763af,1,0.0
.camera_01,1,0.0
.js-license,1,0.0
.rupt,1,0.0
.mshout,1,0.0
.ndpi,1,0.0
.mgen,1,0.0
.emane-python,1,0.0
.bnx,1,0.0
.lxx,1,0.0
.yxx,1,0.0
.psrsh,1,0.0
.hack,1,0.0
.ramen,1,0.0
.log~,1,0.0
.common-template,1,0.0
.3g,1,0.0
.18o,1,0.0
.generate_code,1,0.0
.stampede_intel,1,0.0
.wcoss_dell_p3_intel,1,0.0
.bcstchk,1,0.0
.buildclean,1,0.0
.buildincremental,1,0.0
.calchk,1,0.0
.cmplog,1,0.0
.cmplogrest,1,0.0
.cmprest,1,0.0
.gathscatchk,1,0.0
.gridavgchk,1,0.0
.halochk,1,0.0
.helloworld,1,0.0
.iopio1,1,0.0
.iopio2,1,0.0
.lapack,1,0.0
.memlarge,1,0.0
.memmed,1,0.0
.memsmall,1,0.0
.mpif08,1,0.0
.ompschedd1,1,0.0
.ompscheds,1,0.0
.ompscheds1,1,0.0
.optargs,1,0.0
.opticep,1,0.0
.qcchk,1,0.0
.qcchkf,1,0.0
.sumchk,1,0.0
.alt05,1,0.0
.alt06,1,0.0
.alt07,1,0.0
.atmbndyconstant,1,0.0
.atmbndymixed,1,0.0
.bcclosed,1,0.0
.bccyclic,1,0.0
.bccyclicextrap,1,0.0
.bcextrapcyclic,1,0.0
.bclinearextrap,1,0.0
.bcopen,1,0.0
.bctripole,1,0.0
.bctripolet,1,0.0
.bczerogradient,1,0.0
.bdyrestorfull,1,0.0
.bdyrestornest,1,0.0
.bgcskl,1,0.0
.bgcsklclim,1,0.0
.bgcz,1,0.0
.bgczclim,1,0.0
.bgczm,1,0.0
.bigdiag,1,0.0
.box2001,1,0.0
.boxadv,1,0.0
.boxchan,1,0.0
.boxchan1e,1,0.0
.boxchan1n,1,0.0
.boxclosed,1,0.0
.boxforcee,1,0.0
.boxforcen,1,0.0
.boxforcene,1,0.0
.boxgauss,1,0.0
.boxnodyn,1,0.0
.boxopen,1,0.0
.boxrestore,1,0.0
.boxslotcyl,1,0.0
.boxwallblock,1,0.0
.cdf64,1,0.0
.cesm3,1,0.0
.cmip,1,0.0
.debugblocks,1,0.0
.diagimp,1,0.0
.diagpt1,1,0.0
.drakeice,1,0.0
.drakepop,1,0.0
.drakex1,1,0.0
.drakex2,1,0.0
.droundrobin,1,0.0
.dsectcart,1,0.0
.dsectrobin,1,0.0
.dslenderx1,1,0.0
.dslenderx2,1,0.0
.dspacecurve,1,0.0
.dspiralcenter,1,0.0
.dsquareice,1,0.0
.dsquarepop,1,0.0
.dt3456s,1,0.0
.dwblock,1,0.0
.dwblockall,1,0.0
.dwghtfile,1,0.0
.dwlat,1,0.0
.dynanderson,1,0.0
.dyneap,1,0.0
.dynpicard,1,0.0
.e3sm,1,0.0
.e3smbgc,1,0.0
.evp1d,1,0.0
.fsd12ww3,1,0.0
.gbox12,1,0.0
.gbox128,1,0.0
.gbox180,1,0.0
.gbox80,1,0.0
.gridb,1,0.0
.gridc,1,0.0
.gridcd,1,0.0
.gx1apr,1,0.0
.gx1prod,1,0.0
.gx1prod15,1,0.0
.gx3,1,0.0
.gx3nc,1,0.0
.gx3ncarbulk,1,0.0
.gx3sep2,1,0.0
.histall,1,0.0
.histall10d,1,0.0
.histdbg,1,0.0
.histhrly,1,0.0
.histinst,1,0.0
.icdefault,1,0.0
.icnone,1,0.0
.iocdf1,1,0.0
.iocdf2,1,0.0
.iocdf5,1,0.0
.iohdf5,1,0.0
.iohdf5opts,1,0.0
.iopioopts,1,0.0
.iopnetcdf1,1,0.0
.iopnetcdf2,1,0.0
.iopnetcdf5,1,0.0
.jra55,1,0.0
.jra55do,1,0.0
.kmtislands,1,0.0
.maskhalo,1,0.0
.nonlin5000,1,0.0
.precision8,1,0.0
.reprosum,1,0.0
.restaicetest,1,0.0
.restore5,1,0.0
.run10year,1,0.0
.run3day,1,0.0
.run3dt,1,0.0
.run8year,1,0.0
.run90day,1,0.0
.scale1,1,0.0
.seabedlkd,1,0.0
.seabedprob,1,0.0
.timerstats,1,0.0
.tx1,1,0.0
.vargrid,1,0.0
.yi2008,1,0.0
.restart21,1,0.0
.restart22,1,0.0
.360937280z--a00af22d07c87d96eeeb0ed583f8f6ac7812827e,1,0.0
.104082316z--a11aae29840fbb5c86e6fd4cf809eba183aef433,1,0.0
.169063367z--a22ab8a9d641ce77e06d98b7d7065d324d3d6976,1,0.0
.707647638z--a33a6c312d9ad0e0f2e95541beed0cc081621fd0,1,0.0
.584040707z--a44a08d3f6933c69212114bb66e2df1813651844,1,0.0
.013666678z--a55a151eb00fded1634d27d1127b4be4627079ea,1,0.0
.426191216z--a66a85ede0cbe03694aa9d9de0bb19c99ff55bd9,1,0.0
.899396047z--a77a2b9d4b1c010a22a7c565dc418cef683dbcec,1,0.0
.150580614z--a88a05d2b88283ce84c8325760b72a64591279a2,1,0.0
.770098207z--a99a0ae3354c06b1459fd441a32a3f71005d7da0,1,0.0
.400859858z--aaaa9de1e6c564446ebca0fd102d8bd92093c756,1,0.0
.122799190z--abba43e7594e3b76afb157989e93c6621497fd4b,1,0.0
.178332229z--acca534c9f62ab495bd986e002ddf0f054caae4f,1,0.0
.034178720z--adda9b762a00ff12711113bfdc36958b73d7f915,1,0.0
.471449656z--aeea63b5479b50f79583ec49dacdcf86ddeff392,1,0.0
.697690594z--affa4d3a80add8ce4018540e056dacb649589394,1,0.0
.500831000z--b00bfde102270687324f9205b693859df64f8923,1,0.0
.633282000z--b11be1d4ef8e94d01cb2695092a79d139a8dad98,1,0.0
.792913000z--b22be2d9eef0d7e260cf96a64feea0b95ed3e74f,1,0.0
.030093000z--b33b7ecf5e47be3981c74d989d3af8b665b4b649,1,0.0
.743266000z--b44b43d59b738b088b690ae276c1e979aba8268d,1,0.0
.250696000z--b55b57d113b45481e31aaf03d6f4e5ad4ef325f8,1,0.0
.678333000z--b66bcb4e473de80e2c8a47ced10c22c705a5e602,1,0.0
.546405000z--b77bbbaa7c1649547ae61de4b80b91568c28351a,1,0.0
.605806000z--b88b728490b417e29b0784db30535db343830dba,1,0.0
.614985000z--b99b3d1f72edb05a0321db58eddcf83fd73c4ade,1,0.0
.765694000z--baab56da883edbe5314b8005be410022c510ccae,1,0.0
.951106000z--bbbb9809de0456ce0e0cd660e6e4ceabef3f521c,1,0.0
.293263000z--bccb68dd0ac87ef290aef49870d155f076c87868,1,0.0
.216243000z--bddb726ee06906e104db210e6d0506f2b062e477,1,0.0
.756436000z--beeb24ff18203658d0a1d4682ee3f36ad663ec87,1,0.0
.679255000z--bffbd8f029ef0bd81cf754b53e8b3a5684f8b3ff,1,0.0
.ubuntu16_cuda8_jetsontx2,1,0.0
.ubuntu16_cuda9_jetsontx2_jetpack33,1,0.0
.filemap,1,0.0
.tf-gpu,1,0.0
.stubs,1,0.0
.rcfile,1,0.0
.batx,1,0.0
.categories_counts,1,0.0
.mat_,1,0.0
.benedicrichsmbp,1,0.0
.src_linux,1,0.0
.mason2,1,0.0
.cae,1,0.0
.do1,1,0.0
.thf,1,0.0
.med,1,0.0
.resu,1,0.0
.mrii,1,0.0
.mr_0,1,0.0
.mr_1,1,0.0
.mr_10,1,0.0
.mr_100,1,0.0
.mr_101,1,0.0
.mr_102,1,0.0
.mr_103,1,0.0
.mr_104,1,0.0
.mr_105,1,0.0
.mr_106,1,0.0
.mr_107,1,0.0
.mr_108,1,0.0
.mr_109,1,0.0
.mr_11,1,0.0
.mr_110,1,0.0
.mr_111,1,0.0
.mr_112,1,0.0
.mr_113,1,0.0
.mr_114,1,0.0
.mr_115,1,0.0
.mr_116,1,0.0
.mr_117,1,0.0
.mr_118,1,0.0
.mr_119,1,0.0
.mr_12,1,0.0
.mr_120,1,0.0
.mr_121,1,0.0
.mr_122,1,0.0
.mr_123,1,0.0
.mr_124,1,0.0
.mr_125,1,0.0
.mr_126,1,0.0
.mr_127,1,0.0
.mr_128,1,0.0
.mr_129,1,0.0
.mr_13,1,0.0
.mr_130,1,0.0
.mr_131,1,0.0
.mr_132,1,0.0
.mr_133,1,0.0
.mr_134,1,0.0
.mr_135,1,0.0
.mr_136,1,0.0
.mr_137,1,0.0
.mr_138,1,0.0
.mr_139,1,0.0
.mr_14,1,0.0
.mr_140,1,0.0
.mr_141,1,0.0
.mr_142,1,0.0
.mr_143,1,0.0
.mr_144,1,0.0
.mr_145,1,0.0
.mr_146,1,0.0
.mr_147,1,0.0
.mr_148,1,0.0
.mr_149,1,0.0
.mr_15,1,0.0
.mr_150,1,0.0
.mr_151,1,0.0
.mr_152,1,0.0
.mr_153,1,0.0
.mr_154,1,0.0
.mr_155,1,0.0
.mr_156,1,0.0
.mr_157,1,0.0
.mr_158,1,0.0
.mr_159,1,0.0
.mr_16,1,0.0
.mr_160,1,0.0
.mr_161,1,0.0
.mr_162,1,0.0
.mr_163,1,0.0
.mr_164,1,0.0
.mr_165,1,0.0
.mr_166,1,0.0
.mr_167,1,0.0
.mr_168,1,0.0
.mr_169,1,0.0
.mr_17,1,0.0
.mr_170,1,0.0
.mr_171,1,0.0
.mr_172,1,0.0
.mr_173,1,0.0
.mr_174,1,0.0
.mr_175,1,0.0
.mr_176,1,0.0
.mr_177,1,0.0
.mr_178,1,0.0
.mr_179,1,0.0
.mr_18,1,0.0
.mr_180,1,0.0
.mr_181,1,0.0
.mr_182,1,0.0
.mr_183,1,0.0
.mr_184,1,0.0
.mr_185,1,0.0
.mr_186,1,0.0
.mr_187,1,0.0
.mr_188,1,0.0
.mr_189,1,0.0
.mr_19,1,0.0
.mr_190,1,0.0
.mr_191,1,0.0
.mr_192,1,0.0
.mr_193,1,0.0
.mr_194,1,0.0
.mr_195,1,0.0
.mr_196,1,0.0
.mr_197,1,0.0
.mr_198,1,0.0
.mr_199,1,0.0
.mr_2,1,0.0
.mr_20,1,0.0
.mr_200,1,0.0
.mr_201,1,0.0
.mr_202,1,0.0
.mr_203,1,0.0
.mr_204,1,0.0
.mr_205,1,0.0
.mr_206,1,0.0
.mr_207,1,0.0
.mr_208,1,0.0
.mr_209,1,0.0
.mr_21,1,0.0
.mr_210,1,0.0
.mr_211,1,0.0
.mr_212,1,0.0
.mr_213,1,0.0
.mr_214,1,0.0
.mr_215,1,0.0
.mr_216,1,0.0
.mr_217,1,0.0
.mr_218,1,0.0
.mr_219,1,0.0
.mr_22,1,0.0
.mr_220,1,0.0
.mr_221,1,0.0
.mr_222,1,0.0
.mr_223,1,0.0
.mr_224,1,0.0
.mr_225,1,0.0
.mr_226,1,0.0
.mr_227,1,0.0
.mr_228,1,0.0
.mr_229,1,0.0
.mr_23,1,0.0
.mr_230,1,0.0
.mr_231,1,0.0
.mr_232,1,0.0
.mr_233,1,0.0
.mr_234,1,0.0
.mr_235,1,0.0
.mr_236,1,0.0
.mr_237,1,0.0
.mr_238,1,0.0
.mr_239,1,0.0
.mr_24,1,0.0
.mr_240,1,0.0
.mr_241,1,0.0
.mr_242,1,0.0
.mr_243,1,0.0
.mr_244,1,0.0
.mr_245,1,0.0
.mr_246,1,0.0
.mr_247,1,0.0
.mr_248,1,0.0
.mr_249,1,0.0
.mr_25,1,0.0
.mr_250,1,0.0
.mr_251,1,0.0
.mr_252,1,0.0
.mr_253,1,0.0
.mr_254,1,0.0
.mr_255,1,0.0
.mr_256,1,0.0
.mr_257,1,0.0
.mr_258,1,0.0
.mr_259,1,0.0
.mr_26,1,0.0
.mr_260,1,0.0
.mr_261,1,0.0
.mr_262,1,0.0
.mr_263,1,0.0
.mr_264,1,0.0
.mr_265,1,0.0
.mr_266,1,0.0
.mr_267,1,0.0
.mr_268,1,0.0
.mr_269,1,0.0
.mr_27,1,0.0
.mr_270,1,0.0
.mr_271,1,0.0
.mr_272,1,0.0
.mr_273,1,0.0
.mr_274,1,0.0
.mr_275,1,0.0
.mr_276,1,0.0
.mr_277,1,0.0
.mr_278,1,0.0
.mr_279,1,0.0
.mr_28,1,0.0
.mr_280,1,0.0
.mr_281,1,0.0
.mr_282,1,0.0
.mr_283,1,0.0
.mr_284,1,0.0
.mr_285,1,0.0
.mr_286,1,0.0
.mr_287,1,0.0
.mr_288,1,0.0
.mr_289,1,0.0
.mr_29,1,0.0
.mr_290,1,0.0
.mr_291,1,0.0
.mr_292,1,0.0
.mr_293,1,0.0
.mr_294,1,0.0
.mr_295,1,0.0
.mr_296,1,0.0
.mr_297,1,0.0
.mr_298,1,0.0
.mr_299,1,0.0
.mr_3,1,0.0
.mr_30,1,0.0
.mr_300,1,0.0
.mr_301,1,0.0
.mr_302,1,0.0
.mr_303,1,0.0
.mr_304,1,0.0
.mr_305,1,0.0
.mr_306,1,0.0
.mr_307,1,0.0
.mr_308,1,0.0
.mr_309,1,0.0
.mr_31,1,0.0
.mr_310,1,0.0
.mr_311,1,0.0
.mr_312,1,0.0
.mr_313,1,0.0
.mr_314,1,0.0
.mr_315,1,0.0
.mr_316,1,0.0
.mr_317,1,0.0
.mr_318,1,0.0
.mr_319,1,0.0
.mr_32,1,0.0
.mr_320,1,0.0
.mr_321,1,0.0
.mr_322,1,0.0
.mr_323,1,0.0
.mr_324,1,0.0
.mr_325,1,0.0
.mr_326,1,0.0
.mr_327,1,0.0
.mr_328,1,0.0
.mr_329,1,0.0
.mr_33,1,0.0
.mr_330,1,0.0
.mr_331,1,0.0
.mr_332,1,0.0
.mr_333,1,0.0
.mr_334,1,0.0
.mr_335,1,0.0
.mr_336,1,0.0
.mr_337,1,0.0
.mr_338,1,0.0
.mr_339,1,0.0
.mr_34,1,0.0
.mr_340,1,0.0
.mr_341,1,0.0
.mr_342,1,0.0
.mr_343,1,0.0
.mr_344,1,0.0
.mr_345,1,0.0
.mr_346,1,0.0
.mr_347,1,0.0
.mr_348,1,0.0
.mr_349,1,0.0
.mr_35,1,0.0
.mr_350,1,0.0
.mr_351,1,0.0
.mr_352,1,0.0
.mr_353,1,0.0
.mr_354,1,0.0
.mr_355,1,0.0
.mr_356,1,0.0
.mr_357,1,0.0
.mr_358,1,0.0
.mr_359,1,0.0
.mr_36,1,0.0
.mr_360,1,0.0
.mr_361,1,0.0
.mr_362,1,0.0
.mr_363,1,0.0
.mr_364,1,0.0
.mr_365,1,0.0
.mr_366,1,0.0
.mr_367,1,0.0
.mr_368,1,0.0
.mr_369,1,0.0
.mr_37,1,0.0
.mr_370,1,0.0
.mr_371,1,0.0
.mr_372,1,0.0
.mr_373,1,0.0
.mr_374,1,0.0
.mr_375,1,0.0
.mr_376,1,0.0
.mr_377,1,0.0
.mr_378,1,0.0
.mr_379,1,0.0
.mr_38,1,0.0
.mr_380,1,0.0
.mr_381,1,0.0
.mr_382,1,0.0
.mr_383,1,0.0
.mr_384,1,0.0
.mr_385,1,0.0
.mr_386,1,0.0
.mr_387,1,0.0
.mr_388,1,0.0
.mr_389,1,0.0
.mr_39,1,0.0
.mr_390,1,0.0
.mr_391,1,0.0
.mr_392,1,0.0
.mr_393,1,0.0
.mr_394,1,0.0
.mr_395,1,0.0
.mr_396,1,0.0
.mr_397,1,0.0
.mr_398,1,0.0
.mr_399,1,0.0
.mr_4,1,0.0
.mr_40,1,0.0
.mr_400,1,0.0
.mr_401,1,0.0
.mr_402,1,0.0
.mr_403,1,0.0
.mr_404,1,0.0
.mr_405,1,0.0
.mr_406,1,0.0
.mr_407,1,0.0
.mr_408,1,0.0
.mr_409,1,0.0
.mr_41,1,0.0
.mr_410,1,0.0
.mr_411,1,0.0
.mr_412,1,0.0
.mr_413,1,0.0
.mr_414,1,0.0
.mr_415,1,0.0
.mr_416,1,0.0
.mr_417,1,0.0
.mr_418,1,0.0
.mr_419,1,0.0
.mr_42,1,0.0
.mr_420,1,0.0
.mr_421,1,0.0
.mr_422,1,0.0
.mr_423,1,0.0
.mr_424,1,0.0
.mr_425,1,0.0
.mr_426,1,0.0
.mr_427,1,0.0
.mr_428,1,0.0
.mr_429,1,0.0
.mr_43,1,0.0
.mr_430,1,0.0
.mr_431,1,0.0
.mr_432,1,0.0
.mr_433,1,0.0
.mr_434,1,0.0
.mr_435,1,0.0
.mr_436,1,0.0
.mr_437,1,0.0
.mr_438,1,0.0
.mr_439,1,0.0
.mr_44,1,0.0
.mr_440,1,0.0
.mr_441,1,0.0
.mr_442,1,0.0
.mr_443,1,0.0
.mr_444,1,0.0
.mr_445,1,0.0
.mr_446,1,0.0
.mr_447,1,0.0
.mr_448,1,0.0
.mr_449,1,0.0
.mr_45,1,0.0
.mr_450,1,0.0
.mr_451,1,0.0
.mr_452,1,0.0
.mr_453,1,0.0
.mr_454,1,0.0
.mr_455,1,0.0
.mr_456,1,0.0
.mr_457,1,0.0
.mr_458,1,0.0
.mr_459,1,0.0
.mr_46,1,0.0
.mr_460,1,0.0
.mr_461,1,0.0
.mr_462,1,0.0
.mr_463,1,0.0
.mr_464,1,0.0
.mr_465,1,0.0
.mr_466,1,0.0
.mr_467,1,0.0
.mr_468,1,0.0
.mr_469,1,0.0
.mr_47,1,0.0
.mr_470,1,0.0
.mr_471,1,0.0
.mr_472,1,0.0
.mr_473,1,0.0
.mr_474,1,0.0
.mr_475,1,0.0
.mr_476,1,0.0
.mr_477,1,0.0
.mr_478,1,0.0
.mr_479,1,0.0
.mr_48,1,0.0
.mr_480,1,0.0
.mr_481,1,0.0
.mr_482,1,0.0
.mr_483,1,0.0
.mr_484,1,0.0
.mr_485,1,0.0
.mr_486,1,0.0
.mr_487,1,0.0
.mr_488,1,0.0
.mr_489,1,0.0
.mr_49,1,0.0
.mr_490,1,0.0
.mr_491,1,0.0
.mr_492,1,0.0
.mr_493,1,0.0
.mr_494,1,0.0
.mr_495,1,0.0
.mr_496,1,0.0
.mr_497,1,0.0
.mr_498,1,0.0
.mr_499,1,0.0
.mr_5,1,0.0
.mr_50,1,0.0
.mr_500,1,0.0
.mr_501,1,0.0
.mr_502,1,0.0
.mr_503,1,0.0
.mr_504,1,0.0
.mr_505,1,0.0
.mr_506,1,0.0
.mr_507,1,0.0
.mr_508,1,0.0
.mr_509,1,0.0
.mr_51,1,0.0
.mr_510,1,0.0
.mr_511,1,0.0
.mr_52,1,0.0
.mr_53,1,0.0
.mr_54,1,0.0
.mr_55,1,0.0
.mr_56,1,0.0
.mr_57,1,0.0
.mr_58,1,0.0
.mr_59,1,0.0
.mr_6,1,0.0
.mr_60,1,0.0
.mr_61,1,0.0
.mr_62,1,0.0
.mr_63,1,0.0
.mr_64,1,0.0
.mr_65,1,0.0
.mr_66,1,0.0
.mr_67,1,0.0
.mr_68,1,0.0
.mr_69,1,0.0
.mr_7,1,0.0
.mr_70,1,0.0
.mr_71,1,0.0
.mr_72,1,0.0
.mr_73,1,0.0
.mr_74,1,0.0
.mr_75,1,0.0
.mr_76,1,0.0
.mr_77,1,0.0
.mr_78,1,0.0
.mr_79,1,0.0
.mr_8,1,0.0
.mr_80,1,0.0
.mr_81,1,0.0
.mr_82,1,0.0
.mr_83,1,0.0
.mr_84,1,0.0
.mr_85,1,0.0
.mr_86,1,0.0
.mr_87,1,0.0
.mr_88,1,0.0
.mr_89,1,0.0
.mr_9,1,0.0
.mr_90,1,0.0
.mr_91,1,0.0
.mr_92,1,0.0
.mr_93,1,0.0
.mr_94,1,0.0
.mr_95,1,0.0
.mr_96,1,0.0
.mr_97,1,0.0
.mr_98,1,0.0
.mr_99,1,0.0
.mrii_0,1,0.0
.mrii_1,1,0.0
.mrii_10,1,0.0
.mrii_100,1,0.0
.mrii_101,1,0.0
.mrii_102,1,0.0
.mrii_103,1,0.0
.mrii_104,1,0.0
.mrii_105,1,0.0
.mrii_106,1,0.0
.mrii_107,1,0.0
.mrii_108,1,0.0
.mrii_109,1,0.0
.mrii_11,1,0.0
.mrii_110,1,0.0
.mrii_111,1,0.0
.mrii_112,1,0.0
.mrii_113,1,0.0
.mrii_114,1,0.0
.mrii_115,1,0.0
.mrii_116,1,0.0
.mrii_117,1,0.0
.mrii_118,1,0.0
.mrii_119,1,0.0
.mrii_12,1,0.0
.mrii_120,1,0.0
.mrii_121,1,0.0
.mrii_122,1,0.0
.mrii_123,1,0.0
.mrii_124,1,0.0
.mrii_125,1,0.0
.mrii_126,1,0.0
.mrii_127,1,0.0
.mrii_128,1,0.0
.mrii_129,1,0.0
.mrii_13,1,0.0
.mrii_130,1,0.0
.mrii_131,1,0.0
.mrii_132,1,0.0
.mrii_133,1,0.0
.mrii_134,1,0.0
.mrii_135,1,0.0
.mrii_136,1,0.0
.mrii_137,1,0.0
.mrii_138,1,0.0
.mrii_139,1,0.0
.mrii_14,1,0.0
.mrii_140,1,0.0
.mrii_141,1,0.0
.mrii_142,1,0.0
.mrii_143,1,0.0
.mrii_144,1,0.0
.mrii_145,1,0.0
.mrii_146,1,0.0
.mrii_147,1,0.0
.mrii_148,1,0.0
.mrii_149,1,0.0
.mrii_15,1,0.0
.mrii_150,1,0.0
.mrii_151,1,0.0
.mrii_152,1,0.0
.mrii_153,1,0.0
.mrii_154,1,0.0
.mrii_155,1,0.0
.mrii_156,1,0.0
.mrii_157,1,0.0
.mrii_158,1,0.0
.mrii_159,1,0.0
.mrii_16,1,0.0
.mrii_160,1,0.0
.mrii_161,1,0.0
.mrii_162,1,0.0
.mrii_163,1,0.0
.mrii_164,1,0.0
.mrii_165,1,0.0
.mrii_166,1,0.0
.mrii_167,1,0.0
.mrii_168,1,0.0
.mrii_169,1,0.0
.mrii_17,1,0.0
.mrii_170,1,0.0
.mrii_171,1,0.0
.mrii_172,1,0.0
.mrii_173,1,0.0
.mrii_174,1,0.0
.mrii_175,1,0.0
.mrii_176,1,0.0
.mrii_177,1,0.0
.mrii_178,1,0.0
.mrii_179,1,0.0
.mrii_18,1,0.0
.mrii_180,1,0.0
.mrii_181,1,0.0
.mrii_182,1,0.0
.mrii_183,1,0.0
.mrii_184,1,0.0
.mrii_185,1,0.0
.mrii_186,1,0.0
.mrii_187,1,0.0
.mrii_188,1,0.0
.mrii_189,1,0.0
.mrii_19,1,0.0
.mrii_190,1,0.0
.mrii_191,1,0.0
.mrii_192,1,0.0
.mrii_193,1,0.0
.mrii_194,1,0.0
.mrii_195,1,0.0
.mrii_196,1,0.0
.mrii_197,1,0.0
.mrii_198,1,0.0
.mrii_199,1,0.0
.mrii_2,1,0.0
.mrii_20,1,0.0
.mrii_200,1,0.0
.mrii_201,1,0.0
.mrii_202,1,0.0
.mrii_203,1,0.0
.mrii_204,1,0.0
.mrii_205,1,0.0
.mrii_206,1,0.0
.mrii_207,1,0.0
.mrii_208,1,0.0
.mrii_209,1,0.0
.mrii_21,1,0.0
.mrii_210,1,0.0
.mrii_211,1,0.0
.mrii_212,1,0.0
.mrii_213,1,0.0
.mrii_214,1,0.0
.mrii_215,1,0.0
.mrii_216,1,0.0
.mrii_217,1,0.0
.mrii_218,1,0.0
.mrii_219,1,0.0
.mrii_22,1,0.0
.mrii_220,1,0.0
.mrii_221,1,0.0
.mrii_222,1,0.0
.mrii_223,1,0.0
.mrii_224,1,0.0
.mrii_225,1,0.0
.mrii_226,1,0.0
.mrii_227,1,0.0
.mrii_228,1,0.0
.mrii_229,1,0.0
.mrii_23,1,0.0
.mrii_230,1,0.0
.mrii_231,1,0.0
.mrii_232,1,0.0
.mrii_233,1,0.0
.mrii_234,1,0.0
.mrii_235,1,0.0
.mrii_236,1,0.0
.mrii_237,1,0.0
.mrii_238,1,0.0
.mrii_239,1,0.0
.mrii_24,1,0.0
.mrii_240,1,0.0
.mrii_241,1,0.0
.mrii_242,1,0.0
.mrii_243,1,0.0
.mrii_244,1,0.0
.mrii_245,1,0.0
.mrii_246,1,0.0
.mrii_247,1,0.0
.mrii_248,1,0.0
.mrii_249,1,0.0
.mrii_25,1,0.0
.mrii_250,1,0.0
.mrii_251,1,0.0
.mrii_252,1,0.0
.mrii_253,1,0.0
.mrii_254,1,0.0
.mrii_255,1,0.0
.mrii_256,1,0.0
.mrii_257,1,0.0
.mrii_258,1,0.0
.mrii_259,1,0.0
.mrii_26,1,0.0
.mrii_260,1,0.0
.mrii_261,1,0.0
.mrii_262,1,0.0
.mrii_263,1,0.0
.mrii_264,1,0.0
.mrii_265,1,0.0
.mrii_266,1,0.0
.mrii_267,1,0.0
.mrii_268,1,0.0
.mrii_269,1,0.0
.mrii_27,1,0.0
.mrii_270,1,0.0
.mrii_271,1,0.0
.mrii_272,1,0.0
.mrii_273,1,0.0
.mrii_274,1,0.0
.mrii_275,1,0.0
.mrii_276,1,0.0
.mrii_277,1,0.0
.mrii_278,1,0.0
.mrii_279,1,0.0
.mrii_28,1,0.0
.mrii_280,1,0.0
.mrii_281,1,0.0
.mrii_282,1,0.0
.mrii_283,1,0.0
.mrii_284,1,0.0
.mrii_285,1,0.0
.mrii_286,1,0.0
.mrii_287,1,0.0
.mrii_288,1,0.0
.mrii_289,1,0.0
.mrii_29,1,0.0
.mrii_290,1,0.0
.mrii_291,1,0.0
.mrii_292,1,0.0
.mrii_293,1,0.0
.mrii_294,1,0.0
.mrii_295,1,0.0
.mrii_296,1,0.0
.mrii_297,1,0.0
.mrii_298,1,0.0
.mrii_299,1,0.0
.mrii_3,1,0.0
.mrii_30,1,0.0
.mrii_300,1,0.0
.mrii_301,1,0.0
.mrii_302,1,0.0
.mrii_303,1,0.0
.mrii_304,1,0.0
.mrii_305,1,0.0
.mrii_306,1,0.0
.mrii_307,1,0.0
.mrii_308,1,0.0
.mrii_309,1,0.0
.mrii_31,1,0.0
.mrii_310,1,0.0
.mrii_311,1,0.0
.mrii_312,1,0.0
.mrii_313,1,0.0
.mrii_314,1,0.0
.mrii_315,1,0.0
.mrii_316,1,0.0
.mrii_317,1,0.0
.mrii_318,1,0.0
.mrii_319,1,0.0
.mrii_32,1,0.0
.mrii_320,1,0.0
.mrii_321,1,0.0
.mrii_322,1,0.0
.mrii_323,1,0.0
.mrii_324,1,0.0
.mrii_325,1,0.0
.mrii_326,1,0.0
.mrii_327,1,0.0
.mrii_328,1,0.0
.mrii_329,1,0.0
.mrii_33,1,0.0
.mrii_330,1,0.0
.mrii_331,1,0.0
.mrii_332,1,0.0
.mrii_333,1,0.0
.mrii_334,1,0.0
.mrii_335,1,0.0
.mrii_336,1,0.0
.mrii_337,1,0.0
.mrii_338,1,0.0
.mrii_339,1,0.0
.mrii_34,1,0.0
.mrii_340,1,0.0
.mrii_341,1,0.0
.mrii_342,1,0.0
.mrii_343,1,0.0
.mrii_344,1,0.0
.mrii_345,1,0.0
.mrii_346,1,0.0
.mrii_347,1,0.0
.mrii_348,1,0.0
.mrii_349,1,0.0
.mrii_35,1,0.0
.mrii_350,1,0.0
.mrii_351,1,0.0
.mrii_352,1,0.0
.mrii_353,1,0.0
.mrii_354,1,0.0
.mrii_355,1,0.0
.mrii_356,1,0.0
.mrii_357,1,0.0
.mrii_358,1,0.0
.mrii_359,1,0.0
.mrii_36,1,0.0
.mrii_360,1,0.0
.mrii_361,1,0.0
.mrii_362,1,0.0
.mrii_363,1,0.0
.mrii_364,1,0.0
.mrii_365,1,0.0
.mrii_366,1,0.0
.mrii_367,1,0.0
.mrii_368,1,0.0
.mrii_369,1,0.0
.mrii_37,1,0.0
.mrii_370,1,0.0
.mrii_371,1,0.0
.mrii_372,1,0.0
.mrii_373,1,0.0
.mrii_374,1,0.0
.mrii_375,1,0.0
.mrii_376,1,0.0
.mrii_377,1,0.0
.mrii_378,1,0.0
.mrii_379,1,0.0
.mrii_38,1,0.0
.mrii_380,1,0.0
.mrii_381,1,0.0
.mrii_382,1,0.0
.mrii_383,1,0.0
.mrii_384,1,0.0
.mrii_385,1,0.0
.mrii_386,1,0.0
.mrii_387,1,0.0
.mrii_388,1,0.0
.mrii_389,1,0.0
.mrii_39,1,0.0
.mrii_390,1,0.0
.mrii_391,1,0.0
.mrii_392,1,0.0
.mrii_393,1,0.0
.mrii_394,1,0.0
.mrii_395,1,0.0
.mrii_396,1,0.0
.mrii_397,1,0.0
.mrii_398,1,0.0
.mrii_399,1,0.0
.mrii_4,1,0.0
.mrii_40,1,0.0
.mrii_400,1,0.0
.mrii_401,1,0.0
.mrii_402,1,0.0
.mrii_403,1,0.0
.mrii_404,1,0.0
.mrii_405,1,0.0
.mrii_406,1,0.0
.mrii_407,1,0.0
.mrii_408,1,0.0
.mrii_409,1,0.0
.mrii_41,1,0.0
.mrii_410,1,0.0
.mrii_411,1,0.0
.mrii_412,1,0.0
.mrii_413,1,0.0
.mrii_414,1,0.0
.mrii_415,1,0.0
.mrii_416,1,0.0
.mrii_417,1,0.0
.mrii_418,1,0.0
.mrii_419,1,0.0
.mrii_42,1,0.0
.mrii_420,1,0.0
.mrii_421,1,0.0
.mrii_422,1,0.0
.mrii_423,1,0.0
.mrii_424,1,0.0
.mrii_425,1,0.0
.mrii_426,1,0.0
.mrii_427,1,0.0
.mrii_428,1,0.0
.mrii_429,1,0.0
.mrii_43,1,0.0
.mrii_430,1,0.0
.mrii_431,1,0.0
.mrii_432,1,0.0
.mrii_433,1,0.0
.mrii_434,1,0.0
.mrii_435,1,0.0
.mrii_436,1,0.0
.mrii_437,1,0.0
.mrii_438,1,0.0
.mrii_439,1,0.0
.mrii_44,1,0.0
.mrii_440,1,0.0
.mrii_441,1,0.0
.mrii_442,1,0.0
.mrii_443,1,0.0
.mrii_444,1,0.0
.mrii_445,1,0.0
.mrii_446,1,0.0
.mrii_447,1,0.0
.mrii_448,1,0.0
.mrii_449,1,0.0
.mrii_45,1,0.0
.mrii_450,1,0.0
.mrii_451,1,0.0
.mrii_452,1,0.0
.mrii_453,1,0.0
.mrii_454,1,0.0
.mrii_455,1,0.0
.mrii_456,1,0.0
.mrii_457,1,0.0
.mrii_458,1,0.0
.mrii_459,1,0.0
.mrii_46,1,0.0
.mrii_460,1,0.0
.mrii_461,1,0.0
.mrii_462,1,0.0
.mrii_463,1,0.0
.mrii_464,1,0.0
.mrii_465,1,0.0
.mrii_466,1,0.0
.mrii_467,1,0.0
.mrii_468,1,0.0
.mrii_469,1,0.0
.mrii_47,1,0.0
.mrii_470,1,0.0
.mrii_471,1,0.0
.mrii_472,1,0.0
.mrii_473,1,0.0
.mrii_474,1,0.0
.mrii_475,1,0.0
.mrii_476,1,0.0
.mrii_477,1,0.0
.mrii_478,1,0.0
.mrii_479,1,0.0
.mrii_48,1,0.0
.mrii_480,1,0.0
.mrii_481,1,0.0
.mrii_482,1,0.0
.mrii_483,1,0.0
.mrii_484,1,0.0
.mrii_485,1,0.0
.mrii_486,1,0.0
.mrii_487,1,0.0
.mrii_488,1,0.0
.mrii_489,1,0.0
.mrii_49,1,0.0
.mrii_490,1,0.0
.mrii_491,1,0.0
.mrii_492,1,0.0
.mrii_493,1,0.0
.mrii_494,1,0.0
.mrii_495,1,0.0
.mrii_496,1,0.0
.mrii_497,1,0.0
.mrii_498,1,0.0
.mrii_499,1,0.0
.mrii_5,1,0.0
.mrii_50,1,0.0
.mrii_500,1,0.0
.mrii_501,1,0.0
.mrii_502,1,0.0
.mrii_503,1,0.0
.mrii_504,1,0.0
.mrii_505,1,0.0
.mrii_506,1,0.0
.mrii_507,1,0.0
.mrii_508,1,0.0
.mrii_509,1,0.0
.mrii_51,1,0.0
.mrii_510,1,0.0
.mrii_511,1,0.0
.mrii_52,1,0.0
.mrii_53,1,0.0
.mrii_54,1,0.0
.mrii_55,1,0.0
.mrii_56,1,0.0
.mrii_57,1,0.0
.mrii_58,1,0.0
.mrii_59,1,0.0
.mrii_6,1,0.0
.mrii_60,1,0.0
.mrii_61,1,0.0
.mrii_62,1,0.0
.mrii_63,1,0.0
.mrii_64,1,0.0
.mrii_65,1,0.0
.mrii_66,1,0.0
.mrii_67,1,0.0
.mrii_68,1,0.0
.mrii_69,1,0.0
.mrii_7,1,0.0
.mrii_70,1,0.0
.mrii_71,1,0.0
.mrii_72,1,0.0
.mrii_73,1,0.0
.mrii_74,1,0.0
.mrii_75,1,0.0
.mrii_76,1,0.0
.mrii_77,1,0.0
.mrii_78,1,0.0
.mrii_79,1,0.0
.mrii_8,1,0.0
.mrii_80,1,0.0
.mrii_81,1,0.0
.mrii_82,1,0.0
.mrii_83,1,0.0
.mrii_84,1,0.0
.mrii_85,1,0.0
.mrii_86,1,0.0
.mrii_87,1,0.0
.mrii_88,1,0.0
.mrii_89,1,0.0
.mrii_9,1,0.0
.mrii_90,1,0.0
.mrii_91,1,0.0
.mrii_92,1,0.0
.mrii_93,1,0.0
.mrii_94,1,0.0
.mrii_95,1,0.0
.mrii_96,1,0.0
.mrii_97,1,0.0
.mrii_98,1,0.0
.mrii_99,1,0.0
.hprof,1,0.0
.gxw,1,0.0
.psmdcp,1,0.0
.migtable,1,0.0
.bordercolor,1,0.0
.focisearch,1,0.0
.surface_shape,1,0.0
.section,1,0.0
.rei,1,0.0
.mtc41,1,0.0
.mtc43,1,0.0
.cps,1,0.0
.ky,1,0.0
.pg,1,0.0
.vr,1,0.0
.rdb-layer1,1,0.0
.kdevelop,1,0.0
.kdevses,1,0.0
.dat_higher_diff,1,0.0
.idm,1,0.0
.qfts,1,0.0
.spark,1,0.0
.mxe64,1,0.0
.hiro,1,0.0
.kanji,1,0.0
.alpine3,1,0.0
.centosstream8,1,0.0
.iperf,1,0.0
.ubuntu1404,1,0.0
.ubuntu1604,1,0.0
.ubuntu1804,1,0.0
.ubuntu2004,1,0.0
.origversion,1,0.0
.episode,1,0.0
.31_i86darwin32,1,0.0
.31_macppc,1,0.0
.bip,1,0.0
.dinvitro,1,0.0
.deleted,1,0.0
.libcrun,1,0.0
.keyring,1,0.0
.shub,1,0.0
.autocirc_gtag,1,0.0
.other,1,0.0
.adbx,1,0.0
.out~,1,0.0
.centromeres,1,0.0
.lengths,1,0.0
.inst,1,0.0
.codes,1,0.0
.proposal,1,0.0
.mlist,1,0.0
.mrnamotif,1,0.0
.lisp alias,1,0.0
.log1703b,1,0.0
.log1703c,1,0.0
.log1705b,1,0.0
.log1705d,1,0.0
.log1710a,1,0.0
.log1710b,1,0.0
.log1711c,1,0.0
.log1711e,1,0.0
.log1712a,1,0.0
.log1905d,1,0.0
.log1302d,1,0.0
.log1303a,1,0.0
.log1303c,1,0.0
.log1305d,1,0.0
.log1305e,1,0.0
.log1306b,1,0.0
.log1306c,1,0.0
.log1306d,1,0.0
.log1308a,1,0.0
.log1309a,1,0.0
.log1311a,1,0.0
.log1311c,1,0.0
.log1402d,1,0.0
.log1404e,1,0.0
.dpdk,1,0.0
.kvm,1,0.0
.libvirt,1,0.0
.userspace,1,0.0
.xenserver,1,0.0
.tmac,1,0.0
.1+,1,0.0
.ovs-vtep,1,0.0
.d_openvswitch-xapi-update,1,0.0
.d_plugins_openvswitch-cfg-update,1,0.0
.asteriskconf,1,0.0
.dfesymbolspaced,1,0.0
.rad1,1,0.0
.esf,1,0.0
.trxmanager,1,0.0
.matk,1,0.0
.partcw,1,0.0
.partcx,1,0.0
.partcy,1,0.0
.partcz,1,0.0
.partda,1,0.0
.partdb,1,0.0
.partdc,1,0.0
.partdd,1,0.0
.partde,1,0.0
.partdf,1,0.0
.partdg,1,0.0
.partdh,1,0.0
.partdi,1,0.0
.partdj,1,0.0
.partdk,1,0.0
.partdl,1,0.0
.partdm,1,0.0
.partdn,1,0.0
.partdo,1,0.0
.partdp,1,0.0
.partdq,1,0.0
.partdr,1,0.0
.partds,1,0.0
.partdt,1,0.0
.partdu,1,0.0
.partdv,1,0.0
.mobileconfig,1,0.0
.uga,1,0.0
.mtl23,1,0.0
.aga,1,0.0
.cpp#,1,0.0
.thetameans,1,0.0
.r-index,1,0.0
.1109,1,0.0
.busybox,1,0.0
.sample_combined_22inds_4seqs,1,0.0
.osql,1,0.0
.seed_gene_list,1,0.0
.moses,1,0.0
.verible_lint,1,0.0
.save_2,1,0.0
.varian,1,0.0
.bon,1,0.0
.pk2,1,0.0
.lis2,1,0.0
.tst1,1,0.0
.gif3,1,0.0
.bruk,1,0.0
.gf2,1,0.0
.gs2,1,0.0
.bootchk,1,0.0
.goa,1,0.0
.inputactions,1,0.0
.spriteatlas,1,0.0
.rou,1,0.0
.adeextension,1,0.0
.adecontext,1,0.0
.alignmentmetrics,1,0.0
.insertsizemetrics,1,0.0
.xcnv,1,0.0
.gens_info_by_sample,1,0.0
.gens_summary,1,0.0
.gens_warnings,1,0.0
.tapplan,1,0.0
.kmers,1,0.0
.astub,1,0.0
.ms10,1,0.0
.ieee802_15_4,1,0.0
.a64,1,0.0
.ginfo,1,0.0
.cc-bootloader,1,0.0
.immesniff,1,0.0
.msfrelay,1,0.0
.ddt,1,0.0
.bnm,1,0.0
.0 install instructions,1,0.0
.nrs,1,0.0
.xcat,1,0.0
.passphrase,1,0.0
.czi,1,0.0
.f#,1,0.0
.poy,1,0.0
.mltop,1,0.0
.ping,1,0.0
.tuplock,1,0.0
.sanger,1,0.0
.staging,1,0.0
.id0,1,0.0
.id1,1,0.0
.til,1,0.0
.after,1,0.0
.feature_transform,1,0.0
.uedin-wmt16-full,1,0.0
.uedin-wmt16-parallel-single,1,0.0
.uedin-wmt16-single,1,0.0
.uedin-wmt17-full,1,0.0
.uedin-wmt17-single,1,0.0
.detok,1,0.0
.qar,1,0.0
.mapgen,1,0.0
.uk,1,0.0
.akk,1,0.0
.apu,1,0.0
.fro,1,0.0
.hit,1,0.0
.kk,1,0.0
.kmr,1,0.0
.koi,1,0.0
.kpv,1,0.0
.myv,1,0.0
.sga,1,0.0
.sjo,1,0.0
.sms,1,0.0
.inpm,1,0.0
.fakesconfig,1,0.0
.bkup12mar19,1,0.0
.galex,1,0.0
.unwise,1,0.0
.incase,1,0.0
.quark,1,0.0
.geneiousworkflow,1,0.0
.rawcnv,1,0.0
.htcp-bin,1,0.0
.screendump,1,0.0
.medmad,1,0.0
.gallio,1,0.0
.renderingengine,1,0.0
.something,1,0.0
.moles,1,0.0
.installation,1,0.0
.0-genesis,1,0.0
.luax,1,0.0
.brig,1,0.0
.epgz,1,0.0
.publickey,1,0.0
.00t01-ref107857opac-benchmark,1,0.0
.modopac-benchmark,1,0.0
.002060,1,0.0
.interpol,1,0.0
.00t01-ref107857,1,0.0
.eqw-benchmark,1,0.0
.findabu-benchmark,1,0.0
.spec-benchmark,1,0.0
.f-obsolete,1,0.0
.eventdumpparser,1,0.0
.ctz,1,0.0
.hsf,1,0.0
.vdx,1,0.0
.javasource,1,0.0
.syntax,1,0.0
.pdbx,1,0.0
.flagstat,1,0.0
.remove,1,0.0
.gtfcount,1,0.0
.map2sam,1,0.0
.mapset,1,0.0
.scorereads,1,0.0
.junction,1,0.0
.modular,1,0.0
.fuck,1,0.0
.data~,1,0.0
.tab1,1,0.0
.tab3,1,0.0
.conti,1,0.0
.pos1,1,0.0
.pos2,1,0.0
.pos3,1,0.0
.extralibs,1,0.0
.conf_np1,1,0.0
.inc_good_dynamic,1,0.0
.inc_good_static,1,0.0
.inc_tmp,1,0.0
.cuda_gpu,1,0.0
.i386_linux,1,0.0
.mac-x,1,0.0
.mpich,1,0.0
.t3e,1,0.0
.xt4_pathscale,1,0.0
.xt4_pgi,1,0.0
.altix,1,0.0
.exemplar,1,0.0
.pthread,1,0.0
.calciumsiliconratioincsh,1,0.0
.calciumsiliconratioincsh3t,1,0.0
.saturationindexofsh,1,0.0
.saturationindexofshincsh3t,1,0.0
.watersiliconratioincsh,1,0.0
.watersiliconratioincsh3t,1,0.0
.cacl2,1,0.0
.na2so4,1,0.0
.nacl,1,0.0
.pdf-chunking-77766275-3-1,1,0.0
.pdf-chunking-1452628439-3-0,1,0.0
.pdf-chunking-1452628439-3-1,1,0.0
.1kb,1,0.0
.2kb,1,0.0
.5kb,1,0.0
.hmw,1,0.0
.ph5,1,0.0
.shv,1,0.0
.ymp,1,0.0
.ypf,1,0.0
.r3,1,0.0
.r4,1,0.0
.r5,1,0.0
.2011,1,0.0
.elimine_oh,1,0.0
.log_oh,1,0.0
.patrick,1,0.0
.qiang,1,0.0
.c20210813,1,0.0
.y0,1,0.0
.thy~,1,0.0
.le35,1,0.0
.le55,1,0.0
.le75,1,0.0
.config~,1,0.0
.eddl-manylinux,1,0.0
.eddl-manylinux-gpu,1,0.0
.eddl-superbuild,1,0.0
.superbuild,1,0.0
.eddl-base,1,0.0
.eddl-cpu,1,0.0
.eddl-cudnn,1,0.0
.eddl-gpu,1,0.0
.pyeddl-base,1,0.0
.pyeddl-cpu,1,0.0
.pyeddl-cudnn,1,0.0
.pyeddl-gpu,1,0.0
.xyz_backup,1,0.0
.parsed,1,0.0
.mql,1,0.0
.jsbox0,1,0.0
.jsbox1,1,0.0
.jsbox2,1,0.0
.jsconn,1,0.0
.todraw,1,0.0
.catalog,1,0.0
.perlcritic,1,0.0
.perltidy,1,0.0
.mt3vsct3,1,0.0
.mt3vsct3_wfungroup,1,0.0
.result-5-5,1,0.0
.ncrunchsolution,1,0.0
.02500,1,0.0
.01000,1,0.0
.bin_canonical_2004_iter_test_one_ray,1,0.0
.bin_cmod_lh_edge,1,0.0
.bin_id10iabsorp1,1,0.0
.bin_shot106270,1,0.0
.bin_test10,1,0.0
.bin_test2,1,0.0
.bin_test5,1,0.0
.bin_test6,1,0.0
.bin_test7_edge_dens_rz,1,0.0
.dat_canonical_2004_iter_test_one_ray,1,0.0
.dat_ec_iter_central_cd_ieffic3,1,0.0
.dat_ec_iter_central_cd_ieffic4,1,0.0
.dat_ec_iter_central_cd_ieffic4_mom_cons,1,0.0
.dat_ec_iter_central_cd_ieffic6,1,0.0
.1_updtd,1,0.0
.dat_gt_pop2005_id6_i_ox2_090720,1,0.0
.dat_id10iabsorp1,1,0.0
.dat_shot106270_multi_ray_multi_cone,1,0.0
.dat_ss_xmode_180_emission,1,0.0
.in_cmod_lh_edge,1,0.0
.in_cmod_lh_edge_id16,1,0.0
.in_cmod_lh_edge_lsc,1,0.0
.in_i_edge_dens_rz_mesh=1,1,0.0
.in_i_edge_dens_rz_mesh=2,1,0.0
.in_test10,1,0.0
.in_test7_ec,1,0.0
.bin_ec_iter_central_cd,1,0.0
.57_129x129,1,0.0
.for_dm,1,0.0
.f_genray,1,0.0
.f_to_100507,1,0.0
.py_to_170714,1,0.0
.dat_template_to_090130,1,0.0
.dat_template_to_090406,1,0.0
.dat_template_to_090505,1,0.0
.dat_template_to_090901,1,0.0
.dat_template_to_091220,1,0.0
.dat_template_to_110503,1,0.0
.dat_template_to_111011,1,0.0
.dat_template_to_111031,1,0.0
.dat_template_to_120401,1,0.0
.dat_template_to_140701,1,0.0
.dat_template_to_140801,1,0.0
.dat_template_to_151018,1,0.0
.dat_template_to_180402,1,0.0
.dat_template_to_180518,1,0.0
.dat_template_to_180529,1,0.0
.in_template_mksa_090130,1,0.0
.in_template_mksa_090406,1,0.0
.in_template_mksa_090505,1,0.0
.in_template_mksa_090901,1,0.0
.in_template_mksa_091220,1,0.0
.in_template_mksa_110503,1,0.0
.in_template_mksa_111011,1,0.0
.in_template_mksa_111031,1,0.0
.in_template_mksa_111031_nb,1,0.0
.in_template_mksa_120401,1,0.0
.in_template_mksa_140701,1,0.0
.in_template_mksa_140801,1,0.0
.in_template_mksa_151018,1,0.0
.in_template_mksa_180402,1,0.0
.in_template_mksa_180518,1,0.0
.in_template_mksa_180529,1,0.0
.in_template_mksa_191207,1,0.0
.f_151110,1,0.0
.compx1,1,0.0
.franklin,1,0.0
.gfortran64_hopper,1,0.0
.cori_consulters,1,0.0
.g_100921_old,1,0.0
.ins_hopper,1,0.0
.ins_notworking,1,0.0
.ins_to_111102,1,0.0
.ins_to_130508,1,0.0
.ins_to_130509,1,0.0
.ins_zip,1,0.0
.obsolete,1,0.0
.f_new,1,0.0
.f_to_170714,1,0.0
.in_test7,1,0.0
.in_w_wtheta,1,0.0
.ini_psonly,1,0.0
.munkres,1,0.0
.clamd,1,0.0
.antigenicdistances,1,0.0
.antigenicsamples,1,0.0
.mrcaseries,1,0.0
.mutationseries,1,0.0
.simmapantigenic,1,0.0
.simmapload,1,0.0
.simmapviralfitness,1,0.0
.trunkantigenicshifts,1,0.0
.viralfitnessseries,1,0.0
.entity,1,0.0
.isql,1,0.0
.sqlite-journal,1,0.0
.json-skel,1,0.0
.queryparserfactory,1,0.0
.alprofile,1,0.0
.linesearchtask,1,0.0
.automationrequest,1,0.0
.taskplanoptions,1,0.0
.assignmentcostmatrix,1,0.0
.taskassignmentsummary,1,0.0
.taskimplementationrequest,1,0.0
.taskimplementationresponse,1,0.0
.automationresponse,1,0.0
.finalreport,1,0.0
.xref,1,0.0
.firstinstall,1,0.0
.c_bdf1,1,0.0
.c_bdf2,1,0.0
.h_bdf2,1,0.0
.cver,1,0.0
.installed,1,0.0
.xplt,1,0.0
.ttar,1,0.0
.sample3,1,0.0
.avx256-512,1,0.0
.sid,1,0.0
.r2017a,1,0.0
.r366,1,0.0
.r364,1,0.0
.dec_alpha,1,0.0
.sp2_babbage,1,0.0
.sun_ultra_sparc,1,0.0
.lu,1,0.0
.aiohttp,1,0.0
.autobahn,1,0.0
.unknown_mime_type,1,0.0
.zero_bytes,1,0.0
.coderprj,1,0.0
.sol#,1,0.0
.optimize_augustus,1,0.0
.01mmseqs2calhits,1,0.0
.02hittogeneprediction,1,0.0
.03getgenemodels,1,0.0
.04miniprot2genemodels,1,0.0
.05spaln2genemodels,1,0.0
.foreign,1,0.0
.h-default,1,0.0
.antlr4,1,0.0
.guix,1,0.0
.bgm,1,0.0
.renamed,1,0.0
.coq,1,0.0
.csv ,1,0.0
.nl_ns,1,0.0
.hmmdb,1,0.0
.jsproj,1,0.0
.mle,1,0.0
.dac,1,0.0
.dict_bpe8000,1,0.0
.newephem,1,0.0
.csv-example,1,0.0
.cpicle,1,0.0
.txt_old,1,0.0
.xml-fragment,1,0.0
.localmode,1,0.0
.embeddedapplauncher,1,0.0
.yarnapplauncher,1,0.0
.dagexecutionplugin,1,0.0
.keytab,1,0.0
.zvi,1,0.0
.bostau_sisrs_biallelic_nomissing_allsisrs,1,0.0
.bostau_sisrs_biallelic_nomissing_cds,1,0.0
.bostau_sisrs_biallelic_nomissing_fiveprimeutr,1,0.0
.bostau_sisrs_biallelic_nomissing_intergenic,1,0.0
.bostau_sisrs_biallelic_nomissing_intronic,1,0.0
.bostau_sisrs_biallelic_nomissing_pseudogene,1,0.0
.bostau_sisrs_biallelic_nomissing_smrna,1,0.0
.bostau_sisrs_biallelic_nomissing_threeprimeutr,1,0.0
.musmus_sisrs_biallelic_nomissing_allsisrs,1,0.0
.musmus_sisrs_biallelic_nomissing_cds,1,0.0
.musmus_sisrs_biallelic_nomissing_fiveprimeutr,1,0.0
.musmus_sisrs_biallelic_nomissing_intergenic,1,0.0
.musmus_sisrs_biallelic_nomissing_intronic,1,0.0
.musmus_sisrs_biallelic_nomissing_lncrna,1,0.0
.musmus_sisrs_biallelic_nomissing_ncgenes,1,0.0
.musmus_sisrs_biallelic_nomissing_pseudogene,1,0.0
.musmus_sisrs_biallelic_nomissing_smrna,1,0.0
.musmus_sisrs_biallelic_nomissing_threeprimeutr,1,0.0
.build-process,1,0.0
.9_cx,1,0.0
.blastwaves,1,0.0
.bondi,1,0.0
.evrard,1,0.0
.zeldovich,1,0.0
.coll,1,0.0
.epiotrt,1,0.0
.episgt,1,0.0
.repiotrt,1,0.0
.repisgt,1,0.0
.rsgt,1,0.0
.exregion,1,0.0
.example-php,1,0.0
.myjson,1,0.0
.mydata,1,0.0
.mydata2,1,0.0
.myhtml,1,0.0
.exelem,1,0.0
.exnode,1,0.0
.refer,1,0.0
.recover,1,0.0
.reorder,1,0.0
.features~,1,0.0
.ui~,1,0.0
.incflo,1,0.0
.channel_cylinder,1,0.0
.eb_flow_sphere,1,0.0
.inviscid_rotated_planes_x,1,0.0
.rotated_planes_x,1,0.0
.rotated_planes_y,1,0.0
.vortex_in_sphere,1,0.0
.channel_cylinder-x,1,0.0
.channel_cylinder-xx,1,0.0
.channel_cylinder-y,1,0.0
.channel_cylinder-yy,1,0.0
.channel_cylinder-z,1,0.0
.channel_cylinder-zz,1,0.0
.channel_spherecube,1,0.0
.couette_poiseuille,1,0.0
.double_shear_restart,1,0.0
.eb_flow_const_velz,1,0.0
.eb_flow_density,1,0.0
.poiseuille_halfplane_newtonian,1,0.0
.slanted_cylinder,1,0.0
.tuscan,1,0.0
.upipe,1,0.0
.csg,1,0.0
.couette_cylinder,1,0.0
.couette_twocylinders,1,0.0
.poiseuille_annulus,1,0.0
.rotating_cylinder,1,0.0
.taylor_couette,1,0.0
.test_csg,1,0.0
.inviscid_rotated_cylinder_x,1,0.0
.inviscid_rotated_cylinder_y,1,0.0
.inviscid_rotated_cylinder_z,1,0.0
.periodic_box_x,1,0.0
.periodic_box_y,1,0.0
.periodic_box_z,1,0.0
.circ_traceradect_bds,1,0.0
.double_shear_layer_x,1,0.0
.double_shear_layer_y,1,0.0
.double_shear_layer_z,1,0.0
.poiseuille_halfplane_newtonian_x,1,0.0
.poiseuille_halfplane_newtonian_y,1,0.0
.poiseuille_halfplane_newtonian_z,1,0.0
.poiseuille_plane_newtonian_x,1,0.0
.poiseuille_plane_newtonian_y,1,0.0
.poiseuille_plane_newtonian_z,1,0.0
.slip_wall_test_x,1,0.0
.shap,1,0.0
.iproute2+tc,1,0.0
.glsdefs,1,0.0
.ssw,1,0.0
.trinity,1,0.0
.luby,1,0.0
.rmat,1,0.0
.sssp,1,0.0
.wordfreq,1,0.0
.mac64,1,0.0
.tbird,1,0.0
.oroginal,1,0.0
.2017,1,0.0
.8nov2017,1,0.0
.15dec2017,1,0.0
.nevermind,1,0.0
.cog,1,0.0
.depcleangradleplugin,1,0.0
.hier_info,1,0.0
.hif,1,0.0
.ipinfo,1,0.0
.dfp,1,0.0
.rcfdb,1,0.0
.dpi,1,0.0
.hb_info,1,0.0
.xrf,1,0.0
.regi,1,0.0
.dpd,1,0.0
.xml_correct,1,0.0
.xml_orig,1,0.0
.ltp,1,0.0
.luacov,1,0.0
.w-h,1,0.0
.coupledcells,1,0.0
.coupledcells4,1,0.0
.coupledcellslemon,1,0.0
.bgl,1,0.0
.bgp,1,0.0
.general,1,0.0
.synctex(busy),1,0.0
.bin1,1,0.0
.generators,1,0.0
.2006,1,0.0
.vrml97,1,0.0
.legal,1,0.0
.movies,1,0.0
.aktualizr,1,0.0
.focal,1,0.0
.sgd,1,0.0
.cdt,1,0.0
.gtr,1,0.0
.scad_original,1,0.0
.gold_std,1,0.0
.quy,1,0.0
.msv,1,0.0
.metagenemark,1,0.0
.drace,1,0.0
.indpop,1,0.0
.shuf_cols,1,0.0
.vssettings,1,0.0
.altitude,1,0.0
.gps,1,0.0
.emden-21416,1,0.0
.trie,1,0.0
.stri,1,0.0
.ars,1,0.0
.ath,1,0.0
.tfs,1,0.0
.xamlstyler,1,0.0
.hs_template,1,0.0
.j2c,1,0.0
.ipyn,1,0.0
.tui,1,0.0
.alp,1,0.0
.swm,1,0.0
.gqt,1,0.0
.vid,1,0.0
.vertices,1,0.0
.indels,1,0.0
.qualities,1,0.0
.sitefrequency,1,0.0
.sitepositions,1,0.0
.extract-native-dependencies,1,0.0
.r94719,1,0.0
.r95439,1,0.0
.1 ffp1,1,0.0
.2 ffp2,1,0.0
.1 qa,1,0.0
.1 star1,1,0.0
.2 star2,1,0.0
.3 star3,1,0.0
.4 star4,1,0.0
.1 salmon,1,0.0
.1 border,1,0.0
.2 border2,1,0.0
.1 ej1,1,0.0
.2 ej2,1,0.0
.maintainer,1,0.0
.openssl,1,0.0
.oracle,1,0.0
.repos,1,0.0
.delim,1,0.0
.txt_pos,1,0.0
.pcaproject,1,0.0
.lustrec,1,0.0
.chs,1,0.0
.fdoc,1,0.0
.:,1,0.0
.html?c=d;o=d,1,0.0
.html?c=m;o=d,1,0.0
.html?c=n;o=a,1,0.0
.html?c=s;o=d,1,0.0
.homo3083,1,0.0
.ssa,1,0.0
.bcm12a,1,0.0
.bcm8a,1,0.0
.cm12a,1,0.0
.cm8a,1,0.0
.5_with_test,1,0.0
.mpsa,1,0.0
.span,1,0.0
.ss2,1,0.0
.topcons,1,0.0
.zpred,1,0.0
.l#5,1,0.0
.l#6,1,0.0
.l#7,1,0.0
.l#8,1,0.0
.l#9,1,0.0
.wsdt,1,0.0
.ndrv,1,0.0
.e500,1,0.0
.seabios-128k,1,0.0
.seabios-256k,1,0.0
.vga-cirrus,1,0.0
.vga-isavga,1,0.0
.vga-qxl,1,0.0
.vga-stdvga,1,0.0
.vga-virtio,1,0.0
.vga-vmware,1,0.0
.ipmikcs,1,0.0
.ipmibt,1,0.0
.nocache,1,0.0
.lineage,1,0.0
.puntseq,1,0.0
.w6yv7k,1,0.0
.emp,1,0.0
.getsatstudy,1,0.0
.readgeom,1,0.0
.readtree,1,0.0
.useraysolver,1,0.0
.ok4most,1,0.0
.ok4some,1,0.0
.bk2,1,0.0
.x versions,1,0.0
.nvm',1,0.0
.x should only list a matched version,1,0.0
.nvmrc fallback,1,0.0
.sh should make the nvm command available,1,0.0
.sh should not modify parameters of caller,1,0.0
.nvmrc in the parent dir,1,0.0
.nvmrc from fake source,1,0.0
.x is not installed,1,0.0
.0 iojs version,1,0.0
.sh global alias bug,1,0.0
.sh should keep version if one is active,1,0.0
.sh should use the default if available and no nvm node is loaded,1,0.0
.nvmrc should install it,1,0.0
.sh with --install should install the default,1,0.0
.sh with --no-use should not use anything,1,0.0
.sh with no default should return 0,1,0.0
.sh with zsh extendedglob should use the default,1,0.0
.21-pre,1,0.0
.py_example,1,0.0
.auth,1,0.0
.mif0,1,0.0
.write-lock,1,0.0
.conversions,1,0.0
.haddock,1,0.0
.tgo,1,0.0
.2-snapshot,1,0.0
.processed,1,0.0
.blei,1,0.0
.low,1,0.0
.mallet,1,0.0
.svmlight,1,0.0
.deprecations,1,0.0
.activehdl,1,0.0
.dsim,1,0.0
.ghdl,1,0.0
.icarus,1,0.0
.ius,1,0.0
.modelsim,1,0.0
.nvc,1,0.0
.questa-compat,1,0.0
.questa-qisqrun,1,0.0
.riviera,1,0.0
.verilator,1,0.0
.xcelium,1,0.0
.minimal_units,1,0.0
.colvars-1,1,0.0
.colvars-2,1,0.0
.colvars-3,1,0.0
.colvars-4,1,0.0
.colvars-5,1,0.0
.spring-1,1,0.0
.spring-2,1,0.0
.spring-3,1,0.0
.spring-4,1,0.0
.spring-5,1,0.0
.gamd,1,0.0
.contig,1,0.0
.contigindex,1,0.0
.cod,1,0.0
.dlf,1,0.0
.plots,1,0.0
.sequential,1,0.0
.snd,1,0.0
.threaded,1,0.0
.vf2,1,0.0
.wcm,1,0.0
.myd,1,0.0
.myi,1,0.0
.sfx,1,0.0
.vft,1,0.0
.vfx,1,0.0
.libcose,1,0.0
.mockoap,1,0.0
.rustcrypto,1,0.0
.parg,1,0.0
.runs,1,0.0
.json-ld,1,0.0
.gfortran_macos,1,0.0
.gfortran_mkl_mpi_debug_macos,1,0.0
.gfortran_mkl_mpi_macos,1,0.0
.gfortran_mkl_serial_macos,1,0.0
.gfortran_debug,1,0.0
.gfortran_debug_macos,1,0.0
.gfortran_mkl_mpi,1,0.0
.gfortran_mkl_serial,1,0.0
.gfortran_mpi,1,0.0
.gfortran_mpi_debug,1,0.0
.gfortran_openblas_mpi,1,0.0
.gfortran_openblas_serial,1,0.0
.gfortran_serial,1,0.0
.gfortran_serial_macos,1,0.0
.ifort_intelmpi,1,0.0
.ifort_mpi,1,0.0
.ifort_serial,1,0.0
.bigsuze,1,0.0
.uhu,1,0.0
.unicos,1,0.0
.f90_debug,1,0.0
.interactive,1,0.0
.css2,1,0.0
.loaded_1,1,0.0
.loaded_2,1,0.0
.loaded_3,1,0.0
.tpbuild,1,0.0
.jscad,1,0.0
.xspt,1,0.0
.moog,1,0.0
.mlf,1,0.0
.mrf,1,0.0
.mes,1,0.0
.abx,1,0.0
.distance,1,0.0
.bundles,1,0.0
.calc-two,1,0.0
.ml_byte,1,0.0
.ml_native,1,0.0
.tftpl,1,0.0
.emacsen-startup,1,0.0
.3cocci,1,0.0
.conflicts#,1,0.0
.bash_completion,1,0.0
.not_supported,1,0.0
.splitpatch,1,0.0
.aucdl,1,0.0
.json-tripled,1,0.0
.native16,1,0.0
.from-source,1,0.0
.pysat,1,0.0
.tally,1,0.0
.cpp_nomt,1,0.0
.h_bk,1,0.0
.lpsolve,1,0.0
.superlu,1,0.0
.lef_gold,1,0.0
.gds_gold,1,0.0
.lbb,1,0.0
.tdef,1,0.0
.us_gov,1,0.0
.jdb,1,0.0
.njs,1,0.0
.apache20,1,0.0
.antlr,1,0.0
.lola_unparsable,1,0.0
.txt_unparsable,1,0.0
.phase1,1,0.0
.fastphase,1,0.0
.phase2,1,0.0
.crazy_ext,1,0.0
.parm,1,0.0
.nastruct,1,0.0
.r3d,1,0.0
.removal,1,0.0
.breaking,1,0.0
.upload,1,0.0
.packb,1,0.0
.ol,1,0.0
.cb_dist,1,0.0
.comap,1,0.0
.mfdca,1,0.0
.plmdca,1,0.0
.psicov,1,0.0
.ieee802_11,1,0.0
.txt-gem,1,0.0
.256lr,1,0.0
.1836,1,0.0
.1836-hr,1,0.0
.1836-v2,1,0.0
.1836-v3,1,0.0
.1836b,1,0.0
.1836gem,1,0.0
.1836rest,1,0.0
.256a,1,0.0
.256b,1,0.0
.256bg00,1,0.0
.256bg01,1,0.0
.256bg02,1,0.0
.256bg03,1,0.0
.256bg05,1,0.0
.256bhr,1,0.0
.256obl,1,0.0
.256rest,1,0.0
.256tt,1,0.0
.2stream,1,0.0
.3d256,1,0.0
.3d_2,1,0.0
.alfven,1,0.0
.anisotropy,1,0.0
.egedal400,1,0.0
.ff100,1,0.0
.ff64,1,0.0
.gary,1,0.0
.gem2,1,0.0
.homa2,1,0.0
.homa3,1,0.0
.laila,1,0.0
.lailabg,1,0.0
.lhdi,1,0.0
.lhdi1836,1,0.0
.lhdi2,1,0.0
.lhdi3,1,0.0
.lhdioxygen,1,0.0
.oxygen,1,0.0
.prit,1,0.0
.prit2,1,0.0
.prit256,1,0.0
.prit2563d,1,0.0
.prit2563d2,1,0.0
.prit2563d3,1,0.0
.prit2563dsmall,1,0.0
.prit256bis,1,0.0
.prit256hr,1,0.0
.prit256lr,1,0.0
.prit256lsm,1,0.0
.prit256nb,1,0.0
.prit256qui,1,0.0
.prit512,1,0.0
.prit512ub2,1,0.0
.prit512ubuntu,1,0.0
.prit64,1,0.0
.r37hd512_3d,1,0.0
.set4,1,0.0
.weibel,1,0.0
.abe,1,0.0
.curie,1,0.0
.esat,1,0.0
.fra,1,0.0
.gar,1,0.0
.knc,1,0.0
.lynx,1,0.0
.mic,1,0.0
.vic,1,0.0
.numpy_bin,1,0.0
.fxg,1,0.0
.analyse_genomes,1,0.0
.galaxykickstart-base,1,0.0
.krz,1,0.0
.howto_script,1,0.0
.howto_transform,1,0.0
.glob,1,0.0
.nofrom,1,0.0
.withfrom,1,0.0
.with_label,1,0.0
.userns-auto,1,0.0
.with-multiple-secret,1,0.0
.with-platform,1,0.0
.with-secret,1,0.0
.squash-a,1,0.0
.squash-b,1,0.0
.squash-c,1,0.0
.cookie,1,0.0
.json1,1,0.0
.hb,1,0.0
.derived,1,0.0
.gifti,1,0.0
.xmltree,1,0.0
.cmdl,1,0.0
.cidx_old,1,0.0
.jsonid,1,0.0
.iex,1,0.0
.l2p,1,0.0
.logger~,1,0.0
.cpsx,1,0.0
.sessionfactorybuilderfactory,1,0.0
.rdxx,1,0.0
.sh_example,1,0.0
.connect,1,0.0
.nbar,1,0.0
.0 论文,1,0.0
.1 政治货币,1,0.0
.2 投票,1,0.0
.3 用户体验,1,0.0
.lie,1,0.0
.rac,1,0.0
.rsml,1,0.0
.2023:1753153141,1,0.0
.ec5,1,0.0
.ozar,1,0.0
.grep,1,0.0
.out_supervised,1,0.0
.out_unsupervised,1,0.0
.admin,1,0.0
.author,1,0.0
.granted,1,0.0
.granted_token,1,0.0
.rejected,1,0.0
.com-non_engines,1,0.0
.openaire4,1,0.0
.mser,1,0.0
.tsi,1,0.0
.qpl,1,0.0
.announce,1,0.0
.axgr,1,0.0
.axgx,1,0.0
.201805100120,1,0.0
.ppc64le,1,0.0
.omp,1,0.0
.heroku,1,0.0
.mrb-linux-amd64,1,0.0
.universal,1,0.0
.nobody,1,0.0
.chrlengths,1,0.0
.example_recipe,1,0.0
.plotting,1,0.0
.dust,1,0.0
.alljobs,1,0.0
.libbpf,1,0.0
.vscodelog,1,0.0
.xrdf,1,0.0
.com%3fsubject=4store,1,0.0
.2em,1,0.0
.wikitext,1,0.0
.innerhtml=,1,0.0
.overflow=,1,0.0
.position=,1,0.0
.datatype=,1,0.0
.top=,1,0.0
.offsetheight;f!==,1,0.0
.xmlhttp,1,0.0
.pauli,1,0.0
.miplib2010,1,0.0
.1719,1,0.0
.unintelligible,1,0.0
.php8,1,0.0
.pickle_n_si_all,1,0.0
.metadix,1,0.0
.coverity,1,0.0
.mockbuild,1,0.0
.rolling,1,0.0
.seis,1,0.0
.stc1,1,0.0
.stc2,1,0.0
.stc3,1,0.0
.stc4,1,0.0
.stc5,1,0.0
.vectorizer,1,0.0
.dfont,1,0.0
.bl1s,1,0.0
.bl3s,1,0.0
.bl5s,1,0.0
.blany,1,0.0
.ceo1s,1,0.0
.ceo1si1,1,0.0
.ceo1si2,1,0.0
.ceo3s,1,0.0
.ceo3si1,1,0.0
.ceo3si2,1,0.0
.ceo5s,1,0.0
.ceo5si1,1,0.0
.ceo5si2,1,0.0
.ceoany,1,0.0
.ceoanyi1,1,0.0
.ceoanyi2,1,0.0
.fn1s,1,0.0
.fn3s,1,0.0
.fn5s,1,0.0
.fnany,1,0.0
.nafcl1s,1,0.0
.nafcl3s,1,0.0
.nafcl5s,1,0.0
.nafclany,1,0.0
.nc1s,1,0.0
.nc3s,1,0.0
.nc5s,1,0.0
.ncany,1,0.0
.ceo,1,0.0
.7-web,1,0.0
.yml__,1,0.0
.linearindex,1,0.0
.numer,1,0.0
.py_,1,0.0
.gl,1,0.0
.k9,1,0.0
.php;psrch=0;logged_in=0;tile=1;s,1,0.0
.php;psrch=0;logged_in=0;tile=2;s,1,0.0
.php%3bpsrch=0%3blogged_in=0%3btile=3%3bs,1,0.0
.php;psrch=0;logged_in=0;tile=4;s,1,0.0
.php;psrch=0;logged_in=0;tile=5;s,1,0.0
.stretcherp,1,0.0
.log-20100502,1,0.0
.jenasubsystemlifecycle,1,0.0
.dionysos,1,0.0
.pdos_atm#1(mg)_wfc#1(s),1,0.0
.pdos_atm#1(mg)_wfc#2(p),1,0.0
.pdos_atm#2(o)_wfc#1(s),1,0.0
.pdos_atm#2(o)_wfc#2(p),1,0.0
.drill,1,0.0
.pmlexecseq100,1,0.0
.pmlexecseq101,1,0.0
.pmlexecseq102,1,0.0
.pmlexecseq103,1,0.0
.pmlexecseq104,1,0.0
.pmlexecseq105,1,0.0
.pmlexecseq106,1,0.0
.pmlexecseq107,1,0.0
.pmlexecseq108,1,0.0
.pmlexecseq109,1,0.0
.pmlexecseq110,1,0.0
.pmlexecseq111,1,0.0
.pmlexecseq112,1,0.0
.pmlexecseq113,1,0.0
.pmlexecseq114,1,0.0
.pmlexecseq115,1,0.0
.pmlexecseq116,1,0.0
.pmlexecseq117,1,0.0
.pmlexecseq118,1,0.0
.pmlexecseq119,1,0.0
.pmlexecseq120,1,0.0
.pmlexecseq121,1,0.0
.pmlexecseq122,1,0.0
.pmlexecseq123,1,0.0
.pmlexecseq124,1,0.0
.pmlexecseq125,1,0.0
.pmlexecseq126,1,0.0
.pmlexecseq127,1,0.0
.pmlexecseq128,1,0.0
.pmlexecseq129,1,0.0
.pmlexecseq130,1,0.0
.pmlexecseq131,1,0.0
.pmlexecseq132,1,0.0
.pmlexecseq133,1,0.0
.pmlexecseq134,1,0.0
.pmlexecseq135,1,0.0
.pmlexecseq136,1,0.0
.pmlexecseq137,1,0.0
.pmlexecseq138,1,0.0
.pmlexecseq139,1,0.0
.pmlexecseq140,1,0.0
.pmlexecseq141,1,0.0
.pmlexecseq142,1,0.0
.pmlexecseq143,1,0.0
.pmlexecseq144,1,0.0
.pmlexecseq145,1,0.0
.pmlexecseq146,1,0.0
.pmlexecseq147,1,0.0
.pmlexecseq148,1,0.0
.pmlexecseq149,1,0.0
.pmlexecseq150,1,0.0
.pmlexecseq151,1,0.0
.pmlexecseq152,1,0.0
.pmlexecseq153,1,0.0
.pmlexecseq154,1,0.0
.pmlexecseq155,1,0.0
.pmlexecseq156,1,0.0
.pmlexecseq157,1,0.0
.pmlexecseq158,1,0.0
.pmlexecseq159,1,0.0
.pmlexecseq160,1,0.0
.pmlexecseq161,1,0.0
.pmlexecseq162,1,0.0
.pmlexecseq163,1,0.0
.pmlexecseq164,1,0.0
.pmlexecseq165,1,0.0
.pmlexecseq166,1,0.0
.pmlexecseq167,1,0.0
.pmlexecseq168,1,0.0
.pmlexecseq169,1,0.0
.pmlexecseq170,1,0.0
.pmlexecseq171,1,0.0
.pmlexecseq172,1,0.0
.pmlexecseq173,1,0.0
.pmlexecseq174,1,0.0
.pmlexecseq175,1,0.0
.pmlexecseq176,1,0.0
.pmlexecseq177,1,0.0
.pmlexecseq178,1,0.0
.pmlexecseq179,1,0.0
.pmlexecseq180,1,0.0
.pmlexecseq181,1,0.0
.pmlexecseq182,1,0.0
.pmlexecseq183,1,0.0
.pmlexecseq184,1,0.0
.pmlexecseq185,1,0.0
.pmlexecseq186,1,0.0
.pmlexecseq187,1,0.0
.pmlexecseq188,1,0.0
.pmlexecseq189,1,0.0
.pmlexecseq190,1,0.0
.pmlexecseq191,1,0.0
.pmlexecseq192,1,0.0
.pmlexecseq193,1,0.0
.pmlexecseq194,1,0.0
.pmlexecseq195,1,0.0
.pmlexecseq196,1,0.0
.pmlexecseq197,1,0.0
.pmlexecseq198,1,0.0
.pmlexecseq199,1,0.0
.pmlexecseq200,1,0.0
.pmlexecseq201,1,0.0
.pmlexecseq202,1,0.0
.pmlexecseq203,1,0.0
.pmlexecseq204,1,0.0
.pmlexecseq205,1,0.0
.pmlexecseq206,1,0.0
.pmlexecseq207,1,0.0
.pmlexecseq208,1,0.0
.pmlexecseq209,1,0.0
.pmlexecseq210,1,0.0
.pmlexecseq211,1,0.0
.pmlexecseq212,1,0.0
.pmlexecseq213,1,0.0
.pmlexecseq214,1,0.0
.pmlexecseq215,1,0.0
.pmlexecseq216,1,0.0
.pmlexecseq217,1,0.0
.pmlexecseq218,1,0.0
.pmlexecseq219,1,0.0
.pmlexecseq220,1,0.0
.pmlexecseq221,1,0.0
.pmlexecseq222,1,0.0
.pmlexecseq223,1,0.0
.pmlexecseq224,1,0.0
.pmlexecseq225,1,0.0
.pmlexecseq226,1,0.0
.pmlexecseq227,1,0.0
.pmlexecseq228,1,0.0
.pmlexecseq229,1,0.0
.pmlexecseq230,1,0.0
.pmlexecseq231,1,0.0
.pmlexecseq232,1,0.0
.pmlexecseq233,1,0.0
.pmlexecseq234,1,0.0
.pmlexecseq235,1,0.0
.pmlexecseq236,1,0.0
.pmlexecseq237,1,0.0
.pmlexecseq238,1,0.0
.pmlexecseq239,1,0.0
.pmlexecseq240,1,0.0
.pmlexecseq241,1,0.0
.pmlexecseq242,1,0.0
.pmlexecseq243,1,0.0
.pmlexecseq244,1,0.0
.pmlexecseq245,1,0.0
.pmlexecseq246,1,0.0
.pmlexecseq247,1,0.0
.pmlexecseq248,1,0.0
.pmlexecseq249,1,0.0
.pmlexecseq250,1,0.0
.pmlexecseq251,1,0.0
.pmlexecseq252,1,0.0
.pmlexecseq253,1,0.0
.pmlexecseq254,1,0.0
.pmlexecseq255,1,0.0
.pmlexecseq256,1,0.0
.pmlexecseq257,1,0.0
.pmlexecseq258,1,0.0
.pmlexecseq259,1,0.0
.pmlexecseq260,1,0.0
.pmlexecseq261,1,0.0
.pmlexecseq262,1,0.0
.pmlexecseq263,1,0.0
.pmlexecseq264,1,0.0
.pmlexecseq265,1,0.0
.pmlexecseq266,1,0.0
.pmlexecseq267,1,0.0
.pmlexecseq268,1,0.0
.pmlexecseq269,1,0.0
.pmlexecseq270,1,0.0
.pmlexecseq271,1,0.0
.pmlexecseq272,1,0.0
.pmlexecseq273,1,0.0
.pmlexecseq274,1,0.0
.pmlexecseq275,1,0.0
.pmlexecseq276,1,0.0
.pmlexecseq277,1,0.0
.pmlexecseq278,1,0.0
.pmlexecseq279,1,0.0
.pmlexecseq280,1,0.0
.pmlexecseq281,1,0.0
.pmlexecseq282,1,0.0
.pmlexecseq283,1,0.0
.pmlexecseq284,1,0.0
.pmlexecseq285,1,0.0
.pmlexecseq286,1,0.0
.pmlexecseq287,1,0.0
.pmlexecseq288,1,0.0
.pmlexecseq289,1,0.0
.pmlexecseq290,1,0.0
.pmlexecseq291,1,0.0
.pmlexecseq292,1,0.0
.pmlexecseq293,1,0.0
.pmlexecseq294,1,0.0
.pmlexecseq295,1,0.0
.pmlexecseq296,1,0.0
.pmlexecseq297,1,0.0
.pmlexecseq298,1,0.0
.pmlexecseq299,1,0.0
.pmlexecseq300,1,0.0
.pmlexecseq51,1,0.0
.pmlexecseq52,1,0.0
.pmlexecseq53,1,0.0
.pmlexecseq54,1,0.0
.pmlexecseq55,1,0.0
.pmlexecseq56,1,0.0
.pmlexecseq57,1,0.0
.pmlexecseq58,1,0.0
.pmlexecseq59,1,0.0
.pmlexecseq60,1,0.0
.pmlexecseq61,1,0.0
.pmlexecseq62,1,0.0
.pmlexecseq63,1,0.0
.pmlexecseq64,1,0.0
.pmlexecseq65,1,0.0
.pmlexecseq66,1,0.0
.pmlexecseq67,1,0.0
.pmlexecseq68,1,0.0
.pmlexecseq69,1,0.0
.pmlexecseq70,1,0.0
.pmlexecseq71,1,0.0
.pmlexecseq72,1,0.0
.pmlexecseq73,1,0.0
.pmlexecseq74,1,0.0
.pmlexecseq75,1,0.0
.pmlexecseq76,1,0.0
.pmlexecseq77,1,0.0
.pmlexecseq78,1,0.0
.pmlexecseq79,1,0.0
.pmlexecseq80,1,0.0
.pmlexecseq81,1,0.0
.pmlexecseq82,1,0.0
.pmlexecseq83,1,0.0
.pmlexecseq84,1,0.0
.pmlexecseq85,1,0.0
.pmlexecseq86,1,0.0
.pmlexecseq87,1,0.0
.pmlexecseq88,1,0.0
.pmlexecseq89,1,0.0
.pmlexecseq90,1,0.0
.pmlexecseq91,1,0.0
.pmlexecseq92,1,0.0
.pmlexecseq93,1,0.0
.pmlexecseq94,1,0.0
.pmlexecseq95,1,0.0
.pmlexecseq96,1,0.0
.pmlexecseq97,1,0.0
.pmlexecseq98,1,0.0
.pmlexecseq99,1,0.0
.gle,1,0.0
.1544742160,1,0.0
.1544742175,1,0.0
.1544742167,1,0.0
.1544742164,1,0.0
.1544742154,1,0.0
.1552581952,1,0.0
.1552582328,1,0.0
.1552582354,1,0.0
.1552582365,1,0.0
.1552582374,1,0.0
.1552582383,1,0.0
.1552582391,1,0.0
.1552582400,1,0.0
.1552582411,1,0.0
.1544742148,1,0.0
.1544742145,1,0.0
.1544742150,1,0.0
.1544744404,1,0.0
.1544742180,1,0.0
.1544742186,1,0.0
.1544742183,1,0.0
.1544742185,1,0.0
.1544742188,1,0.0
.1544742190,1,0.0
.qos,1,0.0
.mkfg,1,0.0
.tz,1,0.0
.vol2bird,1,0.0
.vol2bird-mistnet,1,0.0
.machine,1,0.0
.20130329,1,0.0
.drv,1,0.0
.m4~,1,0.0
.binutils,1,0.0
.variants,1,0.0
.arm_brown,1,0.0
.arm_unstable,1,0.0
.processedodd,1,0.0
.sor,1,0.0
.mim,1,0.0
.vssbe,1,0.0
.11i,1,0.0
.1-diff-results,1,0.0
.exp-powerpc,1,0.0
.exp-linux,1,0.0
.exp-darwin-amd64,1,0.0
.exp-darwin-x86,1,0.0
.exp-linux-ppc,1,0.0
.exp-linux-x86,1,0.0
.lzss_new,1,0.0
.exp-glibc27-x86,1,0.0
.exp-darwin970,1,0.0
.exp-kfail-x86,1,0.0
.exp-glibc212-s390x,1,0.0
.exp-glibc234-s390x,1,0.0
.exp-glibc25-x86,1,0.0
.expr-s390x-mvc,1,0.0
.exp4,1,0.0
.exp-s390x,1,0.0
.exp-glibc27,1,0.0
.exp-with-readlinkat,1,0.0
.exp-without-readlinkat,1,0.0
.exp-libcso6,1,0.0
.s390,1,0.0
.sam_cnvs,1,0.0
.merge_and_calculate_spatial,1,0.0
.kzo,1,0.0
.keychain,1,0.0
.enveloped,1,0.0
.helpindex,1,0.0
.camerfirma,1,0.0
.camerales,1,0.0
.racer,1,0.0
.hexhash,1,0.0
.appxupload,1,0.0
.appxsym,1,0.0
.pckgdep,1,0.0
.apparmor,1,0.0
.att,1,0.0
.6~,1,0.0
.so2_oh,1,0.0
.camx4,1,0.0
.eucaari,1,0.0
.eucaari~,1,0.0
.ladco,1,0.0
.january,1,0.0
.july,1,0.0
.scab,1,0.0
.vistas,1,0.0
.f_old,1,0.0
.oldfeb19,1,0.0
.oldnov18,1,0.0
.ard,1,0.0
.bulkactivityprovider,1,0.0
.dgafactoryservice,1,0.0
.authenticationprovider,1,0.0
.authorizationprovider,1,0.0
.channelhandlerprovider,1,0.0
.proxydelegationclientfactory,1,0.0
.logentrylistenerfactory,1,0.0
.partitionfactory,1,0.0
.pluginfactory,1,0.0
.rsyslog,1,0.0
.gzan,1,0.0
.gzao,1,0.0
.gzap,1,0.0
.included,1,0.0
.txt_minpack,1,0.0
.txt_port3,1,0.0
.in_fits,1,0.0
.bac,1,0.0
.markers,1,0.0
.catboost,1,0.0
.bm,1,0.0
.lsf~,1,0.0
.vpi,1,0.0
.sfk,1,0.0
.qp,1,0.0
.b32,1,0.0
.m32,1,0.0
.netware,1,0.0
.vxworks,1,0.0
.watcom,1,0.0
.aes128,1,0.0
.aes192,1,0.0
.aes256,1,0.0
.psk,1,0.0
.cert_type,1,0.0
.key_usage,1,0.0
.ku-ct,1,0.0
.md4,1,0.0
.compressed,1,0.0
.noa,1,0.0
.spear,1,0.0
.filt_list,1,0.0
.blastout,1,0.0
.mermaid,1,0.0
.nsconfig,1,0.0
.lora,1,0.0
.chooseex,1,0.0
.itcl,1,0.0
.file1,1,0.0
.file2,1,0.0
.156-sparql,1,0.0
.103-sparql,1,0.0
.84-10035-catalogs-fao-repositories-agrovoc,1,0.0
.com-stores-elections-services-sparql,1,0.0
.com-stores-eurobarometer-services-sparql,1,0.0
.se-endpoint-,1,0.0
.no-sparql,1,0.0
.org-sparql,1,0.0
.eu-sparqlep,1,0.0
.au-sparql,1,0.0
.es-sparql,1,0.0
.it-8890-sparql,1,0.0
.eu-de-linked-data,1,0.0
.eu-de-linked-data-sparql,1,0.0
.info-poolparty-sparql-glossary,1,0.0
.at-poolparty-sparql-geologictimescale,1,0.0
.at-poolparty-sparql-geologicunit,1,0.0
.at-poolparty-sparql-lithology,1,0.0
.at-poolparty-sparql-tectonicunit,1,0.0
.es-sparql-,1,0.0
.it-istat,1,0.0
.at-poolparty-sparql-opendata,1,0.0
.at-poolparty-sparql-semweb,1,0.0
.es-opendata-sparql,1,0.0
.eu-beta-sparql-stw-query,1,0.0
.utf16,1,0.0
.utf16le,1,0.0
.7cei,1,0.0
.1yjo,1,0.0
.fis,1,0.0
.paaa2,1,0.0
.gamma-gomodelmicellesimulation,1,0.0
.data-gomodelmembranesimulation,1,0.0
.data-gomodelmicellesimulation,1,0.0
.data_membranedimerprediction,1,0.0
.dat_membranedimerprediction,1,0.0
.debugforces,1,0.0
.paralleldebug,1,0.0
.rcc,1,0.0
.serialdebug,1,0.0
.h4_traj,1,0.0
.rra,1,0.0
.mgraph,1,0.0
.psa,1,0.0
.sed1,1,0.0
.sed2,1,0.0
.hevc,1,0.0
.contentproj,1,0.0
.fxh,1,0.0
.pnt,1,0.0
.e321227,1,0.0
.e321228,1,0.0
.e321229,1,0.0
.e321230,1,0.0
.e321231,1,0.0
.e321232,1,0.0
.e321233,1,0.0
.e321234,1,0.0
.e321235,1,0.0
.e321236,1,0.0
.e323962,1,0.0
.e323963,1,0.0
.e323964,1,0.0
.e323965,1,0.0
.e323966,1,0.0
.e323967,1,0.0
.e323968,1,0.0
.e323969,1,0.0
.e323970,1,0.0
.e323971,1,0.0
.o321227,1,0.0
.o321228,1,0.0
.o321229,1,0.0
.o321230,1,0.0
.o321231,1,0.0
.o321232,1,0.0
.o321233,1,0.0
.o321234,1,0.0
.o321235,1,0.0
.o321236,1,0.0
.o323962,1,0.0
.o323963,1,0.0
.o323964,1,0.0
.o323965,1,0.0
.o323966,1,0.0
.o323967,1,0.0
.o323968,1,0.0
.o323969,1,0.0
.o323970,1,0.0
.o323971,1,0.0
.e321271,1,0.0
.e321272,1,0.0
.e321273,1,0.0
.e321274,1,0.0
.e321275,1,0.0
.e321276,1,0.0
.e321277,1,0.0
.e321278,1,0.0
.e321279,1,0.0
.e321280,1,0.0
.e326140,1,0.0
.e326141,1,0.0
.e326142,1,0.0
.e326143,1,0.0
.e326144,1,0.0
.e326145,1,0.0
.e326146,1,0.0
.e326147,1,0.0
.e326148,1,0.0
.e326149,1,0.0
.o321271,1,0.0
.o321272,1,0.0
.o321273,1,0.0
.o321274,1,0.0
.o321275,1,0.0
.o321276,1,0.0
.o321277,1,0.0
.o321278,1,0.0
.o321279,1,0.0
.o321280,1,0.0
.o326140,1,0.0
.o326141,1,0.0
.o326142,1,0.0
.o326143,1,0.0
.o326144,1,0.0
.o326145,1,0.0
.o326146,1,0.0
.o326147,1,0.0
.o326148,1,0.0
.o326149,1,0.0
.e321328,1,0.0
.e321329,1,0.0
.e321330,1,0.0
.e321331,1,0.0
.e321332,1,0.0
.e321333,1,0.0
.e321334,1,0.0
.e321335,1,0.0
.e321336,1,0.0
.e321337,1,0.0
.e325185,1,0.0
.e325186,1,0.0
.e325187,1,0.0
.e325188,1,0.0
.e325189,1,0.0
.e325190,1,0.0
.e325201,1,0.0
.e325212,1,0.0
.e325227,1,0.0
.e325229,1,0.0
.o321328,1,0.0
.o321329,1,0.0
.o321330,1,0.0
.o321331,1,0.0
.o321332,1,0.0
.o321333,1,0.0
.o321334,1,0.0
.o321335,1,0.0
.o321336,1,0.0
.o321337,1,0.0
.o325185,1,0.0
.o325186,1,0.0
.o325187,1,0.0
.o325188,1,0.0
.o325189,1,0.0
.o325190,1,0.0
.o325201,1,0.0
.o325212,1,0.0
.o325227,1,0.0
.o325229,1,0.0
.e322974,1,0.0
.e322975,1,0.0
.e322976,1,0.0
.e322977,1,0.0
.e322978,1,0.0
.e322979,1,0.0
.e322980,1,0.0
.e322981,1,0.0
.e322982,1,0.0
.e322983,1,0.0
.e322984,1,0.0
.e322985,1,0.0
.e322986,1,0.0
.e322987,1,0.0
.e322988,1,0.0
.e322989,1,0.0
.e322990,1,0.0
.e322991,1,0.0
.e322992,1,0.0
.e322993,1,0.0
.o322974,1,0.0
.o322975,1,0.0
.o322976,1,0.0
.o322977,1,0.0
.o322978,1,0.0
.o322979,1,0.0
.o322980,1,0.0
.o322981,1,0.0
.o322982,1,0.0
.o322983,1,0.0
.o322984,1,0.0
.o322985,1,0.0
.o322986,1,0.0
.o322987,1,0.0
.o322988,1,0.0
.o322989,1,0.0
.o322990,1,0.0
.o322991,1,0.0
.o322992,1,0.0
.o322993,1,0.0
.e322954,1,0.0
.e322955,1,0.0
.e322956,1,0.0
.e322957,1,0.0
.e322958,1,0.0
.e322959,1,0.0
.e322960,1,0.0
.e322961,1,0.0
.e322962,1,0.0
.e322963,1,0.0
.e322964,1,0.0
.e322965,1,0.0
.e322966,1,0.0
.e322967,1,0.0
.e322968,1,0.0
.e322969,1,0.0
.e322970,1,0.0
.e322971,1,0.0
.e322972,1,0.0
.e322973,1,0.0
.o322954,1,0.0
.o322955,1,0.0
.o322956,1,0.0
.o322957,1,0.0
.o322958,1,0.0
.o322959,1,0.0
.o322960,1,0.0
.o322961,1,0.0
.o322962,1,0.0
.o322963,1,0.0
.o322964,1,0.0
.o322965,1,0.0
.o322966,1,0.0
.o322967,1,0.0
.o322968,1,0.0
.o322969,1,0.0
.o322970,1,0.0
.o322971,1,0.0
.o322972,1,0.0
.o322973,1,0.0
.e322934,1,0.0
.e322935,1,0.0
.e322936,1,0.0
.e322937,1,0.0
.e322938,1,0.0
.e322939,1,0.0
.e322940,1,0.0
.e322941,1,0.0
.e322942,1,0.0
.e322943,1,0.0
.e322944,1,0.0
.e322945,1,0.0
.e322946,1,0.0
.e322947,1,0.0
.e322948,1,0.0
.e322949,1,0.0
.e322950,1,0.0
.e322951,1,0.0
.e322952,1,0.0
.e322953,1,0.0
.o322934,1,0.0
.o322935,1,0.0
.o322936,1,0.0
.o322937,1,0.0
.o322938,1,0.0
.o322939,1,0.0
.o322940,1,0.0
.o322941,1,0.0
.o322942,1,0.0
.o322943,1,0.0
.o322944,1,0.0
.o322945,1,0.0
.o322946,1,0.0
.o322947,1,0.0
.o322948,1,0.0
.o322949,1,0.0
.o322950,1,0.0
.o322951,1,0.0
.o322952,1,0.0
.o322953,1,0.0
.e323400,1,0.0
.e323401,1,0.0
.e323402,1,0.0
.e323403,1,0.0
.e323404,1,0.0
.e323405,1,0.0
.e323406,1,0.0
.e326160,1,0.0
.e326161,1,0.0
.e326162,1,0.0
.e326163,1,0.0
.e326164,1,0.0
.e326165,1,0.0
.o323400,1,0.0
.o323401,1,0.0
.o323402,1,0.0
.o323403,1,0.0
.o323404,1,0.0
.o323405,1,0.0
.o323406,1,0.0
.o326160,1,0.0
.o326161,1,0.0
.o326162,1,0.0
.o326163,1,0.0
.o326164,1,0.0
.o326165,1,0.0
.e323407,1,0.0
.e323408,1,0.0
.e323409,1,0.0
.e323410,1,0.0
.e323411,1,0.0
.e323412,1,0.0
.e323413,1,0.0
.e323414,1,0.0
.e323415,1,0.0
.e323416,1,0.0
.e326150,1,0.0
.e326151,1,0.0
.e326152,1,0.0
.e326153,1,0.0
.e326154,1,0.0
.e326155,1,0.0
.e326156,1,0.0
.e326157,1,0.0
.e326158,1,0.0
.e326159,1,0.0
.o323407,1,0.0
.o323408,1,0.0
.o323409,1,0.0
.o323410,1,0.0
.o323411,1,0.0
.o323412,1,0.0
.o323413,1,0.0
.o323414,1,0.0
.o323415,1,0.0
.o323416,1,0.0
.o326150,1,0.0
.o326151,1,0.0
.o326152,1,0.0
.o326153,1,0.0
.o326154,1,0.0
.o326155,1,0.0
.o326156,1,0.0
.o326157,1,0.0
.o326158,1,0.0
.o326159,1,0.0
.e323423,1,0.0
.e323424,1,0.0
.e323425,1,0.0
.e323426,1,0.0
.e323427,1,0.0
.e323428,1,0.0
.e323429,1,0.0
.e323430,1,0.0
.e323431,1,0.0
.e323432,1,0.0
.e323433,1,0.0
.e323434,1,0.0
.e323435,1,0.0
.e323436,1,0.0
.e323437,1,0.0
.e323438,1,0.0
.e323439,1,0.0
.e326130,1,0.0
.e326131,1,0.0
.e326132,1,0.0
.e326133,1,0.0
.e326134,1,0.0
.e326135,1,0.0
.e326136,1,0.0
.e326137,1,0.0
.e326138,1,0.0
.e326139,1,0.0
.o323423,1,0.0
.o323424,1,0.0
.o323425,1,0.0
.o323426,1,0.0
.o323427,1,0.0
.o323428,1,0.0
.o323429,1,0.0
.o323430,1,0.0
.o323431,1,0.0
.o323432,1,0.0
.o326130,1,0.0
.o326131,1,0.0
.o326132,1,0.0
.o326133,1,0.0
.o326134,1,0.0
.o326135,1,0.0
.o326136,1,0.0
.o326137,1,0.0
.o326138,1,0.0
.o326139,1,0.0
.e321751,1,0.0
.e321752,1,0.0
.e321753,1,0.0
.e321754,1,0.0
.e321755,1,0.0
.e321756,1,0.0
.e321757,1,0.0
.e321758,1,0.0
.e321759,1,0.0
.e321760,1,0.0
.e321761,1,0.0
.e321762,1,0.0
.e321763,1,0.0
.e321764,1,0.0
.e321765,1,0.0
.e321766,1,0.0
.e321767,1,0.0
.e321768,1,0.0
.e321769,1,0.0
.e321770,1,0.0
.e322159,1,0.0
.o321751,1,0.0
.o321752,1,0.0
.o321753,1,0.0
.o321754,1,0.0
.o321755,1,0.0
.o321756,1,0.0
.o321757,1,0.0
.o321758,1,0.0
.o321759,1,0.0
.o321760,1,0.0
.o321761,1,0.0
.o321762,1,0.0
.o321763,1,0.0
.o321764,1,0.0
.o321765,1,0.0
.o321766,1,0.0
.o321767,1,0.0
.o321768,1,0.0
.o321769,1,0.0
.o321770,1,0.0
.o322159,1,0.0
.e322160,1,0.0
.e322161,1,0.0
.e322162,1,0.0
.e322163,1,0.0
.e322164,1,0.0
.e322165,1,0.0
.e322166,1,0.0
.e322167,1,0.0
.e322168,1,0.0
.e322169,1,0.0
.e322170,1,0.0
.e322171,1,0.0
.e322172,1,0.0
.e322173,1,0.0
.e322174,1,0.0
.e322175,1,0.0
.e322176,1,0.0
.e322177,1,0.0
.e322178,1,0.0
.e322179,1,0.0
.o322160,1,0.0
.o322161,1,0.0
.o322162,1,0.0
.o322163,1,0.0
.o322164,1,0.0
.o322165,1,0.0
.o322166,1,0.0
.o322167,1,0.0
.o322168,1,0.0
.o322169,1,0.0
.o322170,1,0.0
.o322171,1,0.0
.o322172,1,0.0
.o322173,1,0.0
.o322174,1,0.0
.o322175,1,0.0
.o322176,1,0.0
.o322177,1,0.0
.o322178,1,0.0
.o322179,1,0.0
.e321731,1,0.0
.e321732,1,0.0
.e321733,1,0.0
.e321734,1,0.0
.e321735,1,0.0
.e321736,1,0.0
.e321737,1,0.0
.e321738,1,0.0
.e321739,1,0.0
.e321740,1,0.0
.e321741,1,0.0
.e321742,1,0.0
.e321743,1,0.0
.e321744,1,0.0
.e321745,1,0.0
.e321746,1,0.0
.e321747,1,0.0
.e321748,1,0.0
.e321749,1,0.0
.e321750,1,0.0
.o321731,1,0.0
.o321732,1,0.0
.o321733,1,0.0
.o321734,1,0.0
.o321735,1,0.0
.o321736,1,0.0
.o321737,1,0.0
.o321738,1,0.0
.o321739,1,0.0
.o321740,1,0.0
.o321741,1,0.0
.o321742,1,0.0
.o321743,1,0.0
.o321744,1,0.0
.o321745,1,0.0
.o321746,1,0.0
.o321747,1,0.0
.o321748,1,0.0
.o321749,1,0.0
.o321750,1,0.0
.e321711,1,0.0
.e321712,1,0.0
.e321713,1,0.0
.e321714,1,0.0
.e321715,1,0.0
.e321716,1,0.0
.e321717,1,0.0
.e321718,1,0.0
.e321719,1,0.0
.e321720,1,0.0
.e321721,1,0.0
.e321722,1,0.0
.e321723,1,0.0
.e321724,1,0.0
.e321725,1,0.0
.e321726,1,0.0
.e321727,1,0.0
.e321728,1,0.0
.e321729,1,0.0
.e321730,1,0.0
.o321711,1,0.0
.o321712,1,0.0
.o321713,1,0.0
.o321714,1,0.0
.o321715,1,0.0
.o321716,1,0.0
.o321717,1,0.0
.o321718,1,0.0
.o321719,1,0.0
.o321720,1,0.0
.o321721,1,0.0
.o321722,1,0.0
.o321723,1,0.0
.o321724,1,0.0
.o321725,1,0.0
.o321726,1,0.0
.o321727,1,0.0
.o321728,1,0.0
.o321729,1,0.0
.o321730,1,0.0
.e321502,1,0.0
.e321503,1,0.0
.e321504,1,0.0
.e321505,1,0.0
.e321506,1,0.0
.e321507,1,0.0
.e321508,1,0.0
.e321509,1,0.0
.e321510,1,0.0
.e321511,1,0.0
.e326266,1,0.0
.e326267,1,0.0
.e326268,1,0.0
.e326269,1,0.0
.e326270,1,0.0
.e326271,1,0.0
.e326272,1,0.0
.e326273,1,0.0
.e326274,1,0.0
.e326275,1,0.0
.o321502,1,0.0
.o321503,1,0.0
.o321504,1,0.0
.o321505,1,0.0
.o321506,1,0.0
.o321507,1,0.0
.o321508,1,0.0
.o321509,1,0.0
.o321510,1,0.0
.o321511,1,0.0
.o326266,1,0.0
.o326267,1,0.0
.o326268,1,0.0
.o326269,1,0.0
.o326270,1,0.0
.o326271,1,0.0
.o326272,1,0.0
.o326273,1,0.0
.o326274,1,0.0
.o326275,1,0.0
.e321480,1,0.0
.e321481,1,0.0
.e321482,1,0.0
.e321483,1,0.0
.e321484,1,0.0
.e321485,1,0.0
.e321486,1,0.0
.e321487,1,0.0
.e321488,1,0.0
.e321489,1,0.0
.e321492,1,0.0
.e321493,1,0.0
.e321494,1,0.0
.e321495,1,0.0
.e321496,1,0.0
.e321497,1,0.0
.e321498,1,0.0
.e321499,1,0.0
.e321500,1,0.0
.e321501,1,0.0
.o321480,1,0.0
.o321481,1,0.0
.o321482,1,0.0
.o321483,1,0.0
.o321484,1,0.0
.o321485,1,0.0
.o321486,1,0.0
.o321487,1,0.0
.o321488,1,0.0
.o321489,1,0.0
.o321492,1,0.0
.o321493,1,0.0
.o321494,1,0.0
.o321495,1,0.0
.o321496,1,0.0
.o321497,1,0.0
.o321498,1,0.0
.o321499,1,0.0
.o321500,1,0.0
.o321501,1,0.0
.e321460,1,0.0
.e321461,1,0.0
.e321462,1,0.0
.e321463,1,0.0
.e321464,1,0.0
.e321465,1,0.0
.e321466,1,0.0
.e321467,1,0.0
.e321468,1,0.0
.e321469,1,0.0
.e321470,1,0.0
.e321471,1,0.0
.e321472,1,0.0
.e321473,1,0.0
.e321474,1,0.0
.e321475,1,0.0
.e321476,1,0.0
.e321477,1,0.0
.e321478,1,0.0
.e321479,1,0.0
.o321460,1,0.0
.o321461,1,0.0
.o321462,1,0.0
.o321463,1,0.0
.o321464,1,0.0
.o321465,1,0.0
.o321466,1,0.0
.o321467,1,0.0
.o321468,1,0.0
.o321469,1,0.0
.o321470,1,0.0
.o321471,1,0.0
.o321472,1,0.0
.o321473,1,0.0
.o321474,1,0.0
.o321475,1,0.0
.o321476,1,0.0
.o321477,1,0.0
.o321478,1,0.0
.o321479,1,0.0
.e323055,1,0.0
.e323056,1,0.0
.e323057,1,0.0
.e323058,1,0.0
.e323059,1,0.0
.e323060,1,0.0
.e323061,1,0.0
.e323062,1,0.0
.e323063,1,0.0
.e323064,1,0.0
.e323065,1,0.0
.e323066,1,0.0
.e323067,1,0.0
.e323068,1,0.0
.e323069,1,0.0
.e323070,1,0.0
.e323071,1,0.0
.e323072,1,0.0
.e323073,1,0.0
.e323074,1,0.0
.o323055,1,0.0
.o323056,1,0.0
.o323057,1,0.0
.o323058,1,0.0
.o323059,1,0.0
.o323060,1,0.0
.o323061,1,0.0
.o323062,1,0.0
.o323063,1,0.0
.o323064,1,0.0
.o323065,1,0.0
.o323066,1,0.0
.o323067,1,0.0
.o323068,1,0.0
.o323069,1,0.0
.o323070,1,0.0
.o323071,1,0.0
.o323072,1,0.0
.o323073,1,0.0
.o323074,1,0.0
.e323075,1,0.0
.e323076,1,0.0
.e323077,1,0.0
.e323078,1,0.0
.e323079,1,0.0
.e323080,1,0.0
.e323081,1,0.0
.e323082,1,0.0
.e323083,1,0.0
.e323084,1,0.0
.e323085,1,0.0
.e323086,1,0.0
.e323087,1,0.0
.e323088,1,0.0
.e323089,1,0.0
.e323090,1,0.0
.e323091,1,0.0
.e323092,1,0.0
.e323093,1,0.0
.e323094,1,0.0
.o323075,1,0.0
.o323076,1,0.0
.o323077,1,0.0
.o323078,1,0.0
.o323079,1,0.0
.o323080,1,0.0
.o323081,1,0.0
.o323082,1,0.0
.o323083,1,0.0
.o323084,1,0.0
.o323085,1,0.0
.o323086,1,0.0
.o323087,1,0.0
.o323088,1,0.0
.o323089,1,0.0
.o323090,1,0.0
.o323091,1,0.0
.o323092,1,0.0
.o323093,1,0.0
.o323094,1,0.0
.e323500,1,0.0
.e323501,1,0.0
.e323502,1,0.0
.e323503,1,0.0
.e323504,1,0.0
.e323505,1,0.0
.e323506,1,0.0
.e323507,1,0.0
.e323508,1,0.0
.e323509,1,0.0
.e323510,1,0.0
.e323511,1,0.0
.e323512,1,0.0
.e323513,1,0.0
.e323514,1,0.0
.e323515,1,0.0
.e323516,1,0.0
.e323517,1,0.0
.e323518,1,0.0
.e323519,1,0.0
.o323500,1,0.0
.o323501,1,0.0
.o323502,1,0.0
.o323503,1,0.0
.o323504,1,0.0
.o323505,1,0.0
.o323506,1,0.0
.o323507,1,0.0
.o323508,1,0.0
.o323509,1,0.0
.o323510,1,0.0
.o323511,1,0.0
.o323512,1,0.0
.o323513,1,0.0
.o323514,1,0.0
.o323515,1,0.0
.o323516,1,0.0
.o323517,1,0.0
.o323518,1,0.0
.o323519,1,0.0
.e323929,1,0.0
.e323930,1,0.0
.e323931,1,0.0
.e323932,1,0.0
.e323933,1,0.0
.e323934,1,0.0
.e323935,1,0.0
.e323936,1,0.0
.e323937,1,0.0
.e323938,1,0.0
.e323939,1,0.0
.e323940,1,0.0
.e323941,1,0.0
.e323942,1,0.0
.e323943,1,0.0
.e323944,1,0.0
.e323945,1,0.0
.e323946,1,0.0
.e323947,1,0.0
.e323948,1,0.0
.o323929,1,0.0
.o323930,1,0.0
.o323931,1,0.0
.o323932,1,0.0
.o323933,1,0.0
.o323934,1,0.0
.o323935,1,0.0
.o323936,1,0.0
.o323937,1,0.0
.o323938,1,0.0
.o323939,1,0.0
.o323940,1,0.0
.o323941,1,0.0
.o323942,1,0.0
.o323943,1,0.0
.o323944,1,0.0
.o323945,1,0.0
.o323946,1,0.0
.o323947,1,0.0
.o323948,1,0.0
.e323909,1,0.0
.e323910,1,0.0
.e323911,1,0.0
.e323912,1,0.0
.e323913,1,0.0
.e323914,1,0.0
.e323915,1,0.0
.e323916,1,0.0
.e323917,1,0.0
.e323918,1,0.0
.e323919,1,0.0
.e323920,1,0.0
.e323921,1,0.0
.e323922,1,0.0
.e323923,1,0.0
.e323924,1,0.0
.e323925,1,0.0
.e323926,1,0.0
.e323927,1,0.0
.e323928,1,0.0
.o323909,1,0.0
.o323910,1,0.0
.o323911,1,0.0
.o323912,1,0.0
.o323913,1,0.0
.o323914,1,0.0
.o323915,1,0.0
.o323916,1,0.0
.o323917,1,0.0
.o323918,1,0.0
.o323919,1,0.0
.o323920,1,0.0
.o323921,1,0.0
.o323922,1,0.0
.o323923,1,0.0
.o323924,1,0.0
.o323925,1,0.0
.o323926,1,0.0
.o323927,1,0.0
.o323928,1,0.0
.e322604,1,0.0
.e322605,1,0.0
.e322606,1,0.0
.e322607,1,0.0
.e322608,1,0.0
.e322609,1,0.0
.e322610,1,0.0
.e322611,1,0.0
.e322612,1,0.0
.e322613,1,0.0
.e322614,1,0.0
.e322615,1,0.0
.e322616,1,0.0
.e322617,1,0.0
.e322618,1,0.0
.e322619,1,0.0
.e322620,1,0.0
.e322621,1,0.0
.e322622,1,0.0
.e322623,1,0.0
.o322604,1,0.0
.o322605,1,0.0
.o322606,1,0.0
.o322607,1,0.0
.o322608,1,0.0
.o322609,1,0.0
.o322610,1,0.0
.o322611,1,0.0
.o322612,1,0.0
.o322613,1,0.0
.o322614,1,0.0
.o322615,1,0.0
.o322616,1,0.0
.o322617,1,0.0
.o322618,1,0.0
.o322619,1,0.0
.o322620,1,0.0
.o322621,1,0.0
.o322622,1,0.0
.o322623,1,0.0
.e322653,1,0.0
.o322653,1,0.0
.e322624,1,0.0
.e322625,1,0.0
.e322626,1,0.0
.e322627,1,0.0
.e322628,1,0.0
.e322629,1,0.0
.e322630,1,0.0
.e322631,1,0.0
.e322632,1,0.0
.e322633,1,0.0
.e322645,1,0.0
.e322646,1,0.0
.e322647,1,0.0
.e322649,1,0.0
.e322650,1,0.0
.e322651,1,0.0
.e322652,1,0.0
.e322654,1,0.0
.e322655,1,0.0
.o322624,1,0.0
.o322625,1,0.0
.o322626,1,0.0
.o322627,1,0.0
.o322628,1,0.0
.o322629,1,0.0
.o322630,1,0.0
.o322631,1,0.0
.o322632,1,0.0
.o322633,1,0.0
.o322645,1,0.0
.o322646,1,0.0
.o322647,1,0.0
.o322649,1,0.0
.o322650,1,0.0
.o322651,1,0.0
.o322652,1,0.0
.o322654,1,0.0
.o322655,1,0.0
.e322582,1,0.0
.e322583,1,0.0
.e322584,1,0.0
.e322585,1,0.0
.e322586,1,0.0
.e322587,1,0.0
.e322588,1,0.0
.e322589,1,0.0
.e322590,1,0.0
.e322591,1,0.0
.e322592,1,0.0
.e322593,1,0.0
.e322594,1,0.0
.e322595,1,0.0
.e322596,1,0.0
.e322597,1,0.0
.e322598,1,0.0
.e322599,1,0.0
.e322600,1,0.0
.e322601,1,0.0
.o322582,1,0.0
.o322583,1,0.0
.o322584,1,0.0
.o322585,1,0.0
.o322586,1,0.0
.o322587,1,0.0
.o322588,1,0.0
.o322589,1,0.0
.o322590,1,0.0
.o322591,1,0.0
.o322592,1,0.0
.o322593,1,0.0
.o322594,1,0.0
.o322595,1,0.0
.o322596,1,0.0
.o322597,1,0.0
.o322598,1,0.0
.o322599,1,0.0
.o322600,1,0.0
.o322601,1,0.0
.e323054,1,0.0
.o323054,1,0.0
.e321400,1,0.0
.e321401,1,0.0
.e321402,1,0.0
.e321403,1,0.0
.e321404,1,0.0
.e321405,1,0.0
.e321406,1,0.0
.e321407,1,0.0
.e321408,1,0.0
.e321409,1,0.0
.e321410,1,0.0
.e321411,1,0.0
.e321412,1,0.0
.e321413,1,0.0
.e321414,1,0.0
.e321415,1,0.0
.e321416,1,0.0
.e321417,1,0.0
.e321418,1,0.0
.e321419,1,0.0
.o321400,1,0.0
.o321401,1,0.0
.o321402,1,0.0
.o321403,1,0.0
.o321404,1,0.0
.o321405,1,0.0
.o321406,1,0.0
.o321407,1,0.0
.o321408,1,0.0
.o321409,1,0.0
.o321410,1,0.0
.o321411,1,0.0
.o321412,1,0.0
.o321413,1,0.0
.o321414,1,0.0
.o321415,1,0.0
.o321416,1,0.0
.o321417,1,0.0
.o321418,1,0.0
.o321419,1,0.0
.e321420,1,0.0
.e321421,1,0.0
.e321422,1,0.0
.e321423,1,0.0
.e321424,1,0.0
.e321425,1,0.0
.e321426,1,0.0
.e321427,1,0.0
.e321428,1,0.0
.e321429,1,0.0
.e321430,1,0.0
.e321431,1,0.0
.e321432,1,0.0
.e321433,1,0.0
.e321434,1,0.0
.e321435,1,0.0
.e321436,1,0.0
.e321437,1,0.0
.e321438,1,0.0
.e321439,1,0.0
.o321420,1,0.0
.o321421,1,0.0
.o321422,1,0.0
.o321423,1,0.0
.o321424,1,0.0
.o321425,1,0.0
.o321426,1,0.0
.o321427,1,0.0
.o321428,1,0.0
.o321429,1,0.0
.o321430,1,0.0
.o321431,1,0.0
.o321432,1,0.0
.o321433,1,0.0
.o321434,1,0.0
.o321435,1,0.0
.o321436,1,0.0
.o321437,1,0.0
.o321438,1,0.0
.o321439,1,0.0
.e321440,1,0.0
.e321441,1,0.0
.e321442,1,0.0
.e321443,1,0.0
.e321444,1,0.0
.e321445,1,0.0
.e321446,1,0.0
.e321447,1,0.0
.e321448,1,0.0
.e321449,1,0.0
.e321450,1,0.0
.e321451,1,0.0
.e321452,1,0.0
.e321453,1,0.0
.e321454,1,0.0
.e321455,1,0.0
.e321456,1,0.0
.e321457,1,0.0
.e321458,1,0.0
.e321459,1,0.0
.o321440,1,0.0
.o321441,1,0.0
.o321442,1,0.0
.o321443,1,0.0
.o321444,1,0.0
.o321445,1,0.0
.o321446,1,0.0
.o321447,1,0.0
.o321448,1,0.0
.o321449,1,0.0
.o321450,1,0.0
.o321451,1,0.0
.o321452,1,0.0
.o321453,1,0.0
.o321454,1,0.0
.o321455,1,0.0
.o321456,1,0.0
.o321457,1,0.0
.o321458,1,0.0
.o321459,1,0.0
.e322719,1,0.0
.e322720,1,0.0
.e322721,1,0.0
.e322722,1,0.0
.e322723,1,0.0
.e322724,1,0.0
.e322725,1,0.0
.e322726,1,0.0
.e322727,1,0.0
.e322728,1,0.0
.e322729,1,0.0
.e322730,1,0.0
.e322731,1,0.0
.e322732,1,0.0
.e322733,1,0.0
.e322734,1,0.0
.e322735,1,0.0
.e322736,1,0.0
.e322737,1,0.0
.e322738,1,0.0
.o322719,1,0.0
.o322720,1,0.0
.o322721,1,0.0
.o322722,1,0.0
.o322723,1,0.0
.o322724,1,0.0
.o322725,1,0.0
.o322726,1,0.0
.o322727,1,0.0
.o322728,1,0.0
.o322729,1,0.0
.o322730,1,0.0
.o322731,1,0.0
.o322732,1,0.0
.o322733,1,0.0
.o322734,1,0.0
.o322735,1,0.0
.o322736,1,0.0
.o322737,1,0.0
.o322738,1,0.0
.e322699,1,0.0
.e322700,1,0.0
.e322701,1,0.0
.e322702,1,0.0
.e322703,1,0.0
.e322704,1,0.0
.e322705,1,0.0
.e322706,1,0.0
.e322707,1,0.0
.e322708,1,0.0
.e322709,1,0.0
.e322710,1,0.0
.e322711,1,0.0
.e322712,1,0.0
.e322713,1,0.0
.e322714,1,0.0
.e322715,1,0.0
.e322716,1,0.0
.e322717,1,0.0
.e322718,1,0.0
.o322699,1,0.0
.o322700,1,0.0
.o322701,1,0.0
.o322702,1,0.0
.o322703,1,0.0
.o322704,1,0.0
.o322705,1,0.0
.o322706,1,0.0
.o322707,1,0.0
.o322708,1,0.0
.o322709,1,0.0
.o322710,1,0.0
.o322711,1,0.0
.o322712,1,0.0
.o322713,1,0.0
.o322714,1,0.0
.o322715,1,0.0
.o322716,1,0.0
.o322717,1,0.0
.o322718,1,0.0
.e326594,1,0.0
.e326595,1,0.0
.e326596,1,0.0
.e326597,1,0.0
.e326598,1,0.0
.e326599,1,0.0
.e326600,1,0.0
.e326601,1,0.0
.e326602,1,0.0
.e326603,1,0.0
.e326604,1,0.0
.e326605,1,0.0
.e326606,1,0.0
.e326607,1,0.0
.e326608,1,0.0
.e326609,1,0.0
.e326610,1,0.0
.e326611,1,0.0
.e326612,1,0.0
.e326613,1,0.0
.o326594,1,0.0
.o326595,1,0.0
.o326596,1,0.0
.o326597,1,0.0
.o326598,1,0.0
.o326599,1,0.0
.o326600,1,0.0
.o326601,1,0.0
.o326602,1,0.0
.o326603,1,0.0
.o326604,1,0.0
.o326605,1,0.0
.o326606,1,0.0
.o326607,1,0.0
.o326608,1,0.0
.o326609,1,0.0
.o326610,1,0.0
.o326611,1,0.0
.o326612,1,0.0
.o326613,1,0.0
.e322697,1,0.0
.o322697,1,0.0
.e323114,1,0.0
.e323115,1,0.0
.e323116,1,0.0
.e323117,1,0.0
.e323118,1,0.0
.e323119,1,0.0
.e323120,1,0.0
.e323121,1,0.0
.e323122,1,0.0
.e323123,1,0.0
.e323124,1,0.0
.e323125,1,0.0
.e323126,1,0.0
.e323127,1,0.0
.e323128,1,0.0
.e323129,1,0.0
.e323130,1,0.0
.e323131,1,0.0
.e323132,1,0.0
.e323133,1,0.0
.o323114,1,0.0
.o323115,1,0.0
.o323116,1,0.0
.o323117,1,0.0
.o323118,1,0.0
.o323119,1,0.0
.o323120,1,0.0
.o323121,1,0.0
.o323122,1,0.0
.o323123,1,0.0
.o323124,1,0.0
.o323125,1,0.0
.o323126,1,0.0
.o323127,1,0.0
.o323128,1,0.0
.o323129,1,0.0
.o323130,1,0.0
.o323131,1,0.0
.o323132,1,0.0
.o323133,1,0.0
.e323136,1,0.0
.e323137,1,0.0
.e323138,1,0.0
.e323139,1,0.0
.e323140,1,0.0
.e323141,1,0.0
.e323142,1,0.0
.e323143,1,0.0
.e323144,1,0.0
.e323145,1,0.0
.e323146,1,0.0
.e323147,1,0.0
.e323148,1,0.0
.e323149,1,0.0
.e323150,1,0.0
.e323151,1,0.0
.e323152,1,0.0
.e323153,1,0.0
.e323154,1,0.0
.e323155,1,0.0
.o323136,1,0.0
.o323137,1,0.0
.o323138,1,0.0
.o323139,1,0.0
.o323140,1,0.0
.o323141,1,0.0
.o323142,1,0.0
.o323143,1,0.0
.o323144,1,0.0
.o323145,1,0.0
.o323146,1,0.0
.o323147,1,0.0
.o323148,1,0.0
.o323149,1,0.0
.o323150,1,0.0
.o323151,1,0.0
.o323152,1,0.0
.o323153,1,0.0
.o323154,1,0.0
.o323155,1,0.0
.e323157,1,0.0
.e323158,1,0.0
.e323159,1,0.0
.e323160,1,0.0
.e323161,1,0.0
.e323162,1,0.0
.e323163,1,0.0
.e323164,1,0.0
.e323165,1,0.0
.e323166,1,0.0
.e323167,1,0.0
.e323168,1,0.0
.e323169,1,0.0
.e323170,1,0.0
.e323171,1,0.0
.e323172,1,0.0
.e323173,1,0.0
.e323174,1,0.0
.e323175,1,0.0
.e323176,1,0.0
.o323157,1,0.0
.o323158,1,0.0
.o323159,1,0.0
.o323160,1,0.0
.o323161,1,0.0
.o323162,1,0.0
.o323163,1,0.0
.o323164,1,0.0
.o323165,1,0.0
.o323166,1,0.0
.o323167,1,0.0
.o323168,1,0.0
.o323169,1,0.0
.o323170,1,0.0
.o323171,1,0.0
.o323172,1,0.0
.o323173,1,0.0
.o323174,1,0.0
.o323175,1,0.0
.o323176,1,0.0
.e323737,1,0.0
.e323738,1,0.0
.e323739,1,0.0
.e323740,1,0.0
.e323741,1,0.0
.e323742,1,0.0
.e323743,1,0.0
.e323744,1,0.0
.e323745,1,0.0
.e323746,1,0.0
.e323747,1,0.0
.e323748,1,0.0
.e323749,1,0.0
.e323750,1,0.0
.e323751,1,0.0
.e323752,1,0.0
.e323753,1,0.0
.e323754,1,0.0
.e323755,1,0.0
.e323756,1,0.0
.o323737,1,0.0
.o323738,1,0.0
.o323739,1,0.0
.o323740,1,0.0
.o323741,1,0.0
.o323742,1,0.0
.o323743,1,0.0
.o323744,1,0.0
.o323745,1,0.0
.o323746,1,0.0
.o323747,1,0.0
.o323748,1,0.0
.o323749,1,0.0
.o323750,1,0.0
.o323751,1,0.0
.o323752,1,0.0
.o323753,1,0.0
.o323754,1,0.0
.o323755,1,0.0
.o323756,1,0.0
.e323757,1,0.0
.e323758,1,0.0
.e323759,1,0.0
.e323760,1,0.0
.e323761,1,0.0
.e323762,1,0.0
.e323763,1,0.0
.e323764,1,0.0
.e323765,1,0.0
.e323766,1,0.0
.e323767,1,0.0
.e323768,1,0.0
.e323769,1,0.0
.e323770,1,0.0
.e323771,1,0.0
.e323772,1,0.0
.e323773,1,0.0
.e323774,1,0.0
.e323775,1,0.0
.e323776,1,0.0
.o323757,1,0.0
.o323758,1,0.0
.o323759,1,0.0
.o323760,1,0.0
.o323761,1,0.0
.o323762,1,0.0
.o323763,1,0.0
.o323764,1,0.0
.o323765,1,0.0
.o323766,1,0.0
.o323767,1,0.0
.o323768,1,0.0
.o323769,1,0.0
.o323770,1,0.0
.o323771,1,0.0
.o323772,1,0.0
.o323773,1,0.0
.o323774,1,0.0
.o323775,1,0.0
.o323776,1,0.0
.e323777,1,0.0
.e323778,1,0.0
.e323779,1,0.0
.e323780,1,0.0
.e323781,1,0.0
.e323782,1,0.0
.e323783,1,0.0
.e323784,1,0.0
.e323785,1,0.0
.e323786,1,0.0
.e323787,1,0.0
.e323788,1,0.0
.e323789,1,0.0
.e323790,1,0.0
.e323791,1,0.0
.e323792,1,0.0
.e323793,1,0.0
.e323794,1,0.0
.e323795,1,0.0
.e323796,1,0.0
.o323777,1,0.0
.o323778,1,0.0
.o323779,1,0.0
.o323780,1,0.0
.o323781,1,0.0
.o323782,1,0.0
.o323783,1,0.0
.o323784,1,0.0
.o323785,1,0.0
.o323786,1,0.0
.o323787,1,0.0
.o323788,1,0.0
.o323789,1,0.0
.o323790,1,0.0
.o323791,1,0.0
.o323792,1,0.0
.o323793,1,0.0
.o323794,1,0.0
.o323795,1,0.0
.o323796,1,0.0
.e321562,1,0.0
.e321563,1,0.0
.e321564,1,0.0
.e321565,1,0.0
.e321566,1,0.0
.e321567,1,0.0
.e321568,1,0.0
.e321569,1,0.0
.e321570,1,0.0
.e321571,1,0.0
.e321572,1,0.0
.e321573,1,0.0
.e321574,1,0.0
.e321575,1,0.0
.e321576,1,0.0
.e321577,1,0.0
.e321578,1,0.0
.e321579,1,0.0
.e321580,1,0.0
.e321581,1,0.0
.o321562,1,0.0
.o321563,1,0.0
.o321564,1,0.0
.o321565,1,0.0
.o321566,1,0.0
.o321567,1,0.0
.o321568,1,0.0
.o321569,1,0.0
.o321570,1,0.0
.o321571,1,0.0
.o321572,1,0.0
.o321573,1,0.0
.o321574,1,0.0
.o321575,1,0.0
.o321576,1,0.0
.o321577,1,0.0
.o321578,1,0.0
.o321579,1,0.0
.o321580,1,0.0
.o321581,1,0.0
.e321542,1,0.0
.e321543,1,0.0
.e321544,1,0.0
.e321545,1,0.0
.e321546,1,0.0
.e321547,1,0.0
.e321548,1,0.0
.e321549,1,0.0
.e321550,1,0.0
.e321551,1,0.0
.e321552,1,0.0
.e321553,1,0.0
.e321554,1,0.0
.e321555,1,0.0
.e321556,1,0.0
.e321557,1,0.0
.e321558,1,0.0
.e321559,1,0.0
.e321560,1,0.0
.e321561,1,0.0
.o321542,1,0.0
.o321543,1,0.0
.o321544,1,0.0
.o321545,1,0.0
.o321546,1,0.0
.o321547,1,0.0
.o321548,1,0.0
.o321549,1,0.0
.o321550,1,0.0
.o321551,1,0.0
.o321552,1,0.0
.o321553,1,0.0
.o321554,1,0.0
.o321555,1,0.0
.o321556,1,0.0
.o321557,1,0.0
.o321558,1,0.0
.o321559,1,0.0
.o321560,1,0.0
.o321561,1,0.0
.e321522,1,0.0
.e321523,1,0.0
.e321524,1,0.0
.e321525,1,0.0
.e321526,1,0.0
.e321527,1,0.0
.e321528,1,0.0
.e321529,1,0.0
.e321530,1,0.0
.e321531,1,0.0
.e321532,1,0.0
.e321533,1,0.0
.e321534,1,0.0
.e321535,1,0.0
.e321536,1,0.0
.e321537,1,0.0
.e321538,1,0.0
.e321539,1,0.0
.e321540,1,0.0
.e321541,1,0.0
.o321522,1,0.0
.o321523,1,0.0
.o321524,1,0.0
.o321525,1,0.0
.o321526,1,0.0
.o321527,1,0.0
.o321528,1,0.0
.o321529,1,0.0
.o321530,1,0.0
.o321531,1,0.0
.o321532,1,0.0
.o321533,1,0.0
.o321534,1,0.0
.o321535,1,0.0
.o321536,1,0.0
.o321537,1,0.0
.o321538,1,0.0
.o321539,1,0.0
.o321540,1,0.0
.o321541,1,0.0
.e321207,1,0.0
.e321208,1,0.0
.e321209,1,0.0
.e321210,1,0.0
.e321211,1,0.0
.e321212,1,0.0
.e321213,1,0.0
.e321214,1,0.0
.e321215,1,0.0
.e321216,1,0.0
.e321217,1,0.0
.e321218,1,0.0
.e321219,1,0.0
.e321220,1,0.0
.e321221,1,0.0
.e321222,1,0.0
.e321223,1,0.0
.e321224,1,0.0
.e321225,1,0.0
.e321226,1,0.0
.o321207,1,0.0
.o321208,1,0.0
.o321209,1,0.0
.o321210,1,0.0
.o321211,1,0.0
.o321212,1,0.0
.o321213,1,0.0
.o321214,1,0.0
.o321215,1,0.0
.o321216,1,0.0
.o321217,1,0.0
.o321218,1,0.0
.o321219,1,0.0
.o321220,1,0.0
.o321221,1,0.0
.o321222,1,0.0
.o321223,1,0.0
.o321224,1,0.0
.o321225,1,0.0
.o321226,1,0.0
.e321187,1,0.0
.e321188,1,0.0
.e321189,1,0.0
.e321190,1,0.0
.e321191,1,0.0
.e321192,1,0.0
.e321193,1,0.0
.e321194,1,0.0
.e321195,1,0.0
.e321196,1,0.0
.e321197,1,0.0
.e321198,1,0.0
.e321199,1,0.0
.e321200,1,0.0
.e321201,1,0.0
.e321202,1,0.0
.e321203,1,0.0
.e321204,1,0.0
.e321205,1,0.0
.e321206,1,0.0
.o321187,1,0.0
.o321188,1,0.0
.o321189,1,0.0
.o321190,1,0.0
.o321191,1,0.0
.o321192,1,0.0
.o321193,1,0.0
.o321194,1,0.0
.o321195,1,0.0
.o321196,1,0.0
.o321197,1,0.0
.o321198,1,0.0
.o321199,1,0.0
.o321200,1,0.0
.o321201,1,0.0
.o321202,1,0.0
.o321203,1,0.0
.o321204,1,0.0
.o321205,1,0.0
.o321206,1,0.0
.e321167,1,0.0
.e321168,1,0.0
.e321169,1,0.0
.e321170,1,0.0
.e321171,1,0.0
.e321172,1,0.0
.e321173,1,0.0
.e321174,1,0.0
.e321175,1,0.0
.e321176,1,0.0
.e321177,1,0.0
.e321178,1,0.0
.e321179,1,0.0
.e321180,1,0.0
.e321181,1,0.0
.e321182,1,0.0
.e321183,1,0.0
.e321184,1,0.0
.e321185,1,0.0
.e321186,1,0.0
.o321167,1,0.0
.o321168,1,0.0
.o321169,1,0.0
.o321170,1,0.0
.o321171,1,0.0
.o321172,1,0.0
.o321173,1,0.0
.o321174,1,0.0
.o321175,1,0.0
.o321176,1,0.0
.o321177,1,0.0
.o321178,1,0.0
.o321179,1,0.0
.o321180,1,0.0
.o321181,1,0.0
.o321182,1,0.0
.o321183,1,0.0
.o321184,1,0.0
.o321185,1,0.0
.o321186,1,0.0
.e321150,1,0.0
.o321150,1,0.0
.e322839,1,0.0
.e322840,1,0.0
.e322841,1,0.0
.e322842,1,0.0
.e322843,1,0.0
.e322844,1,0.0
.e322845,1,0.0
.e322846,1,0.0
.e322847,1,0.0
.e322848,1,0.0
.e322849,1,0.0
.e322850,1,0.0
.e322851,1,0.0
.e322852,1,0.0
.e322853,1,0.0
.e322854,1,0.0
.e322855,1,0.0
.e322856,1,0.0
.e322857,1,0.0
.e322858,1,0.0
.o322839,1,0.0
.o322840,1,0.0
.o322841,1,0.0
.o322842,1,0.0
.o322843,1,0.0
.o322844,1,0.0
.o322845,1,0.0
.o322846,1,0.0
.o322847,1,0.0
.o322848,1,0.0
.o322849,1,0.0
.o322850,1,0.0
.o322851,1,0.0
.o322852,1,0.0
.o322853,1,0.0
.o322854,1,0.0
.o322855,1,0.0
.o322856,1,0.0
.o322857,1,0.0
.o322858,1,0.0
.e322819,1,0.0
.e322820,1,0.0
.e322821,1,0.0
.e322822,1,0.0
.e322823,1,0.0
.e322824,1,0.0
.e322825,1,0.0
.e322826,1,0.0
.e322827,1,0.0
.e322828,1,0.0
.e322829,1,0.0
.e322830,1,0.0
.e322831,1,0.0
.e322832,1,0.0
.e322833,1,0.0
.e322834,1,0.0
.e322835,1,0.0
.e322836,1,0.0
.e322837,1,0.0
.e322838,1,0.0
.o322819,1,0.0
.o322820,1,0.0
.o322821,1,0.0
.o322822,1,0.0
.o322823,1,0.0
.o322824,1,0.0
.o322825,1,0.0
.o322826,1,0.0
.o322827,1,0.0
.o322828,1,0.0
.o322829,1,0.0
.o322830,1,0.0
.o322831,1,0.0
.o322832,1,0.0
.o322833,1,0.0
.o322834,1,0.0
.o322835,1,0.0
.o322836,1,0.0
.o322837,1,0.0
.o322838,1,0.0
.e322799,1,0.0
.e322800,1,0.0
.e322801,1,0.0
.e322802,1,0.0
.e322803,1,0.0
.e322804,1,0.0
.e322805,1,0.0
.e322806,1,0.0
.e322807,1,0.0
.e322808,1,0.0
.e322809,1,0.0
.e322810,1,0.0
.e322811,1,0.0
.e322812,1,0.0
.e322813,1,0.0
.e322814,1,0.0
.e322815,1,0.0
.e322816,1,0.0
.e322817,1,0.0
.e322818,1,0.0
.o322799,1,0.0
.o322800,1,0.0
.o322801,1,0.0
.o322802,1,0.0
.o322803,1,0.0
.o322804,1,0.0
.o322805,1,0.0
.o322806,1,0.0
.o322807,1,0.0
.o322808,1,0.0
.o322809,1,0.0
.o322810,1,0.0
.o322811,1,0.0
.o322812,1,0.0
.o322813,1,0.0
.o322814,1,0.0
.o322815,1,0.0
.o322816,1,0.0
.o322817,1,0.0
.o322818,1,0.0
.e322739,1,0.0
.e322740,1,0.0
.e322741,1,0.0
.e322742,1,0.0
.e322743,1,0.0
.e322744,1,0.0
.e322745,1,0.0
.e322746,1,0.0
.e322747,1,0.0
.e322748,1,0.0
.e322749,1,0.0
.e322750,1,0.0
.e322751,1,0.0
.e322752,1,0.0
.e322753,1,0.0
.e322754,1,0.0
.e322755,1,0.0
.e322756,1,0.0
.e322757,1,0.0
.e322758,1,0.0
.o322739,1,0.0
.o322740,1,0.0
.o322741,1,0.0
.o322742,1,0.0
.o322743,1,0.0
.o322744,1,0.0
.o322745,1,0.0
.o322746,1,0.0
.o322747,1,0.0
.o322748,1,0.0
.o322749,1,0.0
.o322750,1,0.0
.o322751,1,0.0
.o322752,1,0.0
.o322753,1,0.0
.o322754,1,0.0
.o322755,1,0.0
.o322756,1,0.0
.o322757,1,0.0
.o322758,1,0.0
.e322759,1,0.0
.e322760,1,0.0
.e322761,1,0.0
.e322762,1,0.0
.e322763,1,0.0
.e322764,1,0.0
.e322765,1,0.0
.e322766,1,0.0
.e322767,1,0.0
.e322768,1,0.0
.e322769,1,0.0
.e322770,1,0.0
.e322771,1,0.0
.e322772,1,0.0
.e322773,1,0.0
.e322774,1,0.0
.e322775,1,0.0
.e322776,1,0.0
.e322777,1,0.0
.e322778,1,0.0
.o322759,1,0.0
.o322760,1,0.0
.o322761,1,0.0
.o322762,1,0.0
.o322763,1,0.0
.o322764,1,0.0
.o322765,1,0.0
.o322766,1,0.0
.o322767,1,0.0
.o322768,1,0.0
.o322769,1,0.0
.o322770,1,0.0
.o322771,1,0.0
.o322772,1,0.0
.o322773,1,0.0
.o322774,1,0.0
.o322775,1,0.0
.o322776,1,0.0
.o322777,1,0.0
.o322778,1,0.0
.e322779,1,0.0
.e322780,1,0.0
.e322781,1,0.0
.e322782,1,0.0
.e322783,1,0.0
.e322784,1,0.0
.e322785,1,0.0
.e322786,1,0.0
.e322787,1,0.0
.e322788,1,0.0
.e322789,1,0.0
.e322790,1,0.0
.e322791,1,0.0
.e322792,1,0.0
.e322793,1,0.0
.e322794,1,0.0
.e322795,1,0.0
.e322796,1,0.0
.e322797,1,0.0
.e322798,1,0.0
.o322779,1,0.0
.o322780,1,0.0
.o322781,1,0.0
.o322782,1,0.0
.o322783,1,0.0
.o322784,1,0.0
.o322785,1,0.0
.o322786,1,0.0
.o322787,1,0.0
.o322788,1,0.0
.o322789,1,0.0
.o322790,1,0.0
.o322791,1,0.0
.o322792,1,0.0
.o322793,1,0.0
.o322794,1,0.0
.o322795,1,0.0
.o322796,1,0.0
.o322797,1,0.0
.o322798,1,0.0
.e323320,1,0.0
.e323321,1,0.0
.e323322,1,0.0
.e323323,1,0.0
.e323324,1,0.0
.e323325,1,0.0
.e323326,1,0.0
.e323327,1,0.0
.e323328,1,0.0
.e323329,1,0.0
.e323330,1,0.0
.e323331,1,0.0
.e323332,1,0.0
.e323333,1,0.0
.e323334,1,0.0
.e323335,1,0.0
.e323336,1,0.0
.e323337,1,0.0
.e323338,1,0.0
.e323339,1,0.0
.o323320,1,0.0
.o323321,1,0.0
.o323322,1,0.0
.o323323,1,0.0
.o323324,1,0.0
.o323325,1,0.0
.o323326,1,0.0
.o323327,1,0.0
.o323328,1,0.0
.o323329,1,0.0
.o323330,1,0.0
.o323331,1,0.0
.o323332,1,0.0
.o323333,1,0.0
.o323334,1,0.0
.o323335,1,0.0
.o323336,1,0.0
.o323337,1,0.0
.o323338,1,0.0
.o323339,1,0.0
.e323200,1,0.0
.e323201,1,0.0
.e323202,1,0.0
.e323203,1,0.0
.e323204,1,0.0
.e323205,1,0.0
.e323206,1,0.0
.e323207,1,0.0
.e323208,1,0.0
.e323209,1,0.0
.e323210,1,0.0
.e323212,1,0.0
.e323213,1,0.0
.e323214,1,0.0
.e323215,1,0.0
.e323216,1,0.0
.e323217,1,0.0
.e323218,1,0.0
.e323219,1,0.0
.e323220,1,0.0
.o323200,1,0.0
.o323201,1,0.0
.o323202,1,0.0
.o323203,1,0.0
.o323204,1,0.0
.o323205,1,0.0
.o323206,1,0.0
.o323207,1,0.0
.o323208,1,0.0
.o323209,1,0.0
.o323210,1,0.0
.o323212,1,0.0
.o323213,1,0.0
.o323214,1,0.0
.o323215,1,0.0
.o323216,1,0.0
.o323217,1,0.0
.o323218,1,0.0
.o323219,1,0.0
.o323220,1,0.0
.e323178,1,0.0
.e323179,1,0.0
.e323180,1,0.0
.e323181,1,0.0
.e323182,1,0.0
.e323183,1,0.0
.e323184,1,0.0
.e323185,1,0.0
.e323186,1,0.0
.e323187,1,0.0
.e323188,1,0.0
.e323189,1,0.0
.e323190,1,0.0
.e323191,1,0.0
.e323192,1,0.0
.e323193,1,0.0
.e323194,1,0.0
.e323195,1,0.0
.e323196,1,0.0
.e323197,1,0.0
.o323178,1,0.0
.o323179,1,0.0
.o323180,1,0.0
.o323181,1,0.0
.o323182,1,0.0
.o323183,1,0.0
.o323184,1,0.0
.o323185,1,0.0
.o323186,1,0.0
.o323187,1,0.0
.o323188,1,0.0
.o323189,1,0.0
.o323190,1,0.0
.o323191,1,0.0
.o323192,1,0.0
.o323193,1,0.0
.o323194,1,0.0
.o323195,1,0.0
.o323196,1,0.0
.o323197,1,0.0
.e323797,1,0.0
.e323798,1,0.0
.e323799,1,0.0
.e323800,1,0.0
.e323801,1,0.0
.e323802,1,0.0
.e323803,1,0.0
.e323804,1,0.0
.e323805,1,0.0
.e323806,1,0.0
.e323807,1,0.0
.e323808,1,0.0
.e323809,1,0.0
.e323810,1,0.0
.e323811,1,0.0
.e323812,1,0.0
.e323813,1,0.0
.e323814,1,0.0
.e323815,1,0.0
.e323816,1,0.0
.o323797,1,0.0
.o323798,1,0.0
.o323799,1,0.0
.o323800,1,0.0
.o323801,1,0.0
.o323802,1,0.0
.o323803,1,0.0
.o323804,1,0.0
.o323805,1,0.0
.o323806,1,0.0
.o323807,1,0.0
.o323808,1,0.0
.o323809,1,0.0
.o323810,1,0.0
.o323811,1,0.0
.o323812,1,0.0
.o323813,1,0.0
.o323814,1,0.0
.o323815,1,0.0
.o323816,1,0.0
.e323817,1,0.0
.e323818,1,0.0
.e323819,1,0.0
.e323820,1,0.0
.e323821,1,0.0
.e323822,1,0.0
.e323823,1,0.0
.e323824,1,0.0
.e323825,1,0.0
.e323826,1,0.0
.e323827,1,0.0
.e323828,1,0.0
.e323829,1,0.0
.e323830,1,0.0
.e323831,1,0.0
.e323832,1,0.0
.e323833,1,0.0
.e323834,1,0.0
.e323835,1,0.0
.e323836,1,0.0
.o323817,1,0.0
.o323818,1,0.0
.o323819,1,0.0
.o323820,1,0.0
.o323821,1,0.0
.o323822,1,0.0
.o323823,1,0.0
.o323824,1,0.0
.o323825,1,0.0
.o323826,1,0.0
.o323827,1,0.0
.o323828,1,0.0
.o323829,1,0.0
.o323830,1,0.0
.o323831,1,0.0
.o323832,1,0.0
.o323833,1,0.0
.o323834,1,0.0
.o323835,1,0.0
.o323836,1,0.0
.e321622,1,0.0
.e321623,1,0.0
.e321624,1,0.0
.e321625,1,0.0
.e321626,1,0.0
.e321627,1,0.0
.e321628,1,0.0
.e321629,1,0.0
.e321630,1,0.0
.e321631,1,0.0
.e321632,1,0.0
.e321633,1,0.0
.e321634,1,0.0
.e321635,1,0.0
.e321636,1,0.0
.e321637,1,0.0
.e321638,1,0.0
.e321639,1,0.0
.e321640,1,0.0
.e321641,1,0.0
.o321622,1,0.0
.o321623,1,0.0
.o321624,1,0.0
.o321625,1,0.0
.o321626,1,0.0
.o321627,1,0.0
.o321628,1,0.0
.o321629,1,0.0
.o321630,1,0.0
.o321631,1,0.0
.o321632,1,0.0
.o321633,1,0.0
.o321634,1,0.0
.o321635,1,0.0
.o321636,1,0.0
.o321637,1,0.0
.o321638,1,0.0
.o321639,1,0.0
.o321640,1,0.0
.o321641,1,0.0
.e326633,1,0.0
.e326634,1,0.0
.e326635,1,0.0
.e326636,1,0.0
.e326637,1,0.0
.e326638,1,0.0
.e326639,1,0.0
.e326640,1,0.0
.e326641,1,0.0
.e326642,1,0.0
.e326643,1,0.0
.e326644,1,0.0
.e326645,1,0.0
.e326646,1,0.0
.e326647,1,0.0
.e326648,1,0.0
.e326649,1,0.0
.e326650,1,0.0
.e326651,1,0.0
.e326652,1,0.0
.o326633,1,0.0
.o326634,1,0.0
.o326635,1,0.0
.o326636,1,0.0
.o326637,1,0.0
.o326638,1,0.0
.o326639,1,0.0
.o326640,1,0.0
.o326641,1,0.0
.o326642,1,0.0
.o326643,1,0.0
.o326644,1,0.0
.o326645,1,0.0
.o326646,1,0.0
.o326647,1,0.0
.o326648,1,0.0
.o326649,1,0.0
.o326650,1,0.0
.o326651,1,0.0
.o326652,1,0.0
.e321582,1,0.0
.e321583,1,0.0
.e321584,1,0.0
.e321585,1,0.0
.e321586,1,0.0
.e321587,1,0.0
.e321588,1,0.0
.e321589,1,0.0
.e321590,1,0.0
.e321591,1,0.0
.e321592,1,0.0
.e321593,1,0.0
.e321594,1,0.0
.e321595,1,0.0
.e321596,1,0.0
.e321597,1,0.0
.e321598,1,0.0
.e321599,1,0.0
.e321600,1,0.0
.e321601,1,0.0
.o321582,1,0.0
.o321583,1,0.0
.o321584,1,0.0
.o321585,1,0.0
.o321586,1,0.0
.o321587,1,0.0
.o321588,1,0.0
.o321589,1,0.0
.o321590,1,0.0
.o321591,1,0.0
.o321592,1,0.0
.o321593,1,0.0
.o321594,1,0.0
.o321595,1,0.0
.o321596,1,0.0
.o321597,1,0.0
.o321598,1,0.0
.o321599,1,0.0
.o321600,1,0.0
.o321601,1,0.0
.e321602,1,0.0
.e321603,1,0.0
.e321604,1,0.0
.e321605,1,0.0
.e321606,1,0.0
.e321607,1,0.0
.e321608,1,0.0
.e321609,1,0.0
.e321610,1,0.0
.e321611,1,0.0
.e321612,1,0.0
.e321613,1,0.0
.e321614,1,0.0
.e321615,1,0.0
.e321616,1,0.0
.e321617,1,0.0
.e321618,1,0.0
.e321619,1,0.0
.e321620,1,0.0
.e321621,1,0.0
.o321602,1,0.0
.o321603,1,0.0
.o321604,1,0.0
.o321605,1,0.0
.o321606,1,0.0
.o321607,1,0.0
.o321608,1,0.0
.o321609,1,0.0
.o321610,1,0.0
.o321611,1,0.0
.o321612,1,0.0
.o321613,1,0.0
.o321614,1,0.0
.o321615,1,0.0
.o321616,1,0.0
.o321617,1,0.0
.o321618,1,0.0
.o321619,1,0.0
.o321620,1,0.0
.o321621,1,0.0
.e321314,1,0.0
.e321315,1,0.0
.e321316,1,0.0
.e321317,1,0.0
.e321318,1,0.0
.e321319,1,0.0
.e321320,1,0.0
.e321321,1,0.0
.e321322,1,0.0
.e321323,1,0.0
.e321514,1,0.0
.e326376,1,0.0
.e326377,1,0.0
.e326378,1,0.0
.e326379,1,0.0
.e326380,1,0.0
.e326381,1,0.0
.e326382,1,0.0
.e326383,1,0.0
.e326384,1,0.0
.e326385,1,0.0
.o321314,1,0.0
.o321315,1,0.0
.o321316,1,0.0
.o321317,1,0.0
.o321318,1,0.0
.o321319,1,0.0
.o321320,1,0.0
.o321321,1,0.0
.o321322,1,0.0
.o321323,1,0.0
.o321514,1,0.0
.o326376,1,0.0
.o326377,1,0.0
.o326378,1,0.0
.o326379,1,0.0
.o326380,1,0.0
.o326381,1,0.0
.o326382,1,0.0
.o326383,1,0.0
.o326384,1,0.0
.o326385,1,0.0
.e321283,1,0.0
.e321284,1,0.0
.e321285,1,0.0
.e321286,1,0.0
.e321287,1,0.0
.e321288,1,0.0
.e321289,1,0.0
.e321290,1,0.0
.e321291,1,0.0
.e321292,1,0.0
.e326386,1,0.0
.e326387,1,0.0
.e326388,1,0.0
.e326389,1,0.0
.e326390,1,0.0
.e326391,1,0.0
.e326392,1,0.0
.e326393,1,0.0
.e326394,1,0.0
.e326395,1,0.0
.o321283,1,0.0
.o321284,1,0.0
.o321285,1,0.0
.o321286,1,0.0
.o321287,1,0.0
.o321288,1,0.0
.o321289,1,0.0
.o321290,1,0.0
.o321291,1,0.0
.o321292,1,0.0
.o326386,1,0.0
.o326387,1,0.0
.o326388,1,0.0
.o326389,1,0.0
.o326390,1,0.0
.o326391,1,0.0
.o326392,1,0.0
.o326393,1,0.0
.o326394,1,0.0
.o326395,1,0.0
.e321293,1,0.0
.e321294,1,0.0
.e321295,1,0.0
.e321296,1,0.0
.e321297,1,0.0
.e321298,1,0.0
.e321299,1,0.0
.e321300,1,0.0
.e321301,1,0.0
.e321302,1,0.0
.e321303,1,0.0
.e321304,1,0.0
.e321306,1,0.0
.e321307,1,0.0
.e321308,1,0.0
.e321309,1,0.0
.e321310,1,0.0
.e321311,1,0.0
.e321312,1,0.0
.e321313,1,0.0
.o321293,1,0.0
.o321294,1,0.0
.o321295,1,0.0
.o321296,1,0.0
.o321297,1,0.0
.o321298,1,0.0
.o321299,1,0.0
.o321300,1,0.0
.o321301,1,0.0
.o321302,1,0.0
.o321303,1,0.0
.o321304,1,0.0
.o321306,1,0.0
.o321307,1,0.0
.o321308,1,0.0
.o321309,1,0.0
.o321310,1,0.0
.o321311,1,0.0
.o321312,1,0.0
.o321313,1,0.0
.e322994,1,0.0
.e322995,1,0.0
.e322996,1,0.0
.e322997,1,0.0
.e322998,1,0.0
.e322999,1,0.0
.e323000,1,0.0
.e323001,1,0.0
.e323002,1,0.0
.e323003,1,0.0
.e323004,1,0.0
.e323005,1,0.0
.e323006,1,0.0
.e323007,1,0.0
.e323008,1,0.0
.e323009,1,0.0
.e323010,1,0.0
.e323011,1,0.0
.e323012,1,0.0
.e323013,1,0.0
.o322994,1,0.0
.o322995,1,0.0
.o322996,1,0.0
.o322997,1,0.0
.o322998,1,0.0
.o322999,1,0.0
.o323000,1,0.0
.o323001,1,0.0
.o323002,1,0.0
.o323003,1,0.0
.o323004,1,0.0
.o323005,1,0.0
.o323006,1,0.0
.o323007,1,0.0
.o323008,1,0.0
.o323009,1,0.0
.o323010,1,0.0
.o323011,1,0.0
.o323012,1,0.0
.o323013,1,0.0
.e323034,1,0.0
.e323035,1,0.0
.e323036,1,0.0
.e323037,1,0.0
.e323038,1,0.0
.e323039,1,0.0
.e323040,1,0.0
.e323041,1,0.0
.e323042,1,0.0
.e323043,1,0.0
.e323044,1,0.0
.e323045,1,0.0
.e323046,1,0.0
.e323047,1,0.0
.e323048,1,0.0
.e323049,1,0.0
.e323050,1,0.0
.e323051,1,0.0
.e323052,1,0.0
.e323053,1,0.0
.o323034,1,0.0
.o323035,1,0.0
.o323036,1,0.0
.o323037,1,0.0
.o323038,1,0.0
.o323039,1,0.0
.o323040,1,0.0
.o323041,1,0.0
.o323042,1,0.0
.o323043,1,0.0
.o323044,1,0.0
.o323045,1,0.0
.o323046,1,0.0
.o323047,1,0.0
.o323048,1,0.0
.o323049,1,0.0
.o323050,1,0.0
.o323051,1,0.0
.o323052,1,0.0
.o323053,1,0.0
.e323014,1,0.0
.e323015,1,0.0
.e323016,1,0.0
.e323017,1,0.0
.e323018,1,0.0
.e323019,1,0.0
.e323020,1,0.0
.e323021,1,0.0
.e323022,1,0.0
.e323023,1,0.0
.e323024,1,0.0
.e323025,1,0.0
.e323026,1,0.0
.e323027,1,0.0
.e323028,1,0.0
.e323029,1,0.0
.e323030,1,0.0
.e323031,1,0.0
.e323032,1,0.0
.e323033,1,0.0
.o323014,1,0.0
.o323015,1,0.0
.o323016,1,0.0
.o323017,1,0.0
.o323018,1,0.0
.o323019,1,0.0
.o323020,1,0.0
.o323021,1,0.0
.o323022,1,0.0
.o323023,1,0.0
.o323024,1,0.0
.o323025,1,0.0
.o323026,1,0.0
.o323027,1,0.0
.o323028,1,0.0
.o323029,1,0.0
.o323030,1,0.0
.o323031,1,0.0
.o323032,1,0.0
.o323033,1,0.0
.e323470,1,0.0
.e323471,1,0.0
.e323472,1,0.0
.e323473,1,0.0
.e323474,1,0.0
.e323475,1,0.0
.e323476,1,0.0
.e323477,1,0.0
.e323478,1,0.0
.e323479,1,0.0
.e326396,1,0.0
.e326397,1,0.0
.e326398,1,0.0
.e326399,1,0.0
.e326400,1,0.0
.e326401,1,0.0
.e326402,1,0.0
.e326403,1,0.0
.o323470,1,0.0
.o323471,1,0.0
.o323472,1,0.0
.o323473,1,0.0
.o323474,1,0.0
.o323475,1,0.0
.o323476,1,0.0
.o323477,1,0.0
.o323478,1,0.0
.o323479,1,0.0
.o326396,1,0.0
.o326397,1,0.0
.o326398,1,0.0
.o326399,1,0.0
.o326400,1,0.0
.o326401,1,0.0
.o326402,1,0.0
.o326403,1,0.0
.e323460,1,0.0
.e323461,1,0.0
.e323462,1,0.0
.e323463,1,0.0
.e323464,1,0.0
.e323465,1,0.0
.e323466,1,0.0
.e323467,1,0.0
.e323468,1,0.0
.e323469,1,0.0
.e326620,1,0.0
.e326621,1,0.0
.e326622,1,0.0
.e326623,1,0.0
.e326624,1,0.0
.e326625,1,0.0
.e326626,1,0.0
.e326627,1,0.0
.e326628,1,0.0
.e326629,1,0.0
.o323460,1,0.0
.o323461,1,0.0
.o323462,1,0.0
.o323463,1,0.0
.o323464,1,0.0
.o323465,1,0.0
.o323466,1,0.0
.o323467,1,0.0
.o323468,1,0.0
.o323469,1,0.0
.o326620,1,0.0
.o326621,1,0.0
.o326622,1,0.0
.o326623,1,0.0
.o326624,1,0.0
.o326625,1,0.0
.o326626,1,0.0
.o326627,1,0.0
.o326628,1,0.0
.o326629,1,0.0
.e323440,1,0.0
.e323441,1,0.0
.e323442,1,0.0
.e323443,1,0.0
.e323444,1,0.0
.e323445,1,0.0
.e323446,1,0.0
.e323447,1,0.0
.e323448,1,0.0
.e323449,1,0.0
.e323450,1,0.0
.e323451,1,0.0
.e323452,1,0.0
.e323453,1,0.0
.e323454,1,0.0
.e323455,1,0.0
.e323456,1,0.0
.e323457,1,0.0
.e323458,1,0.0
.e323459,1,0.0
.o323440,1,0.0
.o323441,1,0.0
.o323442,1,0.0
.o323443,1,0.0
.o323444,1,0.0
.o323445,1,0.0
.o323446,1,0.0
.o323447,1,0.0
.o323448,1,0.0
.o323449,1,0.0
.o323450,1,0.0
.o323451,1,0.0
.o323452,1,0.0
.o323453,1,0.0
.o323454,1,0.0
.o323455,1,0.0
.o323456,1,0.0
.o323457,1,0.0
.o323458,1,0.0
.o323459,1,0.0
.e322180,1,0.0
.e322181,1,0.0
.e322182,1,0.0
.e322183,1,0.0
.e322184,1,0.0
.e322185,1,0.0
.e322186,1,0.0
.e322187,1,0.0
.e322188,1,0.0
.e322189,1,0.0
.e322190,1,0.0
.e322191,1,0.0
.e322192,1,0.0
.e322193,1,0.0
.e322194,1,0.0
.e322195,1,0.0
.e322196,1,0.0
.e322197,1,0.0
.e322198,1,0.0
.e322199,1,0.0
.o322180,1,0.0
.o322181,1,0.0
.o322182,1,0.0
.o322183,1,0.0
.o322184,1,0.0
.o322185,1,0.0
.o322186,1,0.0
.o322187,1,0.0
.o322188,1,0.0
.o322189,1,0.0
.o322190,1,0.0
.o322191,1,0.0
.o322192,1,0.0
.o322193,1,0.0
.o322194,1,0.0
.o322195,1,0.0
.o322196,1,0.0
.o322197,1,0.0
.o322198,1,0.0
.o322199,1,0.0
.e322200,1,0.0
.e322201,1,0.0
.e322202,1,0.0
.e322203,1,0.0
.e322204,1,0.0
.e322205,1,0.0
.e322206,1,0.0
.e322207,1,0.0
.e322208,1,0.0
.e322209,1,0.0
.e322210,1,0.0
.e322211,1,0.0
.e322212,1,0.0
.e322213,1,0.0
.e322214,1,0.0
.e322215,1,0.0
.e322216,1,0.0
.e322217,1,0.0
.e322218,1,0.0
.e322219,1,0.0
.o322200,1,0.0
.o322201,1,0.0
.o322202,1,0.0
.o322203,1,0.0
.o322204,1,0.0
.o322205,1,0.0
.o322206,1,0.0
.o322207,1,0.0
.o322208,1,0.0
.o322209,1,0.0
.o322210,1,0.0
.o322211,1,0.0
.o322212,1,0.0
.o322213,1,0.0
.o322214,1,0.0
.o322215,1,0.0
.o322216,1,0.0
.o322217,1,0.0
.o322218,1,0.0
.o322219,1,0.0
.e322562,1,0.0
.e322563,1,0.0
.e322564,1,0.0
.e322565,1,0.0
.e322566,1,0.0
.e322567,1,0.0
.e322568,1,0.0
.e322569,1,0.0
.e322570,1,0.0
.e322571,1,0.0
.e322572,1,0.0
.e322573,1,0.0
.e322574,1,0.0
.e322575,1,0.0
.e322576,1,0.0
.e322577,1,0.0
.e322578,1,0.0
.e322579,1,0.0
.e322580,1,0.0
.e322581,1,0.0
.o322562,1,0.0
.o322563,1,0.0
.o322564,1,0.0
.o322565,1,0.0
.o322566,1,0.0
.o322567,1,0.0
.o322568,1,0.0
.o322569,1,0.0
.o322570,1,0.0
.o322571,1,0.0
.o322572,1,0.0
.o322573,1,0.0
.o322574,1,0.0
.o322575,1,0.0
.o322576,1,0.0
.o322577,1,0.0
.o322578,1,0.0
.o322579,1,0.0
.o322580,1,0.0
.o322581,1,0.0
.e321378,1,0.0
.e321379,1,0.0
.e321380,1,0.0
.e321381,1,0.0
.e321382,1,0.0
.e321383,1,0.0
.e321384,1,0.0
.e321385,1,0.0
.e321386,1,0.0
.e321387,1,0.0
.e321388,1,0.0
.e321389,1,0.0
.e321390,1,0.0
.e321391,1,0.0
.e321392,1,0.0
.e321393,1,0.0
.e321394,1,0.0
.e321395,1,0.0
.e321396,1,0.0
.e321397,1,0.0
.o321378,1,0.0
.o321379,1,0.0
.o321380,1,0.0
.o321381,1,0.0
.o321382,1,0.0
.o321383,1,0.0
.o321384,1,0.0
.o321385,1,0.0
.o321386,1,0.0
.o321387,1,0.0
.o321388,1,0.0
.o321389,1,0.0
.o321390,1,0.0
.o321391,1,0.0
.o321392,1,0.0
.o321393,1,0.0
.o321394,1,0.0
.o321395,1,0.0
.o321396,1,0.0
.o321397,1,0.0
.e321358,1,0.0
.e321359,1,0.0
.e321360,1,0.0
.e321361,1,0.0
.e321362,1,0.0
.e321363,1,0.0
.e321364,1,0.0
.e321365,1,0.0
.e321366,1,0.0
.e321367,1,0.0
.e321368,1,0.0
.e321369,1,0.0
.e321370,1,0.0
.e321371,1,0.0
.e321372,1,0.0
.e321373,1,0.0
.e321374,1,0.0
.e321375,1,0.0
.e321376,1,0.0
.e321377,1,0.0
.o321358,1,0.0
.o321359,1,0.0
.o321360,1,0.0
.o321361,1,0.0
.o321362,1,0.0
.o321363,1,0.0
.o321364,1,0.0
.o321365,1,0.0
.o321366,1,0.0
.o321367,1,0.0
.o321368,1,0.0
.o321369,1,0.0
.o321370,1,0.0
.o321371,1,0.0
.o321372,1,0.0
.o321373,1,0.0
.o321374,1,0.0
.o321375,1,0.0
.o321376,1,0.0
.o321377,1,0.0
.e321338,1,0.0
.e321339,1,0.0
.e321340,1,0.0
.e321341,1,0.0
.e321342,1,0.0
.e321343,1,0.0
.e321344,1,0.0
.e321345,1,0.0
.e321346,1,0.0
.e321347,1,0.0
.e321348,1,0.0
.e321349,1,0.0
.e321350,1,0.0
.e321351,1,0.0
.e321352,1,0.0
.e321353,1,0.0
.e321354,1,0.0
.e321355,1,0.0
.e321356,1,0.0
.e321357,1,0.0
.o321338,1,0.0
.o321339,1,0.0
.o321340,1,0.0
.o321341,1,0.0
.o321342,1,0.0
.o321343,1,0.0
.o321344,1,0.0
.o321345,1,0.0
.o321346,1,0.0
.o321347,1,0.0
.o321348,1,0.0
.o321349,1,0.0
.o321350,1,0.0
.o321351,1,0.0
.o321352,1,0.0
.o321353,1,0.0
.o321354,1,0.0
.o321355,1,0.0
.o321356,1,0.0
.o321357,1,0.0
.e322872,1,0.0
.e322873,1,0.0
.e322874,1,0.0
.e322875,1,0.0
.e322876,1,0.0
.e322877,1,0.0
.e322878,1,0.0
.e322879,1,0.0
.e322880,1,0.0
.e322881,1,0.0
.e322882,1,0.0
.e322883,1,0.0
.e322884,1,0.0
.e322885,1,0.0
.e322886,1,0.0
.e322887,1,0.0
.e322888,1,0.0
.e322889,1,0.0
.e322890,1,0.0
.e322891,1,0.0
.o322872,1,0.0
.o322873,1,0.0
.o322874,1,0.0
.o322875,1,0.0
.o322876,1,0.0
.o322877,1,0.0
.o322878,1,0.0
.o322879,1,0.0
.o322880,1,0.0
.o322881,1,0.0
.o322882,1,0.0
.o322883,1,0.0
.o322884,1,0.0
.o322885,1,0.0
.o322886,1,0.0
.o322887,1,0.0
.o322888,1,0.0
.o322889,1,0.0
.o322890,1,0.0
.o322891,1,0.0
.e322894,1,0.0
.e322895,1,0.0
.e322896,1,0.0
.e322897,1,0.0
.e322898,1,0.0
.e322899,1,0.0
.e322900,1,0.0
.e322901,1,0.0
.e322902,1,0.0
.e322903,1,0.0
.e322904,1,0.0
.e322905,1,0.0
.e322906,1,0.0
.e322907,1,0.0
.e322908,1,0.0
.e322909,1,0.0
.e322910,1,0.0
.e322911,1,0.0
.e322912,1,0.0
.e322913,1,0.0
.o322894,1,0.0
.o322895,1,0.0
.o322896,1,0.0
.o322897,1,0.0
.o322898,1,0.0
.o322899,1,0.0
.o322900,1,0.0
.o322901,1,0.0
.o322902,1,0.0
.o322903,1,0.0
.o322904,1,0.0
.o322905,1,0.0
.o322906,1,0.0
.o322907,1,0.0
.o322908,1,0.0
.o322909,1,0.0
.o322910,1,0.0
.o322911,1,0.0
.o322912,1,0.0
.o322913,1,0.0
.e322914,1,0.0
.e322915,1,0.0
.e322916,1,0.0
.e322917,1,0.0
.e322918,1,0.0
.e322919,1,0.0
.e322920,1,0.0
.e322921,1,0.0
.e322922,1,0.0
.e322923,1,0.0
.e322924,1,0.0
.e322925,1,0.0
.e322926,1,0.0
.e322927,1,0.0
.e322928,1,0.0
.e322929,1,0.0
.e322930,1,0.0
.e322931,1,0.0
.e322932,1,0.0
.e322933,1,0.0
.o322914,1,0.0
.o322915,1,0.0
.o322916,1,0.0
.o322917,1,0.0
.o322918,1,0.0
.o322919,1,0.0
.o322920,1,0.0
.o322921,1,0.0
.o322922,1,0.0
.o322923,1,0.0
.o322924,1,0.0
.o322925,1,0.0
.o322926,1,0.0
.o322927,1,0.0
.o322928,1,0.0
.o322929,1,0.0
.o322930,1,0.0
.o322931,1,0.0
.o322932,1,0.0
.o322933,1,0.0
.e323340,1,0.0
.e323341,1,0.0
.e323342,1,0.0
.e323343,1,0.0
.e323344,1,0.0
.e323345,1,0.0
.e323346,1,0.0
.e323347,1,0.0
.e323348,1,0.0
.e323349,1,0.0
.e323350,1,0.0
.e323351,1,0.0
.e323352,1,0.0
.e323353,1,0.0
.e323354,1,0.0
.e323355,1,0.0
.e323356,1,0.0
.e323357,1,0.0
.e323358,1,0.0
.e323359,1,0.0
.o323340,1,0.0
.o323341,1,0.0
.o323342,1,0.0
.o323343,1,0.0
.o323344,1,0.0
.o323345,1,0.0
.o323346,1,0.0
.o323347,1,0.0
.o323348,1,0.0
.o323349,1,0.0
.o323350,1,0.0
.o323351,1,0.0
.o323352,1,0.0
.o323353,1,0.0
.o323354,1,0.0
.o323355,1,0.0
.o323356,1,0.0
.o323357,1,0.0
.o323358,1,0.0
.o323359,1,0.0
.e323360,1,0.0
.e323361,1,0.0
.e323362,1,0.0
.e323363,1,0.0
.e323364,1,0.0
.e323365,1,0.0
.e323366,1,0.0
.e323367,1,0.0
.e323368,1,0.0
.e323369,1,0.0
.e323370,1,0.0
.e323371,1,0.0
.e323372,1,0.0
.e323373,1,0.0
.e323374,1,0.0
.e323375,1,0.0
.e323376,1,0.0
.e323377,1,0.0
.e323378,1,0.0
.e323379,1,0.0
.o323360,1,0.0
.o323361,1,0.0
.o323362,1,0.0
.o323363,1,0.0
.o323364,1,0.0
.o323365,1,0.0
.o323366,1,0.0
.o323367,1,0.0
.o323368,1,0.0
.o323369,1,0.0
.o323370,1,0.0
.o323371,1,0.0
.o323372,1,0.0
.o323373,1,0.0
.o323374,1,0.0
.o323375,1,0.0
.o323376,1,0.0
.o323377,1,0.0
.o323378,1,0.0
.o323379,1,0.0
.e323380,1,0.0
.e323381,1,0.0
.e323382,1,0.0
.e323383,1,0.0
.e323384,1,0.0
.e323385,1,0.0
.e323386,1,0.0
.e323387,1,0.0
.e323388,1,0.0
.e323389,1,0.0
.e323390,1,0.0
.e323391,1,0.0
.e323392,1,0.0
.e323393,1,0.0
.e323394,1,0.0
.e323395,1,0.0
.e323396,1,0.0
.e323397,1,0.0
.e323398,1,0.0
.e323399,1,0.0
.o323380,1,0.0
.o323381,1,0.0
.o323382,1,0.0
.o323383,1,0.0
.o323384,1,0.0
.o323385,1,0.0
.o323386,1,0.0
.o323387,1,0.0
.o323388,1,0.0
.o323389,1,0.0
.o323390,1,0.0
.o323391,1,0.0
.o323392,1,0.0
.o323393,1,0.0
.o323394,1,0.0
.o323395,1,0.0
.o323396,1,0.0
.o323397,1,0.0
.o323398,1,0.0
.o323399,1,0.0
.e321642,1,0.0
.e321643,1,0.0
.e321644,1,0.0
.e321645,1,0.0
.e321646,1,0.0
.e321647,1,0.0
.e321648,1,0.0
.e321649,1,0.0
.e321650,1,0.0
.e321651,1,0.0
.e321652,1,0.0
.e321653,1,0.0
.e321654,1,0.0
.e321655,1,0.0
.e321656,1,0.0
.e321657,1,0.0
.e321658,1,0.0
.e321659,1,0.0
.e321660,1,0.0
.e321661,1,0.0
.o321642,1,0.0
.o321643,1,0.0
.o321644,1,0.0
.o321645,1,0.0
.o321646,1,0.0
.o321647,1,0.0
.o321648,1,0.0
.o321649,1,0.0
.o321650,1,0.0
.o321651,1,0.0
.o321652,1,0.0
.o321653,1,0.0
.o321654,1,0.0
.o321655,1,0.0
.o321656,1,0.0
.o321657,1,0.0
.o321658,1,0.0
.o321659,1,0.0
.o321660,1,0.0
.o321661,1,0.0
.e321662,1,0.0
.e321663,1,0.0
.e321664,1,0.0
.e321665,1,0.0
.e321666,1,0.0
.e321667,1,0.0
.e321668,1,0.0
.e321669,1,0.0
.e321670,1,0.0
.e321671,1,0.0
.e321672,1,0.0
.e321673,1,0.0
.e321674,1,0.0
.e321675,1,0.0
.e321676,1,0.0
.e321677,1,0.0
.e321678,1,0.0
.e321679,1,0.0
.e321680,1,0.0
.e321681,1,0.0
.o321662,1,0.0
.o321663,1,0.0
.o321664,1,0.0
.o321665,1,0.0
.o321666,1,0.0
.o321667,1,0.0
.o321668,1,0.0
.o321669,1,0.0
.o321670,1,0.0
.o321671,1,0.0
.o321672,1,0.0
.o321673,1,0.0
.o321674,1,0.0
.o321675,1,0.0
.o321676,1,0.0
.o321677,1,0.0
.o321678,1,0.0
.o321679,1,0.0
.o321680,1,0.0
.o321681,1,0.0
.e321682,1,0.0
.e321683,1,0.0
.e321684,1,0.0
.e321685,1,0.0
.e321686,1,0.0
.e321687,1,0.0
.e321688,1,0.0
.e321689,1,0.0
.e321690,1,0.0
.e321691,1,0.0
.e321692,1,0.0
.e321693,1,0.0
.e321694,1,0.0
.e321695,1,0.0
.e321696,1,0.0
.e321697,1,0.0
.e321698,1,0.0
.e321699,1,0.0
.e321700,1,0.0
.e321701,1,0.0
.o321682,1,0.0
.o321683,1,0.0
.o321684,1,0.0
.o321685,1,0.0
.o321686,1,0.0
.o321687,1,0.0
.o321688,1,0.0
.o321689,1,0.0
.o321690,1,0.0
.o321691,1,0.0
.o321692,1,0.0
.o321693,1,0.0
.o321694,1,0.0
.o321695,1,0.0
.o321696,1,0.0
.o321697,1,0.0
.o321698,1,0.0
.o321699,1,0.0
.o321700,1,0.0
.o321701,1,0.0
.lxb,1,0.0
.eventlistenerproviderfactory,1,0.0
.filetypedetector,1,0.0
.ggid,1,0.0
.rdpid,1,0.0
.cons,1,0.0
.flanks,1,0.0
.v4,1,0.0
.v5,1,0.0
.v6,1,0.0
.v7,1,0.0
.v8,1,0.0
.v9,1,0.0
.e5176286,1,0.0
.e5176302,1,0.0
.e5176311,1,0.0
.e5176837,1,0.0
.e5178040,1,0.0
.o5176286,1,0.0
.o5176311,1,0.0
.o5176837,1,0.0
.o5178040,1,0.0
.e5169431,1,0.0
.e5173510,1,0.0
.e5173511,1,0.0
.e5173513,1,0.0
.e5173518,1,0.0
.e5173519,1,0.0
.e5173894,1,0.0
.e5173976,1,0.0
.e5175603,1,0.0
.e5175624,1,0.0
.e5175805,1,0.0
.o5173894,1,0.0
.o5173976,1,0.0
.o5175603,1,0.0
.o5175624,1,0.0
.o5175805,1,0.0
.e5176316,1,0.0
.o5176316,1,0.0
.e5176317,1,0.0
.e5176318,1,0.0
.o5176317,1,0.0
.o5176318,1,0.0
.e5169433,1,0.0
.e5173520,1,0.0
.e5173521,1,0.0
.2-latest,1,0.0
.xml_old,1,0.0
.sdt,1,0.0
.blasttable,1,0.0
.fastxy,1,0.0
.kegg,1,0.0
.pslayout3,1,0.0
.fastp_v35_04,1,0.0
.blast2,1,0.0
.megablast,1,0.0
.pmr,1,0.0
.blastx,1,0.0
.gmap,1,0.0
.mlc,1,0.0
.newtags,1,0.0
.nj,1,0.0
.njb,1,0.0
.sim4-0,1,0.0
.sim4-3,1,0.0
.sim4-4,1,0.0
.wublastx,1,0.0
.wutblastn,1,0.0
.wutblastx,1,0.0
.bl2seq,1,0.0
.elems,1,0.0
.dontwork,1,0.0
.epcr,1,0.0
.est2genome,1,0.0
.grail,1,0.0
.grailexp,1,0.0
.tblastx,1,0.0
.largemultifasta,1,0.0
.m9,1,0.0
.wgs,1,0.0
.prositescan,1,0.0
.chaos-xml,1,0.0
.blx,1,0.0
.noalignment,1,0.0
.noresults,1,0.0
.embl2sq,1,0.0
.gcgblast,1,0.0
.gcgfasta,1,0.0
.noseq,1,0.0
.tigrxml,1,0.0
.waba,1,0.0
.blasttab3,1,0.0
.clustalw,1,0.0
.mega,1,0.0
.pfam,1,0.0
.prodom,1,0.0
.selex,1,0.0
.stockholm,1,0.0
.xmfa,1,0.0
.exonerate,1,0.0
.crossmatch,1,0.0
.erpin,1,0.0
.wublast,1,0.0
.bsml,1,0.0
.trnascanse,1,0.0
.nersc,1,0.0
.libm,1,0.0
.ome,1,0.0
.cusp,1,0.0
.gwy,1,0.0
.jpk,1,0.0
.jpk-qi-image,1,0.0
.spm1,1,0.0
.ibw,1,0.0
.petsc,1,0.0
.petsc_solver,1,0.0
.dpparttree,1,0.0
.fftns2,1,0.0
.fftnsi,1,0.0
.gins1,1,0.0
.ginsi,1,0.0
.allowshift,1,0.0
.lins1,1,0.0
.linsi,1,0.0
.parttree,1,0.0
.qinsi,1,0.0
.xinsi,1,0.0
.txt_0,1,0.0
.txt_1,1,0.0
.txt_2,1,0.0
.txt_header,1,0.0
.mgsat_rocker_ver,1,0.0
.cov1,1,0.0
.ybernard,1,0.0
.pyz,1,0.0
.nop,1,0.0
.cmdline,1,0.0
.kumac,1,0.0
.decodat,1,0.0
.transcripts,1,0.0
.amazon,1,0.0
.cloud,1,0.0
.dirstruct,1,0.0
.classof,1,0.0
.snw,1,0.0
.csdp,1,0.0
.f6e85b8922b0016d64b1d006529819de,1,0.0
.9a3bd1d30276b501a51ac8931b3e43c4,1,0.0
.5dff22f4460da9c696dd20324a775a8a,1,0.0
.7b694dc96bf316a40ff7163479850f78,1,0.0
.8c15b34d5e32243f5ed38c1b055bfd6f,1,0.0
.7869c5b00cdf037273e39572fb1affdb,1,0.0
.bf845d7e9972c0c05906f8d0eb831ff4,1,0.0
.fd5d0eb0e7a0fdc2b0a8fad3e0015552,1,0.0
.luac,1,0.0
.deny,1,0.0
.phb,1,0.0
.ctxt,1,0.0
.ctrscript,1,0.0
.xz-216129e998640469a8ce1d22ad91021c31ad9414877b8802792d24b3d1d687cc,1,0.0
.xz-c0b7a3fef5225d8ddee4930e1b897af303c369a4b509b71f30b8fada71afe307,1,0.0
.xz-2d4ce311f6d71dc0f283931308c919fe58f78865a34492dd359ddc4e5115e532,1,0.0
.xz-b51de306f4157e1bfd0efecd34e7a1b5bc2879eecf7b89eda9273827f05ecf79,1,0.0
.xz-6d0fddce69620e1d977a79322e370f3b251ffd9aeeb2a41e5bec2dc6a8d30144,1,0.0
.xz-f293ce3ea2f94095eb58f2003e945fd58e9aa419b4bc4f1ffc001c7eb55d1fbd,1,0.0
.xz-0de8d429a3a1c110ce18d88c51178b4b366601f18763b9f706cc41a4710788cf,1,0.0
.gif-4dc17f939b75f8fe8bfecbd4074fbe0f804a60687c8d60821c76ed6501ea5d5f,1,0.0
.xz-9835f59faf299b35d01a0bc39a9954ff42ba451659ac0f7c8ad954e270924600,1,0.0
.cc-94974956f5c35a3020a6e9196fa4116bbc29d3b86671538bf3a88a2f380b91be,1,0.0
.c_46fb59c95380198458bc1db1a8afd1167df48406,1,0.0
.rb_c077fdcc6ed6488b53504bc8ad0069e8281ad21a,1,0.0
.rb_3a9fcc07faff2d8ff6f48c5636c52209fa2f8e51,1,0.0
.xz_968494cea2c29140ee5e63e37c19cff2254f0229,1,0.0
.xz_770b5e93903173b81078f084fed4f23baade6db9,1,0.0
.tgz_39afc67a311555f30f71a989cd4151009a3b54d9,1,0.0
.rb_20a3d2497ad0292d72b4796754c5585523b3e985,1,0.0
.xz_080b984e0fdd0fb3224284c11bc56ac02974333b,1,0.0
.6_8674307c6c294e2f710def8c57925a50e60ee69e,1,0.0
.py_bc552f58fe2709225ca0768c131dd14934a47305,1,0.0
.iseq_a9ac4b7a1669257d0914ca556a6aa6d14b4a2092,1,0.0
.zip_37af37d67ee05b020738d8699f4876d632b238c9,1,0.0
.nes,1,0.0
.hamming,1,0.0
.md5s,1,0.0
.grako,1,0.0
.lll,1,0.0
.transformed,1,0.0
.jaml,1,0.0
.pypi,1,0.0
.expressionformat,1,0.0
.tracelistformat,1,0.0
.orderer,1,0.0
.graphtracer,1,0.0
.tracer,1,0.0
.skewdetector,1,0.0
.onlinerecognizer,1,0.0
.replicate,1,0.0
.xds,1,0.0
.runtests_ibm,1,0.0
.runtests_offline_ibm,1,0.0
.runtests_offline_sgiuv100,1,0.0
.runtests_sgiuv100,1,0.0
.test_pdaf_smoother,1,0.0
.oie,1,0.0
.qdpxx,1,0.0
.badkey,1,0.0
.go-disabled,1,0.0
.tables,1,0.0
.benchmark_cloud,1,0.0
.benchmark_gas,1,0.0
.benchmark_nocloud,1,0.0
.juno_cloud,1,0.0
.juno_gas,1,0.0
.paulclsolar_50kbar,1,0.0
.paulclvla10d,1,0.0
.paulclvla2d,1,0.0
.paulclvla72x,1,0.0
.paulsolar_50kbar,1,0.0
.paulvla10d,1,0.0
.paulvla2d,1,0.0
.paulvla72x,1,0.0
.cloud21_fletcher_best_dry,1,0.0
.cloud21_fletcher_best_dry_30s,1,0.0
.cloud21_fletcher_best_dry_50s,1,0.0
.cloud21_fletcher_best_wet_30s,1,0.0
.cloud21_fletcher_best_wet_50s,1,0.0
.paulco_cloud21_fletcher_best_dry,1,0.0
.paulco_cloud21_fletcher_best_dry_30s,1,0.0
.paulco_cloud21_fletcher_best_dry_50s,1,0.0
.paulco_cloud21_fletcher_best_wet_30s,1,0.0
.paulco_cloud21_fletcher_best_wet_50s,1,0.0
.kicad_prl,1,0.0
.kicad_pro,1,0.0
.gvp,1,0.0
.phg,1,0.0
.cryptslbin,1,0.0
.ape,1,0.0
.hghsc,1,0.0
.flexo_ddb,1,0.0
.quad_ddb,1,0.0
.forceconstant,1,0.0
.ssposcar,1,0.0
.ucposcar,1,0.0
.pdb1,1,0.0
.fuzzy,1,0.0
.matout,1,0.0
.hyer,1,0.0
.inlarc-example,1,0.0
.inlarc-example-windows,1,0.0
.remote,1,0.0
.without_colon,1,0.0
.concurrency,1,0.0
.sqrt2,1,0.0
.sqrt3,1,0.0
.waterlog,1,0.0
.dragonegg,1,0.0
.ne,1,0.0
.ocn,1,0.0
.topo_36x36x16,1,0.0
.2xant,1,0.0
.igcm16,1,0.0
.igcmv3,1,0.0
.igcmv4,1,0.0
.plasim,1,0.0
.panchuk_p2000wr,1,0.0
.laura,1,0.0
.36x36x162,1,0.0
.reefall,1,0.0
.36x36x08r,1,0.0
.abio_orbits,1,0.0
.bio_orbits,1,0.0
.bio_orbitsnew,1,0.0
.ph_inversion,1,0.0
.co2release,1,0.0
.dic13cinversion,1,0.0
.abio,1,0.0
.emit01000,1,0.0
.emit05000,1,0.0
.rcp6p0flux,1,0.0
.limning,1,0.0
.limning_pco2target,1,0.0
.limning_phtarget,1,0.0
.sres,1,0.0
.limning_sattarget,1,0.0
.fpoc,1,0.0
.grigoratou,1,0.0
.albani_2n1t_pfe,1,0.0
.albani_2n1t_pfe_mu50,1,0.0
.albani_hard30,1,0.0
.albani_ncycle_exp25_hard30,1,0.0
.example_econcycle,1,0.0
.example_econcycle2,1,0.0
.1a,1,0.0
.1b,1,0.0
.3b,1,0.0
.hosing,1,0.0
.hosing2,1,0.0
.sediments,1,0.0
.weathering,1,0.0
.spin2gl_gemco2,1,0.0
.spin2gl_norco2,1,0.0
.spin3gl_caa,1,0.0
.spin3gl_cab,1,0.0
.spin3gl_fluxes,1,0.0
.spin3gl_gemco2,1,0.0
.spin3gl_osscav,1,0.0
.spin3gl_tuned,1,0.0
.spin3gl_wdli,1,0.0
.8p7z3f,1,0.0
.8p7z3f_petm1sst,1,0.0
.x0p6co2outgas,1,0.0
.x0p7co2outgas,1,0.0
.x0p8co2outgas,1,0.0
.x0p9co2outgas,1,0.0
.x1p0co2outgas,1,0.0
.x1p1co2outgas,1,0.0
.x1p2co2outgas,1,0.0
.x1p3co2outgas,1,0.0
.x1p4co2outgas,1,0.0
.x1p5co2outgas,1,0.0
.x1p6co2outgas,1,0.0
.x1p7co2outgas,1,0.0
.x1p8co2outgas,1,0.0
.x1p9co2outgas,1,0.0
.x2p0co2outgas,1,0.0
.ferw,1,0.0
.fesm,1,0.0
.fesm_hi,1,0.0
.fesm_lo,1,0.0
.fesm_now,1,0.0
.r07rw,1,0.0
.r07sm,1,0.0
.r07sm_corg1,1,0.0
.r07sm_corg2,1,0.0
.r07sm_hi,1,0.0
.r07sm_hi_corg1,1,0.0
.r07sm_hi_corg2,1,0.0
.r07sm_lo,1,0.0
.r07sm_lo_corg1,1,0.0
.r07sm_lo_corg2,1,0.0
.r07sm_now,1,0.0
.000100yr,1,0.0
.000200yr,1,0.0
.000500yr,1,0.0
.001000yr,1,0.0
.002000yr,1,0.0
.005000yr,1,0.0
.010000yr,1,0.0
.020000yr,1,0.0
.0p_4pco2_ksulf_e6,1,0.0
.0p_4pco2_ksulf_e7,1,0.0
.50po4_tmp_98sink_sulfe6,1,0.0
.dye,1,0.0
.lgm,1,0.0
.pa-15,1,0.0
.pa15,1,0.0
.pa35,1,0.0
.01po4_20xco2_spin,1,0.0
.01po4_3xco2_spin,1,0.0
.05po4_20xco2_spin,1,0.0
.05po4_3xco2_spin,1,0.0
.1po4_20xco2_spin,1,0.0
.1po4_3xco2_spin,1,0.0
.5po4_20xco2_spin,1,0.0
.5po4_3xco2_spin,1,0.0
.0001palo2_280umso4_spin,1,0.0
.0005palo2_280umso4_spin,1,0.0
.001palo2_0umso4_spin,1,0.0
.001palo2_140umso4_spin,1,0.0
.001palo2_280umso4_spin,1,0.0
.001palo2_28umso4_spin,1,0.0
.001palo2_420umso4_spin,1,0.0
.001palo2_560umso4_spin,1,0.0
.001palo2_700umso4_spin,1,0.0
.001palo2_980umso4_spin,1,0.0
.0025palo2_280umso4_spin,1,0.0
.005palo2_280umso4_spin,1,0.0
.0075palo2_280umso4_spin,1,0.0
.01palo2_280umso4_spin,1,0.0
.025palo2_280umso4_spin,1,0.0
.05palo2_280umso4_spin,1,0.0
.1palo2_280umso4_spin,1,0.0
.001palo2_280umso4_beq10_spin,1,0.0
.001palo2_280umso4_beq15_spin,1,0.0
.001palo2_280umso4_beq20_spin,1,0.0
.001palo2_280umso4_beq25_spin,1,0.0
.001palo2_280umso4_beq30_spin,1,0.0
.001palo2_280umso4_beq5_spin,1,0.0
.1_174_164,1,0.0
.1_161_15,1,0.0
.1_164_161,1,0.0
.05_184_174,1,0.0
.lgm_csoft,1,0.0
.1x_fe,1,0.0
.omen_porgredox,1,0.0
.spin2_100k,1,0.0
.spin2_150k,1,0.0
.spin2_200k,1,0.0
.spin2_250k,1,0.0
.spin2_300k,1,0.0
.spin2_350k,1,0.0
.spin2_400k,1,0.0
.spin2_450k,1,0.0
.spin2_500k,1,0.0
.spin2_50k,1,0.0
.spin3_100k,1,0.0
.spin3_50k,1,0.0
.trans_0050k,1,0.0
.trans_0100k,1,0.0
.trans_0150k,1,0.0
.trans_0200k,1,0.0
.trans_0250k,1,0.0
.trans_0300k,1,0.0
.trans_0350k,1,0.0
.trans_0400k,1,0.0
.trans_0450k,1,0.0
.trans_0500k,1,0.0
.trans_0550k,1,0.0
.trans_0600k,1,0.0
.trans_0650k,1,0.0
.trans_0700k,1,0.0
.trans_0750k,1,0.0
.trans_0800k,1,0.0
.trans_0850k,1,0.0
.trans_0900k,1,0.0
.trans_0950k,1,0.0
.trans_1000k,1,0.0
.trans_1050k,1,0.0
.trans_1100k,1,0.0
.umq00p0a_sg_rg_gl_p,1,0.0
.umq12p5a_sg_rg_gl_ma,1,0.0
.umq12p5a_sg_rg_gl_ma+,1,0.0
.umq12p5a_sg_rg_gl_mb,1,0.0
.umq12p5a_sg_rg_gl_mb+,1,0.0
.umq12p5a_sg_rg_gl_mc,1,0.0
.umq12p5a_sg_rg_gl_mc+,1,0.0
.umq12p5a_sg_rg_gl_md,1,0.0
.umq12p5a_sg_rg_gl_md+,1,0.0
.umq12p5a_sg_rg_gl_me,1,0.0
.umq12p5a_sg_rg_gl_me+,1,0.0
.a_01caco3,1,0.0
.a_01casio3,1,0.0
.a_05caco3,1,0.0
.a_05casio3,1,0.0
.a_05ht-hyd,1,0.0
.a_05hyd,1,0.0
.a_05lt-hyd,1,0.0
.a_05picpoc,1,0.0
.a_05po4,1,0.0
.a_05reef,1,0.0
.a_05weath,1,0.0
.a_09co2,1,0.0
.a_15caco3,1,0.0
.a_15casio3,1,0.0
.a_15co2,1,0.0
.a_15hyd,1,0.0
.a_15lt-hyd,1,0.0
.a_15reef,1,0.0
.a_15weath,1,0.0
.a_2caco3,1,0.0
.a_2casio3,1,0.0
.a_2co2,1,0.0
.a_2ht-hyd,1,0.0
.a_2hyd,1,0.0
.a_2lt-hyd,1,0.0
.a_2picpoc,1,0.0
.a_2reef,1,0.0
.a_2weath,1,0.0
.a_3caco3,1,0.0
.a_3casio3,1,0.0
.a_4caco3,1,0.0
.a_4co2,1,0.0
.a_4ht-hyd,1,0.0
.a_4hyd,1,0.0
.a_age,1,0.0
.a_cong,1,0.0
.b_10co2_10000,1,0.0
.b_10co2_100000,1,0.0
.b_10co2_100000_rec1,1,0.0
.b_10co2_10000_rec1,1,0.0
.b_10co2_500000,1,0.0
.b_10ht-hyd_10000,1,0.0
.b_10ht-hyd_100000,1,0.0
.b_10ht-hyd_100000_rec1,1,0.0
.b_10ht-hyd_100000_rec2,1,0.0
.b_10ht-hyd_10000_rec1,1,0.0
.b_10ht-hyd_10000_rec2,1,0.0
.b_10ht-hyd_500000,1,0.0
.b_10ht-hyd_500000_rec1,1,0.0
.b_10ht-hyd_500000_rec2,1,0.0
.b_10ht-hyd_moreco2_100000_rec1,1,0.0
.b_10ht-hyd_moreco2_100000_rec2,1,0.0
.b_10ht-hyd_moreco2_500000,1,0.0
.b_10ht-hyd_moreco2_500000_rec1,1,0.0
.b_10ht-hyd_moreco2_500000_rec2,1,0.0
.b_10ht-hyd_moreco2_noclim_500000,1,0.0
.b_10ht-hyd_moreco2_noclim_500000_rec1,1,0.0
.b_10ht-hyd_moreco2_noclim_500000_rec2,1,0.0
.b_10ht-hyd_noclim_500000,1,0.0
.b_10ht-hyd_noclim_500000_rec1,1,0.0
.b_10ht-hyd_noclim_500000_rec2,1,0.0
.b_10ht-hyd_noco2_10000,1,0.0
.b_10ht-hyd_noco2_100000,1,0.0
.b_10ht-hyd_noco2_500000,1,0.0
.b_10ht-hyd_rco2_10000,1,0.0
.b_10ht-hyd_rco2_100000,1,0.0
.b_10ht-hyd_rco2_100000_rec,1,0.0
.b_10ht-hyd_rco2_10000_rec,1,0.0
.b_10ht-hyd_rco2_500000,1,0.0
.b_10ht-hyd_rco2_500000_rec,1,0.0
.b_2co2_10000,1,0.0
.b_2co2_100000,1,0.0
.b_2co2_100000_rec1,1,0.0
.b_2co2_10000_rec1,1,0.0
.b_2co2_500000,1,0.0
.b_2ht-hyd_10000,1,0.0
.b_2ht-hyd_100000,1,0.0
.b_2ht-hyd_100000_rec1,1,0.0
.b_2ht-hyd_100000_rec2,1,0.0
.b_2ht-hyd_10000_rec1,1,0.0
.b_2ht-hyd_10000_rec2,1,0.0
.b_2ht-hyd_500000,1,0.0
.b_2ht-hyd_500000_rec1,1,0.0
.b_2ht-hyd_500000_rec2,1,0.0
.b_2ht-hyd_moreco2_10000,1,0.0
.b_2ht-hyd_moreco2_100000,1,0.0
.b_2ht-hyd_moreco2_100000_rec1,1,0.0
.b_2ht-hyd_moreco2_100000_rec2,1,0.0
.b_2ht-hyd_moreco2_10000_rec1,1,0.0
.b_2ht-hyd_moreco2_10000_rec2,1,0.0
.b_2ht-hyd_moreco2_500000,1,0.0
.b_2ht-hyd_moreco2_500000_rec1,1,0.0
.b_2ht-hyd_moreco2_500000_rec2,1,0.0
.b_2ht-hyd_rco2_10000,1,0.0
.b_2ht-hyd_rco2_100000,1,0.0
.b_2ht-hyd_rco2_100000_rec,1,0.0
.b_2ht-hyd_rco2_10000_rec,1,0.0
.b_2ht-hyd_rco2_500000,1,0.0
.b_2ht-hyd_rco2_500000_rec,1,0.0
.b_4co2_1000,1,0.0
.b_4co2_10000,1,0.0
.b_4co2_100000,1,0.0
.b_4co2_1000000,1,0.0
.b_4co2_1000000_rec,1,0.0
.b_4co2_1000000_rec_2,1,0.0
.b_4co2_100000_rec,1,0.0
.b_4co2_100000_rec_2,1,0.0
.b_4co2_10000_rec,1,0.0
.b_4co2_10000_rec_2,1,0.0
.b_4co2_1000_rec,1,0.0
.b_4co2_1000_rec_2,1,0.0
.b_4co2_500000,1,0.0
.b_4co2_500000_rec,1,0.0
.b_4co2_500000_rec_2,1,0.0
.b_4ht-hyd_100000_rec,1,0.0
.b_4ht-hyd_500000,1,0.0
.b_4ht-hyd_moreco2_100000,1,0.0
.b_4ht-hyd_moreco2_100000_rec1,1,0.0
.b_4ht-hyd_moreco2_100000_rec2,1,0.0
.b_4ht-hyd_moreco2_500000,1,0.0
.b_4ht-hyd_moreco2_500000_rec1,1,0.0
.b_4ht-hyd_moreco2_500000_rec2,1,0.0
.b_4ht-hyd_rco2_10000,1,0.0
.b_4ht-hyd_rco2_100000,1,0.0
.b_4ht-hyd_rco2_100000_rec,1,0.0
.b_4ht-hyd_rco2_10000_rec,1,0.0
.b_4ht-hyd_rco2_500000,1,0.0
.b_4ht-hyd_rco2_500000_rec,1,0.0
.b_6co2_10000,1,0.0
.b_6co2_100000,1,0.0
.b_6co2_100000_rec1,1,0.0
.b_6co2_10000_rec1,1,0.0
.b_6co2_500000,1,0.0
.b_6ht-hyd_100000,1,0.0
.b_6ht-hyd_100000_rec1,1,0.0
.b_6ht-hyd_100000_rec2,1,0.0
.b_6ht-hyd_500000,1,0.0
.b_6ht-hyd_500000_rec1,1,0.0
.b_6ht-hyd_500000_rec2,1,0.0
.b_6ht-hyd_moreco2_10000,1,0.0
.b_6ht-hyd_moreco2_100000,1,0.0
.b_6ht-hyd_moreco2_100000_rec1,1,0.0
.b_6ht-hyd_moreco2_100000_rec2,1,0.0
.b_6ht-hyd_moreco2_10000_rec1,1,0.0
.b_6ht-hyd_moreco2_10000_rec2,1,0.0
.b_6ht-hyd_moreco2_500000,1,0.0
.b_6ht-hyd_moreco2_500000_rec1,1,0.0
.b_6ht-hyd_moreco2_500000_rec2,1,0.0
.b_6ht-hyd_rco2_10000,1,0.0
.b_6ht-hyd_rco2_100000,1,0.0
.b_6ht-hyd_rco2_100000_rec,1,0.0
.b_6ht-hyd_rco2_10000_rec,1,0.0
.b_6ht-hyd_rco2_500000,1,0.0
.b_6ht-hyd_rco2_500000_rec,1,0.0
.5p2c,1,0.0
.albani,1,0.0
.1_phys,1,0.0
.1_phys_eco,1,0.0
.spin_m_lowfeq_flux_frompzspinup,1,0.0
.40_lowfeq_flux_frompzspinup,1,0.0
.50_lowfeq_flux_frompzspinup,1,0.0
.60_lowfeq_flux_frompzspinup,1,0.0
.00_lowfeq_flux_frompzspinup,1,0.0
.spin_pz_lowfeq_flux_frompzspinup,1,0.0
.spin_pz_lowfeq_flux_spinup,1,0.0
.1ma,1,0.0
.en-de,1,0.0
.confidence,1,0.0
.hist1d,1,0.0
.sed_samples,1,0.0
.synthesis,1,0.0
.kmer_count,1,0.0
.read_count,1,0.0
.conll2006dense,1,0.0
.tada,1,0.0
.out1,1,0.0
.out2,1,0.0
.dif,1,0.0
.bfv,1,0.0
.tfhe,1,0.0
.genlib,1,0.0
.allstatess,1,0.0
.product_old,1,0.0
.repeat,1,0.0
.while,1,0.0
.___sol,1,0.0
.marcador,1,0.0
.js-dist,1,0.0
.fps,1,0.0
.mztab,1,0.0
.tka,1,0.0
.change!,1,0.0
.pcmp,1,0.0
.integrator,1,0.0
.rank,1,0.0
.sys1,1,0.0
.sys2,1,0.0
.d_litef-conductor,1,0.0
.conf-example,1,0.0
.gp_info,1,0.0
.phmon,1,0.0
.xml_,1,0.0
.o3dtgz,1,0.0
.o3d,1,0.0
.csdl,1,0.0
.msl,1,0.0
.ssdl,1,0.0
.discomap,1,0.0
.psess,1,0.0
.pelec,1,0.0
.gdiag,1,0.0
.redi,1,0.0
.taglem,1,0.0
.tagnerlem,1,0.0
.dbexists,1,0.0
.updatedb,1,0.0
.maxpos,1,0.0
.bamlist,1,0.0
.fpkm_tracking,1,0.0
.c00,1,0.0
.a01,1,0.0
.a02,1,0.0
.a03,1,0.0
.a04,1,0.0
.a05,1,0.0
.r00,1,0.0
.r01,1,0.0
.r02,1,0.0
.r03,1,0.0
.r04,1,0.0
.r05,1,0.0
.zx01,1,0.0
.obolog,1,0.0
.z8,1,0.0
.seedused,1,0.0
.bv,1,0.0
.codesnippet,1,0.0
.testflight,1,0.0
.pal2015l321,1,0.0
.gwt,1,0.0
.db_worker,1,0.0
.key-backup,1,0.0
.igv_script,1,0.0
.authenticate,1,0.0
.requirements,1,0.0
.ubuntutemplate,1,0.0
.cards,1,0.0
.m4p,1,0.0
.pejs,1,0.0
.109288703z--2be5ab0e43b6dc2908d5321cf318f35b80d0c10d,1,0.0
.chimer,1,0.0
.chimpanzee,1,0.0
.dstn_laptop,1,0.0
.frb-analysis,1,0.0
.frb-compute-0,1,0.0
.frb-compute-0_dstn,1,0.0
.frb1,1,0.0
.frb1_dstn,1,0.0
.kms_laptop16,1,0.0
.moose,1,0.0
.orangutan,1,0.0
.sh ~,1,0.0
.sh%20,1,0.0
.ns_are_zero,1,0.0
.allreadscounts,1,0.0
.xcd,1,0.0
.find_potentialssr,1,0.0
.final_primer_ssrs,1,0.0
.designer_primer,1,0.0
.primer_filter,1,0.0
.blast_parse,1,0.0
.primer_pair_generater,1,0.0
.intermediate_primer_finder,1,0.0
.ssr_product,1,0.0
.ssr_filter,1,0.0
.input for part3,1,0.0
.isfdp,1,0.0
.celery,1,0.0
.db_volume,1,0.0
.flower,1,0.0
.efx,1,0.0
.omf,1,0.0
.e1605500,1,0.0
.o1605500,1,0.0
.e1367496,1,0.0
.e1367498,1,0.0
.e1367499,1,0.0
.e1367501,1,0.0
.o1367496,1,0.0
.o1367498,1,0.0
.o1367499,1,0.0
.o1367501,1,0.0
.e1368912,1,0.0
.o1368912,1,0.0
.e1203148,1,0.0
.e1204448,1,0.0
.o1203148,1,0.0
.o1204448,1,0.0
.pyy,1,0.0
.kh,1,0.0
.kl,1,0.0
.slave,1,0.0
.nocuda,1,0.0
.p2d,1,0.0
.rdkit,1,0.0
.buildconda,1,0.0
.devcontainer,1,0.0
.noweb,1,0.0
.tbt,1,0.0
.smartplex,1,0.0
.dev-self-contained,1,0.0
.self-contained,1,0.0
.trxyt,1,0.0
.mapviz,1,0.0
.ldmrs,1,0.0
.tpm,1,0.0
.tnn,1,0.0
.backbone,1,0.0
.backbone_contig_headers,1,0.0
.bbcols,1,0.0
.guide_tree,1,0.0
.ftb,1,0.0
.fatjar,1,0.0
.bap_bulk_frags,1,0.0
.bap_frags,1,0.0
.json-vagrant-box,1,0.0
.tsa,1,0.0
.ini-dist-multistore,1,0.0
.ini-dist-mysql,1,0.0
.ini-dist-stardog,1,0.0
.ini-dist-virtuoso,1,0.0
.dhc,1,0.0
.generated,1,0.0
.ctio,1,0.0
.wdstan,1,0.0
.xshooterspec,1,0.0
.html#,1,0.0
.inventory,1,0.0
.inventory_base,1,0.0
.tinyproxy,1,0.0
.ubi,1,0.0
.cmake-apollon_ulg,1,0.0
.cmake-gnu-mpi-wellington,1,0.0
.cmake-gnu-wellington,1,0.0
.cmake-uark-ifort,1,0.0
.cmake-uark-ifort-fftw3,1,0.0
.cmake-uark-mpi-fftw,1,0.0
.cmake_archer_gnu,1,0.0
.cmake_jureca_booster_gfortran,1,0.0
.cmake_jureca_booster_ifort,1,0.0
.cmake_mac,1,0.0
.cmake_manjaro,1,0.0
.nrg_test,1,0.0
.sim_test,1,0.0
.wpa2psk,1,0.0
.codes3d,1,0.0
.stable,1,0.0
.dockq2,1,0.0
.desp,1,0.0
.ocg,1,0.0
.gz(busy),1,0.0
._aux,1,0.0
.bigquery,1,0.0
.lwp,1,0.0
.pound,1,0.0
.slash,1,0.0
.umdl,1,0.0
.kitt-ai,1,0.0
.rpb,1,0.0
.bigdl,1,0.0
.theory,1,0.0
.2prerelease,1,0.0
.hup,1,0.0
.h_back,1,0.0
.randpostworking,1,0.0
.bakup,1,0.0
.12-rc1,1,0.0
.12-rc4,1,0.0
.13-rc4,1,0.0
.14-rc1,1,0.0
.15-rc6,1,0.0
.15-rc7,1,0.0
.16-rc5,1,0.0
.16-rc5+,1,0.0
.17-rc4,1,0.0
.17-rc7,1,0.0
.11-rc4,1,0.0
.15-rc1,1,0.0
.15-rc5,1,0.0
.16-rc3,1,0.0
.17-rc2,1,0.0
.19-rc1,1,0.0
.19-rc5,1,0.0
.1-rc4,1,0.0
.11-deb,1,0.0
.13-rc0,1,0.0
.13-rc1,1,0.0
.13-rc2,1,0.0
.14-rc0,1,0.0
.14-rc4,1,0.0
.17-rc3,1,0.0
.2-rc0,1,0.0
.2-rc7,1,0.0
.5-rc0,1,0.0
.8-rc0,1,0.0
.9-deb,1,0.0
.15-deb,1,0.0
.8-deb,1,0.0
.dens,1,0.0
.ozone,1,0.0
.jpl03,1,0.0
.jpl97,1,0.0
.ave,1,0.0
.qy,1,0.0
.1992,1,0.0
.anders,1,0.0
.pof,1,0.0
.gtype,1,0.0
.gvi,1,0.0
.lvcodedb,1,0.0
.lvproject,1,0.0
.lvprojectcache,1,0.0
.ecocyc,1,0.0
.rnt,1,0.0
.ffxml,1,0.0
.ptcfg,1,0.0
.preformatted,1,0.0
.power3,1,0.0
.power4,1,0.0
.power5,1,0.0
.power6,1,0.0
.ppc440,1,0.0
.ppc440fp2,1,0.0
.ppc970,1,0.0
.ppcg4,1,0.0
.sparcv7,1,0.0
.athlon,1,0.0
.banias,1,0.0
.coppermine,1,0.0
.katmai,1,0.0
.northwood,1,0.0
.viac3,1,0.0
.yonah,1,0.0
.32bit,1,0.0
.jkl,1,0.0
.stan~,1,0.0
.dlib,1,0.0
.h265,1,0.0
. do not edit the table of contents file,1,0.0
. do not edit the table of contents file2,1,0.0
. do not edit the table of contents file3,1,0.0
.bpg,1,0.0
.lep,1,0.0
.bpc,1,0.0
.xml#,1,0.0
.nopdos,1,0.0
.nohash,1,0.0
.vasp2w90,1,0.0
.converged,1,0.0
.nelm-breach-consistent,1,0.0
.nelm-breach-partial,1,0.0
.not-converged,1,0.0
.unfinished,1,0.0
.aiida,1,0.0
.hh#,1,0.0
.unw,1,0.0
.pwhg,1,0.0
.bigslow,1,0.0
.shih,1,0.0
.smallbutbad,1,0.0
.accesswidener,1,0.0
.dpy,1,0.0
.stage,1,0.0
.hicpro,1,0.0
.homer,1,0.0
.txt_22,1,0.0
.nodbobjects,1,0.0
.noschema,1,0.0
.dir_manifest,1,0.0
.harvest_params_incomplete,1,0.0
.recursive_harvest_params,1,0.0
.unknown_file_extension,1,0.0
.irix64,1,0.0
.i686,1,0.0
.sunos,1,0.0
.oldandnew,1,0.0
.oldandnew_fromuah,1,0.0
.cpp_unc_20140912,1,0.0
.cpp_beforecmaq52,1,0.0
.cpp_cmaq52,1,0.0
.nouveau,1,0.0
.nvidia,1,0.0
.synopsis,1,0.0
.conditional_conf,1,0.0
.fwmark,1,0.0
.inhibit,1,0.0
.ipv6,1,0.0
.misc_check,1,0.0
.misc_check_arg,1,0.0
.ping_check,1,0.0
.quorum,1,0.0
.smtp_check,1,0.0
.ssl_get,1,0.0
.status_code,1,0.0
.track_interface,1,0.0
.udp_check,1,0.0
.virtual_server_group,1,0.0
.virtualhost,1,0.0
.vrrp,1,0.0
.localcheck,1,0.0
.lvs_syncd,1,0.0
.scripts,1,0.0
.static_ipaddress,1,0.0
.xml_template,1,0.0
.kernel_versions,1,0.0
.xl_stis,1,0.0
.tof,1,0.0
.nlv,1,0.0
.qsys,1,0.0
.sopcinfo,1,0.0
.debuginfo,1,0.0
.regmap,1,0.0
.objdump,1,0.0
.xml2,1,0.0
.release_notes,1,0.0
.release_procedure,1,0.0
.biobakery,1,0.0
.krakenuniq,1,0.0
.stag-mwc,1,0.0
.api_key,1,0.0
.molfit,1,0.0
.yang~,1,0.0
.phpi,1,0.0
.py2,1,0.0
.xcoefsvsn,1,0.0
.xfunction,1,0.0
.nonblocking_tests,1,0.0
.basecurve,1,0.0
.tonecurve,1,0.0
.example-complex,1,0.0
.example-io-flavor,1,0.0
.outputfile,1,0.0
.awkf,1,0.0
.ligshift,1,0.0
.mcrecursion,1,0.0
.mol2_rmsd,1,0.0
.e23022,1,0.0
.charge,1,0.0
.e23030,1,0.0
.e23034,1,0.0
.fzp,1,0.0
.phpstub,1,0.0
.gwa,1,0.0
.gwg,1,0.0
.py3,1,0.0
.bluec,1,0.0
.plymouth,1,0.0
.swansea_cluster,1,0.0
.605000n1,1,0.0
.ignore-yml,1,0.0
.notebook,1,0.0
.clas,1,0.0
.initiatoriqn,1,0.0
.shared-secret,1,0.0
.dcos_config,1,0.0
.gene_info,1,0.0
.ifn,1,0.0
.chw,1,0.0
.ignores,1,0.0
.h_in,1,0.0
.swifi,1,0.0
.9-os-rel,1,0.0
.9-proc-ver,1,0.0
.9-rel,1,0.0
.3-proc-ver,1,0.0
.3-rel,1,0.0
.2-os-rel,1,0.0
.4-os-rel,1,0.0
.5-os-rel,1,0.0
.code_scanning,1,0.0
.upx,1,0.0
.cycss,1,0.0
.cwt,1,0.0
.fdb-tls,1,0.0
.policyxml,1,0.0
.replset,1,0.0
.sessions,1,0.0
.jvm,1,0.0
.legacy-jar,1,0.0
.native-micro,1,0.0
.dmr,1,0.0
.mldatx,1,0.0
.dhcpc,1,0.0
.hello-world,1,0.0
.resolv,1,0.0
.smtp,1,0.0
.webclient,1,0.0
.25--score,1,0.0
.lvix,1,0.0
.matrix(data350@data)[y[y %,1,0.0
.nat44,1,0.0
.nonat,1,0.0
.ntpl,1,0.0
.moloch,1,0.0
.ja4,1,0.0
.bro,1,0.0
.18727,1,0.0
.6198,1,0.0
.testrmd,1,0.0
.aarch64_debug,1,0.0
.armv7_debug,1,0.0
.x86_64_debug,1,0.0
.vsspell,1,0.0
.r-lang,1,0.0
.armv6,1,0.0
.0_cudnn5,1,0.0
.amzn_linux_cpu,1,0.0
.caffe_gpu,1,0.0
.crosstool,1,0.0
.mklml_gpu,1,0.0
.spell_checker,1,0.0
.ubuntu1404_cuda75_cudnn5,1,0.0
.pip_cpu,1,0.0
.pip_cu75,1,0.0
.pip_cu80,1,0.0
.pip_dependencies,1,0.0
._rst,1,0.0
.lps,1,0.0
.ipynb_disabled,1,0.0
.ees,1,0.0
.ubuntu-builder,1,0.0
.xlb,1,0.0
.xmcdz,1,0.0
.mcdx,1,0.0
.dpwm,1,0.0
.rda?raw=true,1,0.0
.reject,1,0.0
.n_f,1,0.0
.n_m,1,0.0
.n_n,1,0.0
.some,1,0.0
.torch,1,0.0
.sdc_ml,1,0.0
.equal,1,0.0
.cyl,1,0.0
.cyl_in_cartcoords,1,0.0
.sph_in_cylcoords,1,0.0
.sph_in_sphcoords,1,0.0
.helm_scaling,1,0.0
.mini-castro,1,0.0
.gpu_test,1,0.0
.auto_source,1,0.0
.castro,1,0.0
.sdc_test,1,0.0
.celldet,1,0.0
.24km,1,0.0
.3km,1,0.0
.2d_good,1,0.0
.regrid,1,0.0
.subch_base,1,0.0
.simple_sdc,1,0.0
.strang,1,0.0
.true_sdc,1,0.0
.h_he,1,0.0
.he,1,0.0
.4th_order,1,0.0
.250hz,1,0.0
.500hz,1,0.0
.xrb,1,0.0
.25km,1,0.0
.50km,1,0.0
.axisymmetric,1,0.0
.bessel,1,0.0
.gaussian,1,0.0
.bug2,1,0.0
.bug3,1,0.0
.bug4,1,0.0
.bug5,1,0.0
.bug6,1,0.0
.bug7,1,0.0
.bug8,1,0.0
.stellarcollapse,1,0.0
.github,1,0.0
.rpy,1,0.0
.anno_input,1,0.0
.nodetool,1,0.0
.tkt,1,0.0
.a0,1,0.0
.a0poster,1,0.0
.updater-core,1,0.0
.gyb,1,0.0
.armv7a,1,0.0
.rrna,1,0.0
.rawsnappy,1,0.0
.godoc-app,1,0.0
.maestro,1,0.0
.40960,1,0.0
.25600,1,0.0
.2048,1,0.0
.hotcutoff,1,0.0
.2levels_onegrid,1,0.0
.1920,1,0.0
.3840,1,0.0
.7680,1,0.0
.e-4,1,0.0
.e5,1,0.0
.e6,1,0.0
.gammalaw,1,0.0
.helmeos,1,0.0
.3alpha_plus_o,1,0.0
.ignition,1,0.0
.mesa_carbon,1,0.0
.reaclib_cburn,1,0.0
.reaclib_ctest,1,0.0
.reaclib_ctest_null,1,0.0
.reaclib_urca,1,0.0
.reaclib_urca_trans,1,0.0
.xrb_simple,1,0.0
.aprpdf,1,0.0
.apw,1,0.0
.apropz,1,0.0
.aprbkp,1,0.0
.ag,1,0.0
.ah,1,0.0
.vsp3,1,0.0
.baitmap,1,0.0
.featurediagram,1,0.0
.featuremodel,1,0.0
.postgresql,1,0.0
.pk3,1,0.0
.yml-default,1,0.0
.ini-default,1,0.0
.phpmailer,1,0.0
.properties-sample,1,0.0
.xml-local,1,0.0
.agavi,1,0.0
.famfamfam,1,0.0
.phing,1,0.0
.propel,1,0.0
.prototype,1,0.0
.jscookmenu,1,0.0
.ail,1,0.0
.gwen,1,0.0
.catalyst,1,0.0
.ios11_xcode94,1,0.0
.ios12_xcode10,1,0.0
.ios13_xcode11,1,0.0
.tvos13_xcode11,1,0.0
.makeinstaller,1,0.0
.oma,1,0.0
.versionnumbers,1,0.0
.dc,1,0.0
.i1,1,0.0
.bmpr,1,0.0
.atmmosaic,1,0.0
.dpy360,1,0.0
.dyn,1,0.0
.fluxopenw,1,0.0
.histcdf,1,0.0
.ocnmosaic,1,0.0
.pondlvl,1,0.0
.pondtopo,1,0.0
.restcdf,1,0.0
.smoke,1,0.0
.swccsm3,1,0.0
.swredist,1,0.0
.thermo1,1,0.0
.commits,1,0.0
.small_molecule_filter,1,0.0
.ubiquitous_filter,1,0.0
.in_orig,1,0.0
.disable,1,0.0
.1976-0,1,0.0
.tt_v1,1,0.0
.appid,1,0.0
.chronos,1,0.0
.localrepomanagerfactory,1,0.0
.localrepotransactionlistener,1,0.0
.databaseadapterfactory,1,0.0
.dbupdatestep,1,0.0
.cloudstorepersistencecapableclassesprovider,1,0.0
.persistencepropertiesvariableprovider,1,0.0
.inverseservicerequesthandler,1,0.0
.invocationfilter,1,0.0
.forcenontransientadvisor,1,0.0
.referencejanitor,1,0.0
.pkts,1,0.0
.xml___jb_tmp___,1,0.0
.xmind,1,0.0
.coal,1,0.0
.haps,1,0.0
.mg25altwfn,1,0.0
.mg25apply1b,1,0.0
.mg25denfromwfn,1,0.0
.mg25expecth,1,0.0
.mg25overlap,1,0.0
.mg25ref,1,0.0
.mg25strength,1,0.0
.dres,1,0.0
.associationrules,1,0.0
.edgetable,1,0.0
.nodetable,1,0.0
.apriori_output,1,0.0
.sxi,1,0.0
.ctt,1,0.0
.jll,1,0.0
.weeder,1,0.0
.pksmb,1,0.0
.abbreviations,1,0.0
.acronyms,1,0.0
.givennames_f,1,0.0
.givennames_m,1,0.0
.other_proper,1,0.0
.places,1,0.0
.surnames,1,0.0
.coc,1,0.0
.nd2,1,0.0
.9839,1,0.0
.speaker,1,0.0
.stringjava,1,0.0
.xmas,1,0.0
.rex_activator,1,0.0
.fracol,1,0.0
.fdef,1,0.0
.bool,1,0.0
.template_call,1,0.0
.company,1,0.0
.variant,1,0.0
.dynamicui,1,0.0
.formsembedded,1,0.0
.formsextension,1,0.0
.formsfamily,1,0.0
.javaforms,1,0.0
.closure,1,0.0
.office,1,0.0
.pcheck,1,0.0
.petrinet,1,0.0
.pl0extended,1,0.0
.regexp_antlr,1,0.0
.regexp_sdf,1,0.0
.csys,1,0.0
.secprop,1,0.0
.simplegui,1,0.0
.sqljava,1,0.0
.tas,1,0.0
.tvl,1,0.0
.ucinv,1,0.0
.valueflow,1,0.0
.webtest,1,0.0
.2732,1,0.0
.awf,1,0.0
.alida,1,0.0
.badyml,1,0.0
.emptyyml,1,0.0
.gm13,1,0.0
.gm15,1,0.0
.gp1,1,0.0
.gp2,1,0.0
.drrpreview,1,0.0
.cycdx,1,0.0
.cydwr,1,0.0
.cyfit,1,0.0
.cyprj,1,0.0
.cysch,1,0.0
.cysym,1,0.0
.cywrk,1,0.0
.scsv,1,0.0
.rk-opt,1,0.0
.tgvqsm_amd_63xx,1,0.0
.opcuaioc,1,0.0
.testioc,1,0.0
.createhistoryfile,1,0.0
.createhistoryfileinitial,1,0.0
.medvigy,1,0.0
.medvigy2,1,0.0
.restart24,1,0.0
.seek,1,0.0
.seeks,1,0.0
.flashsim,1,0.0
.queue,1,0.0
.140534553346736,1,0.0
.placeholder,1,0.0
.extensionmodulespec,1,0.0
.foogroovy,1,0.0
.trail,1,0.0
.dash,1,0.0
.javaee,1,0.0
.twi,1,0.0
.gba,1,0.0
.jsr,1,0.0
.jsrender,1,0.0
.20170605,1,0.0
.mscold,1,0.0
.dotnet10isolated,1,0.0
.dotnet7isolated,1,0.0
.dotnet8,1,0.0
.dotnet8isolated,1,0.0
.dotnet9isolated,1,0.0
.dotnetisolated,1,0.0
.java11,1,0.0
.java8,1,0.0
.powershell7,1,0.0
.13-buildenv,1,0.0
.14-buildenv,1,0.0
.typescript,1,0.0
.hint,1,0.0
.dst,1,0.0
.ppg,1,0.0
.pnps,1,0.0
.vcm,1,0.0
.ixo,1,0.0
.beamfits,1,0.0
.f2_tsm1,1,0.0
.f3_tsm1,1,0.0
.f5_tsm1,1,0.0
.f6,1,0.0
.f6_tsm0,1,0.0
.f7,1,0.0
.f7_tsm1,1,0.0
.f8,1,0.0
.f8_tsm1,1,0.0
.cols,1,0.0
.fastsa,1,0.0
.multiseq,1,0.0
.hr5183,1,0.0
.pyx~,1,0.0
.pbix,1,0.0
.dar,1,0.0
.uuidgenerator,1,0.0
.featureparser,1,0.0
.testengine,1,0.0
.smirks,1,0.0
.gplv2,1,0.0
.a68,1,0.0
.sharedmimeinfo,1,0.0
.xcfg,1,0.0
.3dmbak,1,0.0
.bicepparam,1,0.0
.g77,1,0.0
.inria,1,0.0
.mlr,1,0.0
.364747031,1,0.0
.787741842,1,0.0
.182990609,1,0.0
.moccpp,1,0.0
.cover,1,0.0
.oldbak,1,0.0
.ali,1,0.0
.sysimage,1,0.0
.macintosh,1,0.0
.dispatch,1,0.0
.openrc,1,0.0
.openrcconf,1,0.0
.wprp,1,0.0
.omx,1,0.0
.grh,1,0.0
.gitlab,1,0.0
.hpp_,1,0.0
.cfg-sample,1,0.0
.product_names,1,0.0
.products,1,0.0
.vf,1,0.0
.m3d,1,0.0
.iotlang,1,0.0
.mqls,1,0.0
.dql-unless,1,0.0
.dqls,1,0.0
.redo,1,0.0
.md5sums_all,1,0.0
.md5sums_uniq,1,0.0
.sparkleshare,1,0.0
.hhm,1,0.0
.35_last_iter_pdb_eval_fdr_tpr_precision_patched,1,0.0
.35_last_iter_pdb_eval_tpr_precision,1,0.0
.35_last_iter_pdb_roc,1,0.0
.002_final_iter_pdb_eval_fdr_tpr_precision_patched,1,0.0
.002_final_iter_pdb_eval_tpr_precision,1,0.0
.002_final_iter_pdb_roc,1,0.0
.background_info,1,0.0
.renew_pdb_full,1,0.0
.rsm,1,0.0
.aquaria_local,1,0.0
.pssh2_local,1,0.0
.rsc~,1,0.0
.l1,1,0.0
.bgfreq,1,0.0
.pvpy,1,0.0
.mef90rocky,1,0.0
.mef90rockylinuxintel,1,0.0
.mef90ubuntu,1,0.0
.tadbit,1,0.0
.stm32f105,1,0.0
.uwb,1,0.0
.dwm1001-dev,1,0.0
.dwm1001,1,0.0
.evb1000,1,0.0
.slha,1,0.0
.hidden,1,0.0
.75_glxegl,1,0.0
.75_withgbm,1,0.0
.0_modifiedforosx,1,0.0
.pro_cluster,1,0.0
.kk_xxx_64_half-slab_5-nospin_scissor_0_nc_26,1,0.0
.kk_xxz_64_half-slab_5-nospin_scissor_0_nc_26,1,0.0
.kk_zxx_64_half-slab_5-nospin_scissor_0_nc_26,1,0.0
.kk_zzz_64_half-slab_5-nospin_scissor_0_nc_26,1,0.0
.sm_xxx_64_half-slab_5-nospin_scissor_0_nc_26,1,0.0
.sm_xxz_64_half-slab_5-nospin_scissor_0_nc_26,1,0.0
.sm_zxx_64_half-slab_5-nospin_scissor_0_nc_26,1,0.0
.sm_zzz_64_half-slab_5-nospin_scissor_0_nc_26,1,0.0
.f90_respaldo,1,0.0
.f90_raul,1,0.0
.f90-nojala,1,0.0
.hexa,1,0.0
.medusa,1,0.0
.sh_raul,1,0.0
.ago-4-2011,1,0.0
.altazb,1,0.0
.apx,1,0.0
.containers,1,0.0
.fen,1,0.0
.xmpp,1,0.0
.fos,1,0.0
.rfdist,1,0.0
.scimfilter,1,0.0
.ipfix,1,0.0
.constituent-knowledge,1,0.0
.dialect,1,0.0
.knowledge,1,0.0
.goddesses,1,0.0
.gods,1,0.0
.people,1,0.0
.gerund,1,0.0
.nbib,1,0.0
.paper,1,0.0
.cbf,1,0.0
.vtc,1,0.0
.tsv ,1,0.0
.topics,1,0.0
.rnw#,1,0.0
.s350,1,0.0
.pval,1,0.0
.template1d,1,0.0
.template2d,1,0.0
.shushi,1,0.0
.profiling,1,0.0
.sents,1,0.0
.loo,1,0.0
.rps,1,0.0
.pn,1,0.0
.y~,1,0.0
.osf,1,0.0
.970926,1,0.0
.xcexplist,1,0.0
.relm,1,0.0
.easyexif,1,0.0
.spar,1,0.0
.swx,1,0.0
.sidl,1,0.0
.1111,1,0.0
.kicad_wks,1,0.0
.cb2,1,0.0
.gmg,1,0.0
.mnwi,1,0.0
.meinders,1,0.0
.bojan,1,0.0
.ano~,1,0.0
.sh_26feb2018,1,0.0
.inofunctiontest,1,0.0
.phpproj,1,0.0
.sql3,1,0.0
.h5p,1,0.0
.dim,1,0.0
.ima,1,0.0
.trec_eval,1,0.0
.12-config,1,0.0
.testdata,1,0.0
.kitchensink,1,0.0
.workerenv,1,0.0
.webgmexm,1,0.0
.crpkm,1,0.0
.keggmaster,1,0.0
.pancut,1,0.0
.panfit,1,0.0
.panpath,1,0.0
.papp,1,0.0
.jbx,1,0.0
.isa,1,0.0
.04_x86_64,1,0.0
.windows_x86,1,0.0
.tact,1,0.0
.tolk,1,0.0
.qcow2,1,0.0
.onetep,1,0.0
.exe_here_,1,0.0
.mlpkginstall,1,0.0
.moddedjson,1,0.0
.test_bwa_big,1,0.0
.rsax,1,0.0
.sax,1,0.0
.forget,1,0.0
.gethi,1,0.0
.joint,1,0.0
.twoc,1,0.0
.phmc,1,0.0
.rs3,1,0.0
.mapfile,1,0.0
.paramfile,1,0.0
.gfsa,1,0.0
.polyco,1,0.0
.adapters,1,0.0
.json#,1,0.0
.arm-linux-aarch64,1,0.0
.arm-linux-gnueabihf,1,0.0
.arm-linux-rockchip830-armhf-uclibc,1,0.0
.ubuntu20,1,0.0
.cuda12_ubuntu22,1,0.0
.manylinux2014-x86,1,0.0
.manylinux2014_aarch64,1,0.0
.manylinux_2_36_aarch64,1,0.0
.cuda12,1,0.0
.buildnetwork,1,0.0
.elevator,1,0.0
.sexcheck,1,0.0
.mibs,1,0.0
.interval_list_tmp,1,0.0
.data_types,1,0.0
.dict_tmp,1,0.0
.dfmm,1,0.0
.exf,1,0.0
.srcvoc,1,0.0
.tgtvoc,1,0.0
.voc0,1,0.0
.voc1,1,0.0
.exception,1,0.0
.okay,1,0.0
.romeojuliet_tokenized_lower_original,1,0.0
.ini_backup,1,0.0
.1gram,1,0.0
.grow-diag-final,1,0.0
.isdb,1,0.0
.stmx,1,0.0
.ordering,1,0.0
.rails2,1,0.0
.rb_bu,1,0.0
.c-handout,1,0.0
.libpath,1,0.0
.lesserv2,1,0.0
.program,1,0.0
.utf-8,1,0.0
.aix433,1,0.0
.glibc,1,0.0
.cntlatm,1,0.0
.cntlgen,1,0.0
.presm_a,1,0.0
.benzene,1,0.0
.termini_h5,1,0.0
.astylerc,1,0.0
.ewkt,1,0.0
.wkb,1,0.0
.css_,1,0.0
.20150916010329,1,0.0
.20150916010433,1,0.0
.d6,1,0.0
.eups,1,0.0
.ups,1,0.0
.testlp1_gmp_output,1,0.0
.testlp1_output,1,0.0
.core2processor,1,0.0
.lz4,1,0.0
.bmm,1,0.0
.mdd,1,0.0
.spfm,1,0.0
.xpfm,1,0.0
.awsxclbin,1,0.0
.pajek,1,0.0
.emu,1,0.0
.hole2grid,1,0.0
.picks,1,0.0
.illu,1,0.0
.sample5,1,0.0
.mldose,1,0.0
.mlinfo,1,0.0
.mlprob,1,0.0
.ml_nuclear_nt_ft123,1,0.0
.drat,1,0.0
.modifierrules,1,0.0
.insert_size_metrics,1,0.0
.targeted_pcr_metrics,1,0.0
.wgs_metrics,1,0.0
.lane_metrics,1,0.0
.intervallist,1,0.0
.error_by_read_ordinality_and_cycle,1,0.0
.sample_map,1,0.0
.bwa,1,0.0
.picard,1,0.0
.quast,1,0.0
.samtools,1,0.0
.skesa,1,0.0
.trimmomatic,1,0.0
.rrpcb,1,0.0
.bela-arm64,1,0.0
.bela-armv7,1,0.0
.ats,1,0.0
.het,1,0.0
.adsyn,1,0.0
.ccbresourcelog,1,0.0
.pkm@alpha,1,0.0
.ppng,1,0.0
.pvrraw,1,0.0
.ipn,1,0.0
.idw,1,0.0
.rstudio,1,0.0
.ofcontroller,1,0.0
.seerapiplugin,1,0.0
.seermgtservice,1,0.0
.packetlistener,1,0.0
.vrmanifest,1,0.0
.rvcf,1,0.0
.arrayqc,1,0.0
