extension,unclassified_files,pct_of_unclassified_files,excluded_by_design,source_like
.png,256950,12.7069,False,False
.csv,125932,6.2277,True,False
(none),119766,5.9228,False,False
.json,100404,4.9653,True,False
.pdb,89453,4.4237,False,False
.gz,78969,3.9052,False,False
.db,63506,3.1405,True,False
.py,55196,2.7296,False,True
.xml,54849,2.7124,True,False
.jpg,44844,2.2177,False,False
.txt,40535,2.0046,False,False
.m,34029,1.6828,False,True
.html,31910,1.578,False,False
.es,29110,1.4396,False,False
.en,29098,1.439,False,False
.h,27082,1.3393,False,True
.out,26978,1.3341,False,False
.mp4,25266,1.2495,False,False
.cs,24011,1.1874,False,True
.meta,24007,1.1872,False,False
.npy,21970,1.0865,True,False
.kp,20802,1.0287,False,False
.fasta,18167,0.8984,False,False
.pdf,17549,0.8678,False,False
.js,17306,0.8558,False,True
.class,16811,0.8313,False,False
.mat,16711,0.8264,False,False
.lisp,14246,0.7045,False,False
.hpp,13280,0.6567,False,True
.lsp,12984,0.6421,False,False
.yaml,12280,0.6073,True,False
.dat,12197,0.6032,False,False
.svg,12031,0.595,False,False
.pddl,11249,0.5563,False,False
.r,11084,0.5481,False,True
.c,10915,0.5398,False,True
.sh,10121,0.5005,False,True
.cb,9762,0.4828,False,False
.pl,9299,0.4599,False,True
.rd,8818,0.4361,False,False
.php,8746,0.4325,False,True
.hea,8619,0.4262,False,False
.yml,7663,0.379,True,False
.cpp,7553,0.3735,False,True
.conll,7323,0.3621,False,False
.mables,7270,0.3595,False,False
.ante_scores,7270,0.3595,False,False
.chains,7270,0.3595,False,False
.hh,7211,0.3566,False,False
.gif,6975,0.3449,False,False
.md,6693,0.331,False,False
.xyz,6668,0.3298,False,False
.agda,6613,0.327,False,False
.bin,6499,0.3214,False,False
.css,5661,0.28,False,False
.dae,5471,0.2706,False,False
.tif,5044,0.2494,False,False
.tsv,4599,0.2274,True,False
.java,4424,0.2188,False,True
.pickle,4386,0.2169,True,False
.prefab,4339,0.2146,False,False
.toml,4212,0.2083,True,False
.log,4125,0.204,False,False
.ipynb,4097,0.2026,False,True
.jar,4065,0.201,False,False
.adb,4047,0.2001,False,False
.stru,4009,0.1983,False,False
.tfa,3905,0.1931,False,False
.pyc,3823,0.1891,False,False
.properties,3610,0.1785,False,False
.inc,3506,0.1734,False,False
.cxx,3363,0.1663,False,True
.st,3362,0.1663,False,False
.tsx,3050,0.1508,False,True
.rb,3037,0.1502,False,True
.ads,3036,0.1501,False,False
.po,2771,0.137,False,False
.vhd,2701,0.1336,False,False
.f90,2681,0.1326,False,True
.data,2676,0.1323,False,False
.sto,2662,0.1316,False,False
.in,2638,0.1305,False,False
.tree,2466,0.122,False,False
.aln,2462,0.1218,False,False
.cmake,2444,0.1209,False,False
.f,2347,0.1161,False,True
.go,2337,0.1156,False,True
.v,2304,0.1139,False,False
.par,2270,0.1123,False,False
.wav,2133,0.1055,False,False
.swift,2060,0.1019,False,True
.pt,2005,0.0992,False,False
.info,1997,0.0988,False,False
.resx,1995,0.0987,False,False
.hmm,1926,0.0952,False,False
.sql,1911,0.0945,False,True
.err,1894,0.0937,False,False
.abi,1881,0.093,False,False
.vtp,1826,0.0903,False,False
.dll,1823,0.0902,False,False
.abo,1816,0.0898,False,False
.acl2,1754,0.0867,False,False
.cc,1695,0.0838,False,True
.t,1670,0.0826,False,False
.bed,1669,0.0825,False,False
.pp,1663,0.0822,False,False
.hs,1657,0.0819,False,False
.zip,1644,0.0813,False,False
.rdata,1631,0.0807,False,False
.lua,1623,0.0803,False,True
.o,1563,0.0773,False,False
.jpeg,1496,0.074,False,False
.ini,1494,0.0739,True,False
.as,1478,0.0731,False,False
.fa,1469,0.0726,False,False
.scss,1468,0.0726,False,False
.erb,1453,0.0719,False,False
.kmz,1436,0.071,False,False
.tex,1393,0.0689,False,False
.bc,1391,0.0688,False,False
.fbx,1364,0.0675,False,False
.param,1350,0.0668,False,False
.cell,1343,0.0664,False,False
.cfg,1334,0.066,True,False
.dds,1323,0.0654,False,False
.cif,1284,0.0635,False,False
.asl,1284,0.0635,False,False
.erl,1232,0.0609,False,False
.annotated,1217,0.0602,False,False
.stl,1169,0.0578,False,False
.less,1156,0.0572,False,False
.conf,1130,0.0559,False,False
.xlsx,1128,0.0558,False,False
.ogg,1128,0.0558,False,False
.tcl,1118,0.0553,False,False
.rda,1095,0.0542,False,False
.rmd,1083,0.0536,False,False
.asset,1063,0.0526,False,False
.cfcase,1033,0.0511,False,False
.ttl,1028,0.0508,True,False
.pcap,1014,0.0501,False,False
.p,1003,0.0496,False,False
.groovy,990,0.049,False,False
.ml,984,0.0487,False,False
.npz,978,0.0484,True,False
.ltree,945,0.0467,False,False
.h5,931,0.046,True,False
.ada,923,0.0456,False,False
.dsp,915,0.0452,False,False
.omex,907,0.0449,False,False
.xz,896,0.0443,False,False
.gpr,891,0.0441,False,False
.pem,885,0.0438,False,False
.gml,879,0.0435,False,False
.pro,875,0.0433,False,False
.i,849,0.042,False,False
.cu,844,0.0417,False,False
.xls,843,0.0417,False,False
.pyo,811,0.0401,False,False
.bat,807,0.0399,False,False
.prefs,807,0.0399,False,False
.obj,790,0.0391,False,False
.textgrid,789,0.039,False,False
.test,778,0.0385,False,False
.pkl,771,0.0381,True,False
.cache-3,768,0.038,False,False
.svn-base,762,0.0377,False,False
.xsd,758,0.0375,False,False
.deft,757,0.0374,False,False
.map,756,0.0374,False,False
.so,750,0.0371,False,False
.ld,730,0.0361,False,False
.hex,705,0.0349,False,False
.fna,686,0.0339,False,False
.ms,681,0.0337,False,False
.ttf,680,0.0336,False,False
.csproj,662,0.0327,False,False
.sol,661,0.0327,False,False
.rq,641,0.0317,False,False
.s,637,0.0315,False,False
.am,631,0.0312,False,False
.pm,631,0.0312,False,True
.owl,625,0.0309,True,False
.rst,621,0.0307,False,False
.icf,587,0.029,False,False
.unity,578,0.0286,False,False
.mexw64,574,0.0284,False,False
.asm,571,0.0282,False,False
.prolog,571,0.0282,False,False
.cri,570,0.0282,False,False
.emproject,569,0.0281,False,False
.emsession,568,0.0281,False,False
.uvprojx,567,0.028,False,False
.uvoptx,566,0.028,False,False
.ewp,562,0.0278,False,False
.exe,560,0.0277,False,False
.rds,558,0.0276,False,False
.ewd,558,0.0276,False,False
.xaml,555,0.0274,False,False
.btor2,540,0.0267,False,False
.mexa64,534,0.0264,False,False
.module,531,0.0263,False,False
.gv,530,0.0262,False,False
.ino,529,0.0262,False,False
.lib,526,0.026,False,False
.mags,525,0.026,False,False
.rdb,521,0.0258,False,False
.rdf,519,0.0257,True,False
.rdx,519,0.0257,False,False
.vcxproj,515,0.0255,False,False
.mod,512,0.0253,False,False
.make,507,0.0251,False,False
.abs,505,0.025,False,False
.ico,503,0.0249,False,False
.label,503,0.0249,False,False
.mxl,502,0.0248,False,False
.uasset,497,0.0246,False,False
.install,488,0.0241,False,False
.htm,484,0.0239,False,False
.d,476,0.0235,False,False
.pimc,471,0.0233,False,False
.m4,466,0.023,False,False
.inl,459,0.0227,False,False
.pgm,454,0.0225,False,False
.apk,452,0.0224,False,False
.ui,451,0.0223,False,False
.ned,446,0.0221,False,False
.reg,444,0.022,False,False
.config,429,0.0212,False,False
.prototxt,425,0.021,False,False
.pyx,424,0.021,False,False
.vue,423,0.0209,False,False
.pure,402,0.0199,False,False
.mk,401,0.0198,False,False
.patch,400,0.0198,False,False
.tpl,400,0.0198,False,False
.a,398,0.0197,False,False
.bmp,398,0.0197,False,False
.narrowpeak,390,0.0193,False,False
.plo,389,0.0192,False,False
.hxx,382,0.0189,False,False
.nc,378,0.0187,False,False
.mli,378,0.0187,False,False
.ts,377,0.0186,False,True
.sv,376,0.0186,False,False
.fig,375,0.0185,False,False
.plist,374,0.0185,False,False
.tmd,372,0.0184,False,False
.elf64,371,0.0183,False,False
.crt,365,0.0181,False,False
.tlog,365,0.0181,False,False
.tar,360,0.0178,False,False
.mexmaci64,358,0.0177,False,False
.fits,356,0.0176,False,False
.phtml,353,0.0175,False,False
.markdown,346,0.0171,False,False
.mo,340,0.0168,False,False
.mf,338,0.0167,False,False
.woff,337,0.0167,False,False
.jl,337,0.0167,False,True
.x3d,337,0.0167,False,False
.xsl,336,0.0166,False,False
.launch,331,0.0164,False,False
.geojson,327,0.0162,False,False
.eps,327,0.0162,False,False
.msg,322,0.0159,False,False
.index,322,0.0159,False,False
.scn,322,0.0159,False,False
.ci,316,0.0156,False,False
.jsx,315,0.0156,False,True
.shader,306,0.0151,False,False
.yield_table,305,0.0151,False,False
.phy_phyml_tree,305,0.0151,False,False
.rproj,300,0.0148,False,False
.ipp,300,0.0148,False,False
.vcf,300,0.0148,False,False
.aes,298,0.0147,False,False
.phy,298,0.0147,False,False
.woff2,294,0.0145,False,False
.checked,294,0.0145,False,False
.opt,293,0.0145,False,False
.vi,292,0.0144,False,False
.mjs,292,0.0144,False,False
.mno,290,0.0143,False,False
.ctl,286,0.0141,False,False
.dbf,276,0.0136,False,False
.prj,274,0.0136,False,False
.mexglx,271,0.0134,False,False
.srq,270,0.0134,False,False
.cuh,269,0.0133,False,False
.hdr,269,0.0133,False,False
.ipf,269,0.0133,False,False
.cafe,267,0.0132,False,False
.mexw32,266,0.0132,False,False
.data-00000-of-00001,265,0.0131,False,False
.shp,265,0.0131,False,False
.faa,264,0.0131,False,False
.shx,264,0.0131,False,False
.proto,263,0.013,False,False
.twig,261,0.0129,False,False
.lo,259,0.0128,False,False
.hgh,257,0.0127,False,False
.do,253,0.0125,False,False
.1,252,0.0125,False,False
.mp3,252,0.0125,False,False
.mtl,251,0.0124,False,False
.eot,250,0.0124,False,False
.inp,250,0.0124,False,False
.lock,247,0.0122,False,False
.jsp,247,0.0122,False,False
.gsp,247,0.0122,False,False
.cmd,244,0.0121,False,False
.cf,244,0.0121,False,False
.cache,244,0.0121,False,False
.motif,244,0.0121,False,False
.template,242,0.012,False,False
.jsonl,241,0.0119,True,False
.g,240,0.0119,False,False
.cnf,234,0.0116,False,False
.sln,233,0.0115,False,False
.maxhelp,233,0.0115,False,False
.arff,232,0.0115,True,False
.bz2,230,0.0114,False,False
.ctp,230,0.0114,False,False
.dot,228,0.0113,False,False
.tga,227,0.0112,False,False
.strings,227,0.0112,False,False
.gradle,222,0.011,False,False
.trees,222,0.011,False,False
.m~,221,0.0109,False,False
.key,221,0.0109,False,False
.qml,217,0.0107,False,False
.mxml,217,0.0107,False,False
.iml,216,0.0107,False,False
.frq,214,0.0106,False,False
.feature,214,0.0106,False,False
.amsr18i,214,0.0106,False,False
.mac,212,0.0105,False,False
.flags,212,0.0105,False,False
.terms,211,0.0104,False,False
.nrg,210,0.0104,False,False
.lm,210,0.0104,False,False
.chk,209,0.0103,False,False
.lus,209,0.0103,False,False
.al,209,0.0103,False,False
.gro,208,0.0103,False,False
.msf,207,0.0102,False,False
.desktop,206,0.0102,False,False
.inputs,206,0.0102,False,False
.docx,204,0.0101,False,False
.files,203,0.01,False,False
.binvox,200,0.0099,False,False
.res,199,0.0098,False,False
.tre,198,0.0098,False,False
.phy_phyml_stats,197,0.0097,False,False
.sparql,195,0.0096,False,False
.cpp-e,193,0.0095,False,False
.resources,190,0.0094,False,False
.coffee,188,0.0093,False,False
.xci,188,0.0093,False,False
.rankings,187,0.0092,False,False
.bam,184,0.0091,False,False
.tab,182,0.009,False,False
.e,182,0.009,False,False
.cto,182,0.009,False,False
.pyi,180,0.0089,False,False
.eww,179,0.0089,False,False
.awk,178,0.0088,False,False
.cfmesh,178,0.0088,False,False
.cro,178,0.0088,False,False
.otf,176,0.0087,False,False
.scala,176,0.0087,False,True
.asc,176,0.0087,False,False
.hoc,174,0.0086,False,False
.rl,174,0.0086,False,False
.bash,173,0.0086,False,True
.0,172,0.0085,False,False
.sqlpp,171,0.0085,False,False
.xhtml,169,0.0084,False,False
.maude,169,0.0084,False,False
.ces,169,0.0084,False,False
.bib,165,0.0082,False,False
.pd,165,0.0082,False,False
.frcmod,165,0.0082,False,False
.warn,165,0.0082,False,False
.restext,163,0.0081,False,False
.def,162,0.008,False,False
.a1,162,0.008,False,False
.mexmaci,160,0.0079,False,False
.pir,157,0.0078,False,False
.typ,156,0.0077,False,False
.wig,154,0.0076,False,False
.plot,154,0.0076,False,False
.fast5,154,0.0076,False,False
.rpt,153,0.0076,False,False
.amsr36i,152,0.0075,False,False
.mid,151,0.0075,False,False
.pxd,150,0.0074,False,False
.pmp,149,0.0074,False,False
.psd,147,0.0073,False,False
.src,147,0.0073,False,False
.uavcan,147,0.0073,False,False
.sim,146,0.0072,False,False
.prepi,146,0.0072,False,False
.graphql,145,0.0072,False,False
.expected,145,0.0072,False,False
.ax,144,0.0071,False,False
.tiff,144,0.0071,False,False
.doc,142,0.007,False,False
.rar,141,0.007,False,False
.au,141,0.007,False,False
.smi,140,0.0069,False,False
.hudson,140,0.0069,False,False
.bs,140,0.0069,False,False
.prob,139,0.0069,False,False
.sbt,139,0.0069,False,False
.directive,139,0.0069,False,False
.package,139,0.0069,False,False
.spec,138,0.0068,False,False
.middiag,138,0.0068,False,False
.exs,138,0.0068,False,False
.ll,137,0.0068,False,False
.fsf,137,0.0068,False,False
.ejs,137,0.0068,False,False
.gh,137,0.0068,False,False
.dara,137,0.0068,False,False
.pcss,135,0.0067,False,False
.pred,135,0.0067,False,False
.svelte,134,0.0066,False,False
.qgs,134,0.0066,False,False
.fix,134,0.0066,False,False
.ics,134,0.0066,False,False
.msh,133,0.0066,False,False
.bdeu,132,0.0065,False,False
.tgz,128,0.0063,False,False
.maxpat,128,0.0063,False,False
.bedpe,127,0.0063,False,False
.sci,126,0.0062,False,False
.h2ci,126,0.0062,False,False
.kdump,125,0.0062,False,False
.stdout,124,0.0061,False,False
.ref,124,0.0061,False,False
.ps1,122,0.006,False,False
.nsh,122,0.006,False,False
.nb,121,0.006,False,False
.pls,121,0.006,False,False
.smt2,121,0.006,False,False
.exo,120,0.0059,False,False
.pbj,120,0.0059,False,False
.pbk,120,0.0059,False,False
.physicmaterial,119,0.0059,False,False
.org,118,0.0058,False,False
.filters,116,0.0057,False,False
.buf,116,0.0057,False,False
.xtend,115,0.0057,False,False
.old,114,0.0056,False,False
.xcscheme,114,0.0056,False,False
.api,114,0.0056,False,False
.hyp,114,0.0056,False,False
.nex,113,0.0056,False,False
.mro,112,0.0055,False,False
.elf,112,0.0055,False,False
.pot,112,0.0055,False,False
.jawa,112,0.0055,False,False
.all,111,0.0055,False,False
.dart,111,0.0055,False,False
.lnt,111,0.0055,False,False
.crtf,111,0.0055,False,False
.bpmn,109,0.0054,False,False
.model,109,0.0054,False,False
.exr,109,0.0054,False,False
.pper,109,0.0054,False,False
.jsonnet,109,0.0054,False,False
.isf,108,0.0053,False,False
.cls,107,0.0053,False,False
.fxml,106,0.0052,False,False
.swf,106,0.0052,False,False
.fastq,105,0.0052,False,False
.irt,105,0.0052,False,False
.vhdl,105,0.0052,False,False
.srx,105,0.0052,False,False
.mot,104,0.0051,False,False
.mos,104,0.0051,False,False
.cube,104,0.0051,False,False
.sign,103,0.0051,False,False
.ac,102,0.005,False,False
.xdc,102,0.005,False,False
.bt2,102,0.005,False,False
.root,101,0.005,False,False
.inter,101,0.005,False,False
.clf,101,0.005,False,False
.pth,100,0.0049,False,False
.sim_b,100,0.0049,False,False
.sim_be,100,0.0049,False,False
.sh3d,100,0.0049,False,False
.ctab,100,0.0049,False,False
.bai,99,0.0049,False,False
.wsdl,99,0.0049,False,False
.detector,99,0.0049,False,False
.ratdb,99,0.0049,False,False
.psp8,98,0.0048,False,False
.clj,98,0.0048,False,False
.abnf,98,0.0048,False,False
.scat,98,0.0048,False,False
.bak,97,0.0048,False,False
.rs,97,0.0048,False,True
.example,96,0.0047,False,False
.ecore,96,0.0047,False,False
.fm,96,0.0047,False,False
.hm,96,0.0047,False,False
.z,95,0.0047,False,False
.pyd,95,0.0047,False,False
.xpr,95,0.0047,False,False
.mesh,94,0.0046,False,False
.istar_mavo,94,0.0046,False,False
.snk,92,0.0045,False,False
.asd,92,0.0045,False,False
.fas,92,0.0045,False,False
.manifest,91,0.0045,False,False
.xtc,91,0.0045,False,False
.xacro,91,0.0045,False,False
.stderr,90,0.0045,False,False
.user,90,0.0045,False,False
.xslt,90,0.0045,False,False
.hdf5,90,0.0045,True,False
.ctf,90,0.0045,False,False
.orig,88,0.0044,False,False
.utr20,88,0.0044,False,False
.dis,87,0.0043,False,False
.bdd,87,0.0043,False,False
.xib,86,0.0043,False,False
.md5,86,0.0043,False,False
.rtf,85,0.0042,False,False
.thm,85,0.0042,False,False
.aps,85,0.0042,False,False
.jld2,84,0.0042,False,False
.output,83,0.0041,False,False
.kicad_mod,83,0.0041,False,False
.local,82,0.0041,False,False
.form,82,0.0041,False,False
.props,82,0.0041,False,False
.geo,82,0.0041,False,False
.pgout,82,0.0041,False,False
.mtx,82,0.0041,False,False
.koat,82,0.0041,False,False
.yara,82,0.0041,False,False
.list,81,0.004,False,False
.rake,81,0.004,False,False
.vcproj,81,0.004,False,False
.wpc,81,0.004,False,False
.lpr,81,0.004,False,False
.doctree,81,0.004,False,False
.exome,81,0.004,False,False
.sheep,81,0.004,False,False
.sofa,80,0.004,False,False
.pptx,79,0.0039,False,False
.service,79,0.0039,False,False
.avif,79,0.0039,False,False
.apl,79,0.0039,False,False
.ps,78,0.0039,False,False
.lst,78,0.0039,False,False
.settings,77,0.0038,False,False
.mm,77,0.0038,False,False
.diff,77,0.0038,False,False
.frag,77,0.0038,False,False
.cff,76,0.0038,True,False
.str,76,0.0038,False,False
.apib,76,0.0038,False,False
.sty,75,0.0037,False,False
.2,75,0.0037,False,False
.cer,75,0.0037,False,False
.rules,75,0.0037,False,False
.stack,75,0.0037,False,False
.step,75,0.0037,False,False
.at2,75,0.0037,False,False
.ods,74,0.0037,False,False
.gltf,74,0.0037,False,False
.swp,73,0.0036,False,False
.ftl,73,0.0036,False,False
.ascii,73,0.0036,False,False
.newick,73,0.0036,False,False
.wandb,73,0.0036,False,False
.dtd,72,0.0036,False,False
.tim,72,0.0036,False,False
.a2,72,0.0036,False,False
.region,72,0.0036,False,False
.icns,71,0.0035,False,False
.3,71,0.0035,False,False
.vec,71,0.0035,False,False
.wxm,71,0.0035,False,False
.gff,71,0.0035,False,False
.pc,71,0.0035,False,False
.sch,70,0.0035,False,False
.idl,70,0.0035,False,False
.vert,70,0.0035,False,False
.j2,69,0.0034,False,False
.xcconfig,69,0.0034,False,False
.tmpl,69,0.0034,False,False
.cab,69,0.0034,False,False
.nml,69,0.0034,False,False
.xscade,69,0.0034,False,False
.dblite,69,0.0034,False,False
.kremlin,69,0.0034,False,False
.clm,69,0.0034,False,False
.sample,68,0.0034,False,False
.uml,68,0.0034,False,False
.pbxproj,67,0.0033,False,False
.ann,67,0.0033,False,False
.3dti-hrtf,67,0.0033,False,False
.fst,67,0.0033,False,False
.rt,67,0.0033,False,False
.nlf,67,0.0033,False,False
.sum,66,0.0033,False,False
.build,66,0.0033,False,False
.tlsf,66,0.0033,False,False
.feather,66,0.0033,True,False
.ors,66,0.0033,False,False
.el,65,0.0032,False,False
.win,65,0.0032,False,False
.doctest,65,0.0032,False,False
.raw,64,0.0032,False,False
.nsi,64,0.0032,False,False
.neu,64,0.0032,False,False
.bpl,64,0.0032,False,False
.gbr,64,0.0032,False,False
.val,64,0.0032,False,False
.ghuser,64,0.0032,False,False
.asv,63,0.0031,False,False
.cabal,63,0.0031,False,False
.prop,63,0.0031,False,False
.mix,63,0.0031,False,False
.ai,63,0.0031,False,False
.rbi,63,0.0031,False,False
.sig,62,0.0031,False,False
.rc,62,0.0031,False,False
.cl,62,0.0031,False,False
.hrl,62,0.0031,False,False
.pbs,62,0.0031,False,False
.fs,62,0.0031,False,False
.eml,62,0.0031,False,False
.aux,62,0.0031,False,False
.tokens,61,0.003,False,False
.zmat,61,0.003,False,False
.ceq,61,0.003,False,False
.keyw,61,0.003,False,False
.srv,61,0.003,False,False
.lang,61,0.003,False,False
.txx,61,0.003,False,False
.filez,61,0.003,False,False
.tbl,60,0.003,False,False
.n3,60,0.003,False,False
.csh,60,0.003,False,False
.prmtop,60,0.003,False,False
.plan,60,0.003,False,False
.wad,60,0.003,False,False
.nii,59,0.0029,False,False
.sse,59,0.0029,False,False
.kts,58,0.0029,False,True
.dh,58,0.0029,False,False
.hh~,58,0.0029,False,False
.adoc,57,0.0028,False,False
.xmi,57,0.0028,False,False
.tntp,57,0.0028,False,False
.phr,56,0.0028,False,False
.pin,56,0.0028,False,False
.psq,56,0.0028,False,False
.dict,56,0.0028,False,False
.xy,56,0.0028,False,False
.kij,56,0.0028,False,False
.reference_output,56,0.0028,False,False
.dic,56,0.0028,False,False
.gnu,55,0.0027,False,False
.hs-boot,55,0.0027,False,False
.onnx,55,0.0027,False,False
.8,55,0.0027,False,False
.classdiagram,55,0.0027,False,False
.syn,55,0.0027,False,False
.j3m,55,0.0027,False,False
.baml,55,0.0027,False,False
.3dm,55,0.0027,False,False
.vm,54,0.0027,False,False
.nix,54,0.0027,False,False
.cpg,54,0.0027,False,False
.readme,54,0.0027,False,False
.aar,54,0.0027,False,False
.xpm,54,0.0027,False,False
.dist,53,0.0026,False,False
.swatch,53,0.0026,False,False
.reaction,53,0.0026,False,False
.lagda,53,0.0026,False,False
.y,52,0.0026,False,False
.rsc,52,0.0026,False,False
.jks,52,0.0026,False,False
.plt,52,0.0026,False,False
.features,52,0.0026,False,False
.q,52,0.0026,False,False
.sbatch,51,0.0025,False,False
.rnw,51,0.0025,False,False
.dylib,51,0.0025,False,False
.ins,51,0.0025,False,False
.cwl,51,0.0025,False,False
.net,51,0.0025,False,False
.adc,51,0.0025,False,False
.gexf,51,0.0025,False,False
.ckpt,51,0.0025,False,False
.adl,51,0.0025,False,False
.ijm,50,0.0025,False,False
.history,50,0.0025,False,False
.gemspec,50,0.0025,False,False
.controller,50,0.0025,False,False
.piqi,50,0.0025,False,False
.adm,50,0.0025,False,False
.broadpeak,50,0.0025,False,False
.avi,49,0.0024,False,False
.off,49,0.0024,False,False
.internal,49,0.0024,False,False
.mol2,49,0.0024,False,False
.nuspec,48,0.0024,False,False
.script,48,0.0024,False,False
.crc,48,0.0024,False,False
.pug,48,0.0024,False,False
.lox,48,0.0024,False,False
.guess,47,0.0023,False,False
.xcworkspacedata,47,0.0023,False,False
.l,47,0.0023,False,False
.dockerfile,47,0.0023,False,False
.swc,47,0.0023,False,False
.fl,47,0.0023,False,False
.proof,47,0.0023,False,False
.suo,46,0.0023,False,False
.x,46,0.0023,False,False
.emf,46,0.0023,False,False
.anim,46,0.0023,False,False
.dox,46,0.0023,False,False
.sub,45,0.0022,False,False
.typed,45,0.0022,False,False
.fai,45,0.0022,False,False
.circom,45,0.0022,False,False
.inf,45,0.0022,False,False
.slx,45,0.0022,False,False
.asmdef,45,0.0022,False,False
.graph,45,0.0022,False,False
.t7,45,0.0022,False,False
.pomdp,45,0.0022,False,False
.env,44,0.0022,False,False
.paw,44,0.0022,False,False
.genmodel,44,0.0022,False,False
.skip,44,0.0022,False,False
.px2,44,0.0022,False,False
.3pcap,44,0.0022,False,False
.stub,44,0.0022,False,False
.yul,44,0.0022,False,False
.fp,44,0.0022,False,False
.ninja,44,0.0022,False,False
.dlog,44,0.0022,False,False
.top,43,0.0021,False,False
.itp,43,0.0021,False,False
.7z,43,0.0021,False,False
.g4,43,0.0021,False,False
.order,43,0.0021,False,False
.nt,43,0.0021,True,False
.gotmpl,43,0.0021,False,False
.rviz,43,0.0021,False,False
.compile,43,0.0021,False,False
.gephi,43,0.0021,False,False
.ds_store,42,0.0021,False,False
.mlapp,42,0.0021,False,False
.tmp,42,0.0021,False,False
.tec,42,0.0021,False,False
.sunwcch,42,0.0021,False,False
.cat,41,0.002,False,False
.opi,41,0.002,False,False
.default,41,0.002,False,False
.torrent,41,0.002,False,False
.psql,41,0.002,False,False
.bats,41,0.002,False,False
.bnf,41,0.002,False,False
.productline,41,0.002,False,False
.weave,41,0.002,False,False
.modulemap,40,0.002,False,False
.ply,40,0.002,False,False
.pde,40,0.002,False,False
.arch,40,0.002,False,False
.bazel,40,0.002,False,False
.pairs,40,0.002,False,False
.lbr,40,0.002,False,False
.jadd,40,0.002,False,False
.xsp,40,0.002,False,False
.g3dj,39,0.0019,False,False
.finc,39,0.0019,False,False
.targets,39,0.0019,False,False
.jinja2,39,0.0019,False,False
.qm,39,0.0019,False,False
.whl,39,0.0019,False,False
.vs,39,0.0019,False,False
.jld,39,0.0019,False,False
.pop,39,0.0019,False,False
.blastn,39,0.0019,False,False
.function,39,0.0019,False,False
.cmnd,39,0.0019,False,False
.dcf,38,0.0019,False,False
.sml,38,0.0019,False,False
.stan,38,0.0019,False,False
.postinst,38,0.0019,False,False
.options,38,0.0019,False,False
.sldprt,38,0.0019,False,False
.req,38,0.0019,False,False
.webp,38,0.0019,False,False
.exp,38,0.0019,False,False
.nexus,38,0.0019,False,False
.svc,38,0.0019,False,False
.edl,38,0.0019,False,False
.coor,38,0.0019,False,False
.spl,38,0.0019,False,False
.glsl,37,0.0018,False,False
.fnt,37,0.0018,False,False
.kml,37,0.0018,False,False
.mps,37,0.0018,False,False
.aspx,37,0.0018,False,False
.graphml,37,0.0018,False,False
.biom,37,0.0018,False,False
.fls,37,0.0018,False,False
.stamp,37,0.0018,False,False
.classdiagram_mavo,37,0.0018,False,False
.haml,37,0.0018,False,False
.scad,37,0.0018,False,False
.1-2,37,0.0018,False,False
.1-3,37,0.0018,False,False
.1-4,37,0.0018,False,False
.1-5,37,0.0018,False,False
.2-2,37,0.0018,False,False
.2-3,37,0.0018,False,False
.2-4,37,0.0018,False,False
.2-5,37,0.0018,False,False
.smk,37,0.0018,False,False
.nw,36,0.0018,False,False
.dirs,36,0.0018,False,False
.xsc,36,0.0018,False,False
.metadata,36,0.0018,False,False
.sdf,36,0.0018,False,False
.5,36,0.0018,False,False
.perl,36,0.0018,False,False
.iso,36,0.0018,False,False
.gbk,36,0.0018,False,False
.mar,36,0.0018,False,False
.msgpack,36,0.0018,False,False
.clstr,36,0.0018,False,False
.graphqls,36,0.0018,False,False
.thtml,36,0.0018,False,False
.cost,36,0.0018,False,False
.xcf,35,0.0017,False,False
.pspnc,35,0.0017,False,False
.dotsettings,35,0.0017,False,False
.aj,35,0.0017,False,False
.th,35,0.0017,False,False
.mll,35,0.0017,False,False
.lastbuildstate,35,0.0017,False,False
.svd,35,0.0017,False,False
.nl,35,0.0017,False,False
.brite,35,0.0017,False,False
.agda-lib,35,0.0017,False,False
.option,35,0.0017,False,False
.txt~,34,0.0017,False,False
.od,34,0.0017,False,False
.language,34,0.0017,False,False
.pipeline-config,34,0.0017,False,False
.lean,34,0.0017,False,False
.brd,34,0.0017,False,False
.any,34,0.0017,False,False
.batch,34,0.0017,False,False
.j3o,34,0.0017,False,False
.cxls,33,0.0016,False,False
.storyboard,33,0.0016,False,False
.bst,33,0.0016,False,False
.proj,33,0.0016,False,False
.tsp,33,0.0016,False,False
.sct,33,0.0016,False,False
.der,33,0.0016,False,False
.jrag,33,0.0016,False,False
.05-1,33,0.0016,False,False
.05-2,33,0.0016,False,False
.05-3,33,0.0016,False,False
.05-4,33,0.0016,False,False
.05-5,33,0.0016,False,False
.1-1,33,0.0016,False,False
.15-1,33,0.0016,False,False
.15-2,33,0.0016,False,False
.15-3,33,0.0016,False,False
.15-4,33,0.0016,False,False
.15-5,33,0.0016,False,False
.2-1,33,0.0016,False,False
.pspimage,33,0.0016,False,False
.gpx,32,0.0016,False,False
.py~,32,0.0016,False,False
.toc,32,0.0016,False,False
.swinb,32,0.0016,False,False
.hoa,32,0.0016,False,False
.grapp,32,0.0016,False,False
.fdb,32,0.0016,False,False
.fld,32,0.0016,False,False
.flm,32,0.0016,False,False
.002,31,0.0015,False,False
.sbn,31,0.0015,False,False
.sbx,31,0.0015,False,False
.trace,31,0.0015,False,False
.fea,31,0.0015,False,False
.qpj,31,0.0015,False,False
.em,31,0.0015,False,False
.psf,31,0.0015,False,False
.sts,31,0.0015,False,False
.lat,31,0.0015,False,False
.pch,30,0.0015,False,False
.4,30,0.0015,False,False
.001,30,0.0015,False,False
.nbin,30,0.0015,False,False
.com,30,0.0015,False,False
.parset,30,0.0015,False,False
.dex,30,0.0015,False,False
.wlt,30,0.0015,False,False
.gjf,30,0.0015,False,False
.de,30,0.0015,False,False
.bb,30,0.0015,False,False
.yang,30,0.0015,False,False
.ex,30,0.0015,False,False
.pytorch,30,0.0015,False,False
.rls,30,0.0015,False,False
.landmarkascii,30,0.0015,False,False
.annot,29,0.0014,False,False
.sav,29,0.0014,False,False
.sam,29,0.0014,False,False
.caffemodel,29,0.0014,False,False
.datasource,29,0.0014,False,False
.lesser,29,0.0014,False,False
.prm,29,0.0014,False,False
.ru,29,0.0014,False,False
.mgz,29,0.0014,False,False
.mak,29,0.0014,False,False
.lds,29,0.0014,False,False
.only,29,0.0014,False,False
.excalidraw,29,0.0014,False,False
.pipeline,29,0.0014,False,False
.wdl,29,0.0014,False,False
.crd,29,0.0014,False,False
.qc,29,0.0014,False,False
.filtered,29,0.0014,False,False
.hash,29,0.0014,False,False
.sh~,28,0.0014,False,False
.mexmaca64,28,0.0014,False,False
.tru,28,0.0014,False,False
.rout,28,0.0014,False,False
.event,28,0.0014,False,False
.mdb,28,0.0014,False,False
.sp,28,0.0014,False,False
.license,28,0.0014,False,False
.fr,28,0.0014,False,False
.thingml,28,0.0014,False,False
.kv,28,0.0014,False,False
.obs,28,0.0014,False,False
.jade,28,0.0014,False,False
.unv,28,0.0014,False,False
.amf,27,0.0013,False,False
.tt,27,0.0013,False,False
.name,27,0.0013,False,False
.html~,27,0.0013,False,False
.check_cache,27,0.0013,False,False
.alloy,27,0.0013,False,False
.line,27,0.0013,False,False
.np,27,0.0013,False,False
.piq,27,0.0013,False,False
.scl,27,0.0013,False,False
.safsu,27,0.0013,False,False
.ecl,27,0.0013,False,False
.overlay,27,0.0013,False,False
.save,26,0.0013,False,False
.cys,26,0.0013,False,False
.6,26,0.0013,False,False
.qrc,26,0.0013,False,False
.slurm,26,0.0013,False,False
.con,26,0.0013,False,False
.sage,26,0.0013,False,False
.rsf,26,0.0013,False,False
.it,26,0.0013,False,False
.npo,26,0.0013,False,False
.llik,26,0.0013,False,False
.castep,26,0.0013,False,False
.gaml,26,0.0013,False,False
.bag,26,0.0013,False,False
.tri,26,0.0013,False,False
.ダウンロード,26,0.0013,False,False
.jpage,26,0.0013,False,False
.run,25,0.0012,False,False
.nwk,25,0.0012,False,False
.tbi,25,0.0012,False,False
.bsh,25,0.0012,False,False
.component,25,0.0012,False,False
.pump,25,0.0012,False,False
.ds,25,0.0012,False,False
.qsub,25,0.0012,False,False
.exc,25,0.0012,False,False
.bbl,25,0.0012,False,False
.sc,25,0.0012,False,False
.ttm,25,0.0012,False,False
.handlebars,25,0.0012,False,False
.mov,25,0.0012,False,False
.molecule,25,0.0012,False,False
.henshin,25,0.0012,False,False
.henshin_diagram,25,0.0012,False,False
.pssm,25,0.0012,False,False
.tf,25,0.0012,False,False
.ipac,25,0.0012,False,False
.zy,25,0.0012,False,False
.sif,24,0.0012,False,False
.mustache,24,0.0012,False,False
.help,24,0.0012,False,False
.003,24,0.0012,False,False
.stdin,24,0.0012,False,False
.app,24,0.0012,False,False
.blend,24,0.0012,False,False
.bunch,24,0.0012,False,False
.copairs,24,0.0012,False,False
.misppairs,24,0.0012,False,False
.pxi,24,0.0012,False,False
.tax,24,0.0012,False,False
.sas,24,0.0012,False,False
.sm,24,0.0012,False,False
.smt,24,0.0012,False,False
.gplt,24,0.0012,False,False
.stat,23,0.0011,False,False
.tld,23,0.0011,False,False
.pb,23,0.0011,False,False
.razor,23,0.0011,False,False
.debug,23,0.0011,False,False
.init,23,0.0011,False,False
.wmz,23,0.0011,False,False
.wgsl,23,0.0011,False,False
.las,23,0.0011,False,False
.ct,23,0.0011,False,False
.saved,23,0.0011,False,False
.bugfix,23,0.0011,False,False
.freq,23,0.0011,False,False
.pref,23,0.0011,False,False
.pre,22,0.0011,False,False
.names,22,0.0011,False,False
.osim,22,0.0011,False,False
.fhi,22,0.0011,False,False
.geom,22,0.0011,False,False
.dcm,22,0.0011,False,False
.bkp,22,0.0011,False,False
.static,22,0.0011,False,False
.prerm,22,0.0011,False,False
.md5sum,22,0.0011,False,False
.opts,22,0.0011,False,False
.marks,22,0.0011,False,False
.hx,22,0.0011,False,False
.fo,22,0.0011,False,False
.backup,22,0.0011,False,False
.vql,22,0.0011,False,False
.0-1,22,0.0011,False,False
.ascx,22,0.0011,False,False
.lyx,22,0.0011,False,False
.menkar,22,0.0011,False,False
.octree,22,0.0011,False,False
.mrt,21,0.001,False,False
.gin,21,0.001,False,False
.release,21,0.001,False,False
.cginc,21,0.001,False,False
.mexmac,21,0.001,False,False
.odt,21,0.001,False,False
.cocommonpairs,21,0.001,False,False
.commonpairs,21,0.001,False,False
.mispcommonpairs,21,0.001,False,False
.annotation,21,0.001,False,False
.preinst,21,0.001,False,False
.astro,21,0.001,False,False
.mdx,21,0.001,False,False
.world,21,0.001,False,False
.ace,21,0.001,False,False
.tpp,21,0.001,False,False
.jrxml,21,0.001,False,False
.asp,21,0.001,False,False
.tmplt,21,0.001,False,False
.colc,21,0.001,False,False
.case6_4_demo,21,0.001,False,False
.taggers,21,0.001,False,False
.j3odata,21,0.001,False,False
.bob,21,0.001,False,False
.gcd,21,0.001,False,False
.pes,21,0.001,False,False
.h~,20,0.001,False,False
.gnuplot,20,0.001,False,False
.cjs,20,0.001,False,False
.psp,20,0.001,False,False
.odg,20,0.001,False,False
.seq,20,0.001,False,False
.csl,20,0.001,False,False
.cspc,20,0.001,False,False
.thor,20,0.001,False,False
.brf,20,0.001,False,False
.template~,20,0.001,False,False
.sfd,20,0.001,False,False
.dummy,20,0.001,False,False
.sl,20,0.001,False,False
.r~,20,0.001,False,False
.nrrd,20,0.001,False,False
.anod,20,0.001,False,False
.gotpl,20,0.001,False,False
.rng,20,0.001,False,False
.story,20,0.001,False,False
.iwa,20,0.001,False,False
.ily,19,0.0009,False,False
.trk,19,0.0009,False,False
.fchk,19,0.0009,False,False
.http,19,0.0009,False,False
.lop,19,0.0009,False,False
.args,19,0.0009,False,False
.nib,19,0.0009,False,False
.drl,19,0.0009,False,False
.sha256,19,0.0009,False,False
.tx,19,0.0009,False,False
.sf,19,0.0009,False,False
.blg,19,0.0009,False,False
.xpt,19,0.0009,False,False
.profile,19,0.0009,False,False
.pom,19,0.0009,False,False
.tpr,19,0.0009,False,False
.cmakein,19,0.0009,False,False
.material,19,0.0009,False,False
.hamlet,19,0.0009,False,False
.xpl,19,0.0009,False,False
.mcmeta,19,0.0009,False,False
.grp,19,0.0009,False,False
.csm,19,0.0009,False,False
.dpr,19,0.0009,False,False
.zsol,19,0.0009,False,False
.kvg,19,0.0009,False,False
.svn-work,19,0.0009,False,False
.prt,19,0.0009,False,False
.rfo,19,0.0009,False,False
.col,18,0.0009,False,False
.fq,18,0.0009,False,False
.state,18,0.0009,False,False
.jou,18,0.0009,False,False
.pts,18,0.0009,False,False
.pep,18,0.0009,False,False
.rnc,18,0.0009,False,False
.sqlite,18,0.0009,True,False
.icc,18,0.0009,False,False
.gmt,18,0.0009,False,False
.aa,18,0.0009,False,False
.idx,18,0.0009,False,False
.classdiagramdiag,18,0.0009,False,False
.be,18,0.0009,False,False
.macho64,18,0.0009,False,False
.mt,18,0.0009,False,False
.c4d,18,0.0009,False,False
.adf,18,0.0009,False,False
.sha1,18,0.0009,False,False
.aag,18,0.0009,False,False
._,18,0.0009,False,False
.stat_totcorr,18,0.0009,False,False
.stations,18,0.0009,False,False
.styl,17,0.0008,False,False
.gb,17,0.0008,False,False
.nf,17,0.0008,False,False
.arpa,17,0.0008,False,False
.fragment,17,0.0008,False,False
.pub,17,0.0008,False,False
.vspscc,17,0.0008,False,False
.ttt,17,0.0008,False,False
.container,17,0.0008,False,False
.layout,17,0.0008,False,False
.baseline,17,0.0008,False,False
.trimmed,17,0.0008,False,False
.vrb,17,0.0008,False,False
.un~,17,0.0008,False,False
.incritic,17,0.0008,False,False
.ecorediag,17,0.0008,False,False
.mp,17,0.0008,False,False
.dix,17,0.0008,False,False
.coeff,17,0.0008,False,False
.skeleton,17,0.0008,False,False
.weights,17,0.0008,False,False
.zout,17,0.0008,False,False
.obo,17,0.0008,False,False
.new,17,0.0008,False,False
.input,17,0.0008,False,False
.cvr,17,0.0008,False,False
.sqn,17,0.0008,False,False
.pulses,17,0.0008,False,False
.upl,17,0.0008,False,False
.dproj,17,0.0008,False,False
.gamma,17,0.0008,False,False
.5120,17,0.0008,False,False
.vsn,17,0.0008,False,False
.grc,16,0.0008,False,False
.sed,16,0.0008,False,False
.sc2map,16,0.0008,False,False
.version,16,0.0008,False,False
.glb,16,0.0008,False,False
.image,16,0.0008,False,False
.mly,16,0.0008,False,False
.bgd,16,0.0008,False,False
.si,16,0.0008,False,False
.ppm,16,0.0008,False,False
.supp,16,0.0008,False,False
.dat-s,16,0.0008,False,False
.man,16,0.0008,False,False
.console_out,16,0.0008,False,False
.metavalue,16,0.0008,False,False
.aird,16,0.0008,False,False
.jspf,16,0.0008,False,False
.cnt,16,0.0008,False,False
.vel,16,0.0008,False,False
.gsn,16,0.0008,False,False
.classdiagramdiag_mavo,16,0.0008,False,False
.g4table,16,0.0008,False,False
.srim,16,0.0008,False,False
.cal,16,0.0008,False,False
.lss,16,0.0008,False,False
.urdf,16,0.0008,False,False
.h5ad,16,0.0008,False,False
.cie,16,0.0008,False,False
.cmi,16,0.0008,False,False
.ott,16,0.0008,False,False
.pdbqt,16,0.0008,False,False
.testfile,16,0.0008,False,False
.vp,16,0.0008,False,False
.cfg~,16,0.0008,False,False
.dat_results,16,0.0008,False,False
.fpj,16,0.0008,False,False
.ftx,16,0.0008,False,False
.xwam,16,0.0008,False,False
.lhe,16,0.0008,False,False
.ocio,16,0.0008,False,False
.hypo_inv,16,0.0008,False,False
.entitlements,15,0.0007,False,False
.js~,15,0.0007,False,False
.lgo,15,0.0007,False,False
.teal,15,0.0007,False,False
.hs-incl,15,0.0007,False,False
.004,15,0.0007,False,False
.xml~,15,0.0007,False,False
.rendertexture,15,0.0007,False,False
.params,15,0.0007,False,False
.pri,15,0.0007,False,False
.dbs,15,0.0007,False,False
.7,15,0.0007,False,False
.psl,15,0.0007,False,False
.bzl,15,0.0007,False,False
.pitch,15,0.0007,False,False
.apfmapping,15,0.0007,False,False
.mexsg,15,0.0007,False,False
.mexsg64,15,0.0007,False,False
.mexsol,15,0.0007,False,False
.true,15,0.0007,False,False
.dcd,15,0.0007,False,False
.vsz,15,0.0007,False,False
.human1,15,0.0007,False,False
.jpk-force,15,0.0007,False,False
.ncl,15,0.0007,False,False
.prf,15,0.0007,False,False
.vala,15,0.0007,False,False
.mapping,15,0.0007,False,False
.gir,15,0.0007,False,False
.shadergraph,15,0.0007,False,False
.jenkinsfile,15,0.0007,False,False
.tads,15,0.0007,False,False
.cti,15,0.0007,False,False
.emb,15,0.0007,False,False
.pnml,14,0.0007,False,False
.ff,14,0.0007,False,False
.include,14,0.0007,False,False
.pac,14,0.0007,False,False
.vim,14,0.0007,False,False
.arj,14,0.0007,False,False
.webm,14,0.0007,False,False
.sorted-by-tts,14,0.0007,False,False
.ser,14,0.0007,False,False
.xtext,14,0.0007,False,False
.nn,14,0.0007,False,False
.pbtxt,14,0.0007,False,False
.b,14,0.0007,False,False
.mcr,14,0.0007,False,False
.train,14,0.0007,False,False
.cfe,14,0.0007,False,False
.idb,14,0.0007,False,False
.json5,14,0.0007,False,False
.header,14,0.0007,False,False
.p12,14,0.0007,False,False
.ifc,14,0.0007,False,False
.06,14,0.0007,False,False
.hdfs,14,0.0007,False,False
.bcf,14,0.0007,False,False
.trainer,14,0.0007,False,False
.norm,14,0.0007,False,False
.norm~,14,0.0007,False,False
.click,14,0.0007,False,False
.templ,14,0.0007,False,False
.statemachine,14,0.0007,False,False
.bin+8,14,0.0007,False,False
.bin+4,14,0.0007,False,False
.il,14,0.0007,False,False
.gcc,14,0.0007,False,False
.vb,14,0.0007,False,False
.dyp,14,0.0007,False,False
.cnd,14,0.0007,False,False
.sld,14,0.0007,False,False
.bbmodel,14,0.0007,False,False
.ffly,14,0.0007,False,False
.ncml,14,0.0007,False,False
.tps,14,0.0007,False,False
.jstest,14,0.0007,False,False
.gws,14,0.0007,False,False
.sbgn,14,0.0007,False,False
.rel,14,0.0007,False,False
.aiff,14,0.0007,False,False
.bar,14,0.0007,False,False
.xcuserstate,13,0.0006,False,False
.abinit,13,0.0006,False,False
.amb,13,0.0006,False,False
.bwt,13,0.0006,False,False
.sa,13,0.0006,False,False
.treetop,13,0.0006,False,False
.bk,13,0.0006,False,False
.types,13,0.0006,False,False
.dev,13,0.0006,False,False
.cfs,13,0.0006,False,False
.lref,13,0.0006,False,False
.fmt,13,0.0006,False,False
.ped,13,0.0006,False,False
.eval,13,0.0006,False,False
.12,13,0.0006,False,False
.sfp,13,0.0006,False,False
.page,13,0.0006,False,False
.graffle,13,0.0006,False,False
.inpcrd,13,0.0006,False,False
.bit,13,0.0006,False,False
.vmd,13,0.0006,False,False
.gp,13,0.0006,False,False
.000,13,0.0006,False,False
.sha,13,0.0006,False,False
.tag,13,0.0006,False,False
.assets,13,0.0006,False,False
.wrl,13,0.0006,False,False
.relationaldatabase_mavo,13,0.0006,False,False
.wiki,13,0.0006,False,False
.grd,13,0.0006,False,False
.hdtcfg,13,0.0006,False,False
.pkg,13,0.0006,False,False
.otio,13,0.0006,False,False
.mcl,13,0.0006,False,False
.rpm,13,0.0006,False,False
.dtf,13,0.0006,False,False
.lin,13,0.0006,False,False
.picked,13,0.0006,False,False
.prb,13,0.0006,False,False
.nhx,13,0.0006,False,False
.wkt,13,0.0006,False,False
.p4,12,0.0006,False,False
.f95,12,0.0006,False,True
.sqlite3,12,0.0006,True,False
.bim,12,0.0006,False,False
.done,12,0.0006,False,False
.dep,12,0.0006,False,False
.manpages,12,0.0006,False,False
.pod,12,0.0006,False,False
.tla,12,0.0006,False,False
.hc,12,0.0006,False,False
.notation,12,0.0006,False,False
.di,12,0.0006,False,False
.cbproj,12,0.0006,False,False
.start,12,0.0006,False,False
.status,12,0.0006,False,False
.source,12,0.0006,False,False
.lintian-overrides,12,0.0006,False,False
.webmanifest,12,0.0006,False,False
.har,12,0.0006,False,False
.paths,12,0.0006,False,False
.common,12,0.0006,False,False
.defs,12,0.0006,False,False
.theme,12,0.0006,False,False
.slnx,12,0.0006,False,False
.interval_list,12,0.0006,False,False
.xcix,12,0.0006,False,False
.bel,12,0.0006,False,False
.cpp~,12,0.0006,False,False
.parm7,12,0.0006,False,False
.scssc,12,0.0006,False,False
.x2r,12,0.0006,False,False
.clrat,12,0.0006,False,False
.lrat,12,0.0006,False,False
.normal,12,0.0006,False,False
.strip,12,0.0006,False,False
.smd,12,0.0006,False,False
.svl,12,0.0006,False,False
.ren,12,0.0006,False,False
.ktr,12,0.0006,False,False
.fds,12,0.0006,False,False
.dtrace,12,0.0006,False,False
.slog,12,0.0006,False,False
.couch,12,0.0006,False,False
.nxs,12,0.0006,False,False
.pxp,12,0.0006,False,False
.vv,12,0.0006,False,False
.pk8,12,0.0006,False,False
.la,11,0.0005,False,False
.hlsl,11,0.0005,False,False
.cgi,11,0.0005,False,False
.fam,11,0.0005,False,False
.rlx,11,0.0005,False,False
.jfd,11,0.0005,False,False
.debian,11,0.0005,False,False
.upf,11,0.0005,False,False
.wasm,11,0.0005,False,False
.inline,11,0.0005,False,False
.depend,11,0.0005,False,False
.sys,11,0.0005,False,False
.pfx,11,0.0005,False,False
.stg,11,0.0005,False,False
.jslib,11,0.0005,False,False
.rfis,11,0.0005,False,False
.glade,11,0.0005,False,False
.spc,11,0.0005,False,False
.eqn,11,0.0005,False,False
.rdoc,11,0.0005,False,False
.cpickle,11,0.0005,False,False
.gen,11,0.0005,False,False
.application,11,0.0005,False,False
.cli,11,0.0005,False,False
.snp,11,0.0005,False,False
.adj,11,0.0005,False,False
.adv,11,0.0005,False,False
.drawio,11,0.0005,False,False
.ids,11,0.0005,False,False
.trr,11,0.0005,False,False
.prep,11,0.0005,False,False
.gon,11,0.0005,False,False
.gonstats,11,0.0005,False,False
.gff3,11,0.0005,False,False
.events,11,0.0005,False,False
.dxf,11,0.0005,False,False
.pml,11,0.0005,False,False
.mdp,11,0.0005,False,False
.slab,11,0.0005,False,False
.js_broken,11,0.0005,False,False
.texi,11,0.0005,False,False
.dsw,11,0.0005,False,False
.odesign,11,0.0005,False,False
.iss,11,0.0005,False,False
.rockspec,11,0.0005,False,False
.inv,11,0.0005,False,False
.snake,11,0.0005,False,False
.rd~,11,0.0005,False,False
.schelp,11,0.0005,False,False
.tjs,11,0.0005,False,False
.arff 2,11,0.0005,False,False
.arff 3,11,0.0005,False,False
.dom,11,0.0005,False,False
.vels,10,0.0005,False,False
.jmx,10,0.0005,False,False
.mlx,10,0.0005,False,False
.mako,10,0.0005,False,False
.mdown,10,0.0005,False,False
.tags,10,0.0005,False,False
.gii,10,0.0005,False,False
.csv#,10,0.0005,False,False
.grace,10,0.0005,False,False
.docs,10,0.0005,False,False
.ddk,10,0.0005,False,False
.005,10,0.0005,False,False
.policy,10,0.0005,False,False
.json~,10,0.0005,False,False
.apkg,10,0.0005,False,False
.disabled,10,0.0005,False,False
.cert,10,0.0005,False,False
.wbf,10,0.0005,False,False
.pos,10,0.0005,False,False
.noun,10,0.0005,False,False
.verb,10,0.0005,False,False
.xccheckout,10,0.0005,False,False
.tcc,10,0.0005,False,False
.dpx,10,0.0005,False,False
.omh,10,0.0005,False,False
.assign,10,0.0005,False,False
.linestats,10,0.0005,False,False
.fieldml,10,0.0005,False,False
.cov,10,0.0005,False,False
.kompren,10,0.0005,False,False
.arb,10,0.0005,False,False
.700,10,0.0005,False,False
.800,10,0.0005,False,False
.900,10,0.0005,False,False
.nopct,10,0.0005,False,False
.flux,10,0.0005,False,False
.trad,10,0.0005,False,False
.lut,10,0.0005,False,False
.jnlp,10,0.0005,False,False
.bw,10,0.0005,False,False
.ress,10,0.0005,False,False
.gmfgen,10,0.0005,False,False
.gmfgraph,10,0.0005,False,False
.gmfmap,10,0.0005,False,False
.gmftool,10,0.0005,False,False
.cof,10,0.0005,False,False
.nyx,10,0.0005,False,False
.area,10,0.0005,False,False
.base,10,0.0005,False,False
.y4m,10,0.0005,False,False
.sym,10,0.0005,False,False
.edt,10,0.0005,False,False
.edx,10,0.0005,False,False
.epp,10,0.0005,False,False
.docker,10,0.0005,False,False
.flcvr,10,0.0005,False,False
.r2016b,10,0.0005,False,False
.cascade,10,0.0005,False,False
.tea,10,0.0005,False,False
.grid,10,0.0005,False,False
.mzxml,10,0.0005,False,False
.cogsbox,10,0.0005,False,False
.jsm,10,0.0005,False,False
.cpt,10,0.0005,False,False
.knime,10,0.0005,False,False
.tsdb,10,0.0005,False,False
.jpt,10,0.0005,False,False
.gappedpeak,10,0.0005,False,False
.dr,10,0.0005,False,False
.snippet,10,0.0005,False,False
.neic,10,0.0005,False,False
.c~,9,0.0004,False,False
.report,9,0.0004,False,False
.ly,9,0.0004,False,False
.xcbkptlist,9,0.0004,False,False
.cor,9,0.0004,False,False
.wsgi,9,0.0004,False,False
.tagged,9,0.0004,False,False
.atlas,9,0.0004,False,False
.nhr,9,0.0004,False,False
.nin,9,0.0004,False,False
.nsq,9,0.0004,False,False
.dockerignore,9,0.0004,False,False
.ignore,9,0.0004,False,False
.psml,9,0.0004,False,False
.fc,9,0.0004,False,False
.006,9,0.0004,False,False
.genome,9,0.0004,False,False
.ambr,9,0.0004,False,False
.edges,9,0.0004,False,False
.jnilib,9,0.0004,False,False
.pdn,9,0.0004,False,False
.rpc,9,0.0004,False,False
.demo,9,0.0004,False,False
.mit,9,0.0004,False,False
.cthm,9,0.0004,False,False
.block,9,0.0004,False,False
.exsd,9,0.0004,False,False
.fish,9,0.0004,False,False
.04,9,0.0004,False,False
.img,9,0.0004,False,False
.gyp,9,0.0004,False,False
.mml,9,0.0004,False,False
.fsa,9,0.0004,False,False
.mel,9,0.0004,False,False
.gzi,9,0.0004,False,False
.ndx,9,0.0004,False,False
.ja,9,0.0004,False,False
.100,9,0.0004,False,False
.200,9,0.0004,False,False
.300,9,0.0004,False,False
.400,9,0.0004,False,False
.500,9,0.0004,False,False
.600,9,0.0004,False,False
.gd,9,0.0004,False,False
.htc,9,0.0004,False,False
.opam,9,0.0004,False,False
.xlsx#,9,0.0004,False,False
.int,9,0.0004,False,False
.shtml,9,0.0004,False,False
.3dti-brir,9,0.0004,False,False
.gts,9,0.0004,False,False
.ilk,9,0.0004,False,False
.c++,9,0.0004,False,False
.pal,9,0.0004,False,False
.z01,9,0.0004,False,False
.tm,9,0.0004,False,False
.ion,9,0.0004,False,False
.tiny,9,0.0004,False,False
.tc,9,0.0004,False,False
.rhtml,9,0.0004,False,False
.pds,9,0.0004,False,False
.patt,9,0.0004,False,False
.rgs,9,0.0004,False,False
.topostats,9,0.0004,False,False
.hmm2,9,0.0004,False,False
.hbs,9,0.0004,False,False
.fg,9,0.0004,False,False
.arf,9,0.0004,False,False
.hp,9,0.0004,False,False
.tsl,9,0.0004,False,False
.job,9,0.0004,False,False
.grdgmt,9,0.0004,False,False
.latlon,9,0.0004,False,False
.scm,8,0.0004,False,False
.results,8,0.0004,False,False
.tran,8,0.0004,False,False
.appxmanifest,8,0.0004,False,False
.gdml,8,0.0004,False,False
.csr,8,0.0004,False,False
.20,8,0.0004,False,False
.mex,8,0.0004,False,False
.g3db,8,0.0004,False,False
.rsd,8,0.0004,False,False
.128procs,8,0.0004,False,False
.ddb,8,0.0004,False,False
.escript,8,0.0004,False,False
.clusters,8,0.0004,False,False
.louvain,8,0.0004,False,False
.resw,8,0.0004,False,False
.24,8,0.0004,False,False
.linux,8,0.0004,False,False
.gold,8,0.0004,False,False
.lnk,8,0.0004,False,False
.esv,8,0.0004,False,False
.mwe2,8,0.0004,False,False
.guiskin,8,0.0004,False,False
.dwlt,8,0.0004,False,False
.pytor,8,0.0004,False,False
.cfin,8,0.0004,False,False
.codon,8,0.0004,False,False
.wl,8,0.0004,False,False
.parquet,8,0.0004,True,False
.gemfile,8,0.0004,False,False
.fragmentshader,8,0.0004,False,False
.vdproj,8,0.0004,False,False
.pcfg,8,0.0004,False,False
.original,8,0.0004,False,False
.interp,8,0.0004,False,False
.gpg,8,0.0004,False,False
.configurations,8,0.0004,False,False
.fio,8,0.0004,False,False
.mhelp,8,0.0004,False,False
.gpl,8,0.0004,False,False
.mllib,8,0.0004,False,False
.gpkg,8,0.0004,False,False
.osm,8,0.0004,False,False
.matlab,8,0.0004,False,False
.ap_,8,0.0004,False,False
.vtt,8,0.0004,False,False
.gbo,8,0.0004,False,False
.gbs,8,0.0004,False,False
.gto,8,0.0004,False,False
.gtp,8,0.0004,False,False
.target,8,0.0004,False,False
.tagger,8,0.0004,False,False
.mw,8,0.0004,False,False
.allx,8,0.0004,False,False
.ally,8,0.0004,False,False
.ty,8,0.0004,False,False
.windows,8,0.0004,False,False
.bcs,8,0.0004,False,False
.xcsettings,8,0.0004,False,False
.oct,8,0.0004,False,False
.cbp,8,0.0004,False,False
.os,8,0.0004,False,False
.constraint,8,0.0004,False,False
.statemachinediag,8,0.0004,False,False
.wcfg,8,0.0004,False,False
.std,8,0.0004,False,False
.dsc,8,0.0004,False,False
.mgh,8,0.0004,False,False
.mph,8,0.0004,False,False
.hpp~,8,0.0004,False,False
.qix,8,0.0004,False,False
.eab,8,0.0004,False,False
.ocb,8,0.0004,False,False
.nbt,8,0.0004,False,False
.pe64,8,0.0004,False,False
.leo,8,0.0004,False,False
.schema,8,0.0004,False,False
.xed,8,0.0004,False,False
.instances,8,0.0004,False,False
.pf,8,0.0004,False,False
.jy,8,0.0004,False,False
.dssp,8,0.0004,False,False
.pomdpx,8,0.0004,False,False
.pro~,8,0.0004,False,False
.plg,8,0.0004,False,False
.submit,8,0.0004,False,False
.vfp,8,0.0004,False,False
.apron,8,0.0004,False,False
.tadb,8,0.0004,False,False
.arc,8,0.0004,False,False
.cdl,8,0.0004,False,False
.gwd,8,0.0004,False,False
.itx,8,0.0004,False,False
.xop,8,0.0004,False,False
.wise,8,0.0004,False,False
.fak,8,0.0004,False,False
.iaproj,8,0.0004,False,False
.2levels,8,0.0004,False,False
.coords,8,0.0004,False,False
.coords_tmp,8,0.0004,False,False
.unaligned,8,0.0004,False,False
.rp,8,0.0004,False,False
.max,8,0.0004,False,False
.shield,8,0.0004,False,False
.wrap,8,0.0004,False,False
.gmtxy,8,0.0004,False,False
.p4~,7,0.0003,False,False
.ses,7,0.0003,False,False
.nupkg,7,0.0003,False,False
.atr,7,0.0003,False,False
.10,7,0.0003,False,False
.comps,7,0.0003,False,False
.swaps,7,0.0003,False,False
.sexp,7,0.0003,False,False
.vars,7,0.0003,False,False
.maf,7,0.0003,False,False
.psp_mod,7,0.0003,False,False
.pspgth,7,0.0003,False,False
.pcapng,7,0.0003,False,False
.links,7,0.0003,False,False
.egg,7,0.0003,False,False
.frm,7,0.0003,False,False
.cshtml,7,0.0003,False,False
.egl,7,0.0003,False,False
.xml_gen,7,0.0003,False,False
.rsp,7,0.0003,False,False
.xswt,7,0.0003,False,False
.aidl,7,0.0003,False,False
.stash,7,0.0003,False,False
.cds,7,0.0003,False,False
.numbers,7,0.0003,False,False
.pages,7,0.0003,False,False
.md~,7,0.0003,False,False
.loom,7,0.0003,False,False
.ucls,7,0.0003,False,False
.ansible,7,0.0003,False,False
.command,7,0.0003,False,False
.jjt,7,0.0003,False,False
.line1,7,0.0003,False,False
.cram,7,0.0003,False,False
.eng,7,0.0003,False,False
.fin,7,0.0003,False,False
.tur,7,0.0003,False,False
.align,7,0.0003,False,False
.vtk,7,0.0003,False,False
.rst7,7,0.0003,False,False
.30,7,0.0003,False,False
.lp,7,0.0003,False,False
.pyf,7,0.0003,False,False
.pfg,7,0.0003,False,False
.topojson,7,0.0003,False,False
.csi,7,0.0003,False,False
.nlogo,7,0.0003,False,False
.mis,7,0.0003,False,False
.sublime-project,7,0.0003,False,False
.ec,7,0.0003,False,False
.shared,7,0.0003,False,False
.comp,7,0.0003,False,False
.vml,7,0.0003,False,False
.session,7,0.0003,False,False
.asis,7,0.0003,False,False
.mts,7,0.0003,False,False
.neon,7,0.0003,False,False
.card,7,0.0003,False,False
.diag,7,0.0003,False,False
.uvt,7,0.0003,False,False
.mrg,7,0.0003,False,False
.cquery,7,0.0003,False,False
.restart,7,0.0003,False,False
.bytes,7,0.0003,False,False
.df,7,0.0003,False,False
.synth,7,0.0003,False,False
.vdf,7,0.0003,False,False
.yaml~,7,0.0003,False,False
.gfa,7,0.0003,False,False
.2010,7,0.0003,False,False
.scr,7,0.0003,False,False
.misc,7,0.0003,False,False
.hql,7,0.0003,False,False
.actives,7,0.0003,False,False
.inactives,7,0.0003,False,False
.sbml,7,0.0003,False,False
.l2,7,0.0003,False,False
.fct,7,0.0003,False,False
.icao,7,0.0003,False,False
.ashx,7,0.0003,False,False
.hse,7,0.0003,False,False
.ecsv,7,0.0003,False,False
.gui,7,0.0003,False,False
.spi1d,7,0.0003,False,False
.sing,7,0.0003,False,False
.dbl,7,0.0003,False,False
.ind,6,0.0003,False,False
.dwg,6,0.0003,False,False
.tfam,6,0.0003,False,False
.tped,6,0.0003,False,False
.pcm,6,0.0003,False,False
.ofr,6,0.0003,False,False
.dmg,6,0.0003,False,False
.max_comps,6,0.0003,False,False
.elements,6,0.0003,False,False
.32procs,6,0.0003,False,False
.project,6,0.0003,False,False
.tfw,6,0.0003,False,False
.circuit,6,0.0003,False,False
.cd,6,0.0003,False,False
.ioc,6,0.0003,False,False
.trans,6,0.0003,False,False
.file,6,0.0003,False,False
.jp2,6,0.0003,False,False
.system,6,0.0003,False,False
.km3,6,0.0003,False,False
.atl,6,0.0003,False,False
.bundle,6,0.0003,False,False
.tikz,6,0.0003,False,False
.gdf,6,0.0003,False,False
.fla,6,0.0003,False,False
.ldif,6,0.0003,False,False
.cfout,6,0.0003,False,False
.cout,6,0.0003,False,False
.url,6,0.0003,False,False
.testsettings,6,0.0003,False,False
.rev,6,0.0003,False,False
.roi,6,0.0003,False,False
.lighting,6,0.0003,False,False
.edgelist,6,0.0003,False,False
.framestext,6,0.0003,False,False
.svg#fontawesome,6,0.0003,False,False
.lammps,6,0.0003,False,False
.jj,6,0.0003,False,False
.win32,6,0.0003,False,False
.ehoa,6,0.0003,False,False
.line2,6,0.0003,False,False
.beagle,6,0.0003,False,False
.fdr3,6,0.0003,False,False
.clib,6,0.0003,False,False
.mldylib,6,0.0003,False,False
.dmnd,6,0.0003,False,False
.tconf,6,0.0003,False,False
.hdf,6,0.0003,False,False
.dta,6,0.0003,False,False
.mlpack,6,0.0003,False,False
.custom,6,0.0003,False,False
.logic,6,0.0003,False,False
.00,6,0.0003,False,False
.ga,6,0.0003,False,False
.spm,6,0.0003,False,False
.mwb,6,0.0003,False,False
.lac,6,0.0003,False,False
.tm2,6,0.0003,False,False
.3dti-ild,6,0.0003,False,False
.lhs,6,0.0003,False,False
.gbl,6,0.0003,False,False
.gbp,6,0.0003,False,False
.gko,6,0.0003,False,False
.ix,6,0.0003,False,False
.server231,6,0.0003,False,False
.jpk-force-map,6,0.0003,False,False
.iobj,6,0.0003,False,False
.ipdb,6,0.0003,False,False
.yy,6,0.0003,False,False
.sublime-workspace,6,0.0003,False,False
.ent,6,0.0003,False,False
.pfm,6,0.0003,False,False
.lts,6,0.0003,False,False
.enc,6,0.0003,False,False
.jsonp,6,0.0003,False,False
.readdb,6,0.0003,False,False
.prc,6,0.0003,False,False
.gnumeric,6,0.0003,False,False
.plain,6,0.0003,False,False
.bp,6,0.0003,False,False
.mzml,6,0.0003,False,False
.mnb,6,0.0003,False,False
.txt-utf8,6,0.0003,False,False
.atrpms,6,0.0003,False,False
.cxt,6,0.0003,False,False
.afa,6,0.0003,False,False
.gid,6,0.0003,False,False
.chain,6,0.0003,False,False
.mj2,6,0.0003,False,False
.cocci,6,0.0003,False,False
.cpc,6,0.0003,False,False
.fasta-gb,6,0.0003,False,False
.1r69,6,0.0003,False,False
.accno,6,0.0003,False,False
.gdalinfo,6,0.0003,False,False
.oncvpsp,6,0.0003,False,False
.txml,6,0.0003,False,False
.zipx,6,0.0003,False,False
.xctestplan,6,0.0003,False,False
.ihf,6,0.0003,False,False
.mobi,6,0.0003,False,False
.copycomplete,6,0.0003,False,False
.jsdiff,6,0.0003,False,False
.ssdf,6,0.0003,False,False
.pcd,6,0.0003,False,False
.hip,6,0.0003,False,False
.ociom,6,0.0003,False,False
.text,6,0.0003,False,False
.dts,6,0.0003,False,False
.vapi,6,0.0003,False,False
.georss,6,0.0003,False,False
.counts,5,0.0002,False,False
.tml,5,0.0002,False,False
.table,5,0.0002,False,False
.trc,5,0.0002,False,False
.pckl,5,0.0002,False,False
.bgz,5,0.0002,False,False
.trp,5,0.0002,False,False
.twol,5,0.0002,False,False
.txn,5,0.0002,False,False
.nog,5,0.0002,False,False
.node,5,0.0002,False,False
.lda,5,0.0002,False,False
.agr,5,0.0002,False,False
.sldasm,5,0.0002,False,False
.edf,5,0.0002,False,False
.apr,5,0.0002,False,False
.summary,5,0.0002,False,False
.mdl,5,0.0002,False,False
.trg,5,0.0002,False,False
.cloc,5,0.0002,False,False
.result,5,0.0002,False,False
.msd,5,0.0002,False,False
.xq,5,0.0002,False,False
.css~,5,0.0002,False,False
.etp,5,0.0002,False,False
.ewo,5,0.0002,False,False
.vsw,5,0.0002,False,False
.lex,5,0.0002,False,False
.groupproj,5,0.0002,False,False
.dpl,5,0.0002,False,False
.labels,5,0.0002,False,False
.cpu,5,0.0002,False,False
.gpu,5,0.0002,False,False
.snap,5,0.0002,False,False
.thmx,5,0.0002,False,False
.rul,5,0.0002,False,False
.desc,5,0.0002,False,False
.ddl,5,0.0002,False,False
.sense,5,0.0002,False,False
.biopepa,5,0.0002,False,False
.java~,5,0.0002,False,False
.machines,5,0.0002,False,False
.tree7,5,0.0002,False,False
.ops,5,0.0002,False,False
.999,5,0.0002,False,False
.dx,5,0.0002,False,False
.core,5,0.0002,False,False
.vsd,5,0.0002,False,False
.ger,5,0.0002,False,False
.etrees,5,0.0002,False,False
.podspec,5,0.0002,False,False
.hcl,5,0.0002,False,False
.odp,5,0.0002,False,False
.sphere,5,0.0002,False,False
.19,5,0.0002,False,False
.384,5,0.0002,False,False
.399,5,0.0002,False,False
.768,5,0.0002,False,False
.swo,5,0.0002,False,False
.webgmex,5,0.0002,False,False
.stk,5,0.0002,False,False
.xar,5,0.0002,False,False
.xvg,5,0.0002,False,False
.x86_64,5,0.0002,False,False
.includecache,5,0.0002,False,False
.texc,5,0.0002,False,False
.tm4,5,0.0002,False,False
.lic,5,0.0002,False,False
.vis,5,0.0002,False,False
.gtl,5,0.0002,False,False
.cg,5,0.0002,False,False
.ks,5,0.0002,False,False
.dia,5,0.0002,False,False
.catcol,5,0.0002,False,False
.avsc,5,0.0002,False,False
.fpga,5,0.0002,False,False
.id2word,5,0.0002,False,False
.volatilememoryallocatorservice,5,0.0002,False,False
.dj,5,0.0002,False,False
.xstfile,5,0.0002,False,False
.amd,5,0.0002,False,False
.m4v,5,0.0002,False,False
.tbd,5,0.0002,False,False
.dng,5,0.0002,False,False
.query,5,0.0002,False,False
.communities,5,0.0002,False,False
.conllu,5,0.0002,False,False
.cuda,5,0.0002,False,False
.chai,5,0.0002,False,False
.sk,5,0.0002,False,False
.v2,5,0.0002,False,False
.lise,5,0.0002,False,False
.cc~,5,0.0002,False,False
.vectors,5,0.0002,False,False
.clabel,5,0.0002,False,False
.mplstyle,5,0.0002,False,False
.manual,5,0.0002,False,False
.se,5,0.0002,False,False
.art,5,0.0002,False,False
.gem,5,0.0002,False,False
.pas,5,0.0002,False,False
.z02,5,0.0002,False,False
.paletteconfiguration,5,0.0002,False,False
.double_shear_layer,5,0.0002,False,False
.lid_driven_cavity,5,0.0002,False,False
.scala~,5,0.0002,False,False
.cutsites,5,0.0002,False,False
.taxonomy,5,0.0002,False,False
.owl_err,5,0.0002,False,False
.kicad_pcb,5,0.0002,False,False
.ppt,5,0.0002,False,False
.qss,5,0.0002,False,False
.fset,5,0.0002,False,False
.fset3,5,0.0002,False,False
.iset,5,0.0002,False,False
.ada_specification,5,0.0002,False,False
.onetoc2,5,0.0002,False,False
.sizes,5,0.0002,False,False
.uvproj,5,0.0002,False,False
.flist,5,0.0002,False,False
.empty,5,0.0002,False,False
.tst,5,0.0002,False,False
.vloupe,5,0.0002,False,False
.code,5,0.0002,False,False
.feb,5,0.0002,False,False
.rdat,5,0.0002,False,False
.dvi,5,0.0002,False,False
.dirtree,5,0.0002,False,False
.del,5,0.0002,False,False
.l#1,5,0.0002,False,False
.ncs,5,0.0002,False,False
.3mf,5,0.0002,False,False
.f90~,5,0.0002,False,False
.changelog,5,0.0002,False,False
.crf,5,0.0002,False,False
.fa-gb,5,0.0002,False,False
.pco,5,0.0002,False,False
.sx,5,0.0002,False,False
.csv~,5,0.0002,False,False
.apecs,5,0.0002,False,False
.apex,5,0.0002,False,False
.rdr,5,0.0002,False,False
.lab,5,0.0002,False,False
.snakemake,5,0.0002,False,False
.exactbase,5,0.0002,False,False
.1024,5,0.0002,False,False
.avgbase,5,0.0002,False,False
.3levels,5,0.0002,False,False
.deploy,5,0.0002,False,False
.ald,5,0.0002,False,False
.dat4,5,0.0002,False,False
.ado,5,0.0002,False,False
.times,5,0.0002,False,False
.ocioz,5,0.0002,False,False
.ijmap,4,0.0002,False,False
.keystore,4,0.0002,False,False
.loop,4,0.0002,False,False
.vnm,4,0.0002,False,False
.srl,4,0.0002,False,False
.vertex,4,0.0002,False,False
.xes,4,0.0002,False,False
.eslintrc,4,0.0002,False,False
.pspfhi,4,0.0002,False,False
.drh,4,0.0002,False,False
.ae,4,0.0002,False,False
.pawps,4,0.0002,False,False
.cml,4,0.0002,False,False
.mav,4,0.0002,False,False
.pav,4,0.0002,False,False
.sma,4,0.0002,False,False
.userprefs,4,0.0002,False,False
.wxs,4,0.0002,False,False
.ncrunchproject,4,0.0002,False,False
.axml,4,0.0002,False,False
.tmlanguage,4,0.0002,False,False
.lz,4,0.0002,False,False
.lzma,4,0.0002,False,False
.v2_auto_conll,4,0.0002,False,False
.v2_gold_conll,4,0.0002,False,False
.psm1,4,0.0002,False,False
.bas,4,0.0002,False,False
.vocab,4,0.0002,False,False
.cob,4,0.0002,False,False
.asax,4,0.0002,False,False
.mobl,4,0.0002,False,False
.mpl,4,0.0002,False,False
.sql~,4,0.0002,False,False
.aartemplate,4,0.0002,False,False
.wtc,4,0.0002,False,False
.pagedef,4,0.0002,False,False
.asn,4,0.0002,False,False
.utran,4,0.0002,False,False
.anki2,4,0.0002,False,False
.gtf,4,0.0002,False,False
.2504e12,4,0.0002,False,False
.dn,4,0.0002,False,False
.h5py,4,0.0002,False,False
.dataset,4,0.0002,False,False
.postrm,4,0.0002,False,False
.examples,4,0.0002,False,False
.vms,4,0.0002,False,False
.mmdb,4,0.0002,False,False
.32,4,0.0002,False,False
.xcprivacy,4,0.0002,False,False
.msi,4,0.0002,False,False
.vsmdi,4,0.0002,False,False
.emz,4,0.0002,False,False
.netmodule,4,0.0002,False,False
.kt,4,0.0002,False,True
.da,4,0.0002,False,False
.head,4,0.0002,False,False
.posttemplate,4,0.0002,False,False
.basic,4,0.0002,False,False
.packedancestrymap,4,0.0002,False,False
.gc,4,0.0002,False,False
.ubuntu,4,0.0002,False,False
.travis,4,0.0002,False,False
.ilprofile,4,0.0002,False,False
.war,4,0.0002,False,False
.alt,4,0.0002,False,False
.phylip,4,0.0002,False,False
.tersoff,4,0.0002,False,False
.data-00000-of-00002,4,0.0002,False,False
.data-00001-of-00002,4,0.0002,False,False
.ext,4,0.0002,False,False
.pk,4,0.0002,False,False
.lpf,4,0.0002,False,False
.poscar,4,0.0002,False,False
.cpproj,4,0.0002,False,False
.mem,4,0.0002,False,False
.sdb,4,0.0002,False,False
.qmd,4,0.0002,False,False
.kra,4,0.0002,False,False
.pyproj,4,0.0002,False,False
.komprenx,4,0.0002,False,False
.ocl,4,0.0002,False,False
.bsd,4,0.0002,False,False
.65_200_300mpc_v3,4,0.0002,False,False
.yoda,4,0.0002,False,False
.007,4,0.0002,False,False
.199,4,0.0002,False,False
.299,4,0.0002,False,False
.41,4,0.0002,False,False
.499,4,0.0002,False,False
.599,4,0.0002,False,False
.64,4,0.0002,False,False
.799,4,0.0002,False,False
.960,4,0.0002,False,False
.shape,4,0.0002,False,False
.abc,4,0.0002,False,False
.unityweb,4,0.0002,False,False
.stex,4,0.0002,False,False
.tres,4,0.0002,False,False
.import,4,0.0002,False,False
.tscn,4,0.0002,False,False
.corrected,4,0.0002,False,False
.doxygen,4,0.0002,False,False
.production,4,0.0002,False,False
.mvg,4,0.0002,False,False
.blk,4,0.0002,False,False
.xap,4,0.0002,False,False
.intervals,4,0.0002,False,False
.hjson,4,0.0002,False,False
.nonvolatilememoryallocatorservice,4,0.0002,False,False
.inflated,4,0.0002,False,False
.pial,4,0.0002,False,False
.white,4,0.0002,False,False
.ff14sb,4,0.0002,False,False
.runtime,4,0.0002,False,False
.hcc,4,0.0002,False,False
.num,4,0.0002,False,False
.pic,4,0.0002,False,False
.statemachine_mavo,4,0.0002,False,False
.statemachinediag_mavo,4,0.0002,False,False
.sequencediagram,4,0.0002,False,False
.property,4,0.0002,False,False
.jcm,4,0.0002,False,False
.jaas,4,0.0002,False,False
.summit,4,0.0002,False,False
.mass,4,0.0002,False,False
.2line,4,0.0002,False,False
.dec,4,0.0002,False,False
.lis,4,0.0002,False,False
.rclass,4,0.0002,False,False
.agent,4,0.0002,False,False
.foma,4,0.0002,False,False
.ris,4,0.0002,False,False
.nh,4,0.0002,False,False
.xg,4,0.0002,False,False
.rating,4,0.0002,False,False
.store,4,0.0002,False,False
.no,4,0.0002,False,False
.gunit,4,0.0002,False,False
.doxyfile,4,0.0002,False,False
.rego,4,0.0002,False,False
.vbs,4,0.0002,False,False
.xtra,4,0.0002,False,False
.flo,4,0.0002,False,False
.z03,4,0.0002,False,False
.blob,4,0.0002,False,False
.latex,4,0.0002,False,False
.unknown,4,0.0002,False,False
.ld+json,4,0.0002,False,False
.epf,4,0.0002,False,False
.flow_past_cylinder-x,4,0.0002,False,False
.hotspot,4,0.0002,False,False
.poiseuille,4,0.0002,False,False
.tab-backward,4,0.0002,False,False
.common-outliers,4,0.0002,False,False
.sars-cov-2,4,0.0002,False,False
.dntheme,4,0.0002,False,False
.hugo,4,0.0002,False,False
.srt,4,0.0002,False,False
.p7s,4,0.0002,False,False
.rrf,4,0.0002,False,False
.bck,4,0.0002,False,False
.xyr,4,0.0002,False,False
.cmp,4,0.0002,False,False
.mingw,4,0.0002,False,False
.hg19,4,0.0002,False,False
.hg38,4,0.0002,False,False
.lv,4,0.0002,False,False
.tcn,4,0.0002,False,False
.elf32,4,0.0002,False,False
.sha512,4,0.0002,False,False
.lottie,4,0.0002,False,False
.xqm,4,0.0002,False,False
.mzid,4,0.0002,False,False
.ksy,4,0.0002,False,False
.csvt,4,0.0002,False,False
.ewt,4,0.0002,False,False
.crun,4,0.0002,False,False
.wspos,4,0.0002,False,False
.uvopt,4,0.0002,False,False
.2-6,4,0.0002,False,False
.1-6,4,0.0002,False,False
.2-10,4,0.0002,False,False
.2-11,4,0.0002,False,False
.2-7,4,0.0002,False,False
.2-8,4,0.0002,False,False
.2-9,4,0.0002,False,False
.4-12,4,0.0002,False,False
.4-13,4,0.0002,False,False
.4-14,4,0.0002,False,False
.4-15,4,0.0002,False,False
.4-16,4,0.0002,False,False
.8-17,4,0.0002,False,False
.ttx,4,0.0002,False,False
.tofix,4,0.0002,False,False
.crai,4,0.0002,False,False
.magma,4,0.0002,False,False
.s#1,4,0.0002,False,False
.tex~,4,0.0002,False,False
.flv,4,0.0002,False,False
.taylor_green_vortices,4,0.0002,False,False
.globalconfig,4,0.0002,False,False
.asn1,4,0.0002,False,False
.pars,4,0.0002,False,False
.af,4,0.0002,False,False
.obf,4,0.0002,False,False
.ffn,4,0.0002,False,False
.var,4,0.0002,False,False
.kjb,4,0.0002,False,False
.sass,4,0.0002,False,False
.pzfx,4,0.0002,False,False
.rmd~,4,0.0002,False,False
.hmmb,4,0.0002,False,False
.bitmaps,4,0.0002,False,False
.elixir,4,0.0002,False,False
.intel,4,0.0002,False,False
.single,4,0.0002,False,False
.nbtxt,4,0.0002,False,False
.v3,4,0.0002,False,False
.nit,4,0.0002,False,False
.res~,4,0.0002,False,False
.cluebuddy,4,0.0002,False,False
.aif,4,0.0002,False,False
.p8,4,0.0002,False,False
.ffdata,4,0.0002,False,False
.ffindex,4,0.0002,False,False
.tests,4,0.0002,False,False
.lyx~,4,0.0002,False,False
.astc,4,0.0002,False,False
.2560,4,0.0002,False,False
.6400,4,0.0002,False,False
.1280,4,0.0002,False,False
.extras,4,0.0002,False,False
.dont-chk,4,0.0002,False,False
.rhs,4,0.0002,False,False
.spi3d,4,0.0002,False,False
.3dl,4,0.0002,False,False
.csp,4,0.0002,False,False
.spkc,4,0.0002,False,False
.tdms,4,0.0002,False,False
.mafft,4,0.0002,False,False
.hypo,4,0.0002,False,False
.invc,4,0.0002,False,False
.headrules,4,0.0002,False,False
.linfrag,4,0.0002,False,False
.scenario,3,0.0001,False,False
.lvproj,3,0.0001,False,False
.lira,3,0.0001,False,False
.daf,3,0.0001,False,False
.jrn,3,0.0001,False,False
.lexc,3,0.0001,False,False
.txtlast,3,0.0001,False,False
.scif,3,0.0001,False,False
.devel,3,0.0001,False,False
.set,3,0.0001,False,False
.services,3,0.0001,False,False
.64procs-1,3,0.0001,False,False
.64procs-2,3,0.0001,False,False
.64procs,3,0.0001,False,False
.atompaw,3,0.0001,False,False
.wvl,3,0.0001,False,False
.in_freq,3,0.0001,False,False
.outden,3,0.0001,False,False
.for,3,0.0001,False,True
.mpsystheme,3,0.0001,False,False
.projitems,3,0.0001,False,False
.shproj,3,0.0001,False,False
.m3u,3,0.0001,False,False
.vsconfig,3,0.0001,False,False
.rule,3,0.0001,False,False
.wxl,3,0.0001,False,False
.llvm,3,0.0001,False,False
.mdc,3,0.0001,False,False
.data_fids,3,0.0001,False,False
.data_gval,3,0.0001,False,False
.data_hcls,3,0.0001,False,False
.data_ival,3,0.0001,False,False
.data_gspn,3,0.0001,False,False
.w,3,0.0001,False,False
.sorted,3,0.0001,False,False
.sorted-by-tts-prove,3,0.0001,False,False
.sorted-by-tts-s1heur,3,0.0001,False,False
.sorted-by-tts-s3heur,3,0.0001,False,False
.fd,3,0.0001,False,False
.edmx,3,0.0001,False,False
.eol,3,0.0001,False,False
.emx,3,0.0001,False,False
.xss,3,0.0001,False,False
.svcinfo,3,0.0001,False,False
.megal,3,0.0001,False,False
.2dmap,3,0.0001,False,False
.overridecontroller,3,0.0001,False,False
.vc,3,0.0001,False,False
.5553ff9,3,0.0001,False,False
.almgp,3,0.0001,False,False
.almgr,3,0.0001,False,False
.cmix,3,0.0001,False,False
.lay,3,0.0001,False,False
.get,3,0.0001,False,False
.fff,3,0.0001,False,False
.testing,3,0.0001,False,False
.cmds,3,0.0001,False,False
.cpn,3,0.0001,False,False
.tf3,3,0.0001,False,False
.vertexshader,3,0.0001,False,False
.py#,3,0.0001,False,False
.fdt,3,0.0001,False,False
.fdx,3,0.0001,False,False
.fnm,3,0.0001,False,False
.xsx,3,0.0001,False,False
.mso,3,0.0001,False,False
.fed,3,0.0001,False,False
.chm,3,0.0001,False,False
.mfd,3,0.0001,False,False
.afdesign,3,0.0001,False,False
.rsa,3,0.0001,False,False
.imageinfo,3,0.0001,False,False
.imageset,3,0.0001,False,False
.csf,3,0.0001,False,False
.cp,3,0.0001,False,False
.json-tmlanguage,3,0.0001,False,False
.sublime-keymap,3,0.0001,False,False
.n-triples,3,0.0001,False,False
.mtgl,3,0.0001,False,False
.soft,3,0.0001,False,False
.icdd,3,0.0001,False,False
.development,3,0.0001,False,False
.makefile,3,0.0001,False,False
.spdx,3,0.0001,False,False
.site,3,0.0001,False,False
.sdef,3,0.0001,False,False
.retry,3,0.0001,False,False
.object,3,0.0001,False,False
.cdb,3,0.0001,False,False
.scc,3,0.0001,False,False
.me,3,0.0001,False,False
.pqr,3,0.0001,False,False
.hsd,3,0.0001,False,False
.pyscf,3,0.0001,False,False
.d12,3,0.0001,False,False
.xlsm,3,0.0001,False,False
.ql,3,0.0001,False,False
.trig,3,0.0001,True,False
.odocl,3,0.0001,False,False
.cdf,3,0.0001,False,False
.mdv,3,0.0001,False,False
.resolved,3,0.0001,False,False
.gitignore,3,0.0001,False,False
.en0,3,0.0001,False,False
.en1,3,0.0001,False,False
.en2,3,0.0001,False,False
.en3,3,0.0001,False,False
.arm,3,0.0001,False,False
.jbf,3,0.0001,False,False
.km,3,0.0001,False,False
.mnc,3,0.0001,False,False
.gypi,3,0.0001,False,False
.jena,3,0.0001,False,False
.dvs,3,0.0001,False,False
.17_200_300mpc_v3,3,0.0001,False,False
.mrc,3,0.0001,False,False
.099,3,0.0001,False,False
.256,3,0.0001,False,False
.320,3,0.0001,False,False
.35,3,0.0001,False,False
.50,3,0.0001,False,False
.512,3,0.0001,False,False
.640,3,0.0001,False,False
.699,3,0.0001,False,False
.899,3,0.0001,False,False
.case,3,0.0001,False,False
.poly,3,0.0001,False,False
.code-workspace,3,0.0001,False,False
.regex,3,0.0001,False,False
.vrml,3,0.0001,False,False
.tabular,3,0.0001,False,False
.bcfzip,3,0.0001,False,False
.pck,3,0.0001,False,False
.godot,3,0.0001,False,False
.zsh,3,0.0001,False,True
.download,3,0.0001,False,False
.converted,3,0.0001,False,False
.dig,3,0.0001,False,False
.master,3,0.0001,False,False
.bzlmod,3,0.0001,False,False
.pra,3,0.0001,False,False
.wgh,3,0.0001,False,False
.fad,3,0.0001,False,False
.tmpfile,3,0.0001,False,False
.configuration,3,0.0001,False,False
.dilp,3,0.0001,False,False
.vex,3,0.0001,False,False
.sketch,3,0.0001,False,False
.dos,3,0.0001,False,False
.lipid21,3,0.0001,False,False
.gaff2,3,0.0001,False,False
.ol3,3,0.0001,False,False
.bsc1,3,0.0001,False,False
.tip3p,3,0.0001,False,False
.ide,3,0.0001,False,False
.caw,3,0.0001,False,False
.ecm,3,0.0001,False,False
.rgb,3,0.0001,False,False
.chkpt,3,0.0001,False,False
.eam,3,0.0001,False,False
.mms,3,0.0001,False,False
.engine,3,0.0001,False,False
.zran,3,0.0001,False,False
.sdl,3,0.0001,False,False
.knwf,3,0.0001,False,False
.icse15_sequencediagram_mavo,3,0.0001,False,False
.icse15_sequencediagramdiag_mavo,3,0.0001,False,False
.istardiag_mavo,3,0.0001,False,False
.blend1,3,0.0001,False,False
.rosinstall,3,0.0001,False,False
.svh,3,0.0001,False,False
.trl,3,0.0001,False,False
.defaults,3,0.0001,False,False
.test2,3,0.0001,False,False
.sedov,3,0.0001,False,False
.xbm,3,0.0001,False,False
.positions,3,0.0001,False,False
.cpp_zz,3,0.0001,False,False
.sequences,3,0.0001,False,False
.rlabel,3,0.0001,False,False
.cap,3,0.0001,False,False
.nav,3,0.0001,False,False
.snm,3,0.0001,False,False
.unix,3,0.0001,False,False
.containerfile,3,0.0001,False,False
.ptg,3,0.0001,False,False
.oifits,3,0.0001,False,False
.cbl,3,0.0001,False,False
.thrift,3,0.0001,False,False
.axaml,3,0.0001,False,False
.re,3,0.0001,False,False
.nu,3,0.0001,False,False
.metal,3,0.0001,False,False
.asl~,3,0.0001,False,False
.z04,3,0.0001,False,False
.rsy,3,0.0001,False,False
.rc2,3,0.0001,False,False
.ltx,3,0.0001,False,False
.eap,3,0.0001,False,False
.sparql-results+xml,3,0.0001,False,False
.cleaned,3,0.0001,False,False
.est,3,0.0001,False,False
.ipe,3,0.0001,False,False
.edb,3,0.0001,False,False
.wiff,3,0.0001,False,False
.flow_past_cylinder-y,3,0.0001,False,False
.taylorgreen,3,0.0001,False,False
.gresource,3,0.0001,False,False
.zlib,3,0.0001,False,False
.uncorrelated_chain_10ti1rd1,3,0.0001,False,False
.uncorrelated_chain_10ti2rd2,3,0.0001,False,False
.uncorrelated_chain_1ti1rd1,3,0.0001,False,False
.uncorrelated_chain_1ti2rd2,3,0.0001,False,False
.uncorrelated_chain_2ti1rd1,3,0.0001,False,False
.uncorrelated_chain_2ti2rd2,3,0.0001,False,False
.uncorrelated_chain_3ti1rd1,3,0.0001,False,False
.uncorrelated_chain_3ti2rd2,3,0.0001,False,False
.uncorrelated_chain_4ti1rd1,3,0.0001,False,False
.uncorrelated_chain_4ti2rd2,3,0.0001,False,False
.uncorrelated_chain_5ti1rd1,3,0.0001,False,False
.uncorrelated_chain_5ti2rd2,3,0.0001,False,False
.uncorrelated_chain_6ti1rd1,3,0.0001,False,False
.uncorrelated_chain_6ti2rd2,3,0.0001,False,False
.uncorrelated_chain_7ti1rd1,3,0.0001,False,False
.uncorrelated_chain_7ti2rd2,3,0.0001,False,False
.uncorrelated_chain_8ti1rd1,3,0.0001,False,False
.uncorrelated_chain_8ti2rd2,3,0.0001,False,False
.uncorrelated_chain_9ti1rd1,3,0.0001,False,False
.uncorrelated_chain_9ti2rd2,3,0.0001,False,False
.uncorrelated_timing__ti1_simdata1,3,0.0001,False,False
.uncorrelated_timing__ti2_simdata2,3,0.0001,False,False
.uncorrelated_chain_10ti1rd0,3,0.0001,False,False
.uncorrelated_chain_1ti1rd0,3,0.0001,False,False
.uncorrelated_chain_2ti1rd0,3,0.0001,False,False
.uncorrelated_chain_3ti1rd0,3,0.0001,False,False
.uncorrelated_chain_4ti1rd0,3,0.0001,False,False
.uncorrelated_chain_5ti1rd0,3,0.0001,False,False
.uncorrelated_chain_6ti1rd0,3,0.0001,False,False
.uncorrelated_chain_7ti1rd0,3,0.0001,False,False
.uncorrelated_chain_8ti1rd0,3,0.0001,False,False
.uncorrelated_chain_9ti1rd0,3,0.0001,False,False
.macros,3,0.0001,False,False
.vbproj,3,0.0001,False,False
.creol,3,0.0001,False,False
.praat,3,0.0001,False,False
.intent,3,0.0001,False,False
.jsonschema,3,0.0001,False,False
.kicad_pcb-bak,3,0.0001,False,False
.smake,3,0.0001,False,False
.mona,3,0.0001,False,False
.logrotate,3,0.0001,False,False
.9,3,0.0001,False,False
.qsubsec,3,0.0001,False,False
.mol,3,0.0001,False,False
.tl,3,0.0001,False,False
.defhol,3,0.0001,False,False
.cir,3,0.0001,False,False
.nasm,3,0.0001,False,False
.xcvb,3,0.0001,False,False
.vcd,3,0.0001,False,False
.eran,3,0.0001,False,False
.fgb,3,0.0001,False,False
.lkt,3,0.0001,False,False
.cgpr,3,0.0001,False,False
.macos,3,0.0001,False,False
.evl,3,0.0001,False,False
.deb,3,0.0001,False,False
.preset,3,0.0001,False,False
.msc,3,0.0001,False,False
.clif,3,0.0001,False,False
.preseed,3,0.0001,False,False
.orb,3,0.0001,False,False
.dgf,3,0.0001,False,False
.number,3,0.0001,False,False
.quirksprovider,3,0.0001,False,False
.convertersprovider,3,0.0001,False,False
.dssp2,3,0.0001,False,False
.ogv,3,0.0001,False,False
.tbz2,3,0.0001,False,False
.vtree,3,0.0001,False,False
.commit,3,0.0001,False,False
.aff,3,0.0001,False,False
.gmms,3,0.0001,False,False
.sync,3,0.0001,False,False
.b#1,3,0.0001,False,False
.b#2,3,0.0001,False,False
.b#3,3,0.0001,False,False
.b#4,3,0.0001,False,False
.b#5,3,0.0001,False,False
.b#6,3,0.0001,False,False
.b#7,3,0.0001,False,False
.b#8,3,0.0001,False,False
.b#9,3,0.0001,False,False
.s#2,3,0.0001,False,False
.s#3,3,0.0001,False,False
.s#4,3,0.0001,False,False
.s#5,3,0.0001,False,False
.s#6,3,0.0001,False,False
.s#7,3,0.0001,False,False
.s#8,3,0.0001,False,False
.s#9,3,0.0001,False,False
.jlink,3,0.0001,False,False
.posix,3,0.0001,False,False
.l#2,3,0.0001,False,False
.gsch2pcb,3,0.0001,False,False
.pcb,3,0.0001,False,False
.howto,3,0.0001,False,False
.opsahl-powergrid,3,0.0001,False,False
.hmmtbl,3,0.0001,False,False
.rosif,3,0.0001,False,False
.jsonld,3,0.0001,False,False
.aarch64,3,0.0001,False,False
.sg,3,0.0001,False,False
.linst,3,0.0001,False,False
.gpmn,3,0.0001,False,False
.gpmn_diagram,3,0.0001,False,False
.grdecl,3,0.0001,False,False
.sai,3,0.0001,False,False
.sha224,3,0.0001,False,False
.sha384,3,0.0001,False,False
.view,3,0.0001,False,False
.1srl,3,0.0001,False,False
.coord,3,0.0001,False,False
.ngdoc,3,0.0001,False,False
.scores,3,0.0001,False,False
.rddl,3,0.0001,False,False
.vector,3,0.0001,False,False
.stp,3,0.0001,False,False
.secret,3,0.0001,False,False
.icao_intrare,3,0.0001,False,False
.export,3,0.0001,False,False
.01tsmear_ddb,3,0.0001,False,False
.02tsmear_ddb,3,0.0001,False,False
.04tsmear_ddb,3,0.0001,False,False
.dat~,3,0.0001,False,False
.cluevariety,3,0.0001,False,False
.pctl,3,0.0001,False,False
.trashinfo,3,0.0001,False,False
.sh#,3,0.0001,False,False
.gold_conll,3,0.0001,False,False
.delete_manifest,3,0.0001,False,False
.map_manifest,3,0.0001,False,False
.rsrc,3,0.0001,False,False
.motifs,3,0.0001,False,False
.motifs10,3,0.0001,False,False
.motifs12,3,0.0001,False,False
.motifs8,3,0.0001,False,False
.vfproj,3,0.0001,False,False
.mhd,3,0.0001,False,False
.rg,3,0.0001,False,False
.uniq,3,0.0001,False,False
.ndb,3,0.0001,False,False
.nhd,3,0.0001,False,False
.nhi,3,0.0001,False,False
.nos,3,0.0001,False,False
.not,3,0.0001,False,False
.ntf,3,0.0001,False,False
.nto,3,0.0001,False,False
.vkb,3,0.0001,False,False
.textclipping,3,0.0001,False,False
.newhead,3,0.0001,False,False
.doxy,3,0.0001,False,False
.matrix,3,0.0001,False,False
.altaza,3,0.0001,False,False
.3-const,3,0.0001,False,False
.3-vowel,3,0.0001,False,False
.feaconf,3,0.0001,False,False
.600pk,3,0.0001,False,False
.tfm,3,0.0001,False,False
.c#,3,0.0001,False,False
.defconfig,3,0.0001,False,False
.treefile,3,0.0001,False,False
.vipr,3,0.0001,False,False
.wdata,3,0.0001,False,False
.jinja,3,0.0001,False,False
.cta,3,0.0001,False,False
.i~,3,0.0001,False,False
.landmarkasciiold,3,0.0001,False,False
.lai,2,0.0001,False,False
.prg,2,0.0001,False,False
.anc,2,0.0001,False,False
.lpp,2,0.0001,False,False
.ypp,2,0.0001,False,False
.edward,2,0.0001,False,False
.first,2,0.0001,False,False
.units,2,0.0001,False,False
.rjs,2,0.0001,False,False
.lvlib,2,0.0001,False,False
.hh_bak,2,0.0001,False,False
.sh-example,2,0.0001,False,False
.spellrelax,2,0.0001,False,False
.21,2,0.0001,False,False
.binned_anchors,2,0.0001,False,False
.m5,2,0.0001,False,False
.out_1,2,0.0001,False,False
.tdl,2,0.0001,False,False
.nsd,2,0.0001,False,False
.nv,2,0.0001,False,False
.tptp,2,0.0001,False,False
.server,2,0.0001,False,False
.main,2,0.0001,False,False
.1024procs,2,0.0001,False,False
.256procs,2,0.0001,False,False
.512procs,2,0.0001,False,False
.bare,2,0.0001,False,False
.psppos,2,0.0001,False,False
.phoney_mod,2,0.0001,False,False
.khgh,2,0.0001,False,False
.sgs_mod,2,0.0001,False,False
.pbe,2,0.0001,False,False
.fromphermet,2,0.0001,False,False
.out_ep_sbk,2,0.0001,False,False
.out_ep_sbk_org,2,0.0001,False,False
.01_ddb,2,0.0001,False,False
.notes,2,0.0001,False,False
.rhistory,2,0.0001,False,False
.mb,2,0.0001,False,False
.mavlink,2,0.0001,False,False
.dumped,2,0.0001,False,False
.ros,2,0.0001,False,False
.hf,2,0.0001,False,False
.sge,2,0.0001,False,False
.atg,2,0.0001,False,False
.frame,2,0.0001,False,False
.pidb,2,0.0001,False,False
.vsixmanifest,2,0.0001,False,False
.wixproj,2,0.0001,False,False
.ruleset,2,0.0001,False,False
.dbd,2,0.0001,False,False
.bfs,2,0.0001,False,False
.424,2,0.0001,False,False
.433,2,0.0001,False,False
.442,2,0.0001,False,False
.1600,2,0.0001,False,False
.fem,2,0.0001,False,False
.tmsnippet,2,0.0001,False,False
.java-bak,2,0.0001,False,False
.dictionaries,2,0.0001,False,False
.dislocator,2,0.0001,False,False
.tokencap,2,0.0001,False,False
.qemu,2,0.0001,False,False
.cpio,2,0.0001,False,False
.lzo,2,0.0001,False,False
.lha,2,0.0001,False,False
.lrz,2,0.0001,False,False
.rz,2,0.0001,False,False
.zoo,2,0.0001,False,False
.jxr,2,0.0001,False,False
.testcases,2,0.0001,False,False
.poc,2,0.0001,False,False
.mpg,2,0.0001,False,False
.dubm,2,0.0001,False,False
.ie,2,0.0001,False,False
.stats,2,0.0001,False,False
.glove,2,0.0001,False,False
.22,2,0.0001,False,False
.15,2,0.0001,False,False
.439,2,0.0001,False,False
.zargo,2,0.0001,False,False
.fsproj,2,0.0001,False,False
.101,2,0.0001,False,False
.mediawiki,2,0.0001,False,False
.navdata,2,0.0001,False,False
.dbml,2,0.0001,False,False
.trm,2,0.0001,False,False
.changes,2,0.0001,False,False
.svcmap,2,0.0001,False,False
.schemaview,2,0.0001,False,False
._trace,2,0.0001,False,False
.ioi,2,0.0001,False,False
.geflo,2,0.0001,False,False
.etd,2,0.0001,False,False
.ptx,2,0.0001,False,False
.sca,2,0.0001,False,False
.vci,2,0.0001,False,False
.movements,2,0.0001,False,False
.csv_off,2,0.0001,False,False
.unstable,2,0.0001,False,False
.fgram,2,0.0001,False,False
.imp,2,0.0001,False,False
.soap,2,0.0001,False,False
.02e3b54,2,0.0001,False,False
.8-pre1,2,0.0001,False,False
.fda8cb8,2,0.0001,False,False
.4f9c5c1,2,0.0001,False,False
.lproj,2,0.0001,False,False
.mixer,2,0.0001,False,False
.tts,2,0.0001,False,False
.rqtf,2,0.0001,False,False
.rqtfimage,2,0.0001,False,False
.aty,2,0.0001,False,False
.422,2,0.0001,False,False
.bands,2,0.0001,False,False
.darwin,2,0.0001,False,False
.generic,2,0.0001,False,False
.2nd,2,0.0001,False,False
.autosave,2,0.0001,False,False
.clang,2,0.0001,False,False
.legacy,2,0.0001,False,False
.qasm,2,0.0001,False,False
.31_i86linux64,2,0.0001,False,False
.crx,2,0.0001,False,False
.mbox,2,0.0001,False,False
.corpus,2,0.0001,False,False
.triggers,2,0.0001,False,False
.daily,2,0.0001,False,False
.timer,2,0.0001,False,False
.ln,2,0.0001,False,False
.apache,2,0.0001,False,False
.macosx,2,0.0001,False,False
.sagews,2,0.0001,False,False
.geh,2,0.0001,False,False
.dump,2,0.0001,False,False
.eos,2,0.0001,False,False
.alpha,2,0.0001,False,False
.geometryshader,2,0.0001,False,False
.resp-pyr,2,0.0001,False,False
.jison,2,0.0001,False,False
.wmf,2,0.0001,False,False
.testrunconfig,2,0.0001,False,False
.bef,2,0.0001,False,False
.textile,2,0.0001,False,False
.pheno,2,0.0001,False,False
.eigenstrat,2,0.0001,False,False
.chisq,2,0.0001,False,False
.geno,2,0.0001,False,False
.pca,2,0.0001,False,False
.evec,2,0.0001,False,False
.xtxt,2,0.0001,False,False
.mag,2,0.0001,False,False
.rss,2,0.0001,False,False
.xrefs,2,0.0001,False,False
.lookup,2,0.0001,False,False
.heic,2,0.0001,False,False
.lcasedata,2,0.0001,False,False
.predict,2,0.0001,False,False
.py-example,2,0.0001,False,False
.todo,2,0.0001,False,False
.patterns,2,0.0001,False,False
.pso,2,0.0001,False,False
.spo,2,0.0001,False,False
.external,2,0.0001,False,False
.airebo,2,0.0001,False,False
.agro,2,0.0001,False,False
.crop,2,0.0001,False,False
.soil,2,0.0001,False,False
.976,2,0.0001,False,False
.977,2,0.0001,False,False
.978,2,0.0001,False,False
.979,2,0.0001,False,False
.980,2,0.0001,False,False
.981,2,0.0001,False,False
.982,2,0.0001,False,False
.983,2,0.0001,False,False
.984,2,0.0001,False,False
.985,2,0.0001,False,False
.986,2,0.0001,False,False
.987,2,0.0001,False,False
.988,2,0.0001,False,False
.989,2,0.0001,False,False
.990,2,0.0001,False,False
.991,2,0.0001,False,False
.992,2,0.0001,False,False
.993,2,0.0001,False,False
.994,2,0.0001,False,False
.995,2,0.0001,False,False
.996,2,0.0001,False,False
.997,2,0.0001,False,False
.998,2,0.0001,False,False
.mg,2,0.0001,False,False
.fraplib,2,0.0001,False,False
.coco,2,0.0001,False,False
.prog,2,0.0001,False,False
.watchr,2,0.0001,False,False
.-chr,2,0.0001,False,False
.chr21_22_only,2,0.0001,False,False
.chr21_22_only:50000,2,0.0001,False,False
.regions,2,0.0001,False,False
.regions2,2,0.0001,False,False
.xvv,2,0.0001,False,False
.gtkw,2,0.0001,False,False
.fdf,2,0.0001,False,False
.34,2,0.0001,False,False
.basin,2,0.0001,False,False
.dbasin,2,0.0001,False,False
.spot,2,0.0001,False,False
.mafs,2,0.0001,False,False
.rf,2,0.0001,False,False
.align_one_indexed_and_reversed,2,0.0001,False,False
.ibd,2,0.0001,False,False
.imzml,2,0.0001,False,False
.sigmet,2,0.0001,False,False
.frcfld,2,0.0001,False,False
.webarchive,2,0.0001,False,False
.mlappinstall,2,0.0001,False,False
.jardesc,2,0.0001,False,False
.superstl,2,0.0001,False,False
.sstl,2,0.0001,False,False
.guest,2,0.0001,False,False
.kmt,2,0.0001,False,False
.ivy,2,0.0001,False,False
.ab,2,0.0001,False,False
.4t,2,0.0001,False,False
.4a,2,0.0001,False,False
.12_200_300mpc_v3,2,0.0001,False,False
.62_200_300mpc_v3,2,0.0001,False,False
.75_200_300mpc_v3,2,0.0001,False,False
.55_200_300mpc_v3,2,0.0001,False,False
.81_200_300mpc_v3,2,0.0001,False,False
.27_200_300mpc_v3,2,0.0001,False,False
.70_200_300mpc_v3,2,0.0001,False,False
.79_200_300mpc_v3,2,0.0001,False,False
.16_200_300mpc_v3,2,0.0001,False,False
.02_200_300mpc_v3,2,0.0001,False,False
.57_200_300mpc_v3,2,0.0001,False,False
.14_200_300mpc_v3,2,0.0001,False,False
.73_200_300mpc_v3,2,0.0001,False,False
.60_200_300mpc_v3,2,0.0001,False,False
.33_200_300mpc_v3,2,0.0001,False,False
.93_200_300mpc_v3,2,0.0001,False,False
.72_200_300mpc_v3,2,0.0001,False,False
.50_200_300mpc_v3,2,0.0001,False,False
.renviron,2,0.0001,False,False
.conv,2,0.0001,False,False
.008,2,0.0001,False,False
.009,2,0.0001,False,False
.010,2,0.0001,False,False
.039,2,0.0001,False,False
.05,2,0.0001,False,False
.128,2,0.0001,False,False
.13,2,0.0001,False,False
.14,2,0.0001,False,False
.16,2,0.0001,False,False
.27,2,0.0001,False,False
.450,2,0.0001,False,False
.686,2,0.0001,False,False
.70,2,0.0001,False,False
.99,2,0.0001,False,False
.td,2,0.0001,False,False
.body,2,0.0001,False,False
.cognition,2,0.0001,False,False
.communication,2,0.0001,False,False
.possession,2,0.0001,False,False
.lrx,2,0.0001,False,False
.t1x,2,0.0001,False,False
.gplv3,2,0.0001,False,False
.replay_exclude,2,0.0001,False,False
.replay_include,2,0.0001,False,False
.replay_unique_ip,2,0.0001,False,False
.rewrite_1ttl,2,0.0001,False,False
.rewrite_1ttl-hdrfix,2,0.0001,False,False
.rewrite_2ttl,2,0.0001,False,False
.rewrite_2ttl-hdrfix,2,0.0001,False,False
.rewrite_3ttl,2,0.0001,False,False
.rewrite_3ttl-hdrfix,2,0.0001,False,False
.rewrite_config,2,0.0001,False,False
.rewrite_dlthdlc,2,0.0001,False,False
.rewrite_dltraw,2,0.0001,False,False
.rewrite_dltuser,2,0.0001,False,False
.rewrite_efcs,2,0.0001,False,False
.rewrite_endpoint,2,0.0001,False,False
.rewrite_enet_subsmac,2,0.0001,False,False
.rewrite_fixcsum,2,0.0001,False,False
.rewrite_fixlen_del,2,0.0001,False,False
.rewrite_fixlen_pad,2,0.0001,False,False
.rewrite_fixlen_trunc,2,0.0001,False,False
.rewrite_l7fuzzing,2,0.0001,False,False
.rewrite_layer2,2,0.0001,False,False
.rewrite_mac,2,0.0001,False,False
.rewrite_mac_seed,2,0.0001,False,False
.rewrite_mac_seed_keep,2,0.0001,False,False
.rewrite_mtutrunc,2,0.0001,False,False
.rewrite_nanosec,2,0.0001,False,False
.rewrite_pad,2,0.0001,False,False
.rewrite_pnat,2,0.0001,False,False
.rewrite_portmap,2,0.0001,False,False
.rewrite_range_portmap,2,0.0001,False,False
.rewrite_seed,2,0.0001,False,False
.rewrite_sequence,2,0.0001,False,False
.rewrite_skip,2,0.0001,False,False
.rewrite_tos,2,0.0001,False,False
.rewrite_trunc,2,0.0001,False,False
.1ad,2,0.0001,False,False
.rewrite_vlandel,2,0.0001,False,False
.oca,2,0.0001,False,False
.ocx,2,0.0001,False,False
.libsonnet,2,0.0001,False,False
.product,2,0.0001,False,False
.rootmap,2,0.0001,False,False
.genre,2,0.0001,False,False
.item,2,0.0001,False,False
.occupation,2,0.0001,False,False
.kij~,2,0.0001,False,False
.fdb_latexmk,2,0.0001,False,False
.inp~,2,0.0001,False,False
.physical,2,0.0001,False,False
.physical~,2,0.0001,False,False
.depart,2,0.0001,False,False
.age,2,0.0001,False,False
.ssl,2,0.0001,False,False
.sso,2,0.0001,False,False
.xa,2,0.0001,False,False
.sdp,2,0.0001,False,False
.hrg,2,0.0001,False,False
.lmk,2,0.0001,False,False
.lmko,2,0.0001,False,False
.tmw,2,0.0001,False,False
.simd,2,0.0001,False,False
.sobj,2,0.0001,False,False
.binaryproto,2,0.0001,False,False
.nova,2,0.0001,False,False
.voice,2,0.0001,False,False
.ns_movements,2,0.0001,False,False
.unsuccessfulbuild,2,0.0001,False,False
.acl,2,0.0001,False,False
.nraw,2,0.0001,False,False
.rrng,2,0.0001,False,False
.model3,2,0.0001,False,False
.mpileup,2,0.0001,False,False
.tpd,2,0.0001,False,False
.nosex,2,0.0001,False,False
.p7b,2,0.0001,False,False
.check,2,0.0001,False,False
.aocx,2,0.0001,False,False
.asi,2,0.0001,False,False
.jsonc,2,0.0001,False,False
.contents,2,0.0001,False,False
.analysis,2,0.0001,False,False
.vix,2,0.0001,False,False
.request,2,0.0001,False,False
.cijdat,2,0.0001,False,False
.processor,2,0.0001,False,False
.missingdatainfo,2,0.0001,False,False
.umap,2,0.0001,False,False
.uproject,2,0.0001,False,False
.ide-shm,2,0.0001,False,False
.ide-wal,2,0.0001,False,False
.tmpoutputpath,2,0.0001,False,False
.buildreport,2,0.0001,False,False
.browser,2,0.0001,False,False
.bdg,2,0.0001,False,False
.attr,2,0.0001,False,False
.configure,2,0.0001,False,False
.unx,2,0.0001,False,False
.jq,2,0.0001,False,False
.mpf,2,0.0001,False,False
.apps,2,0.0001,False,False
.pkgs,2,0.0001,False,False
.tfrecord,2,0.0001,False,False
.950214,2,0.0001,False,False
.950215,2,0.0001,False,False
.950216,2,0.0001,False,False
.950217,2,0.0001,False,False
.950218,2,0.0001,False,False
.950219,2,0.0001,False,False
.950220,2,0.0001,False,False
.950221,2,0.0001,False,False
.950222,2,0.0001,False,False
.950223,2,0.0001,False,False
.950224,2,0.0001,False,False
.150309,2,0.0001,False,False
.150307,2,0.0001,False,False
.150310,2,0.0001,False,False
.150314,2,0.0001,False,False
.150313,2,0.0001,False,False
.150311,2,0.0001,False,False
.150315,2,0.0001,False,False
.150312,2,0.0001,False,False
.150308,2,0.0001,False,False
.150317,2,0.0001,False,False
.150316,2,0.0001,False,False
.150508,2,0.0001,False,False
.150506,2,0.0001,False,False
.150509,2,0.0001,False,False
.150513,2,0.0001,False,False
.150512,2,0.0001,False,False
.150510,2,0.0001,False,False
.150514,2,0.0001,False,False
.150511,2,0.0001,False,False
.150507,2,0.0001,False,False
.150516,2,0.0001,False,False
.150515,2,0.0001,False,False
.150320,2,0.0001,False,False
.150318,2,0.0001,False,False
.150321,2,0.0001,False,False
.150325,2,0.0001,False,False
.150324,2,0.0001,False,False
.150322,2,0.0001,False,False
.150326,2,0.0001,False,False
.150323,2,0.0001,False,False
.150319,2,0.0001,False,False
.150328,2,0.0001,False,False
.150327,2,0.0001,False,False
.502328,2,0.0001,False,False
.502331,2,0.0001,False,False
.502333,2,0.0001,False,False
.502327,2,0.0001,False,False
.502326,2,0.0001,False,False
.502325,2,0.0001,False,False
.502329,2,0.0001,False,False
.502332,2,0.0001,False,False
.502324,2,0.0001,False,False
.502330,2,0.0001,False,False
.clist,2,0.0001,False,False
.importorder,2,0.0001,False,False
.acx,2,0.0001,False,False
.byte,2,0.0001,False,False
.7b,2,0.0001,False,False
.6d,2,0.0001,False,False
.sod,2,0.0001,False,False
.test3,2,0.0001,False,False
.garuda,2,0.0001,False,False
.small,2,0.0001,False,False
.restarttest,2,0.0001,False,False
.nosub,2,0.0001,False,False
.load,2,0.0001,False,False
.vlw,2,0.0001,False,False
.beam,2,0.0001,False,False
.avg_curv,2,0.0001,False,False
.avg_sulc,2,0.0001,False,False
.avg_thickness,2,0.0001,False,False
.curv,2,0.0001,False,False
.sulc,2,0.0001,False,False
.thickness,2,0.0001,False,False
.k,2,0.0001,False,False
.mold,2,0.0001,False,False
.oldcpp,2,0.0001,False,False
.org_archive,2,0.0001,False,False
.asci,2,0.0001,False,False
.cm,2,0.0001,False,False
.negative,2,0.0001,False,False
.mht,2,0.0001,False,False
.tmx,2,0.0001,False,False
.mime,2,0.0001,False,False
.bcc,2,0.0001,False,False
.manx,2,0.0001,False,False
.mc6,2,0.0001,False,False
.wat,2,0.0001,False,False
.apns,2,0.0001,False,False
.ptm,2,0.0001,False,False
.sls,2,0.0001,False,False
.cj,2,0.0001,False,False
.idr,2,0.0001,False,False
.fbs,2,0.0001,False,False
.bf,2,0.0001,False,False
.ʕ◔ϖ◔ʔ,2,0.0001,False,False
.elm,2,0.0001,False,False
.f03,2,0.0001,False,False
.rkt,2,0.0001,False,False
.civet,2,0.0001,False,False
.robot,2,0.0001,False,False
.mc,2,0.0001,False,False
.pegjs,2,0.0001,False,False
.applescript,2,0.0001,False,False
.licensepp,2,0.0001,False,False
.star,2,0.0001,False,False
.keywords,2,0.0001,False,False
.control,2,0.0001,False,False
.rtems,2,0.0001,False,False
.bna,2,0.0001,False,False
.nxd,2,0.0001,False,False
.nxj,2,0.0001,False,False
.tk,2,0.0001,False,False
.z05,2,0.0001,False,False
.yml~,2,0.0001,False,False
.osc,2,0.0001,False,False
.doc-base,2,0.0001,False,False
.rdf+xml,2,0.0001,False,False
.turtle,2,0.0001,False,False
.rbz,2,0.0001,False,False
.typesconfigurations,2,0.0001,False,False
.3ds,2,0.0001,False,False
.bubble,2,0.0001,False,False
.flow_past_cylinder-z,2,0.0001,False,False
.traceradvect_bds,2,0.0001,False,False
.rayleightaylor,2,0.0001,False,False
.convectedvortex,2,0.0001,False,False
.traceradvect,2,0.0001,False,False
.stanford,2,0.0001,False,False
.tcsh,2,0.0001,False,False
.left,2,0.0001,False,False
.right,2,0.0001,False,False
.pion,2,0.0001,False,False
.rest,2,0.0001,False,False
.dfm,2,0.0001,False,False
.jape,2,0.0001,False,False
.nrm,2,0.0001,False,False
.tii,2,0.0001,False,False
.tis,2,0.0001,False,False
.creator,2,0.0001,False,False
.includes,2,0.0001,False,False
.tasks,2,0.0001,False,False
.swn,2,0.0001,False,False
.ast,2,0.0001,False,False
.pxm,2,0.0001,False,False
.const,2,0.0001,False,False
.ecf,2,0.0001,False,False
.ensemble,2,0.0001,False,False
.repo,2,0.0001,False,False
.scriptenginefactory,2,0.0001,False,False
.chromsizes,2,0.0001,False,False
.lisp~,2,0.0001,False,False
.warc,2,0.0001,False,False
.experiment,2,0.0001,False,False
.style,2,0.0001,False,False
.conll10,2,0.0001,False,False
.mess,2,0.0001,False,False
.rtl,2,0.0001,False,False
.nif,2,0.0001,False,False
.ebnf,2,0.0001,False,False
.htkdic,2,0.0001,False,False
.gtout,2,0.0001,False,False
.preferences_pb,2,0.0001,False,False
.stetic,2,0.0001,False,False
.protect,2,0.0001,False,False
.cmap,2,0.0001,False,False
.spyx,2,0.0001,False,False
.feat,2,0.0001,False,False
.vcb,2,0.0001,False,False
.wembed,2,0.0001,False,False
.wvec,2,0.0001,False,False
.ppk,2,0.0001,False,False
.ez,2,0.0001,False,False
.nwb,2,0.0001,False,False
.vrt,2,0.0001,False,False
.action,2,0.0001,False,False
.cron,2,0.0001,False,False
.gazebo,2,0.0001,False,False
.chr2l,2,0.0001,False,False
.425_i86linux32,2,0.0001,False,False
.425_i86linux64,2,0.0001,False,False
.adabody,2,0.0001,False,False
.sdk,2,0.0001,False,False
.112-12,2,0.0001,False,False
.112-13,2,0.0001,False,False
.112-14,2,0.0001,False,False
.112-15,2,0.0001,False,False
.112-16,2,0.0001,False,False
.223-17,2,0.0001,False,False
.23-2,2,0.0001,False,False
.23-3,2,0.0001,False,False
.23-4,2,0.0001,False,False
.23-5,2,0.0001,False,False
.23-6,2,0.0001,False,False
.56-10,2,0.0001,False,False
.56-11,2,0.0001,False,False
.56-7,2,0.0001,False,False
.56-8,2,0.0001,False,False
.56-9,2,0.0001,False,False
.18-17,2,0.0001,False,False
.5-10,2,0.0001,False,False
.5-11,2,0.0001,False,False
.5-7,2,0.0001,False,False
.5-8,2,0.0001,False,False
.5-9,2,0.0001,False,False
.9-12,2,0.0001,False,False
.9-13,2,0.0001,False,False
.9-14,2,0.0001,False,False
.9-15,2,0.0001,False,False
.9-16,2,0.0001,False,False
.135-10,2,0.0001,False,False
.135-11,2,0.0001,False,False
.135-7,2,0.0001,False,False
.135-8,2,0.0001,False,False
.135-9,2,0.0001,False,False
.270-12,2,0.0001,False,False
.270-13,2,0.0001,False,False
.270-14,2,0.0001,False,False
.270-15,2,0.0001,False,False
.270-16,2,0.0001,False,False
.539-17,2,0.0001,False,False
.54-2,2,0.0001,False,False
.54-3,2,0.0001,False,False
.54-4,2,0.0001,False,False
.54-5,2,0.0001,False,False
.54-6,2,0.0001,False,False
.16-10,2,0.0001,False,False
.16-11,2,0.0001,False,False
.16-7,2,0.0001,False,False
.16-8,2,0.0001,False,False
.16-9,2,0.0001,False,False
.32-12,2,0.0001,False,False
.32-13,2,0.0001,False,False
.32-14,2,0.0001,False,False
.32-15,2,0.0001,False,False
.32-16,2,0.0001,False,False
.64-17,2,0.0001,False,False
.7-2,2,0.0001,False,False
.7-3,2,0.0001,False,False
.7-4,2,0.0001,False,False
.7-5,2,0.0001,False,False
.7-6,2,0.0001,False,False
.168-17,2,0.0001,False,False
.17-2,2,0.0001,False,False
.17-3,2,0.0001,False,False
.17-4,2,0.0001,False,False
.17-5,2,0.0001,False,False
.17-6,2,0.0001,False,False
.42-10,2,0.0001,False,False
.42-11,2,0.0001,False,False
.42-7,2,0.0001,False,False
.42-8,2,0.0001,False,False
.42-9,2,0.0001,False,False
.84-12,2,0.0001,False,False
.84-13,2,0.0001,False,False
.84-14,2,0.0001,False,False
.84-15,2,0.0001,False,False
.84-16,2,0.0001,False,False
.142-12,2,0.0001,False,False
.142-13,2,0.0001,False,False
.142-14,2,0.0001,False,False
.142-15,2,0.0001,False,False
.142-16,2,0.0001,False,False
.284-17,2,0.0001,False,False
.29-2,2,0.0001,False,False
.29-3,2,0.0001,False,False
.29-4,2,0.0001,False,False
.29-5,2,0.0001,False,False
.29-6,2,0.0001,False,False
.71-10,2,0.0001,False,False
.71-11,2,0.0001,False,False
.71-7,2,0.0001,False,False
.71-8,2,0.0001,False,False
.71-9,2,0.0001,False,False
.11-12,2,0.0001,False,False
.11-13,2,0.0001,False,False
.11-14,2,0.0001,False,False
.11-15,2,0.0001,False,False
.11-16,2,0.0001,False,False
.22-17,2,0.0001,False,False
.3-2,2,0.0001,False,False
.3-3,2,0.0001,False,False
.3-4,2,0.0001,False,False
.3-5,2,0.0001,False,False
.3-6,2,0.0001,False,False
.6-10,2,0.0001,False,False
.6-11,2,0.0001,False,False
.6-7,2,0.0001,False,False
.6-8,2,0.0001,False,False
.6-9,2,0.0001,False,False
.13-17,2,0.0001,False,False
.4-10,2,0.0001,False,False
.4-11,2,0.0001,False,False
.4-7,2,0.0001,False,False
.4-8,2,0.0001,False,False
.4-9,2,0.0001,False,False
.7-12,2,0.0001,False,False
.7-13,2,0.0001,False,False
.7-14,2,0.0001,False,False
.7-15,2,0.0001,False,False
.7-16,2,0.0001,False,False
.173-17,2,0.0001,False,False
.18-2,2,0.0001,False,False
.18-3,2,0.0001,False,False
.18-4,2,0.0001,False,False
.18-5,2,0.0001,False,False
.18-6,2,0.0001,False,False
.44-10,2,0.0001,False,False
.44-11,2,0.0001,False,False
.44-7,2,0.0001,False,False
.44-8,2,0.0001,False,False
.44-9,2,0.0001,False,False
.87-12,2,0.0001,False,False
.87-13,2,0.0001,False,False
.87-14,2,0.0001,False,False
.87-15,2,0.0001,False,False
.87-16,2,0.0001,False,False
.case-insensitive,2,0.0001,False,False
.case-sensitive,2,0.0001,False,False
.icloud,2,0.0001,False,False
.others,2,0.0001,False,False
.tassign,2,0.0001,False,False
.theta,2,0.0001,False,False
.twords,2,0.0001,False,False
.ncb,2,0.0001,False,False
.odex,2,0.0001,False,False
.srdf,2,0.0001,False,False
.java#,2,0.0001,False,False
.conservationscores,2,0.0001,False,False
.mlmodel,2,0.0001,False,False
.glf,2,0.0001,False,False
.vfb,2,0.0001,False,False
.designer,2,0.0001,False,False
.mscz,2,0.0001,False,False
.ows,2,0.0001,False,False
.ur5,2,0.0001,False,False
.keep,2,0.0001,False,False
.jfr,2,0.0001,False,False
.sjk,2,0.0001,False,False
.back,2,0.0001,False,False
.ori,2,0.0001,False,False
.iges,2,0.0001,False,False
.sbproj,2,0.0001,False,False
.ahk,2,0.0001,False,False
.keylayout,2,0.0001,False,False
.klc,2,0.0001,False,False
.rbwt,2,0.0001,False,False
.rpac,2,0.0001,False,False
.gld,2,0.0001,False,False
.mcool,2,0.0001,False,False
.hic,2,0.0001,False,False
.magma_template,2,0.0001,False,False
.magma_out,2,0.0001,False,False
.bvh,2,0.0001,False,False
.aspect,2,0.0001,False,False
.slxc,2,0.0001,False,False
.r2016a,2,0.0001,False,False
.msk,2,0.0001,False,False
.gsheet,2,0.0001,False,False
.axlsx,2,0.0001,False,False
.odat,2,0.0001,False,False
.r#,2,0.0001,False,False
.jsfrag,2,0.0001,False,False
.row,2,0.0001,False,False
.taylor_vortex_decaying,2,0.0001,False,False
.bds_tracer_advection,2,0.0001,False,False
.couette,2,0.0001,False,False
.read,2,0.0001,False,False
.write,2,0.0001,False,False
.eb_flow_const_velx,2,0.0001,False,False
.eb_flow_const_vely,2,0.0001,False,False
.poiseuille_cylinder_bingham,2,0.0001,False,False
.poiseuille_cylinder_newtonian,2,0.0001,False,False
.poiseuille_plane_bingham,2,0.0001,False,False
.poiseuille_plane_newtonian,2,0.0001,False,False
.split,2,0.0001,False,False
.tracer_adv_diff,2,0.0001,False,False
.tracer_adv_diff_cn,2,0.0001,False,False
.tracer_advection,2,0.0001,False,False
.uniform_velocity_sphere,2,0.0001,False,False
.channel_sphere,2,0.0001,False,False
.rotated_cylinder_x,2,0.0001,False,False
.rotated_cylinder_y,2,0.0001,False,False
.rotated_cylinder_z,2,0.0001,False,False
.bouss_bubble_god,2,0.0001,False,False
.bouss_bubble_mol,2,0.0001,False,False
.bouss_bubble_plm,2,0.0001,False,False
.burggraf,2,0.0001,False,False
.inout,2,0.0001,False,False
.rayleigh_taylor,2,0.0001,False,False
.time_dep_inflow,2,0.0001,False,False
.gaussian_traceradvect_bds,2,0.0001,False,False
.pakmor,2,0.0001,False,False
.copyright,2,0.0001,False,False
.cts,2,0.0001,False,False
.fa~,2,0.0001,False,False
.sdd,2,0.0001,False,False
.bionic,2,0.0001,False,False
.xenial,2,0.0001,False,False
.dirmeta,2,0.0001,False,False
.scratch,2,0.0001,False,False
.strata,2,0.0001,False,False
.errorprofile,2,0.0001,False,False
.mma,2,0.0001,False,False
.mmc,2,0.0001,False,False
.indel,2,0.0001,False,False
.gbrjob,2,0.0001,False,False
.dru,2,0.0001,False,False
.cam,2,0.0001,False,False
.l#3,2,0.0001,False,False
.l#4,2,0.0001,False,False
.axf,2,0.0001,False,False
.rspec,2,0.0001,False,False
.ipk,2,0.0001,False,False
.pyf~,2,0.0001,False,False
.yapf,2,0.0001,False,False
.alessandro,2,0.0001,False,False
.melino,2,0.0001,False,False
.alex,2,0.0001,False,False
.álvaro,2,0.0001,False,False
._2i,2,0.0001,False,False
.eps_template,2,0.0001,False,False
.tem,2,0.0001,False,False
.vanilla,2,0.0001,False,False
.benchfile,2,0.0001,False,False
.vssscc,2,0.0001,False,False
.mxd,2,0.0001,False,False
.wrapper,2,0.0001,False,False
.tfvars,2,0.0001,False,False
.asprox,2,0.0001,False,False
.msx,2,0.0001,False,False
.50k,2,0.0001,False,False
.1ctadimer,2,0.0001,False,False
.separated,2,0.0001,False,False
.extended,2,0.0001,False,False
.mseq,2,0.0001,False,False
.genus,2,0.0001,False,False
.dmp,2,0.0001,False,False
.tuxy,2,0.0001,False,False
.rrd,2,0.0001,False,False
.dir,2,0.0001,False,False
.odoc,2,0.0001,False,False
.mseed,2,0.0001,False,False
.dcr,2,0.0001,False,False
.ram,2,0.0001,False,False
.rm,2,0.0001,False,False
.wout,2,0.0001,False,False
.kb,2,0.0001,False,False
.lst~,2,0.0001,False,False
.tsv~,2,0.0001,False,False
.points,2,0.0001,False,False
.stylecop,2,0.0001,False,False
.checks,2,0.0001,False,False
.tcss,2,0.0001,False,False
.mpx,2,0.0001,False,False
.axd,2,0.0001,False,False
.skin,2,0.0001,False,False
.asmx,2,0.0001,False,False
.refresh,2,0.0001,False,False
.sitemap,2,0.0001,False,False
.bor,2,0.0001,False,False
.alpha_chain,2,0.0001,False,False
.beta_chain,2,0.0001,False,False
.protein_l10p,2,0.0001,False,False
.protein_l11p,2,0.0001,False,False
.protein_l13p,2,0.0001,False,False
.protein_l14p,2,0.0001,False,False
.protein_l15p,2,0.0001,False,False
.protein_l16p,2,0.0001,False,False
.protein_l18p,2,0.0001,False,False
.protein_l1p,2,0.0001,False,False
.protein_l22p,2,0.0001,False,False
.protein_l24p,2,0.0001,False,False
.protein_l2p,2,0.0001,False,False
.protein_l3p,2,0.0001,False,False
.protein_l4p,2,0.0001,False,False
.protein_l5p,2,0.0001,False,False
.protein_l6p,2,0.0001,False,False
.protein_s11p,2,0.0001,False,False
.protein_s12p,2,0.0001,False,False
.protein_s13p,2,0.0001,False,False
.protein_s15p,2,0.0001,False,False
.protein_s17p,2,0.0001,False,False
.protein_s19p,2,0.0001,False,False
.protein_s2p,2,0.0001,False,False
.protein_s3p,2,0.0001,False,False
.protein_s5p,2,0.0001,False,False
.protein_s7p,2,0.0001,False,False
.protein_s8p,2,0.0001,False,False
.protein_s9p,2,0.0001,False,False
.unitypackage,2,0.0001,False,False
.classpath,2,0.0001,False,False
.combine,2,0.0001,False,False
.cppx,2,0.0001,False,False
.acp,2,0.0001,False,False
.z1,2,0.0001,False,False
.pbm,2,0.0001,False,False
.org~,2,0.0001,False,False
.eaf,2,0.0001,False,False
.exb,2,0.0001,False,False
.fwbackup,2,0.0001,False,False
.fwdata,2,0.0001,False,False
.extraman,2,0.0001,False,False
.rdfs,2,0.0001,False,False
.flr,2,0.0001,False,False
.flr_query,2,0.0001,False,False
.flr_results,2,0.0001,False,False
.mozilla,2,0.0001,False,False
.mnt,2,0.0001,False,False
.fms,2,0.0001,False,False
.sit,2,0.0001,False,False
.eig,2,0.0001,False,False
.mmn,2,0.0001,False,False
.spin,2,0.0001,False,False
.pygtex,2,0.0001,False,False
.pygstyle,2,0.0001,False,False
.djvu,2,0.0001,False,False
.harvest_params,2,0.0001,False,False
.json_manifest,2,0.0001,False,False
.rsync_manifest,2,0.0001,False,False
.sfo,2,0.0001,False,False
.qa,2,0.0001,False,False
.listobs,2,0.0001,False,False
.in~,2,0.0001,False,False
.mpi,2,0.0001,False,False
.zinc,2,0.0001,False,False
.gwp,2,0.0001,False,False
.jhm,2,0.0001,False,False
.rcq,2,0.0001,False,False
.rmf,2,0.0001,False,False
.testsuite,2,0.0001,False,False
.1536,2,0.0001,False,False
.rprox,2,0.0001,False,False
.cross,2,0.0001,False,False
.unittest,2,0.0001,False,False
.parameterized,2,0.0001,False,False
.diskspecs,2,0.0001,False,False
.outv,2,0.0001,False,False
.parv,2,0.0001,False,False
.dat3,2,0.0001,False,False
.sthlp,2,0.0001,False,False
.cproj,2,0.0001,False,False
.feas,2,0.0001,False,False
.modelproj,2,0.0001,False,False
.addin,2,0.0001,False,False
.ewl,2,0.0001,False,False
.lzfse,2,0.0001,False,False
.ccc,2,0.0001,False,False
.pick,2,0.0001,False,False
.parameters,2,0.0001,False,False
.perspective,2,0.0001,False,False
.vowel,2,0.0001,False,False
.1-const,2,0.0001,False,False
.1-vowel,2,0.0001,False,False
.poni,2,0.0001,False,False
.nestml,2,0.0001,False,False
.cql,2,0.0001,False,False
.avl,2,0.0001,False,False
.cad,2,0.0001,False,False
.vsidx,2,0.0001,False,False
.ktx,2,0.0001,False,False
.geohash,2,0.0001,False,False
.mappings,2,0.0001,False,False
.f%,2,0.0001,False,False
.taup,2,0.0001,False,False
.tvel,2,0.0001,False,False
.clustal_num,2,0.0001,False,False
.dbr,2,0.0001,False,False
.f77,1,0.0,False,False
.fast,1,0.0,False,False
.qgraf,1,0.0,False,False
.rtn,1,0.0,False,False
.headers,1,0.0,False,False
.scaf2bin,1,0.0,False,False
.xwb,1,0.0,False,False
.transformerfactory,1,0.0,False,False
.xpathfactory,1,0.0,False,False
.fcgi,1,0.0,False,False
.aliases,1,0.0,False,False
.lvlps,1,0.0,False,False
.robj,1,0.0,False,False
.fr_msm_hcv_1a,1,0.0,False,False
.filt,1,0.0,False,False
.voc,1,0.0,False,False
.arith,1,0.0,False,False
.gmk,1,0.0,False,False
.cc_head,1,0.0,False,False
.cc_tail,1,0.0,False,False
.opf,1,0.0,False,False
.scrm,1,0.0,False,False
.axt,1,0.0,False,False
.comm,1,0.0,False,False
.eu,1,0.0,False,False
.ini_tmpl,1,0.0,False,False
.entry1,1,0.0,False,False
.fqrs,1,0.0,False,False
.ecg,1,0.0,False,False
.addon,1,0.0,False,False
.aa6f9e2,1,0.0,False,False
.p18564,1,0.0,False,False
.png~,1,0.0,False,False
.pass,1,0.0,False,False
.client,1,0.0,False,False
.ods#,1,0.0,False,False
.template1,1,0.0,False,False
.template2,1,0.0,False,False
.0_c07_19_nc_sat001_minmin_p005000_rr,1,0.0,False,False
.0_c07_19_nc_sos_sat001_minmin_p005000_rr,1,0.0,False,False
.0_c12_02_nc_sat001_minmin_p005000_rr,1,0.0,False,False
.0_g----_0001_c18_f1_se_cs_sp_s00,1,0.0,False,False
.0_g----_0001_c18_f1_se_cs_sp_s0y,1,0.0,False,False
.0_g----_0001_c47_f1_se_cs_sp_s00,1,0.0,False,False
.0_g----_0003_c18_f1_pi_se_cs_sp_s0y,1,0.0,False,False
.0_g----_0003_c18_f1_se_cs_sp_s0y,1,0.0,False,False
.0_g----_0004_c18_f1_se_cs_sp_pi_s0y,1,0.0,False,False
.0_g----_0004_c18_f1_se_cs_sp_s0y,1,0.0,False,False
.0_g----_0005_c18_f1_se_cs_sp_s0y,1,0.0,False,False
.0_g----_0008_c18_f1_se_cs_sp_s0y,1,0.0,False,False
.0_g----_0010_evo,1,0.0,False,False
.0_g----_0012_c18_f1_se_cs_sp_s0y,1,0.0,False,False
.0_g----_0012_c18_f1_se_cs_sp_s5prr_rg_s04an,1,0.0,False,False
.0_g----_0012_c18_f1_se_cs_sp_s5prr_rg_s0y,1,0.0,False,False
.0_g----_0013_c18_f1_se_cs_sp_s0y,1,0.0,False,False
.0_g----_0014_c18_f1_se_cs_sp_s0y,1,0.0,False,False
.0_g----_0015_c18_f1_se_cs_sp_s0y,1,0.0,False,False
.0_g----_0016_c18_f1_se_cs_sp_s0y,1,0.0,False,False
.0_g----_0017_c18_f1_pi_se_cs_sp_s4y,1,0.0,False,False
.0_g----_0017_c18_f1_se_cs_sp_s0y,1,0.0,False,False
.0_g----_0017_c18_f1_se_cs_sp_s4y,1,0.0,False,False
.0_g----_0018_c18_f1_se_cs_sp_s0y,1,0.0,False,False
.0_g----_0019_c18_f1_pi_se_cs_sp_s0y,1,0.0,False,False
.0_g----_0019_c18_f1_se_cs_sp_s0y,1,0.0,False,False
.0_g----_0021_c18_f1_se_cs_sp_s0y,1,0.0,False,False
.0_g----_0021_c18_f1_se_cs_sp_s4s,1,0.0,False,False
.0_g----_0021_c18_f1_se_cs_sp_s4y,1,0.0,False,False
.0_g----_0021_c18_f1_se_cs_sp_s5prr_s0y,1,0.0,False,False
.0_g----_0023_c18_f1_se_cs_sp_s0y,1,0.0,False,False
.0_g----_0023_c18_f1_se_cs_sp_s4s,1,0.0,False,False
.0_g----_0026_c18_f1_se_cs_sp_s0y,1,0.0,False,False
.0_g----_0026_c18_f1_se_cs_sp_s4s,1,0.0,False,False
.0_g----_0027_c18_f1_pi_se_cs_sp_s0y,1,0.0,False,False
.0_g----_0027_c18_f1_se_cs_sp_s0y,1,0.0,False,False
.0_g----_0028_c18_f1_se_cs_sp_ps_s0y,1,0.0,False,False
.0_g----_0028_c18_f1_se_cs_sp_s0y,1,0.0,False,False
.0_g----_0029_c18_f1_pi_se_cs_sp_s0y,1,0.0,False,False
.0_g----_0029_c18_f1_se_cs_sp_s0y,1,0.0,False,False
.0_g----_0030_c18_f1_pi_se_cs_sp_s0y,1,0.0,False,False
.0_g----_0030_c18_f1_se_cs_sp_s0y,1,0.0,False,False
.0_g----_0031_c18_f1_se_cs_sp_s0y,1,0.0,False,False
.0_g----_0033_c18_f1_se_cs_sp_s0y,1,0.0,False,False
.0_g----_0034_c18_f1_se_cs_sp_s0y,1,0.0,False,False
.0_g----_2275__c12_02_nc_f1_ae_cs_sp_rg_s2s,1,0.0,False,False
.0_g----_2275_c12_02_nc_f1_ae_cs_sp_s2s,1,0.0,False,False
.0_g----_400_c05_02_f1_se_cs_sp_ps_rg_s04aa,1,0.0,False,False
.0_g----_400_c05_02_f1_se_cs_sp_ps_rg_s04ai,1,0.0,False,False
.0_g----_400_c05_02_f1_se_cs_sp_ps_rg_s04an,1,0.0,False,False
.0_g----_401_c05_02_f1_se_cs_sp_ps_rg_s04aa,1,0.0,False,False
.0_g----_401_c05_02_f1_se_cs_sp_ps_rg_s04ai,1,0.0,False,False
.0_g----_401_c05_02_f1_se_cs_sp_ps_rg_s04an,1,0.0,False,False
.0_g----_402_c05_02_f1_se_cs_sp_ps_rg_s04aa,1,0.0,False,False
.0_g----_402_c05_02_f1_se_cs_sp_ps_rg_s04ai,1,0.0,False,False
.0_g----_402_c05_02_f1_se_cs_sp_ps_rg_s04an,1,0.0,False,False
.0_g----_403_c05_02_f1_se_cs_sp_ps_rg_s04aa,1,0.0,False,False
.0_g----_403_c05_02_f1_se_cs_sp_ps_rg_s04ai,1,0.0,False,False
.0_g----_403_c05_02_f1_se_cs_sp_ps_rg_s04an,1,0.0,False,False
.0_g----_404_c05_02_f1_se_cs_sp_ps_rg_s04aa,1,0.0,False,False
.0_g----_404_c05_02_f1_se_cs_sp_ps_rg_s04ai,1,0.0,False,False
.0_g----_404_c05_02_f1_se_cs_sp_ps_rg_s04an,1,0.0,False,False
.0_g----_405_c05_02_f1_se_cs_sp_ps_rg_s04aa,1,0.0,False,False
.0_g----_405_c05_02_f1_se_cs_sp_ps_rg_s04ai,1,0.0,False,False
.0_g----_405_c05_02_f1_se_cs_sp_ps_rg_s04an,1,0.0,False,False
.0_g----_406_c05_02_f1_se_cs_sp_ps_rg_s04aa,1,0.0,False,False
.0_g----_406_c05_02_f1_se_cs_sp_ps_rg_s04ai,1,0.0,False,False
.0_g----_406_c05_02_f1_se_cs_sp_ps_rg_s04an,1,0.0,False,False
.0_g----_407_c05_02_f1_se_cs_sp_ps_rg_s04aa,1,0.0,False,False
.0_g----_407_c05_02_f1_se_cs_sp_ps_rg_s04ai,1,0.0,False,False
.0_g----_407_c05_02_f1_se_cs_sp_ps_rg_s04an,1,0.0,False,False
.0_g----_408_c05_02_f1_se_cs_sp_ps_rg_s04aa,1,0.0,False,False
.0_g----_408_c05_02_f1_se_cs_sp_ps_rg_s04ai,1,0.0,False,False
.0_g----_408_c05_02_f1_se_cs_sp_ps_rg_s04an,1,0.0,False,False
.0_g----_409_c05_02_f1_se_cs_sp_ps_rg_s04aa,1,0.0,False,False
.0_g----_409_c05_02_f1_se_cs_sp_ps_rg_s04ai,1,0.0,False,False
.0_g----_409_c05_02_f1_se_cs_sp_ps_rg_s04an,1,0.0,False,False
.0_g----_420_c05_02_f1_se_cs_sp_ps_rg_s04aa,1,0.0,False,False
.0_g----_420_c05_02_f1_se_cs_sp_ps_rg_s04ai,1,0.0,False,False
.0_g----_420_c05_02_f1_se_cs_sp_ps_rg_s04an,1,0.0,False,False
.0_g----_421_c05_02_f1_se_cs_sp_ps_rg_s04aa,1,0.0,False,False
.0_g----_421_c05_02_f1_se_cs_sp_ps_rg_s04ai,1,0.0,False,False
.0_g----_421_c05_02_f1_se_cs_sp_ps_rg_s04an,1,0.0,False,False
.0_g----_422_c05_02_f1_se_cs_sp_ps_rg_s04aa,1,0.0,False,False
.0_g----_422_c05_02_f1_se_cs_sp_ps_rg_s04ai,1,0.0,False,False
.0_g----_422_c05_02_f1_se_cs_sp_ps_rg_s04an,1,0.0,False,False
.0_g----_423_c05_02_f1_se_cs_sp_ps_rg_s04aa,1,0.0,False,False
.0_g----_423_c05_02_f1_se_cs_sp_ps_rg_s04ai,1,0.0,False,False
.0_g----_423_c05_02_f1_se_cs_sp_ps_rg_s04an,1,0.0,False,False
.0_g----_424_c05_02_f1_se_cs_sp_ps_rg_s04aa,1,0.0,False,False
.0_g----_424_c05_02_f1_se_cs_sp_ps_rg_s04ai,1,0.0,False,False
.0_g----_424_c05_02_f1_se_cs_sp_ps_rg_s04an,1,0.0,False,False
.0_g----_425_c05_02_f1_se_cs_sp_ps_rg_s04aa,1,0.0,False,False
.0_g----_425_c05_02_f1_se_cs_sp_ps_rg_s04ai,1,0.0,False,False
.0_g----_425_c05_02_f1_se_cs_sp_ps_rg_s04an,1,0.0,False,False
.0_g----_426_c05_02_f1_se_cs_sp_ps_rg_s04aa,1,0.0,False,False
.0_g----_426_c05_02_f1_se_cs_sp_ps_rg_s04ai,1,0.0,False,False
.0_g----_426_c05_02_f1_se_cs_sp_ps_rg_s04an,1,0.0,False,False
.0_g----_427_c05_02_f1_se_cs_sp_ps_rg_s04aa,1,0.0,False,False
.0_g----_427_c05_02_f1_se_cs_sp_ps_rg_s04ai,1,0.0,False,False
.0_g----_427_c05_02_f1_se_cs_sp_ps_rg_s04an,1,0.0,False,False
.0_g----_428_c05_02_f1_se_cs_sp_ps_rg_s04aa,1,0.0,False,False
.0_g----_428_c05_02_f1_se_cs_sp_ps_rg_s04ai,1,0.0,False,False
.0_g----_428_c05_02_f1_se_cs_sp_ps_rg_s04an,1,0.0,False,False
.0_g----_429_c05_02_f1_se_cs_sp_ps_rg_s04aa,1,0.0,False,False
.0_g----_429_c05_02_f1_se_cs_sp_ps_rg_s04ai,1,0.0,False,False
.0_g----_429_c05_02_f1_se_cs_sp_ps_rg_s04an,1,0.0,False,False
.0_g----_x1276__c12_02_nc_f1_ae_cs_sp_rg_s04an,1,0.0,False,False
.0_g----_x1276__c12_02_nc_f1_ae_cs_sp_s2s,1,0.0,False,False
.0_g----_x1276__c12_02_nc_f1_ae_cs_sp_s5prr_s2s,1,0.0,False,False
.0_g----_x1410__c12_02_nc_f1_ae_cs_sp_s2s,1,0.0,False,False
.0_g----_y1006_c12_02_nc_f1_ae_cs_sp_s2s,1,0.0,False,False
.0_g----_y1346__c12_02_nc_f1_ae_cs_sp_s2s,1,0.0,False,False
.0_g----_y1410__c12_02_nc_f1_ae_cs_sp_s2s,1,0.0,False,False
.0_g----_z1014__c12_02_nc_f1_ae_cs_sp_s2s,1,0.0,False,False
.0_g----_z1014__c12_02_nc_f1_ae_cs_ssp_s2s,1,0.0,False,False
.0_g----_z1410__c12_02_nc_f1_ae_cs_sp_s2s,1,0.0,False,False
.0_g-e--_006_c18_f1_pi_ae_q4_cs_sp_s2s,1,0.0,False,False
.0_g-e--_008_c18_f1_ae_q4_cs_sp_s2s,1,0.0,False,False
.0_g-e--_008_c18_f1_pi_ae_cs_sp_co_s4s,1,0.0,False,False
.0_g-e--_008_c18_f1_pi_ae_q4_cs_sp_ps_s0y,1,0.0,False,False
.0_g-e--_008_c18_f1_pi_se_cs_sp_co_s4s,1,0.0,False,False
.0_g-e--_008_c45_f1_ae_cs_sp_ps_s0y,1,0.0,False,False
.0_g-e--_008_c45_f1_pi_ae_cs_sp_co_s4s,1,0.0,False,False
.0_g-e--_008_c45_f1_pi_ae_q4_cs_sp_co_s4s,1,0.0,False,False
.0_g-e--_008_c45_f1_pi_ae_q4_cs_sp_s4c,1,0.0,False,False
.0_g-e--_008_c45_f1_pi_ae_q4_cs_sp_s4d,1,0.0,False,False
.0_g-e--_008_c45_f1_pi_ae_q4_cs_sp_s4s,1,0.0,False,False
.0_g-e--_008_c45_f1_pi_s5prr_se_q4_cs_sp_s4s,1,0.0,False,False
.0_g-e--_008_c45_f1_pi_se_q4_cs_sp_s0y,1,0.0,False,False
.0_g-e--_008_c45_f1_pi_se_q4_cs_sp_s4s,1,0.0,False,False
.0_g-e--_008_c45_f1_pi_se_q4_cs_sp_s4sa,1,0.0,False,False
.0_g-e--_008_c45_f1_pi_se_q4_cs_sp_s4si,1,0.0,False,False
.0_g-e--_012_c18_f1_pi_ae_q4_cs_sp_ps_s0y,1,0.0,False,False
.0_g-e--_024_b31_f1_pi_ae_q4_cs_sp_s2s,1,0.0,False,False
.0_g-e--_041_c18_f1_pi_ae_q4_cs_sp_s0y,1,0.0,False,False
.0_g-e--_042_c18_f1_pi_ae_q4_cs_sp_ps_s0y,1,0.0,False,False
.0_g-e--_042_c45_f1_pi_ae_q4_cs_sp_ps_s4s,1,0.0,False,False
.0_g-e--_060_c18_f1_pi_ae_cs_sp_co_s0y,1,0.0,False,False
.0_g-e--_060_c18_f1_pi_ae_cs_sp_s0y,1,0.0,False,False
.0_g-e--_060_c18_f1_pi_ae_q4_cs_sp_s0y,1,0.0,False,False
.0_g-e--_060_c18_f1_pi_se_cs_sp_co_s0y,1,0.0,False,False
.0_g-e--_060_c18_f1_pi_se_cs_sp_s0y,1,0.0,False,False
.0_g-e--_092_c01_f1_ae_cs_sp_ps_co_s0y,1,0.0,False,False
.0_g-e--_092_c01_f1_ae_cs_sp_ps_s0y,1,0.0,False,False
.0_g-e--_092_c01_f1_pi_ae_q4_cs_sp_ps_s0y,1,0.0,False,False
.0_g-e--_100_c18_f1_pi_ae_q4_cs_sp_ps_s0y,1,0.0,False,False
.0_g-e--_100_c18_f1_pi_ae_q4_cs_sp_s0y,1,0.0,False,False
.0_g-e--_103_c18_f1_pi_ae_q4_cs_sp_s0y,1,0.0,False,False
.0_g-e--_107_b00_00_f1_pi_ae_q4_cs_sp_ps_s071i,1,0.0,False,False
.0_g-e--_107_b00_00_f1_pi_ae_q4_cs_sp_ps_s08bn,1,0.0,False,False
.0_g-e--_107_b03_f1_pi_ae_q4_cs_sp_ps_s0y,1,0.0,False,False
.0_g-e--_107_b03_f1_pi_ae_q4_cs_sp_ps_s4s,1,0.0,False,False
.0_g-e--_107_b42_f1_pi_ae_q4_cs_sp_ps_s0y,1,0.0,False,False
.0_g-e--_107_b42_f1_pi_se_q4_cs_sp_ps_s0y,1,0.0,False,False
.0_g-e--_107_b42_f1_pi_se_q4_cs_sp_ps_s0ya,1,0.0,False,False
.0_g-e--_107_b42_f1_pi_se_q4_cs_sp_ps_s0yi,1,0.0,False,False
.0_g-e--_107_b42_f1_pi_se_q4_cs_sp_ps_s5prr_s0y,1,0.0,False,False
.0_g-e--_107_c12_02_nc_f1_pi_ae_q4_cs_sp_ps_s033n,1,0.0,False,False
.0_g-e--_107_c12_11_nc_f1_pi_ae_q4_cs_sp_ps_s071i,1,0.0,False,False
.0_g-e--_107_c18_f1_ae_cs_sp_ps_s0y,1,0.0,False,False
.0_g-e--_107_c18_f1_ae_q4_cs_sp_co_s0y,1,0.0,False,False
.0_g-e--_107_c18_f1_ae_q4_cs_sp_ps_s0y,1,0.0,False,False
.0_g-e--_107_c18_f1_ae_q4_cs_sp_s0y,1,0.0,False,False
.0_g-e--_107_c18_f1_pi_ae_q4_cs_sp_ps_s4s,1,0.0,False,False
.0_g-e--_107_c36_f1_pi_ae_q4_cs_sp_ps_s0y,1,0.0,False,False
.0_g-e--_107_c37_f1_pi_ae_q4_cs_sp_ps_s0y,1,0.0,False,False
.0_g-e--_107_c37_sos_f1_pi_ae_q4_cs_sp_ps_s0y,1,0.0,False,False
.0_g-e--_107_c41_f1_pi_ae_cs_sp_ps_s4s,1,0.0,False,False
.0_g-e--_107_c41_f1_pi_ae_q4_cs_sp_ps_co_s4s,1,0.0,False,False
.0_g-e--_107_c41_f1_pi_ae_q4_cs_sp_ps_s0y,1,0.0,False,False
.0_g-e--_107_c41_f1_pi_ae_q4_cs_sp_ps_s2u,1,0.0,False,False
.0_g-e--_107_c41_f1_pi_ae_q4_cs_sp_ps_s4s,1,0.0,False,False
.0_g-e--_107_c41_f1_pi_ae_q4_cs_sp_ps_s5s,1,0.0,False,False
.0_g-e--_107_c45_f1_ae_q4_cs_sp_ps_s0y,1,0.0,False,False
.0_g-e--_107_c45_f1_pi_ae_q4_cs_sp_s0y,1,0.0,False,False
.0_g-e--_107_c45_f1_pi_ae_q7_cs_sp_ps_s0y,1,0.0,False,False
.0_g-e--_107_c48_f1_ae_cs_sp_ps_s0y,1,0.0,False,False
.0_g-e--_107_c48_f1_pi_ae_q4_cs_sp_ps_s0y,1,0.0,False,False
.0_g-e--_110_c45_f1_pi_ae_q4_cs_sp_ps_s4s,1,0.0,False,False
.0_g-e--_110_c45_f1_pi_se_cs_sp_ps_s4s,1,0.0,False,False
.0_g-e--_110_c45_f1_pi_se_q4_cs_sp_ps_s4s,1,0.0,False,False
.0_g-e--_200_b02_f1_ae_cs_sp_pi_s0s,1,0.0,False,False
.0_g-e--_200_b02_f1_ae_cs_sp_pi_s0y,1,0.0,False,False
.0_g-e--_200_b02_f1_ae_cs_sp_pi_s2k,1,0.0,False,False
.0_g-e--_200_b02_f1_se_cs_sp_pi_s0s,1,0.0,False,False
.0_g-e--_200_b02_f1_se_cs_sp_pi_s2k,1,0.0,False,False
.0_g-e--_200_b07_f1_ae_cs_sp_pi_s0y,1,0.0,False,False
.0_g-e--_200_c18_f1_ae_cs_sp_pi_s0y,1,0.0,False,False
.0_g-e--_200_c41_f1_ae_cs_sp_pi_s0y,1,0.0,False,False
.0_g-e--_200_c45_f1_ae_cs_sp_pi_co_s0v,1,0.0,False,False
.0_g-e--_200_c45_f1_ae_cs_sp_pi_ps_s0y,1,0.0,False,False
.0_g-e--_200_c45_f1_ae_cs_sp_pi_s0s,1,0.0,False,False
.0_g-e--_200_c45_f1_ae_cs_sp_pi_s0v,1,0.0,False,False
.0_g-e--_200_c45_f1_ae_cs_sp_pi_s0y,1,0.0,False,False
.0_g-e--_200_c45_f1_ae_cs_sp_pi_s2s,1,0.0,False,False
.0_g-e--_200_c45_f1_ae_cs_sp_pi_s4s,1,0.0,False,False
.0_g-e--_200_c45_f1_ae_cs_sp_s0y,1,0.0,False,False
.0_g-e--_200_c45_f1_ae_q4_cs_sp_pi_s0y,1,0.0,False,False
.0_g-e--_200_c45_f1_se_cs_sp_pi_co_s0v,1,0.0,False,False
.0_g-e--_200_c45_f1_se_cs_sp_pi_co_s5prr_s0v,1,0.0,False,False
.0_g-e--_201_c45_f1_ae_cs_sp_pi_co_s0y,1,0.0,False,False
.0_g-e--_201_c45_f1_ae_cs_sp_pi_s0y,1,0.0,False,False
.0_g-e--_204_c45_f1_ae_cs_sp_pi_s0y,1,0.0,False,False
.0_g-e--_205_c45_f1_ae_cs_sp_pi_s0y,1,0.0,False,False
.0_g-e--_205_c45_f1_ae_cs_sp_pi_s5prr_s0y,1,0.0,False,False
.0_g-e--_207_b07_f1_ae_cs_sp_pi_ps_s0y,1,0.0,False,False
.0_g-e--_207_b07_f1_ae_cs_sp_ps_s0y,1,0.0,False,False
.0_g-e--_207_c01_f1_ae_cs_sp_pi_s0y,1,0.0,False,False
.0_g-e--_207_c01_f1_se_cs_sp_pi_s0y,1,0.0,False,False
.0_g-e--_207_c01_f1_se_cs_sp_pi_s5prr_s0y,1,0.0,False,False
.0_g-e--_207_c18_f1_ae_cs_sp_pi_co_s00,1,0.0,False,False
.0_g-e--_207_c18_f1_ae_cs_sp_pi_co_s0y,1,0.0,False,False
.0_g-e--_207_c18_f1_ae_cs_sp_pi_co_s2s,1,0.0,False,False
.0_g-e--_207_c18_f1_ae_cs_sp_pi_ps_s00,1,0.0,False,False
.0_g-e--_207_c18_f1_ae_cs_sp_pi_ps_s0i,1,0.0,False,False
.0_g-e--_207_c18_f1_ae_cs_sp_pi_ps_s0s,1,0.0,False,False
.0_g-e--_207_c18_f1_ae_cs_sp_pi_ps_s0u,1,0.0,False,False
.0_g-e--_207_c18_f1_ae_cs_sp_pi_ps_s0y,1,0.0,False,False
.0_g-e--_207_c18_f1_ae_cs_sp_pi_ps_s2s,1,0.0,False,False
.0_g-e--_207_c18_f1_ae_cs_sp_pi_ps_s2u,1,0.0,False,False
.0_g-e--_207_c18_f1_ae_cs_sp_pi_ps_s3s,1,0.0,False,False
.0_g-e--_207_c18_f1_ae_cs_sp_pi_s00,1,0.0,False,False
.0_g-e--_207_c18_f1_ae_cs_sp_pi_s0a,1,0.0,False,False
.0_g-e--_207_c18_f1_ae_cs_sp_pi_s0e,1,0.0,False,False
.0_g-e--_207_c18_f1_ae_cs_sp_pi_s0y,1,0.0,False,False
.0_g-e--_207_c18_f1_ae_cs_sp_pi_s2s,1,0.0,False,False
.0_g-e--_207_c18_f1_ae_cs_sp_pi_s4s,1,0.0,False,False
.0_g-e--_207_c18_f1_ae_cs_sp_ps_s0u,1,0.0,False,False
.0_g-e--_207_c18_f1_ae_cs_sp_ps_s0v,1,0.0,False,False
.0_g-e--_207_c18_f1_ae_cs_sp_ps_s0y,1,0.0,False,False
.0_g-e--_207_c18_f1_ae_cs_sp_ps_s2s,1,0.0,False,False
.0_g-e--_207_c18_f1_ae_cs_sp_ps_s3s,1,0.0,False,False
.0_g-e--_207_c18_f1_ae_cs_sp_ps_s4s,1,0.0,False,False
.0_g-e--_207_c18_f1_ae_q4_cs_sp_pi_co_ps_s00,1,0.0,False,False
.0_g-e--_207_c18_f1_ae_q7_cs_sp_co_ps_s00,1,0.0,False,False
.0_g-e--_207_c18_f1_ae_q7_cs_sp_pi_co_ps_s00,1,0.0,False,False
.0_g-e--_207_c18_f1_cs_sp_s0y,1,0.0,False,False
.0_g-e--_207_c18_f1_pi_s0y,1,0.0,False,False
.0_g-e--_207_c18_f1_se_cs_sp_pi_ps_s00a,1,0.0,False,False
.0_g-e--_207_c18_f1_se_cs_sp_pi_ps_s00i,1,0.0,False,False
.0_g-e--_207_c18_f1_se_cs_sp_pi_ps_s0y,1,0.0,False,False
.0_g-e--_207_c18_f1_se_cs_sp_pi_ps_s2s,1,0.0,False,False
.0_g-e--_207_c18_f1_se_cs_sp_pi_ps_s2sa,1,0.0,False,False
.0_g-e--_207_c18_f1_se_cs_sp_pi_ps_s2si,1,0.0,False,False
.0_g-e--_207_c18_f1_se_cs_sp_pi_ps_s5prr_rg_s04an,1,0.0,False,False
.0_g-e--_207_c18_f1_se_cs_sp_pi_ps_s5prr_rg_s0y,1,0.0,False,False
.0_g-e--_207_c18_f1_se_cs_sp_pi_ps_s5prr_rg_s2s,1,0.0,False,False
.0_g-e--_207_c18_f1_se_cs_sp_pi_ps_s5prr_s2s,1,0.0,False,False
.0_g-e--_207_c18_f1_se_cs_sp_pi_ps_s5prr_s2si,1,0.0,False,False
.0_g-e--_207_c18_f1_sp_pi_s0y,1,0.0,False,False
.0_g-e--_207_c18_f1_sp_s0y,1,0.0,False,False
.0_g-e--_207_c41_f1_ae_cs_sp_pi_s0y,1,0.0,False,False
.0_g-e--_207_c41_f1_ae_cs_sp_pi_s4s,1,0.0,False,False
.0_g-e--_207_c45_f1_ae_cs_sp_pi_s0y,1,0.0,False,False
.0_g-e--_208_b00_00_f1_se_cs_sp_ps_s071i,1,0.0,False,False
.0_g-e--_208_b00_00_f1_se_cs_sp_ps_s5prr_s00en,1,0.0,False,False
.0_g-e--_208_b01_00_f1_se_cs_sp_ps_s04an,1,0.0,False,False
.0_g-e--_208_b01_00_f1_se_cs_sp_ps_s064a,1,0.0,False,False
.0_g-e--_208_b02_f1_ae_cs_sp_ps_s0y,1,0.0,False,False
.0_g-e--_208_b02cma_f1_se_cs_sp_ps_s5prr_rg_s04an,1,0.0,False,False
.0_g-e--_208_b07----d_f1_se_cs_sp_ps_s5prr_rg_s04aa,1,0.0,False,False
.0_g-e--_208_b07----d_f1_se_cs_sp_ps_s5prr_rg_s04ai,1,0.0,False,False
.0_g-e--_208_b07----d_f1_se_cs_sp_ps_s5prr_rg_s04an,1,0.0,False,False
.0_g-e--_208_b07----s_f1_se_cs_sp_ps_s5prr_rg_s04an,1,0.0,False,False
.0_g-e--_208_b07--c_f1_se_cs_sp_ps_s5prr_rg_s04an,1,0.0,False,False
.0_g-e--_208_b07_f1_ae_cs_sp_ps_s0y,1,0.0,False,False
.0_g-e--_208_b07_f1_ae_cs_sp_ps_s5prr_s0y,1,0.0,False,False
.0_g-e--_208_b07_f1_s5prr_se_cs_sp_ps_s0y,1,0.0,False,False
.0_g-e--_208_b07_f1_se_cs_sp_ps_s0y,1,0.0,False,False
.0_g-e--_208_b07_f1_se_cs_sp_ps_s2q,1,0.0,False,False
.0_g-e--_208_b07_f1_se_cs_sp_ps_s4d,1,0.0,False,False
.0_g-e--_208_b07_f1_se_cs_sp_ps_s5prr_rg_s04an,1,0.0,False,False
.0_g-e--_208_b07amc_f1_se_cs_sp_ps_s5prr_rg_s04an,1,0.0,False,False
.0_g-e--_208_b07cma_f1_se_cs_sp_ps_s5prr_rg_s04an,1,0.0,False,False
.0_g-e--_208_c02---_f1_se_cs_sp_ps_s5prr_rg_s04an,1,0.0,False,False
.0_g-e--_208_c02amc_f1_se_cs_sp_ps_s5prr_rg_s04an,1,0.0,False,False
.0_g-e--_208_c02cma_f1_se_cs_sp_ps_s5prr_rg_s04an,1,0.0,False,False
.0_g-e--_208_c02sc-_f1_se_cs_sp_ps_s5prr_rg_s04an,1,0.0,False,False
.0_g-e--_208_c05_02_f1_se_cs_sp_ps_s5prr_rg_s04an,1,0.0,False,False
.0_g-e--_208_c09_12_f1_se_cs_sp_ps_s002a,1,0.0,False,False
.0_g-e--_208_c09_12_f1_se_cs_sp_ps_s070i,1,0.0,False,False
.0_g-e--_208_c09_12_f1_se_cs_sp_ps_s5prr_rg_nd_s04an,1,0.0,False,False
.0_g-e--_208_c09_12_f1_se_cs_sp_ps_s5prr_rg_s04an,1,0.0,False,False
.0_g-e--_208_c09_12_f1_se_cs_sp_ps_s5prr_s04an,1,0.0,False,False
.0_g-e--_208_c12_00_f1_se_cs_pi_sp_ps_s5prr_rg_s04an,1,0.0,False,False
.0_g-e--_208_c12_00_f1_se_cs_sp_ps_s5prr_rg_s04an,1,0.0,False,False
.0_g-e--_208_c12_02_nc_f1_se_cs_sp_ps_s06dn,1,0.0,False,False
.0_g-e--_208_c12_02_nc_f1_se_cs_sp_ps_s070i,1,0.0,False,False
.0_g-e--_208_c12_02_nc_f1_se_cs_sp_ps_s5prr_rg_s070i,1,0.0,False,False
.0_g-e--_208_c12_11_nc_f1_se_cs_sp_ps_s022a,1,0.0,False,False
.0_g-e--_208_c12_11_nc_f1_se_cs_sp_ps_s04bn,1,0.0,False,False
.0_g-e--_208_c12_11_nc_f1_se_cs_sp_ps_s5prr_rg_s04an,1,0.0,False,False
.0_g-e--_208_c12_11_nc_f1_se_cs_sp_ps_s5prr_s04bn,1,0.0,False,False
.0_g-e--_208_c18--c_f1_se_cs_sp_ps_s5prr_rg_s04an,1,0.0,False,False
.0_g-e--_208_c18_f1_ae_cs_sp_pi_s0a,1,0.0,False,False
.0_g-e--_208_c18_f1_ae_cs_sp_pi_s0y,1,0.0,False,False
.0_g-e--_208_c18_f1_ae_cs_sp_ps_s0a,1,0.0,False,False
.0_g-e--_208_c18_f1_ae_cs_sp_ps_s0v,1,0.0,False,False
.0_g-e--_208_c18_f1_ae_cs_sp_ps_s0y,1,0.0,False,False
.0_g-e--_208_c18_f1_ae_cs_sp_ps_s1y,1,0.0,False,False
.0_g-e--_208_c18_f1_ae_cs_sp_ps_s3s,1,0.0,False,False
.0_g-e--_208_c18_f1_ae_cs_sp_ps_s4s,1,0.0,False,False
.0_g-e--_208_c18_f1_ae_cs_sp_s0y,1,0.0,False,False
.0_g-e--_208_c18_f1_se_cs_sos_sp_ps_s5prr_rg_s04an,1,0.0,False,False
.0_g-e--_208_c18_f1_se_cs_sp_pi_ps_s5prr_rg_s04an,1,0.0,False,False
.0_g-e--_208_c18_f1_se_cs_sp_pi_ps_s5prr_s032n,1,0.0,False,False
.0_g-e--_208_c18_f1_se_cs_sp_ps_rg_s2sx,1,0.0,False,False
.0_g-e--_208_c18_f1_se_cs_sp_ps_s00,1,0.0,False,False
.0_g-e--_208_c18_f1_se_cs_sp_ps_s002a,1,0.0,False,False
.0_g-e--_208_c18_f1_se_cs_sp_ps_s003i,1,0.0,False,False
.0_g-e--_208_c18_f1_se_cs_sp_ps_s022i,1,0.0,False,False
.0_g-e--_208_c18_f1_se_cs_sp_ps_s024i,1,0.0,False,False
.0_g-e--_208_c18_f1_se_cs_sp_ps_s026i,1,0.0,False,False
.0_g-e--_208_c18_f1_se_cs_sp_ps_s028n,1,0.0,False,False
.0_g-e--_208_c18_f1_se_cs_sp_ps_s02dn,1,0.0,False,False
.0_g-e--_208_c18_f1_se_cs_sp_ps_s032n,1,0.0,False,False
.0_g-e--_208_c18_f1_se_cs_sp_ps_s038i,1,0.0,False,False
.0_g-e--_208_c18_f1_se_cs_sp_ps_s047a,1,0.0,False,False
.0_g-e--_208_c18_f1_se_cs_sp_ps_s059i,1,0.0,False,False
.0_g-e--_208_c18_f1_se_cs_sp_ps_s05ai,1,0.0,False,False
.0_g-e--_208_c18_f1_se_cs_sp_ps_s05bn,1,0.0,False,False
.0_g-e--_208_c18_f1_se_cs_sp_ps_s05cn,1,0.0,False,False
.0_g-e--_208_c18_f1_se_cs_sp_ps_s05ea,1,0.0,False,False
.0_g-e--_208_c18_f1_se_cs_sp_ps_s061n,1,0.0,False,False
.0_g-e--_208_c18_f1_se_cs_sp_ps_s07fn,1,0.0,False,False
.0_g-e--_208_c18_f1_se_cs_sp_ps_s0a,1,0.0,False,False
.0_g-e--_208_c18_f1_se_cs_sp_ps_s0u,1,0.0,False,False
.0_g-e--_208_c18_f1_se_cs_sp_ps_s0y,1,0.0,False,False
.0_g-e--_208_c18_f1_se_cs_sp_ps_s0y_ni,1,0.0,False,False
.0_g-e--_208_c18_f1_se_cs_sp_ps_s0yp,1,0.0,False,False
.0_g-e--_208_c18_f1_se_cs_sp_ps_s2a,1,0.0,False,False
.0_g-e--_208_c18_f1_se_cs_sp_ps_s2b,1,0.0,False,False
.0_g-e--_208_c18_f1_se_cs_sp_ps_s2c,1,0.0,False,False
.0_g-e--_208_c18_f1_se_cs_sp_ps_s2d,1,0.0,False,False
.0_g-e--_208_c18_f1_se_cs_sp_ps_s2f,1,0.0,False,False
.0_g-e--_208_c18_f1_se_cs_sp_ps_s2g,1,0.0,False,False
.0_g-e--_208_c18_f1_se_cs_sp_ps_s2i,1,0.0,False,False
.0_g-e--_208_c18_f1_se_cs_sp_ps_s2j,1,0.0,False,False
.0_g-e--_208_c18_f1_se_cs_sp_ps_s2k,1,0.0,False,False
.0_g-e--_208_c18_f1_se_cs_sp_ps_s2m,1,0.0,False,False
.0_g-e--_208_c18_f1_se_cs_sp_ps_s2n,1,0.0,False,False
.0_g-e--_208_c18_f1_se_cs_sp_ps_s2o,1,0.0,False,False
.0_g-e--_208_c18_f1_se_cs_sp_ps_s2p,1,0.0,False,False
.0_g-e--_208_c18_f1_se_cs_sp_ps_s2r,1,0.0,False,False
.0_g-e--_208_c18_f1_se_cs_sp_ps_s2s,1,0.0,False,False
.0_g-e--_208_c18_f1_se_cs_sp_ps_s2v,1,0.0,False,False
.0_g-e--_208_c18_f1_se_cs_sp_ps_s3a,1,0.0,False,False
.0_g-e--_208_c18_f1_se_cs_sp_ps_s3b,1,0.0,False,False
.0_g-e--_208_c18_f1_se_cs_sp_ps_s4b,1,0.0,False,False
.0_g-e--_208_c18_f1_se_cs_sp_ps_s4c,1,0.0,False,False
.0_g-e--_208_c18_f1_se_cs_sp_ps_s4d,1,0.0,False,False
.0_g-e--_208_c18_f1_se_cs_sp_ps_s4y,1,0.0,False,False
.0_g-e--_208_c18_f1_se_cs_sp_ps_s5prr_rg_s04ai,1,0.0,False,False
.0_g-e--_208_c18_f1_se_cs_sp_ps_s5prr_rg_s04an,1,0.0,False,False
.0_g-e--_208_c18_f1_se_cs_sp_ps_s5prr_rg_s04bn,1,0.0,False,False
.0_g-e--_208_c18_f1_se_cs_sp_ps_s5prr_rg_s0y,1,0.0,False,False
.0_g-e--_208_c18_f1_se_cs_sp_ps_s5prr_s002a,1,0.0,False,False
.0_g-e--_208_c18_f1_se_cs_sp_ps_s5prr_s028n,1,0.0,False,False
.0_g-e--_208_c18_f1_se_cs_sp_ps_s5prr_s032n,1,0.0,False,False
.0_g-e--_208_c18_f1_se_cs_sp_ps_s5prr_s04an,1,0.0,False,False
.0_g-e--_208_c18_f1_se_cs_sp_ps_s5prr_s059i,1,0.0,False,False
.0_g-e--_208_c18_f1_se_cs_sp_ps_s5prr_s0y,1,0.0,False,False
.0_g-e--_208_c18_f1_se_cs_sp_ps_s5prr_s2m,1,0.0,False,False
.0_g-e--_208_c18_f1_se_cs_sp_ps_s5prr_s2ma,1,0.0,False,False
.0_g-e--_208_c18_f1_se_cs_sp_ps_s5prr_s2mi,1,0.0,False,False
.0_g-e--_208_c18_f1_se_cs_sp_ps_s5prr_s2p,1,0.0,False,False
.0_g-e--_208_c18_f1_se_cs_sp_ps_s5prr_s2v,1,0.0,False,False
.0_g-e--_208_c18_f1_se_cs_sp_ps_s5prr_s4d,1,0.0,False,False
.0_g-e--_208_c18_f1_se_cs_sp_ps_tt_s0y,1,0.0,False,False
.0_g-e--_208_c18_f1_se_cs_ssp_ps_s5prr_rg_s04an,1,0.0,False,False
.0_g-e--_208_c18_f2_se_cs_sp_ps_rg_s04a,1,0.0,False,False
.0_g-e--_208_c18_f2_se_cs_sp_ps_s5prr_rg_s04a,1,0.0,False,False
.0_g-e--_208_c18_sos_f1_se_cs_sp_ps_s4c,1,0.0,False,False
.0_g-e--_208_c18amc_f1_se_cs_sp_ps_s5prr_rg_s04an,1,0.0,False,False
.0_g-e--_208_c18c--_f1_se_cs_sp_ps_s5prr_rg_s04an,1,0.0,False,False
.0_g-e--_208_c18cma_f1_se_cs_sp_ps_s5prr_rg_s04an,1,0.0,False,False
.0_g-e--_208_c41_f1_ae_cs_sp_ps_s00,1,0.0,False,False
.0_g-e--_208_c41_f1_ae_cs_sp_ps_s4s,1,0.0,False,False
.0_g-e--_208_c45_f1_ae_cs_sp_pi_co_s0v,1,0.0,False,False
.0_g-e--_208_c45_f1_ae_cs_sp_pi_ps_s0y,1,0.0,False,False
.0_g-e--_208_c47_f1_se_cs_sp_ps_s0y,1,0.0,False,False
.0_g-e--_208_c48_f1_ae_cs_sp_ps_s0y,1,0.0,False,False
.0_g-e--_209_c18_f1_ae_cs_sp_pi_s0y,1,0.0,False,False
.0_g-e--_209_c18_f1_ae_cs_sp_s0y,1,0.0,False,False
.0_g-e--_210_c18_f1_ae_cs_sp_pi_s0y,1,0.0,False,False
.0_g-e--_211_c18_f1_ae_cs_sp_s0y,1,0.0,False,False
.0_g-e--_212_c18_f1_ae_q12_cs_sp_s0y,1,0.0,False,False
.0_g-e--_212_c18_f1_ae_q12_cs_sp_s2s,1,0.0,False,False
.0_g-e--_213_c18_f1_ae_cs_sp_pi_s0y,1,0.0,False,False
.0_g-e--_214_c18_f1_ae_q7_cs_sp_pi_s0y,1,0.0,False,False
.0_g-e--_214_c18_f1_ae_r4_cs_sp_pi_s0y,1,0.0,False,False
.0_g-e--_214_c18_f1_ae_s4_cs_sp_pi_s0y,1,0.0,False,False
.0_g-e--_215_c46_f1_ae_cs_sp_ps_s0y,1,0.0,False,False
.0_g-e--_215_c46_f1_ae_cs_sp_ps_s2s,1,0.0,False,False
.0_g-e--_300_c01_f1_se_cs_sp_s0y,1,0.0,False,False
.0_g-e--_300_c01_s00,1,0.0,False,False
.0_g-e--_300_c01_s5prr_s00,1,0.0,False,False
.0_g-e--_300_c18_f1_se_cs_sp_ps_s0y,1,0.0,False,False
.0_g-e--_300_c18_f1_se_cs_sp_s0y,1,0.0,False,False
.0_g-e--_300_c18_f1_urban_s0y,1,0.0,False,False
.0_g-e--_301_c18_f1_urban_s0y,1,0.0,False,False
.0_g-e--_301_c18_f1_urban_s5prr_rg_s04an,1,0.0,False,False
.0_g-e--_301_c18_f1_urban_s5prr_rg_s04bn,1,0.0,False,False
.0_g-e--_301_c18_f1_urban_s5prr_rg_s070i,1,0.0,False,False
.0_g-e--_301_c18_f1_urban_s5prr_rg_s0y,1,0.0,False,False
.0_g-e--_301_c18_f1_urban_s5prr_s0y,1,0.0,False,False
.0_g-e--_302_c18_f1_urban_rg_s04bn,1,0.0,False,False
.0_g-e--_302_c18_f1_urban_s0y,1,0.0,False,False
.0_g-e--_302_c18_f1_urban_s5prr_rg_s04bn,1,0.0,False,False
.0_g-e--_302_c18_f1_urban_s5prr_rg_s0y,1,0.0,False,False
.0_g-e--_302_c18_f1_urban_s5prr_s0y,1,0.0,False,False
.0_g-e--_303_c18_f1_urban_s0y,1,0.0,False,False
.0_g-n--_023_b07_f1_pi_q7_cs_os_s0y,1,0.0,False,False
.0_g-n--_023_b07_f1_sp_pi_q7_cs_ae_s0y,1,0.0,False,False
.0_g-n--_023_b07_f1_sp_pi_q7_cs_se_s0y,1,0.0,False,False
.0_g-n--_023_b07_f1_sp_pi_q7_cs_se_s5prr_s0y,1,0.0,False,False
.0_g-n--_023_b07_f1_sp_pi_q7_cs_sp_co_s0y,1,0.0,False,False
.0_g-n--_023_b07_f1_sp_pi_q7_cs_sp_co_s5prr_s0y,1,0.0,False,False
.0_g-n--_023_b07_f1_sp_pi_q7_cs_sp_s0y,1,0.0,False,False
.0_h----_011_c07_f1_pi_ae_os_r8_sp_s1u,1,0.0,False,False
.0_h----_011_c07_f1_pi_ae_os_s1u,1,0.0,False,False
.0_h----_011_c07_f1_pi_ae_q4_cs_sp_ps_s0v,1,0.0,False,False
.0_h----_011_c07_f1_pi_ae_q4_cs_sp_ps_sov,1,0.0,False,False
.0_h----_011_c07_f1_pi_ae_q4_sp_s0v,1,0.0,False,False
.0_h----_011_c07_f1_pi_ae_sp_s0v,1,0.0,False,False
.0_h----_011_c07_f1_pi_se_sp_s0v,1,0.0,False,False
.0_h----_011_c18_f1_pi_ae_sp_s2s,1,0.0,False,False
.0_h----_011_c18_f1_pi_se_sp_s2s,1,0.0,False,False
.0_h----_042_b03_f1_ae_q4_sp_s2s,1,0.0,False,False
.0_h----_047_b31_f1_pi_ae_r4_cs_sp_s2k,1,0.0,False,False
.0_h----_047_b31_f1_pi_ae_r4_cs_sp_s2s,1,0.0,False,False
.0_h----_047_b31_f1_pi_ae_r4_cs_sp_s4c,1,0.0,False,False
.0_h----_047_b31_f1_pi_ae_r4_cs_sp_s4d,1,0.0,False,False
.0_h----_047_c02_f1_pi_ae_q12_cs_sp_s2s,1,0.0,False,False
.0_h----_047_c02_f1_pi_se_q12_cs_sp_s2s,1,0.0,False,False
.0_h----_047_c05_04_f1_ae_r8_cs_sp_rg_s2s,1,0.0,False,False
.0_h----_047_c09_12_f1_ae_nd_cs_sp_s2s,1,0.0,False,False
.0_h----_047_c09_12_f1_ae_nd_cs_sp_s5prr_rg_s04an,1,0.0,False,False
.0_h----_047_c09_12_f1_ae_nd_cs_sp_s5prr_rg_s2s,1,0.0,False,False
.0_h----_047_c09_12_f1_ae_nd_cs_sp_s5prr_s2s,1,0.0,False,False
.0_h----_047_c09_12_f1_ae_nd_sp_s2s,1,0.0,False,False
.0_h----_047_c18_f1_ae_r8_cs_sp_s2s,1,0.0,False,False
.0_h----_047_c18_f1_pi_ae_r8_cs_sp_s2s,1,0.0,False,False
.0_h----_047_c45_f1_ae_r8_cs_sp_s2s,1,0.0,False,False
.0_h----_102_c18_f1_pi_ae_cs_sp_ps_s0y,1,0.0,False,False
.0_h----_102_c18_f1_pi_ae_cs_sp_ps_s2s,1,0.0,False,False
.0_h----_102_c18_f1_pi_ae_q4_cs_sp_ps_s2s,1,0.0,False,False
.0_h----_102_c18_f1_pi_ae_q4_cs_sp_ps_s5prr_s2s,1,0.0,False,False
.0_h----_102_c18_f1_pi_ae_q4_cs_sp_s1s,1,0.0,False,False
.0_sat001_ca_minmin_p005000_rr,1,0.0,False,False
.0_sat001_co_minmin_p005000_rr,1,0.0,False,False
.0_sat001_frscon_p005000_rr,1,0.0,False,False
.0_sat001_glomax_p005000_rr,1,0.0,False,False
.0_sat001_glomin_p005000_nn,1,0.0,False,False
.0_sat001_glomin_p005000_rr,1,0.0,False,False
.0_sat001_maxmax_p005000_rr,1,0.0,False,False
.0_sat001_maxmin_p005000_rr,1,0.0,False,False
.0_sat001_minmax_g010000_rr,1,0.0,False,False
.0_sat001_minmax_g050000_rr,1,0.0,False,False
.0_sat001_minmax_g100000_rr,1,0.0,False,False
.0_sat001_minmax_p002000_rr,1,0.0,False,False
.0_sat001_minmax_p005000_nn,1,0.0,False,False
.0_sat001_minmax_p005000_rr,1,0.0,False,False
.0_sat001_minmin_p002000_nn,1,0.0,False,False
.0_sat001_minmin_p002000_rr,1,0.0,False,False
.0_sat001_minmin_p005000_nr,1,0.0,False,False
.0_sat001_minmin_p005000_rr,1,0.0,False,False
.0_sat001_minmin_p005000_rr_d1,1,0.0,False,False
.0_sat001_minmin_p005000_rr_q4,1,0.0,False,False
.0_sat001_minmin_p005000_rr_q7,1,0.0,False,False
.0_sat001_minmin_p005000_rr_rg,1,0.0,False,False
.0_sat001_minmin_t00x000_rr,1,0.0,False,False
.0_sat001_minmin_t050000_nr,1,0.0,False,False
.0_sat001_minmin_t050000_rr,1,0.0,False,False
.0_sat001_minmin_x000000_rr,1,0.0,False,False
.0_sat002_minmin_p005000_rr,1,0.0,False,False
.0_sat002_minmin_p005000_rr_d1,1,0.0,False,False
.0_sat002_minmin_p005000_rr_d10,1,0.0,False,False
.0_sat002_minmin_p005000_rr_d100,1,0.0,False,False
.0_sat002_minmin_p005000_rr_d1000,1,0.0,False,False
.0_sat002_minmin_p010000_rr_d1000,1,0.0,False,False
.0_sat002_minmin_x000000_rr,1,0.0,False,False
.0_sat003_minmin_p005000_rr,1,0.0,False,False
.0_sat003_minmin_t00x000_rr,1,0.0,False,False
.0_sat003_minmin_x000000_rr,1,0.0,False,False
.0_u----_043_b31_f1_pi_ae_cs_sp_s2s,1,0.0,False,False
.0_u----_043_c18_f1_pi_ae_s4_cs_sp_s0y,1,0.0,False,False
.0_u----_043_c18_f1_pi_ae_s4_cs_sp_s4c,1,0.0,False,False
.0_u----_100_c07_23_f1_se_cs_sp_ps_s5prr_rg_s04an,1,0.0,False,False
.0_u----_100_c09_12_f1_se_cs_sp_ps_s5prr_rg_nd_s04an,1,0.0,False,False
.0_u----_100_c09_12_f1_se_cs_sp_ps_s5prr_rg_s04an,1,0.0,False,False
.0_u----_101_c09_12_f1_se_cs_sp_ps_s5prr_rg_s04an,1,0.0,False,False
.0_u----_102_c09_12_f1_se_cs_sp_ps_s5prr_rg_s04an,1,0.0,False,False
.0_u----_115e_c05_00_f1_se_pi_cs_sp_ps_s5prr_rg_s04an,1,0.0,False,False
.0_u----_115u_c12_06_f1_se_pi_cs_sp_ps_s5prr_rg_s04an,1,0.0,False,False
.0_u----_115v_c12_07_f1_se_pi_cs_sp_ps_s5prr_rg_s04an,1,0.0,False,False
.0_u----_116_c05_02_f1_se_pi_cs_sp_ps_rg_s04an,1,0.0,False,False
.0_u----_116_c05_02_f1_se_pi_cs_sp_ps_s5prr_rg_s04an,1,0.0,False,False
.0_u----_116x_c05_02_f1_se_pi_cs_sp_ps_s5prr_rg_s04an,1,0.0,False,False
.0_u----_116xg_c05_02_f1_se_pi_cs_sp_ps_s5prr_rg_s04an,1,0.0,False,False
.0_u----_116y_c05_02_f1_se_pi_cs_sp_ps_s5prr_rg_s04an,1,0.0,False,False
.0_u----_116yg_c05_02_f1_se_pi_cs_sp_ps_s5prr_rg_s04an,1,0.0,False,False
.0_u----_204f_05_c11_08_f1_se_pi_cs_sp_ps_s5prr_rg_s04an,1,0.0,False,False
.0_u----_206b_01_c11_23_f1_se_pi_cs_sp_ps_s5prr_rg_s04an,1,0.0,False,False
.0_u----_206c_00_b11_00_f1_se_pi_cs_sp_ps_s5prr_rg_s04an,1,0.0,False,False
.0_u----_206c_00_c07_23_f1_se_pi_cs_sp_ps_s5prr_rg_s04an,1,0.0,False,False
.0_u----_206c_02_b10_00_f1_se_pi_cs_sp_ps_s5prr_rg_s04an,1,0.0,False,False
.0_u----_206c_02_c11_23_f1_se_pi_cs_sp_ps_s5prr_rg_s04an,1,0.0,False,False
.0_u----_206c_10_b11_00_f1_se_pi_cs_sp_ps_s5prr_rg_s04an,1,0.0,False,False
.0_u----_206c_10_c11_08_f1_se_pi_cs_sp_ps_s5prr_rg_s04an,1,0.0,False,False
.0_u----_206d_00_b07_00_f1_se_pi_cs_sp_ps_s5prr_rg_s04an,1,0.0,False,False
.0_u----_206d_00_b10_00_f1_se_pi_cs_sp_ps_s5prr_rg_s04an,1,0.0,False,False
.0_u----_206d_00_c11_23_f1_se_pi_cs_sp_ps_s5prr_rg_s04an,1,0.0,False,False
.0_u----_206d_01_c11_23_f1_se_pi_cs_sp_ps_s5prr_rg_s04an,1,0.0,False,False
.0_u----_206d_02_b11_00_f1_se_pi_cs_sp_ps_s5prr_rg_s04an,1,0.0,False,False
.0_u----_206d_05_b11_00_f1_se_pi_cs_sp_ps_s5prr_rg_s04an,1,0.0,False,False
.0_u----_206d_05_c11_08_f1_se_pi_cs_sp_ps_s5prr_rg_s04an,1,0.0,False,False
.0_u----_206e_00_b11_00_f1_se_pi_cs_sp_ps_s5prr_rg_s04an,1,0.0,False,False
.0_u----_206e_02_b07_00_f1_se_pi_cs_sp_ps_s5prr_rg_s04an,1,0.0,False,False
.0_u----_206e_02_c07_23_f1_se_pi_cs_sp_ps_s5prr_rg_s04an,1,0.0,False,False
.0_u----_206e_02_c10_23_f1_se_pi_cs_sp_ps_s5prr_rg_s04an,1,0.0,False,False
.0_u----_206e_05_b11_00_f1_se_pi_cs_sp_ps_s5prr_rg_s04an,1,0.0,False,False
.1_0001_fifo,1,0.0,False,False
.1_0002_cw11,1,0.0,False,False
.1_0003_cw21,1,0.0,False,False
.1_0004_5cw21fifo,1,0.0,False,False
.1_0005_10cw21fifo,1,0.0,False,False
.1_0006_15cw21fifo,1,0.0,False,False
.1_0007_rw2121,1,0.0,False,False
.1_0008_rw2122,1,0.0,False,False
.1_0009_10rw2122fifo,1,0.0,False,False
.1_000x,1,0.0,False,False
.1_0010_evo,1,0.0,False,False
.1_0011_auto,1,0.0,False,False
.1_0012_rw21m1,1,0.0,False,False
.1_0013_5cw11fifo,1,0.0,False,False
.1_0014_10cw11fifo,1,0.0,False,False
.1_0015_gd,1,0.0,False,False
.1_0016_5gdfifo,1,0.0,False,False
.1_0017_15cw21fifopi,1,0.0,False,False
.1_0018_gd1,1,0.0,False,False
.1_0019_gd2,1,0.0,False,False
.1_0020_10gd1fifo,1,0.0,False,False
.1_0021_10gd3,1,0.0,False,False
.1_0022_10cw112fifo,1,0.0,False,False
.1_0023_10cw11mfifo,1,0.0,False,False
.1_0024_5cw21fifopi,1,0.0,False,False
.1_0025_gd4,1,0.0,False,False
.1_0026_15cw11fifo,1,0.0,False,False
.1_0027_10cw21fifopi,1,0.0,False,False
.1_0028_cw11pi,1,0.0,False,False
.1_0029_cw112,1,0.0,False,False
.1_0029_cw112pi,1,0.0,False,False
.1_0030_cw11m,1,0.0,False,False
.1_0030_cw11mpi,1,0.0,False,False
.1_0031_gd5,1,0.0,False,False
.1_0032_gd6,1,0.0,False,False
.1_0033_gd7,1,0.0,False,False
.1_0034_gd8,1,0.0,False,False
.1_0035_cw112,1,0.0,False,False
.1_0035_cw113,1,0.0,False,False
.1_0036_10cw113fifo,1,0.0,False,False
.1_0037_cw12,1,0.0,False,False
.1_0038_2cw11fifo,1,0.0,False,False
.1_0039_10cw11fifopi,1,0.0,False,False
.1_0051auto,1,0.0,False,False
.1_0052autosched,1,0.0,False,False
.1_0053auto,1,0.0,False,False
.1_0054autosched,1,0.0,False,False
.0_0001auto,1,0.0,False,False
.0_0055cascauto,1,0.0,False,False
.0_0056cascautosched,1,0.0,False,False
.0_0057cascauto_ncnf,1,0.0,False,False
.0_0058cascautosched_ncnf,1,0.0,False,False
.0_xxx,1,0.0,False,False
.csscpa,1,0.0,False,False
.ctmp,1,0.0,False,False
.commentboxes,1,0.0,False,False
.ston,1,0.0,False,False
.xs,1,0.0,False,False
.dotplot,1,0.0,False,False
.coverage,1,0.0,False,False
.bigdft,1,0.0,False,False
.2048procs,1,0.0,False,False
.bare2,1,0.0,False,False
.fakesmooth,1,0.0,False,False
.soft_tm,1,0.0,False,False
.doug_mod,1,0.0,False,False
.hamann_mod,1,0.0,False,False
.revpbe,1,0.0,False,False
.sj_mod,1,0.0,False,False
.971106_mod,1,0.0,False,False
.pho,1,0.0,False,False
.tm_so,1,0.0,False,False
.960808c_mod,1,0.0,False,False
.psphgh,1,0.0,False,False
.corewf,1,0.0,False,False
.f2b,1,0.0,False,False
.exit,1,0.0,False,False
.in_displ,1,0.0,False,False
.ns_energy,1,0.0,False,False
.struct,1,0.0,False,False
.intrans,1,0.0,False,False
.out_ep_invtauk,1,0.0,False,False
.out_ep_taue,1,0.0,False,False
.out_ep_tauk,1,0.0,False,False
.bxsf,1,0.0,False,False
.abo_gruns_dos,1,0.0,False,False
.abo_gruns_qpath,1,0.0,False,False
.ucell,1,0.0,False,False
.buildsys,1,0.0,False,False
.edits,1,0.0,False,False
.htk,1,0.0,False,False
.pyt,1,0.0,False,False
.test_bin,1,0.0,False,False
.10x,1,0.0,False,False
.glyphs,1,0.0,False,False
.foo,1,0.0,False,False
.appimage,1,0.0,False,False
.preamble,1,0.0,False,False
.spin2,1,0.0,False,False
.rej,1,0.0,False,False
.in_000,1,0.0,False,False
.hostkey,1,0.0,False,False
.cur,1,0.0,False,False
.fxcop,1,0.0,False,False
.shfb,1,0.0,False,False
.pubxml,1,0.0,False,False
.wapproj,1,0.0,False,False
.osqp,1,0.0,False,False
.substitutions,1,0.0,False,False
.part2,1,0.0,False,False
.part3,1,0.0,False,False
.part4,1,0.0,False,False
.hybrid,1,0.0,False,False
.par24,1,0.0,False,False
.schonhage1,1,0.0,False,False
.schonhage2,1,0.0,False,False
.big,1,0.0,False,False
.2000,1,0.0,False,False
.2400,1,0.0,False,False
.square24,1,0.0,False,False
.square6,1,0.0,False,False
.corn,1,0.0,False,False
.edison,1,0.0,False,False
.bloom,1,0.0,False,False
.embed,1,0.0,False,False
.ev,1,0.0,False,False
.mal,1,0.0,False,False
.h-xx,1,0.0,False,False
.twb,1,0.0,False,False
.tmpreferences,1,0.0,False,False
.pu1,1,0.0,False,False
.rb-old,1,0.0,False,False
.aac,1,0.0,False,False
.ac3,1,0.0,False,False
.mkv,1,0.0,False,False
.5+user_all,1,0.0,False,False
.classified,1,0.0,False,False
.detailed,1,0.0,False,False
.confused_entities,1,0.0,False,False
.divided,1,0.0,False,False
.divided_prog,1,0.0,False,False
.extra_entity,1,0.0,False,False
.extra_entity_prog,1,0.0,False,False
.extra_mention,1,0.0,False,False
.extra_mention_prog,1,0.0,False,False
.missing_entity,1,0.0,False,False
.missing_entity_prog,1,0.0,False,False
.missing_mention,1,0.0,False,False
.missing_mention_prog,1,0.0,False,False
.none,1,0.0,False,False
.span_errors,1,0.0,False,False
.cluster_context,1,0.0,False,False
.cluster_errors,1,0.0,False,False
.cluster_extra,1,0.0,False,False
.cluster_missing,1,0.0,False,False
.mention_list,1,0.0,False,False
.mention_text,1,0.0,False,False
.classified_detailed_properties,1,0.0,False,False
.classified_errors,1,0.0,False,False
.classified_summary,1,0.0,False,False
.text_with_mentions,1,0.0,False,False
.psd1,1,0.0,False,False
.frx,1,0.0,False,False
.vbp,1,0.0,False,False
.vbw,1,0.0,False,False
.tool,1,0.0,False,False
.extra,1,0.0,False,False
.syms,1,0.0,False,False
.spx,1,0.0,False,False
.0-rc3,1,0.0,False,False
.json_bert-base-uncased_512_128_64,1,0.0,False,False
.cpy,1,0.0,False,False
.ws,1,0.0,False,False
.registered,1,0.0,False,False
.g2m,1,0.0,False,False
.state1,1,0.0,False,False
.state2,1,0.0,False,False
.tg,1,0.0,False,False
.iws,1,0.0,False,False
.mpr,1,0.0,False,False
.ipr,1,0.0,False,False
.xcss,1,0.0,False,False
.sources,1,0.0,False,False
.disco,1,0.0,False,False
.clientconfig,1,0.0,False,False
.erwin,1,0.0,False,False
.sqlcmdvars,1,0.0,False,False
.sqldeployment,1,0.0,False,False
.sqlpermissions,1,0.0,False,False
.sqlsettings,1,0.0,False,False
.ldf,1,0.0,False,False
.mdf,1,0.0,False,False
.dbmdl,1,0.0,False,False
.dbproj,1,0.0,False,False
.sqlproj,1,0.0,False,False
.aterm,1,0.0,False,False
.git,1,0.0,False,False
.hg,1,0.0,False,False
.wto,1,0.0,False,False
.partaa,1,0.0,False,False
.partab,1,0.0,False,False
.partac,1,0.0,False,False
.partad,1,0.0,False,False
.partae,1,0.0,False,False
.partaf,1,0.0,False,False
.partag,1,0.0,False,False
.partah,1,0.0,False,False
.partai,1,0.0,False,False
.anf,1,0.0,False,False
.sitedef,1,0.0,False,False
.movement,1,0.0,False,False
.multicast1,1,0.0,False,False
.multicast2,1,0.0,False,False
.nam,1,0.0,False,False
.ns,1,0.0,False,False
.filelist,1,0.0,False,False
.issueregistry,1,0.0,False,False
.minisat,1,0.0,False,False
.nbc_minisat_all,1,0.0,False,False
.custom-r-base,1,0.0,False,False
.dna,1,0.0,False,False
.ce6c855,1,0.0,False,False
.codebook,1,0.0,False,False
.search,1,0.0,False,False
.tot,1,0.0,False,False
.conformalmappingtoolbox,1,0.0,False,False
.bash-completion,1,0.0,False,False
.run_std_atm,1,0.0,False,False
.cfga,1,0.0,False,False
.out_electrons_band19,1,0.0,False,False
.out_heavy_holes_band18,1,0.0,False,False
.out_light_holes_band17,1,0.0,False,False
.d12_scf,1,0.0,False,False
.out_scf,1,0.0,False,False
.gladep,1,0.0,False,False
.orbit_benchmark,1,0.0,False,False
.yacc,1,0.0,False,False
.1659_example,1,0.0,False,False
.mcmc,1,0.0,False,False
.pivt,1,0.0,False,False
.trn,1,0.0,False,False
.nobc,1,0.0,False,False
.ns_start,1,0.0,False,False
.start_lte_demix,1,0.0,False,False
.start_ns,1,0.0,False,False
.xcfcase,1,0.0,False,False
.cmn,1,0.0,False,False
.ctest,1,0.0,False,False
.example_coconut,1,0.0,False,False
.cray,1,0.0,False,False
.juqueen,1,0.0,False,False
.juqueen_big,1,0.0,False,False
.exec,1,0.0,False,False
.mfmhd_cuda,1,0.0,False,False
.minimal,1,0.0,False,False
.mutationpp,1,0.0,False,False
.pyde,1,0.0,False,False
.paml,1,0.0,False,False
.builder,1,0.0,False,False
.svg~,1,0.0,False,False
.geotiff,1,0.0,False,False
.hgt,1,0.0,False,False
.jm,1,0.0,False,False
.traps,1,0.0,False,False
.weekly,1,0.0,False,False
.buildbot,1,0.0,False,False
.d-bbmass,1,0.0,False,False
.d-freqsd,1,0.0,False,False
.postfix,1,0.0,False,False
.nospam,1,0.0,False,False
.spam,1,0.0,False,False
.set0,1,0.0,False,False
.set1,1,0.0,False,False
.set2,1,0.0,False,False
.set3,1,0.0,False,False
.perceptron,1,0.0,False,False
.by,1,0.0,False,False
.before,1,0.0,False,False
.post-svn,1,0.0,False,False
.nightly,1,0.0,False,False
.qmail,1,0.0,False,False
.suse,1,0.0,False,False
.vpopmail,1,0.0,False,False
.awl,1,0.0,False,False
.bayes,1,0.0,False,False
.txrep,1,0.0,False,False
.com_password,1,0.0,False,False
.speedtest,1,0.0,False,False
.pi,1,0.0,False,False
.plhtml,1,0.0,False,False
.urimap,1,0.0,False,False
.melt,1,0.0,False,False
.gss,1,0.0,False,False
.06112012,1,0.0,False,False
.slackbuild,1,0.0,False,False
.lng,1,0.0,False,False
.cub,1,0.0,False,False
.tf2,1,0.0,False,False
.xml-tpfa,1,0.0,False,False
.h5m,1,0.0,False,False
.centos-buildbot,1,0.0,False,False
.fedora-buildbot,1,0.0,False,False
.mac-buildbot,1,0.0,False,False
.mac-min,1,0.0,False,False
.ubuntu-buildbot,1,0.0,False,False
.gov,1,0.0,False,False
._pyc_,1,0.0,False,False
.ofs,1,0.0,False,False
.ofssave,1,0.0,False,False
.poses,1,0.0,False,False
.sub#,1,0.0,False,False
.nvd,1,0.0,False,False
.nvm,1,0.0,False,False
.tip,1,0.0,False,False
.jseo,1,0.0,False,False
.omd,1,0.0,False,False
.shfbproj,1,0.0,False,False
.renametozip,1,0.0,False,False
.licenses,1,0.0,False,False
.licx,1,0.0,False,False
.ism,1,0.0,False,False
.toml_empty,1,0.0,False,False
.keys,1,0.0,False,False
.xc,1,0.0,False,False
.bhe,1,0.0,False,False
.bhn,1,0.0,False,False
.bhz,1,0.0,False,False
.arsc,1,0.0,False,False
.complex,1,0.0,False,False
.ini into one folder,1,0.0,False,False
.exe and overwrite old copies,1,0.0,False,False
.trial,1,0.0,False,False
.localdb,1,0.0,False,False
.pbf,1,0.0,False,False
.sublime-commands,1,0.0,False,False
.sublime-mousemap,1,0.0,False,False
.sublime-menu,1,0.0,False,False
.bookmarks,1,0.0,False,False
.branch,1,0.0,False,False
.dirstate,1,0.0,False,False
.modif,1,0.0,False,False
.modif_add,1,0.0,False,False
.modif_addremove,1,0.0,False,False
.modif_reorder,1,0.0,False,False
.unifiedpusharchive,1,0.0,False,False
.loadableextension,1,0.0,False,False
.artemis,1,0.0,False,False
.noartemis,1,0.0,False,False
.nokeycloak,1,0.0,False,False
.cuter,1,0.0,False,False
.ancestrymapgeno,1,0.0,False,False
.eigenstratgeno,1,0.0,False,False
.packedancestrymapgeno,1,0.0,False,False
.pedind,1,0.0,False,False
.pedsnp,1,0.0,False,False
.ancestrymap,1,0.0,False,False
.packedped,1,0.0,False,False
.samuela,1,0.0,False,False
.xml_not_working,1,0.0,False,False
.lexicon,1,0.0,False,False
.jxl,1,0.0,False,False
.qoi,1,0.0,False,False
.sh_serial,1,0.0,False,False
.cup,1,0.0,False,False
.jflex,1,0.0,False,False
.dat13,1,0.0,False,False
.dat322,1,0.0,False,False
.dat330,1,0.0,False,False
.c172p,1,0.0,False,False
.c172r,1,0.0,False,False
.c182,1,0.0,False,False
.c310,1,0.0,False,False
.tsf,1,0.0,False,False
.datasourceregister,1,0.0,False,False
.pvk,1,0.0,False,False
.cpp-17-rewriter,1,0.0,False,False
.osp,1,0.0,False,False
.sop,1,0.0,False,False
.docsdb,1,0.0,False,False
.vocabulary,1,0.0,False,False
.codebooks,1,0.0,False,False
.offsets,1,0.0,False,False
.profiles_linc_macaq,1,0.0,False,False
.profiles_linc_mouse,1,0.0,False,False
.profiles_linc_rat,1,0.0,False,False
.profiles_linc_zebra,1,0.0,False,False
.xist-001,1,0.0,False,False
.gan,1,0.0,False,False
.lammps_data,1,0.0,False,False
.g96,1,0.0,False,False
.txyz,1,0.0,False,False
.aapl,1,0.0,False,False
.ssv,1,0.0,False,False
.bak1,1,0.0,False,False
.cuh_temp,1,0.0,False,False
.loc,1,0.0,False,False
.tasty,1,0.0,False,False
.launchersessionlistener,1,0.0,False,False
.04_acescontainer,1,0.0,False,False
.04_brew,1,0.0,False,False
.04_lto,1,0.0,False,False
.04_no_libtiff_valgrind,1,0.0,False,False
.04_openexr2_shared,1,0.0,False,False
.04_openexr2_static,1,0.0,False,False
.04_openexr33,1,0.0,False,False
.04_openexr34,1,0.0,False,False
.tcs,1,0.0,False,False
.tes,1,0.0,False,False
.qbs,1,0.0,False,False
.fhiaims,1,0.0,False,False
.rbs,1,0.0,False,False
.dockcross,1,0.0,False,False
.dockcross-manylinux,1,0.0,False,False
.dockcross-musl,1,0.0,False,False
.manylinux,1,0.0,False,False
.manylinux-mkl,1,0.0,False,False
.winaarch64,1,0.0,False,False
.mkd,1,0.0,False,False
.line3,1,0.0,False,False
.line4,1,0.0,False,False
.line5,1,0.0,False,False
.line6,1,0.0,False,False
.plane1,1,0.0,False,False
.plane10,1,0.0,False,False
.plane11,1,0.0,False,False
.plane12,1,0.0,False,False
.plane13,1,0.0,False,False
.plane2,1,0.0,False,False
.plane3,1,0.0,False,False
.plane4,1,0.0,False,False
.plane5,1,0.0,False,False
.plane6,1,0.0,False,False
.plane7,1,0.0,False,False
.plane8,1,0.0,False,False
.plane9,1,0.0,False,False
.chgcar,1,0.0,False,False
.xsf,1,0.0,False,False
.tess,1,0.0,False,False
.contcar,1,0.0,False,False
.abin,1,0.0,False,False
.elk,1,0.0,False,False
.gau,1,0.0,False,False
.struct_in,1,0.0,False,False
.in_control,1,0.0,False,False
.frac,1,0.0,False,False
.mols,1,0.0,False,False
.wdm,1,0.0,False,False
.dbg,1,0.0,False,False
.reloc,1,0.0,False,False
.rtti,1,0.0,False,False
.type,1,0.0,False,False
.xdbg,1,0.0,False,False
.dotfile,1,0.0,False,False
.enp,1,0.0,False,False
.flt,1,0.0,False,False
.numpy,1,0.0,False,False
.rawb,1,0.0,False,False
.phe,1,0.0,False,False
.bgen,1,0.0,False,False
.md5sum~,1,0.0,False,False
.print,1,0.0,False,False
.scan,1,0.0,False,False
.pydevproject,1,0.0,False,False
.contigs,1,0.0,False,False
.mpu,1,0.0,False,False
.lark,1,0.0,False,False
.nq,1,0.0,True,False
.rj,1,0.0,False,False
.lfasta1,1,0.0,False,False
.lfasta2,1,0.0,False,False
.ma,1,0.0,False,False
.pixexp,1,0.0,False,False
.eep,1,0.0,False,False
.format,1,0.0,False,False
.tracks,1,0.0,False,False
.tracks_new,1,0.0,False,False
.sap,1,0.0,False,False
.chl,1,0.0,False,False
.ar2v,1,0.0,False,False
.uf,1,0.0,False,False
.pdb_bk,1,0.0,False,False
.pdb_report_npt,1,0.0,False,False
.pdb_report_nvt,1,0.0,False,False
.py_old_version_,1,0.0,False,False
.gitmodules,1,0.0,False,False
.1_extraparams,1,0.0,False,False
.1_mainparams,1,0.0,False,False
.xpi,1,0.0,False,False
.domain,1,0.0,False,False
.fypp,1,0.0,False,False
.userlibraries,1,0.0,False,False
.storesalloutputs,1,0.0,False,False
.g~,1,0.0,False,False
.sams,1,0.0,False,False
.alfredworkflow,1,0.0,False,False
.kineloader,1,0.0,False,False
.json_old,1,0.0,False,False
.giga_all_zpar_msr_model,1,0.0,False,False
.komprent,1,0.0,False,False
.vmt,1,0.0,False,False
.headfile,1,0.0,False,False
.brik,1,0.0,False,False
.mzn,1,0.0,False,False
.0_coregisterstainstohe,1,0.0,False,False
.0_quickcheckreg,1,0.0,False,False
.0_applyxfmtopngs,1,0.0,False,False
.0_extractexdicoms3t,1,0.0,False,False
.1_splitcombinedeximage3t,1,0.0,False,False
.2_orienteximages,1,0.0,False,False
.5_procexdti,1,0.0,False,False
.0_extractpostopdicoms,1,0.0,False,False
.1_computepostopdespot1,1,0.0,False,False
.2_despotskullstrip,1,0.0,False,False
.0_extractpreopdicoms,1,0.0,False,False
.1_computedespot1,1,0.0,False,False
.2_robustskullstrip,1,0.0,False,False
.3_synt1wbrains,1,0.0,False,False
.5_tissuesegbiascorrect,1,0.0,False,False
.6_computedespot2,1,0.0,False,False
.7_skullstripdespotoutput,1,0.0,False,False
.9_identifydtmridicoms,1,0.0,False,False
.2_resampleto100um,1,0.0,False,False
.4t_neo,1,0.0,False,False
.1_warpdtitoaligned,1,0.0,False,False
.1_checkreganatexdti,1,0.0,False,False
.2_checkalignedexdti,1,0.0,False,False
.0_initregextopre#,1,0.0,False,False
.0_initregextopre,1,0.0,False,False
.0_concatrigxfms,1,0.0,False,False
.1_nregwarpneotohist,1,0.0,False,False
.v03,1,0.0,False,False
.1_runsinglesubjprestats,1,0.0,False,False
.2_rundistortcorrect,1,0.0,False,False
.3_runsinglesubjica,1,0.0,False,False
.1_coregfreesurferlabels,1,0.0,False,False
.0_runroiconnectivityfeat,1,0.0,False,False
.2a,1,0.0,False,False
.3a,1,0.0,False,False
.4b,1,0.0,False,False
.4c,1,0.0,False,False
.4d,1,0.0,False,False
.4e,1,0.0,False,False
.4f,1,0.0,False,False
.4g,1,0.0,False,False
.04_freevnc,1,0.0,False,False
.sci~,1,0.0,False,False
.30_200_300mpc_v3,1,0.0,False,False
.87_200_300mpc_v3,1,0.0,False,False
.68_200_300mpc_v3,1,0.0,False,False
.40_200_300mpc_v3,1,0.0,False,False
.49_200_300mpc_v3,1,0.0,False,False
.41_200_300mpc_v3,1,0.0,False,False
.97_200_300mpc_v3,1,0.0,False,False
.08_200_300mpc_v3,1,0.0,False,False
.04_200_300mpc_v3,1,0.0,False,False
.34_200_300mpc_v3,1,0.0,False,False
.07_200_300mpc_v3,1,0.0,False,False
.78_200_300mpc_v3,1,0.0,False,False
.47_200_300mpc_v3,1,0.0,False,False
.09_200_300mpc_v3,1,0.0,False,False
.00_200_300mpc_v3,1,0.0,False,False
.88_200_300mpc_v3,1,0.0,False,False
.22_200_300mpc_v3,1,0.0,False,False
.66_200_300mpc_v3,1,0.0,False,False
.19_200_300mpc_v3,1,0.0,False,False
.53_200_300mpc_v3,1,0.0,False,False
.69_200_300mpc_v3,1,0.0,False,False
.67_200_300mpc_v3,1,0.0,False,False
.90_200_300mpc_v3,1,0.0,False,False
.64_200_300mpc_v3,1,0.0,False,False
.58_200_300mpc_v3,1,0.0,False,False
.59_200_300mpc_v3,1,0.0,False,False
.61_200_300mpc_v3,1,0.0,False,False
.92_200_300mpc_v3,1,0.0,False,False
.03_200_300mpc_v3,1,0.0,False,False
.44_200_300mpc_v3,1,0.0,False,False
.74_200_300mpc_v3,1,0.0,False,False
.05_200_300mpc_v3,1,0.0,False,False
.42_200_300mpc_v3,1,0.0,False,False
.ctex,1,0.0,False,False
.c-old,1,0.0,False,False
.sex,1,0.0,False,False
.01,1,0.0,False,False
.011,1,0.0,False,False
.012,1,0.0,False,False
.013,1,0.0,False,False
.014,1,0.0,False,False
.015,1,0.0,False,False
.016,1,0.0,False,False
.017,1,0.0,False,False
.018,1,0.0,False,False
.019,1,0.0,False,False
.02,1,0.0,False,False
.020,1,0.0,False,False
.021,1,0.0,False,False
.022,1,0.0,False,False
.023,1,0.0,False,False
.024,1,0.0,False,False
.025,1,0.0,False,False
.026,1,0.0,False,False
.027,1,0.0,False,False
.028,1,0.0,False,False
.029,1,0.0,False,False
.03,1,0.0,False,False
.030,1,0.0,False,False
.031,1,0.0,False,False
.032,1,0.0,False,False
.033,1,0.0,False,False
.034,1,0.0,False,False
.035,1,0.0,False,False
.036,1,0.0,False,False
.037,1,0.0,False,False
.038,1,0.0,False,False
.040,1,0.0,False,False
.041,1,0.0,False,False
.042,1,0.0,False,False
.043,1,0.0,False,False
.044,1,0.0,False,False
.045,1,0.0,False,False
.046,1,0.0,False,False
.047,1,0.0,False,False
.048,1,0.0,False,False
.049,1,0.0,False,False
.050,1,0.0,False,False
.051,1,0.0,False,False
.052,1,0.0,False,False
.053,1,0.0,False,False
.054,1,0.0,False,False
.055,1,0.0,False,False
.056,1,0.0,False,False
.057,1,0.0,False,False
.058,1,0.0,False,False
.059,1,0.0,False,False
.060,1,0.0,False,False
.061,1,0.0,False,False
.062,1,0.0,False,False
.063,1,0.0,False,False
.064,1,0.0,False,False
.065,1,0.0,False,False
.066,1,0.0,False,False
.067,1,0.0,False,False
.068,1,0.0,False,False
.069,1,0.0,False,False
.07,1,0.0,False,False
.070,1,0.0,False,False
.071,1,0.0,False,False
.072,1,0.0,False,False
.073,1,0.0,False,False
.074,1,0.0,False,False
.075,1,0.0,False,False
.076,1,0.0,False,False
.077,1,0.0,False,False
.078,1,0.0,False,False
.079,1,0.0,False,False
.08,1,0.0,False,False
.080,1,0.0,False,False
.081,1,0.0,False,False
.082,1,0.0,False,False
.083,1,0.0,False,False
.084,1,0.0,False,False
.085,1,0.0,False,False
.086,1,0.0,False,False
.087,1,0.0,False,False
.088,1,0.0,False,False
.089,1,0.0,False,False
.09,1,0.0,False,False
.090,1,0.0,False,False
.091,1,0.0,False,False
.092,1,0.0,False,False
.093,1,0.0,False,False
.094,1,0.0,False,False
.095,1,0.0,False,False
.096,1,0.0,False,False
.097,1,0.0,False,False
.098,1,0.0,False,False
.102,1,0.0,False,False
.103,1,0.0,False,False
.104,1,0.0,False,False
.105,1,0.0,False,False
.106,1,0.0,False,False
.107,1,0.0,False,False
.108,1,0.0,False,False
.109,1,0.0,False,False
.11,1,0.0,False,False
.110,1,0.0,False,False
.111,1,0.0,False,False
.112,1,0.0,False,False
.113,1,0.0,False,False
.114,1,0.0,False,False
.115,1,0.0,False,False
.116,1,0.0,False,False
.117,1,0.0,False,False
.118,1,0.0,False,False
.119,1,0.0,False,False
.120,1,0.0,False,False
.121,1,0.0,False,False
.122,1,0.0,False,False
.123,1,0.0,False,False
.124,1,0.0,False,False
.125,1,0.0,False,False
.126,1,0.0,False,False
.127,1,0.0,False,False
.129,1,0.0,False,False
.130,1,0.0,False,False
.131,1,0.0,False,False
.132,1,0.0,False,False
.133,1,0.0,False,False
.134,1,0.0,False,False
.135,1,0.0,False,False
.136,1,0.0,False,False
.137,1,0.0,False,False
.138,1,0.0,False,False
.139,1,0.0,False,False
.140,1,0.0,False,False
.141,1,0.0,False,False
.142,1,0.0,False,False
.143,1,0.0,False,False
.144,1,0.0,False,False
.145,1,0.0,False,False
.146,1,0.0,False,False
.147,1,0.0,False,False
.148,1,0.0,False,False
.149,1,0.0,False,False
.150,1,0.0,False,False
.151,1,0.0,False,False
.152,1,0.0,False,False
.153,1,0.0,False,False
.154,1,0.0,False,False
.155,1,0.0,False,False
.156,1,0.0,False,False
.157,1,0.0,False,False
.158,1,0.0,False,False
.159,1,0.0,False,False
.160,1,0.0,False,False
.161,1,0.0,False,False
.162,1,0.0,False,False
.163,1,0.0,False,False
.164,1,0.0,False,False
.165,1,0.0,False,False
.166,1,0.0,False,False
.167,1,0.0,False,False
.168,1,0.0,False,False
.169,1,0.0,False,False
.17,1,0.0,False,False
.170,1,0.0,False,False
.171,1,0.0,False,False
.172,1,0.0,False,False
.173,1,0.0,False,False
.174,1,0.0,False,False
.175,1,0.0,False,False
.176,1,0.0,False,False
.177,1,0.0,False,False
.178,1,0.0,False,False
.179,1,0.0,False,False
.18,1,0.0,False,False
.180,1,0.0,False,False
.181,1,0.0,False,False
.182,1,0.0,False,False
.183,1,0.0,False,False
.184,1,0.0,False,False
.185,1,0.0,False,False
.186,1,0.0,False,False
.187,1,0.0,False,False
.188,1,0.0,False,False
.189,1,0.0,False,False
.190,1,0.0,False,False
.191,1,0.0,False,False
.192,1,0.0,False,False
.193,1,0.0,False,False
.194,1,0.0,False,False
.195,1,0.0,False,False
.196,1,0.0,False,False
.197,1,0.0,False,False
.198,1,0.0,False,False
.201,1,0.0,False,False
.202,1,0.0,False,False
.203,1,0.0,False,False
.204,1,0.0,False,False
.205,1,0.0,False,False
.206,1,0.0,False,False
.207,1,0.0,False,False
.208,1,0.0,False,False
.209,1,0.0,False,False
.210,1,0.0,False,False
.211,1,0.0,False,False
.212,1,0.0,False,False
.213,1,0.0,False,False
.214,1,0.0,False,False
.215,1,0.0,False,False
.216,1,0.0,False,False
.217,1,0.0,False,False
.218,1,0.0,False,False
.219,1,0.0,False,False
.220,1,0.0,False,False
.221,1,0.0,False,False
.222,1,0.0,False,False
.223,1,0.0,False,False
.224,1,0.0,False,False
.225,1,0.0,False,False
.226,1,0.0,False,False
.227,1,0.0,False,False
.228,1,0.0,False,False
.229,1,0.0,False,False
.23,1,0.0,False,False
.230,1,0.0,False,False
.231,1,0.0,False,False
.232,1,0.0,False,False
.233,1,0.0,False,False
.234,1,0.0,False,False
.235,1,0.0,False,False
.236,1,0.0,False,False
.237,1,0.0,False,False
.238,1,0.0,False,False
.239,1,0.0,False,False
.240,1,0.0,False,False
.241,1,0.0,False,False
.242,1,0.0,False,False
.243,1,0.0,False,False
.244,1,0.0,False,False
.245,1,0.0,False,False
.246,1,0.0,False,False
.247,1,0.0,False,False
.248,1,0.0,False,False
.249,1,0.0,False,False
.25,1,0.0,False,False
.250,1,0.0,False,False
.251,1,0.0,False,False
.252,1,0.0,False,False
.253,1,0.0,False,False
.254,1,0.0,False,False
.255,1,0.0,False,False
.257,1,0.0,False,False
.258,1,0.0,False,False
.259,1,0.0,False,False
.26,1,0.0,False,False
.260,1,0.0,False,False
.261,1,0.0,False,False
.262,1,0.0,False,False
.263,1,0.0,False,False
.264,1,0.0,False,False
.265,1,0.0,False,False
.266,1,0.0,False,False
.267,1,0.0,False,False
.268,1,0.0,False,False
.269,1,0.0,False,False
.270,1,0.0,False,False
.271,1,0.0,False,False
.272,1,0.0,False,False
.273,1,0.0,False,False
.274,1,0.0,False,False
.275,1,0.0,False,False
.276,1,0.0,False,False
.277,1,0.0,False,False
.278,1,0.0,False,False
.279,1,0.0,False,False
.28,1,0.0,False,False
.280,1,0.0,False,False
.281,1,0.0,False,False
.282,1,0.0,False,False
.283,1,0.0,False,False
.284,1,0.0,False,False
.285,1,0.0,False,False
.286,1,0.0,False,False
.287,1,0.0,False,False
.288,1,0.0,False,False
.289,1,0.0,False,False
.29,1,0.0,False,False
.290,1,0.0,False,False
.291,1,0.0,False,False
.292,1,0.0,False,False
.293,1,0.0,False,False
.294,1,0.0,False,False
.295,1,0.0,False,False
.296,1,0.0,False,False
.297,1,0.0,False,False
.298,1,0.0,False,False
.301,1,0.0,False,False
.302,1,0.0,False,False
.303,1,0.0,False,False
.304,1,0.0,False,False
.305,1,0.0,False,False
.306,1,0.0,False,False
.307,1,0.0,False,False
.308,1,0.0,False,False
.309,1,0.0,False,False
.31,1,0.0,False,False
.310,1,0.0,False,False
.311,1,0.0,False,False
.312,1,0.0,False,False
.313,1,0.0,False,False
.314,1,0.0,False,False
.315,1,0.0,False,False
.316,1,0.0,False,False
.317,1,0.0,False,False
.318,1,0.0,False,False
.319,1,0.0,False,False
.321,1,0.0,False,False
.322,1,0.0,False,False
.323,1,0.0,False,False
.324,1,0.0,False,False
.325,1,0.0,False,False
.326,1,0.0,False,False
.327,1,0.0,False,False
.328,1,0.0,False,False
.329,1,0.0,False,False
.33,1,0.0,False,False
.330,1,0.0,False,False
.331,1,0.0,False,False
.332,1,0.0,False,False
.333,1,0.0,False,False
.334,1,0.0,False,False
.335,1,0.0,False,False
.336,1,0.0,False,False
.337,1,0.0,False,False
.338,1,0.0,False,False
.339,1,0.0,False,False
.340,1,0.0,False,False
.341,1,0.0,False,False
.342,1,0.0,False,False
.343,1,0.0,False,False
.344,1,0.0,False,False
.345,1,0.0,False,False
.346,1,0.0,False,False
.347,1,0.0,False,False
.348,1,0.0,False,False
.349,1,0.0,False,False
.350,1,0.0,False,False
.351,1,0.0,False,False
.352,1,0.0,False,False
.353,1,0.0,False,False
.354,1,0.0,False,False
.355,1,0.0,False,False
.356,1,0.0,False,False
.357,1,0.0,False,False
.358,1,0.0,False,False
.359,1,0.0,False,False
.36,1,0.0,False,False
.360,1,0.0,False,False
.361,1,0.0,False,False
.362,1,0.0,False,False
.363,1,0.0,False,False
.364,1,0.0,False,False
.365,1,0.0,False,False
.366,1,0.0,False,False
.367,1,0.0,False,False
.368,1,0.0,False,False
.369,1,0.0,False,False
.37,1,0.0,False,False
.370,1,0.0,False,False
.371,1,0.0,False,False
.372,1,0.0,False,False
.373,1,0.0,False,False
.374,1,0.0,False,False
.375,1,0.0,False,False
.376,1,0.0,False,False
.377,1,0.0,False,False
.378,1,0.0,False,False
.379,1,0.0,False,False
.38,1,0.0,False,False
.380,1,0.0,False,False
.381,1,0.0,False,False
.382,1,0.0,False,False
.383,1,0.0,False,False
.385,1,0.0,False,False
.386,1,0.0,False,False
.387,1,0.0,False,False
.388,1,0.0,False,False
.389,1,0.0,False,False
.39,1,0.0,False,False
.390,1,0.0,False,False
.391,1,0.0,False,False
.392,1,0.0,False,False
.393,1,0.0,False,False
.394,1,0.0,False,False
.395,1,0.0,False,False
.396,1,0.0,False,False
.397,1,0.0,False,False
.398,1,0.0,False,False
.40,1,0.0,False,False
.401,1,0.0,False,False
.402,1,0.0,False,False
.403,1,0.0,False,False
.404,1,0.0,False,False
.405,1,0.0,False,False
.406,1,0.0,False,False
.407,1,0.0,False,False
.408,1,0.0,False,False
.409,1,0.0,False,False
.410,1,0.0,False,False
.411,1,0.0,False,False
.412,1,0.0,False,False
.413,1,0.0,False,False
.414,1,0.0,False,False
.415,1,0.0,False,False
.416,1,0.0,False,False
.417,1,0.0,False,False
.418,1,0.0,False,False
.419,1,0.0,False,False
.42,1,0.0,False,False
.420,1,0.0,False,False
.421,1,0.0,False,False
.423,1,0.0,False,False
.425,1,0.0,False,False
.426,1,0.0,False,False
.427,1,0.0,False,False
.428,1,0.0,False,False
.429,1,0.0,False,False
.43,1,0.0,False,False
.430,1,0.0,False,False
.431,1,0.0,False,False
.432,1,0.0,False,False
.434,1,0.0,False,False
.435,1,0.0,False,False
.436,1,0.0,False,False
.437,1,0.0,False,False
.438,1,0.0,False,False
.44,1,0.0,False,False
.440,1,0.0,False,False
.441,1,0.0,False,False
.443,1,0.0,False,False
.444,1,0.0,False,False
.445,1,0.0,False,False
.446,1,0.0,False,False
.447,1,0.0,False,False
.448,1,0.0,False,False
.449,1,0.0,False,False
.45,1,0.0,False,False
.451,1,0.0,False,False
.452,1,0.0,False,False
.453,1,0.0,False,False
.454,1,0.0,False,False
.455,1,0.0,False,False
.456,1,0.0,False,False
.457,1,0.0,False,False
.458,1,0.0,False,False
.459,1,0.0,False,False
.46,1,0.0,False,False
.460,1,0.0,False,False
.461,1,0.0,False,False
.462,1,0.0,False,False
.463,1,0.0,False,False
.464,1,0.0,False,False
.465,1,0.0,False,False
.466,1,0.0,False,False
.467,1,0.0,False,False
.468,1,0.0,False,False
.469,1,0.0,False,False
.47,1,0.0,False,False
.470,1,0.0,False,False
.471,1,0.0,False,False
.472,1,0.0,False,False
.473,1,0.0,False,False
.474,1,0.0,False,False
.475,1,0.0,False,False
.476,1,0.0,False,False
.477,1,0.0,False,False
.478,1,0.0,False,False
.479,1,0.0,False,False
.48,1,0.0,False,False
.480,1,0.0,False,False
.481,1,0.0,False,False
.482,1,0.0,False,False
.483,1,0.0,False,False
.484,1,0.0,False,False
.485,1,0.0,False,False
.486,1,0.0,False,False
.487,1,0.0,False,False
.488,1,0.0,False,False
.489,1,0.0,False,False
.49,1,0.0,False,False
.490,1,0.0,False,False
.491,1,0.0,False,False
.492,1,0.0,False,False
.493,1,0.0,False,False
.494,1,0.0,False,False
.495,1,0.0,False,False
.496,1,0.0,False,False
.497,1,0.0,False,False
.498,1,0.0,False,False
.501,1,0.0,False,False
.502,1,0.0,False,False
.503,1,0.0,False,False
.504,1,0.0,False,False
.505,1,0.0,False,False
.506,1,0.0,False,False
.507,1,0.0,False,False
.508,1,0.0,False,False
.509,1,0.0,False,False
.51,1,0.0,False,False
.510,1,0.0,False,False
.511,1,0.0,False,False
.513,1,0.0,False,False
.514,1,0.0,False,False
.515,1,0.0,False,False
.516,1,0.0,False,False
.517,1,0.0,False,False
.518,1,0.0,False,False
.519,1,0.0,False,False
.52,1,0.0,False,False
.520,1,0.0,False,False
.521,1,0.0,False,False
.522,1,0.0,False,False
.523,1,0.0,False,False
.524,1,0.0,False,False
.525,1,0.0,False,False
.526,1,0.0,False,False
.527,1,0.0,False,False
.528,1,0.0,False,False
.529,1,0.0,False,False
.53,1,0.0,False,False
.530,1,0.0,False,False
.531,1,0.0,False,False
.532,1,0.0,False,False
.533,1,0.0,False,False
.534,1,0.0,False,False
.535,1,0.0,False,False
.536,1,0.0,False,False
.537,1,0.0,False,False
.538,1,0.0,False,False
.539,1,0.0,False,False
.54,1,0.0,False,False
.540,1,0.0,False,False
.541,1,0.0,False,False
.542,1,0.0,False,False
.543,1,0.0,False,False
.544,1,0.0,False,False
.545,1,0.0,False,False
.546,1,0.0,False,False
.547,1,0.0,False,False
.548,1,0.0,False,False
.549,1,0.0,False,False
.55,1,0.0,False,False
.550,1,0.0,False,False
.551,1,0.0,False,False
.552,1,0.0,False,False
.553,1,0.0,False,False
.554,1,0.0,False,False
.555,1,0.0,False,False
.556,1,0.0,False,False
.557,1,0.0,False,False
.558,1,0.0,False,False
.559,1,0.0,False,False
.56,1,0.0,False,False
.560,1,0.0,False,False
.561,1,0.0,False,False
.562,1,0.0,False,False
.563,1,0.0,False,False
.564,1,0.0,False,False
.565,1,0.0,False,False
.566,1,0.0,False,False
.567,1,0.0,False,False
.568,1,0.0,False,False
.569,1,0.0,False,False
.57,1,0.0,False,False
.570,1,0.0,False,False
.571,1,0.0,False,False
.572,1,0.0,False,False
.573,1,0.0,False,False
.574,1,0.0,False,False
.575,1,0.0,False,False
.576,1,0.0,False,False
.577,1,0.0,False,False
.578,1,0.0,False,False
.579,1,0.0,False,False
.58,1,0.0,False,False
.580,1,0.0,False,False
.581,1,0.0,False,False
.582,1,0.0,False,False
.583,1,0.0,False,False
.584,1,0.0,False,False
.585,1,0.0,False,False
.586,1,0.0,False,False
.587,1,0.0,False,False
.588,1,0.0,False,False
.589,1,0.0,False,False
.59,1,0.0,False,False
.590,1,0.0,False,False
.591,1,0.0,False,False
.592,1,0.0,False,False
.593,1,0.0,False,False
.594,1,0.0,False,False
.595,1,0.0,False,False
.596,1,0.0,False,False
.597,1,0.0,False,False
.598,1,0.0,False,False
.60,1,0.0,False,False
.601,1,0.0,False,False
.602,1,0.0,False,False
.603,1,0.0,False,False
.604,1,0.0,False,False
.605,1,0.0,False,False
.606,1,0.0,False,False
.607,1,0.0,False,False
.608,1,0.0,False,False
.609,1,0.0,False,False
.61,1,0.0,False,False
.610,1,0.0,False,False
.611,1,0.0,False,False
.612,1,0.0,False,False
.613,1,0.0,False,False
.614,1,0.0,False,False
.615,1,0.0,False,False
.616,1,0.0,False,False
.617,1,0.0,False,False
.618,1,0.0,False,False
.619,1,0.0,False,False
.62,1,0.0,False,False
.620,1,0.0,False,False
.621,1,0.0,False,False
.622,1,0.0,False,False
.623,1,0.0,False,False
.624,1,0.0,False,False
.625,1,0.0,False,False
.626,1,0.0,False,False
.627,1,0.0,False,False
.628,1,0.0,False,False
.629,1,0.0,False,False
.63,1,0.0,False,False
.630,1,0.0,False,False
.631,1,0.0,False,False
.632,1,0.0,False,False
.633,1,0.0,False,False
.634,1,0.0,False,False
.635,1,0.0,False,False
.636,1,0.0,False,False
.637,1,0.0,False,False
.638,1,0.0,False,False
.639,1,0.0,False,False
.641,1,0.0,False,False
.642,1,0.0,False,False
.643,1,0.0,False,False
.644,1,0.0,False,False
.645,1,0.0,False,False
.646,1,0.0,False,False
.647,1,0.0,False,False
.648,1,0.0,False,False
.649,1,0.0,False,False
.65,1,0.0,False,False
.650,1,0.0,False,False
.651,1,0.0,False,False
.652,1,0.0,False,False
.653,1,0.0,False,False
.654,1,0.0,False,False
.655,1,0.0,False,False
.656,1,0.0,False,False
.657,1,0.0,False,False
.658,1,0.0,False,False
.659,1,0.0,False,False
.66,1,0.0,False,False
.660,1,0.0,False,False
.661,1,0.0,False,False
.662,1,0.0,False,False
.663,1,0.0,False,False
.664,1,0.0,False,False
.665,1,0.0,False,False
.666,1,0.0,False,False
.667,1,0.0,False,False
.668,1,0.0,False,False
.669,1,0.0,False,False
.67,1,0.0,False,False
.670,1,0.0,False,False
.671,1,0.0,False,False
.672,1,0.0,False,False
.673,1,0.0,False,False
.674,1,0.0,False,False
.675,1,0.0,False,False
.676,1,0.0,False,False
.677,1,0.0,False,False
.678,1,0.0,False,False
.679,1,0.0,False,False
.68,1,0.0,False,False
.680,1,0.0,False,False
.681,1,0.0,False,False
.682,1,0.0,False,False
.683,1,0.0,False,False
.684,1,0.0,False,False
.685,1,0.0,False,False
.687,1,0.0,False,False
.688,1,0.0,False,False
.689,1,0.0,False,False
.69,1,0.0,False,False
.690,1,0.0,False,False
.691,1,0.0,False,False
.692,1,0.0,False,False
.693,1,0.0,False,False
.694,1,0.0,False,False
.695,1,0.0,False,False
.696,1,0.0,False,False
.697,1,0.0,False,False
.698,1,0.0,False,False
.701,1,0.0,False,False
.702,1,0.0,False,False
.703,1,0.0,False,False
.704,1,0.0,False,False
.705,1,0.0,False,False
.706,1,0.0,False,False
.707,1,0.0,False,False
.708,1,0.0,False,False
.709,1,0.0,False,False
.71,1,0.0,False,False
.710,1,0.0,False,False
.711,1,0.0,False,False
.712,1,0.0,False,False
.713,1,0.0,False,False
.714,1,0.0,False,False
.715,1,0.0,False,False
.716,1,0.0,False,False
.717,1,0.0,False,False
.718,1,0.0,False,False
.719,1,0.0,False,False
.72,1,0.0,False,False
.720,1,0.0,False,False
.721,1,0.0,False,False
.722,1,0.0,False,False
.723,1,0.0,False,False
.724,1,0.0,False,False
.725,1,0.0,False,False
.726,1,0.0,False,False
.727,1,0.0,False,False
.728,1,0.0,False,False
.729,1,0.0,False,False
.73,1,0.0,False,False
.730,1,0.0,False,False
.731,1,0.0,False,False
.732,1,0.0,False,False
.733,1,0.0,False,False
.734,1,0.0,False,False
.735,1,0.0,False,False
.736,1,0.0,False,False
.737,1,0.0,False,False
.738,1,0.0,False,False
.739,1,0.0,False,False
.74,1,0.0,False,False
.740,1,0.0,False,False
.741,1,0.0,False,False
.742,1,0.0,False,False
.743,1,0.0,False,False
.744,1,0.0,False,False
.745,1,0.0,False,False
.746,1,0.0,False,False
.747,1,0.0,False,False
.748,1,0.0,False,False
.749,1,0.0,False,False
.75,1,0.0,False,False
.750,1,0.0,False,False
.751,1,0.0,False,False
.752,1,0.0,False,False
.753,1,0.0,False,False
.754,1,0.0,False,False
.755,1,0.0,False,False
.756,1,0.0,False,False
.757,1,0.0,False,False
.758,1,0.0,False,False
.759,1,0.0,False,False
.76,1,0.0,False,False
.760,1,0.0,False,False
.761,1,0.0,False,False
.762,1,0.0,False,False
.763,1,0.0,False,False
.764,1,0.0,False,False
.765,1,0.0,False,False
.766,1,0.0,False,False
.767,1,0.0,False,False
.769,1,0.0,False,False
.77,1,0.0,False,False
.770,1,0.0,False,False
.771,1,0.0,False,False
.772,1,0.0,False,False
.773,1,0.0,False,False
.774,1,0.0,False,False
.775,1,0.0,False,False
.776,1,0.0,False,False
.777,1,0.0,False,False
.778,1,0.0,False,False
.779,1,0.0,False,False
.78,1,0.0,False,False
.780,1,0.0,False,False
.781,1,0.0,False,False
.782,1,0.0,False,False
.783,1,0.0,False,False
.784,1,0.0,False,False
.785,1,0.0,False,False
.786,1,0.0,False,False
.787,1,0.0,False,False
.788,1,0.0,False,False
.789,1,0.0,False,False
.79,1,0.0,False,False
.790,1,0.0,False,False
.791,1,0.0,False,False
.792,1,0.0,False,False
.793,1,0.0,False,False
.794,1,0.0,False,False
.795,1,0.0,False,False
.796,1,0.0,False,False
.797,1,0.0,False,False
.798,1,0.0,False,False
.80,1,0.0,False,False
.801,1,0.0,False,False
.802,1,0.0,False,False
.803,1,0.0,False,False
.804,1,0.0,False,False
.805,1,0.0,False,False
.806,1,0.0,False,False
.807,1,0.0,False,False
.808,1,0.0,False,False
.809,1,0.0,False,False
.81,1,0.0,False,False
.810,1,0.0,False,False
.811,1,0.0,False,False
.812,1,0.0,False,False
.813,1,0.0,False,False
.814,1,0.0,False,False
.815,1,0.0,False,False
.816,1,0.0,False,False
.817,1,0.0,False,False
.818,1,0.0,False,False
.819,1,0.0,False,False
.82,1,0.0,False,False
.820,1,0.0,False,False
.821,1,0.0,False,False
.822,1,0.0,False,False
.823,1,0.0,False,False
.824,1,0.0,False,False
.825,1,0.0,False,False
.826,1,0.0,False,False
.827,1,0.0,False,False
.828,1,0.0,False,False
.829,1,0.0,False,False
.83,1,0.0,False,False
.830,1,0.0,False,False
.831,1,0.0,False,False
.832,1,0.0,False,False
.833,1,0.0,False,False
.834,1,0.0,False,False
.835,1,0.0,False,False
.836,1,0.0,False,False
.837,1,0.0,False,False
.838,1,0.0,False,False
.839,1,0.0,False,False
.84,1,0.0,False,False
.840,1,0.0,False,False
.841,1,0.0,False,False
.842,1,0.0,False,False
.843,1,0.0,False,False
.844,1,0.0,False,False
.845,1,0.0,False,False
.846,1,0.0,False,False
.847,1,0.0,False,False
.848,1,0.0,False,False
.849,1,0.0,False,False
.85,1,0.0,False,False
.850,1,0.0,False,False
.851,1,0.0,False,False
.852,1,0.0,False,False
.853,1,0.0,False,False
.854,1,0.0,False,False
.855,1,0.0,False,False
.856,1,0.0,False,False
.857,1,0.0,False,False
.858,1,0.0,False,False
.859,1,0.0,False,False
.86,1,0.0,False,False
.860,1,0.0,False,False
.861,1,0.0,False,False
.862,1,0.0,False,False
.863,1,0.0,False,False
.864,1,0.0,False,False
.865,1,0.0,False,False
.866,1,0.0,False,False
.867,1,0.0,False,False
.868,1,0.0,False,False
.869,1,0.0,False,False
.87,1,0.0,False,False
.870,1,0.0,False,False
.871,1,0.0,False,False
.872,1,0.0,False,False
.873,1,0.0,False,False
.874,1,0.0,False,False
.875,1,0.0,False,False
.876,1,0.0,False,False
.877,1,0.0,False,False
.878,1,0.0,False,False
.879,1,0.0,False,False
.88,1,0.0,False,False
.880,1,0.0,False,False
.881,1,0.0,False,False
.882,1,0.0,False,False
.883,1,0.0,False,False
.884,1,0.0,False,False
.885,1,0.0,False,False
.886,1,0.0,False,False
.887,1,0.0,False,False
.888,1,0.0,False,False
.889,1,0.0,False,False
.89,1,0.0,False,False
.890,1,0.0,False,False
.891,1,0.0,False,False
.892,1,0.0,False,False
.893,1,0.0,False,False
.894,1,0.0,False,False
.895,1,0.0,False,False
.896,1,0.0,False,False
.897,1,0.0,False,False
.898,1,0.0,False,False
.90,1,0.0,False,False
.901,1,0.0,False,False
.902,1,0.0,False,False
.903,1,0.0,False,False
.904,1,0.0,False,False
.905,1,0.0,False,False
.906,1,0.0,False,False
.907,1,0.0,False,False
.908,1,0.0,False,False
.909,1,0.0,False,False
.91,1,0.0,False,False
.910,1,0.0,False,False
.911,1,0.0,False,False
.912,1,0.0,False,False
.913,1,0.0,False,False
.914,1,0.0,False,False
.915,1,0.0,False,False
.916,1,0.0,False,False
.917,1,0.0,False,False
.918,1,0.0,False,False
.919,1,0.0,False,False
.92,1,0.0,False,False
.920,1,0.0,False,False
.921,1,0.0,False,False
.922,1,0.0,False,False
.923,1,0.0,False,False
.924,1,0.0,False,False
.925,1,0.0,False,False
.926,1,0.0,False,False
.927,1,0.0,False,False
.928,1,0.0,False,False
.929,1,0.0,False,False
.93,1,0.0,False,False
.930,1,0.0,False,False
.931,1,0.0,False,False
.932,1,0.0,False,False
.933,1,0.0,False,False
.934,1,0.0,False,False
.935,1,0.0,False,False
.936,1,0.0,False,False
.937,1,0.0,False,False
.938,1,0.0,False,False
.939,1,0.0,False,False
.94,1,0.0,False,False
.940,1,0.0,False,False
.941,1,0.0,False,False
.942,1,0.0,False,False
.943,1,0.0,False,False
.944,1,0.0,False,False
.945,1,0.0,False,False
.946,1,0.0,False,False
.947,1,0.0,False,False
.948,1,0.0,False,False
.949,1,0.0,False,False
.95,1,0.0,False,False
.950,1,0.0,False,False
.951,1,0.0,False,False
.952,1,0.0,False,False
.953,1,0.0,False,False
.954,1,0.0,False,False
.955,1,0.0,False,False
.956,1,0.0,False,False
.957,1,0.0,False,False
.958,1,0.0,False,False
.959,1,0.0,False,False
.96,1,0.0,False,False
.961,1,0.0,False,False
.962,1,0.0,False,False
.963,1,0.0,False,False
.964,1,0.0,False,False
.965,1,0.0,False,False
.966,1,0.0,False,False
.967,1,0.0,False,False
.968,1,0.0,False,False
.969,1,0.0,False,False
.97,1,0.0,False,False
.970,1,0.0,False,False
.971,1,0.0,False,False
.972,1,0.0,False,False
.973,1,0.0,False,False
.974,1,0.0,False,False
.975,1,0.0,False,False
.98,1,0.0,False,False
.c_old,1,0.0,False,False
.actr,1,0.0,False,False
.pert,1,0.0,False,False
.ppl,1,0.0,False,False
.act,1,0.0,False,False
.animal,1,0.0,False,False
.artifact,1,0.0,False,False
.attribute,1,0.0,False,False
.feeling,1,0.0,False,False
.food,1,0.0,False,False
.group,1,0.0,False,False
.location,1,0.0,False,False
.motive,1,0.0,False,False
.person,1,0.0,False,False
.phenomenon,1,0.0,False,False
.plant,1,0.0,False,False
.process,1,0.0,False,False
.quantity,1,0.0,False,False
.relation,1,0.0,False,False
.substance,1,0.0,False,False
.time,1,0.0,False,False
.tops,1,0.0,False,False
.change,1,0.0,False,False
.competition,1,0.0,False,False
.consumption,1,0.0,False,False
.contact,1,0.0,False,False
.creation,1,0.0,False,False
.emotion,1,0.0,False,False
.motion,1,0.0,False,False
.perception,1,0.0,False,False
.social,1,0.0,False,False
.stative,1,0.0,False,False
.weather,1,0.0,False,False
.spid,1,0.0,False,False
.invertito,1,0.0,False,False
.edge,1,0.0,False,False
.ele,1,0.0,False,False
.neigh,1,0.0,False,False
.mesh-0,1,0.0,False,False
.hnotcompile,1,0.0,False,False
.903003751z--5409ed021d9299bf6814279a6a1411a7e866a631,1,0.0,False,False
.794553183z--6ecbe1db9ef729cbe972c83fb886247691fb6beb,1,0.0,False,False
.696351411z--e36ea790bc9d7ab70c55260c66d52b1eca985f84,1,0.0,False,False
.479938556z--e834ec434daba538cd1b9fe1582052b880bd7e63,1,0.0,False,False
.260348580z--78dc5d2d739606d31509c31d654056a45185ecb6,1,0.0,False,False
.178294829z--a8dda8d7f5310e4a9e24f8eba77e091ac264f872,1,0.0,False,False
.960499696z--06cef8e666768cc40cc78cf93d9611019ddcb628,1,0.0,False,False
.757010386z--4404ac8bd8f9618d27ad2f1485aa1b2cfd82482d,1,0.0,False,False
.554233052z--7457d5e02197480db681d3fdf256c7aca21bdc12,1,0.0,False,False
.342711541z--91c987bf62d25945db517bdaa840a6c661374402,1,0.0,False,False
.532037737z--e8816898d851d5b61b7f950627d04d794c07ca37,1,0.0,False,False
.lgplv3,1,0.0,False,False
.mbsd,1,0.0,False,False
.auto_bridge,1,0.0,False,False
.auto_client,1,0.0,False,False
.auto_first,1,0.0,False,False
.auto_router,1,0.0,False,False
.auto_server,1,0.0,False,False
.cidr,1,0.0,False,False
.cidr_reverse,1,0.0,False,False
.comment,1,0.0,False,False
.exclude_packets,1,0.0,False,False
.include_dest,1,0.0,False,False
.include_packets,1,0.0,False,False
.include_source,1,0.0,False,False
.mac_reverse,1,0.0,False,False
.port,1,0.0,False,False
.prep_config,1,0.0,False,False
.primary,1,0.0,False,False
.regex_reverse,1,0.0,False,False
.secondary,1,0.0,False,False
.lp4,1,0.0,False,False
.haskell-ci,1,0.0,False,False
.dlg,1,0.0,False,False
.pws,1,0.0,False,False
.qch,1,0.0,False,False
.qhp,1,0.0,False,False
.qhc,1,0.0,False,False
.qhcp,1,0.0,False,False
.1#,1,0.0,False,False
.styles,1,0.0,False,False
.plugins,1,0.0,False,False
.pgo,1,0.0,False,False
.kasm,1,0.0,False,False
.hxproj,1,0.0,False,False
.javalog,1,0.0,False,False
.log4j,1,0.0,False,False
.e4xmi,1,0.0,False,False
.ocaml,1,0.0,False,False
.expand_piqi_boot,1,0.0,False,False
.pp-expand-abbr,1,0.0,False,False
.pp-expand-abbr-parse-literals,1,0.0,False,False
.fontsettings,1,0.0,False,False
.cc_def,1,0.0,False,False
.popstar,1,0.0,False,False
.stb,1,0.0,False,False
.shacl,1,0.0,False,False
.path,1,0.0,False,False
.mlg,1,0.0,False,False
.rocq-codegen,1,0.0,False,False
.theanorc,1,0.0,False,False
.cppcheck,1,0.0,False,False
.natvis,1,0.0,False,False
.gr,1,0.0,False,False
.byt_ref,1,0.0,False,False
.gm,1,0.0,False,False
.ijson,1,0.0,False,False
.groups,1,0.0,False,False
.hist,1,0.0,False,False
.opml,1,0.0,False,False
.export_metadata,1,0.0,False,False
.overall_export_metadata,1,0.0,False,False
.r2014b,1,0.0,False,False
.d2,1,0.0,False,False
.1-compute-correlations-from-raw-data,1,0.0,False,False
.2-convert-effect-sizes-into-correlation-coefficients-r,1,0.0,False,False
.xdsl,1,0.0,False,False
.access,1,0.0,False,False
.password,1,0.0,False,False
.ns_params,1,0.0,False,False
.mob,1,0.0,False,False
.deactivated,1,0.0,False,False
.truststore,1,0.0,False,False
.snappy,1,0.0,False,False
.psv,1,0.0,False,False
.bom,1,0.0,False,False
.bbx,1,0.0,False,False
.cbx,1,0.0,False,False
.dbx,1,0.0,False,False
.cut,1,0.0,False,False
.pt4,1,0.0,False,False
.dmesg,1,0.0,False,False
.pileup,1,0.0,False,False
.unsupported-features,1,0.0,False,False
.whitelist,1,0.0,False,False
.ghi,1,0.0,False,False
.specification,1,0.0,False,False
.npy#,1,0.0,False,False
.tflite,1,0.0,False,False
.saint,1,0.0,False,False
.exports,1,0.0,False,False
.routes,1,0.0,False,False
.ellie,1,0.0,False,False
.regexp,1,0.0,False,False
.filesystem,1,0.0,False,False
.ipch,1,0.0,False,False
.gcskew,1,0.0,False,False
.skew,1,0.0,False,False
.3gon,1,0.0,False,False
.4gon,1,0.0,False,False
.5gon,1,0.0,False,False
.vtx,1,0.0,False,False
.complete,1,0.0,False,False
.minimalist,1,0.0,False,False
.mkl,1,0.0,False,False
.acfg,1,0.0,False,False
.atts,1,0.0,False,False
.rnd,1,0.0,False,False
.co,1,0.0,False,False
.es5,1,0.0,False,False
.worldmapping,1,0.0,False,False
.dropped_data,1,0.0,False,False
.jpl,1,0.0,False,False
.ctrl,1,0.0,False,False
.skd,1,0.0,False,False
.wsdl2,1,0.0,False,False
.macro,1,0.0,False,False
.txt_reference,1,0.0,False,False
.dbt,1,0.0,False,False
.inits,1,0.0,False,False
.generalcomputingservice,1,0.0,False,False
.grad,1,0.0,False,False
.localctriple,1,0.0,False,False
.localttriple,1,0.0,False,False
.wc,1,0.0,False,False
.aix,1,0.0,False,False
.dag,1,0.0,False,False
.hpux,1,0.0,False,False
.septel,1,0.0,False,False
.sita,1,0.0,False,False
.tru64,1,0.0,False,False
.sparc,1,0.0,False,False
.sun3,1,0.0,False,False
.3c,1,0.0,False,False
.mutable_base,1,0.0,False,False
.mutable_delta,1,0.0,False,False
.namd,1,0.0,False,False
.lipid14,1,0.0,False,False
.gaff,1,0.0,False,False
.ionsjc_tip3p,1,0.0,False,False
.ions234lm_126_tip3p,1,0.0,False,False
.ff-nucleic-ol15,1,0.0,False,False
.mmtf,1,0.0,False,False
.hap,1,0.0,False,False
.amp,1,0.0,False,False
.open64,1,0.0,False,False
.consoleapp,1,0.0,False,False
.count,1,0.0,False,False
.design,1,0.0,False,False
.djgpp,1,0.0,False,False
.ecc,1,0.0,False,False
.fips,1,0.0,False,False
.cfgtbd,1,0.0,False,False
.nmake,1,0.0,False,False
.h2m,1,0.0,False,False
.uplugin,1,0.0,False,False
.ibl,1,0.0,False,False
.army,1,0.0,False,False
.armydiag,1,0.0,False,False
.economy,1,0.0,False,False
.economydiag,1,0.0,False,False
.statediag,1,0.0,False,False
.necsis14_classdiagram,1,0.0,False,False
.necsis14_classdiagramdiag,1,0.0,False,False
.z3,1,0.0,False,False
.flex,1,0.0,False,False
.pklmetadata,1,0.0,False,False
.blend2,1,0.0,False,False
.vcg,1,0.0,False,False
.rb4196,1,0.0,False,False
.gt3x,1,0.0,False,False
.957687,1,0.0,False,False
.957688,1,0.0,False,False
.957689,1,0.0,False,False
.957690,1,0.0,False,False
.957691,1,0.0,False,False
.957692,1,0.0,False,False
.957693,1,0.0,False,False
.957694,1,0.0,False,False
.957695,1,0.0,False,False
.957696,1,0.0,False,False
.957697,1,0.0,False,False
.132113,1,0.0,False,False
.174160,1,0.0,False,False
.174161,1,0.0,False,False
.174162,1,0.0,False,False
.174163,1,0.0,False,False
.174164,1,0.0,False,False
.174165,1,0.0,False,False
.174166,1,0.0,False,False
.174167,1,0.0,False,False
.174168,1,0.0,False,False
.174169,1,0.0,False,False
.174170,1,0.0,False,False
.174171,1,0.0,False,False
.174172,1,0.0,False,False
.174173,1,0.0,False,False
.174174,1,0.0,False,False
.174175,1,0.0,False,False
.174176,1,0.0,False,False
.174177,1,0.0,False,False
.174178,1,0.0,False,False
.174179,1,0.0,False,False
.174180,1,0.0,False,False
.174181,1,0.0,False,False
.174182,1,0.0,False,False
.174183,1,0.0,False,False
.145812,1,0.0,False,False
.145810,1,0.0,False,False
.145813,1,0.0,False,False
.145817,1,0.0,False,False
.145816,1,0.0,False,False
.145814,1,0.0,False,False
.145818,1,0.0,False,False
.145815,1,0.0,False,False
.145811,1,0.0,False,False
.145820,1,0.0,False,False
.145819,1,0.0,False,False
.capnp,1,0.0,False,False
.ggo,1,0.0,False,False
.pymol,1,0.0,False,False
.4-linux-amd64,1,0.0,False,False
.logger,1,0.0,False,False
.note,1,0.0,False,False
.threshold,1,0.0,False,False
.fum,1,0.0,False,False
.udx,1,0.0,False,False
.vislcg,1,0.0,False,False
.gubsdb,1,0.0,False,False
.gegcc,1,0.0,False,False
.gelua,1,0.0,False,False
.geslang,1,0.0,False,False
.getcc,1,0.0,False,False
.workspace,1,0.0,False,False
.phones,1,0.0,False,False
.symbols,1,0.0,False,False
.7a,1,0.0,False,False
.developer,1,0.0,False,False
.weide,1,0.0,False,False
.regtest,1,0.0,False,False
.ascent,1,0.0,False,False
.no_hydro_64,1,0.0,False,False
.plot_z,1,0.0,False,False
.knl,1,0.0,False,False
.noreduceverb,1,0.0,False,False
.bsd-3-clause,1,0.0,False,False
.0-only,1,0.0,False,False
.switch,1,0.0,False,False
.aml,1,0.0,False,False
.pprof,1,0.0,False,False
.arp,1,0.0,False,False
.profile-empty,1,0.0,False,False
.xsec,1,0.0,False,False
.pbuu,1,0.0,False,False
.cxx~,1,0.0,False,False
.cc#,1,0.0,False,False
.osa,1,0.0,False,False
.sie,1,0.0,False,False
.lsf,1,0.0,False,False
.xfm,1,0.0,False,False
.local-copy,1,0.0,False,False
.codekit,1,0.0,False,False
.maintscript,1,0.0,False,False
.scv,1,0.0,False,False
.gms,1,0.0,False,False
.old2,1,0.0,False,False
.oldm,1,0.0,False,False
.svgz,1,0.0,False,False
.jplace,1,0.0,False,False
.nlogox,1,0.0,False,False
.hancho,1,0.0,False,False
.txt#,1,0.0,False,False
.spe,1,0.0,False,False
.coli,1,0.0,False,False
.lof,1,0.0,False,False
.lol,1,0.0,False,False
.lot,1,0.0,False,False
.runtests,1,0.0,False,False
.notice,1,0.0,False,False
.news,1,0.0,False,False
.ansi,1,0.0,False,False
.android,1,0.0,False,False
.miff,1,0.0,False,False
.xml_withparentpom,1,0.0,False,False
.hjs,1,0.0,False,False
.cppipe,1,0.0,False,False
.xeap,1,0.0,False,False
.json_sample,1,0.0,False,False
.enduser,1,0.0,False,False
.double,1,0.0,False,False
.htm-copy,1,0.0,False,False
.htm_backup,1,0.0,False,False
.lsa,1,0.0,False,False
.base64,1,0.0,False,False
.htaccess,1,0.0,False,False
.ethane,1,0.0,False,False
.airebo-m,1,0.0,False,False
.rebo,1,0.0,False,False
.lmiss,1,0.0,False,False
.janet,1,0.0,False,False
.hoon,1,0.0,False,False
.luau,1,0.0,False,False
.ixx,1,0.0,False,False
.gjs,1,0.0,False,False
.cocoa5,1,0.0,False,False
.cake,1,0.0,False,False
.asy,1,0.0,False,False
.cdc,1,0.0,False,False
.ecr,1,0.0,False,False
.chpl,1,0.0,False,False
.njk,1,0.0,False,False
.clar,1,0.0,False,False
.imba,1,0.0,False,False
.ttcn,1,0.0,False,False
.cfm,1,0.0,False,False
.rhai,1,0.0,False,False
.ecpp,1,0.0,False,False
.derw,1,0.0,False,False
.junos,1,0.0,False,False
.just,1,0.0,False,False
.odin,1,0.0,False,False
.cairo,1,0.0,False,False
.gdshader,1,0.0,False,False
.dfy,1,0.0,False,False
.plm,1,0.0,False,False
.ha,1,0.0,False,False
.focexec,1,0.0,False,False
.um,1,0.0,False,False
.fsx,1,0.0,False,False
.fut,1,0.0,False,False
.fnl,1,0.0,False,False
.aria,1,0.0,False,False
.gql,1,0.0,False,False
.gvy,1,0.0,False,False
.yarn,1,0.0,False,False
.slang,1,0.0,False,False
.lidr,1,0.0,False,False
.pl1,1,0.0,False,False
.raml,1,0.0,False,False
.mojo,1,0.0,False,False
.heex,1,0.0,False,False
.icl,1,0.0,False,False
.ipl,1,0.0,False,False
.prql,1,0.0,False,False
.c3,1,0.0,False,False
.bdy,1,0.0,False,False
.thy,1,0.0,False,False
.fth,1,0.0,False,False
.smarty2,1,0.0,False,False
.vsql,1,0.0,False,False
.txtt,1,0.0,False,False
.dt,1,0.0,False,False
.xm,1,0.0,False,False
.lgt,1,0.0,False,False
.lem,1,0.0,False,False
.magik,1,0.0,False,False
.wren,1,0.0,False,False
.mojom,1,0.0,False,False
.mbt,1,0.0,False,False
.mbti,1,0.0,False,False
.nuon,1,0.0,False,False
.jcl,1,0.0,False,False
.ets,1,0.0,False,False
.wxml,1,0.0,False,False
.wxss,1,0.0,False,False
.pek,1,0.0,False,False
.lfe,1,0.0,False,False
.puml,1,0.0,False,False
.jai,1,0.0,False,False
.dhall,1,0.0,False,False
.p6,1,0.0,False,False
.odx,1,0.0,False,False
.surql,1,0.0,False,False
.pony,1,0.0,False,False
.brs,1,0.0,False,False
.sss,1,0.0,False,False
.bicep,1,0.0,False,False
.qxs,1,0.0,False,False
.scp,1,0.0,False,False
.sema,1,0.0,False,False
.prisma,1,0.0,False,False
.pig,1,0.0,False,False
.jspeg,1,0.0,False,False
.peg,1,0.0,False,False
.peggy,1,0.0,False,False
.tspeg,1,0.0,False,False
.slim,1,0.0,False,False
.slint,1,0.0,False,False
.nut,1,0.0,False,False
.nim,1,0.0,False,False
.gleam,1,0.0,False,False
.daml,1,0.0,False,False
.dsr,1,0.0,False,False
.vbhtml,1,0.0,False,False
.ring,1,0.0,False,False
.pest,1,0.0,False,False
.fsl,1,0.0,False,False
.wast,1,0.0,False,False
.uss,1,0.0,False,False
.uxml,1,0.0,False,False
.carbon,1,0.0,False,False
.vba,1,0.0,False,False
.vy,1,0.0,False,False
.blp,1,0.0,False,False
.xpo,1,0.0,False,False
.btp,1,0.0,False,False
.zig,1,0.0,False,False
.head~1,1,0.0,False,False
.tok,1,0.0,False,False
.slnf,1,0.0,False,False
.startup,1,0.0,False,False
.qry,1,0.0,False,False
.mas2j,1,0.0,False,False
.pip,1,0.0,False,False
.z06,1,0.0,False,False
.z07,1,0.0,False,False
.z08,1,0.0,False,False
.x_b,1,0.0,False,False
.eepe,1,0.0,False,False
.dnd,1,0.0,False,False
.datbak,1,0.0,False,False
.01_tgyr_elemplot_intd,1,0.0,False,False
.10_tgyr_elemplot_intd,1,0.0,False,False
.c2hs,1,0.0,False,False
.dump-ast,1,0.0,False,False
.nanorc,1,0.0,False,False
.ssh,1,0.0,False,False
.cats,1,0.0,False,False
.dats,1,0.0,False,False
.sats,1,0.0,False,False
.purerc,1,0.0,False,False
.clw,1,0.0,False,False
.add,1,0.0,False,False
.propertiesprovider,1,0.0,False,False
.jrtx,1,0.0,False,False
.jasper,1,0.0,False,False
.allscalecc,1,0.0,False,False
.ccz,1,0.0,False,False
.elementtypesconfigurations,1,0.0,False,False
.creationmenumodel,1,0.0,False,False
.pl~,1,0.0,False,False
.qdp-amd,1,0.0,False,False
.shock_past_cylinder,1,0.0,False,False
.shock_past_sphere,1,0.0,False,False
.iamr,1,0.0,False,False
.hotspot_rz,1,0.0,False,False
.euler,1,0.0,False,False
.euler-restart,1,0.0,False,False
.square_grid,1,0.0,False,False
.bubble_rz,1,0.0,False,False
.double_shear_layer-rotate,1,0.0,False,False
.forced,1,0.0,False,False
.average_hotspot,1,0.0,False,False
.les_hotspot,1,0.0,False,False
.corigpu,1,0.0,False,False
.perlmutter,1,0.0,False,False
.greg,1,0.0,False,False
.lwo,1,0.0,False,False
.gpb,1,0.0,False,False
.down,1,0.0,False,False
.up,1,0.0,False,False
.gitattributes,1,0.0,False,False
.power9v100,1,0.0,False,False
.jsdoc,1,0.0,False,False
.ib_pdb_index,1,0.0,False,False
.name_accession,1,0.0,False,False
.tplx,1,0.0,False,False
.mk~,1,0.0,False,False
.pchk,1,0.0,False,False
.gsl,1,0.0,False,False
.senses,1,0.0,False,False
.blobs,1,0.0,False,False
.tester,1,0.0,False,False
.rtml,1,0.0,False,False
.guide,1,0.0,False,False
.recipe,1,0.0,False,False
.prx,1,0.0,False,False
.setup,1,0.0,False,False
.strs,1,0.0,False,False
.tgz?accesstype=download,1,0.0,False,False
.mshp,1,0.0,False,False
.omake,1,0.0,False,False
.exist,1,0.0,False,False
.eclipse,1,0.0,False,False
.mtvl,1,0.0,False,False
.rmap,1,0.0,False,False
.valid,1,0.0,False,False
.otu_table,1,0.0,False,False
.xval,1,0.0,False,False
.sift,1,0.0,False,False
.soc,1,0.0,False,False
.dcl,1,0.0,False,False
.pack,1,0.0,False,False
.validspike,1,0.0,False,False
.conv_n1600_mean4_5_st08_lx19_ly7,1,0.0,False,False
.liggghts,1,0.0,False,False
.springcalve,1,0.0,False,False
.summercalve,1,0.0,False,False
.7920000,1,0.0,False,False
.fjordbond_final_h20_str5e5_lfc30,1,0.0,False,False
.bonds,1,0.0,False,False
.inx,1,0.0,False,False
.infox,1,0.0,False,False
.5-linux32,1,0.0,False,False
.5-linux64,1,0.0,False,False
.5-osx,1,0.0,False,False
.profiles,1,0.0,False,False
.snakefile,1,0.0,False,False
.pmids,1,0.0,False,False
.cdsfeatures_original,1,0.0,False,False
.marshal,1,0.0,False,False
.mothur,1,0.0,False,False
.ncdump,1,0.0,False,False
.ifunctionregistrant,1,0.0,False,False
.persistentjoboutput,1,0.0,False,False
.discoverable,1,0.0,False,False
.databases,1,0.0,False,False
.powergslb,1,0.0,False,False
.sqlserver,1,0.0,False,False
.stmt,1,0.0,False,False
.srec,1,0.0,False,False
.bn,1,0.0,False,False
.ca,1,0.0,False,False
.et,1,0.0,False,False
.fi,1,0.0,False,False
.gu,1,0.0,False,False
.hi,1,0.0,False,False
.hu,1,0.0,False,False
.is,1,0.0,False,False
.kn,1,0.0,False,False
.lt,1,0.0,False,False
.mni,1,0.0,False,False
.mr,1,0.0,False,False
.or,1,0.0,False,False
.pa,1,0.0,False,False
.ro,1,0.0,False,False
.ta,1,0.0,False,False
.tdt,1,0.0,False,False
.te,1,0.0,False,False
.yue,1,0.0,False,False
.zh,1,0.0,False,False
.chn,1,0.0,False,False
.cbk,1,0.0,False,False
.nvcc,1,0.0,False,False
.asta,1,0.0,False,False
.longorfs,1,0.0,False,False
.travis-rbx,1,0.0,False,False
.processors,1,0.0,False,False
.symbolprocessorprovider,1,0.0,False,False
.tff,1,0.0,False,False
.hkl,1,0.0,False,False
.out_b_swope,1,0.0,False,False
.out_g_swope,1,0.0,False,False
.out_h_wirc,1,0.0,False,False
.out_i_swope,1,0.0,False,False
.out_j_wirc,1,0.0,False,False
.out_k_wirc,1,0.0,False,False
.out_r_swope,1,0.0,False,False
.out_u_swope,1,0.0,False,False
.out_v_oswope,1,0.0,False,False
.out_y_wirc,1,0.0,False,False
.out_r,1,0.0,False,False
.vtl,1,0.0,False,False
.rpath,1,0.0,False,False
.ptr,1,0.0,False,False
.tree-ssa,1,0.0,False,False
.graphite,1,0.0,False,False
.tgt,1,0.0,False,False
.rexsterextension,1,0.0,False,False
.binyan,1,0.0,False,False
.lemma,1,0.0,False,False
.sgml,1,0.0,False,False
.bedtofasta,1,0.0,False,False
.blastn_hgncrna,1,0.0,False,False
.extractblastnresults,1,0.0,False,False
.final_lncrna,1,0.0,False,False
.certdep,1,0.0,False,False
.stv,1,0.0,False,False
.mss,1,0.0,False,False
.elf32-musl-static,1,0.0,False,False
.cvc,1,0.0,False,False
.executable,1,0.0,False,False
.elf64statico2,1,0.0,False,False
.o32,1,0.0,False,False
.copythis,1,0.0,False,False
.moved,1,0.0,False,False
.lisp ,1,0.0,False,False
.lisp-old,1,0.0,False,False
.deflated,1,0.0,False,False
.xdb,1,0.0,False,False
.zi,1,0.0,False,False
.acl2x-source,1,0.0,False,False
.tbx,1,0.0,False,False
.mdproj,1,0.0,False,False
.dubase,1,0.0,False,False
.jsfdia,1,0.0,False,False
.database,1,0.0,False,False
.ubase,1,0.0,False,False
.systemd,1,0.0,False,False
.poem-react-tests,1,0.0,False,False
.2f4cec7,1,0.0,False,False
.c589374,1,0.0,False,False
.e8763af,1,0.0,False,False
.mdj,1,0.0,False,False
.bnx,1,0.0,False,False
.xmap,1,0.0,False,False
.log~,1,0.0,False,False
.properties~,1,0.0,False,False
.cpgz,1,0.0,False,False
.rei,1,0.0,False,False
.dat_higher_diff,1,0.0,False,False
.idm,1,0.0,False,False
.qfts,1,0.0,False,False
.scene,1,0.0,False,False
.hiro,1,0.0,False,False
.kanji,1,0.0,False,False
.origversion,1,0.0,False,False
.episode,1,0.0,False,False
.31_i86darwin32,1,0.0,False,False
.31_i86darwin64,1,0.0,False,False
.31_macppc,1,0.0,False,False
.bip,1,0.0,False,False
.dinvitro,1,0.0,False,False
.other,1,0.0,False,False
.adbx,1,0.0,False,False
.out~,1,0.0,False,False
.prev,1,0.0,False,False
.centromeres,1,0.0,False,False
.gap,1,0.0,False,False
.dead,1,0.0,False,False
.matk,1,0.0,False,False
.mobileconfig,1,0.0,False,False
.ios,1,0.0,False,False
.snapshot,1,0.0,False,False
.mtl23,1,0.0,False,False
.libs,1,0.0,False,False
.aga,1,0.0,False,False
.r-index,1,0.0,False,False
.nse,1,0.0,False,False
.vimrc,1,0.0,False,False
.sample_combined_22inds_4seqs,1,0.0,False,False
.moses,1,0.0,False,False
.shadersubgraph,1,0.0,False,False
.inputactions,1,0.0,False,False
.spriteatlas,1,0.0,False,False
.adeextension,1,0.0,False,False
.xjb,1,0.0,False,False
.adecontext,1,0.0,False,False
.tapplan,1,0.0,False,False
.kmers,1,0.0,False,False
.a64,1,0.0,False,False
.ginfo,1,0.0,False,False
.passphrase,1,0.0,False,False
.rad,1,0.0,False,False
.czi,1,0.0,False,False
.css_t,1,0.0,False,False
.poy,1,0.0,False,False
.mltop,1,0.0,False,False
.ping,1,0.0,False,False
.uedin-wmt16-full,1,0.0,False,False
.uedin-wmt16-parallel-single,1,0.0,False,False
.uedin-wmt16-single,1,0.0,False,False
.uedin-wmt17-full,1,0.0,False,False
.uedin-wmt17-single,1,0.0,False,False
.detok,1,0.0,False,False
.fakesconfig,1,0.0,False,False
.bkup12mar19,1,0.0,False,False
.galex,1,0.0,False,False
.unwise,1,0.0,False,False
.incase,1,0.0,False,False
.runsettings,1,0.0,False,False
.installation,1,0.0,False,False
.variables,1,0.0,False,False
.eventdumpparser,1,0.0,False,False
.ctz,1,0.0,False,False
.hsf,1,0.0,False,False
.update,1,0.0,False,False
.address,1,0.0,False,False
.le35,1,0.0,False,False
.le55,1,0.0,False,False
.le75,1,0.0,False,False
.bld,1,0.0,False,False
.jsbox0,1,0.0,False,False
.jsbox1,1,0.0,False,False
.jsbox2,1,0.0,False,False
.jsconn,1,0.0,False,False
.todraw,1,0.0,False,False
.temp,1,0.0,False,False
.rsl-new,1,0.0,False,False
.rsl-old,1,0.0,False,False
.rsl,1,0.0,False,False
.prl,1,0.0,False,False
.cool,1,0.0,False,False
.clamd,1,0.0,False,False
.rabbitmq,1,0.0,False,False
.scpt,1,0.0,False,False
.vgm,1,0.0,False,False
.alias,1,0.0,False,False
.alprofile,1,0.0,False,False
.pvs,1,0.0,False,False
.wxg,1,0.0,False,False
.xplt,1,0.0,False,False
.sid,1,0.0,False,False
.r2017a,1,0.0,False,False
.aiohttp,1,0.0,False,False
.autobahn,1,0.0,False,False
.unknown_mime_type,1,0.0,False,False
.zero_bytes,1,0.0,False,False
.coderprj,1,0.0,False,False
.vot,1,0.0,False,False
.bgm,1,0.0,False,False
.emscripten,1,0.0,False,False
.coq,1,0.0,False,False
.z00,1,0.0,False,False
.spv,1,0.0,False,False
.pov,1,0.0,False,False
.cpicle,1,0.0,False,False
.w32,1,0.0,False,False
.localmode,1,0.0,False,False
.embeddedapplauncher,1,0.0,False,False
.yarnapplauncher,1,0.0,False,False
.securityinfo,1,0.0,False,False
.tokenidentifier,1,0.0,False,False
.dagexecutionplugin,1,0.0,False,False
.keytab,1,0.0,False,False
.ccxml,1,0.0,False,False
.exregion,1,0.0,False,False
.example-php,1,0.0,False,False
.3gp,1,0.0,False,False
.xquery,1,0.0,False,False
.myjson,1,0.0,False,False
.mydata,1,0.0,False,False
.mydata2,1,0.0,False,False
.myhtml,1,0.0,False,False
.phps,1,0.0,False,False
.mysql,1,0.0,False,False
.exelem,1,0.0,False,False
.exnode,1,0.0,False,False
.words,1,0.0,False,False
.features~,1,0.0,False,False
.incflo,1,0.0,False,False
.channel_cylinder,1,0.0,False,False
.eb_flow_sphere,1,0.0,False,False
.inviscid_rotated_planes_x,1,0.0,False,False
.rotated_planes_x,1,0.0,False,False
.rotated_planes_y,1,0.0,False,False
.vortex_in_sphere,1,0.0,False,False
.channel_cylinder-x,1,0.0,False,False
.channel_cylinder-xx,1,0.0,False,False
.channel_cylinder-y,1,0.0,False,False
.channel_cylinder-yy,1,0.0,False,False
.channel_cylinder-z,1,0.0,False,False
.channel_cylinder-zz,1,0.0,False,False
.channel_spherecube,1,0.0,False,False
.couette_poiseuille,1,0.0,False,False
.double_shear_restart,1,0.0,False,False
.eb_flow_const_velz,1,0.0,False,False
.eb_flow_density,1,0.0,False,False
.poiseuille_halfplane_newtonian,1,0.0,False,False
.slanted_cylinder,1,0.0,False,False
.tuscan,1,0.0,False,False
.upipe,1,0.0,False,False
.csg,1,0.0,False,False
.couette_cylinder,1,0.0,False,False
.couette_twocylinders,1,0.0,False,False
.poiseuille_annulus,1,0.0,False,False
.rotating_cylinder,1,0.0,False,False
.taylor_couette,1,0.0,False,False
.test_csg,1,0.0,False,False
.inviscid_rotated_cylinder_x,1,0.0,False,False
.inviscid_rotated_cylinder_y,1,0.0,False,False
.inviscid_rotated_cylinder_z,1,0.0,False,False
.periodic_box_x,1,0.0,False,False
.periodic_box_y,1,0.0,False,False
.periodic_box_z,1,0.0,False,False
.circ_traceradect_bds,1,0.0,False,False
.double_shear_layer_x,1,0.0,False,False
.double_shear_layer_y,1,0.0,False,False
.double_shear_layer_z,1,0.0,False,False
.poiseuille_halfplane_newtonian_x,1,0.0,False,False
.poiseuille_halfplane_newtonian_y,1,0.0,False,False
.poiseuille_halfplane_newtonian_z,1,0.0,False,False
.poiseuille_plane_newtonian_x,1,0.0,False,False
.poiseuille_plane_newtonian_y,1,0.0,False,False
.poiseuille_plane_newtonian_z,1,0.0,False,False
.slip_wall_test_x,1,0.0,False,False
.shap,1,0.0,False,False
.dpd,1,0.0,False,False
.xtextbin,1,0.0,False,False
.xml_correct,1,0.0,False,False
.xml_orig,1,0.0,False,False
.ltp,1,0.0,False,False
.luacov,1,0.0,False,False
.repositories,1,0.0,False,False
.neg,1,0.0,False,False
.aktualizr,1,0.0,False,False
.focal,1,0.0,False,False
.sgd,1,0.0,False,False
.2016,1,0.0,False,False
.jtv,1,0.0,False,False
.cdt,1,0.0,False,False
.gtr,1,0.0,False,False
.rscript,1,0.0,False,False
.gold_std,1,0.0,False,False
.metagenemark,1,0.0,False,False
.atom,1,0.0,False,False
.stri,1,0.0,False,False
.acc,1,0.0,False,False
.ars,1,0.0,False,False
.ath,1,0.0,False,False
.fsm,1,0.0,False,False
.sth,1,0.0,False,False
.tfs,1,0.0,False,False
.j2c,1,0.0,False,False
.indels,1,0.0,False,False
.qualities,1,0.0,False,False
.sitefrequency,1,0.0,False,False
.sitepositions,1,0.0,False,False
.incl,1,0.0,False,False
.gmm,1,0.0,False,False
.delim,1,0.0,False,False
.txt_pos,1,0.0,False,False
.pcaproject,1,0.0,False,False
.xln,1,0.0,False,False
.b##,1,0.0,False,False
.l#5,1,0.0,False,False
.l#6,1,0.0,False,False
.l#7,1,0.0,False,False
.l#8,1,0.0,False,False
.l#9,1,0.0,False,False
.wsdt,1,0.0,False,False
.lineage,1,0.0,False,False
.ipy,1,0.0,False,False
.w6yv7k,1,0.0,False,False
.emp,1,0.0,False,False
.getsatstudy,1,0.0,False,False
.readgeom,1,0.0,False,False
.readtree,1,0.0,False,False
.useraysolver,1,0.0,False,False
.conversions,1,0.0,False,False
.processed,1,0.0,False,False
.blei,1,0.0,False,False
.low,1,0.0,False,False
.mallet,1,0.0,False,False
.svmlight,1,0.0,False,False
.uci,1,0.0,False,False
.jscad,1,0.0,False,False
.xspt,1,0.0,False,False
.moog,1,0.0,False,False
.mlf,1,0.0,False,False
.mrf,1,0.0,False,False
.mes,1,0.0,False,False
.crazy_ext,1,0.0,False,False
.chg,1,0.0,False,False
.parm,1,0.0,False,False
.nastruct,1,0.0,False,False
.r3d,1,0.0,False,False
.cb_dist,1,0.0,False,False
.comap,1,0.0,False,False
.mfdca,1,0.0,False,False
.plmdca,1,0.0,False,False
.psicov,1,0.0,False,False
.numpy_bin,1,0.0,False,False
.howto_script,1,0.0,False,False
.howto_transform,1,0.0,False,False
.apache2,1,0.0,False,False
.overrides,1,0.0,False,False
.templates,1,0.0,False,False
.jdl,1,0.0,False,False
.fieldtrip,1,0.0,False,False
.gifti,1,0.0,False,False
.xmltree,1,0.0,False,False
.dyr,1,0.0,False,False
.iex,1,0.0,False,False
.l2p,1,0.0,False,False
.lnp,1,0.0,False,False
.connect,1,0.0,False,False
.nbar,1,0.0,False,False
.lie,1,0.0,False,False
.rac,1,0.0,False,False
.rsml,1,0.0,False,False
.dependencies,1,0.0,False,False
.enw,1,0.0,False,False
.admin,1,0.0,False,False
.author,1,0.0,False,False
.granted,1,0.0,False,False
.granted_token,1,0.0,False,False
.rejected,1,0.0,False,False
.com-non_engines,1,0.0,False,False
.openaire4,1,0.0,False,False
.fzz,1,0.0,False,False
.axgr,1,0.0,False,False
.axgx,1,0.0,False,False
.ppc64le,1,0.0,False,False
.payload,1,0.0,False,False
.ls,1,0.0,False,False
.omp,1,0.0,False,False
.alpine,1,0.0,False,False
.heroku,1,0.0,False,False
.mrb-linux-amd64,1,0.0,False,False
.universal,1,0.0,False,False
.nobody,1,0.0,False,False
.chrlengths,1,0.0,False,False
.grammar,1,0.0,False,False
.bil,1,0.0,False,False
.alljobs,1,0.0,False,False
.len,1,0.0,False,False
.emm,1,0.0,False,False
.ed,1,0.0,False,False
.xrdf,1,0.0,False,False
.fsp,1,0.0,False,False
.pauli,1,0.0,False,False
.php8,1,0.0,False,False
.score,1,0.0,False,False
.gds,1,0.0,False,False
.metadix,1,0.0,False,False
.linearindex,1,0.0,False,False
.numer,1,0.0,False,False
.log-20100502,1,0.0,False,False
.jenasubsystemlifecycle,1,0.0,False,False
.rap,1,0.0,False,False
.pdos_atm#1(mg)_wfc#1(s),1,0.0,False,False
.pdos_atm#1(mg)_wfc#2(p),1,0.0,False,False
.pdos_atm#2(o)_wfc#1(s),1,0.0,False,False
.pdos_atm#2(o)_wfc#2(p),1,0.0,False,False
.pdos_tot,1,0.0,False,False
.pops,1,0.0,False,False
.golden,1,0.0,False,False
.mkfg,1,0.0,False,False
.tz,1,0.0,False,False
.lambda,1,0.0,False,False
.vol2bird,1,0.0,False,False
.vol2bird-mistnet,1,0.0,False,False
.20130329,1,0.0,False,False
.drv,1,0.0,False,False
.dtx,1,0.0,False,False
.m4~,1,0.0,False,False
.binutils,1,0.0,False,False
.variants,1,0.0,False,False
.js_,1,0.0,False,False
.vssbe,1,0.0,False,False
.javascript,1,0.0,False,False
.bac,1,0.0,False,False
.markers,1,0.0,False,False
.symvers,1,0.0,False,False
.bestmodel,1,0.0,False,False
.besttree,1,0.0,False,False
.sfk,1,0.0,False,False
.pmd,1,0.0,False,False
.b64,1,0.0,False,False
.qp,1,0.0,False,False
.amiga,1,0.0,False,False
.b32,1,0.0,False,False
.m32,1,0.0,False,False
.netware,1,0.0,False,False
.vxworks,1,0.0,False,False
.watcom,1,0.0,False,False
.3des,1,0.0,False,False
.aes128,1,0.0,False,False
.aes192,1,0.0,False,False
.aes256,1,0.0,False,False
.des,1,0.0,False,False
.psk,1,0.0,False,False
.pubkey,1,0.0,False,False
.cert_type,1,0.0,False,False
.key_usage,1,0.0,False,False
.ku-ct,1,0.0,False,False
.md4,1,0.0,False,False
.bcc32,1,0.0,False,False
.msvc,1,0.0,False,False
.filt_list,1,0.0,False,False
.nsconfig,1,0.0,False,False
.7cei,1,0.0,False,False
.1yjo,1,0.0,False,False
.end,1,0.0,False,False
.fis,1,0.0,False,False
.merge,1,0.0,False,False
.paaa2,1,0.0,False,False
.gamma-gomodelmicellesimulation,1,0.0,False,False
.data-gomodelmembranesimulation,1,0.0,False,False
.data-gomodelmicellesimulation,1,0.0,False,False
.data_membranedimerprediction,1,0.0,False,False
.dat_membranedimerprediction,1,0.0,False,False
.debugforces,1,0.0,False,False
.parallel,1,0.0,False,False
.paralleldebug,1,0.0,False,False
.rcc,1,0.0,False,False
.serial,1,0.0,False,False
.serialdebug,1,0.0,False,False
.h4_traj,1,0.0,False,False
.tmat,1,0.0,False,False
.pnt,1,0.0,False,False
.e321227,1,0.0,False,False
.e321228,1,0.0,False,False
.e321229,1,0.0,False,False
.e321230,1,0.0,False,False
.e321231,1,0.0,False,False
.e321232,1,0.0,False,False
.e321233,1,0.0,False,False
.e321234,1,0.0,False,False
.e321235,1,0.0,False,False
.e321236,1,0.0,False,False
.e323962,1,0.0,False,False
.e323963,1,0.0,False,False
.e323964,1,0.0,False,False
.e323965,1,0.0,False,False
.e323966,1,0.0,False,False
.e323967,1,0.0,False,False
.e323968,1,0.0,False,False
.e323969,1,0.0,False,False
.e323970,1,0.0,False,False
.e323971,1,0.0,False,False
.o321227,1,0.0,False,False
.o321228,1,0.0,False,False
.o321229,1,0.0,False,False
.o321230,1,0.0,False,False
.o321231,1,0.0,False,False
.o321232,1,0.0,False,False
.o321233,1,0.0,False,False
.o321234,1,0.0,False,False
.o321235,1,0.0,False,False
.o321236,1,0.0,False,False
.o323962,1,0.0,False,False
.o323963,1,0.0,False,False
.o323964,1,0.0,False,False
.o323965,1,0.0,False,False
.o323966,1,0.0,False,False
.o323967,1,0.0,False,False
.o323968,1,0.0,False,False
.o323969,1,0.0,False,False
.o323970,1,0.0,False,False
.o323971,1,0.0,False,False
.e321271,1,0.0,False,False
.e321272,1,0.0,False,False
.e321273,1,0.0,False,False
.e321274,1,0.0,False,False
.e321275,1,0.0,False,False
.e321276,1,0.0,False,False
.e321277,1,0.0,False,False
.e321278,1,0.0,False,False
.e321279,1,0.0,False,False
.e321280,1,0.0,False,False
.e326140,1,0.0,False,False
.e326141,1,0.0,False,False
.e326142,1,0.0,False,False
.e326143,1,0.0,False,False
.e326144,1,0.0,False,False
.e326145,1,0.0,False,False
.e326146,1,0.0,False,False
.e326147,1,0.0,False,False
.e326148,1,0.0,False,False
.e326149,1,0.0,False,False
.o321271,1,0.0,False,False
.o321272,1,0.0,False,False
.o321273,1,0.0,False,False
.o321274,1,0.0,False,False
.o321275,1,0.0,False,False
.o321276,1,0.0,False,False
.o321277,1,0.0,False,False
.o321278,1,0.0,False,False
.o321279,1,0.0,False,False
.o321280,1,0.0,False,False
.o326140,1,0.0,False,False
.o326141,1,0.0,False,False
.o326142,1,0.0,False,False
.o326143,1,0.0,False,False
.o326144,1,0.0,False,False
.o326145,1,0.0,False,False
.o326146,1,0.0,False,False
.o326147,1,0.0,False,False
.o326148,1,0.0,False,False
.o326149,1,0.0,False,False
.e321328,1,0.0,False,False
.e321329,1,0.0,False,False
.e321330,1,0.0,False,False
.e321331,1,0.0,False,False
.e321332,1,0.0,False,False
.e321333,1,0.0,False,False
.e321334,1,0.0,False,False
.e321335,1,0.0,False,False
.e321336,1,0.0,False,False
.e321337,1,0.0,False,False
.e325185,1,0.0,False,False
.e325186,1,0.0,False,False
.e325187,1,0.0,False,False
.e325188,1,0.0,False,False
.e325189,1,0.0,False,False
.e325190,1,0.0,False,False
.e325201,1,0.0,False,False
.e325212,1,0.0,False,False
.e325227,1,0.0,False,False
.e325229,1,0.0,False,False
.o321328,1,0.0,False,False
.o321329,1,0.0,False,False
.o321330,1,0.0,False,False
.o321331,1,0.0,False,False
.o321332,1,0.0,False,False
.o321333,1,0.0,False,False
.o321334,1,0.0,False,False
.o321335,1,0.0,False,False
.o321336,1,0.0,False,False
.o321337,1,0.0,False,False
.o325185,1,0.0,False,False
.o325186,1,0.0,False,False
.o325187,1,0.0,False,False
.o325188,1,0.0,False,False
.o325189,1,0.0,False,False
.o325190,1,0.0,False,False
.o325201,1,0.0,False,False
.o325212,1,0.0,False,False
.o325227,1,0.0,False,False
.o325229,1,0.0,False,False
.e322974,1,0.0,False,False
.e322975,1,0.0,False,False
.e322976,1,0.0,False,False
.e322977,1,0.0,False,False
.e322978,1,0.0,False,False
.e322979,1,0.0,False,False
.e322980,1,0.0,False,False
.e322981,1,0.0,False,False
.e322982,1,0.0,False,False
.e322983,1,0.0,False,False
.e322984,1,0.0,False,False
.e322985,1,0.0,False,False
.e322986,1,0.0,False,False
.e322987,1,0.0,False,False
.e322988,1,0.0,False,False
.e322989,1,0.0,False,False
.e322990,1,0.0,False,False
.e322991,1,0.0,False,False
.e322992,1,0.0,False,False
.e322993,1,0.0,False,False
.o322974,1,0.0,False,False
.o322975,1,0.0,False,False
.o322976,1,0.0,False,False
.o322977,1,0.0,False,False
.o322978,1,0.0,False,False
.o322979,1,0.0,False,False
.o322980,1,0.0,False,False
.o322981,1,0.0,False,False
.o322982,1,0.0,False,False
.o322983,1,0.0,False,False
.o322984,1,0.0,False,False
.o322985,1,0.0,False,False
.o322986,1,0.0,False,False
.o322987,1,0.0,False,False
.o322988,1,0.0,False,False
.o322989,1,0.0,False,False
.o322990,1,0.0,False,False
.o322991,1,0.0,False,False
.o322992,1,0.0,False,False
.o322993,1,0.0,False,False
.e322954,1,0.0,False,False
.e322955,1,0.0,False,False
.e322956,1,0.0,False,False
.e322957,1,0.0,False,False
.e322958,1,0.0,False,False
.e322959,1,0.0,False,False
.e322960,1,0.0,False,False
.e322961,1,0.0,False,False
.e322962,1,0.0,False,False
.e322963,1,0.0,False,False
.e322964,1,0.0,False,False
.e322965,1,0.0,False,False
.e322966,1,0.0,False,False
.e322967,1,0.0,False,False
.e322968,1,0.0,False,False
.e322969,1,0.0,False,False
.e322970,1,0.0,False,False
.e322971,1,0.0,False,False
.e322972,1,0.0,False,False
.e322973,1,0.0,False,False
.o322954,1,0.0,False,False
.o322955,1,0.0,False,False
.o322956,1,0.0,False,False
.o322957,1,0.0,False,False
.o322958,1,0.0,False,False
.o322959,1,0.0,False,False
.o322960,1,0.0,False,False
.o322961,1,0.0,False,False
.o322962,1,0.0,False,False
.o322963,1,0.0,False,False
.o322964,1,0.0,False,False
.o322965,1,0.0,False,False
.o322966,1,0.0,False,False
.o322967,1,0.0,False,False
.o322968,1,0.0,False,False
.o322969,1,0.0,False,False
.o322970,1,0.0,False,False
.o322971,1,0.0,False,False
.o322972,1,0.0,False,False
.o322973,1,0.0,False,False
.e322934,1,0.0,False,False
.e322935,1,0.0,False,False
.e322936,1,0.0,False,False
.e322937,1,0.0,False,False
.e322938,1,0.0,False,False
.e322939,1,0.0,False,False
.e322940,1,0.0,False,False
.e322941,1,0.0,False,False
.e322942,1,0.0,False,False
.e322943,1,0.0,False,False
.e322944,1,0.0,False,False
.e322945,1,0.0,False,False
.e322946,1,0.0,False,False
.e322947,1,0.0,False,False
.e322948,1,0.0,False,False
.e322949,1,0.0,False,False
.e322950,1,0.0,False,False
.e322951,1,0.0,False,False
.e322952,1,0.0,False,False
.e322953,1,0.0,False,False
.o322934,1,0.0,False,False
.o322935,1,0.0,False,False
.o322936,1,0.0,False,False
.o322937,1,0.0,False,False
.o322938,1,0.0,False,False
.o322939,1,0.0,False,False
.o322940,1,0.0,False,False
.o322941,1,0.0,False,False
.o322942,1,0.0,False,False
.o322943,1,0.0,False,False
.o322944,1,0.0,False,False
.o322945,1,0.0,False,False
.o322946,1,0.0,False,False
.o322947,1,0.0,False,False
.o322948,1,0.0,False,False
.o322949,1,0.0,False,False
.o322950,1,0.0,False,False
.o322951,1,0.0,False,False
.o322952,1,0.0,False,False
.o322953,1,0.0,False,False
.e323400,1,0.0,False,False
.e323401,1,0.0,False,False
.e323402,1,0.0,False,False
.e323403,1,0.0,False,False
.e323404,1,0.0,False,False
.e323405,1,0.0,False,False
.e323406,1,0.0,False,False
.e326160,1,0.0,False,False
.e326161,1,0.0,False,False
.e326162,1,0.0,False,False
.e326163,1,0.0,False,False
.e326164,1,0.0,False,False
.e326165,1,0.0,False,False
.o323400,1,0.0,False,False
.o323401,1,0.0,False,False
.o323402,1,0.0,False,False
.o323403,1,0.0,False,False
.o323404,1,0.0,False,False
.o323405,1,0.0,False,False
.o323406,1,0.0,False,False
.o326160,1,0.0,False,False
.o326161,1,0.0,False,False
.o326162,1,0.0,False,False
.o326163,1,0.0,False,False
.o326164,1,0.0,False,False
.o326165,1,0.0,False,False
.e323407,1,0.0,False,False
.e323408,1,0.0,False,False
.e323409,1,0.0,False,False
.e323410,1,0.0,False,False
.e323411,1,0.0,False,False
.e323412,1,0.0,False,False
.e323413,1,0.0,False,False
.e323414,1,0.0,False,False
.e323415,1,0.0,False,False
.e323416,1,0.0,False,False
.e326150,1,0.0,False,False
.e326151,1,0.0,False,False
.e326152,1,0.0,False,False
.e326153,1,0.0,False,False
.e326154,1,0.0,False,False
.e326155,1,0.0,False,False
.e326156,1,0.0,False,False
.e326157,1,0.0,False,False
.e326158,1,0.0,False,False
.e326159,1,0.0,False,False
.o323407,1,0.0,False,False
.o323408,1,0.0,False,False
.o323409,1,0.0,False,False
.o323410,1,0.0,False,False
.o323411,1,0.0,False,False
.o323412,1,0.0,False,False
.o323413,1,0.0,False,False
.o323414,1,0.0,False,False
.o323415,1,0.0,False,False
.o323416,1,0.0,False,False
.o326150,1,0.0,False,False
.o326151,1,0.0,False,False
.o326152,1,0.0,False,False
.o326153,1,0.0,False,False
.o326154,1,0.0,False,False
.o326155,1,0.0,False,False
.o326156,1,0.0,False,False
.o326157,1,0.0,False,False
.o326158,1,0.0,False,False
.o326159,1,0.0,False,False
.e323423,1,0.0,False,False
.e323424,1,0.0,False,False
.e323425,1,0.0,False,False
.e323426,1,0.0,False,False
.e323427,1,0.0,False,False
.e323428,1,0.0,False,False
.e323429,1,0.0,False,False
.e323430,1,0.0,False,False
.e323431,1,0.0,False,False
.e323432,1,0.0,False,False
.e323433,1,0.0,False,False
.e323434,1,0.0,False,False
.e323435,1,0.0,False,False
.e323436,1,0.0,False,False
.e323437,1,0.0,False,False
.e323438,1,0.0,False,False
.e323439,1,0.0,False,False
.e326130,1,0.0,False,False
.e326131,1,0.0,False,False
.e326132,1,0.0,False,False
.e326133,1,0.0,False,False
.e326134,1,0.0,False,False
.e326135,1,0.0,False,False
.e326136,1,0.0,False,False
.e326137,1,0.0,False,False
.e326138,1,0.0,False,False
.e326139,1,0.0,False,False
.o323423,1,0.0,False,False
.o323424,1,0.0,False,False
.o323425,1,0.0,False,False
.o323426,1,0.0,False,False
.o323427,1,0.0,False,False
.o323428,1,0.0,False,False
.o323429,1,0.0,False,False
.o323430,1,0.0,False,False
.o323431,1,0.0,False,False
.o323432,1,0.0,False,False
.o326130,1,0.0,False,False
.o326131,1,0.0,False,False
.o326132,1,0.0,False,False
.o326133,1,0.0,False,False
.o326134,1,0.0,False,False
.o326135,1,0.0,False,False
.o326136,1,0.0,False,False
.o326137,1,0.0,False,False
.o326138,1,0.0,False,False
.o326139,1,0.0,False,False
.e321751,1,0.0,False,False
.e321752,1,0.0,False,False
.e321753,1,0.0,False,False
.e321754,1,0.0,False,False
.e321755,1,0.0,False,False
.e321756,1,0.0,False,False
.e321757,1,0.0,False,False
.e321758,1,0.0,False,False
.e321759,1,0.0,False,False
.e321760,1,0.0,False,False
.e321761,1,0.0,False,False
.e321762,1,0.0,False,False
.e321763,1,0.0,False,False
.e321764,1,0.0,False,False
.e321765,1,0.0,False,False
.e321766,1,0.0,False,False
.e321767,1,0.0,False,False
.e321768,1,0.0,False,False
.e321769,1,0.0,False,False
.e321770,1,0.0,False,False
.e322159,1,0.0,False,False
.o321751,1,0.0,False,False
.o321752,1,0.0,False,False
.o321753,1,0.0,False,False
.o321754,1,0.0,False,False
.o321755,1,0.0,False,False
.o321756,1,0.0,False,False
.o321757,1,0.0,False,False
.o321758,1,0.0,False,False
.o321759,1,0.0,False,False
.o321760,1,0.0,False,False
.o321761,1,0.0,False,False
.o321762,1,0.0,False,False
.o321763,1,0.0,False,False
.o321764,1,0.0,False,False
.o321765,1,0.0,False,False
.o321766,1,0.0,False,False
.o321767,1,0.0,False,False
.o321768,1,0.0,False,False
.o321769,1,0.0,False,False
.o321770,1,0.0,False,False
.o322159,1,0.0,False,False
.e322160,1,0.0,False,False
.e322161,1,0.0,False,False
.e322162,1,0.0,False,False
.e322163,1,0.0,False,False
.e322164,1,0.0,False,False
.e322165,1,0.0,False,False
.e322166,1,0.0,False,False
.e322167,1,0.0,False,False
.e322168,1,0.0,False,False
.e322169,1,0.0,False,False
.e322170,1,0.0,False,False
.e322171,1,0.0,False,False
.e322172,1,0.0,False,False
.e322173,1,0.0,False,False
.e322174,1,0.0,False,False
.e322175,1,0.0,False,False
.e322176,1,0.0,False,False
.e322177,1,0.0,False,False
.e322178,1,0.0,False,False
.e322179,1,0.0,False,False
.o322160,1,0.0,False,False
.o322161,1,0.0,False,False
.o322162,1,0.0,False,False
.o322163,1,0.0,False,False
.o322164,1,0.0,False,False
.o322165,1,0.0,False,False
.o322166,1,0.0,False,False
.o322167,1,0.0,False,False
.o322168,1,0.0,False,False
.o322169,1,0.0,False,False
.o322170,1,0.0,False,False
.o322171,1,0.0,False,False
.o322172,1,0.0,False,False
.o322173,1,0.0,False,False
.o322174,1,0.0,False,False
.o322175,1,0.0,False,False
.o322176,1,0.0,False,False
.o322177,1,0.0,False,False
.o322178,1,0.0,False,False
.o322179,1,0.0,False,False
.e321731,1,0.0,False,False
.e321732,1,0.0,False,False
.e321733,1,0.0,False,False
.e321734,1,0.0,False,False
.e321735,1,0.0,False,False
.e321736,1,0.0,False,False
.e321737,1,0.0,False,False
.e321738,1,0.0,False,False
.e321739,1,0.0,False,False
.e321740,1,0.0,False,False
.e321741,1,0.0,False,False
.e321742,1,0.0,False,False
.e321743,1,0.0,False,False
.e321744,1,0.0,False,False
.e321745,1,0.0,False,False
.e321746,1,0.0,False,False
.e321747,1,0.0,False,False
.e321748,1,0.0,False,False
.e321749,1,0.0,False,False
.e321750,1,0.0,False,False
.o321731,1,0.0,False,False
.o321732,1,0.0,False,False
.o321733,1,0.0,False,False
.o321734,1,0.0,False,False
.o321735,1,0.0,False,False
.o321736,1,0.0,False,False
.o321737,1,0.0,False,False
.o321738,1,0.0,False,False
.o321739,1,0.0,False,False
.o321740,1,0.0,False,False
.o321741,1,0.0,False,False
.o321742,1,0.0,False,False
.o321743,1,0.0,False,False
.o321744,1,0.0,False,False
.o321745,1,0.0,False,False
.o321746,1,0.0,False,False
.o321747,1,0.0,False,False
.o321748,1,0.0,False,False
.o321749,1,0.0,False,False
.o321750,1,0.0,False,False
.e321711,1,0.0,False,False
.e321712,1,0.0,False,False
.e321713,1,0.0,False,False
.e321714,1,0.0,False,False
.e321715,1,0.0,False,False
.e321716,1,0.0,False,False
.e321717,1,0.0,False,False
.e321718,1,0.0,False,False
.e321719,1,0.0,False,False
.e321720,1,0.0,False,False
.e321721,1,0.0,False,False
.e321722,1,0.0,False,False
.e321723,1,0.0,False,False
.e321724,1,0.0,False,False
.e321725,1,0.0,False,False
.e321726,1,0.0,False,False
.e321727,1,0.0,False,False
.e321728,1,0.0,False,False
.e321729,1,0.0,False,False
.e321730,1,0.0,False,False
.o321711,1,0.0,False,False
.o321712,1,0.0,False,False
.o321713,1,0.0,False,False
.o321714,1,0.0,False,False
.o321715,1,0.0,False,False
.o321716,1,0.0,False,False
.o321717,1,0.0,False,False
.o321718,1,0.0,False,False
.o321719,1,0.0,False,False
.o321720,1,0.0,False,False
.o321721,1,0.0,False,False
.o321722,1,0.0,False,False
.o321723,1,0.0,False,False
.o321724,1,0.0,False,False
.o321725,1,0.0,False,False
.o321726,1,0.0,False,False
.o321727,1,0.0,False,False
.o321728,1,0.0,False,False
.o321729,1,0.0,False,False
.o321730,1,0.0,False,False
.e321502,1,0.0,False,False
.e321503,1,0.0,False,False
.e321504,1,0.0,False,False
.e321505,1,0.0,False,False
.e321506,1,0.0,False,False
.e321507,1,0.0,False,False
.e321508,1,0.0,False,False
.e321509,1,0.0,False,False
.e321510,1,0.0,False,False
.e321511,1,0.0,False,False
.e326266,1,0.0,False,False
.e326267,1,0.0,False,False
.e326268,1,0.0,False,False
.e326269,1,0.0,False,False
.e326270,1,0.0,False,False
.e326271,1,0.0,False,False
.e326272,1,0.0,False,False
.e326273,1,0.0,False,False
.e326274,1,0.0,False,False
.e326275,1,0.0,False,False
.o321502,1,0.0,False,False
.o321503,1,0.0,False,False
.o321504,1,0.0,False,False
.o321505,1,0.0,False,False
.o321506,1,0.0,False,False
.o321507,1,0.0,False,False
.o321508,1,0.0,False,False
.o321509,1,0.0,False,False
.o321510,1,0.0,False,False
.o321511,1,0.0,False,False
.o326266,1,0.0,False,False
.o326267,1,0.0,False,False
.o326268,1,0.0,False,False
.o326269,1,0.0,False,False
.o326270,1,0.0,False,False
.o326271,1,0.0,False,False
.o326272,1,0.0,False,False
.o326273,1,0.0,False,False
.o326274,1,0.0,False,False
.o326275,1,0.0,False,False
.e321480,1,0.0,False,False
.e321481,1,0.0,False,False
.e321482,1,0.0,False,False
.e321483,1,0.0,False,False
.e321484,1,0.0,False,False
.e321485,1,0.0,False,False
.e321486,1,0.0,False,False
.e321487,1,0.0,False,False
.e321488,1,0.0,False,False
.e321489,1,0.0,False,False
.e321492,1,0.0,False,False
.e321493,1,0.0,False,False
.e321494,1,0.0,False,False
.e321495,1,0.0,False,False
.e321496,1,0.0,False,False
.e321497,1,0.0,False,False
.e321498,1,0.0,False,False
.e321499,1,0.0,False,False
.e321500,1,0.0,False,False
.e321501,1,0.0,False,False
.o321480,1,0.0,False,False
.o321481,1,0.0,False,False
.o321482,1,0.0,False,False
.o321483,1,0.0,False,False
.o321484,1,0.0,False,False
.o321485,1,0.0,False,False
.o321486,1,0.0,False,False
.o321487,1,0.0,False,False
.o321488,1,0.0,False,False
.o321489,1,0.0,False,False
.o321492,1,0.0,False,False
.o321493,1,0.0,False,False
.o321494,1,0.0,False,False
.o321495,1,0.0,False,False
.o321496,1,0.0,False,False
.o321497,1,0.0,False,False
.o321498,1,0.0,False,False
.o321499,1,0.0,False,False
.o321500,1,0.0,False,False
.o321501,1,0.0,False,False
.e321460,1,0.0,False,False
.e321461,1,0.0,False,False
.e321462,1,0.0,False,False
.e321463,1,0.0,False,False
.e321464,1,0.0,False,False
.e321465,1,0.0,False,False
.e321466,1,0.0,False,False
.e321467,1,0.0,False,False
.e321468,1,0.0,False,False
.e321469,1,0.0,False,False
.e321470,1,0.0,False,False
.e321471,1,0.0,False,False
.e321472,1,0.0,False,False
.e321473,1,0.0,False,False
.e321474,1,0.0,False,False
.e321475,1,0.0,False,False
.e321476,1,0.0,False,False
.e321477,1,0.0,False,False
.e321478,1,0.0,False,False
.e321479,1,0.0,False,False
.o321460,1,0.0,False,False
.o321461,1,0.0,False,False
.o321462,1,0.0,False,False
.o321463,1,0.0,False,False
.o321464,1,0.0,False,False
.o321465,1,0.0,False,False
.o321466,1,0.0,False,False
.o321467,1,0.0,False,False
.o321468,1,0.0,False,False
.o321469,1,0.0,False,False
.o321470,1,0.0,False,False
.o321471,1,0.0,False,False
.o321472,1,0.0,False,False
.o321473,1,0.0,False,False
.o321474,1,0.0,False,False
.o321475,1,0.0,False,False
.o321476,1,0.0,False,False
.o321477,1,0.0,False,False
.o321478,1,0.0,False,False
.o321479,1,0.0,False,False
.e323055,1,0.0,False,False
.e323056,1,0.0,False,False
.e323057,1,0.0,False,False
.e323058,1,0.0,False,False
.e323059,1,0.0,False,False
.e323060,1,0.0,False,False
.e323061,1,0.0,False,False
.e323062,1,0.0,False,False
.e323063,1,0.0,False,False
.e323064,1,0.0,False,False
.e323065,1,0.0,False,False
.e323066,1,0.0,False,False
.e323067,1,0.0,False,False
.e323068,1,0.0,False,False
.e323069,1,0.0,False,False
.e323070,1,0.0,False,False
.e323071,1,0.0,False,False
.e323072,1,0.0,False,False
.e323073,1,0.0,False,False
.e323074,1,0.0,False,False
.o323055,1,0.0,False,False
.o323056,1,0.0,False,False
.o323057,1,0.0,False,False
.o323058,1,0.0,False,False
.o323059,1,0.0,False,False
.o323060,1,0.0,False,False
.o323061,1,0.0,False,False
.o323062,1,0.0,False,False
.o323063,1,0.0,False,False
.o323064,1,0.0,False,False
.o323065,1,0.0,False,False
.o323066,1,0.0,False,False
.o323067,1,0.0,False,False
.o323068,1,0.0,False,False
.o323069,1,0.0,False,False
.o323070,1,0.0,False,False
.o323071,1,0.0,False,False
.o323072,1,0.0,False,False
.o323073,1,0.0,False,False
.o323074,1,0.0,False,False
.e323075,1,0.0,False,False
.e323076,1,0.0,False,False
.e323077,1,0.0,False,False
.e323078,1,0.0,False,False
.e323079,1,0.0,False,False
.e323080,1,0.0,False,False
.e323081,1,0.0,False,False
.e323082,1,0.0,False,False
.e323083,1,0.0,False,False
.e323084,1,0.0,False,False
.e323085,1,0.0,False,False
.e323086,1,0.0,False,False
.e323087,1,0.0,False,False
.e323088,1,0.0,False,False
.e323089,1,0.0,False,False
.e323090,1,0.0,False,False
.e323091,1,0.0,False,False
.e323092,1,0.0,False,False
.e323093,1,0.0,False,False
.e323094,1,0.0,False,False
.o323075,1,0.0,False,False
.o323076,1,0.0,False,False
.o323077,1,0.0,False,False
.o323078,1,0.0,False,False
.o323079,1,0.0,False,False
.o323080,1,0.0,False,False
.o323081,1,0.0,False,False
.o323082,1,0.0,False,False
.o323083,1,0.0,False,False
.o323084,1,0.0,False,False
.o323085,1,0.0,False,False
.o323086,1,0.0,False,False
.o323087,1,0.0,False,False
.o323088,1,0.0,False,False
.o323089,1,0.0,False,False
.o323090,1,0.0,False,False
.o323091,1,0.0,False,False
.o323092,1,0.0,False,False
.o323093,1,0.0,False,False
.o323094,1,0.0,False,False
.e323500,1,0.0,False,False
.e323501,1,0.0,False,False
.e323502,1,0.0,False,False
.e323503,1,0.0,False,False
.e323504,1,0.0,False,False
.e323505,1,0.0,False,False
.e323506,1,0.0,False,False
.e323507,1,0.0,False,False
.e323508,1,0.0,False,False
.e323509,1,0.0,False,False
.e323510,1,0.0,False,False
.e323511,1,0.0,False,False
.e323512,1,0.0,False,False
.e323513,1,0.0,False,False
.e323514,1,0.0,False,False
.e323515,1,0.0,False,False
.e323516,1,0.0,False,False
.e323517,1,0.0,False,False
.e323518,1,0.0,False,False
.e323519,1,0.0,False,False
.o323500,1,0.0,False,False
.o323501,1,0.0,False,False
.o323502,1,0.0,False,False
.o323503,1,0.0,False,False
.o323504,1,0.0,False,False
.o323505,1,0.0,False,False
.o323506,1,0.0,False,False
.o323507,1,0.0,False,False
.o323508,1,0.0,False,False
.o323509,1,0.0,False,False
.o323510,1,0.0,False,False
.o323511,1,0.0,False,False
.o323512,1,0.0,False,False
.o323513,1,0.0,False,False
.o323514,1,0.0,False,False
.o323515,1,0.0,False,False
.o323516,1,0.0,False,False
.o323517,1,0.0,False,False
.o323518,1,0.0,False,False
.o323519,1,0.0,False,False
.e323929,1,0.0,False,False
.e323930,1,0.0,False,False
.e323931,1,0.0,False,False
.e323932,1,0.0,False,False
.e323933,1,0.0,False,False
.e323934,1,0.0,False,False
.e323935,1,0.0,False,False
.e323936,1,0.0,False,False
.e323937,1,0.0,False,False
.e323938,1,0.0,False,False
.e323939,1,0.0,False,False
.e323940,1,0.0,False,False
.e323941,1,0.0,False,False
.e323942,1,0.0,False,False
.e323943,1,0.0,False,False
.e323944,1,0.0,False,False
.e323945,1,0.0,False,False
.e323946,1,0.0,False,False
.e323947,1,0.0,False,False
.e323948,1,0.0,False,False
.o323929,1,0.0,False,False
.o323930,1,0.0,False,False
.o323931,1,0.0,False,False
.o323932,1,0.0,False,False
.o323933,1,0.0,False,False
.o323934,1,0.0,False,False
.o323935,1,0.0,False,False
.o323936,1,0.0,False,False
.o323937,1,0.0,False,False
.o323938,1,0.0,False,False
.o323939,1,0.0,False,False
.o323940,1,0.0,False,False
.o323941,1,0.0,False,False
.o323942,1,0.0,False,False
.o323943,1,0.0,False,False
.o323944,1,0.0,False,False
.o323945,1,0.0,False,False
.o323946,1,0.0,False,False
.o323947,1,0.0,False,False
.o323948,1,0.0,False,False
.e323909,1,0.0,False,False
.e323910,1,0.0,False,False
.e323911,1,0.0,False,False
.e323912,1,0.0,False,False
.e323913,1,0.0,False,False
.e323914,1,0.0,False,False
.e323915,1,0.0,False,False
.e323916,1,0.0,False,False
.e323917,1,0.0,False,False
.e323918,1,0.0,False,False
.e323919,1,0.0,False,False
.e323920,1,0.0,False,False
.e323921,1,0.0,False,False
.e323922,1,0.0,False,False
.e323923,1,0.0,False,False
.e323924,1,0.0,False,False
.e323925,1,0.0,False,False
.e323926,1,0.0,False,False
.e323927,1,0.0,False,False
.e323928,1,0.0,False,False
.o323909,1,0.0,False,False
.o323910,1,0.0,False,False
.o323911,1,0.0,False,False
.o323912,1,0.0,False,False
.o323913,1,0.0,False,False
.o323914,1,0.0,False,False
.o323915,1,0.0,False,False
.o323916,1,0.0,False,False
.o323917,1,0.0,False,False
.o323918,1,0.0,False,False
.o323919,1,0.0,False,False
.o323920,1,0.0,False,False
.o323921,1,0.0,False,False
.o323922,1,0.0,False,False
.o323923,1,0.0,False,False
.o323924,1,0.0,False,False
.o323925,1,0.0,False,False
.o323926,1,0.0,False,False
.o323927,1,0.0,False,False
.o323928,1,0.0,False,False
.e322604,1,0.0,False,False
.e322605,1,0.0,False,False
.e322606,1,0.0,False,False
.e322607,1,0.0,False,False
.e322608,1,0.0,False,False
.e322609,1,0.0,False,False
.e322610,1,0.0,False,False
.e322611,1,0.0,False,False
.e322612,1,0.0,False,False
.e322613,1,0.0,False,False
.e322614,1,0.0,False,False
.e322615,1,0.0,False,False
.e322616,1,0.0,False,False
.e322617,1,0.0,False,False
.e322618,1,0.0,False,False
.e322619,1,0.0,False,False
.e322620,1,0.0,False,False
.e322621,1,0.0,False,False
.e322622,1,0.0,False,False
.e322623,1,0.0,False,False
.o322604,1,0.0,False,False
.o322605,1,0.0,False,False
.o322606,1,0.0,False,False
.o322607,1,0.0,False,False
.o322608,1,0.0,False,False
.o322609,1,0.0,False,False
.o322610,1,0.0,False,False
.o322611,1,0.0,False,False
.o322612,1,0.0,False,False
.o322613,1,0.0,False,False
.o322614,1,0.0,False,False
.o322615,1,0.0,False,False
.o322616,1,0.0,False,False
.o322617,1,0.0,False,False
.o322618,1,0.0,False,False
.o322619,1,0.0,False,False
.o322620,1,0.0,False,False
.o322621,1,0.0,False,False
.o322622,1,0.0,False,False
.o322623,1,0.0,False,False
.e322653,1,0.0,False,False
.o322653,1,0.0,False,False
.e322624,1,0.0,False,False
.e322625,1,0.0,False,False
.e322626,1,0.0,False,False
.e322627,1,0.0,False,False
.e322628,1,0.0,False,False
.e322629,1,0.0,False,False
.e322630,1,0.0,False,False
.e322631,1,0.0,False,False
.e322632,1,0.0,False,False
.e322633,1,0.0,False,False
.e322645,1,0.0,False,False
.e322646,1,0.0,False,False
.e322647,1,0.0,False,False
.e322649,1,0.0,False,False
.e322650,1,0.0,False,False
.e322651,1,0.0,False,False
.e322652,1,0.0,False,False
.e322654,1,0.0,False,False
.e322655,1,0.0,False,False
.o322624,1,0.0,False,False
.o322625,1,0.0,False,False
.o322626,1,0.0,False,False
.o322627,1,0.0,False,False
.o322628,1,0.0,False,False
.o322629,1,0.0,False,False
.o322630,1,0.0,False,False
.o322631,1,0.0,False,False
.o322632,1,0.0,False,False
.o322633,1,0.0,False,False
.o322645,1,0.0,False,False
.o322646,1,0.0,False,False
.o322647,1,0.0,False,False
.o322649,1,0.0,False,False
.o322650,1,0.0,False,False
.o322651,1,0.0,False,False
.o322652,1,0.0,False,False
.o322654,1,0.0,False,False
.o322655,1,0.0,False,False
.e322582,1,0.0,False,False
.e322583,1,0.0,False,False
.e322584,1,0.0,False,False
.e322585,1,0.0,False,False
.e322586,1,0.0,False,False
.e322587,1,0.0,False,False
.e322588,1,0.0,False,False
.e322589,1,0.0,False,False
.e322590,1,0.0,False,False
.e322591,1,0.0,False,False
.e322592,1,0.0,False,False
.e322593,1,0.0,False,False
.e322594,1,0.0,False,False
.e322595,1,0.0,False,False
.e322596,1,0.0,False,False
.e322597,1,0.0,False,False
.e322598,1,0.0,False,False
.e322599,1,0.0,False,False
.e322600,1,0.0,False,False
.e322601,1,0.0,False,False
.o322582,1,0.0,False,False
.o322583,1,0.0,False,False
.o322584,1,0.0,False,False
.o322585,1,0.0,False,False
.o322586,1,0.0,False,False
.o322587,1,0.0,False,False
.o322588,1,0.0,False,False
.o322589,1,0.0,False,False
.o322590,1,0.0,False,False
.o322591,1,0.0,False,False
.o322592,1,0.0,False,False
.o322593,1,0.0,False,False
.o322594,1,0.0,False,False
.o322595,1,0.0,False,False
.o322596,1,0.0,False,False
.o322597,1,0.0,False,False
.o322598,1,0.0,False,False
.o322599,1,0.0,False,False
.o322600,1,0.0,False,False
.o322601,1,0.0,False,False
.e323054,1,0.0,False,False
.o323054,1,0.0,False,False
.e321400,1,0.0,False,False
.e321401,1,0.0,False,False
.e321402,1,0.0,False,False
.e321403,1,0.0,False,False
.e321404,1,0.0,False,False
.e321405,1,0.0,False,False
.e321406,1,0.0,False,False
.e321407,1,0.0,False,False
.e321408,1,0.0,False,False
.e321409,1,0.0,False,False
.e321410,1,0.0,False,False
.e321411,1,0.0,False,False
.e321412,1,0.0,False,False
.e321413,1,0.0,False,False
.e321414,1,0.0,False,False
.e321415,1,0.0,False,False
.e321416,1,0.0,False,False
.e321417,1,0.0,False,False
.e321418,1,0.0,False,False
.e321419,1,0.0,False,False
.o321400,1,0.0,False,False
.o321401,1,0.0,False,False
.o321402,1,0.0,False,False
.o321403,1,0.0,False,False
.o321404,1,0.0,False,False
.o321405,1,0.0,False,False
.o321406,1,0.0,False,False
.o321407,1,0.0,False,False
.o321408,1,0.0,False,False
.o321409,1,0.0,False,False
.o321410,1,0.0,False,False
.o321411,1,0.0,False,False
.o321412,1,0.0,False,False
.o321413,1,0.0,False,False
.o321414,1,0.0,False,False
.o321415,1,0.0,False,False
.o321416,1,0.0,False,False
.o321417,1,0.0,False,False
.o321418,1,0.0,False,False
.o321419,1,0.0,False,False
.e321420,1,0.0,False,False
.e321421,1,0.0,False,False
.e321422,1,0.0,False,False
.e321423,1,0.0,False,False
.e321424,1,0.0,False,False
.e321425,1,0.0,False,False
.e321426,1,0.0,False,False
.e321427,1,0.0,False,False
.e321428,1,0.0,False,False
.e321429,1,0.0,False,False
.e321430,1,0.0,False,False
.e321431,1,0.0,False,False
.e321432,1,0.0,False,False
.e321433,1,0.0,False,False
.e321434,1,0.0,False,False
.e321435,1,0.0,False,False
.e321436,1,0.0,False,False
.e321437,1,0.0,False,False
.e321438,1,0.0,False,False
.e321439,1,0.0,False,False
.o321420,1,0.0,False,False
.o321421,1,0.0,False,False
.o321422,1,0.0,False,False
.o321423,1,0.0,False,False
.o321424,1,0.0,False,False
.o321425,1,0.0,False,False
.o321426,1,0.0,False,False
.o321427,1,0.0,False,False
.o321428,1,0.0,False,False
.o321429,1,0.0,False,False
.o321430,1,0.0,False,False
.o321431,1,0.0,False,False
.o321432,1,0.0,False,False
.o321433,1,0.0,False,False
.o321434,1,0.0,False,False
.o321435,1,0.0,False,False
.o321436,1,0.0,False,False
.o321437,1,0.0,False,False
.o321438,1,0.0,False,False
.o321439,1,0.0,False,False
.e321440,1,0.0,False,False
.e321441,1,0.0,False,False
.e321442,1,0.0,False,False
.e321443,1,0.0,False,False
.e321444,1,0.0,False,False
.e321445,1,0.0,False,False
.e321446,1,0.0,False,False
.e321447,1,0.0,False,False
.e321448,1,0.0,False,False
.e321449,1,0.0,False,False
.e321450,1,0.0,False,False
.e321451,1,0.0,False,False
.e321452,1,0.0,False,False
.e321453,1,0.0,False,False
.e321454,1,0.0,False,False
.e321455,1,0.0,False,False
.e321456,1,0.0,False,False
.e321457,1,0.0,False,False
.e321458,1,0.0,False,False
.e321459,1,0.0,False,False
.o321440,1,0.0,False,False
.o321441,1,0.0,False,False
.o321442,1,0.0,False,False
.o321443,1,0.0,False,False
.o321444,1,0.0,False,False
.o321445,1,0.0,False,False
.o321446,1,0.0,False,False
.o321447,1,0.0,False,False
.o321448,1,0.0,False,False
.o321449,1,0.0,False,False
.o321450,1,0.0,False,False
.o321451,1,0.0,False,False
.o321452,1,0.0,False,False
.o321453,1,0.0,False,False
.o321454,1,0.0,False,False
.o321455,1,0.0,False,False
.o321456,1,0.0,False,False
.o321457,1,0.0,False,False
.o321458,1,0.0,False,False
.o321459,1,0.0,False,False
.e322719,1,0.0,False,False
.e322720,1,0.0,False,False
.e322721,1,0.0,False,False
.e322722,1,0.0,False,False
.e322723,1,0.0,False,False
.e322724,1,0.0,False,False
.e322725,1,0.0,False,False
.e322726,1,0.0,False,False
.e322727,1,0.0,False,False
.e322728,1,0.0,False,False
.e322729,1,0.0,False,False
.e322730,1,0.0,False,False
.e322731,1,0.0,False,False
.e322732,1,0.0,False,False
.e322733,1,0.0,False,False
.e322734,1,0.0,False,False
.e322735,1,0.0,False,False
.e322736,1,0.0,False,False
.e322737,1,0.0,False,False
.e322738,1,0.0,False,False
.o322719,1,0.0,False,False
.o322720,1,0.0,False,False
.o322721,1,0.0,False,False
.o322722,1,0.0,False,False
.o322723,1,0.0,False,False
.o322724,1,0.0,False,False
.o322725,1,0.0,False,False
.o322726,1,0.0,False,False
.o322727,1,0.0,False,False
.o322728,1,0.0,False,False
.o322729,1,0.0,False,False
.o322730,1,0.0,False,False
.o322731,1,0.0,False,False
.o322732,1,0.0,False,False
.o322733,1,0.0,False,False
.o322734,1,0.0,False,False
.o322735,1,0.0,False,False
.o322736,1,0.0,False,False
.o322737,1,0.0,False,False
.o322738,1,0.0,False,False
.e322699,1,0.0,False,False
.e322700,1,0.0,False,False
.e322701,1,0.0,False,False
.e322702,1,0.0,False,False
.e322703,1,0.0,False,False
.e322704,1,0.0,False,False
.e322705,1,0.0,False,False
.e322706,1,0.0,False,False
.e322707,1,0.0,False,False
.e322708,1,0.0,False,False
.e322709,1,0.0,False,False
.e322710,1,0.0,False,False
.e322711,1,0.0,False,False
.e322712,1,0.0,False,False
.e322713,1,0.0,False,False
.e322714,1,0.0,False,False
.e322715,1,0.0,False,False
.e322716,1,0.0,False,False
.e322717,1,0.0,False,False
.e322718,1,0.0,False,False
.o322699,1,0.0,False,False
.o322700,1,0.0,False,False
.o322701,1,0.0,False,False
.o322702,1,0.0,False,False
.o322703,1,0.0,False,False
.o322704,1,0.0,False,False
.o322705,1,0.0,False,False
.o322706,1,0.0,False,False
.o322707,1,0.0,False,False
.o322708,1,0.0,False,False
.o322709,1,0.0,False,False
.o322710,1,0.0,False,False
.o322711,1,0.0,False,False
.o322712,1,0.0,False,False
.o322713,1,0.0,False,False
.o322714,1,0.0,False,False
.o322715,1,0.0,False,False
.o322716,1,0.0,False,False
.o322717,1,0.0,False,False
.o322718,1,0.0,False,False
.e326594,1,0.0,False,False
.e326595,1,0.0,False,False
.e326596,1,0.0,False,False
.e326597,1,0.0,False,False
.e326598,1,0.0,False,False
.e326599,1,0.0,False,False
.e326600,1,0.0,False,False
.e326601,1,0.0,False,False
.e326602,1,0.0,False,False
.e326603,1,0.0,False,False
.e326604,1,0.0,False,False
.e326605,1,0.0,False,False
.e326606,1,0.0,False,False
.e326607,1,0.0,False,False
.e326608,1,0.0,False,False
.e326609,1,0.0,False,False
.e326610,1,0.0,False,False
.e326611,1,0.0,False,False
.e326612,1,0.0,False,False
.e326613,1,0.0,False,False
.o326594,1,0.0,False,False
.o326595,1,0.0,False,False
.o326596,1,0.0,False,False
.o326597,1,0.0,False,False
.o326598,1,0.0,False,False
.o326599,1,0.0,False,False
.o326600,1,0.0,False,False
.o326601,1,0.0,False,False
.o326602,1,0.0,False,False
.o326603,1,0.0,False,False
.o326604,1,0.0,False,False
.o326605,1,0.0,False,False
.o326606,1,0.0,False,False
.o326607,1,0.0,False,False
.o326608,1,0.0,False,False
.o326609,1,0.0,False,False
.o326610,1,0.0,False,False
.o326611,1,0.0,False,False
.o326612,1,0.0,False,False
.o326613,1,0.0,False,False
.e322697,1,0.0,False,False
.o322697,1,0.0,False,False
.e323114,1,0.0,False,False
.e323115,1,0.0,False,False
.e323116,1,0.0,False,False
.e323117,1,0.0,False,False
.e323118,1,0.0,False,False
.e323119,1,0.0,False,False
.e323120,1,0.0,False,False
.e323121,1,0.0,False,False
.e323122,1,0.0,False,False
.e323123,1,0.0,False,False
.e323124,1,0.0,False,False
.e323125,1,0.0,False,False
.e323126,1,0.0,False,False
.e323127,1,0.0,False,False
.e323128,1,0.0,False,False
.e323129,1,0.0,False,False
.e323130,1,0.0,False,False
.e323131,1,0.0,False,False
.e323132,1,0.0,False,False
.e323133,1,0.0,False,False
.o323114,1,0.0,False,False
.o323115,1,0.0,False,False
.o323116,1,0.0,False,False
.o323117,1,0.0,False,False
.o323118,1,0.0,False,False
.o323119,1,0.0,False,False
.o323120,1,0.0,False,False
.o323121,1,0.0,False,False
.o323122,1,0.0,False,False
.o323123,1,0.0,False,False
.o323124,1,0.0,False,False
.o323125,1,0.0,False,False
.o323126,1,0.0,False,False
.o323127,1,0.0,False,False
.o323128,1,0.0,False,False
.o323129,1,0.0,False,False
.o323130,1,0.0,False,False
.o323131,1,0.0,False,False
.o323132,1,0.0,False,False
.o323133,1,0.0,False,False
.e323136,1,0.0,False,False
.e323137,1,0.0,False,False
.e323138,1,0.0,False,False
.e323139,1,0.0,False,False
.e323140,1,0.0,False,False
.e323141,1,0.0,False,False
.e323142,1,0.0,False,False
.e323143,1,0.0,False,False
.e323144,1,0.0,False,False
.e323145,1,0.0,False,False
.e323146,1,0.0,False,False
.e323147,1,0.0,False,False
.e323148,1,0.0,False,False
.e323149,1,0.0,False,False
.e323150,1,0.0,False,False
.e323151,1,0.0,False,False
.e323152,1,0.0,False,False
.e323153,1,0.0,False,False
.e323154,1,0.0,False,False
.e323155,1,0.0,False,False
.o323136,1,0.0,False,False
.o323137,1,0.0,False,False
.o323138,1,0.0,False,False
.o323139,1,0.0,False,False
.o323140,1,0.0,False,False
.o323141,1,0.0,False,False
.o323142,1,0.0,False,False
.o323143,1,0.0,False,False
.o323144,1,0.0,False,False
.o323145,1,0.0,False,False
.o323146,1,0.0,False,False
.o323147,1,0.0,False,False
.o323148,1,0.0,False,False
.o323149,1,0.0,False,False
.o323150,1,0.0,False,False
.o323151,1,0.0,False,False
.o323152,1,0.0,False,False
.o323153,1,0.0,False,False
.o323154,1,0.0,False,False
.o323155,1,0.0,False,False
.e323157,1,0.0,False,False
.e323158,1,0.0,False,False
.e323159,1,0.0,False,False
.e323160,1,0.0,False,False
.e323161,1,0.0,False,False
.e323162,1,0.0,False,False
.e323163,1,0.0,False,False
.e323164,1,0.0,False,False
.e323165,1,0.0,False,False
.e323166,1,0.0,False,False
.e323167,1,0.0,False,False
.e323168,1,0.0,False,False
.e323169,1,0.0,False,False
.e323170,1,0.0,False,False
.e323171,1,0.0,False,False
.e323172,1,0.0,False,False
.e323173,1,0.0,False,False
.e323174,1,0.0,False,False
.e323175,1,0.0,False,False
.e323176,1,0.0,False,False
.o323157,1,0.0,False,False
.o323158,1,0.0,False,False
.o323159,1,0.0,False,False
.o323160,1,0.0,False,False
.o323161,1,0.0,False,False
.o323162,1,0.0,False,False
.o323163,1,0.0,False,False
.o323164,1,0.0,False,False
.o323165,1,0.0,False,False
.o323166,1,0.0,False,False
.o323167,1,0.0,False,False
.o323168,1,0.0,False,False
.o323169,1,0.0,False,False
.o323170,1,0.0,False,False
.o323171,1,0.0,False,False
.o323172,1,0.0,False,False
.o323173,1,0.0,False,False
.o323174,1,0.0,False,False
.o323175,1,0.0,False,False
.o323176,1,0.0,False,False
.e323737,1,0.0,False,False
.e323738,1,0.0,False,False
.e323739,1,0.0,False,False
.e323740,1,0.0,False,False
.e323741,1,0.0,False,False
.e323742,1,0.0,False,False
.e323743,1,0.0,False,False
.e323744,1,0.0,False,False
.e323745,1,0.0,False,False
.e323746,1,0.0,False,False
.e323747,1,0.0,False,False
.e323748,1,0.0,False,False
.e323749,1,0.0,False,False
.e323750,1,0.0,False,False
.e323751,1,0.0,False,False
.e323752,1,0.0,False,False
.e323753,1,0.0,False,False
.e323754,1,0.0,False,False
.e323755,1,0.0,False,False
.e323756,1,0.0,False,False
.o323737,1,0.0,False,False
.o323738,1,0.0,False,False
.o323739,1,0.0,False,False
.o323740,1,0.0,False,False
.o323741,1,0.0,False,False
.o323742,1,0.0,False,False
.o323743,1,0.0,False,False
.o323744,1,0.0,False,False
.o323745,1,0.0,False,False
.o323746,1,0.0,False,False
.o323747,1,0.0,False,False
.o323748,1,0.0,False,False
.o323749,1,0.0,False,False
.o323750,1,0.0,False,False
.o323751,1,0.0,False,False
.o323752,1,0.0,False,False
.o323753,1,0.0,False,False
.o323754,1,0.0,False,False
.o323755,1,0.0,False,False
.o323756,1,0.0,False,False
.e323757,1,0.0,False,False
.e323758,1,0.0,False,False
.e323759,1,0.0,False,False
.e323760,1,0.0,False,False
.e323761,1,0.0,False,False
.e323762,1,0.0,False,False
.e323763,1,0.0,False,False
.e323764,1,0.0,False,False
.e323765,1,0.0,False,False
.e323766,1,0.0,False,False
.e323767,1,0.0,False,False
.e323768,1,0.0,False,False
.e323769,1,0.0,False,False
.e323770,1,0.0,False,False
.e323771,1,0.0,False,False
.e323772,1,0.0,False,False
.e323773,1,0.0,False,False
.e323774,1,0.0,False,False
.e323775,1,0.0,False,False
.e323776,1,0.0,False,False
.o323757,1,0.0,False,False
.o323758,1,0.0,False,False
.o323759,1,0.0,False,False
.o323760,1,0.0,False,False
.o323761,1,0.0,False,False
.o323762,1,0.0,False,False
.o323763,1,0.0,False,False
.o323764,1,0.0,False,False
.o323765,1,0.0,False,False
.o323766,1,0.0,False,False
.o323767,1,0.0,False,False
.o323768,1,0.0,False,False
.o323769,1,0.0,False,False
.o323770,1,0.0,False,False
.o323771,1,0.0,False,False
.o323772,1,0.0,False,False
.o323773,1,0.0,False,False
.o323774,1,0.0,False,False
.o323775,1,0.0,False,False
.o323776,1,0.0,False,False
.e323777,1,0.0,False,False
.e323778,1,0.0,False,False
.e323779,1,0.0,False,False
.e323780,1,0.0,False,False
.e323781,1,0.0,False,False
.e323782,1,0.0,False,False
.e323783,1,0.0,False,False
.e323784,1,0.0,False,False
.e323785,1,0.0,False,False
.e323786,1,0.0,False,False
.e323787,1,0.0,False,False
.e323788,1,0.0,False,False
.e323789,1,0.0,False,False
.e323790,1,0.0,False,False
.e323791,1,0.0,False,False
.e323792,1,0.0,False,False
.e323793,1,0.0,False,False
.e323794,1,0.0,False,False
.e323795,1,0.0,False,False
.e323796,1,0.0,False,False
.o323777,1,0.0,False,False
.o323778,1,0.0,False,False
.o323779,1,0.0,False,False
.o323780,1,0.0,False,False
.o323781,1,0.0,False,False
.o323782,1,0.0,False,False
.o323783,1,0.0,False,False
.o323784,1,0.0,False,False
.o323785,1,0.0,False,False
.o323786,1,0.0,False,False
.o323787,1,0.0,False,False
.o323788,1,0.0,False,False
.o323789,1,0.0,False,False
.o323790,1,0.0,False,False
.o323791,1,0.0,False,False
.o323792,1,0.0,False,False
.o323793,1,0.0,False,False
.o323794,1,0.0,False,False
.o323795,1,0.0,False,False
.o323796,1,0.0,False,False
.e321562,1,0.0,False,False
.e321563,1,0.0,False,False
.e321564,1,0.0,False,False
.e321565,1,0.0,False,False
.e321566,1,0.0,False,False
.e321567,1,0.0,False,False
.e321568,1,0.0,False,False
.e321569,1,0.0,False,False
.e321570,1,0.0,False,False
.e321571,1,0.0,False,False
.e321572,1,0.0,False,False
.e321573,1,0.0,False,False
.e321574,1,0.0,False,False
.e321575,1,0.0,False,False
.e321576,1,0.0,False,False
.e321577,1,0.0,False,False
.e321578,1,0.0,False,False
.e321579,1,0.0,False,False
.e321580,1,0.0,False,False
.e321581,1,0.0,False,False
.o321562,1,0.0,False,False
.o321563,1,0.0,False,False
.o321564,1,0.0,False,False
.o321565,1,0.0,False,False
.o321566,1,0.0,False,False
.o321567,1,0.0,False,False
.o321568,1,0.0,False,False
.o321569,1,0.0,False,False
.o321570,1,0.0,False,False
.o321571,1,0.0,False,False
.o321572,1,0.0,False,False
.o321573,1,0.0,False,False
.o321574,1,0.0,False,False
.o321575,1,0.0,False,False
.o321576,1,0.0,False,False
.o321577,1,0.0,False,False
.o321578,1,0.0,False,False
.o321579,1,0.0,False,False
.o321580,1,0.0,False,False
.o321581,1,0.0,False,False
.e321542,1,0.0,False,False
.e321543,1,0.0,False,False
.e321544,1,0.0,False,False
.e321545,1,0.0,False,False
.e321546,1,0.0,False,False
.e321547,1,0.0,False,False
.e321548,1,0.0,False,False
.e321549,1,0.0,False,False
.e321550,1,0.0,False,False
.e321551,1,0.0,False,False
.e321552,1,0.0,False,False
.e321553,1,0.0,False,False
.e321554,1,0.0,False,False
.e321555,1,0.0,False,False
.e321556,1,0.0,False,False
.e321557,1,0.0,False,False
.e321558,1,0.0,False,False
.e321559,1,0.0,False,False
.e321560,1,0.0,False,False
.e321561,1,0.0,False,False
.o321542,1,0.0,False,False
.o321543,1,0.0,False,False
.o321544,1,0.0,False,False
.o321545,1,0.0,False,False
.o321546,1,0.0,False,False
.o321547,1,0.0,False,False
.o321548,1,0.0,False,False
.o321549,1,0.0,False,False
.o321550,1,0.0,False,False
.o321551,1,0.0,False,False
.o321552,1,0.0,False,False
.o321553,1,0.0,False,False
.o321554,1,0.0,False,False
.o321555,1,0.0,False,False
.o321556,1,0.0,False,False
.o321557,1,0.0,False,False
.o321558,1,0.0,False,False
.o321559,1,0.0,False,False
.o321560,1,0.0,False,False
.o321561,1,0.0,False,False
.e321522,1,0.0,False,False
.e321523,1,0.0,False,False
.e321524,1,0.0,False,False
.e321525,1,0.0,False,False
.e321526,1,0.0,False,False
.e321527,1,0.0,False,False
.e321528,1,0.0,False,False
.e321529,1,0.0,False,False
.e321530,1,0.0,False,False
.e321531,1,0.0,False,False
.e321532,1,0.0,False,False
.e321533,1,0.0,False,False
.e321534,1,0.0,False,False
.e321535,1,0.0,False,False
.e321536,1,0.0,False,False
.e321537,1,0.0,False,False
.e321538,1,0.0,False,False
.e321539,1,0.0,False,False
.e321540,1,0.0,False,False
.e321541,1,0.0,False,False
.o321522,1,0.0,False,False
.o321523,1,0.0,False,False
.o321524,1,0.0,False,False
.o321525,1,0.0,False,False
.o321526,1,0.0,False,False
.o321527,1,0.0,False,False
.o321528,1,0.0,False,False
.o321529,1,0.0,False,False
.o321530,1,0.0,False,False
.o321531,1,0.0,False,False
.o321532,1,0.0,False,False
.o321533,1,0.0,False,False
.o321534,1,0.0,False,False
.o321535,1,0.0,False,False
.o321536,1,0.0,False,False
.o321537,1,0.0,False,False
.o321538,1,0.0,False,False
.o321539,1,0.0,False,False
.o321540,1,0.0,False,False
.o321541,1,0.0,False,False
.e321207,1,0.0,False,False
.e321208,1,0.0,False,False
.e321209,1,0.0,False,False
.e321210,1,0.0,False,False
.e321211,1,0.0,False,False
.e321212,1,0.0,False,False
.e321213,1,0.0,False,False
.e321214,1,0.0,False,False
.e321215,1,0.0,False,False
.e321216,1,0.0,False,False
.e321217,1,0.0,False,False
.e321218,1,0.0,False,False
.e321219,1,0.0,False,False
.e321220,1,0.0,False,False
.e321221,1,0.0,False,False
.e321222,1,0.0,False,False
.e321223,1,0.0,False,False
.e321224,1,0.0,False,False
.e321225,1,0.0,False,False
.e321226,1,0.0,False,False
.o321207,1,0.0,False,False
.o321208,1,0.0,False,False
.o321209,1,0.0,False,False
.o321210,1,0.0,False,False
.o321211,1,0.0,False,False
.o321212,1,0.0,False,False
.o321213,1,0.0,False,False
.o321214,1,0.0,False,False
.o321215,1,0.0,False,False
.o321216,1,0.0,False,False
.o321217,1,0.0,False,False
.o321218,1,0.0,False,False
.o321219,1,0.0,False,False
.o321220,1,0.0,False,False
.o321221,1,0.0,False,False
.o321222,1,0.0,False,False
.o321223,1,0.0,False,False
.o321224,1,0.0,False,False
.o321225,1,0.0,False,False
.o321226,1,0.0,False,False
.e321187,1,0.0,False,False
.e321188,1,0.0,False,False
.e321189,1,0.0,False,False
.e321190,1,0.0,False,False
.e321191,1,0.0,False,False
.e321192,1,0.0,False,False
.e321193,1,0.0,False,False
.e321194,1,0.0,False,False
.e321195,1,0.0,False,False
.e321196,1,0.0,False,False
.e321197,1,0.0,False,False
.e321198,1,0.0,False,False
.e321199,1,0.0,False,False
.e321200,1,0.0,False,False
.e321201,1,0.0,False,False
.e321202,1,0.0,False,False
.e321203,1,0.0,False,False
.e321204,1,0.0,False,False
.e321205,1,0.0,False,False
.e321206,1,0.0,False,False
.o321187,1,0.0,False,False
.o321188,1,0.0,False,False
.o321189,1,0.0,False,False
.o321190,1,0.0,False,False
.o321191,1,0.0,False,False
.o321192,1,0.0,False,False
.o321193,1,0.0,False,False
.o321194,1,0.0,False,False
.o321195,1,0.0,False,False
.o321196,1,0.0,False,False
.o321197,1,0.0,False,False
.o321198,1,0.0,False,False
.o321199,1,0.0,False,False
.o321200,1,0.0,False,False
.o321201,1,0.0,False,False
.o321202,1,0.0,False,False
.o321203,1,0.0,False,False
.o321204,1,0.0,False,False
.o321205,1,0.0,False,False
.o321206,1,0.0,False,False
.e321167,1,0.0,False,False
.e321168,1,0.0,False,False
.e321169,1,0.0,False,False
.e321170,1,0.0,False,False
.e321171,1,0.0,False,False
.e321172,1,0.0,False,False
.e321173,1,0.0,False,False
.e321174,1,0.0,False,False
.e321175,1,0.0,False,False
.e321176,1,0.0,False,False
.e321177,1,0.0,False,False
.e321178,1,0.0,False,False
.e321179,1,0.0,False,False
.e321180,1,0.0,False,False
.e321181,1,0.0,False,False
.e321182,1,0.0,False,False
.e321183,1,0.0,False,False
.e321184,1,0.0,False,False
.e321185,1,0.0,False,False
.e321186,1,0.0,False,False
.o321167,1,0.0,False,False
.o321168,1,0.0,False,False
.o321169,1,0.0,False,False
.o321170,1,0.0,False,False
.o321171,1,0.0,False,False
.o321172,1,0.0,False,False
.o321173,1,0.0,False,False
.o321174,1,0.0,False,False
.o321175,1,0.0,False,False
.o321176,1,0.0,False,False
.o321177,1,0.0,False,False
.o321178,1,0.0,False,False
.o321179,1,0.0,False,False
.o321180,1,0.0,False,False
.o321181,1,0.0,False,False
.o321182,1,0.0,False,False
.o321183,1,0.0,False,False
.o321184,1,0.0,False,False
.o321185,1,0.0,False,False
.o321186,1,0.0,False,False
.e321150,1,0.0,False,False
.o321150,1,0.0,False,False
.e322839,1,0.0,False,False
.e322840,1,0.0,False,False
.e322841,1,0.0,False,False
.e322842,1,0.0,False,False
.e322843,1,0.0,False,False
.e322844,1,0.0,False,False
.e322845,1,0.0,False,False
.e322846,1,0.0,False,False
.e322847,1,0.0,False,False
.e322848,1,0.0,False,False
.e322849,1,0.0,False,False
.e322850,1,0.0,False,False
.e322851,1,0.0,False,False
.e322852,1,0.0,False,False
.e322853,1,0.0,False,False
.e322854,1,0.0,False,False
.e322855,1,0.0,False,False
.e322856,1,0.0,False,False
.e322857,1,0.0,False,False
.e322858,1,0.0,False,False
.o322839,1,0.0,False,False
.o322840,1,0.0,False,False
.o322841,1,0.0,False,False
.o322842,1,0.0,False,False
.o322843,1,0.0,False,False
.o322844,1,0.0,False,False
.o322845,1,0.0,False,False
.o322846,1,0.0,False,False
.o322847,1,0.0,False,False
.o322848,1,0.0,False,False
.o322849,1,0.0,False,False
.o322850,1,0.0,False,False
.o322851,1,0.0,False,False
.o322852,1,0.0,False,False
.o322853,1,0.0,False,False
.o322854,1,0.0,False,False
.o322855,1,0.0,False,False
.o322856,1,0.0,False,False
.o322857,1,0.0,False,False
.o322858,1,0.0,False,False
.e322819,1,0.0,False,False
.e322820,1,0.0,False,False
.e322821,1,0.0,False,False
.e322822,1,0.0,False,False
.e322823,1,0.0,False,False
.e322824,1,0.0,False,False
.e322825,1,0.0,False,False
.e322826,1,0.0,False,False
.e322827,1,0.0,False,False
.e322828,1,0.0,False,False
.e322829,1,0.0,False,False
.e322830,1,0.0,False,False
.e322831,1,0.0,False,False
.e322832,1,0.0,False,False
.e322833,1,0.0,False,False
.e322834,1,0.0,False,False
.e322835,1,0.0,False,False
.e322836,1,0.0,False,False
.e322837,1,0.0,False,False
.e322838,1,0.0,False,False
.o322819,1,0.0,False,False
.o322820,1,0.0,False,False
.o322821,1,0.0,False,False
.o322822,1,0.0,False,False
.o322823,1,0.0,False,False
.o322824,1,0.0,False,False
.o322825,1,0.0,False,False
.o322826,1,0.0,False,False
.o322827,1,0.0,False,False
.o322828,1,0.0,False,False
.o322829,1,0.0,False,False
.o322830,1,0.0,False,False
.o322831,1,0.0,False,False
.o322832,1,0.0,False,False
.o322833,1,0.0,False,False
.o322834,1,0.0,False,False
.o322835,1,0.0,False,False
.o322836,1,0.0,False,False
.o322837,1,0.0,False,False
.o322838,1,0.0,False,False
.e322799,1,0.0,False,False
.e322800,1,0.0,False,False
.e322801,1,0.0,False,False
.e322802,1,0.0,False,False
.e322803,1,0.0,False,False
.e322804,1,0.0,False,False
.e322805,1,0.0,False,False
.e322806,1,0.0,False,False
.e322807,1,0.0,False,False
.e322808,1,0.0,False,False
.e322809,1,0.0,False,False
.e322810,1,0.0,False,False
.e322811,1,0.0,False,False
.e322812,1,0.0,False,False
.e322813,1,0.0,False,False
.e322814,1,0.0,False,False
.e322815,1,0.0,False,False
.e322816,1,0.0,False,False
.e322817,1,0.0,False,False
.e322818,1,0.0,False,False
.o322799,1,0.0,False,False
.o322800,1,0.0,False,False
.o322801,1,0.0,False,False
.o322802,1,0.0,False,False
.o322803,1,0.0,False,False
.o322804,1,0.0,False,False
.o322805,1,0.0,False,False
.o322806,1,0.0,False,False
.o322807,1,0.0,False,False
.o322808,1,0.0,False,False
.o322809,1,0.0,False,False
.o322810,1,0.0,False,False
.o322811,1,0.0,False,False
.o322812,1,0.0,False,False
.o322813,1,0.0,False,False
.o322814,1,0.0,False,False
.o322815,1,0.0,False,False
.o322816,1,0.0,False,False
.o322817,1,0.0,False,False
.o322818,1,0.0,False,False
.e322739,1,0.0,False,False
.e322740,1,0.0,False,False
.e322741,1,0.0,False,False
.e322742,1,0.0,False,False
.e322743,1,0.0,False,False
.e322744,1,0.0,False,False
.e322745,1,0.0,False,False
.e322746,1,0.0,False,False
.e322747,1,0.0,False,False
.e322748,1,0.0,False,False
.e322749,1,0.0,False,False
.e322750,1,0.0,False,False
.e322751,1,0.0,False,False
.e322752,1,0.0,False,False
.e322753,1,0.0,False,False
.e322754,1,0.0,False,False
.e322755,1,0.0,False,False
.e322756,1,0.0,False,False
.e322757,1,0.0,False,False
.e322758,1,0.0,False,False
.o322739,1,0.0,False,False
.o322740,1,0.0,False,False
.o322741,1,0.0,False,False
.o322742,1,0.0,False,False
.o322743,1,0.0,False,False
.o322744,1,0.0,False,False
.o322745,1,0.0,False,False
.o322746,1,0.0,False,False
.o322747,1,0.0,False,False
.o322748,1,0.0,False,False
.o322749,1,0.0,False,False
.o322750,1,0.0,False,False
.o322751,1,0.0,False,False
.o322752,1,0.0,False,False
.o322753,1,0.0,False,False
.o322754,1,0.0,False,False
.o322755,1,0.0,False,False
.o322756,1,0.0,False,False
.o322757,1,0.0,False,False
.o322758,1,0.0,False,False
.e322759,1,0.0,False,False
.e322760,1,0.0,False,False
.e322761,1,0.0,False,False
.e322762,1,0.0,False,False
.e322763,1,0.0,False,False
.e322764,1,0.0,False,False
.e322765,1,0.0,False,False
.e322766,1,0.0,False,False
.e322767,1,0.0,False,False
.e322768,1,0.0,False,False
.e322769,1,0.0,False,False
.e322770,1,0.0,False,False
.e322771,1,0.0,False,False
.e322772,1,0.0,False,False
.e322773,1,0.0,False,False
.e322774,1,0.0,False,False
.e322775,1,0.0,False,False
.e322776,1,0.0,False,False
.e322777,1,0.0,False,False
.e322778,1,0.0,False,False
.o322759,1,0.0,False,False
.o322760,1,0.0,False,False
.o322761,1,0.0,False,False
.o322762,1,0.0,False,False
.o322763,1,0.0,False,False
.o322764,1,0.0,False,False
.o322765,1,0.0,False,False
.o322766,1,0.0,False,False
.o322767,1,0.0,False,False
.o322768,1,0.0,False,False
.o322769,1,0.0,False,False
.o322770,1,0.0,False,False
.o322771,1,0.0,False,False
.o322772,1,0.0,False,False
.o322773,1,0.0,False,False
.o322774,1,0.0,False,False
.o322775,1,0.0,False,False
.o322776,1,0.0,False,False
.o322777,1,0.0,False,False
.o322778,1,0.0,False,False
.e322779,1,0.0,False,False
.e322780,1,0.0,False,False
.e322781,1,0.0,False,False
.e322782,1,0.0,False,False
.e322783,1,0.0,False,False
.e322784,1,0.0,False,False
.e322785,1,0.0,False,False
.e322786,1,0.0,False,False
.e322787,1,0.0,False,False
.e322788,1,0.0,False,False
.e322789,1,0.0,False,False
.e322790,1,0.0,False,False
.e322791,1,0.0,False,False
.e322792,1,0.0,False,False
.e322793,1,0.0,False,False
.e322794,1,0.0,False,False
.e322795,1,0.0,False,False
.e322796,1,0.0,False,False
.e322797,1,0.0,False,False
.e322798,1,0.0,False,False
.o322779,1,0.0,False,False
.o322780,1,0.0,False,False
.o322781,1,0.0,False,False
.o322782,1,0.0,False,False
.o322783,1,0.0,False,False
.o322784,1,0.0,False,False
.o322785,1,0.0,False,False
.o322786,1,0.0,False,False
.o322787,1,0.0,False,False
.o322788,1,0.0,False,False
.o322789,1,0.0,False,False
.o322790,1,0.0,False,False
.o322791,1,0.0,False,False
.o322792,1,0.0,False,False
.o322793,1,0.0,False,False
.o322794,1,0.0,False,False
.o322795,1,0.0,False,False
.o322796,1,0.0,False,False
.o322797,1,0.0,False,False
.o322798,1,0.0,False,False
.e323320,1,0.0,False,False
.e323321,1,0.0,False,False
.e323322,1,0.0,False,False
.e323323,1,0.0,False,False
.e323324,1,0.0,False,False
.e323325,1,0.0,False,False
.e323326,1,0.0,False,False
.e323327,1,0.0,False,False
.e323328,1,0.0,False,False
.e323329,1,0.0,False,False
.e323330,1,0.0,False,False
.e323331,1,0.0,False,False
.e323332,1,0.0,False,False
.e323333,1,0.0,False,False
.e323334,1,0.0,False,False
.e323335,1,0.0,False,False
.e323336,1,0.0,False,False
.e323337,1,0.0,False,False
.e323338,1,0.0,False,False
.e323339,1,0.0,False,False
.o323320,1,0.0,False,False
.o323321,1,0.0,False,False
.o323322,1,0.0,False,False
.o323323,1,0.0,False,False
.o323324,1,0.0,False,False
.o323325,1,0.0,False,False
.o323326,1,0.0,False,False
.o323327,1,0.0,False,False
.o323328,1,0.0,False,False
.o323329,1,0.0,False,False
.o323330,1,0.0,False,False
.o323331,1,0.0,False,False
.o323332,1,0.0,False,False
.o323333,1,0.0,False,False
.o323334,1,0.0,False,False
.o323335,1,0.0,False,False
.o323336,1,0.0,False,False
.o323337,1,0.0,False,False
.o323338,1,0.0,False,False
.o323339,1,0.0,False,False
.e323200,1,0.0,False,False
.e323201,1,0.0,False,False
.e323202,1,0.0,False,False
.e323203,1,0.0,False,False
.e323204,1,0.0,False,False
.e323205,1,0.0,False,False
.e323206,1,0.0,False,False
.e323207,1,0.0,False,False
.e323208,1,0.0,False,False
.e323209,1,0.0,False,False
.e323210,1,0.0,False,False
.e323212,1,0.0,False,False
.e323213,1,0.0,False,False
.e323214,1,0.0,False,False
.e323215,1,0.0,False,False
.e323216,1,0.0,False,False
.e323217,1,0.0,False,False
.e323218,1,0.0,False,False
.e323219,1,0.0,False,False
.e323220,1,0.0,False,False
.o323200,1,0.0,False,False
.o323201,1,0.0,False,False
.o323202,1,0.0,False,False
.o323203,1,0.0,False,False
.o323204,1,0.0,False,False
.o323205,1,0.0,False,False
.o323206,1,0.0,False,False
.o323207,1,0.0,False,False
.o323208,1,0.0,False,False
.o323209,1,0.0,False,False
.o323210,1,0.0,False,False
.o323212,1,0.0,False,False
.o323213,1,0.0,False,False
.o323214,1,0.0,False,False
.o323215,1,0.0,False,False
.o323216,1,0.0,False,False
.o323217,1,0.0,False,False
.o323218,1,0.0,False,False
.o323219,1,0.0,False,False
.o323220,1,0.0,False,False
.e323178,1,0.0,False,False
.e323179,1,0.0,False,False
.e323180,1,0.0,False,False
.e323181,1,0.0,False,False
.e323182,1,0.0,False,False
.e323183,1,0.0,False,False
.e323184,1,0.0,False,False
.e323185,1,0.0,False,False
.e323186,1,0.0,False,False
.e323187,1,0.0,False,False
.e323188,1,0.0,False,False
.e323189,1,0.0,False,False
.e323190,1,0.0,False,False
.e323191,1,0.0,False,False
.e323192,1,0.0,False,False
.e323193,1,0.0,False,False
.e323194,1,0.0,False,False
.e323195,1,0.0,False,False
.e323196,1,0.0,False,False
.e323197,1,0.0,False,False
.o323178,1,0.0,False,False
.o323179,1,0.0,False,False
.o323180,1,0.0,False,False
.o323181,1,0.0,False,False
.o323182,1,0.0,False,False
.o323183,1,0.0,False,False
.o323184,1,0.0,False,False
.o323185,1,0.0,False,False
.o323186,1,0.0,False,False
.o323187,1,0.0,False,False
.o323188,1,0.0,False,False
.o323189,1,0.0,False,False
.o323190,1,0.0,False,False
.o323191,1,0.0,False,False
.o323192,1,0.0,False,False
.o323193,1,0.0,False,False
.o323194,1,0.0,False,False
.o323195,1,0.0,False,False
.o323196,1,0.0,False,False
.o323197,1,0.0,False,False
.e323797,1,0.0,False,False
.e323798,1,0.0,False,False
.e323799,1,0.0,False,False
.e323800,1,0.0,False,False
.e323801,1,0.0,False,False
.e323802,1,0.0,False,False
.e323803,1,0.0,False,False
.e323804,1,0.0,False,False
.e323805,1,0.0,False,False
.e323806,1,0.0,False,False
.e323807,1,0.0,False,False
.e323808,1,0.0,False,False
.e323809,1,0.0,False,False
.e323810,1,0.0,False,False
.e323811,1,0.0,False,False
.e323812,1,0.0,False,False
.e323813,1,0.0,False,False
.e323814,1,0.0,False,False
.e323815,1,0.0,False,False
.e323816,1,0.0,False,False
.o323797,1,0.0,False,False
.o323798,1,0.0,False,False
.o323799,1,0.0,False,False
.o323800,1,0.0,False,False
.o323801,1,0.0,False,False
.o323802,1,0.0,False,False
.o323803,1,0.0,False,False
.o323804,1,0.0,False,False
.o323805,1,0.0,False,False
.o323806,1,0.0,False,False
.o323807,1,0.0,False,False
.o323808,1,0.0,False,False
.o323809,1,0.0,False,False
.o323810,1,0.0,False,False
.o323811,1,0.0,False,False
.o323812,1,0.0,False,False
.o323813,1,0.0,False,False
.o323814,1,0.0,False,False
.o323815,1,0.0,False,False
.o323816,1,0.0,False,False
.e323817,1,0.0,False,False
.e323818,1,0.0,False,False
.e323819,1,0.0,False,False
.e323820,1,0.0,False,False
.e323821,1,0.0,False,False
.e323822,1,0.0,False,False
.e323823,1,0.0,False,False
.e323824,1,0.0,False,False
.e323825,1,0.0,False,False
.e323826,1,0.0,False,False
.e323827,1,0.0,False,False
.e323828,1,0.0,False,False
.e323829,1,0.0,False,False
.e323830,1,0.0,False,False
.e323831,1,0.0,False,False
.e323832,1,0.0,False,False
.e323833,1,0.0,False,False
.e323834,1,0.0,False,False
.e323835,1,0.0,False,False
.e323836,1,0.0,False,False
.o323817,1,0.0,False,False
.o323818,1,0.0,False,False
.o323819,1,0.0,False,False
.o323820,1,0.0,False,False
.o323821,1,0.0,False,False
.o323822,1,0.0,False,False
.o323823,1,0.0,False,False
.o323824,1,0.0,False,False
.o323825,1,0.0,False,False
.o323826,1,0.0,False,False
.o323827,1,0.0,False,False
.o323828,1,0.0,False,False
.o323829,1,0.0,False,False
.o323830,1,0.0,False,False
.o323831,1,0.0,False,False
.o323832,1,0.0,False,False
.o323833,1,0.0,False,False
.o323834,1,0.0,False,False
.o323835,1,0.0,False,False
.o323836,1,0.0,False,False
.e321622,1,0.0,False,False
.e321623,1,0.0,False,False
.e321624,1,0.0,False,False
.e321625,1,0.0,False,False
.e321626,1,0.0,False,False
.e321627,1,0.0,False,False
.e321628,1,0.0,False,False
.e321629,1,0.0,False,False
.e321630,1,0.0,False,False
.e321631,1,0.0,False,False
.e321632,1,0.0,False,False
.e321633,1,0.0,False,False
.e321634,1,0.0,False,False
.e321635,1,0.0,False,False
.e321636,1,0.0,False,False
.e321637,1,0.0,False,False
.e321638,1,0.0,False,False
.e321639,1,0.0,False,False
.e321640,1,0.0,False,False
.e321641,1,0.0,False,False
.o321622,1,0.0,False,False
.o321623,1,0.0,False,False
.o321624,1,0.0,False,False
.o321625,1,0.0,False,False
.o321626,1,0.0,False,False
.o321627,1,0.0,False,False
.o321628,1,0.0,False,False
.o321629,1,0.0,False,False
.o321630,1,0.0,False,False
.o321631,1,0.0,False,False
.o321632,1,0.0,False,False
.o321633,1,0.0,False,False
.o321634,1,0.0,False,False
.o321635,1,0.0,False,False
.o321636,1,0.0,False,False
.o321637,1,0.0,False,False
.o321638,1,0.0,False,False
.o321639,1,0.0,False,False
.o321640,1,0.0,False,False
.o321641,1,0.0,False,False
.e326633,1,0.0,False,False
.e326634,1,0.0,False,False
.e326635,1,0.0,False,False
.e326636,1,0.0,False,False
.e326637,1,0.0,False,False
.e326638,1,0.0,False,False
.e326639,1,0.0,False,False
.e326640,1,0.0,False,False
.e326641,1,0.0,False,False
.e326642,1,0.0,False,False
.e326643,1,0.0,False,False
.e326644,1,0.0,False,False
.e326645,1,0.0,False,False
.e326646,1,0.0,False,False
.e326647,1,0.0,False,False
.e326648,1,0.0,False,False
.e326649,1,0.0,False,False
.e326650,1,0.0,False,False
.e326651,1,0.0,False,False
.e326652,1,0.0,False,False
.o326633,1,0.0,False,False
.o326634,1,0.0,False,False
.o326635,1,0.0,False,False
.o326636,1,0.0,False,False
.o326637,1,0.0,False,False
.o326638,1,0.0,False,False
.o326639,1,0.0,False,False
.o326640,1,0.0,False,False
.o326641,1,0.0,False,False
.o326642,1,0.0,False,False
.o326643,1,0.0,False,False
.o326644,1,0.0,False,False
.o326645,1,0.0,False,False
.o326646,1,0.0,False,False
.o326647,1,0.0,False,False
.o326648,1,0.0,False,False
.o326649,1,0.0,False,False
.o326650,1,0.0,False,False
.o326651,1,0.0,False,False
.o326652,1,0.0,False,False
.e321582,1,0.0,False,False
.e321583,1,0.0,False,False
.e321584,1,0.0,False,False
.e321585,1,0.0,False,False
.e321586,1,0.0,False,False
.e321587,1,0.0,False,False
.e321588,1,0.0,False,False
.e321589,1,0.0,False,False
.e321590,1,0.0,False,False
.e321591,1,0.0,False,False
.e321592,1,0.0,False,False
.e321593,1,0.0,False,False
.e321594,1,0.0,False,False
.e321595,1,0.0,False,False
.e321596,1,0.0,False,False
.e321597,1,0.0,False,False
.e321598,1,0.0,False,False
.e321599,1,0.0,False,False
.e321600,1,0.0,False,False
.e321601,1,0.0,False,False
.o321582,1,0.0,False,False
.o321583,1,0.0,False,False
.o321584,1,0.0,False,False
.o321585,1,0.0,False,False
.o321586,1,0.0,False,False
.o321587,1,0.0,False,False
.o321588,1,0.0,False,False
.o321589,1,0.0,False,False
.o321590,1,0.0,False,False
.o321591,1,0.0,False,False
.o321592,1,0.0,False,False
.o321593,1,0.0,False,False
.o321594,1,0.0,False,False
.o321595,1,0.0,False,False
.o321596,1,0.0,False,False
.o321597,1,0.0,False,False
.o321598,1,0.0,False,False
.o321599,1,0.0,False,False
.o321600,1,0.0,False,False
.o321601,1,0.0,False,False
.e321602,1,0.0,False,False
.e321603,1,0.0,False,False
.e321604,1,0.0,False,False
.e321605,1,0.0,False,False
.e321606,1,0.0,False,False
.e321607,1,0.0,False,False
.e321608,1,0.0,False,False
.e321609,1,0.0,False,False
.e321610,1,0.0,False,False
.e321611,1,0.0,False,False
.e321612,1,0.0,False,False
.e321613,1,0.0,False,False
.e321614,1,0.0,False,False
.e321615,1,0.0,False,False
.e321616,1,0.0,False,False
.e321617,1,0.0,False,False
.e321618,1,0.0,False,False
.e321619,1,0.0,False,False
.e321620,1,0.0,False,False
.e321621,1,0.0,False,False
.o321602,1,0.0,False,False
.o321603,1,0.0,False,False
.o321604,1,0.0,False,False
.o321605,1,0.0,False,False
.o321606,1,0.0,False,False
.o321607,1,0.0,False,False
.o321608,1,0.0,False,False
.o321609,1,0.0,False,False
.o321610,1,0.0,False,False
.o321611,1,0.0,False,False
.o321612,1,0.0,False,False
.o321613,1,0.0,False,False
.o321614,1,0.0,False,False
.o321615,1,0.0,False,False
.o321616,1,0.0,False,False
.o321617,1,0.0,False,False
.o321618,1,0.0,False,False
.o321619,1,0.0,False,False
.o321620,1,0.0,False,False
.o321621,1,0.0,False,False
.e321314,1,0.0,False,False
.e321315,1,0.0,False,False
.e321316,1,0.0,False,False
.e321317,1,0.0,False,False
.e321318,1,0.0,False,False
.e321319,1,0.0,False,False
.e321320,1,0.0,False,False
.e321321,1,0.0,False,False
.e321322,1,0.0,False,False
.e321323,1,0.0,False,False
.e321514,1,0.0,False,False
.e326376,1,0.0,False,False
.e326377,1,0.0,False,False
.e326378,1,0.0,False,False
.e326379,1,0.0,False,False
.e326380,1,0.0,False,False
.e326381,1,0.0,False,False
.e326382,1,0.0,False,False
.e326383,1,0.0,False,False
.e326384,1,0.0,False,False
.e326385,1,0.0,False,False
.o321314,1,0.0,False,False
.o321315,1,0.0,False,False
.o321316,1,0.0,False,False
.o321317,1,0.0,False,False
.o321318,1,0.0,False,False
.o321319,1,0.0,False,False
.o321320,1,0.0,False,False
.o321321,1,0.0,False,False
.o321322,1,0.0,False,False
.o321323,1,0.0,False,False
.o321514,1,0.0,False,False
.o326376,1,0.0,False,False
.o326377,1,0.0,False,False
.o326378,1,0.0,False,False
.o326379,1,0.0,False,False
.o326380,1,0.0,False,False
.o326381,1,0.0,False,False
.o326382,1,0.0,False,False
.o326383,1,0.0,False,False
.o326384,1,0.0,False,False
.o326385,1,0.0,False,False
.e321283,1,0.0,False,False
.e321284,1,0.0,False,False
.e321285,1,0.0,False,False
.e321286,1,0.0,False,False
.e321287,1,0.0,False,False
.e321288,1,0.0,False,False
.e321289,1,0.0,False,False
.e321290,1,0.0,False,False
.e321291,1,0.0,False,False
.e321292,1,0.0,False,False
.e326386,1,0.0,False,False
.e326387,1,0.0,False,False
.e326388,1,0.0,False,False
.e326389,1,0.0,False,False
.e326390,1,0.0,False,False
.e326391,1,0.0,False,False
.e326392,1,0.0,False,False
.e326393,1,0.0,False,False
.e326394,1,0.0,False,False
.e326395,1,0.0,False,False
.o321283,1,0.0,False,False
.o321284,1,0.0,False,False
.o321285,1,0.0,False,False
.o321286,1,0.0,False,False
.o321287,1,0.0,False,False
.o321288,1,0.0,False,False
.o321289,1,0.0,False,False
.o321290,1,0.0,False,False
.o321291,1,0.0,False,False
.o321292,1,0.0,False,False
.o326386,1,0.0,False,False
.o326387,1,0.0,False,False
.o326388,1,0.0,False,False
.o326389,1,0.0,False,False
.o326390,1,0.0,False,False
.o326391,1,0.0,False,False
.o326392,1,0.0,False,False
.o326393,1,0.0,False,False
.o326394,1,0.0,False,False
.o326395,1,0.0,False,False
.e321293,1,0.0,False,False
.e321294,1,0.0,False,False
.e321295,1,0.0,False,False
.e321296,1,0.0,False,False
.e321297,1,0.0,False,False
.e321298,1,0.0,False,False
.e321299,1,0.0,False,False
.e321300,1,0.0,False,False
.e321301,1,0.0,False,False
.e321302,1,0.0,False,False
.e321303,1,0.0,False,False
.e321304,1,0.0,False,False
.e321306,1,0.0,False,False
.e321307,1,0.0,False,False
.e321308,1,0.0,False,False
.e321309,1,0.0,False,False
.e321310,1,0.0,False,False
.e321311,1,0.0,False,False
.e321312,1,0.0,False,False
.e321313,1,0.0,False,False
.o321293,1,0.0,False,False
.o321294,1,0.0,False,False
.o321295,1,0.0,False,False
.o321296,1,0.0,False,False
.o321297,1,0.0,False,False
.o321298,1,0.0,False,False
.o321299,1,0.0,False,False
.o321300,1,0.0,False,False
.o321301,1,0.0,False,False
.o321302,1,0.0,False,False
.o321303,1,0.0,False,False
.o321304,1,0.0,False,False
.o321306,1,0.0,False,False
.o321307,1,0.0,False,False
.o321308,1,0.0,False,False
.o321309,1,0.0,False,False
.o321310,1,0.0,False,False
.o321311,1,0.0,False,False
.o321312,1,0.0,False,False
.o321313,1,0.0,False,False
.e322994,1,0.0,False,False
.e322995,1,0.0,False,False
.e322996,1,0.0,False,False
.e322997,1,0.0,False,False
.e322998,1,0.0,False,False
.e322999,1,0.0,False,False
.e323000,1,0.0,False,False
.e323001,1,0.0,False,False
.e323002,1,0.0,False,False
.e323003,1,0.0,False,False
.e323004,1,0.0,False,False
.e323005,1,0.0,False,False
.e323006,1,0.0,False,False
.e323007,1,0.0,False,False
.e323008,1,0.0,False,False
.e323009,1,0.0,False,False
.e323010,1,0.0,False,False
.e323011,1,0.0,False,False
.e323012,1,0.0,False,False
.e323013,1,0.0,False,False
.o322994,1,0.0,False,False
.o322995,1,0.0,False,False
.o322996,1,0.0,False,False
.o322997,1,0.0,False,False
.o322998,1,0.0,False,False
.o322999,1,0.0,False,False
.o323000,1,0.0,False,False
.o323001,1,0.0,False,False
.o323002,1,0.0,False,False
.o323003,1,0.0,False,False
.o323004,1,0.0,False,False
.o323005,1,0.0,False,False
.o323006,1,0.0,False,False
.o323007,1,0.0,False,False
.o323008,1,0.0,False,False
.o323009,1,0.0,False,False
.o323010,1,0.0,False,False
.o323011,1,0.0,False,False
.o323012,1,0.0,False,False
.o323013,1,0.0,False,False
.e323034,1,0.0,False,False
.e323035,1,0.0,False,False
.e323036,1,0.0,False,False
.e323037,1,0.0,False,False
.e323038,1,0.0,False,False
.e323039,1,0.0,False,False
.e323040,1,0.0,False,False
.e323041,1,0.0,False,False
.e323042,1,0.0,False,False
.e323043,1,0.0,False,False
.e323044,1,0.0,False,False
.e323045,1,0.0,False,False
.e323046,1,0.0,False,False
.e323047,1,0.0,False,False
.e323048,1,0.0,False,False
.e323049,1,0.0,False,False
.e323050,1,0.0,False,False
.e323051,1,0.0,False,False
.e323052,1,0.0,False,False
.e323053,1,0.0,False,False
.o323034,1,0.0,False,False
.o323035,1,0.0,False,False
.o323036,1,0.0,False,False
.o323037,1,0.0,False,False
.o323038,1,0.0,False,False
.o323039,1,0.0,False,False
.o323040,1,0.0,False,False
.o323041,1,0.0,False,False
.o323042,1,0.0,False,False
.o323043,1,0.0,False,False
.o323044,1,0.0,False,False
.o323045,1,0.0,False,False
.o323046,1,0.0,False,False
.o323047,1,0.0,False,False
.o323048,1,0.0,False,False
.o323049,1,0.0,False,False
.o323050,1,0.0,False,False
.o323051,1,0.0,False,False
.o323052,1,0.0,False,False
.o323053,1,0.0,False,False
.e323014,1,0.0,False,False
.e323015,1,0.0,False,False
.e323016,1,0.0,False,False
.e323017,1,0.0,False,False
.e323018,1,0.0,False,False
.e323019,1,0.0,False,False
.e323020,1,0.0,False,False
.e323021,1,0.0,False,False
.e323022,1,0.0,False,False
.e323023,1,0.0,False,False
.e323024,1,0.0,False,False
.e323025,1,0.0,False,False
.e323026,1,0.0,False,False
.e323027,1,0.0,False,False
.e323028,1,0.0,False,False
.e323029,1,0.0,False,False
.e323030,1,0.0,False,False
.e323031,1,0.0,False,False
.e323032,1,0.0,False,False
.e323033,1,0.0,False,False
.o323014,1,0.0,False,False
.o323015,1,0.0,False,False
.o323016,1,0.0,False,False
.o323017,1,0.0,False,False
.o323018,1,0.0,False,False
.o323019,1,0.0,False,False
.o323020,1,0.0,False,False
.o323021,1,0.0,False,False
.o323022,1,0.0,False,False
.o323023,1,0.0,False,False
.o323024,1,0.0,False,False
.o323025,1,0.0,False,False
.o323026,1,0.0,False,False
.o323027,1,0.0,False,False
.o323028,1,0.0,False,False
.o323029,1,0.0,False,False
.o323030,1,0.0,False,False
.o323031,1,0.0,False,False
.o323032,1,0.0,False,False
.o323033,1,0.0,False,False
.e323470,1,0.0,False,False
.e323471,1,0.0,False,False
.e323472,1,0.0,False,False
.e323473,1,0.0,False,False
.e323474,1,0.0,False,False
.e323475,1,0.0,False,False
.e323476,1,0.0,False,False
.e323477,1,0.0,False,False
.e323478,1,0.0,False,False
.e323479,1,0.0,False,False
.e326396,1,0.0,False,False
.e326397,1,0.0,False,False
.e326398,1,0.0,False,False
.e326399,1,0.0,False,False
.e326400,1,0.0,False,False
.e326401,1,0.0,False,False
.e326402,1,0.0,False,False
.e326403,1,0.0,False,False
.o323470,1,0.0,False,False
.o323471,1,0.0,False,False
.o323472,1,0.0,False,False
.o323473,1,0.0,False,False
.o323474,1,0.0,False,False
.o323475,1,0.0,False,False
.o323476,1,0.0,False,False
.o323477,1,0.0,False,False
.o323478,1,0.0,False,False
.o323479,1,0.0,False,False
.o326396,1,0.0,False,False
.o326397,1,0.0,False,False
.o326398,1,0.0,False,False
.o326399,1,0.0,False,False
.o326400,1,0.0,False,False
.o326401,1,0.0,False,False
.o326402,1,0.0,False,False
.o326403,1,0.0,False,False
.e323460,1,0.0,False,False
.e323461,1,0.0,False,False
.e323462,1,0.0,False,False
.e323463,1,0.0,False,False
.e323464,1,0.0,False,False
.e323465,1,0.0,False,False
.e323466,1,0.0,False,False
.e323467,1,0.0,False,False
.e323468,1,0.0,False,False
.e323469,1,0.0,False,False
.e326620,1,0.0,False,False
.e326621,1,0.0,False,False
.e326622,1,0.0,False,False
.e326623,1,0.0,False,False
.e326624,1,0.0,False,False
.e326625,1,0.0,False,False
.e326626,1,0.0,False,False
.e326627,1,0.0,False,False
.e326628,1,0.0,False,False
.e326629,1,0.0,False,False
.o323460,1,0.0,False,False
.o323461,1,0.0,False,False
.o323462,1,0.0,False,False
.o323463,1,0.0,False,False
.o323464,1,0.0,False,False
.o323465,1,0.0,False,False
.o323466,1,0.0,False,False
.o323467,1,0.0,False,False
.o323468,1,0.0,False,False
.o323469,1,0.0,False,False
.o326620,1,0.0,False,False
.o326621,1,0.0,False,False
.o326622,1,0.0,False,False
.o326623,1,0.0,False,False
.o326624,1,0.0,False,False
.o326625,1,0.0,False,False
.o326626,1,0.0,False,False
.o326627,1,0.0,False,False
.o326628,1,0.0,False,False
.o326629,1,0.0,False,False
.e323440,1,0.0,False,False
.e323441,1,0.0,False,False
.e323442,1,0.0,False,False
.e323443,1,0.0,False,False
.e323444,1,0.0,False,False
.e323445,1,0.0,False,False
.e323446,1,0.0,False,False
.e323447,1,0.0,False,False
.e323448,1,0.0,False,False
.e323449,1,0.0,False,False
.e323450,1,0.0,False,False
.e323451,1,0.0,False,False
.e323452,1,0.0,False,False
.e323453,1,0.0,False,False
.e323454,1,0.0,False,False
.e323455,1,0.0,False,False
.e323456,1,0.0,False,False
.e323457,1,0.0,False,False
.e323458,1,0.0,False,False
.e323459,1,0.0,False,False
.o323440,1,0.0,False,False
.o323441,1,0.0,False,False
.o323442,1,0.0,False,False
.o323443,1,0.0,False,False
.o323444,1,0.0,False,False
.o323445,1,0.0,False,False
.o323446,1,0.0,False,False
.o323447,1,0.0,False,False
.o323448,1,0.0,False,False
.o323449,1,0.0,False,False
.o323450,1,0.0,False,False
.o323451,1,0.0,False,False
.o323452,1,0.0,False,False
.o323453,1,0.0,False,False
.o323454,1,0.0,False,False
.o323455,1,0.0,False,False
.o323456,1,0.0,False,False
.o323457,1,0.0,False,False
.o323458,1,0.0,False,False
.o323459,1,0.0,False,False
.e322180,1,0.0,False,False
.e322181,1,0.0,False,False
.e322182,1,0.0,False,False
.e322183,1,0.0,False,False
.e322184,1,0.0,False,False
.e322185,1,0.0,False,False
.e322186,1,0.0,False,False
.e322187,1,0.0,False,False
.e322188,1,0.0,False,False
.e322189,1,0.0,False,False
.e322190,1,0.0,False,False
.e322191,1,0.0,False,False
.e322192,1,0.0,False,False
.e322193,1,0.0,False,False
.e322194,1,0.0,False,False
.e322195,1,0.0,False,False
.e322196,1,0.0,False,False
.e322197,1,0.0,False,False
.e322198,1,0.0,False,False
.e322199,1,0.0,False,False
.o322180,1,0.0,False,False
.o322181,1,0.0,False,False
.o322182,1,0.0,False,False
.o322183,1,0.0,False,False
.o322184,1,0.0,False,False
.o322185,1,0.0,False,False
.o322186,1,0.0,False,False
.o322187,1,0.0,False,False
.o322188,1,0.0,False,False
.o322189,1,0.0,False,False
.o322190,1,0.0,False,False
.o322191,1,0.0,False,False
.o322192,1,0.0,False,False
.o322193,1,0.0,False,False
.o322194,1,0.0,False,False
.o322195,1,0.0,False,False
.o322196,1,0.0,False,False
.o322197,1,0.0,False,False
.o322198,1,0.0,False,False
.o322199,1,0.0,False,False
.e322200,1,0.0,False,False
.e322201,1,0.0,False,False
.e322202,1,0.0,False,False
.e322203,1,0.0,False,False
.e322204,1,0.0,False,False
.e322205,1,0.0,False,False
.e322206,1,0.0,False,False
.e322207,1,0.0,False,False
.e322208,1,0.0,False,False
.e322209,1,0.0,False,False
.e322210,1,0.0,False,False
.e322211,1,0.0,False,False
.e322212,1,0.0,False,False
.e322213,1,0.0,False,False
.e322214,1,0.0,False,False
.e322215,1,0.0,False,False
.e322216,1,0.0,False,False
.e322217,1,0.0,False,False
.e322218,1,0.0,False,False
.e322219,1,0.0,False,False
.o322200,1,0.0,False,False
.o322201,1,0.0,False,False
.o322202,1,0.0,False,False
.o322203,1,0.0,False,False
.o322204,1,0.0,False,False
.o322205,1,0.0,False,False
.o322206,1,0.0,False,False
.o322207,1,0.0,False,False
.o322208,1,0.0,False,False
.o322209,1,0.0,False,False
.o322210,1,0.0,False,False
.o322211,1,0.0,False,False
.o322212,1,0.0,False,False
.o322213,1,0.0,False,False
.o322214,1,0.0,False,False
.o322215,1,0.0,False,False
.o322216,1,0.0,False,False
.o322217,1,0.0,False,False
.o322218,1,0.0,False,False
.o322219,1,0.0,False,False
.e322562,1,0.0,False,False
.e322563,1,0.0,False,False
.e322564,1,0.0,False,False
.e322565,1,0.0,False,False
.e322566,1,0.0,False,False
.e322567,1,0.0,False,False
.e322568,1,0.0,False,False
.e322569,1,0.0,False,False
.e322570,1,0.0,False,False
.e322571,1,0.0,False,False
.e322572,1,0.0,False,False
.e322573,1,0.0,False,False
.e322574,1,0.0,False,False
.e322575,1,0.0,False,False
.e322576,1,0.0,False,False
.e322577,1,0.0,False,False
.e322578,1,0.0,False,False
.e322579,1,0.0,False,False
.e322580,1,0.0,False,False
.e322581,1,0.0,False,False
.o322562,1,0.0,False,False
.o322563,1,0.0,False,False
.o322564,1,0.0,False,False
.o322565,1,0.0,False,False
.o322566,1,0.0,False,False
.o322567,1,0.0,False,False
.o322568,1,0.0,False,False
.o322569,1,0.0,False,False
.o322570,1,0.0,False,False
.o322571,1,0.0,False,False
.o322572,1,0.0,False,False
.o322573,1,0.0,False,False
.o322574,1,0.0,False,False
.o322575,1,0.0,False,False
.o322576,1,0.0,False,False
.o322577,1,0.0,False,False
.o322578,1,0.0,False,False
.o322579,1,0.0,False,False
.o322580,1,0.0,False,False
.o322581,1,0.0,False,False
.e321378,1,0.0,False,False
.e321379,1,0.0,False,False
.e321380,1,0.0,False,False
.e321381,1,0.0,False,False
.e321382,1,0.0,False,False
.e321383,1,0.0,False,False
.e321384,1,0.0,False,False
.e321385,1,0.0,False,False
.e321386,1,0.0,False,False
.e321387,1,0.0,False,False
.e321388,1,0.0,False,False
.e321389,1,0.0,False,False
.e321390,1,0.0,False,False
.e321391,1,0.0,False,False
.e321392,1,0.0,False,False
.e321393,1,0.0,False,False
.e321394,1,0.0,False,False
.e321395,1,0.0,False,False
.e321396,1,0.0,False,False
.e321397,1,0.0,False,False
.o321378,1,0.0,False,False
.o321379,1,0.0,False,False
.o321380,1,0.0,False,False
.o321381,1,0.0,False,False
.o321382,1,0.0,False,False
.o321383,1,0.0,False,False
.o321384,1,0.0,False,False
.o321385,1,0.0,False,False
.o321386,1,0.0,False,False
.o321387,1,0.0,False,False
.o321388,1,0.0,False,False
.o321389,1,0.0,False,False
.o321390,1,0.0,False,False
.o321391,1,0.0,False,False
.o321392,1,0.0,False,False
.o321393,1,0.0,False,False
.o321394,1,0.0,False,False
.o321395,1,0.0,False,False
.o321396,1,0.0,False,False
.o321397,1,0.0,False,False
.e321358,1,0.0,False,False
.e321359,1,0.0,False,False
.e321360,1,0.0,False,False
.e321361,1,0.0,False,False
.e321362,1,0.0,False,False
.e321363,1,0.0,False,False
.e321364,1,0.0,False,False
.e321365,1,0.0,False,False
.e321366,1,0.0,False,False
.e321367,1,0.0,False,False
.e321368,1,0.0,False,False
.e321369,1,0.0,False,False
.e321370,1,0.0,False,False
.e321371,1,0.0,False,False
.e321372,1,0.0,False,False
.e321373,1,0.0,False,False
.e321374,1,0.0,False,False
.e321375,1,0.0,False,False
.e321376,1,0.0,False,False
.e321377,1,0.0,False,False
.o321358,1,0.0,False,False
.o321359,1,0.0,False,False
.o321360,1,0.0,False,False
.o321361,1,0.0,False,False
.o321362,1,0.0,False,False
.o321363,1,0.0,False,False
.o321364,1,0.0,False,False
.o321365,1,0.0,False,False
.o321366,1,0.0,False,False
.o321367,1,0.0,False,False
.o321368,1,0.0,False,False
.o321369,1,0.0,False,False
.o321370,1,0.0,False,False
.o321371,1,0.0,False,False
.o321372,1,0.0,False,False
.o321373,1,0.0,False,False
.o321374,1,0.0,False,False
.o321375,1,0.0,False,False
.o321376,1,0.0,False,False
.o321377,1,0.0,False,False
.e321338,1,0.0,False,False
.e321339,1,0.0,False,False
.e321340,1,0.0,False,False
.e321341,1,0.0,False,False
.e321342,1,0.0,False,False
.e321343,1,0.0,False,False
.e321344,1,0.0,False,False
.e321345,1,0.0,False,False
.e321346,1,0.0,False,False
.e321347,1,0.0,False,False
.e321348,1,0.0,False,False
.e321349,1,0.0,False,False
.e321350,1,0.0,False,False
.e321351,1,0.0,False,False
.e321352,1,0.0,False,False
.e321353,1,0.0,False,False
.e321354,1,0.0,False,False
.e321355,1,0.0,False,False
.e321356,1,0.0,False,False
.e321357,1,0.0,False,False
.o321338,1,0.0,False,False
.o321339,1,0.0,False,False
.o321340,1,0.0,False,False
.o321341,1,0.0,False,False
.o321342,1,0.0,False,False
.o321343,1,0.0,False,False
.o321344,1,0.0,False,False
.o321345,1,0.0,False,False
.o321346,1,0.0,False,False
.o321347,1,0.0,False,False
.o321348,1,0.0,False,False
.o321349,1,0.0,False,False
.o321350,1,0.0,False,False
.o321351,1,0.0,False,False
.o321352,1,0.0,False,False
.o321353,1,0.0,False,False
.o321354,1,0.0,False,False
.o321355,1,0.0,False,False
.o321356,1,0.0,False,False
.o321357,1,0.0,False,False
.e322872,1,0.0,False,False
.e322873,1,0.0,False,False
.e322874,1,0.0,False,False
.e322875,1,0.0,False,False
.e322876,1,0.0,False,False
.e322877,1,0.0,False,False
.e322878,1,0.0,False,False
.e322879,1,0.0,False,False
.e322880,1,0.0,False,False
.e322881,1,0.0,False,False
.e322882,1,0.0,False,False
.e322883,1,0.0,False,False
.e322884,1,0.0,False,False
.e322885,1,0.0,False,False
.e322886,1,0.0,False,False
.e322887,1,0.0,False,False
.e322888,1,0.0,False,False
.e322889,1,0.0,False,False
.e322890,1,0.0,False,False
.e322891,1,0.0,False,False
.o322872,1,0.0,False,False
.o322873,1,0.0,False,False
.o322874,1,0.0,False,False
.o322875,1,0.0,False,False
.o322876,1,0.0,False,False
.o322877,1,0.0,False,False
.o322878,1,0.0,False,False
.o322879,1,0.0,False,False
.o322880,1,0.0,False,False
.o322881,1,0.0,False,False
.o322882,1,0.0,False,False
.o322883,1,0.0,False,False
.o322884,1,0.0,False,False
.o322885,1,0.0,False,False
.o322886,1,0.0,False,False
.o322887,1,0.0,False,False
.o322888,1,0.0,False,False
.o322889,1,0.0,False,False
.o322890,1,0.0,False,False
.o322891,1,0.0,False,False
.e322894,1,0.0,False,False
.e322895,1,0.0,False,False
.e322896,1,0.0,False,False
.e322897,1,0.0,False,False
.e322898,1,0.0,False,False
.e322899,1,0.0,False,False
.e322900,1,0.0,False,False
.e322901,1,0.0,False,False
.e322902,1,0.0,False,False
.e322903,1,0.0,False,False
.e322904,1,0.0,False,False
.e322905,1,0.0,False,False
.e322906,1,0.0,False,False
.e322907,1,0.0,False,False
.e322908,1,0.0,False,False
.e322909,1,0.0,False,False
.e322910,1,0.0,False,False
.e322911,1,0.0,False,False
.e322912,1,0.0,False,False
.e322913,1,0.0,False,False
.o322894,1,0.0,False,False
.o322895,1,0.0,False,False
.o322896,1,0.0,False,False
.o322897,1,0.0,False,False
.o322898,1,0.0,False,False
.o322899,1,0.0,False,False
.o322900,1,0.0,False,False
.o322901,1,0.0,False,False
.o322902,1,0.0,False,False
.o322903,1,0.0,False,False
.o322904,1,0.0,False,False
.o322905,1,0.0,False,False
.o322906,1,0.0,False,False
.o322907,1,0.0,False,False
.o322908,1,0.0,False,False
.o322909,1,0.0,False,False
.o322910,1,0.0,False,False
.o322911,1,0.0,False,False
.o322912,1,0.0,False,False
.o322913,1,0.0,False,False
.e322914,1,0.0,False,False
.e322915,1,0.0,False,False
.e322916,1,0.0,False,False
.e322917,1,0.0,False,False
.e322918,1,0.0,False,False
.e322919,1,0.0,False,False
.e322920,1,0.0,False,False
.e322921,1,0.0,False,False
.e322922,1,0.0,False,False
.e322923,1,0.0,False,False
.e322924,1,0.0,False,False
.e322925,1,0.0,False,False
.e322926,1,0.0,False,False
.e322927,1,0.0,False,False
.e322928,1,0.0,False,False
.e322929,1,0.0,False,False
.e322930,1,0.0,False,False
.e322931,1,0.0,False,False
.e322932,1,0.0,False,False
.e322933,1,0.0,False,False
.o322914,1,0.0,False,False
.o322915,1,0.0,False,False
.o322916,1,0.0,False,False
.o322917,1,0.0,False,False
.o322918,1,0.0,False,False
.o322919,1,0.0,False,False
.o322920,1,0.0,False,False
.o322921,1,0.0,False,False
.o322922,1,0.0,False,False
.o322923,1,0.0,False,False
.o322924,1,0.0,False,False
.o322925,1,0.0,False,False
.o322926,1,0.0,False,False
.o322927,1,0.0,False,False
.o322928,1,0.0,False,False
.o322929,1,0.0,False,False
.o322930,1,0.0,False,False
.o322931,1,0.0,False,False
.o322932,1,0.0,False,False
.o322933,1,0.0,False,False
.e323340,1,0.0,False,False
.e323341,1,0.0,False,False
.e323342,1,0.0,False,False
.e323343,1,0.0,False,False
.e323344,1,0.0,False,False
.e323345,1,0.0,False,False
.e323346,1,0.0,False,False
.e323347,1,0.0,False,False
.e323348,1,0.0,False,False
.e323349,1,0.0,False,False
.e323350,1,0.0,False,False
.e323351,1,0.0,False,False
.e323352,1,0.0,False,False
.e323353,1,0.0,False,False
.e323354,1,0.0,False,False
.e323355,1,0.0,False,False
.e323356,1,0.0,False,False
.e323357,1,0.0,False,False
.e323358,1,0.0,False,False
.e323359,1,0.0,False,False
.o323340,1,0.0,False,False
.o323341,1,0.0,False,False
.o323342,1,0.0,False,False
.o323343,1,0.0,False,False
.o323344,1,0.0,False,False
.o323345,1,0.0,False,False
.o323346,1,0.0,False,False
.o323347,1,0.0,False,False
.o323348,1,0.0,False,False
.o323349,1,0.0,False,False
.o323350,1,0.0,False,False
.o323351,1,0.0,False,False
.o323352,1,0.0,False,False
.o323353,1,0.0,False,False
.o323354,1,0.0,False,False
.o323355,1,0.0,False,False
.o323356,1,0.0,False,False
.o323357,1,0.0,False,False
.o323358,1,0.0,False,False
.o323359,1,0.0,False,False
.e323360,1,0.0,False,False
.e323361,1,0.0,False,False
.e323362,1,0.0,False,False
.e323363,1,0.0,False,False
.e323364,1,0.0,False,False
.e323365,1,0.0,False,False
.e323366,1,0.0,False,False
.e323367,1,0.0,False,False
.e323368,1,0.0,False,False
.e323369,1,0.0,False,False
.e323370,1,0.0,False,False
.e323371,1,0.0,False,False
.e323372,1,0.0,False,False
.e323373,1,0.0,False,False
.e323374,1,0.0,False,False
.e323375,1,0.0,False,False
.e323376,1,0.0,False,False
.e323377,1,0.0,False,False
.e323378,1,0.0,False,False
.e323379,1,0.0,False,False
.o323360,1,0.0,False,False
.o323361,1,0.0,False,False
.o323362,1,0.0,False,False
.o323363,1,0.0,False,False
.o323364,1,0.0,False,False
.o323365,1,0.0,False,False
.o323366,1,0.0,False,False
.o323367,1,0.0,False,False
.o323368,1,0.0,False,False
.o323369,1,0.0,False,False
.o323370,1,0.0,False,False
.o323371,1,0.0,False,False
.o323372,1,0.0,False,False
.o323373,1,0.0,False,False
.o323374,1,0.0,False,False
.o323375,1,0.0,False,False
.o323376,1,0.0,False,False
.o323377,1,0.0,False,False
.o323378,1,0.0,False,False
.o323379,1,0.0,False,False
.e323380,1,0.0,False,False
.e323381,1,0.0,False,False
.e323382,1,0.0,False,False
.e323383,1,0.0,False,False
.e323384,1,0.0,False,False
.e323385,1,0.0,False,False
.e323386,1,0.0,False,False
.e323387,1,0.0,False,False
.e323388,1,0.0,False,False
.e323389,1,0.0,False,False
.e323390,1,0.0,False,False
.e323391,1,0.0,False,False
.e323392,1,0.0,False,False
.e323393,1,0.0,False,False
.e323394,1,0.0,False,False
.e323395,1,0.0,False,False
.e323396,1,0.0,False,False
.e323397,1,0.0,False,False
.e323398,1,0.0,False,False
.e323399,1,0.0,False,False
.o323380,1,0.0,False,False
.o323381,1,0.0,False,False
.o323382,1,0.0,False,False
.o323383,1,0.0,False,False
.o323384,1,0.0,False,False
.o323385,1,0.0,False,False
.o323386,1,0.0,False,False
.o323387,1,0.0,False,False
.o323388,1,0.0,False,False
.o323389,1,0.0,False,False
.o323390,1,0.0,False,False
.o323391,1,0.0,False,False
.o323392,1,0.0,False,False
.o323393,1,0.0,False,False
.o323394,1,0.0,False,False
.o323395,1,0.0,False,False
.o323396,1,0.0,False,False
.o323397,1,0.0,False,False
.o323398,1,0.0,False,False
.o323399,1,0.0,False,False
.e321642,1,0.0,False,False
.e321643,1,0.0,False,False
.e321644,1,0.0,False,False
.e321645,1,0.0,False,False
.e321646,1,0.0,False,False
.e321647,1,0.0,False,False
.e321648,1,0.0,False,False
.e321649,1,0.0,False,False
.e321650,1,0.0,False,False
.e321651,1,0.0,False,False
.e321652,1,0.0,False,False
.e321653,1,0.0,False,False
.e321654,1,0.0,False,False
.e321655,1,0.0,False,False
.e321656,1,0.0,False,False
.e321657,1,0.0,False,False
.e321658,1,0.0,False,False
.e321659,1,0.0,False,False
.e321660,1,0.0,False,False
.e321661,1,0.0,False,False
.o321642,1,0.0,False,False
.o321643,1,0.0,False,False
.o321644,1,0.0,False,False
.o321645,1,0.0,False,False
.o321646,1,0.0,False,False
.o321647,1,0.0,False,False
.o321648,1,0.0,False,False
.o321649,1,0.0,False,False
.o321650,1,0.0,False,False
.o321651,1,0.0,False,False
.o321652,1,0.0,False,False
.o321653,1,0.0,False,False
.o321654,1,0.0,False,False
.o321655,1,0.0,False,False
.o321656,1,0.0,False,False
.o321657,1,0.0,False,False
.o321658,1,0.0,False,False
.o321659,1,0.0,False,False
.o321660,1,0.0,False,False
.o321661,1,0.0,False,False
.e321662,1,0.0,False,False
.e321663,1,0.0,False,False
.e321664,1,0.0,False,False
.e321665,1,0.0,False,False
.e321666,1,0.0,False,False
.e321667,1,0.0,False,False
.e321668,1,0.0,False,False
.e321669,1,0.0,False,False
.e321670,1,0.0,False,False
.e321671,1,0.0,False,False
.e321672,1,0.0,False,False
.e321673,1,0.0,False,False
.e321674,1,0.0,False,False
.e321675,1,0.0,False,False
.e321676,1,0.0,False,False
.e321677,1,0.0,False,False
.e321678,1,0.0,False,False
.e321679,1,0.0,False,False
.e321680,1,0.0,False,False
.e321681,1,0.0,False,False
.o321662,1,0.0,False,False
.o321663,1,0.0,False,False
.o321664,1,0.0,False,False
.o321665,1,0.0,False,False
.o321666,1,0.0,False,False
.o321667,1,0.0,False,False
.o321668,1,0.0,False,False
.o321669,1,0.0,False,False
.o321670,1,0.0,False,False
.o321671,1,0.0,False,False
.o321672,1,0.0,False,False
.o321673,1,0.0,False,False
.o321674,1,0.0,False,False
.o321675,1,0.0,False,False
.o321676,1,0.0,False,False
.o321677,1,0.0,False,False
.o321678,1,0.0,False,False
.o321679,1,0.0,False,False
.o321680,1,0.0,False,False
.o321681,1,0.0,False,False
.e321682,1,0.0,False,False
.e321683,1,0.0,False,False
.e321684,1,0.0,False,False
.e321685,1,0.0,False,False
.e321686,1,0.0,False,False
.e321687,1,0.0,False,False
.e321688,1,0.0,False,False
.e321689,1,0.0,False,False
.e321690,1,0.0,False,False
.e321691,1,0.0,False,False
.e321692,1,0.0,False,False
.e321693,1,0.0,False,False
.e321694,1,0.0,False,False
.e321695,1,0.0,False,False
.e321696,1,0.0,False,False
.e321697,1,0.0,False,False
.e321698,1,0.0,False,False
.e321699,1,0.0,False,False
.e321700,1,0.0,False,False
.e321701,1,0.0,False,False
.o321682,1,0.0,False,False
.o321683,1,0.0,False,False
.o321684,1,0.0,False,False
.o321685,1,0.0,False,False
.o321686,1,0.0,False,False
.o321687,1,0.0,False,False
.o321688,1,0.0,False,False
.o321689,1,0.0,False,False
.o321690,1,0.0,False,False
.o321691,1,0.0,False,False
.o321692,1,0.0,False,False
.o321693,1,0.0,False,False
.o321694,1,0.0,False,False
.o321695,1,0.0,False,False
.o321696,1,0.0,False,False
.o321697,1,0.0,False,False
.o321698,1,0.0,False,False
.o321699,1,0.0,False,False
.o321700,1,0.0,False,False
.o321701,1,0.0,False,False
.ggid,1,0.0,False,False
.rdpid,1,0.0,False,False
.cons,1,0.0,False,False
.flanks,1,0.0,False,False
.v1,1,0.0,False,False
.v4,1,0.0,False,False
.v5,1,0.0,False,False
.v6,1,0.0,False,False
.v7,1,0.0,False,False
.v8,1,0.0,False,False
.v9,1,0.0,False,False
.smv,1,0.0,False,False
.gwy,1,0.0,False,False
.jpk,1,0.0,False,False
.jpk-qi-image,1,0.0,False,False
.spm1,1,0.0,False,False
.ibw,1,0.0,False,False
.petsc,1,0.0,False,False
.petsc_solver,1,0.0,False,False
.mgsat_rocker_ver,1,0.0,False,False
.decodat,1,0.0,False,False
.genes,1,0.0,False,False
.transcripts,1,0.0,False,False
.amazon,1,0.0,False,False
.cloud,1,0.0,False,False
.dirstruct,1,0.0,False,False
.lgpl,1,0.0,False,False
.csdp,1,0.0,False,False
.xds,1,0.0,False,False
.ape,1,0.0,False,False
.hghsc,1,0.0,False,False
.flexo_ddb,1,0.0,False,False
.quad_ddb,1,0.0,False,False
.forceconstant,1,0.0,False,False
.ssposcar,1,0.0,False,False
.ucposcar,1,0.0,False,False
.pdb1,1,0.0,False,False
.fuzzy,1,0.0,False,False
.matout,1,0.0,False,False
.hyer,1,0.0,False,False
.dragonegg,1,0.0,False,False
.confidence,1,0.0,False,False
.hist1d,1,0.0,False,False
.sed_samples,1,0.0,False,False
.synthesis,1,0.0,False,False
.tada,1,0.0,False,False
.out1,1,0.0,False,False
.out2,1,0.0,False,False
.dif,1,0.0,False,False
.o3dtgz,1,0.0,False,False
.o3d,1,0.0,False,False
.csdl,1,0.0,False,False
.msl,1,0.0,False,False
.ssdl,1,0.0,False,False
.discomap,1,0.0,False,False
.pelec,1,0.0,False,False
.gdiag,1,0.0,False,False
.pup,1,0.0,False,False
.clp,1,0.0,False,False
.contrib,1,0.0,False,False
.dj2,1,0.0,False,False
.riscos,1,0.0,False,False
.os2,1,0.0,False,False
.qpg,1,0.0,False,False
.c00,1,0.0,False,False
.a01,1,0.0,False,False
.a02,1,0.0,False,False
.a03,1,0.0,False,False
.a04,1,0.0,False,False
.a05,1,0.0,False,False
.r00,1,0.0,False,False
.r01,1,0.0,False,False
.r02,1,0.0,False,False
.r03,1,0.0,False,False
.r04,1,0.0,False,False
.r05,1,0.0,False,False
.zst,1,0.0,False,False
.zx01,1,0.0,False,False
.pog,1,0.0,False,False
.psi,1,0.0,False,False
.lc,1,0.0,False,False
.db_worker,1,0.0,False,False
.requirements,1,0.0,False,False
.ns_are_zero,1,0.0,False,False
.allreadscounts,1,0.0,False,False
.find_potentialssr,1,0.0,False,False
.final_primer_ssrs,1,0.0,False,False
.designer_primer,1,0.0,False,False
.primer_filter,1,0.0,False,False
.blast_parse,1,0.0,False,False
.primer_pair_generater,1,0.0,False,False
.intermediate_primer_finder,1,0.0,False,False
.ssr_product,1,0.0,False,False
.ssr_filter,1,0.0,False,False
.input for part3,1,0.0,False,False
.isfdp,1,0.0,False,False
.csc,1,0.0,False,False
.rec,1,0.0,False,False
.kh,1,0.0,False,False
.kl,1,0.0,False,False
.msp,1,0.0,False,False
.nocuda,1,0.0,False,False
.cc3d,1,0.0,False,False
.buildconda,1,0.0,False,False
.devcontainer,1,0.0,False,False
.parse,1,0.0,False,False
.tbt,1,0.0,False,False
.tpm,1,0.0,False,False
.magic,1,0.0,False,False
.ftb,1,0.0,False,False
.qrel,1,0.0,False,False
.ini-dist-multistore,1,0.0,False,False
.ini-dist-mysql,1,0.0,False,False
.ini-dist-stardog,1,0.0,False,False
.ini-dist-virtuoso,1,0.0,False,False
.pxml,1,0.0,False,False
.dhc,1,0.0,False,False
.odd,1,0.0,False,False
.gct,1,0.0,False,False
.desp,1,0.0,False,False
.source-map,1,0.0,False,False
.ocg,1,0.0,False,False
.pcg,1,0.0,False,False
.rtex,1,0.0,False,False
.tr,1,0.0,False,False
.pof,1,0.0,False,False
.qpf,1,0.0,False,False
.qsf,1,0.0,False,False
.qws,1,0.0,False,False
.llb,1,0.0,False,False
.gtype,1,0.0,False,False
.gvi,1,0.0,False,False
.lvcodedb,1,0.0,False,False
.lvproject,1,0.0,False,False
.lvprojectcache,1,0.0,False,False
.constraints,1,0.0,False,False
.jkl,1,0.0,False,False
.xml#,1,0.0,False,False
.nopdos,1,0.0,False,False
.nohash,1,0.0,False,False
.vasp2w90,1,0.0,False,False
.converged,1,0.0,False,False
.nelm-breach-consistent,1,0.0,False,False
.nelm-breach-partial,1,0.0,False,False
.not-converged,1,0.0,False,False
.unfinished,1,0.0,False,False
.aiida,1,0.0,False,False
.hh#,1,0.0,False,False
.unw,1,0.0,False,False
.pwhg,1,0.0,False,False
.autoconf,1,0.0,False,False
.cygwin,1,0.0,False,False
.bigslow,1,0.0,False,False
.shih,1,0.0,False,False
.smallbutbad,1,0.0,False,False
.dpy,1,0.0,False,False
.resource,1,0.0,False,False
.nodbobjects,1,0.0,False,False
.noschema,1,0.0,False,False
.dir_manifest,1,0.0,False,False
.harvest_params_incomplete,1,0.0,False,False
.recursive_harvest_params,1,0.0,False,False
.unknown_file_extension,1,0.0,False,False
.xml_template,1,0.0,False,False
.kernel_versions,1,0.0,False,False
.tab2,1,0.0,False,False
.xl_stis,1,0.0,False,False
.bpe,1,0.0,False,False
.xml2,1,0.0,False,False
.release_notes,1,0.0,False,False
.release_procedure,1,0.0,False,False
.sel,1,0.0,False,False
.api_key,1,0.0,False,False
.molfit,1,0.0,False,False
.py2,1,0.0,False,False
.nonblocking_tests,1,0.0,False,False
.openmp,1,0.0,False,False
.info-1,1,0.0,False,False
.info-2,1,0.0,False,False
.info-3,1,0.0,False,False
.info-4,1,0.0,False,False
.info-5,1,0.0,False,False
.ligshift,1,0.0,False,False
.mcrecursion,1,0.0,False,False
.mol2_rmsd,1,0.0,False,False
.e23022,1,0.0,False,False
.charge,1,0.0,False,False
.e23030,1,0.0,False,False
.e23034,1,0.0,False,False
.phpstub,1,0.0,False,False
.gwa,1,0.0,False,False
.to,1,0.0,False,False
.gwg,1,0.0,False,False
.cdr,1,0.0,False,False
.frontend,1,0.0,False,False
.notebook,1,0.0,False,False
.usb,1,0.0,False,False
.initiatoriqn,1,0.0,False,False
.ifn,1,0.0,False,False
.pat,1,0.0,False,False
.chw,1,0.0,False,False
.upx,1,0.0,False,False
.epub,1,0.0,False,False
.dmr,1,0.0,False,False
.mldatx,1,0.0,False,False
.force,1,0.0,False,False
.dhcpc,1,0.0,False,False
.hello-world,1,0.0,False,False
.resolv,1,0.0,False,False
.smtp,1,0.0,False,False
.telnetd,1,0.0,False,False
.webclient,1,0.0,False,False
.webserver,1,0.0,False,False
.ntpl,1,0.0,False,False
.moloch,1,0.0,False,False
.ja4,1,0.0,False,False
.bro,1,0.0,False,False
.aarch64_debug,1,0.0,False,False
.armv7,1,0.0,False,False
.armv7_debug,1,0.0,False,False
.x86_64_debug,1,0.0,False,False
.vsspell,1,0.0,False,False
.rda?raw=true,1,0.0,False,False
.n,1,0.0,False,False
.n_f,1,0.0,False,False
.n_m,1,0.0,False,False
.n_n,1,0.0,False,False
.part,1,0.0,False,False
.edu,1,0.0,False,False
.github,1,0.0,False,False
.anno_input,1,0.0,False,False
.tkt,1,0.0,False,False
.a0,1,0.0,False,False
.a0poster,1,0.0,False,False
.rrna,1,0.0,False,False
.zraw,1,0.0,False,False
.bsub,1,0.0,False,False
.maestro,1,0.0,False,False
.40960,1,0.0,False,False
.25600,1,0.0,False,False
.uniform,1,0.0,False,False
.2048,1,0.0,False,False
.hotcutoff,1,0.0,False,False
.2levels_onegrid,1,0.0,False,False
.1920,1,0.0,False,False
.3840,1,0.0,False,False
.7680,1,0.0,False,False
.dx_6cm,1,0.0,False,False
.coulomb,1,0.0,False,False
.e-4,1,0.0,False,False
.e5,1,0.0,False,False
.e6,1,0.0,False,False
.gammalaw,1,0.0,False,False
.helmeos,1,0.0,False,False
.tutorial,1,0.0,False,False
.3alpha_plus_o,1,0.0,False,False
.aprox13,1,0.0,False,False
.ignition,1,0.0,False,False
.mesa_carbon,1,0.0,False,False
.reaclib_cburn,1,0.0,False,False
.reaclib_ctest,1,0.0,False,False
.reaclib_ctest_null,1,0.0,False,False
.reaclib_urca,1,0.0,False,False
.reaclib_urca_trans,1,0.0,False,False
.xrb_simple,1,0.0,False,False
.timestamp,1,0.0,False,False
.ad,1,0.0,False,False
.ag,1,0.0,False,False
.ah,1,0.0,False,False
.postgresql,1,0.0,False,False
.bt,1,0.0,False,False
.pk3,1,0.0,False,False
.catalyst,1,0.0,False,False
.ios11_xcode94,1,0.0,False,False
.ios12_xcode10,1,0.0,False,False
.ios13_xcode11,1,0.0,False,False
.tvos13_xcode11,1,0.0,False,False
.commits,1,0.0,False,False
.small_molecule_filter,1,0.0,False,False
.ubiquitous_filter,1,0.0,False,False
.xml___jb_tmp___,1,0.0,False,False
.xmind,1,0.0,False,False
.coal,1,0.0,False,False
.haps,1,0.0,False,False
.traj,1,0.0,False,False
.awf,1,0.0,False,False
.icon,1,0.0,False,False
.alida,1,0.0,False,False
.tle,1,0.0,False,False
.rk-opt,1,0.0,False,False
.jucer,1,0.0,False,False
.kdev4,1,0.0,False,False
.seek,1,0.0,False,False
.seeks,1,0.0,False,False
.flashsim,1,0.0,False,False
.queue,1,0.0,False,False
.hsc,1,0.0,False,False
.pst,1,0.0,False,False
.tsv#,1,0.0,False,False
.dst,1,0.0,False,False
.ppg,1,0.0,False,False
.pnproj,1,0.0,False,False
.pnps,1,0.0,False,False
.my,1,0.0,False,False
.atsln,1,0.0,False,False
.vcm,1,0.0,False,False
.mlb,1,0.0,False,False
.valgrind,1,0.0,False,False
.cols,1,0.0,False,False
.lb,1,0.0,False,False
.ub,1,0.0,False,False
.fastsa,1,0.0,False,False
.multiseq,1,0.0,False,False
.nunit,1,0.0,False,False
.dar,1,0.0,False,False
.vsct,1,0.0,False,False
.smirks,1,0.0,False,False
.gplv2,1,0.0,False,False
.3dmbak,1,0.0,False,False
.li,1,0.0,False,False
.inria,1,0.0,False,False
.mlr,1,0.0,False,False
.pfsx,1,0.0,False,False
.364747031,1,0.0,False,False
.787741842,1,0.0,False,False
.182990609,1,0.0,False,False
.moccpp,1,0.0,False,False
.work,1,0.0,False,False
.macintosh,1,0.0,False,False
.cfg-sample,1,0.0,False,False
.spimtx,1,0.0,False,False
.icm,1,0.0,False,False
.vf,1,0.0,False,False
.m3d,1,0.0,False,False
.cppclean,1,0.0,False,False
.extension,1,0.0,False,False
.bgfreq,1,0.0,False,False
.jl~,1,0.0,False,False
.gdb,1,0.0,False,False
.tadbit,1,0.0,False,False
.qs,1,0.0,False,False
.hidden,1,0.0,False,False
.bad,1,0.0,False,False
.ok,1,0.0,False,False
.altazb,1,0.0,False,False
.fen,1,0.0,False,False
.lsm,1,0.0,False,False
.affix,1,0.0,False,False
.constituent-knowledge,1,0.0,False,False
.dialect,1,0.0,False,False
.knowledge,1,0.0,False,False
.goddesses,1,0.0,False,False
.gods,1,0.0,False,False
.people,1,0.0,False,False
.prof,1,0.0,False,False
.gerund,1,0.0,False,False
.cbf,1,0.0,False,False
.tsv ,1,0.0,False,False
.large,1,0.0,False,False
.medium,1,0.0,False,False
.sli,1,0.0,False,False
.rnw#,1,0.0,False,False
.sublime-settings,1,0.0,False,False
.licenseheader,1,0.0,False,False
.profiling,1,0.0,False,False
.sents,1,0.0,False,False
.14c,1,0.0,False,False
.relm,1,0.0,False,False
.sch-bak,1,0.0,False,False
.kicad_wks,1,0.0,False,False
.all-data,1,0.0,False,False
.cb2,1,0.0,False,False
.ano,1,0.0,False,False
.ano~,1,0.0,False,False
.egg-info,1,0.0,False,False
.inofunctiontest,1,0.0,False,False
.cdx,1,0.0,False,False
.trec_eval,1,0.0,False,False
.12-config,1,0.0,False,False
.tact,1,0.0,False,False
.tolk,1,0.0,False,False
.qcow2,1,0.0,False,False
.exe_here_,1,0.0,False,False
.mlpkginstall,1,0.0,False,False
.guesser,1,0.0,False,False
.twoc,1,0.0,False,False
.phmc,1,0.0,False,False
.plugin,1,0.0,False,False
.rs3,1,0.0,False,False
.lock_old,1,0.0,False,False
.buildnetwork,1,0.0,False,False
.elevator,1,0.0,False,False
.exf,1,0.0,False,False
.ordering,1,0.0,False,False
.clq,1,0.0,False,False
.min,1,0.0,False,False
.js#,1,0.0,False,False
.mln,1,0.0,False,False
.ewkt,1,0.0,False,False
.wkb,1,0.0,False,False
.css_,1,0.0,False,False
.20150916010329,1,0.0,False,False
.20150916010433,1,0.0,False,False
.d6,1,0.0,False,False
.emu,1,0.0,False,False
.hole2grid,1,0.0,False,False
.picks,1,0.0,False,False
.modifierrules,1,0.0,False,False
.ab1,1,0.0,False,False
.build_instructions,1,0.0,False,False
.vrmanifest,1,0.0,False,False
.gm1,1,0.0,False,False
